file,json_pointer,data_type,name,source,page,srd_5_1,srd_5_1_alias,srd_5_2,srd_5_2_alias,translatable_string_count
data/actions.json,/action/0,action,Activate an Item,DMG,141,true,,false,,13
data/actions.json,/action/1,action,Attack,PHB,192,true,,false,,4
data/actions.json,/action/2,action,Attack,XPHB,361,false,,true,,6
data/actions.json,/action/3,action,Cast a Spell,PHB,192,true,,false,,2
data/actions.json,/action/5,action,Dash,PHB,192,true,,false,,3
data/actions.json,/action/6,action,Dash,XPHB,365,false,,true,,3
data/actions.json,/action/8,action,Disengage,PHB,192,true,,false,,2
data/actions.json,/action/9,action,Disengage,XPHB,366,false,,true,,2
data/actions.json,/action/10,action,Dodge,PHB,192,true,,false,,2
data/actions.json,/action/11,action,Dodge,XPHB,366,false,,true,,3
data/actions.json,/action/12,action,Don or Doff a Shield,PHB,146,true,,false,,2
data/actions.json,/action/13,action,Don or Doff a Shield,XPHB,219,false,,true,,2
data/actions.json,/action/14,action,End Concentration,PHB,203,true,,false,,2
data/actions.json,/action/15,action,End Concentration,XPHB,363,false,,true,,2
data/actions.json,/action/16,action,Escape a Grapple,PHB,195,true,,false,,2
data/actions.json,/action/17,action,Escape a Grapple,XPHB,367,false,,true,,2
data/actions.json,/action/18,action,Grapple,PHB,195,true,,false,,5
data/actions.json,/action/20,action,Help,PHB,192,true,,false,,3
data/actions.json,/action/21,action,Help,XPHB,368,false,,true,,7
data/actions.json,/action/22,action,Hide,PHB,192,true,,false,,2
data/actions.json,/action/23,action,Hide,XPHB,368,false,,true,,4
data/actions.json,/action/28,action,Magic,XPHB,371,false,,true,,3
data/actions.json,/action/30,action,Opportunity Attack,PHB,195,true,,false,,4
data/actions.json,/action/31,action,Opportunity Attack,XPHB,371,false,,true,,2
data/actions.json,/action/32,action,Other Activity,PHB,190,true,,false,,29
data/actions.json,/action/34,action,Ready,PHB,193,true,,false,,6
data/actions.json,/action/35,action,Ready,XPHB,372,false,,true,,5
data/actions.json,/action/36,action,Search,PHB,193,true,,false,,2
data/actions.json,/action/37,action,Search,XPHB,373,false,,true,,13
data/actions.json,/action/38,action,Shove,PHB,195,true,,false,,3
data/actions.json,/action/40,action,Stabilize a Creature,PHB,197,true,,false,,3
data/actions.json,/action/43,action,Two-Weapon Fighting,PHB,195,true,,false,,3
data/actions.json,/action/44,action,Two-Weapon Fighting,XPHB,213,false,,true,,2
data/actions.json,/action/45,action,Use an Object,PHB,193,true,,false,,2
data/actions.json,/action/46,action,Utilize,XPHB,377,false,,true,,2
data/backgrounds.json,/background/1,background,Acolyte,PHB,127,true,,false,,72
data/backgrounds.json,/background/2,background,Acolyte,XPHB,178,false,,true,,11
data/backgrounds.json,/background/36,background,Criminal,XPHB,180,false,,true,,11
data/backgrounds.json,/background/125,background,Sage,XPHB,183,false,,true,,11
data/backgrounds.json,/background/137,background,Soldier,XPHB,185,false,,true,,11
data/bestiary/bestiary-dmg.json,/monster/0,monster,Avatar of Death,DMG,164,true,,false,,7
data/bestiary/bestiary-mm.json,/monster/1,monster,Aboleth,MM,13,true,,false,,23
data/bestiary/bestiary-mm.json,/monster/3,monster,Acolyte,MM,342,true,,false,,5
data/bestiary/bestiary-mm.json,/monster/4,monster,Adult Black Dragon,MM,88,true,,false,,45
data/bestiary/bestiary-mm.json,/monster/6,monster,Adult Blue Dragon,MM,91,true,,false,,45
data/bestiary/bestiary-mm.json,/monster/7,monster,Adult Brass Dragon,MM,105,true,,false,,53
data/bestiary/bestiary-mm.json,/monster/8,monster,Adult Bronze Dragon,MM,108,true,,false,,56
data/bestiary/bestiary-mm.json,/monster/9,monster,Adult Copper Dragon,MM,112,true,,false,,51
data/bestiary/bestiary-mm.json,/monster/10,monster,Adult Gold Dragon,MM,114,true,,false,,59
data/bestiary/bestiary-mm.json,/monster/11,monster,Adult Green Dragon,MM,94,true,,false,,45
data/bestiary/bestiary-mm.json,/monster/12,monster,Adult Red Dragon,MM,98,true,,false,,46
data/bestiary/bestiary-mm.json,/monster/13,monster,Adult Silver Dragon,MM,117,true,,false,,54
data/bestiary/bestiary-mm.json,/monster/14,monster,Adult White Dragon,MM,101,true,,false,,47
data/bestiary/bestiary-mm.json,/monster/15,monster,Air Elemental,MM,124,true,,false,,10
data/bestiary/bestiary-mm.json,/monster/17,monster,Ancient Black Dragon,MM,87,true,,false,,45
data/bestiary/bestiary-mm.json,/monster/18,monster,Ancient Blue Dragon,MM,90,true,,false,,45
data/bestiary/bestiary-mm.json,/monster/19,monster,Ancient Brass Dragon,MM,104,true,,false,,56
data/bestiary/bestiary-mm.json,/monster/20,monster,Ancient Bronze Dragon,MM,107,true,,false,,56
data/bestiary/bestiary-mm.json,/monster/21,monster,Ancient Copper Dragon,MM,110,true,,false,,54
data/bestiary/bestiary-mm.json,/monster/22,monster,Ancient Gold Dragon,MM,113,true,,false,,59
data/bestiary/bestiary-mm.json,/monster/23,monster,Ancient Green Dragon,MM,93,true,,false,,45
data/bestiary/bestiary-mm.json,/monster/24,monster,Ancient Red Dragon,MM,97,true,,false,,46
data/bestiary/bestiary-mm.json,/monster/25,monster,Ancient Silver Dragon,MM,116,true,,false,,54
data/bestiary/bestiary-mm.json,/monster/26,monster,Ancient White Dragon,MM,100,true,,false,,47
data/bestiary/bestiary-mm.json,/monster/27,monster,Androsphinx,MM,281,true,,false,,26
data/bestiary/bestiary-mm.json,/monster/28,monster,Animated Armor,MM,19,true,,false,,9
data/bestiary/bestiary-mm.json,/monster/29,monster,Ankheg,MM,21,true,,false,,5
data/bestiary/bestiary-mm.json,/monster/31,monster,Ape,MM,317,true,,false,,7
data/bestiary/bestiary-mm.json,/monster/33,monster,Archmage,MM,342,true,,false,,10
data/bestiary/bestiary-mm.json,/monster/34,monster,Assassin,MM,343,true,,false,,13
data/bestiary/bestiary-mm.json,/monster/35,monster,Awakened Shrub,MM,317,true,,false,,5
data/bestiary/bestiary-mm.json,/monster/36,monster,Awakened Tree,MM,317,true,,false,,5
data/bestiary/bestiary-mm.json,/monster/37,monster,Axe Beak,MM,317,true,,false,,3
data/bestiary/bestiary-mm.json,/monster/38,monster,Azer,MM,22,true,,false,,9
data/bestiary/bestiary-mm.json,/monster/39,monster,Baboon,MM,318,true,,false,,5
data/bestiary/bestiary-mm.json,/monster/40,monster,Badger,MM,318,true,,false,,5
data/bestiary/bestiary-mm.json,/monster/41,monster,Balor,MM,55,true,,false,,22
data/bestiary/bestiary-mm.json,/monster/42,monster,Bandit,MM,343,true,,false,,7
data/bestiary/bestiary-mm.json,/monster/43,monster,Bandit Captain,MM,344,true,,false,,10
data/bestiary/bestiary-mm.json,/monster/45,monster,Barbed Devil,MM,70,true,,false,,20
data/bestiary/bestiary-mm.json,/monster/47,monster,Basilisk,MM,24,true,,false,,7
data/bestiary/bestiary-mm.json,/monster/48,monster,Bat,MM,318,true,,false,,7
data/bestiary/bestiary-mm.json,/monster/49,monster,Bearded Devil,MM,70,true,,false,,18
data/bestiary/bestiary-mm.json,/monster/50,monster,Behir,MM,25,true,,false,,12
data/bestiary/bestiary-mm.json,/monster/53,monster,Berserker,MM,344,true,,false,,6
data/bestiary/bestiary-mm.json,/monster/54,monster,Black Bear,MM,318,true,,false,,9
data/bestiary/bestiary-mm.json,/monster/55,monster,Black Dragon Wyrmling,MM,88,true,,false,,28
data/bestiary/bestiary-mm.json,/monster/56,monster,Black Pudding,MM,241,true,,false,,11
data/bestiary/bestiary-mm.json,/monster/57,monster,Blink Dog,MM,318,true,,false,,7
data/bestiary/bestiary-mm.json,/monster/58,monster,Blood Hawk,MM,319,true,,false,,7
data/bestiary/bestiary-mm.json,/monster/59,monster,Blue Dragon Wyrmling,MM,91,true,,false,,29
data/bestiary/bestiary-mm.json,/monster/61,monster,Boar,MM,319,true,,false,,7
data/bestiary/bestiary-mm.json,/monster/62,monster,Bone Devil,MM,71,true,,false,,23
data/bestiary/bestiary-mm.json,/monster/65,monster,Brass Dragon Wyrmling,MM,106,true,,false,,36
data/bestiary/bestiary-mm.json,/monster/66,monster,Bronze Dragon Wyrmling,MM,109,true,,false,,37
data/bestiary/bestiary-mm.json,/monster/67,monster,Brown Bear,MM,319,true,,false,,9
data/bestiary/bestiary-mm.json,/monster/68,monster,Bugbear,MM,33,true,,false,,9
data/bestiary/bestiary-mm.json,/monster/70,monster,Bulette,MM,34,true,,false,,7
data/bestiary/bestiary-mm.json,/monster/73,monster,Camel,MM,320,true,,false,,3
data/bestiary/bestiary-mm.json,/monster/75,monster,Cat,MM,320,true,,false,,5
data/bestiary/bestiary-mm.json,/monster/77,monster,Centaur,MM,38,true,,false,,11
data/bestiary/bestiary-mm.json,/monster/78,monster,Chain Devil,MM,72,true,,false,,14
data/bestiary/bestiary-mm.json,/monster/80,monster,Chimera,MM,39,true,,false,,11
data/bestiary/bestiary-mm.json,/monster/81,monster,Chuul,MM,40,true,,false,,11
data/bestiary/bestiary-mm.json,/monster/82,monster,Clay Golem,MM,168,true,,false,,17
data/bestiary/bestiary-mm.json,/monster/83,monster,Cloaker,MM,41,true,,false,,19
data/bestiary/bestiary-mm.json,/monster/84,monster,Cloud Giant,MM,154,true,,false,,18
data/bestiary/bestiary-mm.json,/monster/85,monster,Cockatrice,MM,42,true,,false,,3
data/bestiary/bestiary-mm.json,/monster/86,monster,Commoner,MM,345,true,,false,,4
data/bestiary/bestiary-mm.json,/monster/87,monster,Constrictor Snake,MM,320,true,,false,,5
data/bestiary/bestiary-mm.json,/monster/88,monster,Copper Dragon Wyrmling,MM,111,true,,false,,34
data/bestiary/bestiary-mm.json,/monster/89,monster,Couatl,MM,43,true,,false,,14
data/bestiary/bestiary-mm.json,/monster/90,monster,Crab,MM,320,true,,false,,5
data/bestiary/bestiary-mm.json,/monster/92,monster,Crocodile,MM,320,true,,false,,5
data/bestiary/bestiary-mm.json,/monster/93,monster,Cult Fanatic,MM,345,true,,false,,10
data/bestiary/bestiary-mm.json,/monster/94,monster,Cultist,MM,345,true,,false,,7
data/bestiary/bestiary-mm.json,/monster/97,monster,Darkmantle,MM,46,true,,false,,11
data/bestiary/bestiary-mm.json,/monster/98,monster,Death Dog,MM,321,true,,false,,7
data/bestiary/bestiary-mm.json,/monster/102,monster,Deep Gnome (Svirfneblin),MM,164,true,,false,,12
data/bestiary/bestiary-mm.json,/monster/103,monster,Deer,MM,321,true,,false,,3
data/bestiary/bestiary-mm.json,/monster/105,monster,Deva,MM,16,true,,false,,16
data/bestiary/bestiary-mm.json,/monster/106,monster,Dire Wolf,MM,321,true,,false,,7
data/bestiary/bestiary-mm.json,/monster/108,monster,Djinni,MM,144,true,,false,,26
data/bestiary/bestiary-mm.json,/monster/109,monster,Doppelganger,MM,82,true,,false,,13
data/bestiary/bestiary-mm.json,/monster/110,monster,Draft Horse,MM,321,true,,false,,3
data/bestiary/bestiary-mm.json,/monster/111,monster,Dragon Turtle,MM,119,true,,false,,13
data/bestiary/bestiary-mm.json,/monster/112,monster,Dretch,MM,57,true,,false,,9
data/bestiary/bestiary-mm.json,/monster/113,monster,Drider,MM,120,true,,false,,30
data/bestiary/bestiary-mm.json,/monster/114,monster,Drow,MM,128,true,,false,,19
data/bestiary/bestiary-mm.json,/monster/118,monster,Druid,MM,346,true,,false,,6
data/bestiary/bestiary-mm.json,/monster/119,monster,Dryad,MM,121,true,,false,,15
data/bestiary/bestiary-mm.json,/monster/120,monster,Duergar,MM,122,true,,false,,13
data/bestiary/bestiary-mm.json,/monster/122,monster,Dust Mephit,MM,215,true,,false,,12
data/bestiary/bestiary-mm.json,/monster/123,monster,Eagle,MM,322,true,,false,,5
data/bestiary/bestiary-mm.json,/monster/124,monster,Earth Elemental,MM,124,true,,false,,9
data/bestiary/bestiary-mm.json,/monster/125,monster,Efreeti,MM,145,true,,false,,25
data/bestiary/bestiary-mm.json,/monster/126,monster,Elephant,MM,322,true,,false,,7
data/bestiary/bestiary-mm.json,/monster/127,monster,Elk,MM,322,true,,false,,7
data/bestiary/bestiary-mm.json,/monster/129,monster,Erinyes,MM,73,true,,false,,25
data/bestiary/bestiary-mm.json,/monster/130,monster,Ettercap,MM,131,true,,false,,18
data/bestiary/bestiary-mm.json,/monster/131,monster,Ettin,MM,132,true,,false,,11
data/bestiary/bestiary-mm.json,/monster/139,monster,Fire Elemental,MM,125,true,,false,,11
data/bestiary/bestiary-mm.json,/monster/140,monster,Fire Giant,MM,154,true,,false,,14
data/bestiary/bestiary-mm.json,/monster/143,monster,Flesh Golem,MM,169,true,,false,,18
data/bestiary/bestiary-mm.json,/monster/145,monster,Flying Snake,MM,322,true,,false,,5
data/bestiary/bestiary-mm.json,/monster/146,monster,Flying Sword,MM,20,true,,false,,7
data/bestiary/bestiary-mm.json,/monster/148,monster,Frog,MM,322,true,,false,,5
data/bestiary/bestiary-mm.json,/monster/149,monster,Frost Giant,MM,155,true,,false,,12
data/bestiary/bestiary-mm.json,/monster/151,monster,Gargoyle,MM,140,true,,false,,9
data/bestiary/bestiary-mm.json,/monster/153,monster,Gelatinous Cube,MM,242,true,,false,,15
data/bestiary/bestiary-mm.json,/monster/154,monster,Ghast,MM,148,true,,false,,10
data/bestiary/bestiary-mm.json,/monster/155,monster,Ghost,MM,147,true,,false,,14
data/bestiary/bestiary-mm.json,/monster/156,monster,Ghoul,MM,148,true,,false,,6
data/bestiary/bestiary-mm.json,/monster/157,monster,Giant Ape,MM,323,true,,false,,7
data/bestiary/bestiary-mm.json,/monster/158,monster,Giant Badger,MM,323,true,,false,,9
data/bestiary/bestiary-mm.json,/monster/159,monster,Giant Bat,MM,323,true,,false,,7
data/bestiary/bestiary-mm.json,/monster/160,monster,Giant Boar,MM,323,true,,false,,7
data/bestiary/bestiary-mm.json,/monster/161,monster,Giant Centipede,MM,323,true,,false,,3
data/bestiary/bestiary-mm.json,/monster/162,monster,Giant Constrictor Snake,MM,324,true,,false,,5
data/bestiary/bestiary-mm.json,/monster/163,monster,Giant Crab,MM,324,true,,false,,5
data/bestiary/bestiary-mm.json,/monster/164,monster,Giant Crocodile,MM,324,true,,false,,9
data/bestiary/bestiary-mm.json,/monster/165,monster,Giant Eagle,MM,324,true,,false,,9
data/bestiary/bestiary-mm.json,/monster/166,monster,Giant Elk,MM,325,true,,false,,7
data/bestiary/bestiary-mm.json,/monster/167,monster,Giant Fire Beetle,MM,325,true,,false,,5
data/bestiary/bestiary-mm.json,/monster/168,monster,Giant Frog,MM,325,true,,false,,9
data/bestiary/bestiary-mm.json,/monster/169,monster,Giant Goat,MM,326,true,,false,,7
data/bestiary/bestiary-mm.json,/monster/170,monster,Giant Hyena,MM,326,true,,false,,5
data/bestiary/bestiary-mm.json,/monster/171,monster,Giant Lizard,MM,326,true,,false,,14
data/bestiary/bestiary-mm.json,/monster/172,monster,Giant Octopus,MM,326,true,,false,,11
data/bestiary/bestiary-mm.json,/monster/173,monster,Giant Owl,MM,327,true,,false,,7
data/bestiary/bestiary-mm.json,/monster/174,monster,Giant Poisonous Snake,MM,327,true,,false,,3
data/bestiary/bestiary-mm.json,/monster/175,monster,Giant Rat,MM,327,true,,false,,14
data/bestiary/bestiary-mm.json,/monster/176,monster,Giant Scorpion,MM,327,true,,false,,7
data/bestiary/bestiary-mm.json,/monster/177,monster,Giant Sea Horse,MM,328,true,,false,,7
data/bestiary/bestiary-mm.json,/monster/178,monster,Giant Shark,MM,328,true,,false,,7
data/bestiary/bestiary-mm.json,/monster/179,monster,Giant Spider,MM,328,true,,false,,11
data/bestiary/bestiary-mm.json,/monster/180,monster,Giant Toad,MM,329,true,,false,,10
data/bestiary/bestiary-mm.json,/monster/181,monster,Giant Vulture,MM,329,true,,false,,11
data/bestiary/bestiary-mm.json,/monster/182,monster,Giant Wasp,MM,329,true,,false,,3
data/bestiary/bestiary-mm.json,/monster/183,monster,Giant Weasel,MM,329,true,,false,,5
data/bestiary/bestiary-mm.json,/monster/184,monster,Giant Wolf Spider,MM,330,true,,false,,9
data/bestiary/bestiary-mm.json,/monster/185,monster,Gibbering Mouther,MM,157,true,,false,,11
data/bestiary/bestiary-mm.json,/monster/190,monster,Glabrezu,MM,58,true,,false,,16
data/bestiary/bestiary-mm.json,/monster/191,monster,Gladiator,MM,346,true,,false,,13
data/bestiary/bestiary-mm.json,/monster/192,monster,Gnoll,MM,163,true,,false,,9
data/bestiary/bestiary-mm.json,/monster/195,monster,Goat,MM,330,true,,false,,7
data/bestiary/bestiary-mm.json,/monster/196,monster,Goblin,MM,166,true,,false,,8
data/bestiary/bestiary-mm.json,/monster/198,monster,Gold Dragon Wyrmling,MM,115,true,,false,,39
data/bestiary/bestiary-mm.json,/monster/199,monster,Gorgon,MM,171,true,,false,,9
data/bestiary/bestiary-mm.json,/monster/201,monster,Gray Ooze,MM,243,true,,false,,18
data/bestiary/bestiary-mm.json,/monster/203,monster,Green Dragon Wyrmling,MM,95,true,,false,,28
data/bestiary/bestiary-mm.json,/monster/204,monster,Green Hag,MM,177,true,,false,,26
data/bestiary/bestiary-mm.json,/monster/207,monster,Grick,MM,173,true,,false,,10
data/bestiary/bestiary-mm.json,/monster/209,monster,Griffon,MM,174,true,,false,,9
data/bestiary/bestiary-mm.json,/monster/210,monster,Grimlock,MM,175,true,,false,,9
data/bestiary/bestiary-mm.json,/monster/211,monster,Guard,MM,347,true,,false,,3
data/bestiary/bestiary-mm.json,/monster/212,monster,Guardian Naga,MM,234,true,,false,,9
data/bestiary/bestiary-mm.json,/monster/213,monster,Gynosphinx,MM,282,true,,false,,18
data/bestiary/bestiary-mm.json,/monster/215,monster,Half-Red Dragon Veteran,MM,180,true,,false,,11
data/bestiary/bestiary-mm.json,/monster/216,monster,Harpy,MM,181,true,,false,,11
data/bestiary/bestiary-mm.json,/monster/217,monster,Hawk,MM,330,true,,false,,5
data/bestiary/bestiary-mm.json,/monster/218,monster,Hell Hound,MM,182,true,,false,,9
data/bestiary/bestiary-mm.json,/monster/220,monster,Hezrou,MM,60,true,,false,,16
data/bestiary/bestiary-mm.json,/monster/221,monster,Hill Giant,MM,155,true,,false,,12
data/bestiary/bestiary-mm.json,/monster/222,monster,Hippogriff,MM,184,true,,false,,9
data/bestiary/bestiary-mm.json,/monster/223,monster,Hobgoblin,MM,186,true,,false,,7
data/bestiary/bestiary-mm.json,/monster/226,monster,Homunculus,MM,188,true,,false,,5
data/bestiary/bestiary-mm.json,/monster/228,monster,Horned Devil,MM,74,true,,false,,18
data/bestiary/bestiary-mm.json,/monster/229,monster,Hunter Shark,MM,330,true,,false,,7
data/bestiary/bestiary-mm.json,/monster/230,monster,Hydra,MM,190,true,,false,,15
data/bestiary/bestiary-mm.json,/monster/231,monster,Hyena,MM,331,true,,false,,5
data/bestiary/bestiary-mm.json,/monster/232,monster,Ice Devil,MM,75,true,,false,,29
data/bestiary/bestiary-mm.json,/monster/233,monster,Ice Mephit,MM,215,true,,false,,14
data/bestiary/bestiary-mm.json,/monster/234,monster,Imp,MM,76,true,,false,,15
data/bestiary/bestiary-mm.json,/monster/235,monster,Incubus,MM,285,true,,false,,14
data/bestiary/bestiary-mm.json,/monster/237,monster,Invisible Stalker,MM,192,true,,false,,9
data/bestiary/bestiary-mm.json,/monster/238,monster,Iron Golem,MM,170,true,,false,,17
data/bestiary/bestiary-mm.json,/monster/239,monster,Jackal,MM,331,true,,false,,7
data/bestiary/bestiary-mm.json,/monster/242,monster,Killer Whale,MM,331,true,,false,,9
data/bestiary/bestiary-mm.json,/monster/243,monster,Knight,MM,347,true,,false,,13
data/bestiary/bestiary-mm.json,/monster/244,monster,Kobold,MM,195,true,,false,,9
data/bestiary/bestiary-mm.json,/monster/245,monster,Kraken,MM,197,true,,false,,24
data/bestiary/bestiary-mm.json,/monster/250,monster,Lamia,MM,201,true,,false,,11
data/bestiary/bestiary-mm.json,/monster/251,monster,Lemure,MM,76,true,,false,,7
data/bestiary/bestiary-mm.json,/monster/252,monster,Lich,MM,202,true,,false,,20
data/bestiary/bestiary-mm.json,/monster/253,monster,Lion,MM,331,true,,false,,13
data/bestiary/bestiary-mm.json,/monster/254,monster,Lizard,MM,332,true,,false,,3
data/bestiary/bestiary-mm.json,/monster/257,monster,Lizardfolk,MM,204,true,,false,,13
data/bestiary/bestiary-mm.json,/monster/259,monster,Mage,MM,347,true,,false,,8
data/bestiary/bestiary-mm.json,/monster/260,monster,Magma Mephit,MM,216,true,,false,,14
data/bestiary/bestiary-mm.json,/monster/261,monster,Magmin,MM,212,true,,false,,7
data/bestiary/bestiary-mm.json,/monster/262,monster,Mammoth,MM,332,true,,false,,7
data/bestiary/bestiary-mm.json,/monster/264,monster,Manticore,MM,213,true,,false,,11
data/bestiary/bestiary-mm.json,/monster/266,monster,Marilith,MM,61,true,,false,,22
data/bestiary/bestiary-mm.json,/monster/267,monster,Mastiff,MM,332,true,,false,,5
data/bestiary/bestiary-mm.json,/monster/268,monster,Medusa,MM,214,true,,false,,13
data/bestiary/bestiary-mm.json,/monster/269,monster,Merfolk,MM,218,true,,false,,5
data/bestiary/bestiary-mm.json,/monster/270,monster,Merrow,MM,219,true,,false,,11
data/bestiary/bestiary-mm.json,/monster/272,monster,Mimic,MM,220,true,,false,,13
data/bestiary/bestiary-mm.json,/monster/275,monster,Minotaur,MM,223,true,,false,,11
data/bestiary/bestiary-mm.json,/monster/276,monster,Minotaur Skeleton,MM,273,true,,false,,7
data/bestiary/bestiary-mm.json,/monster/279,monster,Mule,MM,333,true,,false,,7
data/bestiary/bestiary-mm.json,/monster/280,monster,Mummy,MM,228,true,,false,,7
data/bestiary/bestiary-mm.json,/monster/281,monster,Mummy Lord,MM,229,true,,false,,24
data/bestiary/bestiary-mm.json,/monster/285,monster,Nalfeshnee,MM,62,true,,false,,18
data/bestiary/bestiary-mm.json,/monster/287,monster,Night Hag,MM,178,true,,false,,31
data/bestiary/bestiary-mm.json,/monster/288,monster,Nightmare,MM,235,true,,false,,9
data/bestiary/bestiary-mm.json,/monster/289,monster,Noble,MM,348,true,,false,,5
data/bestiary/bestiary-mm.json,/monster/292,monster,Ochre Jelly,MM,243,true,,false,,9
data/bestiary/bestiary-mm.json,/monster/293,monster,Octopus,MM,333,true,,false,,11
data/bestiary/bestiary-mm.json,/monster/294,monster,Ogre,MM,237,true,,false,,5
data/bestiary/bestiary-mm.json,/monster/295,monster,Ogre Zombie,MM,316,true,,false,,5
data/bestiary/bestiary-mm.json,/monster/296,monster,Oni,MM,239,true,,false,,15
data/bestiary/bestiary-mm.json,/monster/297,monster,Orc,MM,246,true,,false,,8
data/bestiary/bestiary-mm.json,/monster/301,monster,Otyugh,MM,248,true,,false,,11
data/bestiary/bestiary-mm.json,/monster/302,monster,Owl,MM,333,true,,false,,7
data/bestiary/bestiary-mm.json,/monster/303,monster,Owlbear,MM,249,true,,false,,10
data/bestiary/bestiary-mm.json,/monster/304,monster,Panther,MM,333,true,,false,,9
data/bestiary/bestiary-mm.json,/monster/305,monster,Pegasus,MM,250,true,,false,,3
data/bestiary/bestiary-mm.json,/monster/308,monster,Phase Spider,MM,334,true,,false,,9
data/bestiary/bestiary-mm.json,/monster/310,monster,Pit Fiend,MM,77,true,,false,,24
data/bestiary/bestiary-mm.json,/monster/312,monster,Planetar,MM,17,true,,false,,15
data/bestiary/bestiary-mm.json,/monster/313,monster,Plesiosaurus,MM,80,true,,false,,5
data/bestiary/bestiary-mm.json,/monster/314,monster,Poisonous Snake,MM,334,true,,false,,3
data/bestiary/bestiary-mm.json,/monster/315,monster,Polar Bear,MM,334,true,,false,,9
data/bestiary/bestiary-mm.json,/monster/317,monster,Pony,MM,335,true,,false,,3
data/bestiary/bestiary-mm.json,/monster/318,monster,Priest,MM,348,true,,false,,7
data/bestiary/bestiary-mm.json,/monster/319,monster,Pseudodragon,MM,254,true,,false,,15
data/bestiary/bestiary-mm.json,/monster/321,monster,Purple Worm,MM,255,true,,false,,10
data/bestiary/bestiary-mm.json,/monster/326,monster,Quasit,MM,63,true,,false,,15
data/bestiary/bestiary-mm.json,/monster/327,monster,Quipper,MM,335,true,,false,,7
data/bestiary/bestiary-mm.json,/monster/328,monster,Rakshasa,MM,257,true,,false,,9
data/bestiary/bestiary-mm.json,/monster/329,monster,Rat,MM,335,true,,false,,5
data/bestiary/bestiary-mm.json,/monster/330,monster,Raven,MM,335,true,,false,,5
data/bestiary/bestiary-mm.json,/monster/331,monster,Red Dragon Wyrmling,MM,98,true,,false,,29
data/bestiary/bestiary-mm.json,/monster/333,monster,Reef Shark,MM,336,true,,false,,7
data/bestiary/bestiary-mm.json,/monster/334,monster,Remorhaz,MM,258,true,,false,,8
data/bestiary/bestiary-mm.json,/monster/336,monster,Rhinoceros,MM,336,true,,false,,5
data/bestiary/bestiary-mm.json,/monster/337,monster,Riding Horse,MM,336,true,,false,,3
data/bestiary/bestiary-mm.json,/monster/338,monster,Roc,MM,260,true,,false,,9
data/bestiary/bestiary-mm.json,/monster/339,monster,Roper,MM,261,true,,false,,15
data/bestiary/bestiary-mm.json,/monster/340,monster,Rug of Smothering,MM,20,true,,false,,9
data/bestiary/bestiary-mm.json,/monster/341,monster,Rust Monster,MM,262,true,,false,,10
data/bestiary/bestiary-mm.json,/monster/342,monster,Saber-Toothed Tiger,MM,336,true,,false,,9
data/bestiary/bestiary-mm.json,/monster/343,monster,Sahuagin,MM,263,true,,false,,15
data/bestiary/bestiary-mm.json,/monster/346,monster,Salamander,MM,266,true,,false,,11
data/bestiary/bestiary-mm.json,/monster/347,monster,Satyr,MM,267,true,,false,,21
data/bestiary/bestiary-mm.json,/monster/349,monster,Scorpion,MM,337,true,,false,,3
data/bestiary/bestiary-mm.json,/monster/350,monster,Scout,MM,349,true,,false,,9
data/bestiary/bestiary-mm.json,/monster/351,monster,Sea Hag,MM,179,true,,false,,25
data/bestiary/bestiary-mm.json,/monster/352,monster,Sea Horse,MM,337,true,,false,,3
data/bestiary/bestiary-mm.json,/monster/353,monster,Shadow,MM,269,true,,false,,10
data/bestiary/bestiary-mm.json,/monster/355,monster,Shambling Mound,MM,270,true,,false,,9
data/bestiary/bestiary-mm.json,/monster/356,monster,Shield Guardian,MM,271,true,,false,,13
data/bestiary/bestiary-mm.json,/monster/357,monster,Shrieker,MM,138,true,,false,,5
data/bestiary/bestiary-mm.json,/monster/358,monster,Silver Dragon Wyrmling,MM,118,true,,false,,34
data/bestiary/bestiary-mm.json,/monster/359,monster,Skeleton,MM,272,true,,false,,5
data/bestiary/bestiary-mm.json,/monster/362,monster,Solar,MM,18,true,,false,,25
data/bestiary/bestiary-mm.json,/monster/364,monster,Specter,MM,279,true,,false,,7
data/bestiary/bestiary-mm.json,/monster/365,monster,Spider,MM,337,true,,false,,9
data/bestiary/bestiary-mm.json,/monster/367,monster,Spirit Naga,MM,234,true,,false,,7
data/bestiary/bestiary-mm.json,/monster/368,monster,Sprite,MM,283,true,,false,,9
data/bestiary/bestiary-mm.json,/monster/369,monster,Spy,MM,349,true,,false,,11
data/bestiary/bestiary-mm.json,/monster/370,monster,Steam Mephit,MM,217,true,,false,,12
data/bestiary/bestiary-mm.json,/monster/371,monster,Stirge,MM,284,true,,false,,4
data/bestiary/bestiary-mm.json,/monster/372,monster,Stone Giant,MM,156,true,,false,,18
data/bestiary/bestiary-mm.json,/monster/373,monster,Stone Golem,MM,170,true,,false,,13
data/bestiary/bestiary-mm.json,/monster/374,monster,Storm Giant,MM,156,true,,false,,18
data/bestiary/bestiary-mm.json,/monster/375,monster,Succubus,MM,285,true,,false,,14
data/bestiary/bestiary-mm.json,/monster/376,monster,Swarm of Bats,MM,337,true,,false,,9
data/bestiary/bestiary-mm.json,/monster/377,monster,Swarm of Beetles,MM,338,true,,false,,5
data/bestiary/bestiary-mm.json,/monster/378,monster,Swarm of Centipedes,MM,338,true,,false,,6
data/bestiary/bestiary-mm.json,/monster/379,monster,Swarm of Insects,MM,338,true,,false,,5
data/bestiary/bestiary-mm.json,/monster/380,monster,Swarm of Poisonous Snakes,MM,338,true,,false,,5
data/bestiary/bestiary-mm.json,/monster/381,monster,Swarm of Quippers,MM,338,true,,false,,9
data/bestiary/bestiary-mm.json,/monster/382,monster,Swarm of Rats,MM,339,true,,false,,7
data/bestiary/bestiary-mm.json,/monster/383,monster,Swarm of Ravens,MM,339,true,,false,,5
data/bestiary/bestiary-mm.json,/monster/384,monster,Swarm of Spiders,MM,338,true,,false,,11
data/bestiary/bestiary-mm.json,/monster/385,monster,Swarm of Wasps,MM,338,true,,false,,5
data/bestiary/bestiary-mm.json,/monster/386,monster,Tarrasque,MM,286,true,,false,,30
data/bestiary/bestiary-mm.json,/monster/388,monster,Thug,MM,350,true,,false,,9
data/bestiary/bestiary-mm.json,/monster/389,monster,Tiger,MM,339,true,,false,,9
data/bestiary/bestiary-mm.json,/monster/390,monster,Treant,MM,289,true,,false,,13
data/bestiary/bestiary-mm.json,/monster/391,monster,Tribal Warrior,MM,350,true,,false,,5
data/bestiary/bestiary-mm.json,/monster/392,monster,Triceratops,MM,80,true,,false,,7
data/bestiary/bestiary-mm.json,/monster/395,monster,Troll,MM,291,true,,false,,36
data/bestiary/bestiary-mm.json,/monster/397,monster,Tyrannosaurus Rex,MM,80,true,,false,,7
data/bestiary/bestiary-mm.json,/monster/400,monster,Unicorn,MM,294,true,,false,,26
data/bestiary/bestiary-mm.json,/monster/401,monster,Vampire,MM,297,true,,false,,42
data/bestiary/bestiary-mm.json,/monster/402,monster,Vampire Spawn,MM,298,true,,false,,21
data/bestiary/bestiary-mm.json,/monster/405,monster,Veteran,MM,350,true,,false,,9
data/bestiary/bestiary-mm.json,/monster/407,monster,Violet Fungus,MM,138,true,,false,,7
data/bestiary/bestiary-mm.json,/monster/408,monster,Vrock,MM,64,true,,false,,18
data/bestiary/bestiary-mm.json,/monster/409,monster,Vulture,MM,339,true,,false,,7
data/bestiary/bestiary-mm.json,/monster/410,monster,Warhorse,MM,340,true,,false,,30
data/bestiary/bestiary-mm.json,/monster/411,monster,Warhorse Skeleton,MM,273,true,,false,,3
data/bestiary/bestiary-mm.json,/monster/412,monster,Water Elemental,MM,125,true,,false,,12
data/bestiary/bestiary-mm.json,/monster/414,monster,Weasel,MM,340,true,,false,,5
data/bestiary/bestiary-mm.json,/monster/415,monster,Werebear,MM,208,true,,false,,15
data/bestiary/bestiary-mm.json,/monster/416,monster,Wereboar,MM,209,true,,false,,15
data/bestiary/bestiary-mm.json,/monster/417,monster,Wererat,MM,209,true,,false,,15
data/bestiary/bestiary-mm.json,/monster/418,monster,Weretiger,MM,210,true,,false,,19
data/bestiary/bestiary-mm.json,/monster/419,monster,Werewolf,MM,211,true,,false,,15
data/bestiary/bestiary-mm.json,/monster/420,monster,White Dragon Wyrmling,MM,102,true,,false,,28
data/bestiary/bestiary-mm.json,/monster/421,monster,Wight,MM,300,true,,false,,12
data/bestiary/bestiary-mm.json,/monster/422,monster,Will-o'-Wisp,MM,301,true,,false,,13
data/bestiary/bestiary-mm.json,/monster/424,monster,Winter Wolf,MM,340,true,,false,,11
data/bestiary/bestiary-mm.json,/monster/425,monster,Wolf,MM,341,true,,false,,7
data/bestiary/bestiary-mm.json,/monster/426,monster,Worg,MM,341,true,,false,,5
data/bestiary/bestiary-mm.json,/monster/427,monster,Wraith,MM,302,true,,false,,9
data/bestiary/bestiary-mm.json,/monster/428,monster,Wyvern,MM,303,true,,false,,9
data/bestiary/bestiary-mm.json,/monster/429,monster,Xorn,MM,304,true,,false,,13
data/bestiary/bestiary-mm.json,/monster/432,monster,Young Black Dragon,MM,88,true,,false,,32
data/bestiary/bestiary-mm.json,/monster/433,monster,Young Blue Dragon,MM,91,true,,false,,32
data/bestiary/bestiary-mm.json,/monster/434,monster,Young Brass Dragon,MM,105,true,,false,,40
data/bestiary/bestiary-mm.json,/monster/435,monster,Young Bronze Dragon,MM,108,true,,false,,40
data/bestiary/bestiary-mm.json,/monster/436,monster,Young Copper Dragon,MM,112,true,,false,,38
data/bestiary/bestiary-mm.json,/monster/437,monster,Young Gold Dragon,MM,115,true,,false,,43
data/bestiary/bestiary-mm.json,/monster/438,monster,Young Green Dragon,MM,94,true,,false,,33
data/bestiary/bestiary-mm.json,/monster/439,monster,Young Red Dragon,MM,98,true,,false,,33
data/bestiary/bestiary-mm.json,/monster/442,monster,Young Silver Dragon,MM,118,true,,false,,38
data/bestiary/bestiary-mm.json,/monster/443,monster,Young White Dragon,MM,101,true,,false,,34
data/bestiary/bestiary-mm.json,/monster/449,monster,Zombie,MM,316,true,,false,,6
data/bestiary/bestiary-xmm.json,/monster/3,monster,Aboleth,XMM,12,false,,true,,26
data/bestiary/bestiary-xmm.json,/monster/5,monster,Adult Black Dragon,XMM,39,false,,true,,20
data/bestiary/bestiary-xmm.json,/monster/6,monster,Adult Blue Dragon,XMM,49,false,,true,,18
data/bestiary/bestiary-xmm.json,/monster/7,monster,Adult Brass Dragon,XMM,55,false,,true,,20
data/bestiary/bestiary-xmm.json,/monster/8,monster,Adult Bronze Dragon,XMM,59,false,,true,,22
data/bestiary/bestiary-xmm.json,/monster/9,monster,Adult Copper Dragon,XMM,79,false,,true,,20
data/bestiary/bestiary-xmm.json,/monster/10,monster,Adult Gold Dragon,XMM,145,false,,true,,22
data/bestiary/bestiary-xmm.json,/monster/11,monster,Adult Green Dragon,XMM,153,false,,true,,20
data/bestiary/bestiary-xmm.json,/monster/12,monster,Adult Red Dragon,XMM,255,false,,true,,18
data/bestiary/bestiary-xmm.json,/monster/13,monster,Adult Silver Dragon,XMM,279,false,,true,,20
data/bestiary/bestiary-xmm.json,/monster/14,monster,Adult White Dragon,XMM,329,false,,true,,18
data/bestiary/bestiary-xmm.json,/monster/15,monster,Air Elemental,XMM,13,false,,true,,9
data/bestiary/bestiary-xmm.json,/monster/16,monster,Allosaurus,XMM,348,false,,true,,5
data/bestiary/bestiary-xmm.json,/monster/17,monster,Ancient Black Dragon,XMM,40,false,,true,,20
data/bestiary/bestiary-xmm.json,/monster/18,monster,Ancient Blue Dragon,XMM,50,false,,true,,18
data/bestiary/bestiary-xmm.json,/monster/19,monster,Ancient Brass Dragon,XMM,56,false,,true,,20
data/bestiary/bestiary-xmm.json,/monster/20,monster,Ancient Bronze Dragon,XMM,60,false,,true,,22
data/bestiary/bestiary-xmm.json,/monster/21,monster,Ancient Copper Dragon,XMM,80,false,,true,,20
data/bestiary/bestiary-xmm.json,/monster/22,monster,Ancient Gold Dragon,XMM,146,false,,true,,22
data/bestiary/bestiary-xmm.json,/monster/23,monster,Ancient Green Dragon,XMM,154,false,,true,,20
data/bestiary/bestiary-xmm.json,/monster/24,monster,Ancient Red Dragon,XMM,256,false,,true,,18
data/bestiary/bestiary-xmm.json,/monster/25,monster,Ancient Silver Dragon,XMM,280,false,,true,,20
data/bestiary/bestiary-xmm.json,/monster/26,monster,Ancient White Dragon,XMM,330,false,,true,,18
data/bestiary/bestiary-xmm.json,/monster/28,monster,Animated Armor,XMM,16,false,,true,,5
data/bestiary/bestiary-xmm.json,/monster/30,monster,Animated Flying Sword,XMM,17,false,,true,,3
data/bestiary/bestiary-xmm.json,/monster/31,monster,Animated Rug of Smothering,XMM,17,false,,true,,4
data/bestiary/bestiary-xmm.json,/monster/32,monster,Ankheg,XMM,18,false,,true,,7
data/bestiary/bestiary-xmm.json,/monster/33,monster,Ankylosaurus,XMM,348,false,,true,,5
data/bestiary/bestiary-xmm.json,/monster/34,monster,Ape,XMM,348,false,,true,,7
data/bestiary/bestiary-xmm.json,/monster/37,monster,Archelon,XMM,349,false,,true,,7
data/bestiary/bestiary-xmm.json,/monster/38,monster,Archmage,XMM,199,false,,true,,13
data/bestiary/bestiary-xmm.json,/monster/40,monster,Assassin,XMM,22,false,,true,,11
data/bestiary/bestiary-xmm.json,/monster/41,monster,Awakened Shrub,XMM,23,false,,true,,3
data/bestiary/bestiary-xmm.json,/monster/42,monster,Awakened Tree,XMM,23,false,,true,,3
data/bestiary/bestiary-xmm.json,/monster/43,monster,Axe Beak,XMM,24,false,,true,,3
data/bestiary/bestiary-xmm.json,/monster/45,monster,Azer Sentinel,XMM,25,false,,true,,7
data/bestiary/bestiary-xmm.json,/monster/46,monster,Baboon,XMM,349,false,,true,,5
data/bestiary/bestiary-xmm.json,/monster/47,monster,Badger,XMM,349,false,,true,,3
data/bestiary/bestiary-xmm.json,/monster/48,monster,Balor,XMM,26,false,,true,,17
data/bestiary/bestiary-xmm.json,/monster/49,monster,Bandit,XMM,27,false,,true,,5
data/bestiary/bestiary-xmm.json,/monster/50,monster,Bandit Captain,XMM,27,false,,true,,9
data/bestiary/bestiary-xmm.json,/monster/54,monster,Barbed Devil,XMM,30,false,,true,,15
data/bestiary/bestiary-xmm.json,/monster/56,monster,Basilisk,XMM,32,false,,true,,5
data/bestiary/bestiary-xmm.json,/monster/57,monster,Bat,XMM,349,false,,true,,3
data/bestiary/bestiary-xmm.json,/monster/58,monster,Bearded Devil,XMM,33,false,,true,,9
data/bestiary/bestiary-xmm.json,/monster/59,monster,Behir,XMM,34,false,,true,,12
data/bestiary/bestiary-xmm.json,/monster/62,monster,Berserker,XMM,37,false,,true,,5
data/bestiary/bestiary-xmm.json,/monster/64,monster,Black Bear,XMM,349,false,,true,,5
data/bestiary/bestiary-xmm.json,/monster/65,monster,Black Dragon Wyrmling,XMM,38,false,,true,,9
data/bestiary/bestiary-xmm.json,/monster/66,monster,Black Pudding,XMM,42,false,,true,,12
data/bestiary/bestiary-xmm.json,/monster/67,monster,Blink Dog,XMM,46,false,,true,,5
data/bestiary/bestiary-xmm.json,/monster/69,monster,Blood Hawk,XMM,350,false,,true,,5
data/bestiary/bestiary-xmm.json,/monster/70,monster,Blue Dragon Wyrmling,XMM,48,false,,true,,7
data/bestiary/bestiary-xmm.json,/monster/72,monster,Boar,XMM,350,false,,true,,5
data/bestiary/bestiary-xmm.json,/monster/73,monster,Bone Devil,XMM,52,false,,true,,11
data/bestiary/bestiary-xmm.json,/monster/75,monster,Brass Dragon Wyrmling,XMM,54,false,,true,,7
data/bestiary/bestiary-xmm.json,/monster/77,monster,Bronze Dragon Wyrmling,XMM,58,false,,true,,11
data/bestiary/bestiary-xmm.json,/monster/78,monster,Brown Bear,XMM,350,false,,true,,7
data/bestiary/bestiary-xmm.json,/monster/79,monster,Bugbear Stalker,XMM,62,false,,true,,11
data/bestiary/bestiary-xmm.json,/monster/80,monster,Bugbear Warrior,XMM,62,false,,true,,7
data/bestiary/bestiary-xmm.json,/monster/81,monster,Bulette,XMM,63,false,,true,,9
data/bestiary/bestiary-xmm.json,/monster/86,monster,Camel,XMM,351,false,,true,,3
data/bestiary/bestiary-xmm.json,/monster/88,monster,Cat,XMM,351,false,,true,,5
data/bestiary/bestiary-xmm.json,/monster/89,monster,Centaur Trooper,XMM,67,false,,true,,9
data/bestiary/bestiary-xmm.json,/monster/91,monster,Chain Devil,XMM,68,false,,true,,13
data/bestiary/bestiary-xmm.json,/monster/93,monster,Chimera,XMM,70,false,,true,,11
data/bestiary/bestiary-xmm.json,/monster/94,monster,Chuul,XMM,71,false,,true,,11
data/bestiary/bestiary-xmm.json,/monster/95,monster,Clay Golem,XMM,72,false,,true,,15
data/bestiary/bestiary-xmm.json,/monster/96,monster,Cloaker,XMM,73,false,,true,,14
data/bestiary/bestiary-xmm.json,/monster/97,monster,Cloud Giant,XMM,74,false,,true,,11
data/bestiary/bestiary-xmm.json,/monster/98,monster,Cockatrice,XMM,75,false,,true,,3
data/bestiary/bestiary-xmm.json,/monster/101,monster,Commoner,XMM,77,false,,true,,5
data/bestiary/bestiary-xmm.json,/monster/102,monster,Constrictor Snake,XMM,351,false,,true,,5
data/bestiary/bestiary-xmm.json,/monster/103,monster,Copper Dragon Wyrmling,XMM,78,false,,true,,7
data/bestiary/bestiary-xmm.json,/monster/104,monster,Couatl,XMM,82,false,,true,,11
data/bestiary/bestiary-xmm.json,/monster/105,monster,Crab,XMM,351,false,,true,,5
data/bestiary/bestiary-xmm.json,/monster/107,monster,Crocodile,XMM,352,false,,true,,5
data/bestiary/bestiary-xmm.json,/monster/108,monster,Cultist,XMM,84,false,,true,,3
data/bestiary/bestiary-xmm.json,/monster/109,monster,Cultist Fanatic,XMM,85,false,,true,,7
data/bestiary/bestiary-xmm.json,/monster/114,monster,Darkmantle,XMM,90,false,,true,,7
data/bestiary/bestiary-xmm.json,/monster/116,monster,Death Dog,XMM,91,false,,true,,5
data/bestiary/bestiary-xmm.json,/monster/121,monster,Deer,XMM,352,false,,true,,5
data/bestiary/bestiary-xmm.json,/monster/123,monster,Deva,XMM,97,false,,true,,13
data/bestiary/bestiary-xmm.json,/monster/124,monster,Dire Wolf,XMM,352,false,,true,,5
data/bestiary/bestiary-xmm.json,/monster/127,monster,Djinni,XMM,99,false,,true,,18
data/bestiary/bestiary-xmm.json,/monster/128,monster,Doppelganger,XMM,100,false,,true,,11
data/bestiary/bestiary-xmm.json,/monster/130,monster,Draft Horse,XMM,352,false,,true,,3
data/bestiary/bestiary-xmm.json,/monster/131,monster,Dragon Turtle,XMM,103,false,,true,,11
data/bestiary/bestiary-xmm.json,/monster/132,monster,Dretch,XMM,103,false,,true,,5
data/bestiary/bestiary-xmm.json,/monster/133,monster,Drider,XMM,105,false,,true,,15
data/bestiary/bestiary-xmm.json,/monster/134,monster,Druid,XMM,106,false,,true,,9
data/bestiary/bestiary-xmm.json,/monster/135,monster,Dryad,XMM,107,false,,true,,15
data/bestiary/bestiary-xmm.json,/monster/136,monster,Dust Mephit,XMM,206,false,,true,,9
data/bestiary/bestiary-xmm.json,/monster/137,monster,Eagle,XMM,353,false,,true,,3
data/bestiary/bestiary-xmm.json,/monster/138,monster,Earth Elemental,XMM,108,false,,true,,11
data/bestiary/bestiary-xmm.json,/monster/139,monster,Efreeti,XMM,109,false,,true,,15
data/bestiary/bestiary-xmm.json,/monster/142,monster,Elephant,XMM,353,false,,true,,7
data/bestiary/bestiary-xmm.json,/monster/143,monster,Elk,XMM,353,false,,true,,3
data/bestiary/bestiary-xmm.json,/monster/146,monster,Erinyes,XMM,114,false,,true,,15
data/bestiary/bestiary-xmm.json,/monster/147,monster,Ettercap,XMM,115,false,,true,,15
data/bestiary/bestiary-xmm.json,/monster/148,monster,Ettin,XMM,116,false,,true,,7
data/bestiary/bestiary-xmm.json,/monster/152,monster,Fire Elemental,XMM,118,false,,true,,13
data/bestiary/bestiary-xmm.json,/monster/153,monster,Fire Giant,XMM,119,false,,true,,7
data/bestiary/bestiary-xmm.json,/monster/156,monster,Flesh Golem,XMM,121,false,,true,,16
data/bestiary/bestiary-xmm.json,/monster/158,monster,Flying Snake,XMM,353,false,,true,,5
data/bestiary/bestiary-xmm.json,/monster/160,monster,Frog,XMM,354,false,,true,,7
data/bestiary/bestiary-xmm.json,/monster/161,monster,Frost Giant,XMM,124,false,,true,,9
data/bestiary/bestiary-xmm.json,/monster/163,monster,Gargoyle,XMM,128,false,,true,,7
data/bestiary/bestiary-xmm.json,/monster/165,monster,Gelatinous Cube,XMM,129,false,,true,,11
data/bestiary/bestiary-xmm.json,/monster/166,monster,Ghast,XMM,130,false,,true,,7
data/bestiary/bestiary-xmm.json,/monster/168,monster,Ghost,XMM,131,false,,true,,16
data/bestiary/bestiary-xmm.json,/monster/169,monster,Ghoul,XMM,132,false,,true,,7
data/bestiary/bestiary-xmm.json,/monster/170,monster,Giant Ape,XMM,354,false,,true,,9
data/bestiary/bestiary-xmm.json,/monster/172,monster,Giant Badger,XMM,354,false,,true,,3
data/bestiary/bestiary-xmm.json,/monster/173,monster,Giant Bat,XMM,355,false,,true,,3
data/bestiary/bestiary-xmm.json,/monster/174,monster,Giant Boar,XMM,355,false,,true,,5
data/bestiary/bestiary-xmm.json,/monster/175,monster,Giant Centipede,XMM,355,false,,true,,3
data/bestiary/bestiary-xmm.json,/monster/176,monster,Giant Constrictor Snake,XMM,355,false,,true,,7
data/bestiary/bestiary-xmm.json,/monster/177,monster,Giant Crab,XMM,356,false,,true,,5
data/bestiary/bestiary-xmm.json,/monster/178,monster,Giant Crocodile,XMM,356,false,,true,,9
data/bestiary/bestiary-xmm.json,/monster/179,monster,Giant Eagle,XMM,356,false,,true,,5
data/bestiary/bestiary-xmm.json,/monster/180,monster,Giant Elk,XMM,356,false,,true,,3
data/bestiary/bestiary-xmm.json,/monster/181,monster,Giant Fire Beetle,XMM,357,false,,true,,5
data/bestiary/bestiary-xmm.json,/monster/182,monster,Giant Frog,XMM,357,false,,true,,10
data/bestiary/bestiary-xmm.json,/monster/183,monster,Giant Goat,XMM,357,false,,true,,3
data/bestiary/bestiary-xmm.json,/monster/184,monster,Giant Hyena,XMM,357,false,,true,,5
data/bestiary/bestiary-xmm.json,/monster/185,monster,Giant Lizard,XMM,358,false,,true,,5
data/bestiary/bestiary-xmm.json,/monster/186,monster,Giant Octopus,XMM,358,false,,true,,7
data/bestiary/bestiary-xmm.json,/monster/187,monster,Giant Owl,XMM,358,false,,true,,7
data/bestiary/bestiary-xmm.json,/monster/188,monster,Giant Rat,XMM,358,false,,true,,5
data/bestiary/bestiary-xmm.json,/monster/189,monster,Giant Scorpion,XMM,359,false,,true,,7
data/bestiary/bestiary-xmm.json,/monster/190,monster,Giant Seahorse,XMM,359,false,,true,,7
data/bestiary/bestiary-xmm.json,/monster/191,monster,Giant Shark,XMM,359,false,,true,,7
data/bestiary/bestiary-xmm.json,/monster/192,monster,Giant Spider,XMM,359,false,,true,,9
data/bestiary/bestiary-xmm.json,/monster/194,monster,Giant Toad,XMM,360,false,,true,,9
data/bestiary/bestiary-xmm.json,/monster/195,monster,Giant Venomous Snake,XMM,361,false,,true,,3
data/bestiary/bestiary-xmm.json,/monster/196,monster,Giant Vulture,XMM,361,false,,true,,5
data/bestiary/bestiary-xmm.json,/monster/197,monster,Giant Wasp,XMM,361,false,,true,,5
data/bestiary/bestiary-xmm.json,/monster/198,monster,Giant Weasel,XMM,361,false,,true,,3
data/bestiary/bestiary-xmm.json,/monster/199,monster,Giant Wolf Spider,XMM,362,false,,true,,5
data/bestiary/bestiary-xmm.json,/monster/200,monster,Gibbering Mouther,XMM,133,false,,true,,15
data/bestiary/bestiary-xmm.json,/monster/207,monster,Glabrezu,XMM,138,false,,true,,13
data/bestiary/bestiary-xmm.json,/monster/208,monster,Gladiator,XMM,139,false,,true,,9
data/bestiary/bestiary-xmm.json,/monster/212,monster,Gnoll Warrior,XMM,140,false,,true,,7
data/bestiary/bestiary-xmm.json,/monster/213,monster,Goat,XMM,362,false,,true,,3
data/bestiary/bestiary-xmm.json,/monster/214,monster,Goblin Boss,XMM,143,false,,true,,11
data/bestiary/bestiary-xmm.json,/monster/216,monster,Goblin Minion,XMM,142,false,,true,,5
data/bestiary/bestiary-xmm.json,/monster/217,monster,Goblin Warrior,XMM,142,false,,true,,7
data/bestiary/bestiary-xmm.json,/monster/218,monster,Gold Dragon Wyrmling,XMM,144,false,,true,,11
data/bestiary/bestiary-xmm.json,/monster/219,monster,Gorgon,XMM,148,false,,true,,7
data/bestiary/bestiary-xmm.json,/monster/222,monster,Gray Ooze,XMM,151,false,,true,,8
data/bestiary/bestiary-xmm.json,/monster/224,monster,Green Dragon Wyrmling,XMM,152,false,,true,,9
data/bestiary/bestiary-xmm.json,/monster/225,monster,Green Hag,XMM,156,false,,true,,13
data/bestiary/bestiary-xmm.json,/monster/228,monster,Grick,XMM,158,false,,true,,7
data/bestiary/bestiary-xmm.json,/monster/230,monster,Griffon,XMM,159,false,,true,,5
data/bestiary/bestiary-xmm.json,/monster/231,monster,Grimlock,XMM,160,false,,true,,3
data/bestiary/bestiary-xmm.json,/monster/232,monster,Guard,XMM,162,false,,true,,3
data/bestiary/bestiary-xmm.json,/monster/233,monster,Guard Captain,XMM,162,false,,true,,7
data/bestiary/bestiary-xmm.json,/monster/234,monster,Guardian Naga,XMM,161,false,,true,,11
data/bestiary/bestiary-xmm.json,/monster/236,monster,Half-Dragon,XMM,163,false,,true,,11
data/bestiary/bestiary-xmm.json,/monster/237,monster,Harpy,XMM,164,false,,true,,5
data/bestiary/bestiary-xmm.json,/monster/239,monster,Hawk,XMM,362,false,,true,,3
data/bestiary/bestiary-xmm.json,/monster/240,monster,Hell Hound,XMM,165,false,,true,,9
data/bestiary/bestiary-xmm.json,/monster/242,monster,Hezrou,XMM,167,false,,true,,13
data/bestiary/bestiary-xmm.json,/monster/243,monster,Hill Giant,XMM,168,false,,true,,7
data/bestiary/bestiary-xmm.json,/monster/244,monster,Hippogriff,XMM,169,false,,true,,7
data/bestiary/bestiary-xmm.json,/monster/245,monster,Hippopotamus,XMM,362,false,,true,,7
data/bestiary/bestiary-xmm.json,/monster/246,monster,Hobgoblin Captain,XMM,171,false,,true,,9
data/bestiary/bestiary-xmm.json,/monster/248,monster,Hobgoblin Warrior,XMM,170,false,,true,,7
data/bestiary/bestiary-xmm.json,/monster/249,monster,Homunculus,XMM,172,false,,true,,5
data/bestiary/bestiary-xmm.json,/monster/251,monster,Horned Devil,XMM,174,false,,true,,13
data/bestiary/bestiary-xmm.json,/monster/252,monster,Hunter Shark,XMM,363,false,,true,,5
data/bestiary/bestiary-xmm.json,/monster/253,monster,Hydra,XMM,175,false,,true,,11
data/bestiary/bestiary-xmm.json,/monster/254,monster,Hyena,XMM,363,false,,true,,5
data/bestiary/bestiary-xmm.json,/monster/255,monster,Ice Devil,XMM,176,false,,true,,13
data/bestiary/bestiary-xmm.json,/monster/256,monster,Ice Mephit,XMM,206,false,,true,,9
data/bestiary/bestiary-xmm.json,/monster/257,monster,Imp,XMM,177,false,,true,,9
data/bestiary/bestiary-xmm.json,/monster/258,monster,Incubus,XMM,178,false,,true,,11
data/bestiary/bestiary-xmm.json,/monster/260,monster,Invisible Stalker,XMM,180,false,,true,,11
data/bestiary/bestiary-xmm.json,/monster/261,monster,Iron Golem,XMM,181,false,,true,,15
data/bestiary/bestiary-xmm.json,/monster/262,monster,Jackal,XMM,364,false,,true,,3
data/bestiary/bestiary-xmm.json,/monster/266,monster,Killer Whale,XMM,364,false,,true,,5
data/bestiary/bestiary-xmm.json,/monster/267,monster,Knight,XMM,184,false,,true,,9
data/bestiary/bestiary-xmm.json,/monster/268,monster,Kobold Warrior,XMM,185,false,,true,,7
data/bestiary/bestiary-xmm.json,/monster/269,monster,Kraken,XMM,187,false,,true,,23
data/bestiary/bestiary-xmm.json,/monster/275,monster,Lamia,XMM,192,false,,true,,11
data/bestiary/bestiary-xmm.json,/monster/277,monster,Lemure,XMM,194,false,,true,,5
data/bestiary/bestiary-xmm.json,/monster/278,monster,Lich,XMM,196,false,,true,,22
data/bestiary/bestiary-xmm.json,/monster/279,monster,Lion,XMM,364,false,,true,,11
data/bestiary/bestiary-xmm.json,/monster/280,monster,Lizard,XMM,364,false,,true,,5
data/bestiary/bestiary-xmm.json,/monster/283,monster,Mage,XMM,199,false,,true,,11
data/bestiary/bestiary-xmm.json,/monster/285,monster,Magma Mephit,XMM,207,false,,true,,7
data/bestiary/bestiary-xmm.json,/monster/286,monster,Magmin,XMM,200,false,,true,,7
data/bestiary/bestiary-xmm.json,/monster/287,monster,Mammoth,XMM,365,false,,true,,7
data/bestiary/bestiary-xmm.json,/monster/290,monster,Manticore,XMM,202,false,,true,,7
data/bestiary/bestiary-xmm.json,/monster/292,monster,Marilith,XMM,204,false,,true,,17
data/bestiary/bestiary-xmm.json,/monster/293,monster,Mastiff,XMM,365,false,,true,,3
data/bestiary/bestiary-xmm.json,/monster/294,monster,Medusa,XMM,205,false,,true,,11
data/bestiary/bestiary-xmm.json,/monster/295,monster,Merfolk Skirmisher,XMM,209,false,,true,,5
data/bestiary/bestiary-xmm.json,/monster/297,monster,Merrow,XMM,210,false,,true,,11
data/bestiary/bestiary-xmm.json,/monster/299,monster,Mimic,XMM,212,false,,true,,9
data/bestiary/bestiary-xmm.json,/monster/302,monster,Minotaur of Baphomet,XMM,215,false,,true,,5
data/bestiary/bestiary-xmm.json,/monster/303,monster,Minotaur Skeleton,XMM,283,false,,true,,5
data/bestiary/bestiary-xmm.json,/monster/310,monster,Mule,XMM,365,false,,true,,5
data/bestiary/bestiary-xmm.json,/monster/311,monster,Mummy,XMM,219,false,,true,,7
data/bestiary/bestiary-xmm.json,/monster/312,monster,Mummy Lord,XMM,221,false,,true,,26
data/bestiary/bestiary-xmm.json,/monster/317,monster,Nalfeshnee,XMM,224,false,,true,,15
data/bestiary/bestiary-xmm.json,/monster/319,monster,Night Hag,XMM,225,false,,true,,19
data/bestiary/bestiary-xmm.json,/monster/320,monster,Nightmare,XMM,226,false,,true,,9
data/bestiary/bestiary-xmm.json,/monster/321,monster,Noble,XMM,227,false,,true,,5
data/bestiary/bestiary-xmm.json,/monster/325,monster,Ochre Jelly,XMM,230,false,,true,,9
data/bestiary/bestiary-xmm.json,/monster/326,monster,Octopus,XMM,365,false,,true,,9
data/bestiary/bestiary-xmm.json,/monster/327,monster,Ogre,XMM,231,false,,true,,5
data/bestiary/bestiary-xmm.json,/monster/328,monster,Ogre Zombie,XMM,346,false,,true,,5
data/bestiary/bestiary-xmm.json,/monster/330,monster,Oni,XMM,232,false,,true,,15
data/bestiary/bestiary-xmm.json,/monster/331,monster,Otyugh,XMM,233,false,,true,,9
data/bestiary/bestiary-xmm.json,/monster/332,monster,Owl,XMM,366,false,,true,,5
data/bestiary/bestiary-xmm.json,/monster/333,monster,Owlbear,XMM,234,false,,true,,5
data/bestiary/bestiary-xmm.json,/monster/334,monster,Panther,XMM,366,false,,true,,5
data/bestiary/bestiary-xmm.json,/monster/335,monster,Pegasus,XMM,235,false,,true,,3
data/bestiary/bestiary-xmm.json,/monster/340,monster,Phase Spider,XMM,239,false,,true,,13
data/bestiary/bestiary-xmm.json,/monster/342,monster,Piranha,XMM,366,false,,true,,5
data/bestiary/bestiary-xmm.json,/monster/343,monster,Pirate,XMM,241,false,,true,,7
data/bestiary/bestiary-xmm.json,/monster/345,monster,Pirate Captain,XMM,242,false,,true,,11
data/bestiary/bestiary-xmm.json,/monster/346,monster,Pit Fiend,XMM,243,false,,true,,19
data/bestiary/bestiary-xmm.json,/monster/349,monster,Planetar,XMM,245,false,,true,,17
data/bestiary/bestiary-xmm.json,/monster/350,monster,Plesiosaurus,XMM,366,false,,true,,5
data/bestiary/bestiary-xmm.json,/monster/351,monster,Polar Bear,XMM,367,false,,true,,5
data/bestiary/bestiary-xmm.json,/monster/353,monster,Pony,XMM,367,false,,true,,3
data/bestiary/bestiary-xmm.json,/monster/354,monster,Priest,XMM,248,false,,true,,11
data/bestiary/bestiary-xmm.json,/monster/355,monster,Priest Acolyte,XMM,247,false,,true,,9
data/bestiary/bestiary-xmm.json,/monster/357,monster,Pseudodragon,XMM,249,false,,true,,9
data/bestiary/bestiary-xmm.json,/monster/358,monster,Psychic Gray Ooze,XMM,151,false,,true,,9
data/bestiary/bestiary-xmm.json,/monster/359,monster,Pteranodon,XMM,367,false,,true,,5
data/bestiary/bestiary-xmm.json,/monster/360,monster,Purple Worm,XMM,250,false,,true,,12
data/bestiary/bestiary-xmm.json,/monster/363,monster,Quasit,XMM,252,false,,true,,11
data/bestiary/bestiary-xmm.json,/monster/365,monster,Rakshasa,XMM,253,false,,true,,13
data/bestiary/bestiary-xmm.json,/monster/366,monster,Rat,XMM,367,false,,true,,5
data/bestiary/bestiary-xmm.json,/monster/367,monster,Raven,XMM,368,false,,true,,5
data/bestiary/bestiary-xmm.json,/monster/368,monster,Red Dragon Wyrmling,XMM,254,false,,true,,7
data/bestiary/bestiary-xmm.json,/monster/370,monster,Reef Shark,XMM,368,false,,true,,7
data/bestiary/bestiary-xmm.json,/monster/371,monster,Remorhaz,XMM,258,false,,true,,8
data/bestiary/bestiary-xmm.json,/monster/373,monster,Rhinoceros,XMM,368,false,,true,,3
data/bestiary/bestiary-xmm.json,/monster/374,monster,Riding Horse,XMM,368,false,,true,,3
data/bestiary/bestiary-xmm.json,/monster/375,monster,Roc,XMM,261,false,,true,,9
data/bestiary/bestiary-xmm.json,/monster/376,monster,Roper,XMM,262,false,,true,,12
data/bestiary/bestiary-xmm.json,/monster/377,monster,Rust Monster,XMM,263,false,,true,,13
data/bestiary/bestiary-xmm.json,/monster/378,monster,Saber-Toothed Tiger,XMM,369,false,,true,,9
data/bestiary/bestiary-xmm.json,/monster/381,monster,Sahuagin Warrior,XMM,264,false,,true,,13
data/bestiary/bestiary-xmm.json,/monster/382,monster,Salamander,XMM,267,false,,true,,9
data/bestiary/bestiary-xmm.json,/monster/385,monster,Satyr,XMM,268,false,,true,,7
data/bestiary/bestiary-xmm.json,/monster/388,monster,Scorpion,XMM,369,false,,true,,3
data/bestiary/bestiary-xmm.json,/monster/389,monster,Scout,XMM,270,false,,true,,7
data/bestiary/bestiary-xmm.json,/monster/391,monster,Sea Hag,XMM,271,false,,true,,13
data/bestiary/bestiary-xmm.json,/monster/392,monster,Seahorse,XMM,369,false,,true,,5
data/bestiary/bestiary-xmm.json,/monster/393,monster,Shadow,XMM,272,false,,true,,9
data/bestiary/bestiary-xmm.json,/monster/396,monster,Shambling Mound,XMM,276,false,,true,,9
data/bestiary/bestiary-xmm.json,/monster/397,monster,Shield Guardian,XMM,277,false,,true,,13
data/bestiary/bestiary-xmm.json,/monster/398,monster,Shrieker Fungus,XMM,125,false,,true,,3
data/bestiary/bestiary-xmm.json,/monster/399,monster,Silver Dragon Wyrmling,XMM,278,false,,true,,9
data/bestiary/bestiary-xmm.json,/monster/400,monster,Skeleton,XMM,282,false,,true,,5
data/bestiary/bestiary-xmm.json,/monster/403,monster,Solar,XMM,288,false,,true,,23
data/bestiary/bestiary-xmm.json,/monster/405,monster,Specter,XMM,290,false,,true,,7
data/bestiary/bestiary-xmm.json,/monster/406,monster,Sphinx of Lore,XMM,293,false,,true,,18
data/bestiary/bestiary-xmm.json,/monster/408,monster,Sphinx of Valor,XMM,294,false,,true,,24
data/bestiary/bestiary-xmm.json,/monster/409,monster,Sphinx of Wonder,XMM,291,false,,true,,7
data/bestiary/bestiary-xmm.json,/monster/410,monster,Spider,XMM,369,false,,true,,7
data/bestiary/bestiary-xmm.json,/monster/412,monster,Spirit Naga,XMM,297,false,,true,,11
data/bestiary/bestiary-xmm.json,/monster/413,monster,Sprite,XMM,298,false,,true,,9
data/bestiary/bestiary-xmm.json,/monster/414,monster,Spy,XMM,295,false,,true,,7
data/bestiary/bestiary-xmm.json,/monster/416,monster,Steam Mephit,XMM,208,false,,true,,9
data/bestiary/bestiary-xmm.json,/monster/417,monster,Stirge,XMM,299,false,,true,,4
data/bestiary/bestiary-xmm.json,/monster/418,monster,Stone Giant,XMM,300,false,,true,,9
data/bestiary/bestiary-xmm.json,/monster/419,monster,Stone Golem,XMM,301,false,,true,,13
data/bestiary/bestiary-xmm.json,/monster/420,monster,Storm Giant,XMM,302,false,,true,,13
data/bestiary/bestiary-xmm.json,/monster/421,monster,Succubus,XMM,303,false,,true,,13
data/bestiary/bestiary-xmm.json,/monster/422,monster,Swarm of Bats,XMM,370,false,,true,,5
data/bestiary/bestiary-xmm.json,/monster/423,monster,Swarm of Crawling Claws,XMM,83,false,,true,,5
data/bestiary/bestiary-xmm.json,/monster/425,monster,Swarm of Insects,XMM,370,false,,true,,7
data/bestiary/bestiary-xmm.json,/monster/428,monster,Swarm of Piranhas,XMM,370,false,,true,,7
data/bestiary/bestiary-xmm.json,/monster/429,monster,Swarm of Rats,XMM,370,false,,true,,5
data/bestiary/bestiary-xmm.json,/monster/430,monster,Swarm of Ravens,XMM,371,false,,true,,7
data/bestiary/bestiary-xmm.json,/monster/432,monster,Swarm of Venomous Snakes,XMM,371,false,,true,,5
data/bestiary/bestiary-xmm.json,/monster/433,monster,Tarrasque,XMM,305,false,,true,,26
data/bestiary/bestiary-xmm.json,/monster/436,monster,Tiger,XMM,371,false,,true,,5
data/bestiary/bestiary-xmm.json,/monster/437,monster,Tough,XMM,307,false,,true,,7
data/bestiary/bestiary-xmm.json,/monster/438,monster,Tough Boss,XMM,307,false,,true,,9
data/bestiary/bestiary-xmm.json,/monster/439,monster,Treant,XMM,308,false,,true,,11
data/bestiary/bestiary-xmm.json,/monster/441,monster,Triceratops,XMM,372,false,,true,,5
data/bestiary/bestiary-xmm.json,/monster/443,monster,Troll,XMM,310,false,,true,,11
data/bestiary/bestiary-xmm.json,/monster/444,monster,Troll Limb,XMM,310,false,,true,,7
data/bestiary/bestiary-xmm.json,/monster/446,monster,Tyrannosaurus Rex,XMM,372,false,,true,,7
data/bestiary/bestiary-xmm.json,/monster/449,monster,Unicorn,XMM,313,false,,true,,20
data/bestiary/bestiary-xmm.json,/monster/450,monster,Vampire,XMM,317,false,,true,,35
data/bestiary/bestiary-xmm.json,/monster/451,monster,Vampire Familiar,XMM,314,false,,true,,9
data/bestiary/bestiary-xmm.json,/monster/453,monster,Vampire Spawn,XMM,315,false,,true,,21
data/bestiary/bestiary-xmm.json,/monster/455,monster,Venomous Snake,XMM,372,false,,true,,3
data/bestiary/bestiary-xmm.json,/monster/457,monster,Violet Fungus,XMM,126,false,,true,,5
data/bestiary/bestiary-xmm.json,/monster/459,monster,Vrock,XMM,319,false,,true,,13
data/bestiary/bestiary-xmm.json,/monster/460,monster,Vulture,XMM,372,false,,true,,5
data/bestiary/bestiary-xmm.json,/monster/461,monster,Warhorse,XMM,373,false,,true,,3
data/bestiary/bestiary-xmm.json,/monster/462,monster,Warhorse Skeleton,XMM,282,false,,true,,3
data/bestiary/bestiary-xmm.json,/monster/464,monster,Warrior Infantry,XMM,320,false,,true,,5
data/bestiary/bestiary-xmm.json,/monster/465,monster,Warrior Veteran,XMM,320,false,,true,,9
data/bestiary/bestiary-xmm.json,/monster/466,monster,Water Elemental,XMM,322,false,,true,,11
data/bestiary/bestiary-xmm.json,/monster/468,monster,Weasel,XMM,372,false,,true,,3
data/bestiary/bestiary-xmm.json,/monster/469,monster,Werebear,XMM,324,false,,true,,11
data/bestiary/bestiary-xmm.json,/monster/470,monster,Wereboar,XMM,325,false,,true,,11
data/bestiary/bestiary-xmm.json,/monster/471,monster,Wererat,XMM,325,false,,true,,11
data/bestiary/bestiary-xmm.json,/monster/472,monster,Weretiger,XMM,326,false,,true,,13
data/bestiary/bestiary-xmm.json,/monster/473,monster,Werewolf,XMM,327,false,,true,,13
data/bestiary/bestiary-xmm.json,/monster/474,monster,White Dragon Wyrmling,XMM,328,false,,true,,9
data/bestiary/bestiary-xmm.json,/monster/475,monster,Wight,XMM,332,false,,true,,12
data/bestiary/bestiary-xmm.json,/monster/476,monster,Will-o'-Wisp,XMM,333,false,,true,,13
data/bestiary/bestiary-xmm.json,/monster/478,monster,Winter Wolf,XMM,334,false,,true,,7
data/bestiary/bestiary-xmm.json,/monster/479,monster,Wolf,XMM,373,false,,true,,5
data/bestiary/bestiary-xmm.json,/monster/480,monster,Worg,XMM,335,false,,true,,3
data/bestiary/bestiary-xmm.json,/monster/481,monster,Wraith,XMM,336,false,,true,,9
data/bestiary/bestiary-xmm.json,/monster/482,monster,Wyvern,XMM,337,false,,true,,7
data/bestiary/bestiary-xmm.json,/monster/483,monster,Xorn,XMM,338,false,,true,,13
data/bestiary/bestiary-xmm.json,/monster/486,monster,Young Black Dragon,XMM,38,false,,true,,9
data/bestiary/bestiary-xmm.json,/monster/487,monster,Young Blue Dragon,XMM,48,false,,true,,7
data/bestiary/bestiary-xmm.json,/monster/488,monster,Young Brass Dragon,XMM,54,false,,true,,9
data/bestiary/bestiary-xmm.json,/monster/489,monster,Young Bronze Dragon,XMM,58,false,,true,,11
data/bestiary/bestiary-xmm.json,/monster/490,monster,Young Copper Dragon,XMM,78,false,,true,,9
data/bestiary/bestiary-xmm.json,/monster/491,monster,Young Gold Dragon,XMM,144,false,,true,,11
data/bestiary/bestiary-xmm.json,/monster/492,monster,Young Green Dragon,XMM,152,false,,true,,9
data/bestiary/bestiary-xmm.json,/monster/493,monster,Young Red Dragon,XMM,254,false,,true,,7
data/bestiary/bestiary-xmm.json,/monster/495,monster,Young Silver Dragon,XMM,278,false,,true,,9
data/bestiary/bestiary-xmm.json,/monster/496,monster,Young White Dragon,XMM,328,false,,true,,9
data/bestiary/bestiary-xmm.json,/monster/502,monster,Zombie,XMM,346,false,,true,,5
data/bestiary/bestiary-xphb.json,/monster/1,monster,Animated Object,XPHB,240,false,,true,,12
data/bestiary/bestiary-xphb.json,/monster/8,monster,Draconic Spirit,XPHB,325,false,,true,,14
data/bestiary/bestiary-xphb.json,/monster/12,monster,Giant Insect,XPHB,279,false,,true,,14
data/bestiary/bestiary-xphb.json,/monster/13,monster,Otherworldly Steed,XPHB,273,false,,true,,20
data/book/book-dmg.json,/data/5/entries/11/entries/1/entries/3,entries,,,,true,,false,,9
data/book/book-dmg.json,/data/5/entries/17/entries/2/entries/6/entries/9,entries,,,,true,,false,,73
data/book/book-dmg.json,/data/5/entries/18/entries/2/entries/3/entries/3,entries,,,,true,,false,,13
data/book/book-dmg.json,/data/5/entries/18/entries/2/entries/3/entries/4,entries,,,,true,,false,,21
data/book/book-dmg.json,/data/7/entries/6/entries/6/entries/5/entries/3/entries/4,entries,,,,true,,false,,45
data/book/book-dmg.json,/data/7/entries/7/entries/4/entries/2/entries/1,entries,,,,true,,false,,9
data/book/book-dmg.json,/data/7/entries/7/entries/4/entries/3/entries/1,entries,,,,true,,false,,11
data/book/book-dmg.json,/data/7/entries/7/entries/4/entries/4/entries/1,entries,,,,true,,false,,21
data/book/book-dmg.json,/data/7/entries/7/entries/4/entries/6/entries/1,entries,,,,true,,false,,23
data/book/book-dmg.json,/data/8/entries/7/entries/2/entries/1/entries/1,entries,,,,true,,false,,17
data/book/book-dmg.json,/data/8/entries/7/entries/2/entries/2/entries/1,entries,,,,true,,false,,16
data/book/book-dmg.json,/data/8/entries/12/entries/6,entries,,,,true,,false,,46
data/book/book-dmg.json,/data/8/entries/13/entries/3/entries/4,entries,,,,true,,false,,23
data/book/book-dmg.json,/data/8/entries/13/entries/3/entries/5,entries,,,,true,,false,,27
data/book/book-dmg.json,/data/8/entries/13/entries/3/entries/6,entries,,,,true,,false,,27
data/book/book-dmg.json,/data/9/entries/10/entries/3/entries/5/entries/4,entries,,,,true,,false,,71
data/book/book-dmg.json,/data/9/entries/10/entries/4/entries/11/entries/2/entries/3,entries,,,,true,,false,,22
data/book/book-phb.json,/data/1/entries/8/entries/5,entries,,,,true,,false,,5
data/book/book-phb.json,/data/1/entries/8/entries/12/entries/3,entries,,,,true,,false,,21
data/book/book-phb.json,/data/1/entries/8/entries/12/entries/4,entries,,,,true,,false,,37
data/book/book-phb.json,/data/1/entries/12/entries/6,entries,,,,true,,false,,64
data/book/book-phb.json,/data/4/entries/2/entries/6/entries/4,entries,,,,true,,false,,28
data/book/book-phb.json,/data/4/entries/2/entries/6/entries/6,entries,,,,true,,false,,28
data/book/book-phb.json,/data/5/entries/4/entries/1/entries/7,entries,,,,true,,false,,37
data/book/book-phb.json,/data/5/entries/5/entries/2,entries,,,,true,,false,,31
data/book/book-phb.json,/data/5/entries/5/entries/8/entries/2,entries,,,,true,,false,,16
data/book/book-phb.json,/data/5/entries/6/entries/2,entries,,,,true,,false,,26
data/book/book-phb.json,/data/5/entries/7/entries/1,entries,,,,true,,false,,280
data/book/book-phb.json,/data/5/entries/7/entries/3,entries,,,,true,,false,,29
data/book/book-phb.json,/data/5/entries/8/entries/1/entries/0/entries/0,entries,Artisan's Tools,,154,true,,false,,2
data/book/book-phb.json,/data/5/entries/9/entries/4,entries,,,,true,,false,,37
data/book/book-phb.json,/data/5/entries/9/entries/5,entries,,,,true,,false,,37
data/book/book-phb.json,/data/5/entries/9/entries/6,entries,,,,true,,false,,22
data/book/book-phb.json,/data/5/entries/11,entries,Trade Goods,,157,true,,false,,32
data/book/book-phb.json,/data/5/entries/11/entries/2,entries,,,,true,,false,,29
data/book/book-phb.json,/data/5/entries/12/entries/1,entries,Lifestyle Expenses,,157,true,,false,,36
data/book/book-phb.json,/data/5/entries/12/entries/2/entries/1,entries,,,,true,,false,,19
data/book/book-phb.json,/data/5/entries/12/entries/3/entries/5,entries,,,,true,,false,,13
data/book/book-phb.json,/data/6/entries/3/entries/3/entries/1,entries,,,,true,,false,,27
data/book/book-phb.json,/data/6/entries/3/entries/7/entries/1,entries,,,,true,,false,,27
data/book/book-phb.json,/data/6/entries/3/entries/8/entries/4/entries/4,entries,,,,true,,false,,103
data/book/book-phb.json,/data/7/entries/6/entries/5,entries,,,,true,,false,,37
data/book/book-phb.json,/data/7/entries/9/entries/2,entries,,,,true,,false,,15
data/book/book-phb.json,/data/8/entries/8/entries/2/entries/2/entries/4,entries,,,,true,,false,,21
data/book/book-phb.json,/data/9/entries/7/entries/10/entries/2,entries,,,,true,,false,,15
data/book/book-phb.json,/data/13/entries/5/entries/1/entries/1,entries,,,,true,,false,,61
data/book/book-phb.json,/data/13/entries/5/entries/2/entries/1,entries,,,,true,,false,,81
data/book/book-phb.json,/data/13/entries/5/entries/3/entries/3,entries,,,,true,,false,,61
data/book/book-phb.json,/data/13/entries/5/entries/4/entries/2,entries,,,,true,,false,,85
data/book/book-xdmg.json,/data/1/entries/6/entries/4,entries,,,,false,,true,,29
data/book/book-xdmg.json,/data/1/entries/6/entries/8/entries/1,entries,,,,false,,true,,15
data/book/book-xdmg.json,/data/1/entries/8/entries/6/entries/3/entries/5/entries/1,entries,,,,false,,true,,73
data/book/book-xdmg.json,/data/1/entries/9/entries/5/entries/3/entries/2,entries,,,,false,,true,,22
data/book/book-xmm.json,/data/0/entries/6/entries/8,entries,,,,false,,true,,22
data/book/book-xmm.json,/data/0/entries/6/entries/20/entries/2,entries,,,,false,,true,,71
data/book/book-xmm.json,/data/0/entries/6/entries/20/entries/3/entries/1,entries,,,,false,,true,,19
data/book/book-xphb.json,/data/1/entries/10/entries/1,entries,,,,false,,true,,15
data/book/book-xphb.json,/data/1/entries/10/entries/2/entries/1,entries,,,,false,,true,,17
data/book/book-xphb.json,/data/1/entries/10/entries/3/entries/1,entries,,,,false,,true,,35
data/book/book-xphb.json,/data/1/entries/11/entries/3/entries/1/entries/1,entries,,,,false,,true,,15
data/book/book-xphb.json,/data/1/entries/11/entries/3/entries/3/entries/1,entries,,,,false,,true,,15
data/book/book-xphb.json,/data/1/entries/11/entries/4/entries/2/entries/1,entries,,,,false,,true,,15
data/book/book-xphb.json,/data/1/entries/11/entries/5/entries/1/entries/1,entries,,,,false,,true,,9
data/book/book-xphb.json,/data/1/entries/12/entries/2,entries,,,,false,,true,,19
data/book/book-xphb.json,/data/1/entries/12/entries/4/entries/2/entries/1,entries,,,,false,,true,,58
data/book/book-xphb.json,/data/1/entries/13/entries/1,entries,,,,false,,true,,27
data/book/book-xphb.json,/data/1/entries/15/entries/6/entries/3/entries/1,entries,,,,false,,true,,14
data/book/book-xphb.json,/data/1/entries/16/entries/3/entries/8/entries/2,entries,,,,false,,true,,22
data/book/book-xphb.json,/data/1/entries/16/entries/5/entries/2,entries,,,,false,,true,,13
data/book/book-xphb.json,/data/2/entries/3/entries/3/entries/1,entries,,,,false,,true,,53
data/book/book-xphb.json,/data/2/entries/3/entries/4/entries/2/entries/2,entries,,,,false,,true,,15
data/book/book-xphb.json,/data/2/entries/3/entries/4/entries/6/entries/2,entries,,,,false,,true,,25
data/book/book-xphb.json,/data/2/entries/3/entries/4/entries/6/entries/4,entries,,,,false,,true,,21
data/book/book-xphb.json,/data/2/entries/3/entries/5/entries/1/entries/3/entries/1,entries,,,,false,,true,,19
data/book/book-xphb.json,/data/2/entries/3/entries/5/entries/2/entries/2,entries,,,,false,,true,,92
data/book/book-xphb.json,/data/2/entries/3/entries/5/entries/4/entries/1,entries,,,,false,,true,,23
data/book/book-xphb.json,/data/2/entries/3/entries/7/entries/2/entries/4/entries/1,entries,,,,false,,true,,11
data/book/book-xphb.json,/data/2/entries/4/entries/3,entries,,,,false,,true,,64
data/book/book-xphb.json,/data/2/entries/4/entries/4/entries/1/items/1/entries/1,entries,,,,false,,true,,11
data/book/book-xphb.json,/data/2/entries/5/entries/2/entries/2,entries,,,,false,,true,,16
data/book/book-xphb.json,/data/2/entries/6/entries/6/entries/4/entries/1,entries,,,,false,,true,,211
data/book/book-xphb.json,/data/2/entries/6/data/variantRuleInclude,entries,,,,false,,true,,0
data/book/book-xphb.json,/data/6/entries/2/entries/2,entries,,,,false,,true,,13
data/book/book-xphb.json,/data/6/entries/3/entries/2,entries,,,,false,,true,,11
data/book/book-xphb.json,/data/6/entries/3/entries/9/data/variantRuleInclude,entries,Weapon Mastery Properties,,,false,,true,,1
data/book/book-xphb.json,/data/6/entries/4/entries/4,entries,,,,false,,true,,11
data/book/book-xphb.json,/data/6/entries/6/entries/2,entries,,,,false,,true,,250
data/book/book-xphb.json,/data/6/entries/6/entries/3/entries/2/entries/1,entries,,,,false,,true,,31
data/book/book-xphb.json,/data/6/entries/6/entries/3/entries/4/entries/1,entries,,,,false,,true,,19
data/book/book-xphb.json,/data/6/entries/6/entries/3/entries/30/entries/1,entries,,,,false,,true,,13
data/book/book-xphb.json,/data/6/entries/6/entries/3/entries/37/entries/2,entries,,,,false,,true,,13
data/book/book-xphb.json,/data/6/entries/7/entries/4,entries,,,,false,,true,,28
data/book/book-xphb.json,/data/6/entries/7/entries/5,entries,,,,false,,true,,5
data/book/book-xphb.json,/data/6/entries/7/entries/6/entries/6,entries,,,,false,,true,,73
data/book/book-xphb.json,/data/6/entries/8/entries/3/entries/1,entries,,,,false,,true,,6
data/book/book-xphb.json,/data/6/entries/8/entries/5/entries/1,entries,,,,false,,true,,9
data/book/book-xphb.json,/data/6/entries/8/entries/6/entries/1,entries,,,,false,,true,,25
data/book/book-xphb.json,/data/6/entries/10/entries/3/entries/4,entries,,,,false,,true,,34
data/book/book-xphb.json,/data/7/entries/2/entries/1/entries/1,entries,,,,false,,true,,28
data/book/book-xphb.json,/data/7/entries/3/entries/2/entries/1,entries,,,,false,,true,,19
data/class/class-artificer.json,/subclass/1/_copy/_preserve,subclass,,,,true,,false,,0
data/class/class-artificer.json,/subclass/3/_copy/_preserve,subclass,,,,true,,false,,0
data/class/class-artificer.json,/subclass/5/_copy/_preserve,subclass,,,,true,,false,,0
data/class/class-artificer.json,/subclass/7/_copy/_preserve,subclass,,,,true,,false,,0
data/class/class-barbarian.json,/class/0,class,Barbarian,PHB,46,true,,false,,23
data/class/class-barbarian.json,/class/1,class,Barbarian,XPHB,50,false,,true,,46
data/class/class-barbarian.json,/subclass/0,subclass,Path of the Berserker,PHB,49,true,,false,,1
data/class/class-barbarian.json,/subclass/1/_copy/_preserve,subclass,,,,true,,false,,0
data/class/class-barbarian.json,/subclass/3/_copy/_preserve,subclass,,,,true,,false,,0
data/class/class-barbarian.json,/subclass/5/_copy/_preserve,subclass,,,,true,,false,,0
data/class/class-barbarian.json,/subclass/7/_copy/_preserve,subclass,,,,true,,false,,0
data/class/class-barbarian.json,/subclass/9/_copy/_preserve,subclass,,,,true,,false,,0
data/class/class-barbarian.json,/subclass/11/_copy/_preserve,subclass,,,,true,,false,,0
data/class/class-barbarian.json,/subclass/13/_copy/_preserve,subclass,,,,true,,false,,0
data/class/class-barbarian.json,/subclass/15/_copy/_preserve,subclass,,,,true,,false,,0
data/class/class-barbarian.json,/subclass/17/_copy/_preserve,subclass,,,,true,,false,,0
data/class/class-barbarian.json,/subclass/18,subclass,Path of the Berserker,XPHB,54,false,,true,,1
data/class/class-barbarian.json,/classFeature/0,classFeature,Rage,PHB,46,true,,false,,9
data/class/class-barbarian.json,/classFeature/1,classFeature,Unarmored Defense,PHB,46,true,,false,,2
data/class/class-barbarian.json,/classFeature/2,classFeature,Danger Sense,PHB,46,true,,false,,2
data/class/class-barbarian.json,/classFeature/3,classFeature,Reckless Attack,PHB,46,true,,false,,2
data/class/class-barbarian.json,/classFeature/5,classFeature,Primal Path,PHB,46,true,,false,,2
data/class/class-barbarian.json,/classFeature/6,classFeature,Ability Score Improvement,PHB,46,true,,false,,3
data/class/class-barbarian.json,/classFeature/7,classFeature,Extra Attack,PHB,46,true,,false,,2
data/class/class-barbarian.json,/classFeature/8,classFeature,Fast Movement,PHB,46,true,,false,,2
data/class/class-barbarian.json,/classFeature/9,classFeature,Path Feature,PHB,46,true,,false,,2
data/class/class-barbarian.json,/classFeature/10,classFeature,Feral Instinct,PHB,46,true,,false,,3
data/class/class-barbarian.json,/classFeature/12,classFeature,Ability Score Improvement,PHB,46,true,,false,,3
data/class/class-barbarian.json,/classFeature/13,classFeature,Brutal Critical (1 die),PHB,46,true,,false,,3
data/class/class-barbarian.json,/classFeature/14,classFeature,Path feature,PHB,46,true,,false,,2
data/class/class-barbarian.json,/classFeature/15,classFeature,Relentless Rage,PHB,46,true,,false,,3
data/class/class-barbarian.json,/classFeature/16,classFeature,Ability Score Improvement,PHB,46,true,,false,,3
data/class/class-barbarian.json,/classFeature/17,classFeature,Brutal Critical (2 dice),PHB,46,true,,false,,3
data/class/class-barbarian.json,/classFeature/18,classFeature,Path feature,PHB,46,true,,false,,2
data/class/class-barbarian.json,/classFeature/19,classFeature,Persistent Rage,PHB,46,true,,false,,2
data/class/class-barbarian.json,/classFeature/20,classFeature,Ability Score Improvement,PHB,46,true,,false,,3
data/class/class-barbarian.json,/classFeature/21,classFeature,Brutal Critical (3 dice),PHB,46,true,,false,,2
data/class/class-barbarian.json,/classFeature/22,classFeature,Indomitable Might,PHB,46,true,,false,,2
data/class/class-barbarian.json,/classFeature/23,classFeature,Ability Score Improvement,PHB,46,true,,false,,3
data/class/class-barbarian.json,/classFeature/24,classFeature,Primal Champion,PHB,46,true,,false,,2
data/class/class-barbarian.json,/classFeature/25,classFeature,Rage,XPHB,51,false,,true,,18
data/class/class-barbarian.json,/classFeature/26,classFeature,Unarmored Defense,XPHB,51,false,,true,,2
data/class/class-barbarian.json,/classFeature/27,classFeature,Weapon Mastery,XPHB,52,false,,true,,3
data/class/class-barbarian.json,/classFeature/28,classFeature,Danger Sense,XPHB,52,false,,true,,2
data/class/class-barbarian.json,/classFeature/29,classFeature,Reckless Attack,XPHB,52,false,,true,,2
data/class/class-barbarian.json,/classFeature/30,classFeature,Barbarian Subclass,XPHB,52,false,,true,,2
data/class/class-barbarian.json,/classFeature/31,classFeature,Primal Knowledge,XPHB,52,false,,true,,3
data/class/class-barbarian.json,/classFeature/32,classFeature,Ability Score Improvement,XPHB,53,false,,true,,2
data/class/class-barbarian.json,/classFeature/33,classFeature,Extra Attack,XPHB,53,false,,true,,2
data/class/class-barbarian.json,/classFeature/34,classFeature,Fast Movement,XPHB,53,false,,true,,2
data/class/class-barbarian.json,/classFeature/35,classFeature,Subclass Feature,XPHB,53,false,,true,,2
data/class/class-barbarian.json,/classFeature/36,classFeature,Feral Instinct,XPHB,53,false,,true,,2
data/class/class-barbarian.json,/classFeature/37,classFeature,Instinctive Pounce,XPHB,53,false,,true,,2
data/class/class-barbarian.json,/classFeature/38,classFeature,Ability Score Improvement,XPHB,53,false,,true,,2
data/class/class-barbarian.json,/classFeature/39,classFeature,Brutal Strike,XPHB,53,false,,true,,6
data/class/class-barbarian.json,/classFeature/40,classFeature,Subclass Feature,XPHB,53,false,,true,,2
data/class/class-barbarian.json,/classFeature/41,classFeature,Relentless Rage,XPHB,53,false,,true,,3
data/class/class-barbarian.json,/classFeature/42,classFeature,Ability Score Improvement,XPHB,53,false,,true,,2
data/class/class-barbarian.json,/classFeature/43,classFeature,Improved Brutal Strike,XPHB,53,false,,true,,6
data/class/class-barbarian.json,/classFeature/44,classFeature,Subclass Feature,XPHB,53,false,,true,,2
data/class/class-barbarian.json,/classFeature/45,classFeature,Persistent Rage,XPHB,53,false,,true,,3
data/class/class-barbarian.json,/classFeature/46,classFeature,Ability Score Improvement,XPHB,53,false,,true,,2
data/class/class-barbarian.json,/classFeature/47,classFeature,Improved Brutal Strike,XPHB,53,false,,true,,2
data/class/class-barbarian.json,/classFeature/48,classFeature,Indomitable Might,XPHB,53,false,,true,,2
data/class/class-barbarian.json,/classFeature/49,classFeature,Epic Boon,XPHB,53,false,,true,,2
data/class/class-barbarian.json,/classFeature/50,classFeature,Primal Champion,XPHB,53,false,,true,,2
data/class/class-barbarian.json,/subclassFeature/6,subclassFeature,Path of the Berserker,PHB,49,true,,false,,2
data/class/class-barbarian.json,/subclassFeature/7,subclassFeature,Frenzy,PHB,49,true,,false,,2
data/class/class-barbarian.json,/subclassFeature/8,subclassFeature,Mindless Rage,PHB,49,true,,false,,2
data/class/class-barbarian.json,/subclassFeature/9,subclassFeature,Intimidating Presence,PHB,49,true,,false,,3
data/class/class-barbarian.json,/subclassFeature/10,subclassFeature,Retaliation,PHB,49,true,,false,,2
data/class/class-barbarian.json,/subclassFeature/74,subclassFeature,Path of the Berserker,XPHB,54,false,,true,,3
data/class/class-barbarian.json,/subclassFeature/75,subclassFeature,Frenzy,XPHB,54,false,,true,,2
data/class/class-barbarian.json,/subclassFeature/76,subclassFeature,Mindless Rage,XPHB,54,false,,true,,2
data/class/class-barbarian.json,/subclassFeature/77,subclassFeature,Retaliation,XPHB,54,false,,true,,2
data/class/class-barbarian.json,/subclassFeature/78,subclassFeature,Intimidating Presence,XPHB,54,false,,true,,3
data/class/class-bard.json,/class/0,class,Bard,PHB,51,true,,false,,14
data/class/class-bard.json,/class/1,class,Bard,XPHB,58,false,,true,,16
data/class/class-bard.json,/subclass/0,subclass,College of Lore,PHB,54,true,,false,,2
data/class/class-bard.json,/subclass/1/_copy/_preserve,subclass,,,,true,,false,,0
data/class/class-bard.json,/subclass/3/_copy/_preserve,subclass,,,,true,,false,,0
data/class/class-bard.json,/subclass/5/_copy/_preserve,subclass,,,,true,,false,,0
data/class/class-bard.json,/subclass/7/_copy/_preserve,subclass,,,,true,,false,,0
data/class/class-bard.json,/subclass/9/_copy/_preserve,subclass,,,,true,,false,,0
data/class/class-bard.json,/subclass/11/_copy/_preserve,subclass,,,,true,,false,,0
data/class/class-bard.json,/subclass/13/_copy/_preserve,subclass,,,,true,,false,,0
data/class/class-bard.json,/subclass/15/_copy/_preserve,subclass,,,,true,,false,,0
data/class/class-bard.json,/subclass/18,subclass,College of Lore,XPHB,66,false,,true,,1
data/class/class-bard.json,/classFeature/0,classFeature,Bardic Inspiration,PHB,51,true,,false,,5
data/class/class-bard.json,/classFeature/1,classFeature,Spellcasting,PHB,51,true,,false,,19
data/class/class-bard.json,/classFeature/2,classFeature,Jack of All Trades,PHB,51,true,,false,,2
data/class/class-bard.json,/classFeature/4,classFeature,Song of Rest (d6),PHB,51,true,,false,,3
data/class/class-bard.json,/classFeature/5,classFeature,Bard College,PHB,51,true,,false,,2
data/class/class-bard.json,/classFeature/6,classFeature,Expertise,PHB,51,true,,false,,3
data/class/class-bard.json,/classFeature/7,classFeature,Ability Score Improvement,PHB,51,true,,false,,3
data/class/class-bard.json,/classFeature/9,classFeature,Bardic Inspiration (d8),PHB,51,true,,false,,2
data/class/class-bard.json,/classFeature/10,classFeature,Font of Inspiration,PHB,51,true,,false,,2
data/class/class-bard.json,/classFeature/11,classFeature,Bard College feature,PHB,51,true,,false,,2
data/class/class-bard.json,/classFeature/12,classFeature,Countercharm,PHB,51,true,,false,,2
data/class/class-bard.json,/classFeature/13,classFeature,Ability Score Improvement,PHB,51,true,,false,,3
data/class/class-bard.json,/classFeature/14,classFeature,Song of Rest (d8),PHB,51,true,,false,,2
data/class/class-bard.json,/classFeature/15,classFeature,Bardic Inspiration (d10),PHB,51,true,,false,,2
data/class/class-bard.json,/classFeature/16,classFeature,Expertise,PHB,51,true,,false,,2
data/class/class-bard.json,/classFeature/17,classFeature,Magical Secrets,PHB,51,true,,false,,4
data/class/class-bard.json,/classFeature/18,classFeature,Ability Score Improvement,PHB,51,true,,false,,3
data/class/class-bard.json,/classFeature/19,classFeature,Song of Rest (d10),PHB,51,true,,false,,2
data/class/class-bard.json,/classFeature/20,classFeature,Bard College feature,PHB,51,true,,false,,2
data/class/class-bard.json,/classFeature/21,classFeature,Magical Secrets,PHB,51,true,,false,,3
data/class/class-bard.json,/classFeature/22,classFeature,Bardic Inspiration (d12),PHB,51,true,,false,,2
data/class/class-bard.json,/classFeature/23,classFeature,Ability Score Improvement,PHB,51,true,,false,,3
data/class/class-bard.json,/classFeature/24,classFeature,Song of Rest (d12),PHB,51,true,,false,,2
data/class/class-bard.json,/classFeature/25,classFeature,Magical Secrets,PHB,51,true,,false,,3
data/class/class-bard.json,/classFeature/26,classFeature,Ability Score Improvement,PHB,51,true,,false,,3
data/class/class-bard.json,/classFeature/27,classFeature,Superior Inspiration,PHB,51,true,,false,,2
data/class/class-bard.json,/classFeature/28,classFeature,Bardic Inspiration,XPHB,59,false,,true,,9
data/class/class-bard.json,/classFeature/29,classFeature,Spellcasting,XPHB,59,false,,true,,18
data/class/class-bard.json,/classFeature/30,classFeature,Expertise,XPHB,60,false,,true,,3
data/class/class-bard.json,/classFeature/31,classFeature,Jack of All Trades,XPHB,60,false,,true,,6
data/class/class-bard.json,/classFeature/32,classFeature,Bard Subclass,XPHB,60,false,,true,,2
data/class/class-bard.json,/classFeature/33,classFeature,Ability Score Improvement,XPHB,61,false,,true,,2
data/class/class-bard.json,/classFeature/34,classFeature,Font of Inspiration,XPHB,61,false,,true,,3
data/class/class-bard.json,/classFeature/35,classFeature,Subclass Feature,XPHB,61,false,,true,,2
data/class/class-bard.json,/classFeature/36,classFeature,Countercharm,XPHB,61,false,,true,,2
data/class/class-bard.json,/classFeature/37,classFeature,Ability Score Improvement,XPHB,61,false,,true,,2
data/class/class-bard.json,/classFeature/38,classFeature,Expertise,XPHB,61,false,,true,,2
data/class/class-bard.json,/classFeature/39,classFeature,Magical Secrets,XPHB,61,false,,true,,2
data/class/class-bard.json,/classFeature/40,classFeature,Ability Score Improvement,XPHB,61,false,,true,,2
data/class/class-bard.json,/classFeature/41,classFeature,Subclass Feature,XPHB,61,false,,true,,2
data/class/class-bard.json,/classFeature/42,classFeature,Ability Score Improvement,XPHB,61,false,,true,,2
data/class/class-bard.json,/classFeature/43,classFeature,Superior Inspiration,XPHB,61,false,,true,,2
data/class/class-bard.json,/classFeature/44,classFeature,Epic Boon,XPHB,61,false,,true,,2
data/class/class-bard.json,/classFeature/45,classFeature,Words of Creation,XPHB,61,false,,true,,2
data/class/class-bard.json,/subclassFeature/0,subclassFeature,College of Lore,PHB,54,true,,false,,4
data/class/class-bard.json,/subclassFeature/1,subclassFeature,Bonus Proficiencies,PHB,54,true,,false,,2
data/class/class-bard.json,/subclassFeature/2,subclassFeature,Cutting Words,PHB,54,true,,false,,2
data/class/class-bard.json,/subclassFeature/3,subclassFeature,Additional Magical Secrets,PHB,54,true,,false,,2
data/class/class-bard.json,/subclassFeature/4,subclassFeature,Peerless Skill,PHB,54,true,,false,,2
data/class/class-bard.json,/subclassFeature/70,subclassFeature,College of Lore,XPHB,66,false,,true,,3
data/class/class-bard.json,/subclassFeature/71,subclassFeature,Bonus Proficiencies,XPHB,66,false,,true,,2
data/class/class-bard.json,/subclassFeature/72,subclassFeature,Cutting Words,XPHB,66,false,,true,,2
data/class/class-bard.json,/subclassFeature/73,subclassFeature,Magical Discoveries,XPHB,66,false,,true,,3
data/class/class-bard.json,/subclassFeature/74,subclassFeature,Peerless Skill,XPHB,67,false,,true,,2
data/class/class-cleric.json,/class/0,class,Cleric,PHB,56,true,,false,,12
data/class/class-cleric.json,/class/1,class,Cleric,XPHB,68,false,,true,,16
data/class/class-cleric.json,/subclass/1/_copy/_preserve,subclass,,,,true,,false,,0
data/class/class-cleric.json,/subclass/2,subclass,Life Domain,PHB,60,true,,false,,1
data/class/class-cleric.json,/subclass/3/_copy/_preserve,subclass,,,,true,,false,,0
data/class/class-cleric.json,/subclass/5/_copy/_preserve,subclass,,,,true,,false,,0
data/class/class-cleric.json,/subclass/7/_copy/_preserve,subclass,,,,true,,false,,0
data/class/class-cleric.json,/subclass/9/_copy/_preserve,subclass,,,,true,,false,,0
data/class/class-cleric.json,/subclass/11/_copy/_preserve,subclass,,,,true,,false,,0
data/class/class-cleric.json,/subclass/13/_copy/_preserve,subclass,,,,true,,false,,0
data/class/class-cleric.json,/subclass/15/_copy/_preserve,subclass,,,,true,,false,,0
data/class/class-cleric.json,/subclass/17/_copy/_preserve,subclass,,,,true,,false,,0
data/class/class-cleric.json,/subclass/19/_copy/_preserve,subclass,,,,true,,false,,0
data/class/class-cleric.json,/subclass/21/_copy/_preserve,subclass,,,,true,,false,,0
data/class/class-cleric.json,/subclass/23/_copy/_preserve,subclass,,,,true,,false,,0
data/class/class-cleric.json,/subclass/25/_copy/_preserve,subclass,,,,true,,false,,0
data/class/class-cleric.json,/subclass/27/_copy/_preserve,subclass,,,,true,,false,,0
data/class/class-cleric.json,/subclass/29/_copy/_preserve,subclass,,,,true,,false,,0
data/class/class-cleric.json,/subclass/31/_copy/_preserve,subclass,,,,true,,false,,0
data/class/class-cleric.json,/subclass/33/_copy/_preserve,subclass,,,,true,,false,,0
data/class/class-cleric.json,/subclass/35/_copy/_preserve,subclass,,,,true,,false,,0
data/class/class-cleric.json,/subclass/37/_copy/_preserve,subclass,,,,true,,false,,0
data/class/class-cleric.json,/subclass/38,subclass,Life Domain,XPHB,73,false,,true,,1
data/class/class-cleric.json,/classFeature/0,classFeature,Divine Domain,PHB,56,true,,false,,5
data/class/class-cleric.json,/classFeature/1,classFeature,Spellcasting,PHB,56,true,,false,,17
data/class/class-cleric.json,/classFeature/2,classFeature,Channel Divinity,PHB,56,true,,false,,5
data/class/class-cleric.json,/classFeature/4,classFeature,Channel Divinity: Turn Undead,PHB,56,true,,false,,4
data/class/class-cleric.json,/classFeature/5,classFeature,Divine Domain feature,PHB,56,true,,false,,2
data/class/class-cleric.json,/classFeature/6,classFeature,Ability Score Improvement,PHB,56,true,,false,,3
data/class/class-cleric.json,/classFeature/8,classFeature,Destroy Undead (CR 1/2),PHB,56,true,,false,,2
data/class/class-cleric.json,/classFeature/9,classFeature,Channel Divinity,PHB,56,true,,false,,2
data/class/class-cleric.json,/classFeature/10,classFeature,Divine Domain feature,PHB,56,true,,false,,2
data/class/class-cleric.json,/classFeature/11,classFeature,Ability Score Improvement,PHB,56,true,,false,,3
data/class/class-cleric.json,/classFeature/12,classFeature,Destroy Undead (CR 1),PHB,56,true,,false,,2
data/class/class-cleric.json,/classFeature/13,classFeature,Divine Domain feature,PHB,56,true,,false,,2
data/class/class-cleric.json,/classFeature/14,classFeature,Divine Intervention,PHB,56,true,,false,,4
data/class/class-cleric.json,/classFeature/15,classFeature,Destroy Undead (CR 2),PHB,56,true,,false,,2
data/class/class-cleric.json,/classFeature/16,classFeature,Ability Score Improvement,PHB,56,true,,false,,3
data/class/class-cleric.json,/classFeature/17,classFeature,Destroy Undead (CR 3),PHB,56,true,,false,,2
data/class/class-cleric.json,/classFeature/18,classFeature,Ability Score Improvement,PHB,56,true,,false,,3
data/class/class-cleric.json,/classFeature/19,classFeature,Destroy Undead (CR 4),PHB,56,true,,false,,2
data/class/class-cleric.json,/classFeature/20,classFeature,Divine Domain feature,PHB,56,true,,false,,2
data/class/class-cleric.json,/classFeature/21,classFeature,Channel Divinity,PHB,56,true,,false,,2
data/class/class-cleric.json,/classFeature/22,classFeature,Ability Score Improvement,PHB,56,true,,false,,3
data/class/class-cleric.json,/classFeature/23,classFeature,Divine Intervention Improvement,PHB,56,true,,false,,2
data/class/class-cleric.json,/classFeature/24,classFeature,Divine Order,XPHB,70,false,,true,,2
data/class/class-cleric.json,/classFeature/25,classFeature,Protector,XPHB,70,false,,true,,2
data/class/class-cleric.json,/classFeature/26,classFeature,Spellcasting,XPHB,70,false,,true,,18
data/class/class-cleric.json,/classFeature/27,classFeature,Thaumaturge,XPHB,70,false,,true,,2
data/class/class-cleric.json,/classFeature/28,classFeature,Channel Divinity,XPHB,70,false,,true,,4
data/class/class-cleric.json,/classFeature/29,classFeature,Divine Spark,XPHB,70,false,,true,,4
data/class/class-cleric.json,/classFeature/30,classFeature,Turn Undead,XPHB,70,false,,true,,3
data/class/class-cleric.json,/classFeature/31,classFeature,Cleric Subclass,XPHB,71,false,,true,,2
data/class/class-cleric.json,/classFeature/32,classFeature,Ability Score Improvement,XPHB,71,false,,true,,2
data/class/class-cleric.json,/classFeature/33,classFeature,Sear Undead,XPHB,71,false,,true,,2
data/class/class-cleric.json,/classFeature/34,classFeature,Subclass Feature,XPHB,71,false,,true,,2
data/class/class-cleric.json,/classFeature/35,classFeature,Blessed Strikes,XPHB,71,false,,true,,2
data/class/class-cleric.json,/classFeature/36,classFeature,Divine Strike,XPHB,71,false,,true,,2
data/class/class-cleric.json,/classFeature/37,classFeature,Potent Spellcasting,XPHB,71,false,,true,,2
data/class/class-cleric.json,/classFeature/38,classFeature,Ability Score Improvement,XPHB,71,false,,true,,2
data/class/class-cleric.json,/classFeature/39,classFeature,Divine Intervention,XPHB,71,false,,true,,2
data/class/class-cleric.json,/classFeature/40,classFeature,Ability Score Improvement,XPHB,71,false,,true,,2
data/class/class-cleric.json,/classFeature/41,classFeature,Improved Blessed Strikes,XPHB,71,false,,true,,6
data/class/class-cleric.json,/classFeature/42,classFeature,Ability Score Improvement,XPHB,71,false,,true,,2
data/class/class-cleric.json,/classFeature/43,classFeature,Subclass Feature,XPHB,71,false,,true,,2
data/class/class-cleric.json,/classFeature/44,classFeature,Epic Boon,XPHB,71,false,,true,,2
data/class/class-cleric.json,/classFeature/45,classFeature,Greater Divine Intervention,XPHB,71,false,,true,,2
data/class/class-cleric.json,/subclassFeature/15,subclassFeature,Life Domain,PHB,60,true,,false,,16
data/class/class-cleric.json,/subclassFeature/16,subclassFeature,Bonus Proficiency,PHB,60,true,,false,,2
data/class/class-cleric.json,/subclassFeature/17,subclassFeature,Disciple of Life,PHB,60,true,,false,,2
data/class/class-cleric.json,/subclassFeature/18,subclassFeature,Channel Divinity: Preserve Life,PHB,60,true,,false,,4
data/class/class-cleric.json,/subclassFeature/19,subclassFeature,Blessed Healer,PHB,60,true,,false,,2
data/class/class-cleric.json,/subclassFeature/21,subclassFeature,Divine Strike,PHB,60,true,,false,,2
data/class/class-cleric.json,/subclassFeature/22,subclassFeature,Supreme Healing,PHB,60,true,,false,,2
data/class/class-cleric.json,/subclassFeature/152/_copy/_preserve,subclassFeature,,,,true,,false,,0
data/class/class-cleric.json,/subclassFeature/153/_copy/_preserve,subclassFeature,,,,true,,false,,0
data/class/class-cleric.json,/subclassFeature/191,subclassFeature,Life Domain,XPHB,73,false,,true,,4
data/class/class-cleric.json,/subclassFeature/192,subclassFeature,Disciple of Life,XPHB,73,false,,true,,2
data/class/class-cleric.json,/subclassFeature/193,subclassFeature,Life Domain Spells,XPHB,73,false,,true,,13
data/class/class-cleric.json,/subclassFeature/194,subclassFeature,Preserve Life,XPHB,73,false,,true,,3
data/class/class-cleric.json,/subclassFeature/195,subclassFeature,Blessed Healer,XPHB,74,false,,true,,2
data/class/class-cleric.json,/subclassFeature/196,subclassFeature,Supreme Healing,XPHB,74,false,,true,,2
data/class/class-druid.json,/class/0,class,Druid,PHB,64,true,,false,,12
data/class/class-druid.json,/class/1,class,Druid,XPHB,78,false,,true,,16
data/class/class-druid.json,/subclass/0,subclass,Circle of the Land,PHB,68,true,,false,,9
data/class/class-druid.json,/subclass/1/_copy/_preserve,subclass,,,,true,,false,,0
data/class/class-druid.json,/subclass/3/_copy/_preserve,subclass,,,,true,,false,,0
data/class/class-druid.json,/subclass/5/_copy/_preserve,subclass,,,,true,,false,,0
data/class/class-druid.json,/subclass/7/_copy/_preserve,subclass,,,,true,,false,,0
data/class/class-druid.json,/subclass/9/_copy/_preserve,subclass,,,,true,,false,,0
data/class/class-druid.json,/subclass/11/_copy/_preserve,subclass,,,,true,,false,,0
data/class/class-druid.json,/subclass/13/_copy/_preserve,subclass,,,,true,,false,,0
data/class/class-druid.json,/subclass/14,subclass,Circle of the Land,XPHB,84,false,,true,,5
data/class/class-druid.json,/classFeature/0,classFeature,Druidic,PHB,64,true,,false,,2
data/class/class-druid.json,/classFeature/1,classFeature,Spellcasting,PHB,64,true,,false,,17
data/class/class-druid.json,/classFeature/2,classFeature,Druid Circle,PHB,64,true,,false,,2
data/class/class-druid.json,/classFeature/4,classFeature,Wild Shape,PHB,64,true,,false,,27
data/class/class-druid.json,/classFeature/5,classFeature,Ability Score Improvement,PHB,64,true,,false,,3
data/class/class-druid.json,/classFeature/7,classFeature,Wild Shape Improvement,PHB,64,true,,false,,2
data/class/class-druid.json,/classFeature/8,classFeature,Druid Circle feature,PHB,64,true,,false,,2
data/class/class-druid.json,/classFeature/9,classFeature,Ability Score Improvement,PHB,64,true,,false,,3
data/class/class-druid.json,/classFeature/10,classFeature,Wild Shape Improvement,PHB,64,true,,false,,2
data/class/class-druid.json,/classFeature/11,classFeature,Druid Circle feature,PHB,64,true,,false,,2
data/class/class-druid.json,/classFeature/12,classFeature,Ability Score Improvement,PHB,64,true,,false,,3
data/class/class-druid.json,/classFeature/13,classFeature,Druid Circle feature,PHB,64,true,,false,,2
data/class/class-druid.json,/classFeature/14,classFeature,Ability Score Improvement,PHB,64,true,,false,,3
data/class/class-druid.json,/classFeature/15,classFeature,Beast Spells,PHB,64,true,,false,,2
data/class/class-druid.json,/classFeature/16,classFeature,Timeless Body,PHB,64,true,,false,,2
data/class/class-druid.json,/classFeature/17,classFeature,Ability Score Improvement,PHB,64,true,,false,,3
data/class/class-druid.json,/classFeature/18,classFeature,Archdruid,PHB,64,true,,false,,3
data/class/class-druid.json,/classFeature/19,classFeature,Druidic,XPHB,80,false,,true,,3
data/class/class-druid.json,/classFeature/20,classFeature,Magician,XPHB,80,false,,true,,2
data/class/class-druid.json,/classFeature/21,classFeature,Primal Order,XPHB,80,false,,true,,2
data/class/class-druid.json,/classFeature/22,classFeature,Spellcasting,XPHB,79,false,,true,,18
data/class/class-druid.json,/classFeature/23,classFeature,Warden,XPHB,80,false,,true,,2
data/class/class-druid.json,/classFeature/24,classFeature,Wild Companion,XPHB,81,false,,true,,3
data/class/class-druid.json,/classFeature/25,classFeature,Wild Shape,XPHB,80,false,,true,,36
data/class/class-druid.json,/classFeature/26,classFeature,Druid Subclass,XPHB,81,false,,true,,2
data/class/class-druid.json,/classFeature/27,classFeature,Ability Score Improvement,XPHB,81,false,,true,,2
data/class/class-druid.json,/classFeature/28,classFeature,Wild Resurgence,XPHB,81,false,,true,,3
data/class/class-druid.json,/classFeature/29,classFeature,Subclass Feature,XPHB,81,false,,true,,2
data/class/class-druid.json,/classFeature/30,classFeature,Elemental Fury,XPHB,81,false,,true,,2
data/class/class-druid.json,/classFeature/31,classFeature,Potent Spellcasting,XPHB,81,false,,true,,2
data/class/class-druid.json,/classFeature/32,classFeature,Primal Strike,XPHB,81,false,,true,,2
data/class/class-druid.json,/classFeature/33,classFeature,Ability Score Improvement,XPHB,81,false,,true,,2
data/class/class-druid.json,/classFeature/34,classFeature,Subclass Feature,XPHB,81,false,,true,,2
data/class/class-druid.json,/classFeature/35,classFeature,Ability Score Improvement,XPHB,81,false,,true,,2
data/class/class-druid.json,/classFeature/36,classFeature,Subclass Feature,XPHB,81,false,,true,,2
data/class/class-druid.json,/classFeature/37,classFeature,Improved Elemental Fury,XPHB,81,false,,true,,6
data/class/class-druid.json,/classFeature/38,classFeature,Ability Score Improvement,XPHB,81,false,,true,,2
data/class/class-druid.json,/classFeature/39,classFeature,Beast Spells,XPHB,81,false,,true,,2
data/class/class-druid.json,/classFeature/40,classFeature,Epic Boon,XPHB,81,false,,true,,2
data/class/class-druid.json,/classFeature/41,classFeature,Archdruid,XPHB,82,false,,true,,8
data/class/class-druid.json,/subclassFeature/0,subclassFeature,Circle of the Land,PHB,68,true,,false,,2
data/class/class-druid.json,/subclassFeature/1,subclassFeature,Bonus Cantrip,PHB,68,true,,false,,2
data/class/class-druid.json,/subclassFeature/2,subclassFeature,Circle Spells,PHB,68,true,,false,,91
data/class/class-druid.json,/subclassFeature/3,subclassFeature,Natural Recovery,PHB,68,true,,false,,3
data/class/class-druid.json,/subclassFeature/4,subclassFeature,Land's Stride,PHB,68,true,,false,,3
data/class/class-druid.json,/subclassFeature/5,subclassFeature,Nature's Ward,PHB,68,true,,false,,2
data/class/class-druid.json,/subclassFeature/6,subclassFeature,Nature's Sanctuary,PHB,68,true,,false,,3
data/class/class-druid.json,/subclassFeature/46/_copy/_preserve,subclassFeature,,,,true,,false,,0
data/class/class-druid.json,/subclassFeature/53,subclassFeature,Circle of the Land,XPHB,84,false,,true,,3
data/class/class-druid.json,/subclassFeature/54,subclassFeature,Circle of the Land Spells,XPHB,84,false,,true,,46
data/class/class-druid.json,/subclassFeature/55,subclassFeature,Land's Aid,XPHB,85,false,,true,,3
data/class/class-druid.json,/subclassFeature/56,subclassFeature,Natural Recovery,XPHB,85,false,,true,,3
data/class/class-druid.json,/subclassFeature/57,subclassFeature,Nature's Ward,XPHB,85,false,,true,,13
data/class/class-druid.json,/subclassFeature/58,subclassFeature,Nature's Sanctuary,XPHB,86,false,,true,,3
data/class/class-fighter.json,/class/0,class,Fighter,PHB,70,true,,false,,2
data/class/class-fighter.json,/class/1,class,Fighter,XPHB,90,false,,true,,46
data/class/class-fighter.json,/subclass/1/_copy/_preserve,subclass,,,,true,,false,,0
data/class/class-fighter.json,/subclass/2,subclass,Champion,PHB,72,true,,false,,2
data/class/class-fighter.json,/subclass/3/_copy/_preserve,subclass,,,,true,,false,,0
data/class/class-fighter.json,/subclass/5/_copy/_preserve,subclass,,,,true,,false,,0
data/class/class-fighter.json,/subclass/7/_copy/_preserve,subclass,,,,true,,false,,0
data/class/class-fighter.json,/subclass/9/_copy/_preserve,subclass,,,,true,,false,,0
data/class/class-fighter.json,/subclass/11/_copy/_preserve,subclass,,,,true,,false,,0
data/class/class-fighter.json,/subclass/13/_copy/_preserve,subclass,,,,true,,false,,0
data/class/class-fighter.json,/subclass/15/_copy/_preserve,subclass,,,,true,,false,,0
data/class/class-fighter.json,/subclass/17/_copy/_preserve,subclass,,,,true,,false,,0
data/class/class-fighter.json,/subclass/19/_copy/_preserve,subclass,,,,true,,false,,0
data/class/class-fighter.json,/subclass/21,subclass,Champion,XPHB,96,false,,true,,2
data/class/class-fighter.json,/classFeature/0,classFeature,Fighting Style,PHB,72,true,,false,,2
data/class/class-fighter.json,/classFeature/1,classFeature,Second Wind,PHB,72,true,,false,,3
data/class/class-fighter.json,/classFeature/2,classFeature,Action Surge,PHB,72,true,,false,,3
data/class/class-fighter.json,/classFeature/3,classFeature,Martial Archetype,PHB,72,true,,false,,2
data/class/class-fighter.json,/classFeature/4,classFeature,Ability Score Improvement,PHB,72,true,,false,,3
data/class/class-fighter.json,/classFeature/6,classFeature,Extra Attack,PHB,72,true,,false,,3
data/class/class-fighter.json,/classFeature/7,classFeature,Ability Score Improvement,PHB,72,true,,false,,3
data/class/class-fighter.json,/classFeature/8,classFeature,Martial Archetype feature,PHB,72,true,,false,,2
data/class/class-fighter.json,/classFeature/9,classFeature,Ability Score Improvement,PHB,72,true,,false,,3
data/class/class-fighter.json,/classFeature/10,classFeature,Indomitable,PHB,72,true,,false,,3
data/class/class-fighter.json,/classFeature/11,classFeature,Martial Archetype feature,PHB,72,true,,false,,2
data/class/class-fighter.json,/classFeature/12,classFeature,Extra Attack (2),PHB,72,true,,false,,2
data/class/class-fighter.json,/classFeature/13,classFeature,Ability Score Improvement,PHB,72,true,,false,,3
data/class/class-fighter.json,/classFeature/14,classFeature,Indomitable (two uses),PHB,72,true,,false,,2
data/class/class-fighter.json,/classFeature/15,classFeature,Ability Score Improvement,PHB,72,true,,false,,3
data/class/class-fighter.json,/classFeature/16,classFeature,Martial Archetype feature,PHB,72,true,,false,,2
data/class/class-fighter.json,/classFeature/17,classFeature,Ability Score Improvement,PHB,72,true,,false,,3
data/class/class-fighter.json,/classFeature/18,classFeature,Action Surge (two uses),PHB,72,true,,false,,2
data/class/class-fighter.json,/classFeature/19,classFeature,Indomitable (three uses),PHB,72,true,,false,,2
data/class/class-fighter.json,/classFeature/20,classFeature,Martial Archetype feature,PHB,72,true,,false,,2
data/class/class-fighter.json,/classFeature/21,classFeature,Ability Score Improvement,PHB,72,true,,false,,3
data/class/class-fighter.json,/classFeature/22,classFeature,Extra Attack (3),PHB,72,true,,false,,2
data/class/class-fighter.json,/classFeature/23,classFeature,Fighting Style,XPHB,91,false,,true,,3
data/class/class-fighter.json,/classFeature/24,classFeature,Second Wind,XPHB,91,false,,true,,4
data/class/class-fighter.json,/classFeature/25,classFeature,Weapon Mastery,XPHB,91,false,,true,,3
data/class/class-fighter.json,/classFeature/26,classFeature,Action Surge,XPHB,91,false,,true,,3
data/class/class-fighter.json,/classFeature/27,classFeature,Tactical Mind,XPHB,91,false,,true,,2
data/class/class-fighter.json,/classFeature/28,classFeature,Fighter Subclass,XPHB,92,false,,true,,2
data/class/class-fighter.json,/classFeature/29,classFeature,Ability Score Improvement,XPHB,92,false,,true,,2
data/class/class-fighter.json,/classFeature/30,classFeature,Extra Attack,XPHB,92,false,,true,,2
data/class/class-fighter.json,/classFeature/31,classFeature,Tactical Shift,XPHB,92,false,,true,,2
data/class/class-fighter.json,/classFeature/32,classFeature,Ability Score Improvement,XPHB,92,false,,true,,2
data/class/class-fighter.json,/classFeature/33,classFeature,Subclass Feature,XPHB,92,false,,true,,2
data/class/class-fighter.json,/classFeature/34,classFeature,Ability Score Improvement,XPHB,92,false,,true,,2
data/class/class-fighter.json,/classFeature/35,classFeature,Indomitable,XPHB,92,false,,true,,3
data/class/class-fighter.json,/classFeature/36,classFeature,Tactical Master,XPHB,92,false,,true,,2
data/class/class-fighter.json,/classFeature/37,classFeature,Subclass Feature,XPHB,92,false,,true,,2
data/class/class-fighter.json,/classFeature/38,classFeature,Two Extra Attacks,XPHB,92,false,,true,,2
data/class/class-fighter.json,/classFeature/39,classFeature,Ability Score Improvement,XPHB,92,false,,true,,2
data/class/class-fighter.json,/classFeature/40,classFeature,Indomitable,XPHB,92,false,,true,,3
data/class/class-fighter.json,/classFeature/41,classFeature,Studied Attacks,XPHB,92,false,,true,,2
data/class/class-fighter.json,/classFeature/42,classFeature,Ability Score Improvement,XPHB,92,false,,true,,2
data/class/class-fighter.json,/classFeature/43,classFeature,Subclass Feature,XPHB,92,false,,true,,2
data/class/class-fighter.json,/classFeature/44,classFeature,Ability Score Improvement,XPHB,92,false,,true,,2
data/class/class-fighter.json,/classFeature/45,classFeature,Action Surge,XPHB,91,false,,true,,3
data/class/class-fighter.json,/classFeature/46,classFeature,Indomitable,XPHB,92,false,,true,,3
data/class/class-fighter.json,/classFeature/47,classFeature,Subclass Feature,XPHB,92,false,,true,,2
data/class/class-fighter.json,/classFeature/48,classFeature,Epic Boon,XPHB,92,false,,true,,2
data/class/class-fighter.json,/classFeature/49,classFeature,Three Extra Attacks,XPHB,92,false,,true,,2
data/class/class-fighter.json,/subclassFeature/21,subclassFeature,Champion,PHB,72,true,,false,,2
data/class/class-fighter.json,/subclassFeature/22,subclassFeature,Improved Critical,PHB,72,true,,false,,2
data/class/class-fighter.json,/subclassFeature/23,subclassFeature,Remarkable Athlete,PHB,72,true,,false,,3
data/class/class-fighter.json,/subclassFeature/24,subclassFeature,Additional Fighting Style,PHB,72,true,,false,,2
data/class/class-fighter.json,/subclassFeature/25,subclassFeature,Superior Critical,PHB,72,true,,false,,2
data/class/class-fighter.json,/subclassFeature/26,subclassFeature,Survivor,PHB,72,true,,false,,2
data/class/class-fighter.json,/subclassFeature/104,subclassFeature,Champion,XPHB,96,false,,true,,3
data/class/class-fighter.json,/subclassFeature/105,subclassFeature,Improved Critical,XPHB,96,false,,true,,2
data/class/class-fighter.json,/subclassFeature/106,subclassFeature,Remarkable Athlete,XPHB,96,false,,true,,3
data/class/class-fighter.json,/subclassFeature/107,subclassFeature,Additional Fighting Style,XPHB,96,false,,true,,2
data/class/class-fighter.json,/subclassFeature/108,subclassFeature,Heroic Warrior,XPHB,96,false,,true,,2
data/class/class-fighter.json,/subclassFeature/109,subclassFeature,Superior Critical,XPHB,96,false,,true,,2
data/class/class-fighter.json,/subclassFeature/110,subclassFeature,Survivor,XPHB,96,false,,true,,6
data/class/class-monk.json,/class/0,class,Monk,PHB,76,true,,false,,4
data/class/class-monk.json,/class/1,class,Monk,XPHB,100,false,,true,,6
data/class/class-monk.json,/subclass/1/_copy/_preserve,subclass,,,,true,,false,,0
data/class/class-monk.json,/subclass/3/_copy/_preserve,subclass,,,,true,,false,,0
data/class/class-monk.json,/subclass/4,subclass,Way of the Open Hand,PHB,79,true,,false,,1
data/class/class-monk.json,/subclass/5/_copy/_preserve,subclass,,,,true,,false,,0
data/class/class-monk.json,/subclass/7/_copy/_preserve,subclass,,,,true,,false,,0
data/class/class-monk.json,/subclass/9/_copy/_preserve,subclass,,,,true,,false,,0
data/class/class-monk.json,/subclass/11/_copy/_preserve,subclass,,,,true,,false,,0
data/class/class-monk.json,/subclass/13/_copy/_preserve,subclass,,,,true,,false,,0
data/class/class-monk.json,/subclass/15/_copy/_preserve,subclass,,,,true,,false,,0
data/class/class-monk.json,/subclass/17/_copy/_preserve,subclass,,,,true,,false,,0
data/class/class-monk.json,/subclass/19/_copy/_preserve,subclass,,,,true,,false,,0
data/class/class-monk.json,/subclass/23,subclass,Warrior of the Open Hand,XPHB,107,false,,true,,1
data/class/class-monk.json,/classFeature/0,classFeature,Martial Arts,PHB,76,true,,false,,7
data/class/class-monk.json,/classFeature/1,classFeature,Unarmored Defense,PHB,76,true,,false,,2
data/class/class-monk.json,/classFeature/3,classFeature,Flurry of Blows,PHB,76,true,,false,,3
data/class/class-monk.json,/classFeature/4,classFeature,Ki,PHB,76,true,,false,,6
data/class/class-monk.json,/classFeature/5,classFeature,Patient Defense,PHB,76,true,,false,,3
data/class/class-monk.json,/classFeature/6,classFeature,Step of the Wind,PHB,76,true,,false,,3
data/class/class-monk.json,/classFeature/7,classFeature,Unarmored Movement,PHB,76,true,,false,,3
data/class/class-monk.json,/classFeature/8,classFeature,Deflect Missiles,PHB,76,true,,false,,3
data/class/class-monk.json,/classFeature/10,classFeature,Monastic Tradition,PHB,76,true,,false,,2
data/class/class-monk.json,/classFeature/11,classFeature,Ability Score Improvement,PHB,76,true,,false,,3
data/class/class-monk.json,/classFeature/13,classFeature,Slow Fall,PHB,76,true,,false,,2
data/class/class-monk.json,/classFeature/14,classFeature,Extra Attack,PHB,76,true,,false,,2
data/class/class-monk.json,/classFeature/16,classFeature,Stunning Strike,PHB,76,true,,false,,3
data/class/class-monk.json,/classFeature/17,classFeature,Ki-Empowered Strikes,PHB,76,true,,false,,2
data/class/class-monk.json,/classFeature/18,classFeature,Monastic Tradition feature,PHB,76,true,,false,,2
data/class/class-monk.json,/classFeature/19,classFeature,Evasion,PHB,76,true,,false,,2
data/class/class-monk.json,/classFeature/20,classFeature,Stillness of Mind,PHB,76,true,,false,,2
data/class/class-monk.json,/classFeature/21,classFeature,Ability Score Improvement,PHB,76,true,,false,,3
data/class/class-monk.json,/classFeature/22,classFeature,Unarmored Movement improvement,PHB,76,true,,false,,2
data/class/class-monk.json,/classFeature/23,classFeature,Purity of Body,PHB,76,true,,false,,2
data/class/class-monk.json,/classFeature/24,classFeature,Monastic Tradition feature,PHB,76,true,,false,,2
data/class/class-monk.json,/classFeature/25,classFeature,Ability Score Improvement,PHB,76,true,,false,,3
data/class/class-monk.json,/classFeature/26,classFeature,Tongue of the Sun and Moon,PHB,76,true,,false,,2
data/class/class-monk.json,/classFeature/27,classFeature,Diamond Soul,PHB,76,true,,false,,4
data/class/class-monk.json,/classFeature/28,classFeature,Timeless Body,PHB,76,true,,false,,2
data/class/class-monk.json,/classFeature/29,classFeature,Ability Score Improvement,PHB,76,true,,false,,3
data/class/class-monk.json,/classFeature/30,classFeature,Monastic Tradition feature,PHB,76,true,,false,,2
data/class/class-monk.json,/classFeature/31,classFeature,Empty Body,PHB,76,true,,false,,4
data/class/class-monk.json,/classFeature/32,classFeature,Ability Score Improvement,PHB,76,true,,false,,3
data/class/class-monk.json,/classFeature/33,classFeature,Perfect Self,PHB,76,true,,false,,2
data/class/class-monk.json,/classFeature/34,classFeature,Bonus Unarmed Strike,XPHB,101,false,,true,,2
data/class/class-monk.json,/classFeature/35,classFeature,Dexterous Attacks,XPHB,101,false,,true,,2
data/class/class-monk.json,/classFeature/36,classFeature,Martial Arts,XPHB,101,false,,true,,5
data/class/class-monk.json,/classFeature/37,classFeature,Martial Arts Die,XPHB,101,false,,true,,2
data/class/class-monk.json,/classFeature/38,classFeature,Unarmored Defense,XPHB,101,false,,true,,2
data/class/class-monk.json,/classFeature/39,classFeature,Flurry of Blows,XPHB,101,false,,true,,3
data/class/class-monk.json,/classFeature/40,classFeature,Monk's Focus,XPHB,101,false,,true,,5
data/class/class-monk.json,/classFeature/41,classFeature,Patient Defense,XPHB,101,false,,true,,3
data/class/class-monk.json,/classFeature/42,classFeature,Step of the Wind,XPHB,101,false,,true,,3
data/class/class-monk.json,/classFeature/43,classFeature,Unarmored Movement,XPHB,102,false,,true,,2
data/class/class-monk.json,/classFeature/44,classFeature,Uncanny Metabolism,XPHB,102,false,,true,,3
data/class/class-monk.json,/classFeature/45,classFeature,Deflect Attacks,XPHB,102,false,,true,,4
data/class/class-monk.json,/classFeature/46,classFeature,Monk Subclass,XPHB,103,false,,true,,2
data/class/class-monk.json,/classFeature/47,classFeature,Ability Score Improvement,XPHB,103,false,,true,,2
data/class/class-monk.json,/classFeature/48,classFeature,Slow Fall,XPHB,103,false,,true,,2
data/class/class-monk.json,/classFeature/49,classFeature,Extra Attack,XPHB,103,false,,true,,2
data/class/class-monk.json,/classFeature/50,classFeature,Stunning Strike,XPHB,103,false,,true,,3
data/class/class-monk.json,/classFeature/51,classFeature,Empowered Strikes,XPHB,103,false,,true,,2
data/class/class-monk.json,/classFeature/52,classFeature,Subclass Feature,XPHB,103,false,,true,,2
data/class/class-monk.json,/classFeature/53,classFeature,Evasion,XPHB,103,false,,true,,3
data/class/class-monk.json,/classFeature/54,classFeature,Ability Score Improvement,XPHB,103,false,,true,,2
data/class/class-monk.json,/classFeature/55,classFeature,Acrobatic Movement,XPHB,103,false,,true,,2
data/class/class-monk.json,/classFeature/56,classFeature,Heightened Focus,XPHB,103,false,,true,,9
data/class/class-monk.json,/classFeature/57,classFeature,Self-Restoration,XPHB,103,false,,true,,3
data/class/class-monk.json,/classFeature/58,classFeature,Subclass Feature,XPHB,103,false,,true,,2
data/class/class-monk.json,/classFeature/59,classFeature,Ability Score Improvement,XPHB,103,false,,true,,2
data/class/class-monk.json,/classFeature/60,classFeature,Deflect Energy,XPHB,103,false,,true,,2
data/class/class-monk.json,/classFeature/61,classFeature,Disciplined Survivor,XPHB,103,false,,true,,4
data/class/class-monk.json,/classFeature/62,classFeature,Perfect Focus,XPHB,103,false,,true,,2
data/class/class-monk.json,/classFeature/63,classFeature,Ability Score Improvement,XPHB,103,false,,true,,2
data/class/class-monk.json,/classFeature/64,classFeature,Subclass Feature,XPHB,103,false,,true,,2
data/class/class-monk.json,/classFeature/65,classFeature,Superior Defense,XPHB,103,false,,true,,3
data/class/class-monk.json,/classFeature/66,classFeature,Epic Boon,XPHB,103,false,,true,,2
data/class/class-monk.json,/classFeature/67,classFeature,Body and Mind,XPHB,103,false,,true,,2
data/class/class-monk.json,/subclassFeature/12,subclassFeature,Way of the Open Hand,PHB,79,true,,false,,2
data/class/class-monk.json,/subclassFeature/13,subclassFeature,Open Hand Technique,PHB,79,true,,false,,5
data/class/class-monk.json,/subclassFeature/14,subclassFeature,Wholeness of Body,PHB,79,true,,false,,2
data/class/class-monk.json,/subclassFeature/15,subclassFeature,Tranquility,PHB,79,true,,false,,2
data/class/class-monk.json,/subclassFeature/16,subclassFeature,Quivering Palm,PHB,79,true,,false,,4
data/class/class-monk.json,/subclassFeature/73,subclassFeature,Open Hand Technique,XPHB,107,false,,true,,8
data/class/class-monk.json,/subclassFeature/74,subclassFeature,Warrior of the Open Hand,XPHB,107,false,,true,,3
data/class/class-monk.json,/subclassFeature/75,subclassFeature,Wholeness of Body,XPHB,107,false,,true,,3
data/class/class-monk.json,/subclassFeature/76,subclassFeature,Fleet Step,XPHB,107,false,,true,,2
data/class/class-monk.json,/subclassFeature/77,subclassFeature,Quivering Palm,XPHB,107,false,,true,,4
data/class/class-paladin.json,/class/0,class,Paladin,PHB,82,true,,false,,8
data/class/class-paladin.json,/class/1,class,Paladin,XPHB,108,false,,true,,12
data/class/class-paladin.json,/subclass/0,subclass,Oath of Devotion,PHB,85,true,,false,,1
data/class/class-paladin.json,/subclass/1/_copy/_preserve,subclass,,,,true,,false,,0
data/class/class-paladin.json,/subclass/3/_copy/_preserve,subclass,,,,true,,false,,0
data/class/class-paladin.json,/subclass/5/_copy/_preserve,subclass,,,,true,,false,,0
data/class/class-paladin.json,/subclass/7/_copy/_preserve,subclass,,,,true,,false,,0
data/class/class-paladin.json,/subclass/9/_copy/_preserve,subclass,,,,true,,false,,0
data/class/class-paladin.json,/subclass/11/_copy/_preserve,subclass,,,,true,,false,,0
data/class/class-paladin.json,/subclass/13/_copy/_preserve,subclass,,,,true,,false,,0
data/class/class-paladin.json,/subclass/15/_copy/_preserve,subclass,,,,true,,false,,0
data/class/class-paladin.json,/subclass/17/_copy/_preserve,subclass,,,,true,,false,,0
data/class/class-paladin.json,/subclass/18,subclass,Oath of Devotion,XPHB,113,false,,true,,1
data/class/class-paladin.json,/classFeature/0,classFeature,Divine Sense,PHB,82,true,,false,,3
data/class/class-paladin.json,/classFeature/1,classFeature,Lay on Hands,PHB,82,true,,false,,5
data/class/class-paladin.json,/classFeature/2,classFeature,Divine Smite,PHB,82,true,,false,,2
data/class/class-paladin.json,/classFeature/3,classFeature,Fighting Style,PHB,82,true,,false,,2
data/class/class-paladin.json,/classFeature/4,classFeature,Spellcasting,PHB,82,true,,false,,13
data/class/class-paladin.json,/classFeature/5,classFeature,Channel Divinity,PHB,82,true,,false,,4
data/class/class-paladin.json,/classFeature/7,classFeature,Divine Health,PHB,82,true,,false,,2
data/class/class-paladin.json,/classFeature/8,classFeature,Sacred Oath,PHB,82,true,,false,,10
data/class/class-paladin.json,/classFeature/9,classFeature,Ability Score Improvement,PHB,82,true,,false,,3
data/class/class-paladin.json,/classFeature/11,classFeature,Extra Attack,PHB,82,true,,false,,2
data/class/class-paladin.json,/classFeature/12,classFeature,Aura of Protection,PHB,82,true,,false,,3
data/class/class-paladin.json,/classFeature/13,classFeature,Sacred Oath feature,PHB,82,true,,false,,2
data/class/class-paladin.json,/classFeature/14,classFeature,Ability Score Improvement,PHB,82,true,,false,,3
data/class/class-paladin.json,/classFeature/15,classFeature,Aura of Courage,PHB,82,true,,false,,3
data/class/class-paladin.json,/classFeature/16,classFeature,Improved Divine Smite,PHB,82,true,,false,,2
data/class/class-paladin.json,/classFeature/17,classFeature,Ability Score Improvement,PHB,82,true,,false,,3
data/class/class-paladin.json,/classFeature/18,classFeature,Cleansing Touch,PHB,82,true,,false,,3
data/class/class-paladin.json,/classFeature/19,classFeature,Sacred Oath feature,PHB,82,true,,false,,2
data/class/class-paladin.json,/classFeature/20,classFeature,Ability Score Improvement,PHB,82,true,,false,,3
data/class/class-paladin.json,/classFeature/21,classFeature,Aura improvements,PHB,82,true,,false,,2
data/class/class-paladin.json,/classFeature/22,classFeature,Ability Score Improvement,PHB,82,true,,false,,3
data/class/class-paladin.json,/classFeature/23,classFeature,Sacred Oath feature,PHB,82,true,,false,,2
data/class/class-paladin.json,/classFeature/24,classFeature,Lay on Hands,XPHB,109,false,,true,,4
data/class/class-paladin.json,/classFeature/25,classFeature,Spellcasting,XPHB,109,false,,true,,14
data/class/class-paladin.json,/classFeature/26,classFeature,Weapon Mastery,XPHB,110,false,,true,,3
data/class/class-paladin.json,/classFeature/27,classFeature,Fighting Style,XPHB,110,false,,true,,2
data/class/class-paladin.json,/classFeature/28,classFeature,Paladin's Smite,XPHB,110,false,,true,,2
data/class/class-paladin.json,/classFeature/29,classFeature,Channel Divinity,XPHB,110,false,,true,,4
data/class/class-paladin.json,/classFeature/30,classFeature,Divine Sense,XPHB,110,false,,true,,3
data/class/class-paladin.json,/classFeature/31,classFeature,Paladin Subclass,XPHB,111,false,,true,,6
data/class/class-paladin.json,/classFeature/32,classFeature,Ability Score Improvement,XPHB,111,false,,true,,2
data/class/class-paladin.json,/classFeature/33,classFeature,Extra Attack,XPHB,111,false,,true,,2
data/class/class-paladin.json,/classFeature/34,classFeature,Faithful Steed,XPHB,111,false,,true,,3
data/class/class-paladin.json,/classFeature/35,classFeature,Aura of Protection,XPHB,111,false,,true,,4
data/class/class-paladin.json,/classFeature/36,classFeature,Subclass Feature,XPHB,111,false,,true,,2
data/class/class-paladin.json,/classFeature/37,classFeature,Ability Score Improvement,XPHB,111,false,,true,,2
data/class/class-paladin.json,/classFeature/38,classFeature,Abjure Foes,XPHB,111,false,,true,,3
data/class/class-paladin.json,/classFeature/39,classFeature,Aura of Courage,XPHB,111,false,,true,,2
data/class/class-paladin.json,/classFeature/40,classFeature,Radiant Strikes,XPHB,111,false,,true,,2
data/class/class-paladin.json,/classFeature/41,classFeature,Ability Score Improvement,XPHB,111,false,,true,,2
data/class/class-paladin.json,/classFeature/42,classFeature,Restoring Touch,XPHB,111,false,,true,,2
data/class/class-paladin.json,/classFeature/43,classFeature,Subclass Feature,XPHB,111,false,,true,,2
data/class/class-paladin.json,/classFeature/44,classFeature,Ability Score Improvement,XPHB,111,false,,true,,2
data/class/class-paladin.json,/classFeature/45,classFeature,Aura Expansion,XPHB,111,false,,true,,2
data/class/class-paladin.json,/classFeature/46,classFeature,Epic Boon,XPHB,111,false,,true,,2
data/class/class-paladin.json,/classFeature/47,classFeature,Subclass Feature,XPHB,111,false,,true,,2
data/class/class-paladin.json,/subclassFeature/17,subclassFeature,Oath of Devotion,PHB,85,true,,false,,2
data/class/class-paladin.json,/subclassFeature/18,subclassFeature,Channel Divinity,PHB,85,true,,false,,2
data/class/class-paladin.json,/subclassFeature/19,subclassFeature,Oath Spells,PHB,85,true,,false,,15
data/class/class-paladin.json,/subclassFeature/20,subclassFeature,Sacred Weapon,PHB,85,true,,false,,4
data/class/class-paladin.json,/subclassFeature/21,subclassFeature,Tenets of Devotion,PHB,85,true,,false,,12
data/class/class-paladin.json,/subclassFeature/22,subclassFeature,Turn the Unholy,PHB,85,true,,false,,4
data/class/class-paladin.json,/subclassFeature/23,subclassFeature,Aura of Devotion,PHB,85,true,,false,,3
data/class/class-paladin.json,/subclassFeature/24,subclassFeature,Purity of Spirit,PHB,85,true,,false,,2
data/class/class-paladin.json,/subclassFeature/25,subclassFeature,Holy Nimbus,PHB,85,true,,false,,5
data/class/class-paladin.json,/subclassFeature/97,subclassFeature,Oath of Devotion,XPHB,113,false,,true,,8
data/class/class-paladin.json,/subclassFeature/98,subclassFeature,Oath of Devotion Spells,XPHB,113,false,,true,,15
data/class/class-paladin.json,/subclassFeature/99,subclassFeature,Sacred Weapon,XPHB,113,false,,true,,5
data/class/class-paladin.json,/subclassFeature/100,subclassFeature,Aura of Devotion,XPHB,114,false,,true,,2
data/class/class-paladin.json,/subclassFeature/101,subclassFeature,Smite of Protection,XPHB,114,false,,true,,2
data/class/class-paladin.json,/subclassFeature/102,subclassFeature,Holy Nimbus,XPHB,114,false,,true,,8
data/class/class-ranger.json,/class/0,class,Ranger,PHB,89,true,,false,,9
data/class/class-ranger.json,/class/1,class,Ranger,XPHB,118,false,,true,,12
data/class/class-ranger.json,/subclass/1/_copy/_preserve,subclass,,,,true,,false,,0
data/class/class-ranger.json,/subclass/2,subclass,Hunter,PHB,93,true,,false,,1
data/class/class-ranger.json,/subclass/3/_copy/_preserve,subclass,,,,true,,false,,0
data/class/class-ranger.json,/subclass/5/_copy/_preserve,subclass,,,,true,,false,,0
data/class/class-ranger.json,/subclass/7/_copy/_preserve,subclass,,,,true,,false,,0
data/class/class-ranger.json,/subclass/9/_copy/_preserve,subclass,,,,true,,false,,0
data/class/class-ranger.json,/subclass/11/_copy/_preserve,subclass,,,,true,,false,,0
data/class/class-ranger.json,/subclass/13/_copy/_preserve,subclass,,,,true,,false,,0
data/class/class-ranger.json,/subclass/15/_copy/_preserve,subclass,,,,true,,false,,0
data/class/class-ranger.json,/subclass/19,subclass,Hunter,XPHB,127,false,,true,,1
data/class/class-ranger.json,/classFeature/1,classFeature,Favored Enemy,PHB,89,true,,false,,6
data/class/class-ranger.json,/classFeature/3,classFeature,Natural Explorer,PHB,89,true,,false,,10
data/class/class-ranger.json,/classFeature/4,classFeature,Fighting Style,PHB,89,true,,false,,2
data/class/class-ranger.json,/classFeature/5,classFeature,Spellcasting,PHB,89,true,,false,,13
data/class/class-ranger.json,/classFeature/8,classFeature,Primeval Awareness,PHB,89,true,,false,,2
data/class/class-ranger.json,/classFeature/9,classFeature,Ranger Archetype,PHB,89,true,,false,,2
data/class/class-ranger.json,/classFeature/10,classFeature,Ability Score Improvement,PHB,89,true,,false,,3
data/class/class-ranger.json,/classFeature/12,classFeature,Extra Attack,PHB,89,true,,false,,2
data/class/class-ranger.json,/classFeature/14,classFeature,Favored Enemy and Natural Explorer improvements,PHB,89,true,,false,,3
data/class/class-ranger.json,/classFeature/15,classFeature,Ranger Archetype feature,PHB,89,true,,false,,2
data/class/class-ranger.json,/classFeature/16,classFeature,Ability Score Improvement,PHB,89,true,,false,,3
data/class/class-ranger.json,/classFeature/17,classFeature,Land's Stride,PHB,89,true,,false,,3
data/class/class-ranger.json,/classFeature/19,classFeature,Hide in Plain Sight,PHB,89,true,,false,,3
data/class/class-ranger.json,/classFeature/20,classFeature,Natural Explorer improvement,PHB,89,true,,false,,2
data/class/class-ranger.json,/classFeature/22,classFeature,Ranger Archetype feature,PHB,89,true,,false,,2
data/class/class-ranger.json,/classFeature/23,classFeature,Ability Score Improvement,PHB,89,true,,false,,3
data/class/class-ranger.json,/classFeature/24,classFeature,Favored Enemy improvement,PHB,89,true,,false,,2
data/class/class-ranger.json,/classFeature/25,classFeature,Vanish,PHB,89,true,,false,,2
data/class/class-ranger.json,/classFeature/26,classFeature,Ranger Archetype feature,PHB,89,true,,false,,2
data/class/class-ranger.json,/classFeature/27,classFeature,Ability Score Improvement,PHB,89,true,,false,,3
data/class/class-ranger.json,/classFeature/28,classFeature,Feral Senses,PHB,89,true,,false,,2
data/class/class-ranger.json,/classFeature/29,classFeature,Ability Score Improvement,PHB,89,true,,false,,3
data/class/class-ranger.json,/classFeature/30,classFeature,Foe Slayer,PHB,89,true,,false,,2
data/class/class-ranger.json,/classFeature/31,classFeature,Favored Enemy,XPHB,120,false,,true,,3
data/class/class-ranger.json,/classFeature/32,classFeature,Spellcasting,XPHB,119,false,,true,,14
data/class/class-ranger.json,/classFeature/33,classFeature,Weapon Mastery,XPHB,120,false,,true,,3
data/class/class-ranger.json,/classFeature/34,classFeature,Deft Explorer,XPHB,120,false,,true,,6
data/class/class-ranger.json,/classFeature/35,classFeature,Fighting Style,XPHB,120,false,,true,,2
data/class/class-ranger.json,/classFeature/36,classFeature,Ranger Subclass,XPHB,120,false,,true,,2
data/class/class-ranger.json,/classFeature/37,classFeature,Ability Score Improvement,XPHB,120,false,,true,,2
data/class/class-ranger.json,/classFeature/38,classFeature,Extra Attack,XPHB,120,false,,true,,2
data/class/class-ranger.json,/classFeature/39,classFeature,Roving,XPHB,121,false,,true,,2
data/class/class-ranger.json,/classFeature/40,classFeature,Subclass Feature,XPHB,121,false,,true,,2
data/class/class-ranger.json,/classFeature/41,classFeature,Ability Score Improvement,XPHB,121,false,,true,,2
data/class/class-ranger.json,/classFeature/42,classFeature,Expertise,XPHB,121,false,,true,,2
data/class/class-ranger.json,/classFeature/43,classFeature,Tireless,XPHB,121,false,,true,,6
data/class/class-ranger.json,/classFeature/44,classFeature,Subclass Feature,XPHB,121,false,,true,,2
data/class/class-ranger.json,/classFeature/45,classFeature,Ability Score Improvement,XPHB,121,false,,true,,2
data/class/class-ranger.json,/classFeature/46,classFeature,Relentless Hunter,XPHB,121,false,,true,,2
data/class/class-ranger.json,/classFeature/47,classFeature,Nature's Veil,XPHB,121,false,,true,,3
data/class/class-ranger.json,/classFeature/48,classFeature,Subclass Feature,XPHB,121,false,,true,,2
data/class/class-ranger.json,/classFeature/49,classFeature,Ability Score Improvement,XPHB,121,false,,true,,2
data/class/class-ranger.json,/classFeature/50,classFeature,Precise Hunter,XPHB,121,false,,true,,2
data/class/class-ranger.json,/classFeature/51,classFeature,Feral Senses,XPHB,121,false,,true,,2
data/class/class-ranger.json,/classFeature/52,classFeature,Epic Boon,XPHB,121,false,,true,,2
data/class/class-ranger.json,/classFeature/53,classFeature,Foe Slayer,XPHB,121,false,,true,,2
data/class/class-ranger.json,/subclassFeature/12,subclassFeature,Hunter,PHB,93,true,,false,,2
data/class/class-ranger.json,/subclassFeature/13,subclassFeature,Horde Breaker,PHB,93,true,,false,,2
data/class/class-ranger.json,/subclassFeature/14,subclassFeature,Hunter's Prey,PHB,93,true,,false,,2
data/class/class-ranger.json,/subclassFeature/15,subclassFeature,Colossus Slayer,PHB,93,true,,false,,2
data/class/class-ranger.json,/subclassFeature/16,subclassFeature,Giant Killer,PHB,93,true,,false,,2
data/class/class-ranger.json,/subclassFeature/17,subclassFeature,Defensive Tactics,PHB,93,true,,false,,2
data/class/class-ranger.json,/subclassFeature/18,subclassFeature,Escape the Horde,PHB,93,true,,false,,2
data/class/class-ranger.json,/subclassFeature/19,subclassFeature,Multiattack Defense,PHB,93,true,,false,,2
data/class/class-ranger.json,/subclassFeature/20,subclassFeature,Steel Will,PHB,93,true,,false,,2
data/class/class-ranger.json,/subclassFeature/21,subclassFeature,Multiattack,PHB,93,true,,false,,2
data/class/class-ranger.json,/subclassFeature/22,subclassFeature,Volley,PHB,93,true,,false,,2
data/class/class-ranger.json,/subclassFeature/23,subclassFeature,Whirlwind Attack,PHB,93,true,,false,,2
data/class/class-ranger.json,/subclassFeature/24,subclassFeature,Evasion,PHB,93,true,,false,,2
data/class/class-ranger.json,/subclassFeature/25,subclassFeature,Stand Against the Tide,PHB,93,true,,false,,2
data/class/class-ranger.json,/subclassFeature/26,subclassFeature,Superior Hunter's Defense,PHB,93,true,,false,,2
data/class/class-ranger.json,/subclassFeature/27,subclassFeature,Uncanny Dodge,PHB,93,true,,false,,2
data/class/class-ranger.json,/subclassFeature/94,subclassFeature,Hunter,XPHB,127,false,,true,,3
data/class/class-ranger.json,/subclassFeature/95,subclassFeature,Hunter's Lore,XPHB,127,false,,true,,2
data/class/class-ranger.json,/subclassFeature/96,subclassFeature,Hunter's Prey,XPHB,127,false,,true,,6
data/class/class-ranger.json,/subclassFeature/97,subclassFeature,Defensive Tactics,XPHB,127,false,,true,,6
data/class/class-ranger.json,/subclassFeature/98,subclassFeature,Superior Hunter's Prey,XPHB,127,false,,true,,2
data/class/class-ranger.json,/subclassFeature/99,subclassFeature,Superior Hunter's Defense,XPHB,127,false,,true,,2
data/class/class-rogue.json,/class/0,class,Rogue,PHB,94,true,,false,,2
data/class/class-rogue.json,/class/1,class,Rogue,XPHB,128,false,,true,,4
data/class/class-rogue.json,/subclass/1/_copy/_preserve,subclass,,,,true,,false,,0
data/class/class-rogue.json,/subclass/3/_copy/_preserve,subclass,,,,true,,false,,0
data/class/class-rogue.json,/subclass/4,subclass,Thief,PHB,97,true,,false,,1
data/class/class-rogue.json,/subclass/5/_copy/_preserve,subclass,,,,true,,false,,0
data/class/class-rogue.json,/subclass/7/_copy/_preserve,subclass,,,,true,,false,,0
data/class/class-rogue.json,/subclass/9/_copy/_preserve,subclass,,,,true,,false,,0
data/class/class-rogue.json,/subclass/11/_copy/_preserve,subclass,,,,true,,false,,0
data/class/class-rogue.json,/subclass/13/_copy/_preserve,subclass,,,,true,,false,,0
data/class/class-rogue.json,/subclass/15/_copy/_preserve,subclass,,,,true,,false,,0
data/class/class-rogue.json,/subclass/17/_copy/_preserve,subclass,,,,true,,false,,0
data/class/class-rogue.json,/subclass/21,subclass,Thief,XPHB,137,false,,true,,1
data/class/class-rogue.json,/classFeature/0,classFeature,Expertise,PHB,94,true,,false,,3
data/class/class-rogue.json,/classFeature/1,classFeature,Sneak Attack,PHB,94,true,,false,,4
data/class/class-rogue.json,/classFeature/2,classFeature,Thieves' Cant,PHB,94,true,,false,,3
data/class/class-rogue.json,/classFeature/3,classFeature,Cunning Action,PHB,94,true,,false,,2
data/class/class-rogue.json,/classFeature/4,classFeature,Roguish Archetype,PHB,94,true,,false,,2
data/class/class-rogue.json,/classFeature/6,classFeature,Ability Score Improvement,PHB,94,true,,false,,3
data/class/class-rogue.json,/classFeature/7,classFeature,Uncanny Dodge,PHB,94,true,,false,,2
data/class/class-rogue.json,/classFeature/8,classFeature,Expertise,PHB,94,true,,false,,2
data/class/class-rogue.json,/classFeature/9,classFeature,Evasion,PHB,94,true,,false,,2
data/class/class-rogue.json,/classFeature/10,classFeature,Ability Score Improvement,PHB,94,true,,false,,3
data/class/class-rogue.json,/classFeature/11,classFeature,Roguish Archetype feature,PHB,94,true,,false,,2
data/class/class-rogue.json,/classFeature/12,classFeature,Ability Score Improvement,PHB,94,true,,false,,3
data/class/class-rogue.json,/classFeature/13,classFeature,Reliable Talent,PHB,94,true,,false,,2
data/class/class-rogue.json,/classFeature/14,classFeature,Ability Score Improvement,PHB,94,true,,false,,3
data/class/class-rogue.json,/classFeature/15,classFeature,Roguish Archetype feature,PHB,94,true,,false,,2
data/class/class-rogue.json,/classFeature/16,classFeature,Blindsense,PHB,94,true,,false,,2
data/class/class-rogue.json,/classFeature/17,classFeature,Slippery Mind,PHB,94,true,,false,,2
data/class/class-rogue.json,/classFeature/18,classFeature,Ability Score Improvement,PHB,94,true,,false,,3
data/class/class-rogue.json,/classFeature/19,classFeature,Roguish Archetype feature,PHB,94,true,,false,,2
data/class/class-rogue.json,/classFeature/20,classFeature,Elusive,PHB,94,true,,false,,2
data/class/class-rogue.json,/classFeature/21,classFeature,Ability Score Improvement,PHB,94,true,,false,,3
data/class/class-rogue.json,/classFeature/22,classFeature,Stroke of Luck,PHB,94,true,,false,,3
data/class/class-rogue.json,/classFeature/23,classFeature,Expertise,XPHB,128,false,,true,,3
data/class/class-rogue.json,/classFeature/24,classFeature,Sneak Attack,XPHB,128,false,,true,,4
data/class/class-rogue.json,/classFeature/25,classFeature,Thieves' Cant,XPHB,128,false,,true,,2
data/class/class-rogue.json,/classFeature/26,classFeature,Weapon Mastery,XPHB,128,false,,true,,3
data/class/class-rogue.json,/classFeature/27,classFeature,Cunning Action,XPHB,129,false,,true,,2
data/class/class-rogue.json,/classFeature/28,classFeature,Rogue Subclass,XPHB,129,false,,true,,2
data/class/class-rogue.json,/classFeature/29,classFeature,Steady Aim,XPHB,129,false,,true,,2
data/class/class-rogue.json,/classFeature/30,classFeature,Ability Score Improvement,XPHB,129,false,,true,,2
data/class/class-rogue.json,/classFeature/31,classFeature,Cunning Strike,XPHB,129,false,,true,,3
data/class/class-rogue.json,/classFeature/32,classFeature,Poison (Cost: 1d6),XPHB,129,false,,true,,3
data/class/class-rogue.json,/classFeature/33,classFeature,Trip (Cost: 1d6),XPHB,129,false,,true,,2
data/class/class-rogue.json,/classFeature/34,classFeature,Uncanny Dodge,XPHB,129,false,,true,,2
data/class/class-rogue.json,/classFeature/35,classFeature,Withdraw (Cost: 1d6),XPHB,129,false,,true,,2
data/class/class-rogue.json,/classFeature/36,classFeature,Expertise,XPHB,129,false,,true,,2
data/class/class-rogue.json,/classFeature/37,classFeature,Evasion,XPHB,129,false,,true,,2
data/class/class-rogue.json,/classFeature/38,classFeature,Reliable Talent,XPHB,130,false,,true,,2
data/class/class-rogue.json,/classFeature/39,classFeature,Ability Score Improvement,XPHB,130,false,,true,,2
data/class/class-rogue.json,/classFeature/40,classFeature,Subclass Feature,XPHB,130,false,,true,,2
data/class/class-rogue.json,/classFeature/41,classFeature,Ability Score Improvement,XPHB,130,false,,true,,2
data/class/class-rogue.json,/classFeature/42,classFeature,Improved Cunning Strike,XPHB,130,false,,true,,2
data/class/class-rogue.json,/classFeature/43,classFeature,Ability Score Improvement,XPHB,131,false,,true,,2
data/class/class-rogue.json,/classFeature/44,classFeature,Subclass Feature,XPHB,131,false,,true,,2
data/class/class-rogue.json,/classFeature/45,classFeature,Daze (Cost: 2d6),XPHB,131,false,,true,,2
data/class/class-rogue.json,/classFeature/46,classFeature,Devious Strikes,XPHB,131,false,,true,,2
data/class/class-rogue.json,/classFeature/47,classFeature,Knock Out (Cost: 6d6),XPHB,131,false,,true,,2
data/class/class-rogue.json,/classFeature/48,classFeature,Obscure (Cost: 3d6),XPHB,131,false,,true,,2
data/class/class-rogue.json,/classFeature/49,classFeature,Slippery Mind,XPHB,131,false,,true,,2
data/class/class-rogue.json,/classFeature/50,classFeature,Ability Score Improvement,XPHB,131,false,,true,,2
data/class/class-rogue.json,/classFeature/51,classFeature,Subclass Feature,XPHB,131,false,,true,,2
data/class/class-rogue.json,/classFeature/52,classFeature,Elusive,XPHB,131,false,,true,,2
data/class/class-rogue.json,/classFeature/53,classFeature,Epic Boon,XPHB,131,false,,true,,2
data/class/class-rogue.json,/classFeature/54,classFeature,Stroke of Luck,XPHB,131,false,,true,,3
data/class/class-rogue.json,/subclassFeature/12,subclassFeature,Thief,PHB,97,true,,false,,2
data/class/class-rogue.json,/subclassFeature/13,subclassFeature,Fast Hands,PHB,97,true,,false,,2
data/class/class-rogue.json,/subclassFeature/14,subclassFeature,Second-Story Work,PHB,97,true,,false,,3
data/class/class-rogue.json,/subclassFeature/15,subclassFeature,Supreme Sneak,PHB,97,true,,false,,2
data/class/class-rogue.json,/subclassFeature/16,subclassFeature,Use Magic Device,PHB,97,true,,false,,2
data/class/class-rogue.json,/subclassFeature/17,subclassFeature,Thief's Reflexes,PHB,97,true,,false,,2
data/class/class-rogue.json,/subclassFeature/94,subclassFeature,Fast Hands,XPHB,137,false,,true,,6
data/class/class-rogue.json,/subclassFeature/95,subclassFeature,Second-Story Work,XPHB,137,false,,true,,6
data/class/class-rogue.json,/subclassFeature/96,subclassFeature,Thief,XPHB,137,false,,true,,3
data/class/class-rogue.json,/subclassFeature/97,subclassFeature,Supreme Sneak,XPHB,137,false,,true,,4
data/class/class-rogue.json,/subclassFeature/98,subclassFeature,Use Magic Device,XPHB,137,false,,true,,8
data/class/class-rogue.json,/subclassFeature/99,subclassFeature,Thief's Reflexes,XPHB,137,false,,true,,2
data/class/class-sorcerer.json,/class/0,class,Sorcerer,PHB,99,true,,false,,15
data/class/class-sorcerer.json,/class/1,class,Sorcerer,XPHB,138,false,,true,,17
data/class/class-sorcerer.json,/subclass/0,subclass,Draconic Bloodline,PHB,102,true,,false,,1
data/class/class-sorcerer.json,/subclass/1/_copy/_preserve,subclass,,,,true,,false,,0
data/class/class-sorcerer.json,/subclass/3/_copy/_preserve,subclass,,,,true,,false,,0
data/class/class-sorcerer.json,/subclass/5/_copy/_preserve,subclass,,,,true,,false,,0
data/class/class-sorcerer.json,/subclass/7/_copy/_preserve,subclass,,,,true,,false,,0
data/class/class-sorcerer.json,/subclass/9/_copy/_preserve,subclass,,,,true,,false,,0
data/class/class-sorcerer.json,/subclass/11/_copy/_preserve,subclass,,,,true,,false,,0
data/class/class-sorcerer.json,/subclass/13/_copy/_preserve,subclass,,,,true,,false,,0
data/class/class-sorcerer.json,/subclass/15/_copy/_preserve,subclass,,,,true,,false,,0
data/class/class-sorcerer.json,/subclass/17/_copy/_preserve,subclass,,,,true,,false,,0
data/class/class-sorcerer.json,/subclass/20,subclass,Draconic Sorcery,XPHB,148,false,,true,,1
data/class/class-sorcerer.json,/classFeature/0,classFeature,Sorcerous Origin,PHB,99,true,,false,,3
data/class/class-sorcerer.json,/classFeature/1,classFeature,Spellcasting,PHB,99,true,,false,,17
data/class/class-sorcerer.json,/classFeature/2,classFeature,Flexible Casting,PHB,99,true,,false,,19
data/class/class-sorcerer.json,/classFeature/3,classFeature,Font of Magic,PHB,99,true,,false,,2
data/class/class-sorcerer.json,/classFeature/4,classFeature,Sorcery Points,PHB,99,true,,false,,2
data/class/class-sorcerer.json,/classFeature/5,classFeature,Metamagic,PHB,99,true,,false,,3
data/class/class-sorcerer.json,/classFeature/7,classFeature,Ability Score Improvement,PHB,99,true,,false,,3
data/class/class-sorcerer.json,/classFeature/10,classFeature,Sorcerous Origin feature,PHB,99,true,,false,,2
data/class/class-sorcerer.json,/classFeature/11,classFeature,Ability Score Improvement,PHB,99,true,,false,,3
data/class/class-sorcerer.json,/classFeature/12,classFeature,Metamagic,PHB,99,true,,false,,2
data/class/class-sorcerer.json,/classFeature/13,classFeature,Ability Score Improvement,PHB,99,true,,false,,3
data/class/class-sorcerer.json,/classFeature/14,classFeature,Sorcerous Origin feature,PHB,99,true,,false,,2
data/class/class-sorcerer.json,/classFeature/15,classFeature,Ability Score Improvement,PHB,99,true,,false,,3
data/class/class-sorcerer.json,/classFeature/16,classFeature,Metamagic,PHB,99,true,,false,,2
data/class/class-sorcerer.json,/classFeature/17,classFeature,Sorcerous Origin feature,PHB,99,true,,false,,2
data/class/class-sorcerer.json,/classFeature/18,classFeature,Ability Score Improvement,PHB,99,true,,false,,3
data/class/class-sorcerer.json,/classFeature/19,classFeature,Sorcerous Restoration,PHB,99,true,,false,,2
data/class/class-sorcerer.json,/classFeature/20,classFeature,Innate Sorcery,XPHB,140,false,,true,,5
data/class/class-sorcerer.json,/classFeature/21,classFeature,Spellcasting,XPHB,139,false,,true,,17
data/class/class-sorcerer.json,/classFeature/22,classFeature,Font of Magic,XPHB,140,false,,true,,28
data/class/class-sorcerer.json,/classFeature/23,classFeature,Metamagic,XPHB,141,false,,true,,4
data/class/class-sorcerer.json,/classFeature/24,classFeature,Metamagic Options,XPHB,141,false,,true,,2
data/class/class-sorcerer.json,/classFeature/25,classFeature,Sorcerer Subclass,XPHB,141,false,,true,,2
data/class/class-sorcerer.json,/classFeature/26,classFeature,Ability Score Improvement,XPHB,141,false,,true,,2
data/class/class-sorcerer.json,/classFeature/27,classFeature,Sorcerous Restoration,XPHB,141,false,,true,,2
data/class/class-sorcerer.json,/classFeature/28,classFeature,Subclass Feature,XPHB,141,false,,true,,2
data/class/class-sorcerer.json,/classFeature/29,classFeature,Sorcery Incarnate,XPHB,141,false,,true,,4
data/class/class-sorcerer.json,/classFeature/30,classFeature,Ability Score Improvement,XPHB,141,false,,true,,2
data/class/class-sorcerer.json,/classFeature/31,classFeature,Metamagic,XPHB,141,false,,true,,4
data/class/class-sorcerer.json,/classFeature/32,classFeature,Ability Score Improvement,XPHB,141,false,,true,,2
data/class/class-sorcerer.json,/classFeature/33,classFeature,Subclass Feature,XPHB,141,false,,true,,2
data/class/class-sorcerer.json,/classFeature/34,classFeature,Ability Score Improvement,XPHB,141,false,,true,,2
data/class/class-sorcerer.json,/classFeature/35,classFeature,Metamagic,XPHB,141,false,,true,,4
data/class/class-sorcerer.json,/classFeature/36,classFeature,Subclass Feature,XPHB,141,false,,true,,2
data/class/class-sorcerer.json,/classFeature/37,classFeature,Epic Boon,XPHB,141,false,,true,,2
data/class/class-sorcerer.json,/classFeature/38,classFeature,Arcane Apotheosis,XPHB,141,false,,true,,2
data/class/class-sorcerer.json,/subclassFeature/7,subclassFeature,Draconic Bloodline,PHB,102,true,,false,,2
data/class/class-sorcerer.json,/subclassFeature/8,subclassFeature,Draconic Resilience,PHB,102,true,,false,,3
data/class/class-sorcerer.json,/subclassFeature/9,subclassFeature,Dragon Ancestor,PHB,102,true,,false,,26
data/class/class-sorcerer.json,/subclassFeature/10,subclassFeature,Elemental Affinity,PHB,102,true,,false,,3
data/class/class-sorcerer.json,/subclassFeature/11,subclassFeature,Dragon Wings,PHB,102,true,,false,,3
data/class/class-sorcerer.json,/subclassFeature/12,subclassFeature,Draconic Presence,PHB,102,true,,false,,3
data/class/class-sorcerer.json,/subclassFeature/65/_copy/_preserve,subclassFeature,,,,true,,false,,0
data/class/class-sorcerer.json,/subclassFeature/92,subclassFeature,Draconic Sorcery,XPHB,148,false,,true,,3
data/class/class-sorcerer.json,/subclassFeature/93,subclassFeature,Draconic Spells,XPHB,148,false,,true,,13
data/class/class-sorcerer.json,/subclassFeature/94,subclassFeature,Draconic Resilience,XPHB,148,false,,true,,3
data/class/class-sorcerer.json,/subclassFeature/95,subclassFeature,Elemental Affinity,XPHB,148,false,,true,,3
data/class/class-sorcerer.json,/subclassFeature/96,subclassFeature,Dragon Wings,XPHB,148,false,,true,,4
data/class/class-sorcerer.json,/subclassFeature/97,subclassFeature,Dragon Companion,XPHB,148,false,,true,,3
data/class/class-warlock.json,/class/0,class,Warlock,PHB,105,true,,false,,28
data/class/class-warlock.json,/class/1,class,Warlock,XPHB,152,false,,true,,9
data/class/class-warlock.json,/subclass/1/_copy/_preserve,subclass,,,,true,,false,,0
data/class/class-warlock.json,/subclass/2,subclass,The Fiend,PHB,109,true,,false,,1
data/class/class-warlock.json,/subclass/3/_copy/_preserve,subclass,,,,true,,false,,0
data/class/class-warlock.json,/subclass/5/_copy/_preserve,subclass,,,,true,,false,,0
data/class/class-warlock.json,/subclass/7/_copy/_preserve,subclass,,,,true,,false,,0
data/class/class-warlock.json,/subclass/9/_copy/_preserve,subclass,,,,true,,false,,0
data/class/class-warlock.json,/subclass/11/_copy/_preserve,subclass,,,,true,,false,,0
data/class/class-warlock.json,/subclass/13/_copy/_preserve,subclass,,,,true,,false,,0
data/class/class-warlock.json,/subclass/15/_copy/_preserve,subclass,,,,true,,false,,0
data/class/class-warlock.json,/subclass/17/_copy/_preserve,subclass,,,,true,,false,,0
data/class/class-warlock.json,/subclass/20,subclass,Fiend Patron,XPHB,161,false,,true,,1
data/class/class-warlock.json,/classFeature/0,classFeature,Otherworldly Patron,PHB,105,true,,false,,2
data/class/class-warlock.json,/classFeature/1,classFeature,Pact Magic,PHB,105,true,,false,,17
data/class/class-warlock.json,/classFeature/2,classFeature,Eldritch Invocations,PHB,105,true,,false,,5
data/class/class-warlock.json,/classFeature/3,classFeature,Pact Boon,PHB,105,true,,false,,2
data/class/class-warlock.json,/classFeature/4,classFeature,Ability Score Improvement,PHB,105,true,,false,,3
data/class/class-warlock.json,/classFeature/6,classFeature,Otherworldly Patron feature,PHB,105,true,,false,,2
data/class/class-warlock.json,/classFeature/7,classFeature,Ability Score Improvement,PHB,105,true,,false,,3
data/class/class-warlock.json,/classFeature/8,classFeature,Otherworldly Patron feature,PHB,105,true,,false,,2
data/class/class-warlock.json,/classFeature/9,classFeature,Mystic Arcanum (6th level),PHB,105,true,,false,,4
data/class/class-warlock.json,/classFeature/10,classFeature,Ability Score Improvement,PHB,105,true,,false,,3
data/class/class-warlock.json,/classFeature/11,classFeature,Mystic Arcanum (7th level),PHB,105,true,,false,,3
data/class/class-warlock.json,/classFeature/12,classFeature,Otherworldly Patron feature,PHB,105,true,,false,,2
data/class/class-warlock.json,/classFeature/13,classFeature,Mystic Arcanum (8th level),PHB,105,true,,false,,3
data/class/class-warlock.json,/classFeature/14,classFeature,Ability Score Improvement,PHB,105,true,,false,,3
data/class/class-warlock.json,/classFeature/15,classFeature,Mystic Arcanum (9th level),PHB,105,true,,false,,3
data/class/class-warlock.json,/classFeature/16,classFeature,Ability Score Improvement,PHB,105,true,,false,,3
data/class/class-warlock.json,/classFeature/17,classFeature,Eldritch Master,PHB,105,true,,false,,2
data/class/class-warlock.json,/classFeature/18,classFeature,Eldritch Invocation Options,XPHB,153,false,,true,,2
data/class/class-warlock.json,/classFeature/19,classFeature,Eldritch Invocations,XPHB,153,false,,true,,8
data/class/class-warlock.json,/classFeature/20,classFeature,Pact Magic,XPHB,153,false,,true,,18
data/class/class-warlock.json,/classFeature/21,classFeature,Magical Cunning,XPHB,154,false,,true,,2
data/class/class-warlock.json,/classFeature/22,classFeature,Warlock Subclass,XPHB,154,false,,true,,2
data/class/class-warlock.json,/classFeature/23,classFeature,Ability Score Improvement,XPHB,155,false,,true,,2
data/class/class-warlock.json,/classFeature/24,classFeature,Subclass Feature,XPHB,155,false,,true,,2
data/class/class-warlock.json,/classFeature/25,classFeature,Ability Score Improvement,XPHB,155,false,,true,,2
data/class/class-warlock.json,/classFeature/26,classFeature,Contact Patron,XPHB,155,false,,true,,3
data/class/class-warlock.json,/classFeature/27,classFeature,Subclass Feature,XPHB,155,false,,true,,2
data/class/class-warlock.json,/classFeature/28,classFeature,Mystic Arcanum,XPHB,155,false,,true,,5
data/class/class-warlock.json,/classFeature/29,classFeature,Ability Score Improvement,XPHB,155,false,,true,,2
data/class/class-warlock.json,/classFeature/30,classFeature,Mystic Arcanum,XPHB,155,false,,true,,2
data/class/class-warlock.json,/classFeature/31,classFeature,Subclass Feature,XPHB,155,false,,true,,2
data/class/class-warlock.json,/classFeature/32,classFeature,Mystic Arcanum,XPHB,155,false,,true,,2
data/class/class-warlock.json,/classFeature/33,classFeature,Ability Score Improvement,XPHB,155,false,,true,,2
data/class/class-warlock.json,/classFeature/34,classFeature,Mystic Arcanum,XPHB,155,false,,true,,2
data/class/class-warlock.json,/classFeature/35,classFeature,Epic Boon,XPHB,155,false,,true,,2
data/class/class-warlock.json,/classFeature/36,classFeature,Eldritch Master,XPHB,155,false,,true,,2
data/class/class-warlock.json,/subclassFeature/5,subclassFeature,The Fiend,PHB,109,true,,false,,17
data/class/class-warlock.json,/subclassFeature/6,subclassFeature,Dark One's Blessing,PHB,109,true,,false,,2
data/class/class-warlock.json,/subclassFeature/7,subclassFeature,Dark One's Own Luck,PHB,109,true,,false,,3
data/class/class-warlock.json,/subclassFeature/8,subclassFeature,Fiendish Resilience,PHB,109,true,,false,,2
data/class/class-warlock.json,/subclassFeature/9,subclassFeature,Hurl Through Hell,PHB,109,true,,false,,4
data/class/class-warlock.json,/subclassFeature/52/_copy/_preserve,subclassFeature,,,,true,,false,,0
data/class/class-warlock.json,/subclassFeature/78,subclassFeature,Fiend Patron,XPHB,161,false,,true,,3
data/class/class-warlock.json,/subclassFeature/79,subclassFeature,Dark One's Blessing,XPHB,161,false,,true,,2
data/class/class-warlock.json,/subclassFeature/80,subclassFeature,Fiend Spells,XPHB,161,false,,true,,13
data/class/class-warlock.json,/subclassFeature/81,subclassFeature,Dark One's Own Luck,XPHB,162,false,,true,,3
data/class/class-warlock.json,/subclassFeature/82,subclassFeature,Fiendish Resilience,XPHB,162,false,,true,,2
data/class/class-warlock.json,/subclassFeature/83,subclassFeature,Hurl Through Hell,XPHB,162,false,,true,,3
data/class/class-wizard.json,/class/0,class,Wizard,PHB,112,true,,false,,12
data/class/class-wizard.json,/class/1,class,Wizard,XPHB,164,false,,true,,15
data/class/class-wizard.json,/subclass/1/_copy/_preserve,subclass,,,,true,,false,,0
data/class/class-wizard.json,/subclass/3/_copy/_preserve,subclass,,,,true,,false,,0
data/class/class-wizard.json,/subclass/5/_copy/_preserve,subclass,,,,true,,false,,0
data/class/class-wizard.json,/subclass/7/_copy/_preserve,subclass,,,,true,,false,,0
data/class/class-wizard.json,/subclass/8,subclass,School of Evocation,PHB,117,true,,false,,1
data/class/class-wizard.json,/subclass/9/_copy/_preserve,subclass,,,,true,,false,,0
data/class/class-wizard.json,/subclass/11/_copy/_preserve,subclass,,,,true,,false,,0
data/class/class-wizard.json,/subclass/13/_copy/_preserve,subclass,,,,true,,false,,0
data/class/class-wizard.json,/subclass/15/_copy/_preserve,subclass,,,,true,,false,,0
data/class/class-wizard.json,/subclass/17/_copy/_preserve,subclass,,,,true,,false,,0
data/class/class-wizard.json,/subclass/19/_copy/_preserve,subclass,,,,true,,false,,0
data/class/class-wizard.json,/subclass/21/_copy/_preserve,subclass,,,,true,,false,,0
data/class/class-wizard.json,/subclass/23/_copy/_preserve,subclass,,,,true,,false,,0
data/class/class-wizard.json,/subclass/25/_copy/_preserve,subclass,,,,true,,false,,0
data/class/class-wizard.json,/subclass/28,subclass,Evoker,XPHB,174,false,,true,,1
data/class/class-wizard.json,/classFeature/0,classFeature,Arcane Recovery,PHB,112,true,,false,,3
data/class/class-wizard.json,/classFeature/1,classFeature,Spellcasting,PHB,112,true,,false,,35
data/class/class-wizard.json,/classFeature/2,classFeature,Arcane Tradition,PHB,112,true,,false,,2
data/class/class-wizard.json,/classFeature/4,classFeature,Ability Score Improvement,PHB,112,true,,false,,3
data/class/class-wizard.json,/classFeature/5,classFeature,Arcane Tradition feature,PHB,112,true,,false,,2
data/class/class-wizard.json,/classFeature/6,classFeature,Ability Score Improvement,PHB,112,true,,false,,3
data/class/class-wizard.json,/classFeature/7,classFeature,Arcane Tradition feature,PHB,112,true,,false,,2
data/class/class-wizard.json,/classFeature/8,classFeature,Ability Score Improvement,PHB,112,true,,false,,3
data/class/class-wizard.json,/classFeature/9,classFeature,Arcane Tradition feature,PHB,112,true,,false,,2
data/class/class-wizard.json,/classFeature/10,classFeature,Ability Score Improvement,PHB,112,true,,false,,3
data/class/class-wizard.json,/classFeature/11,classFeature,Spell Mastery,PHB,112,true,,false,,3
data/class/class-wizard.json,/classFeature/12,classFeature,Ability Score Improvement,PHB,112,true,,false,,3
data/class/class-wizard.json,/classFeature/13,classFeature,Signature Spells,PHB,112,true,,false,,3
data/class/class-wizard.json,/classFeature/14,classFeature,Arcane Recovery,XPHB,155,false,,true,,3
data/class/class-wizard.json,/classFeature/15,classFeature,Ritual Adept,XPHB,155,false,,true,,2
data/class/class-wizard.json,/classFeature/16,classFeature,Spellcasting,XPHB,165,false,,true,,28
data/class/class-wizard.json,/classFeature/17,classFeature,Scholar,XPHB,166,false,,true,,2
data/class/class-wizard.json,/classFeature/18,classFeature,Wizard Subclass,XPHB,167,false,,true,,2
data/class/class-wizard.json,/classFeature/19,classFeature,Ability Score Improvement,XPHB,167,false,,true,,2
data/class/class-wizard.json,/classFeature/20,classFeature,Memorize Spell,XPHB,167,false,,true,,2
data/class/class-wizard.json,/classFeature/21,classFeature,Subclass Feature,XPHB,167,false,,true,,2
data/class/class-wizard.json,/classFeature/22,classFeature,Ability Score Improvement,XPHB,167,false,,true,,2
data/class/class-wizard.json,/classFeature/23,classFeature,Subclass Feature,XPHB,167,false,,true,,2
data/class/class-wizard.json,/classFeature/24,classFeature,Ability Score Improvement,XPHB,167,false,,true,,2
data/class/class-wizard.json,/classFeature/25,classFeature,Subclass Feature,XPHB,167,false,,true,,2
data/class/class-wizard.json,/classFeature/26,classFeature,Ability Score Improvement,XPHB,167,false,,true,,2
data/class/class-wizard.json,/classFeature/27,classFeature,Spell Mastery,XPHB,167,false,,true,,3
data/class/class-wizard.json,/classFeature/28,classFeature,Epic Boon,XPHB,167,false,,true,,2
data/class/class-wizard.json,/classFeature/29,classFeature,Signature Spells,XPHB,167,false,,true,,2
data/class/class-wizard.json,/subclassFeature/35,subclassFeature,School of Evocation,PHB,117,true,,false,,2
data/class/class-wizard.json,/subclassFeature/36,subclassFeature,Evocation Savant,PHB,117,true,,false,,2
data/class/class-wizard.json,/subclassFeature/37,subclassFeature,Sculpt Spells,PHB,117,true,,false,,2
data/class/class-wizard.json,/subclassFeature/38,subclassFeature,Potent Cantrip,PHB,117,true,,false,,2
data/class/class-wizard.json,/subclassFeature/39,subclassFeature,Empowered Evocation,PHB,117,true,,false,,2
data/class/class-wizard.json,/subclassFeature/40,subclassFeature,Overchannel,PHB,117,true,,false,,3
data/class/class-wizard.json,/subclassFeature/90/_copy/_preserve,subclassFeature,,,,true,,false,,0
data/class/class-wizard.json,/subclassFeature/109,subclassFeature,Evoker,XPHB,174,false,,true,,3
data/class/class-wizard.json,/subclassFeature/110,subclassFeature,Evocation Savant,XPHB,174,false,,true,,3
data/class/class-wizard.json,/subclassFeature/111,subclassFeature,Potent Cantrip,XPHB,174,false,,true,,2
data/class/class-wizard.json,/subclassFeature/112,subclassFeature,Sculpt Spells,XPHB,174,false,,true,,2
data/class/class-wizard.json,/subclassFeature/113,subclassFeature,Empowered Evocation,XPHB,174,false,,true,,2
data/class/class-wizard.json,/subclassFeature/114,subclassFeature,Overchannel,XPHB,174,false,,true,,4
data/conditionsdiseases.json,/condition/0,condition,Blinded,PHB,290,true,,false,,3
data/conditionsdiseases.json,/condition/1,condition,Blinded,XPHB,361,false,,true,,6
data/conditionsdiseases.json,/condition/2,condition,Charmed,PHB,290,true,,false,,3
data/conditionsdiseases.json,/condition/3,condition,Charmed,XPHB,361,false,,true,,6
data/conditionsdiseases.json,/condition/4,condition,Deafened,PHB,290,true,,false,,2
data/conditionsdiseases.json,/condition/5,condition,Deafened,XPHB,365,false,,true,,4
data/conditionsdiseases.json,/condition/6,condition,Exhaustion,PHB,291,true,,false,,20
data/conditionsdiseases.json,/condition/7,condition,Exhaustion,XPHB,365,false,,true,,10
data/conditionsdiseases.json,/condition/8,condition,Frightened,PHB,290,true,,false,,3
data/conditionsdiseases.json,/condition/9,condition,Frightened,XPHB,367,false,,true,,6
data/conditionsdiseases.json,/condition/10,condition,Grappled,PHB,290,true,,false,,4
data/conditionsdiseases.json,/condition/11,condition,Grappled,XPHB,367,false,,true,,8
data/conditionsdiseases.json,/condition/12,condition,Incapacitated,PHB,290,true,,false,,2
data/conditionsdiseases.json,/condition/13,condition,Incapacitated,XPHB,369,false,,true,,10
data/conditionsdiseases.json,/condition/14,condition,Invisible,PHB,291,true,,false,,3
data/conditionsdiseases.json,/condition/15,condition,Invisible,XPHB,370,false,,true,,8
data/conditionsdiseases.json,/condition/16,condition,Paralyzed,PHB,291,true,,false,,5
data/conditionsdiseases.json,/condition/17,condition,Paralyzed,XPHB,371,false,,true,,12
data/conditionsdiseases.json,/condition/18,condition,Petrified,PHB,291,true,,false,,7
data/conditionsdiseases.json,/condition/19,condition,Petrified,XPHB,372,false,,true,,16
data/conditionsdiseases.json,/condition/20,condition,Poisoned,PHB,292,true,,false,,2
data/conditionsdiseases.json,/condition/21,condition,Poisoned,XPHB,372,false,,true,,4
data/conditionsdiseases.json,/condition/22,condition,Prone,PHB,292,true,,false,,4
data/conditionsdiseases.json,/condition/23,condition,Prone,XPHB,372,false,,true,,6
data/conditionsdiseases.json,/condition/24,condition,Restrained,PHB,292,true,,false,,4
data/conditionsdiseases.json,/condition/25,condition,Restrained,XPHB,373,false,,true,,8
data/conditionsdiseases.json,/condition/26,condition,Stunned,PHB,292,true,,false,,4
data/conditionsdiseases.json,/condition/27,condition,Stunned,XPHB,376,false,,true,,8
data/conditionsdiseases.json,/condition/28,condition,Unconscious,PHB,292,true,,false,,6
data/conditionsdiseases.json,/condition/29,condition,Unconscious,XPHB,376,false,,true,,14
data/conditionsdiseases.json,/disease/4,disease,Cackle Fever,DMG,257,true,,false,,6
data/conditionsdiseases.json,/disease/5,disease,Cackle Fever,XDMG,61,false,,true,,10
data/conditionsdiseases.json,/disease/17,disease,Sewer Plague,DMG,257,true,,false,,6
data/conditionsdiseases.json,/disease/18,disease,Sewer Plague,XDMG,61,false,,true,,10
data/conditionsdiseases.json,/disease/21,disease,Sight Rot,DMG,257,true,,false,,4
data/conditionsdiseases.json,/disease/22,disease,Sight Rot,XDMG,61,false,,true,,6
data/conditionsdiseases.json,/status/0,status,Bloodied,XPHB,362,false,,true,,2
data/conditionsdiseases.json,/status/1,status,Concentration,PHB,203,true,,false,,11
data/conditionsdiseases.json,/status/2,status,Concentration,XPHB,363,false,,true,,8
data/conditionsdiseases.json,/status/3,status,Surprised,PHB,189,true,,false,,4
data/conditionsdiseases.json,/status/4,status,Surprised,XPHB,376,false,,true,,2
data/decks.json,/deck/3,deck,Deck of Illusions,DMG,161,true,,false,,73
data/decks.json,/deck/4,deck,Deck of Illusions,XDMG,249,false,,true,,73
data/decks.json,/deck/9,deck,Deck of Many Things,DMG,162,true,,false,,53
data/decks.json,/deck/10,deck,Deck of Many Things,XDMG,250,false,,true,Mysterious Deck,51
data/decks.json,/deck/11/_copy/_preserve,deck,,,,true,,false,,0
data/decks.json,/deck/12/_copy/_preserve,deck,,,,false,,true,,0
data/decks.json,/card/30,card,Archmage and Mage Apprentice,DMG,161,true,,false,,1
data/decks.json,/card/31,card,Assassin,DMG,161,true,,false,,1
data/decks.json,/card/32,card,Bandit Captain and Three Bandits,DMG,161,true,,false,,1
data/decks.json,/card/33,card,Beholder,DMG,161,true,,false,,1
data/decks.json,/card/34,card,Berserker,DMG,161,true,,false,,1
data/decks.json,/card/35,card,Bugbear,DMG,161,true,,false,,1
data/decks.json,/card/36,card,Cloud Giant,DMG,161,true,,false,,1
data/decks.json,/card/37,card,Druid,DMG,161,true,,false,,1
data/decks.json,/card/38,card,Erinyes,DMG,161,true,,false,,1
data/decks.json,/card/39,card,Ettin,DMG,161,true,,false,,1
data/decks.json,/card/40,card,Fire Giant,DMG,161,true,,false,,1
data/decks.json,/card/41,card,Frost Giant,DMG,161,true,,false,,1
data/decks.json,/card/42,card,Gnoll,DMG,161,true,,false,,1
data/decks.json,/card/43,card,Goblin,DMG,161,true,,false,,1
data/decks.json,/card/44,card,Hill Giant,DMG,161,true,,false,,1
data/decks.json,/card/45,card,Hobgoblin,DMG,161,true,,false,,1
data/decks.json,/card/46,card,Iron Golem,DMG,161,true,,false,,1
data/decks.json,/card/47,card,Knight and Four Guards,DMG,161,true,,false,,1
data/decks.json,/card/48,card,Kobold,DMG,161,true,,false,,1
data/decks.json,/card/49,card,Lich,DMG,161,true,,false,,1
data/decks.json,/card/50,card,Medusa,DMG,161,true,,false,,1
data/decks.json,/card/51,card,Night Hag,DMG,161,true,,false,,1
data/decks.json,/card/52,card,Ogre,DMG,161,true,,false,,1
data/decks.json,/card/53,card,Ogre Mage,DMG,161,true,,false,,1
data/decks.json,/card/54,card,Orc,DMG,161,true,,false,,1
data/decks.json,/card/55,card,Priest and Two Acolytes,DMG,161,true,,false,,1
data/decks.json,/card/56,card,Red Dragon,DMG,161,true,,false,,1
data/decks.json,/card/57,card,Succubus/Incubus,DMG,161,true,,false,,1
data/decks.json,/card/58,card,Troll,DMG,161,true,,false,,1
data/decks.json,/card/59,card,Veteran,DMG,161,true,,false,,1
data/decks.json,/card/60,card,You (The Deck's Owner),DMG,161,true,,false,,1
data/decks.json,/card/300,card,Balance,DMG,162,true,,false,,2
data/decks.json,/card/301,card,Comet,DMG,162,true,,false,,2
data/decks.json,/card/302,card,Donjon,DMG,162,true,,false,,2
data/decks.json,/card/303,card,Euryale,DMG,162,true,,false,,2
data/decks.json,/card/304,card,Flames,DMG,162,true,,false,,2
data/decks.json,/card/305,card,Fool,DMG,162,true,,false,,2
data/decks.json,/card/306,card,Gem,DMG,162,true,,false,,2
data/decks.json,/card/307,card,Idiot,DMG,162,true,,false,,2
data/decks.json,/card/308,card,Jester,DMG,162,true,,false,,2
data/decks.json,/card/309,card,Key,DMG,162,true,,false,,2
data/decks.json,/card/310,card,Knight,DMG,162,true,,false,,2
data/decks.json,/card/311,card,Moon,DMG,162,true,,false,,2
data/decks.json,/card/312,card,Rogue,DMG,162,true,,false,,2
data/decks.json,/card/313,card,Ruin,DMG,162,true,,false,,2
data/decks.json,/card/314,card,Skull,DMG,162,true,,false,,2
data/decks.json,/card/315,card,Star,DMG,162,true,,false,,2
data/decks.json,/card/316,card,Sun,DMG,162,true,,false,,2
data/decks.json,/card/317,card,Talons,DMG,162,true,,false,,2
data/decks.json,/card/318,card,The Fates,DMG,162,true,,false,,2
data/decks.json,/card/319,card,The Void,DMG,162,true,,false,,2
data/decks.json,/card/320,card,Throne,DMG,162,true,,false,,2
data/decks.json,/card/321,card,Vizier,DMG,162,true,,false,,2
data/decks.json,/card/322,card,Balance,XDMG,250,false,,true,,2
data/decks.json,/card/323,card,Comet,XDMG,250,false,,true,,2
data/decks.json,/card/324,card,Donjon,XDMG,250,false,,true,,2
data/decks.json,/card/325,card,Euryale,XDMG,250,false,,true,,2
data/decks.json,/card/326,card,Fates,XDMG,250,false,,true,,2
data/decks.json,/card/327,card,Flames,XDMG,250,false,,true,,2
data/decks.json,/card/328,card,Fool,XDMG,250,false,,true,,2
data/decks.json,/card/329,card,Gem,XDMG,250,false,,true,,2
data/decks.json,/card/330,card,Jester,XDMG,250,false,,true,,2
data/decks.json,/card/331,card,Key,XDMG,250,false,,true,,2
data/decks.json,/card/332,card,Knight,XDMG,250,false,,true,,2
data/decks.json,/card/333,card,Moon,XDMG,250,false,,true,,2
data/decks.json,/card/334,card,Puzzle,XDMG,250,false,,true,,2
data/decks.json,/card/335,card,Rogue,XDMG,250,false,,true,,2
data/decks.json,/card/336,card,Ruin,XDMG,250,false,,true,,2
data/decks.json,/card/337,card,Sage,XDMG,250,false,,true,,2
data/decks.json,/card/338,card,Skull,XDMG,250,false,,true,,2
data/decks.json,/card/339,card,Star,XDMG,250,false,,true,,2
data/decks.json,/card/340,card,Sun,XDMG,250,false,,true,,2
data/decks.json,/card/341,card,Talons,XDMG,250,false,,true,,2
data/decks.json,/card/342,card,Throne,XDMG,250,false,,true,,2
data/decks.json,/card/343,card,Void,XDMG,250,false,,true,,2
data/deities.json,/deity/12,deity,Anubis,PHB,299,true,,false,,2
data/deities.json,/deity/13,deity,Apep,PHB,299,true,,false,,2
data/deities.json,/deity/14,deity,Aphrodite,PHB,298,true,,false,,2
data/deities.json,/deity/15,deity,Apollo,PHB,298,true,,false,,2
data/deities.json,/deity/19,deity,Arawn,PHB,298,true,,false,,2
data/deities.json,/deity/20,deity,Ares,PHB,298,true,,false,,2
data/deities.json,/deity/22,deity,Artemis,PHB,298,true,,false,,2
data/deities.json,/deity/29,deity,Athena,PHB,298,true,,false,,2
data/deities.json,/deity/58,deity,Bast,PHB,299,true,,false,,2
data/deities.json,/deity/59,deity,Belenus,PHB,298,true,,false,,2
data/deities.json,/deity/65,deity,Bes,PHB,299,true,,false,,2
data/deities.json,/deity/82,deity,Brigantia,PHB,298,true,,false,,2
data/deities.json,/deity/117,deity,Demeter,PHB,298,true,,false,,2
data/deities.json,/deity/123,deity,Diancecht,PHB,298,true,,false,,2
data/deities.json,/deity/124,deity,Dionysus,PHB,298,true,,false,,2
data/deities.json,/deity/133,deity,Dunatis,PHB,298,true,,false,,2
data/deities.json,/deity/173,deity,Goibhniu,PHB,298,true,,false,,2
data/deities.json,/deity/189,deity,Hades,PHB,298,true,,false,,2
data/deities.json,/deity/195,deity,Hathor,PHB,299,true,,false,,2
data/deities.json,/deity/196,deity,Hecate,PHB,298,true,,false,,2
data/deities.json,/deity/205,deity,Hephaestus,PHB,298,true,,false,,2
data/deities.json,/deity/206,deity,Hera,PHB,298,true,,false,,2
data/deities.json,/deity/207,deity,Hercules,PHB,298,true,,false,,2
data/deities.json,/deity/208,deity,Hermes,PHB,298,true,,false,,2
data/deities.json,/deity/210,deity,Hestia,PHB,298,true,,false,,2
data/deities.json,/deity/222,deity,Imhotep,PHB,299,true,,false,,2
data/deities.json,/deity/228,deity,Isis,PHB,299,true,,false,,2
data/deities.json,/deity/280,deity,Lugh,PHB,298,true,,false,,2
data/deities.json,/deity/292,deity,Manannan mac Lir,PHB,298,true,,false,,2
data/deities.json,/deity/298,deity,Math Mathonwy,PHB,298,true,,false,,2
data/deities.json,/deity/319,deity,Morrigan,PHB,298,true,,false,,2
data/deities.json,/deity/333,deity,Nephthys,PHB,299,true,,false,,2
data/deities.json,/deity/336,deity,Nike,PHB,298,true,,false,,2
data/deities.json,/deity/338,deity,Nuada,PHB,298,true,,false,,2
data/deities.json,/deity/347,deity,Oghma,PHB,298,true,,false,,2
data/deities.json,/deity/348,deity,Oghma,PHB,294,true,,false,,2
data/deities.json,/deity/356,deity,Osiris,PHB,299,true,,false,,2
data/deities.json,/deity/359,deity,Pan,PHB,298,true,,false,,2
data/deities.json,/deity/368,deity,Poseidon,PHB,298,true,,false,,2
data/deities.json,/deity/370,deity,Ptah,PHB,299,true,,false,,2
data/deities.json,/deity/379,deity,Re-Horakhty,PHB,299,true,,false,,2
data/deities.json,/deity/407,deity,Set,PHB,299,true,,false,,2
data/deities.json,/deity/425,deity,Silvanus,PHB,298,true,,false,,2
data/deities.json,/deity/426,deity,Silvanus,PHB,294,true,,false,,2
data/deities.json,/deity/433,deity,Sobek,PHB,299,true,,false,,2
data/deities.json,/deity/469,deity,The Daghdha,PHB,298,true,,false,,2
data/deities.json,/deity/497,deity,Thoth,PHB,299,true,,false,,2
data/deities.json,/deity/510,deity,Tyche,PHB,298,true,,false,,2
data/deities.json,/deity/559,deity,Zeus,PHB,298,true,,false,,2
data/feats.json,/feat/3,feat,Ability Score Improvement,XPHB,202,false,,true,,4
data/feats.json,/feat/11,feat,Alert,XPHB,200,false,,true,,6
data/feats.json,/feat/12,feat,Archery,XPHB,209,false,,true,,2
data/feats.json,/feat/24,feat,Boon of Combat Prowess,XPHB,210,false,,true,,4
data/feats.json,/feat/27,feat,Boon of Dimensional Travel,XPHB,210,false,,true,,4
data/feats.json,/feat/30,feat,Boon of Fate,XPHB,210,false,,true,,4
data/feats.json,/feat/34,feat,Boon of Irresistible Offense,XPHB,211,false,,true,,6
data/feats.json,/feat/43,feat,Boon of Spell Recall,XPHB,211,false,,true,,4
data/feats.json,/feat/47,feat,Boon of the Night Spirit,XPHB,211,false,,true,,6
data/feats.json,/feat/49,feat,Boon of Truesight,XPHB,211,false,,true,,4
data/feats.json,/feat/66,feat,Defense,XPHB,209,false,,true,,2
data/feats.json,/feat/104,feat,Grappler,PHB,167,true,,false,,4
data/feats.json,/feat/105,feat,Grappler,XPHB,204,false,,true,,8
data/feats.json,/feat/106,feat,Great Weapon Fighting,XPHB,209,false,,true,,2
data/feats.json,/feat/156,feat,Magic Initiate,XPHB,201,false,,true,,28
data/feats.json,/feat/210,feat,Savage Attacker,XPHB,201,false,,true,,2
data/feats.json,/feat/228,feat,Skilled,XPHB,201,false,,true,,4
data/feats.json,/feat/260,feat,Two-Weapon Fighting,XPHB,210,false,,true,,2
data/items-base.json,/baseitem/0,baseitem,Alchemist's Supplies,PHB,154,true,,false,,22
data/items-base.json,/baseitem/1,baseitem,Alchemist's Supplies,XPHB,220,false,,true,,7
data/items-base.json,/baseitem/4,baseitem,Arrow,PHB,150,true,,false,,1
data/items-base.json,/baseitem/5,baseitem,Arrow,XPHB,222,false,,true,,3
data/items-base.json,/baseitem/6,baseitem,Arrows (20),PHB,150,true,,false,,1
data/items-base.json,/baseitem/7,baseitem,Arrows (20),XPHB,222,false,,true,,3
data/items-base.json,/baseitem/11,baseitem,Bagpipes,PHB,154,true,,false,,1
data/items-base.json,/baseitem/12,baseitem,Bagpipes,XPHB,221,false,,true,,5
data/items-base.json,/baseitem/14,baseitem,Battleaxe,PHB,149,true,,false,,1
data/items-base.json,/baseitem/15,baseitem,Battleaxe,XPHB,215,false,,true,,1
data/items-base.json,/baseitem/17,baseitem,Blowgun,PHB,149,true,,false,,1
data/items-base.json,/baseitem/18,baseitem,Blowgun,XPHB,215,false,,true,,1
data/items-base.json,/baseitem/19,baseitem,Blowgun Needle,PHB,150,true,,false,,1
data/items-base.json,/baseitem/20,baseitem,Blowgun Needles (50),PHB,150,true,,false,,1
data/items-base.json,/baseitem/21,baseitem,Bolt,XPHB,222,false,,true,,3
data/items-base.json,/baseitem/22,baseitem,Bolts (20),XPHB,222,false,,true,,3
data/items-base.json,/baseitem/23,baseitem,Breastplate,PHB,145,true,,false,,2
data/items-base.json,/baseitem/24,baseitem,Breastplate,XPHB,219,false,,true,,1
data/items-base.json,/baseitem/25,baseitem,Brewer's Supplies,PHB,154,true,,false,,20
data/items-base.json,/baseitem/26,baseitem,Brewer's Supplies,XPHB,220,false,,true,,7
data/items-base.json,/baseitem/27,baseitem,Calligrapher's Supplies,PHB,154,true,,false,,20
data/items-base.json,/baseitem/28,baseitem,Calligrapher's Supplies,XPHB,220,false,,true,,7
data/items-base.json,/baseitem/29,baseitem,Carpenter's Tools,PHB,154,true,,false,,26
data/items-base.json,/baseitem/30,baseitem,Carpenter's Tools,XPHB,220,false,,true,,7
data/items-base.json,/baseitem/31,baseitem,Cartographer's Tools,PHB,154,true,,false,,22
data/items-base.json,/baseitem/32,baseitem,Cartographer's Tools,XPHB,220,false,,true,,7
data/items-base.json,/baseitem/33,baseitem,Chain Mail,PHB,145,true,,false,,2
data/items-base.json,/baseitem/34,baseitem,Chain Mail,XPHB,219,false,,true,,1
data/items-base.json,/baseitem/35,baseitem,Chain Shirt,PHB,144,true,,false,,2
data/items-base.json,/baseitem/36,baseitem,Chain Shirt,XPHB,219,false,,true,,1
data/items-base.json,/baseitem/38,baseitem,Club,PHB,149,true,,false,,1
data/items-base.json,/baseitem/39,baseitem,Club,XPHB,215,false,,true,,1
data/items-base.json,/baseitem/40,baseitem,Cobbler's Tools,PHB,154,true,,false,,18
data/items-base.json,/baseitem/41,baseitem,Cobbler's Tools,XPHB,220,false,,true,,7
data/items-base.json,/baseitem/42,baseitem,Cook's Utensils,PHB,154,true,,false,,22
data/items-base.json,/baseitem/43,baseitem,Cook's Utensils,XPHB,220,false,,true,,7
data/items-base.json,/baseitem/44,baseitem,Crossbow Bolt,PHB,150,true,,false,,1
data/items-base.json,/baseitem/45,baseitem,Crossbow Bolts (20),PHB,150,true,,false,,1
data/items-base.json,/baseitem/46,baseitem,Crystal,PHB,151,true,,false,,1
data/items-base.json,/baseitem/47,baseitem,Crystal,XPHB,224,false,,true,,1
data/items-base.json,/baseitem/48,baseitem,Dagger,PHB,149,true,,false,,1
data/items-base.json,/baseitem/49,baseitem,Dagger,XPHB,215,false,,true,,1
data/items-base.json,/baseitem/50,baseitem,Dart,PHB,149,true,,false,,1
data/items-base.json,/baseitem/51,baseitem,Dart,XPHB,215,false,,true,,1
data/items-base.json,/baseitem/53,baseitem,Drum,PHB,154,true,,false,,1
data/items-base.json,/baseitem/54,baseitem,Drum,XPHB,221,false,,true,,5
data/items-base.json,/baseitem/55,baseitem,Dulcimer,PHB,154,true,,false,,1
data/items-base.json,/baseitem/56,baseitem,Dulcimer,XPHB,221,false,,true,,5
data/items-base.json,/baseitem/61,baseitem,Flail,PHB,149,true,,false,,1
data/items-base.json,/baseitem/62,baseitem,Flail,XPHB,215,false,,true,,1
data/items-base.json,/baseitem/63,baseitem,Flute,PHB,154,true,,false,,1
data/items-base.json,/baseitem/64,baseitem,Flute,XPHB,221,false,,true,,5
data/items-base.json,/baseitem/65,baseitem,Glaive,PHB,149,true,,false,,1
data/items-base.json,/baseitem/66,baseitem,Glaive,XPHB,215,false,,true,,1
data/items-base.json,/baseitem/67,baseitem,Glassblower's Tools,PHB,154,true,,false,,16
data/items-base.json,/baseitem/68,baseitem,Glassblower's Tools,XPHB,220,false,,true,,7
data/items-base.json,/baseitem/70,baseitem,Greataxe,PHB,149,true,,false,,1
data/items-base.json,/baseitem/71,baseitem,Greataxe,XPHB,215,false,,true,,1
data/items-base.json,/baseitem/72,baseitem,Greatclub,PHB,149,true,,false,,1
data/items-base.json,/baseitem/73,baseitem,Greatclub,XPHB,215,false,,true,,1
data/items-base.json,/baseitem/74,baseitem,Greatsword,PHB,149,true,,false,,1
data/items-base.json,/baseitem/75,baseitem,Greatsword,XPHB,215,false,,true,,1
data/items-base.json,/baseitem/76,baseitem,Halberd,PHB,149,true,,false,,1
data/items-base.json,/baseitem/77,baseitem,Halberd,XPHB,215,false,,true,,1
data/items-base.json,/baseitem/78,baseitem,Half Plate Armor,PHB,145,true,,false,,2
data/items-base.json,/baseitem/79,baseitem,Half Plate Armor,XPHB,219,false,,true,,1
data/items-base.json,/baseitem/80,baseitem,Hand Crossbow,PHB,149,true,,false,,1
data/items-base.json,/baseitem/81,baseitem,Hand Crossbow,XPHB,215,false,,true,,1
data/items-base.json,/baseitem/83,baseitem,Handaxe,PHB,149,true,,false,,1
data/items-base.json,/baseitem/84,baseitem,Handaxe,XPHB,215,false,,true,,1
data/items-base.json,/baseitem/85,baseitem,Heavy Crossbow,PHB,149,true,,false,,1
data/items-base.json,/baseitem/86,baseitem,Heavy Crossbow,XPHB,215,false,,true,,1
data/items-base.json,/baseitem/87,baseitem,Hide Armor,PHB,144,true,,false,,2
data/items-base.json,/baseitem/88,baseitem,Hide Armor,XPHB,219,false,,true,,1
data/items-base.json,/baseitem/91,baseitem,Horn,PHB,154,true,,false,,1
data/items-base.json,/baseitem/92,baseitem,Horn,XPHB,221,false,,true,,5
data/items-base.json,/baseitem/95,baseitem,Javelin,PHB,149,true,,false,,1
data/items-base.json,/baseitem/96,baseitem,Javelin,XPHB,215,false,,true,,1
data/items-base.json,/baseitem/97,baseitem,Jeweler's Tools,PHB,154,true,,false,,16
data/items-base.json,/baseitem/98,baseitem,Jeweler's Tools,XPHB,220,false,,true,,7
data/items-base.json,/baseitem/99,baseitem,Lance,PHB,149,true,,false,,3
data/items-base.json,/baseitem/100,baseitem,Lance,XPHB,215,false,,true,,2
data/items-base.json,/baseitem/105,baseitem,Leather Armor,PHB,144,true,,false,,2
data/items-base.json,/baseitem/106,baseitem,Leather Armor,XPHB,219,false,,true,,1
data/items-base.json,/baseitem/107,baseitem,Leatherworker's Tools,PHB,154,true,,false,,16
data/items-base.json,/baseitem/108,baseitem,Leatherworker's Tools,XPHB,221,false,,true,,7
data/items-base.json,/baseitem/109,baseitem,Light Crossbow,PHB,149,true,,false,,1
data/items-base.json,/baseitem/110,baseitem,Light Crossbow,XPHB,215,false,,true,,1
data/items-base.json,/baseitem/111,baseitem,Light Hammer,PHB,149,true,,false,,1
data/items-base.json,/baseitem/112,baseitem,Light Hammer,XPHB,215,false,,true,,1
data/items-base.json,/baseitem/114,baseitem,Longbow,PHB,149,true,,false,,1
data/items-base.json,/baseitem/115,baseitem,Longbow,XPHB,215,false,,true,,1
data/items-base.json,/baseitem/117,baseitem,Longsword,PHB,149,true,,false,,1
data/items-base.json,/baseitem/118,baseitem,Longsword,XPHB,215,false,,true,,1
data/items-base.json,/baseitem/119,baseitem,Lute,PHB,154,true,,false,,1
data/items-base.json,/baseitem/120,baseitem,Lute,XPHB,221,false,,true,,5
data/items-base.json,/baseitem/121,baseitem,Lyre,PHB,154,true,,false,,1
data/items-base.json,/baseitem/122,baseitem,Lyre,XPHB,221,false,,true,,5
data/items-base.json,/baseitem/123,baseitem,Mace,PHB,149,true,,false,,1
data/items-base.json,/baseitem/124,baseitem,Mace,XPHB,215,false,,true,,1
data/items-base.json,/baseitem/125,baseitem,Mason's Tools,PHB,154,true,,false,,18
data/items-base.json,/baseitem/126,baseitem,Mason's Tools,XPHB,221,false,,true,,7
data/items-base.json,/baseitem/127,baseitem,Maul,PHB,149,true,,false,,1
data/items-base.json,/baseitem/128,baseitem,Maul,XPHB,215,false,,true,,1
data/items-base.json,/baseitem/131,baseitem,Morningstar,PHB,149,true,,false,,1
data/items-base.json,/baseitem/132,baseitem,Morningstar,XPHB,215,false,,true,,1
data/items-base.json,/baseitem/134,baseitem,Musket,XPHB,215,false,,true,,1
data/items-base.json,/baseitem/135,baseitem,Needle,XPHB,222,false,,true,,3
data/items-base.json,/baseitem/136,baseitem,Needles (50),XPHB,222,false,,true,,3
data/items-base.json,/baseitem/137,baseitem,Net,PHB,149,true,,false,,3
data/items-base.json,/baseitem/138,baseitem,Orb,PHB,151,true,,false,,1
data/items-base.json,/baseitem/139,baseitem,Orb,XPHB,224,false,,true,,1
data/items-base.json,/baseitem/140,baseitem,Padded Armor,PHB,144,true,,false,,2
data/items-base.json,/baseitem/141,baseitem,Padded Armor,XPHB,219,false,,true,,1
data/items-base.json,/baseitem/142,baseitem,Painter's Supplies,PHB,154,true,,false,,16
data/items-base.json,/baseitem/143,baseitem,Painter's Supplies,XPHB,221,false,,true,,7
data/items-base.json,/baseitem/144,baseitem,Pan Flute,PHB,154,true,,false,,1
data/items-base.json,/baseitem/145,baseitem,Pan Flute,XPHB,221,false,,true,,5
data/items-base.json,/baseitem/146,baseitem,Pike,PHB,149,true,,false,,1
data/items-base.json,/baseitem/147,baseitem,Pike,XPHB,215,false,,true,,1
data/items-base.json,/baseitem/149,baseitem,Pistol,XPHB,215,false,,true,,1
data/items-base.json,/baseitem/150,baseitem,Plate Armor,PHB,145,true,,false,,2
data/items-base.json,/baseitem/151,baseitem,Plate Armor,XPHB,219,false,,true,,1
data/items-base.json,/baseitem/152,baseitem,Potter's Tools,PHB,154,true,,false,,18
data/items-base.json,/baseitem/153,baseitem,Potter's Tools,XPHB,221,false,,true,,7
data/items-base.json,/baseitem/154,baseitem,Quarterstaff,PHB,149,true,,false,,1
data/items-base.json,/baseitem/155,baseitem,Quarterstaff,XPHB,215,false,,true,,1
data/items-base.json,/baseitem/156,baseitem,Rapier,PHB,149,true,,false,,1
data/items-base.json,/baseitem/157,baseitem,Rapier,XPHB,215,false,,true,,1
data/items-base.json,/baseitem/162,baseitem,Ring Mail,PHB,145,true,,false,,2
data/items-base.json,/baseitem/163,baseitem,Ring Mail,XPHB,219,false,,true,,1
data/items-base.json,/baseitem/164,baseitem,Rod,PHB,151,true,,false,,1
data/items-base.json,/baseitem/165,baseitem,Rod,XPHB,224,false,,true,,1
data/items-base.json,/baseitem/166,baseitem,Scale Mail,PHB,144,true,,false,,2
data/items-base.json,/baseitem/167,baseitem,Scale Mail,XPHB,219,false,,true,,1
data/items-base.json,/baseitem/168,baseitem,Scimitar,PHB,149,true,,false,,1
data/items-base.json,/baseitem/169,baseitem,Scimitar,XPHB,215,false,,true,,1
data/items-base.json,/baseitem/171,baseitem,Shawm,PHB,154,true,,false,,1
data/items-base.json,/baseitem/173,baseitem,Shawm,XPHB,221,false,,true,,5
data/items-base.json,/baseitem/174,baseitem,Shield,PHB,144,true,,false,,2
data/items-base.json,/baseitem/175,baseitem,Shield,XPHB,219,false,,true,,1
data/items-base.json,/baseitem/176,baseitem,Shortbow,PHB,149,true,,false,,1
data/items-base.json,/baseitem/177,baseitem,Shortbow,XPHB,215,false,,true,,1
data/items-base.json,/baseitem/178,baseitem,Shortsword,PHB,149,true,,false,,1
data/items-base.json,/baseitem/179,baseitem,Shortsword,XPHB,215,false,,true,,1
data/items-base.json,/baseitem/182,baseitem,Sickle,PHB,149,true,,false,,1
data/items-base.json,/baseitem/183,baseitem,Sickle,XPHB,215,false,,true,,1
data/items-base.json,/baseitem/184,baseitem,Sling,PHB,149,true,,false,,1
data/items-base.json,/baseitem/185,baseitem,Sling,XPHB,215,false,,true,,1
data/items-base.json,/baseitem/186,baseitem,Sling Bullet,PHB,150,true,,false,,1
data/items-base.json,/baseitem/187,baseitem,Sling Bullet,XPHB,222,false,,true,,3
data/items-base.json,/baseitem/188,baseitem,Sling Bullets (20),PHB,150,true,,false,,1
data/items-base.json,/baseitem/189,baseitem,Sling Bullets (20),XPHB,222,false,,true,,3
data/items-base.json,/baseitem/190,baseitem,Smith's Tools,PHB,154,true,,false,,18
data/items-base.json,/baseitem/191,baseitem,Smith's Tools,XPHB,221,false,,true,,7
data/items-base.json,/baseitem/193,baseitem,Spear,PHB,149,true,,false,,1
data/items-base.json,/baseitem/194,baseitem,Spear,XPHB,215,false,,true,,1
data/items-base.json,/baseitem/196,baseitem,Splint Armor,PHB,145,true,,false,,2
data/items-base.json,/baseitem/197,baseitem,Splint Armor,XPHB,219,false,,true,,1
data/items-base.json,/baseitem/198,baseitem,Staff,PHB,151,true,,false,,1
data/items-base.json,/baseitem/199,baseitem,Staff,XPHB,224,false,,true,,1
data/items-base.json,/baseitem/200,baseitem,Studded Leather Armor,PHB,144,true,,false,,2
data/items-base.json,/baseitem/201,baseitem,Studded Leather Armor,XPHB,219,false,,true,,1
data/items-base.json,/baseitem/204,baseitem,Tinker's Tools,PHB,154,true,,false,,18
data/items-base.json,/baseitem/205,baseitem,Tinker's Tools,XPHB,221,false,,true,,7
data/items-base.json,/baseitem/207,baseitem,Trident,PHB,149,true,,false,,1
data/items-base.json,/baseitem/208,baseitem,Trident,XPHB,215,false,,true,,1
data/items-base.json,/baseitem/209,baseitem,Viol,PHB,154,true,,false,,1
data/items-base.json,/baseitem/210,baseitem,Viol,XPHB,221,false,,true,,5
data/items-base.json,/baseitem/211,baseitem,Wand,PHB,151,true,,false,,1
data/items-base.json,/baseitem/212,baseitem,Wand,XPHB,224,false,,true,,1
data/items-base.json,/baseitem/213,baseitem,War Pick,PHB,149,true,,false,,1
data/items-base.json,/baseitem/214,baseitem,War Pick,XPHB,215,false,,true,,1
data/items-base.json,/baseitem/216,baseitem,Warhammer,PHB,149,true,,false,,1
data/items-base.json,/baseitem/217,baseitem,Warhammer,XPHB,215,false,,true,,1
data/items-base.json,/baseitem/218,baseitem,Weaver's Tools,PHB,154,true,,false,,20
data/items-base.json,/baseitem/219,baseitem,Weaver's Tools,XPHB,221,false,,true,,7
data/items-base.json,/baseitem/220,baseitem,Whip,PHB,149,true,,false,,1
data/items-base.json,/baseitem/221,baseitem,Whip,XPHB,215,false,,true,,1
data/items-base.json,/baseitem/222,baseitem,Woodcarver's Tools,PHB,154,true,,false,,18
data/items-base.json,/baseitem/223,baseitem,Woodcarver's Tools,XPHB,221,false,,true,,7
data/items-base.json,/baseitem/224,baseitem,Wooden Staff,PHB,151,true,,false,,1
data/items-base.json,/baseitem/225,baseitem,Wooden Staff,XPHB,225,false,,true,,1
data/items-base.json,/itemMastery/0,itemMastery,Cleave,XPHB,214,false,,true,,2
data/items-base.json,/itemMastery/1,itemMastery,Graze,XPHB,214,false,,true,,2
data/items-base.json,/itemMastery/2,itemMastery,Nick,XPHB,214,false,,true,,2
data/items-base.json,/itemMastery/3,itemMastery,Push,XPHB,214,false,,true,,2
data/items-base.json,/itemMastery/4,itemMastery,Sap,XPHB,214,false,,true,,2
data/items-base.json,/itemMastery/5,itemMastery,Slow,XPHB,214,false,,true,,2
data/items-base.json,/itemMastery/6,itemMastery,Topple,XPHB,214,false,,true,,2
data/items-base.json,/itemMastery/7,itemMastery,Vex,XPHB,214,false,,true,,2
data/items.json,/item/10,item,+1 Wand of the War Mage,DMG,212,true,,false,,2
data/items.json,/item/11,item,+1 Wand of the War Mage,XDMG,322,false,,true,,2
data/items.json,/item/24,item,+2 Wand of the War Mage,DMG,212,true,,false,,2
data/items.json,/item/25,item,+2 Wand of the War Mage,XDMG,322,false,,true,,2
data/items.json,/item/38,item,+3 Wand of the War Mage,DMG,212,true,,false,,2
data/items.json,/item/39,item,+3 Wand of the War Mage,XDMG,322,false,,true,,2
data/items.json,/item/42,item,Abacus,PHB,150,true,,false,,1
data/items.json,/item/45,item,Acid,XPHB,222,false,,true,,2
data/items.json,/item/46,item,Acid (vial),PHB,148,true,,false,,2
data/items.json,/item/58,item,Alchemist's Fire,XPHB,222,false,,true,,2
data/items.json,/item/59,item,Alchemist's Fire (flask),PHB,148,true,,false,,2
data/items.json,/item/64,item,Ale (gallon),PHB,158,true,,false,,1
data/items.json,/item/65,item,Ale (mug),PHB,158,true,,false,,1
data/items.json,/item/66,item,Ale (mug),XPHB,231,false,,true,,1
data/items.json,/item/75,item,Amulet,PHB,151,true,,false,,1
data/items.json,/item/76,item,Amulet,XPHB,226,false,,true,,2
data/items.json,/item/82,item,Amulet of Health,DMG,150,true,,false,,2
data/items.json,/item/83,item,Amulet of Health,XDMG,228,false,,true,,2
data/items.json,/item/84,item,Amulet of Proof against Detection and Location,DMG,150,true,,false,,2
data/items.json,/item/85,item,Amulet of Proof against Detection and Location,XDMG,228,false,,true,,2
data/items.json,/item/90,item,Amulet of the Planes,DMG,150,true,,false,,2
data/items.json,/item/91,item,Amulet of the Planes,XDMG,150,false,,true,,14
data/items.json,/item/92,item,Animated Shield,DMG,151,true,,false,,2
data/items.json,/item/93,item,Animated Shield,XDMG,229,false,,true,,2
data/items.json,/item/95,item,Antitoxin,XPHB,222,false,,true,,2
data/items.json,/item/96,item,Antitoxin (vial),PHB,151,true,,false,,2
data/items.json,/item/97,item,Apparatus of Kwalish,DMG,151,true,Apparatus of the Crab,false,,48
data/items.json,/item/98,item,Apparatus of Kwalish,XDMG,229,false,,true,Apparatus of the Crab,40
data/items.json,/item/106,item,Armor of Invulnerability,DMG,152,true,,false,,2
data/items.json,/item/107,item,Armor of Invulnerability,XDMG,152,false,,true,,4
data/items.json,/item/108,item,Armor of Vulnerability (Bludgeoning),DMG,152,true,,false,,4
data/items.json,/item/109,item,Armor of Vulnerability (Piercing),DMG,152,true,,false,,4
data/items.json,/item/110,item,Armor of Vulnerability (Slashing),DMG,152,true,,false,,4
data/items.json,/item/111,item,Arrow-Catching Shield,DMG,152,true,,false,,2
data/items.json,/item/112,item,Arrow-Catching Shield,XDMG,231,false,,true,,3
data/items.json,/item/116,item,Assassin's Blood,DMG,258,true,,false,,2
data/items.json,/item/117,item,Assassin's Blood,XDMG,90,false,,true,,2
data/items.json,/item/133,item,Backpack,PHB,153,true,,false,,2
data/items.json,/item/134,item,Backpack,XPHB,224,false,,true,,2
data/items.json,/item/137,item,Bag of Beans,DMG,152,true,,false,,30
data/items.json,/item/138,item,Bag of Beans,XDMG,233,false,,true,,30
data/items.json,/item/139,item,Bag of Devouring,DMG,153,true,,false,,5
data/items.json,/item/140,item,Bag of Devouring,XDMG,234,false,,true,,5
data/items.json,/item/141,item,Bag of Holding,DMG,153,true,,false,,4
data/items.json,/item/142,item,Bag of Holding,XDMG,234,false,,true,,4
data/items.json,/item/143,item,"Bag of Tricks, Gray",DMG,154,true,,false,,23
data/items.json,/item/144,item,"Bag of Tricks, Gray",XDMG,234,false,,true,,23
data/items.json,/item/145,item,"Bag of Tricks, Rust",DMG,154,true,,false,,23
data/items.json,/item/146,item,"Bag of Tricks, Rust",XDMG,234,false,,true,,23
data/items.json,/item/147,item,"Bag of Tricks, Tan",DMG,154,true,,false,,23
data/items.json,/item/148,item,"Bag of Tricks, Tan",XDMG,234,false,,true,,23
data/items.json,/item/152,item,Ball Bearing,PHB,151,true,,false,,2
data/items.json,/item/153,item,Ball Bearings,XPHB,224,false,,true,,2
data/items.json,/item/154,item,"Ball Bearings (bag of 1,000)",PHB,151,true,,false,,2
data/items.json,/item/160,item,Barrel,PHB,153,true,,false,,2
data/items.json,/item/161,item,Barrel,XPHB,224,false,,true,,2
data/items.json,/item/167,item,Basic Poison,XPHB,227,false,,true,,2
data/items.json,/item/168,item,Basic Poison (vial),PHB,153,true,,false,,2
data/items.json,/item/169,item,Basket,PHB,153,true,,false,,2
data/items.json,/item/170,item,Basket,XPHB,224,false,,true,,2
data/items.json,/item/173,item,Bead of Force,DMG,154,true,,false,,4
data/items.json,/item/174,item,Bead of Force,XDMG,234,false,,true,,4
data/items.json,/item/175,item,Bead of Nourishment,XDMG,235,false,,true,,2
data/items.json,/item/179,item,Bedroll,PHB,150,true,,false,,1
data/items.json,/item/180,item,Bedroll,XPHB,224,false,,true,,2
data/items.json,/item/186,item,Bell,PHB,150,true,,false,,1
data/items.json,/item/187,item,Bell,XPHB,224,false,,true,,2
data/items.json,/item/189,item,Belt of Cloud Giant Strength,DMG,155,true,,false,,2
data/items.json,/item/190,item,Belt of Cloud Giant Strength,XDMG,236,false,,true,,2
data/items.json,/item/191,item,Belt of Dwarvenkind,DMG,155,true,,false,,9
data/items.json,/item/192,item,Belt of Dwarvenkind,XDMG,235,false,,true,,14
data/items.json,/item/193,item,Belt of Fire Giant Strength,DMG,155,true,,false,,2
data/items.json,/item/194,item,Belt of Fire Giant Strength,XDMG,236,false,,true,,2
data/items.json,/item/195,item,Belt of Frost Giant Strength,DMG,155,true,,false,,2
data/items.json,/item/196,item,Belt of Frost Giant Strength,XDMG,236,false,,true,,2
data/items.json,/item/197,item,Belt of Hill Giant Strength,DMG,155,true,,false,,2
data/items.json,/item/198,item,Belt of Hill Giant Strength,XDMG,236,false,,true,,2
data/items.json,/item/199,item,Belt of Stone Giant Strength,DMG,155,true,,false,,2
data/items.json,/item/200,item,Belt of Stone Giant Strength,XDMG,236,false,,true,,2
data/items.json,/item/201,item,Belt of Storm Giant Strength,DMG,155,true,,false,,2
data/items.json,/item/202,item,Belt of Storm Giant Strength,XDMG,236,false,,true,,2
data/items.json,/item/204,item,Bit and bridle,PHB,157,true,,false,,1
data/items.json,/item/209,item,Black Dragon Scale Mail,DMG,165,true,,false,,3
data/items.json,/item/210,item,Black Dragon Scale Mail,XDMG,254,false,,true,,2
data/items.json,/item/228,item,Blanket,PHB,150,true,,false,,1
data/items.json,/item/229,item,Blanket,XPHB,224,false,,true,,2
data/items.json,/item/234,item,Block and Tackle,PHB,151,true,,false,,2
data/items.json,/item/235,item,Block and Tackle,XPHB,224,false,,true,,2
data/items.json,/item/247,item,Blue Dragon Scale Mail,DMG,165,true,,false,,3
data/items.json,/item/248,item,Blue Dragon Scale Mail,XDMG,254,false,,true,,2
data/items.json,/item/261,item,Book,PHB,151,true,,false,,2
data/items.json,/item/262,item,Book,XPHB,224,false,,true,,2
data/items.json,/item/270,item,Boots of Elvenkind,DMG,155,true,,false,,2
data/items.json,/item/271,item,Boots of Elvenkind,XDMG,239,false,,true,,2
data/items.json,/item/274,item,Boots of Levitation,DMG,155,true,,false,,2
data/items.json,/item/275,item,Boots of Levitation,XDMG,239,false,,true,,2
data/items.json,/item/276,item,Boots of Speed,DMG,155,true,,false,,3
data/items.json,/item/277,item,Boots of Speed,XDMG,240,false,,true,,3
data/items.json,/item/278,item,Boots of Striding and Springing,DMG,156,true,,false,,2
data/items.json,/item/279,item,Boots of Striding and Springing,XDMG,240,false,,true,,3
data/items.json,/item/281,item,Boots of the Winterlands,DMG,156,true,,false,,5
data/items.json,/item/282,item,Boots of the Winterlands,XDMG,240,false,,true,,6
data/items.json,/item/290,item,Bowl of Commanding Water Elementals,DMG,156,true,,false,,3
data/items.json,/item/291,item,Bowl of Commanding Water Elementals,XDMG,240,false,,true,,3
data/items.json,/item/296,item,Bracers of Archery,DMG,156,true,,false,,2
data/items.json,/item/297,item,Bracers of Archery,XDMG,240,false,,true,,2
data/items.json,/item/300,item,Bracers of Defense,DMG,156,true,,false,,2
data/items.json,/item/301,item,Bracers of Defense,XDMG,241,false,,true,,2
data/items.json,/item/302,item,Brass Dragon Scale Mail,DMG,165,true,,false,,3
data/items.json,/item/303,item,Brass Dragon Scale Mail,XDMG,254,false,,true,,2
data/items.json,/item/306,item,Brazier of Commanding Fire Elementals,DMG,156,true,,false,,3
data/items.json,/item/307,item,Brazier of Commanding Fire Elementals,XDMG,241,false,,true,,2
data/items.json,/item/308,item,Bread (loaf),XPHB,231,false,,true,,1
data/items.json,/item/315,item,Bronze Dragon Scale Mail,DMG,165,true,,false,,3
data/items.json,/item/316,item,Bronze Dragon Scale Mail,XDMG,254,false,,true,,2
data/items.json,/item/319,item,Brooch of Shielding,DMG,156,true,,false,,2
data/items.json,/item/320,item,Brooch of Shielding,XDMG,241,false,,true,,2
data/items.json,/item/322,item,Broom of Flying,DMG,156,true,,false,,3
data/items.json,/item/323,item,Broom of Flying,XDMG,241,false,,true,,3
data/items.json,/item/324,item,Bucket,PHB,153,true,,false,,2
data/items.json,/item/325,item,Bucket,XPHB,224,false,,true,,2
data/items.json,/item/326,item,Bullseye Lantern,PHB,152,true,,false,,2
data/items.json,/item/327,item,Bullseye Lantern,XPHB,226,false,,true,,2
data/items.json,/item/329,item,Burglar's Pack,PHB,151,true,,false,,16
data/items.json,/item/330,item,Burglar's Pack,XPHB,224,false,,true,,2
data/items.json,/item/331,item,Burnt Othur Fumes,DMG,258,true,,false,,2
data/items.json,/item/332,item,Burnt Othur Fumes,XDMG,90,false,,true,,2
data/items.json,/item/335,item,Caltrop,PHB,151,true,,false,,2
data/items.json,/item/336,item,Caltrops,XPHB,224,false,,true,,2
data/items.json,/item/337,item,Caltrops (bag of 20),PHB,151,true,,false,,2
data/items.json,/item/338,item,Camel,PHB,157,true,,false,,1
data/items.json,/item/339,item,Camel,XPHB,229,false,,true,,1
data/items.json,/item/340,item,Candle,PHB,151,true,,false,,2
data/items.json,/item/341,item,Candle,XPHB,224,false,,true,,2
data/items.json,/item/343,item,Candle of Invocation,DMG,157,true,,false,,25
data/items.json,/item/344,item,Candle of Invocation,XDMG,241,false,,true,,38
data/items.json,/item/349,item,Canvas (1 sq. yd.),PHB,157,true,,false,,1
data/items.json,/item/350,item,Canvas (1 sq. yd.),XDMG,213,false,,true,,1
data/items.json,/item/355,item,Cape of the Mountebank,DMG,157,true,,false,,3
data/items.json,/item/356,item,Cape of the Mountebank,XDMG,242,false,,true,,3
data/items.json,/item/360,item,"Carpet of Flying, 3 ft. × 5 ft.",DMG,157,true,,false,,3
data/items.json,/item/361,item,"Carpet of Flying, 3 ft. × 5 ft.",XDMG,242,false,,true,,3
data/items.json,/item/362,item,"Carpet of Flying, 4 ft. × 6 ft.",DMG,157,true,,false,,3
data/items.json,/item/363,item,"Carpet of Flying, 4 ft. × 6 ft.",XDMG,242,false,,true,,3
data/items.json,/item/364,item,"Carpet of Flying, 5 ft. × 7 ft.",DMG,157,true,,false,,3
data/items.json,/item/365,item,"Carpet of Flying, 5 ft. × 7 ft.",XDMG,242,false,,true,,3
data/items.json,/item/366,item,"Carpet of Flying, 6 ft. × 9 ft.",DMG,157,true,,false,,3
data/items.json,/item/367,item,"Carpet of Flying, 6 ft. × 9 ft.",XDMG,242,false,,true,,3
data/items.json,/item/368,item,Carriage,PHB,157,true,,false,,1
data/items.json,/item/369,item,Carriage,XPHB,230,false,,true,,1
data/items.json,/item/370,item,Carrion Crawler Mucus,DMG,258,true,Crawler Mucus (Contact),false,,2
data/items.json,/item/371,item,Carrion Crawler Mucus,XDMG,90,false,,true,Crawler Mucus (Contact),2
data/items.json,/item/372,item,Cart,PHB,157,true,,false,,1
data/items.json,/item/373,item,Cart,XPHB,230,false,,true,,1
data/items.json,/item/386,item,Censer of Controlling Air Elementals,DMG,158,true,,false,,3
data/items.json,/item/387,item,Censer of Controlling Air Elementals,XDMG,243,false,,true,,2
data/items.json,/item/391,item,Chain,XPHB,224,false,,true,,2
data/items.json,/item/392,item,Chain (10 feet),PHB,151,true,,false,,2
data/items.json,/item/395,item,Chalk (1 piece),PHB,150,true,,false,,1
data/items.json,/item/396,item,Chariot,PHB,157,true,,false,,7
data/items.json,/item/397,item,Chariot,XPHB,230,false,,true,,1
data/items.json,/item/402,item,Cheese (wedge),XPHB,231,false,,true,,1
data/items.json,/item/403,item,Chest,PHB,153,true,,false,,2
data/items.json,/item/404,item,Chest,XPHB,225,false,,true,,2
data/items.json,/item/406,item,Chicken,PHB,157,true,,false,,1
data/items.json,/item/407,item,Chicken,XDMG,213,false,,true,,1
data/items.json,/item/409,item,Chime of Opening,DMG,158,true,,false,,3
data/items.json,/item/410,item,Chime of Opening,XDMG,244,false,,true,,2
data/items.json,/item/417,item,Chunk of Meat,PHB,158,true,,false,,1
data/items.json,/item/418,item,Cinnamon,PHB,157,true,,false,,1
data/items.json,/item/419,item,Cinnamon,XDMG,213,false,,true,,1
data/items.json,/item/420,item,Circlet of Blasting,DMG,158,true,,false,,2
data/items.json,/item/421,item,Circlet of Blasting,XDMG,244,false,,true,,2
data/items.json,/item/428,item,Climber's Kit,PHB,151,true,,false,,2
data/items.json,/item/429,item,Climber's Kit,XPHB,225,false,,true,,2
data/items.json,/item/430,item,Cloak of Arachnida,DMG,158,true,,false,,7
data/items.json,/item/431,item,Cloak of Arachnida,XDMG,244,false,,true,,10
data/items.json,/item/435,item,Cloak of Displacement,DMG,158,true,,false,,2
data/items.json,/item/436,item,Cloak of Displacement,XDMG,244,false,,true,,2
data/items.json,/item/437,item,Cloak of Elvenkind,DMG,158,true,,false,,2
data/items.json,/item/438,item,Cloak of Elvenkind,XDMG,244,false,,true,,2
data/items.json,/item/440,item,Cloak of Invisibility,XDMG,244,false,,true,,2
data/items.json,/item/443,item,Cloak of Protection,DMG,159,true,,false,,2
data/items.json,/item/444,item,Cloak of Protection,XDMG,245,false,,true,,2
data/items.json,/item/445,item,Cloak of the Bat,DMG,159,true,,false,,3
data/items.json,/item/446,item,Cloak of the Bat,XDMG,245,false,,true,,3
data/items.json,/item/447,item,Cloak of the Manta Ray,DMG,159,true,,false,,2
data/items.json,/item/448,item,Cloak of the Manta Ray,XDMG,245,false,,true,,2
data/items.json,/item/458,item,Cloves,PHB,157,true,,false,,1
data/items.json,/item/459,item,Cloves,XDMG,213,false,,true,,1
data/items.json,/item/466,item,Common Clothes,PHB,150,true,,false,,1
data/items.json,/item/468,item,Common Wine (bottle),XPHB,231,false,,true,,1
data/items.json,/item/469,item,Common Wine (pitcher),PHB,158,true,,false,,1
data/items.json,/item/470,item,Component Pouch,PHB,151,true,,false,,2
data/items.json,/item/471,item,Component Pouch,XPHB,225,false,,true,,2
data/items.json,/item/478,item,Copper,PHB,157,true,,false,,1
data/items.json,/item/479,item,Copper,XDMG,213,false,,true,,1
data/items.json,/item/484,item,Copper Dragon Scale Mail,DMG,165,true,,false,,3
data/items.json,/item/485,item,Copper Dragon Scale Mail,XDMG,254,false,,true,,2
data/items.json,/item/490,item,Costume,XPHB,225,false,,true,,2
data/items.json,/item/491,item,Costume Clothes,PHB,150,true,,false,,1
data/items.json,/item/492,item,Cotton Cloth (1 sq. yd.),PHB,157,true,,false,,1
data/items.json,/item/493,item,Cotton Cloth (1 sq. yd.),XDMG,213,false,,true,,1
data/items.json,/item/495,item,Cow,PHB,157,true,,false,,1
data/items.json,/item/496,item,Cow,XDMG,213,false,,true,,1
data/items.json,/item/500,item,Crossbow Bolt Case,PHB,151,true,,false,,2
data/items.json,/item/501,item,Crossbow Bolt Case,XPHB,224,false,,true,,2
data/items.json,/item/502,item,Crowbar,PHB,151,true,,false,,2
data/items.json,/item/503,item,Crowbar,XPHB,225,false,,true,,2
data/items.json,/item/510,item,Crystal Ball,DMG,159,true,,false,,2
data/items.json,/item/511,item,Crystal Ball,XDMG,246,false,,true,,2
data/items.json,/item/513,item,Crystal Ball of Mind Reading,XDMG,246,false,,true,,2
data/items.json,/item/515,item,Crystal Ball of Telepathy,XDMG,246,false,,true,,2
data/items.json,/item/517,item,Crystal Ball of True Seeing,XDMG,246,false,,true,,2
data/items.json,/item/519,item,Cube of Force,DMG,159,true,,false,,38
data/items.json,/item/520,item,Cube of Force,XDMG,246,false,,true,,18
data/items.json,/item/522,item,Cubic Gate,DMG,160,true,,false,,4
data/items.json,/item/523,item,Cubic Gate,XDMG,247,false,,true,,7
data/items.json,/item/528,item,Daern's Instant Fortress,DMG,160,true,Instant Fortress,false,,5
data/items.json,/item/529,item,Daern's Instant Fortress,XDMG,247,false,,true,Instant Fortress,4
data/items.json,/item/532,item,Dagger of Venom,DMG,161,true,,false,,3
data/items.json,/item/533,item,Dagger of Venom,XDMG,248,false,,true,,3
data/items.json,/item/544,item,Decanter of Endless Water,DMG,161,true,,false,,6
data/items.json,/item/545,item,Decanter of Endless Water,XDMG,249,false,,true,,9
data/items.json,/item/547,item,Deck of Illusions,DMG,161,true,,false,,73
data/items.json,/item/548,item,Deck of Illusions,XDMG,249,false,,true,,73
data/items.json,/item/551,item,Deck of Many Things,DMG,162,true,,false,,97
data/items.json,/item/552,item,Deck of Many Things,XDMG,250,false,,true,Mysterious Deck,122
data/items.json,/item/560,item,Demon Armor,DMG,165,true,,false,,4
data/items.json,/item/574,item,Dice Set,PHB,154,true,,false,,1
data/items.json,/item/575,item,Dice Set,XPHB,221,false,,true,,5
data/items.json,/item/577,item,Dimensional Shackles,DMG,165,true,,false,,3
data/items.json,/item/578,item,Dimensional Shackles,XDMG,254,false,,true,,3
data/items.json,/item/581,item,Diplomat's Pack,PHB,151,true,,false,,13
data/items.json,/item/582,item,Diplomat's Pack,XPHB,225,false,,true,,2
data/items.json,/item/583,item,Disguise Kit,PHB,154,true,,false,,24
data/items.json,/item/584,item,Disguise Kit,XPHB,221,false,,true,,7
data/items.json,/item/592,item,Donkey,PHB,157,true,,false,,1
data/items.json,/item/596,item,Draft Horse,PHB,157,true,,false,,1
data/items.json,/item/597,item,Draft Horse,XPHB,229,false,,true,,1
data/items.json,/item/615,item,Drow Poison,DMG,258,true,,false,,2
data/items.json,/item/617,item,Dungeoneer's Pack,PHB,151,true,,false,,11
data/items.json,/item/618,item,Dungeoneer's Pack,XPHB,225,false,,true,,2
data/items.json,/item/623,item,Dust of Disappearance,DMG,166,true,,false,,2
data/items.json,/item/624,item,Dust of Disappearance,XDMG,255,false,,true,,2
data/items.json,/item/625,item,Dust of Dryness,DMG,166,true,,false,,4
data/items.json,/item/626,item,Dust of Dryness,XDMG,255,false,,true,,3
data/items.json,/item/627,item,Dust of Sneezing and Choking,DMG,166,true,,false,,3
data/items.json,/item/628,item,Dust of Sneezing and Choking,XDMG,255,false,,true,,4
data/items.json,/item/630,item,Dwarven Plate,DMG,167,true,,false,,2
data/items.json,/item/631,item,Dwarven Thrower,DMG,167,true,,false,,2
data/items.json,/item/632,item,Dwarven Thrower,XDMG,256,false,,true,,2
data/items.json,/item/642,item,Efreeti Bottle,DMG,167,true,,false,,11
data/items.json,/item/643,item,Efreeti Bottle,XDMG,256,false,,true,,11
data/items.json,/item/655,item,"Elemental Gem, Blue Sapphire",DMG,167,true,,false,,2
data/items.json,/item/656,item,"Elemental Gem, Blue Sapphire",XDMG,257,false,,true,,2
data/items.json,/item/657,item,"Elemental Gem, Emerald",DMG,167,true,,false,,2
data/items.json,/item/658,item,"Elemental Gem, Emerald",XDMG,257,false,,true,,2
data/items.json,/item/659,item,"Elemental Gem, Red Corundum",DMG,167,true,,false,,2
data/items.json,/item/660,item,"Elemental Gem, Red Corundum",XDMG,257,false,,true,,2
data/items.json,/item/661,item,"Elemental Gem, Yellow Diamond",DMG,167,true,,false,,2
data/items.json,/item/662,item,"Elemental Gem, Yellow Diamond",XDMG,257,false,,true,,2
data/items.json,/item/663,item,Elephant,PHB,157,true,,false,,1
data/items.json,/item/664,item,Elephant,XPHB,229,false,,true,,1
data/items.json,/item/666,item,Elixir of Health,XDMG,257,false,,true,,3
data/items.json,/item/667,item,Elven Chain,DMG,168,true,,false,,2
data/items.json,/item/670,item,Emblem,PHB,151,true,,false,,1
data/items.json,/item/671,item,Emblem,XPHB,226,false,,true,,2
data/items.json,/item/694,item,Entertainer's Pack,PHB,151,true,,false,,9
data/items.json,/item/695,item,Entertainer's Pack,XPHB,225,false,,true,,2
data/items.json,/item/699,item,Essence of Ether,DMG,258,true,,false,,2
data/items.json,/item/700,item,Essence of Ether,XDMG,90,false,,true,,2
data/items.json,/item/704,item,Eversmoking Bottle,DMG,168,true,,false,,3
data/items.json,/item/705,item,Eversmoking Bottle,XDMG,259,false,,true,,5
data/items.json,/item/706,item,Exotic Saddle,PHB,157,true,,false,,2
data/items.json,/item/707,item,Exotic Saddle,XPHB,230,false,,true,,2
data/items.json,/item/708,item,Explorer's Pack,PHB,151,true,,false,,10
data/items.json,/item/709,item,Explorer's Pack,XPHB,225,false,,true,,2
data/items.json,/item/718,item,Eyes of Charming,DMG,168,true,,false,,2
data/items.json,/item/719,item,Eyes of Charming,XDMG,261,false,,true,,2
data/items.json,/item/720,item,Eyes of Minute Seeing,DMG,168,true,,false,,2
data/items.json,/item/721,item,Eyes of Minute Seeing,XDMG,261,false,,true,,2
data/items.json,/item/722,item,Eyes of the Eagle,DMG,168,true,,false,,2
data/items.json,/item/723,item,Eyes of the Eagle,XDMG,261,false,,true,,2
data/items.json,/item/738,item,Feed (per day),PHB,157,true,,false,,1
data/items.json,/item/739,item,Feed (per day),XPHB,230,false,,true,,1
data/items.json,/item/743,item,"Figurine of Wondrous Power, Bronze Griffon",DMG,169,true,,false,,6
data/items.json,/item/744,item,"Figurine of Wondrous Power, Bronze Griffon",XDMG,261,false,,true,,6
data/items.json,/item/745,item,"Figurine of Wondrous Power, Ebony Fly",DMG,169,true,,false,,6
data/items.json,/item/746,item,"Figurine of Wondrous Power, Ebony Fly",XDMG,261,false,,true,,6
data/items.json,/item/747,item,"Figurine of Wondrous Power, Golden Lions",DMG,169,true,,false,,6
data/items.json,/item/748,item,"Figurine of Wondrous Power, Golden Lions",XDMG,261,false,,true,,6
data/items.json,/item/749,item,"Figurine of Wondrous Power, Ivory Goats",DMG,169,true,,false,,9
data/items.json,/item/750,item,"Figurine of Wondrous Power, Ivory Goats",XDMG,261,false,,true,,12
data/items.json,/item/751,item,"Figurine of Wondrous Power, Marble Elephant",DMG,170,true,,false,,6
data/items.json,/item/752,item,"Figurine of Wondrous Power, Marble Elephant",XDMG,261,false,,true,,6
data/items.json,/item/753,item,"Figurine of Wondrous Power, Obsidian Steed",DMG,170,true,,false,,7
data/items.json,/item/754,item,"Figurine of Wondrous Power, Obsidian Steed",XDMG,261,false,,true,,7
data/items.json,/item/755,item,"Figurine of Wondrous Power, Onyx Dog",DMG,170,true,,false,,6
data/items.json,/item/756,item,"Figurine of Wondrous Power, Onyx Dog",XDMG,261,false,,true,,6
data/items.json,/item/757,item,"Figurine of Wondrous Power, Serpentine Owl",DMG,170,true,,false,,6
data/items.json,/item/758,item,"Figurine of Wondrous Power, Serpentine Owl",XDMG,261,false,,true,,6
data/items.json,/item/759,item,"Figurine of Wondrous Power, Silver Raven",DMG,170,true,,false,,6
data/items.json,/item/760,item,"Figurine of Wondrous Power, Silver Raven",XDMG,261,false,,true,,6
data/items.json,/item/762,item,Fine Clothes,PHB,150,true,,false,,1
data/items.json,/item/763,item,Fine Clothes,XPHB,225,false,,true,,2
data/items.json,/item/769,item,Fine Wine (bottle),PHB,158,true,,false,,1
data/items.json,/item/770,item,Fine Wine (bottle),XPHB,231,false,,true,,1
data/items.json,/item/776,item,Fishing Tackle,PHB,151,true,,false,,2
data/items.json,/item/780,item,Flask,PHB,153,true,,false,,2
data/items.json,/item/781,item,Flask,XPHB,225,false,,true,,2
data/items.json,/item/787,item,Flour,PHB,157,true,,false,,1
data/items.json,/item/788,item,Flour,XDMG,213,false,,true,,1
data/items.json,/item/793,item,Folding Boat,DMG,170,true,,false,,6
data/items.json,/item/794,item,Folding Boat,XDMG,263,false,,true,,10
data/items.json,/item/797,item,Forgery Kit,PHB,154,true,,false,,23
data/items.json,/item/798,item,Forgery Kit,XPHB,221,false,,true,,5
data/items.json,/item/805,item,Galley,DMG,119,true,,false,,1
data/items.json,/item/806,item,Galley,XPHB,230,false,,true,,1
data/items.json,/item/812,item,Gauntlets of Ogre Power,DMG,171,true,,false,,2
data/items.json,/item/813,item,Gauntlets of Ogre Power,XDMG,264,false,,true,,2
data/items.json,/item/817,item,Gem of Brightness,DMG,171,true,,false,,6
data/items.json,/item/818,item,Gem of Brightness,XDMG,264,false,,true,,9
data/items.json,/item/819,item,Gem of Seeing,DMG,172,true,,false,,3
data/items.json,/item/820,item,Gem of Seeing,XDMG,264,false,,true,,3
data/items.json,/item/826,item,Ginger,PHB,157,true,,false,,1
data/items.json,/item/827,item,Ginger,XDMG,213,false,,true,,1
data/items.json,/item/828,item,Glamoured Studded Leather,DMG,172,true,,false,,2
data/items.json,/item/829,item,Glamoured Studded Leather,XDMG,264,false,,true,,2
data/items.json,/item/830,item,Glass Bottle,PHB,153,true,,false,,2
data/items.json,/item/831,item,Glass Bottle,XPHB,224,false,,true,,2
data/items.json,/item/832,item,Gloves of Missile Snaring,DMG,172,true,,false,,2
data/items.json,/item/833,item,Gloves of Missile Snaring,XDMG,265,false,,true,,2
data/items.json,/item/835,item,Gloves of Swimming and Climbing,DMG,172,true,,false,,2
data/items.json,/item/836,item,Gloves of Swimming and Climbing,XDMG,265,false,,true,,2
data/items.json,/item/838,item,Gloves of Thievery,XDMG,265,false,,true,,2
data/items.json,/item/841,item,Goat,PHB,157,true,,false,,1
data/items.json,/item/842,item,Goat,XDMG,213,false,,true,,1
data/items.json,/item/843,item,Goggles of Night,DMG,172,true,,false,,2
data/items.json,/item/844,item,Goggles of Night,XDMG,265,false,,true,,2
data/items.json,/item/846,item,Gold,PHB,157,true,,false,,1
data/items.json,/item/847,item,Gold,XDMG,213,false,,true,,1
data/items.json,/item/864,item,Gold Dragon Scale Mail,DMG,165,true,,false,,3
data/items.json,/item/865,item,Gold Dragon Scale Mail,XDMG,254,false,,true,,2
data/items.json,/item/887,item,Grappling Hook,PHB,150,true,,false,,1
data/items.json,/item/888,item,Grappling Hook,XPHB,225,false,,true,,2
data/items.json,/item/895,item,Green Dragon Scale Mail,DMG,165,true,,false,,3
data/items.json,/item/896,item,Green Dragon Scale Mail,XDMG,254,false,,true,,2
data/items.json,/item/916,item,Hammer,PHB,150,true,,false,,1
data/items.json,/item/918,item,Hammer of Thunderbolts,DMG,173,true,,false,,5
data/items.json,/item/930,item,Hat of Disguise,DMG,173,true,,false,,2
data/items.json,/item/931,item,Hat of Disguise,XDMG,266,false,,true,,2
data/items.json,/item/932,item,Hat of Many Spells,XDMG,266,false,,true,,31
data/items.json,/item/939,item,Headband of Intellect,DMG,173,true,,false,,2
data/items.json,/item/940,item,Headband of Intellect,XDMG,268,false,,true,,2
data/items.json,/item/941,item,Healer's Kit,PHB,151,true,,false,,2
data/items.json,/item/942,item,Healer's Kit,XPHB,225,false,,true,,2
data/items.json,/item/947,item,Helm of Brilliance,DMG,173,true,,false,,8
data/items.json,/item/948,item,Helm of Brilliance,XDMG,268,false,,true,,13
data/items.json,/item/949,item,Helm of Comprehending Languages,DMG,173,true,,false,,2
data/items.json,/item/950,item,Helm of Comprehending Languages,XDMG,268,false,,true,,2
data/items.json,/item/954,item,Helm of Telepathy,DMG,174,true,,false,,3
data/items.json,/item/955,item,Helm of Telepathy,XDMG,268,false,,true,,2
data/items.json,/item/956,item,Helm of Teleportation,DMG,174,true,,false,,2
data/items.json,/item/957,item,Helm of Teleportation,XDMG,268,false,,true,,2
data/items.json,/item/963,item,Hempen Rope (50 feet),PHB,153,true,,false,,2
data/items.json,/item/964,item,Herbalism Kit,PHB,154,true,,false,,21
data/items.json,/item/965,item,Herbalism Kit,XPHB,221,false,,true,,7
data/items.json,/item/969,item,Heward's Handy Haversack,DMG,174,true,Handy Haversack,false,,5
data/items.json,/item/970,item,Heward's Handy Haversack,XDMG,269,false,,true,Handy Haversack,6
data/items.json,/item/980,item,Holy Water,XPHB,226,false,,true,,2
data/items.json,/item/981,item,Holy Water (flask),PHB,151,true,,false,,3
data/items.json,/item/982,item,Hooded Lantern,PHB,152,true,,false,,2
data/items.json,/item/983,item,Hooded Lantern,XPHB,226,false,,true,,2
data/items.json,/item/987,item,Horn of Blasting,DMG,174,true,,false,,3
data/items.json,/item/988,item,Horn of Blasting,XDMG,270,false,,true,,3
data/items.json,/item/992,item,"Horn of Valhalla, Brass",DMG,175,true,,false,,4
data/items.json,/item/993,item,"Horn of Valhalla, Brass",XDMG,270,false,,true,,4
data/items.json,/item/994,item,"Horn of Valhalla, Bronze",DMG,175,true,,false,,4
data/items.json,/item/995,item,"Horn of Valhalla, Bronze",XDMG,270,false,,true,,4
data/items.json,/item/996,item,"Horn of Valhalla, Iron",DMG,175,true,,false,,4
data/items.json,/item/997,item,"Horn of Valhalla, Iron",XDMG,270,false,,true,,4
data/items.json,/item/998,item,"Horn of Valhalla, Silver",DMG,175,true,,false,,4
data/items.json,/item/999,item,"Horn of Valhalla, Silver",XDMG,270,false,,true,,3
data/items.json,/item/1002,item,Horseshoes of a Zephyr,DMG,175,true,,false,,2
data/items.json,/item/1003,item,Horseshoes of a Zephyr,XDMG,270,false,,true,,3
data/items.json,/item/1004,item,Horseshoes of Speed,DMG,175,true,,false,,2
data/items.json,/item/1005,item,Horseshoes of Speed,XDMG,270,false,,true,,3
data/items.json,/item/1006,item,Hourglass,PHB,150,true,,false,,1
data/items.json,/item/1008,item,Hunk of Cheese,PHB,158,true,,false,,1
data/items.json,/item/1010,item,Hunting Trap,PHB,152,true,,false,,2
data/items.json,/item/1011,item,Hunting Trap,XPHB,226,false,,true,,2
data/items.json,/item/1018,item,Immovable Rod,DMG,175,true,,false,,2
data/items.json,/item/1019,item,Immovable Rod,XDMG,270,false,,true,,2
data/items.json,/item/1028,item,Ink,XPHB,226,false,,true,,2
data/items.json,/item/1029,item,Ink (1-ounce bottle),PHB,150,true,,false,,1
data/items.json,/item/1030,item,Ink Pen,PHB,150,true,,false,,1
data/items.json,/item/1031,item,Ink Pen,XPHB,226,false,,true,,2
data/items.json,/item/1054,item,"Ioun Stone, Absorption",DMG,176,true,,false,,6
data/items.json,/item/1055,item,"Ioun Stone, Absorption",XDMG,273,false,,true,,3
data/items.json,/item/1056,item,"Ioun Stone, Agility",DMG,176,true,,false,,5
data/items.json,/item/1057,item,"Ioun Stone, Agility",XDMG,273,false,,true,,3
data/items.json,/item/1058,item,"Ioun Stone, Awareness",DMG,176,true,,false,,5
data/items.json,/item/1059,item,"Ioun Stone, Awareness",XDMG,273,false,,true,,3
data/items.json,/item/1060,item,"Ioun Stone, Fortitude",DMG,176,true,,false,,5
data/items.json,/item/1061,item,"Ioun Stone, Fortitude",XDMG,273,false,,true,,3
data/items.json,/item/1062,item,"Ioun Stone, Greater Absorption",DMG,176,true,,false,,5
data/items.json,/item/1063,item,"Ioun Stone, Greater Absorption",XDMG,273,false,,true,,3
data/items.json,/item/1065,item,"Ioun Stone, Insight",DMG,176,true,,false,,5
data/items.json,/item/1066,item,"Ioun Stone, Insight",XDMG,273,false,,true,,3
data/items.json,/item/1067,item,"Ioun Stone, Intellect",DMG,176,true,,false,,5
data/items.json,/item/1068,item,"Ioun Stone, Intellect",XDMG,273,false,,true,,3
data/items.json,/item/1070,item,"Ioun Stone, Leadership",DMG,176,true,,false,,5
data/items.json,/item/1071,item,"Ioun Stone, Leadership",XDMG,273,false,,true,,3
data/items.json,/item/1072,item,"Ioun Stone, Mastery",DMG,176,true,,false,,5
data/items.json,/item/1073,item,"Ioun Stone, Mastery",XDMG,273,false,,true,,3
data/items.json,/item/1075,item,"Ioun Stone, Protection",DMG,176,true,,false,,5
data/items.json,/item/1076,item,"Ioun Stone, Protection",XDMG,273,false,,true,,3
data/items.json,/item/1077,item,"Ioun Stone, Regeneration",DMG,176,true,,false,,5
data/items.json,/item/1078,item,"Ioun Stone, Regeneration",XDMG,273,false,,true,,3
data/items.json,/item/1080,item,"Ioun Stone, Reserve",DMG,176,true,,false,,7
data/items.json,/item/1081,item,"Ioun Stone, Reserve",XDMG,273,false,,true,,5
data/items.json,/item/1083,item,"Ioun Stone, Strength",DMG,176,true,,false,,5
data/items.json,/item/1084,item,"Ioun Stone, Strength",XDMG,273,false,,true,,3
data/items.json,/item/1086,item,"Ioun Stone, Sustenance",DMG,176,true,,false,,5
data/items.json,/item/1087,item,"Ioun Stone, Sustenance",XDMG,273,false,,true,,3
data/items.json,/item/1088,item,Iron,PHB,157,true,,false,,1
data/items.json,/item/1089,item,Iron,XDMG,213,false,,true,,1
data/items.json,/item/1091,item,Iron Bands of Bilarro,DMG,177,true,Iron Bands of Binding,false,,5
data/items.json,/item/1092,item,Iron Bands of Bilarro,XDMG,274,false,,true,Iron Bands of Binding,5
data/items.json,/item/1093,item,Iron Flask,DMG,178,true,,false,,66
data/items.json,/item/1094,item,Iron Flask,XDMG,274,false,,true,,66
data/items.json,/item/1095,item,Iron Pot,PHB,153,true,,false,,2
data/items.json,/item/1096,item,Iron Pot,XPHB,228,false,,true,,2
data/items.json,/item/1097,item,Iron Spike,PHB,150,true,,false,,1
data/items.json,/item/1098,item,Iron Spike,XPHB,228,false,,true,,2
data/items.json,/item/1099,item,Iron Spikes,XPHB,228,false,,true,,2
data/items.json,/item/1100,item,Iron Spikes (10),PHB,150,true,,false,,1
data/items.json,/item/1121,item,Javelin of Lightning,DMG,178,true,,false,,3
data/items.json,/item/1122,item,Javelin of Lightning,XDMG,275,false,,true,,4
data/items.json,/item/1137,item,Jug,PHB,153,true,,false,,2
data/items.json,/item/1138,item,Jug,XPHB,226,false,,true,,2
data/items.json,/item/1141,item,Keelboat,DMG,119,true,,false,,2
data/items.json,/item/1142,item,Keelboat,XPHB,230,false,,true,,1
data/items.json,/item/1144,item,Keoghtom's Ointment,DMG,179,true,Restorative Ointment,false,,3
data/items.json,/item/1145,item,Keoghtom's Ointment,XDMG,275,false,,true,Restorative Ointment,3
data/items.json,/item/1156,item,Ladder,XPHB,226,false,,true,,2
data/items.json,/item/1157,item,Ladder (10-foot),PHB,150,true,,false,,2
data/items.json,/item/1158,item,Lamp,PHB,152,true,,false,,2
data/items.json,/item/1159,item,Lamp,XPHB,226,false,,true,,2
data/items.json,/item/1161,item,Lantern of Revealing,DMG,179,true,,false,,2
data/items.json,/item/1162,item,Lantern of Revealing,XDMG,275,false,,true,,2
data/items.json,/item/1191,item,Linen (1 sq. yd.),PHB,157,true,,false,,1
data/items.json,/item/1192,item,Linen (1 sq. yd.),XDMG,213,false,,true,,1
data/items.json,/item/1197,item,Loaf of Bread,PHB,158,true,,false,,1
data/items.json,/item/1198,item,Lock,PHB,152,true,,false,,2
data/items.json,/item/1199,item,Lock,XPHB,226,false,,true,,2
data/items.json,/item/1203,item,Lolth's Sting,XDMG,91,false,,true,,2
data/items.json,/item/1205,item,Longship,DMG,119,true,,false,,1
data/items.json,/item/1206,item,Longship,XPHB,230,false,,true,,1
data/items.json,/item/1219,item,Mace of Disruption,DMG,179,true,,false,,3
data/items.json,/item/1220,item,Mace of Disruption,XDMG,276,false,,true,,4
data/items.json,/item/1221,item,Mace of Smiting,DMG,179,true,,false,,4
data/items.json,/item/1222,item,Mace of Smiting,XDMG,276,false,,true,,3
data/items.json,/item/1223,item,Mace of Terror,DMG,180,true,,false,,3
data/items.json,/item/1224,item,Mace of Terror,XDMG,276,false,,true,,2
data/items.json,/item/1231,item,Magnifying Glass,PHB,152,true,,false,,2
data/items.json,/item/1232,item,Magnifying Glass,XPHB,226,false,,true,,2
data/items.json,/item/1235,item,Malice,DMG,258,true,,false,,2
data/items.json,/item/1236,item,Malice,XDMG,91,false,,true,,2
data/items.json,/item/1237,item,Manacles,PHB,152,true,,false,,2
data/items.json,/item/1238,item,Manacles,XPHB,226,false,,true,,3
data/items.json,/item/1240,item,Mantle of Spell Resistance,DMG,180,true,,false,,2
data/items.json,/item/1241,item,Mantle of Spell Resistance,XDMG,276,false,,true,,2
data/items.json,/item/1242,item,Manual of Bodily Health,DMG,180,true,,false,,2
data/items.json,/item/1243,item,Manual of Bodily Health,XDMG,277,false,,true,,2
data/items.json,/item/1244,item,Manual of Clay Golems,DMG,180,true,,false,,3
data/items.json,/item/1245,item,Manual of Clay Golems,XDMG,277,false,,true,,4
data/items.json,/item/1246,item,Manual of Flesh Golems,DMG,180,true,,false,,3
data/items.json,/item/1247,item,Manual of Flesh Golems,XDMG,277,false,,true,,4
data/items.json,/item/1248,item,Manual of Gainful Exercise,DMG,180,true,,false,,2
data/items.json,/item/1249,item,Manual of Gainful Exercise,XDMG,277,false,,true,,2
data/items.json,/item/1250,item,Manual of Iron Golems,DMG,180,true,,false,,3
data/items.json,/item/1251,item,Manual of Iron Golems,XDMG,277,false,,true,,4
data/items.json,/item/1252,item,Manual of Quickness of Action,DMG,181,true,,false,,2
data/items.json,/item/1253,item,Manual of Quickness of Action,XDMG,278,false,,true,,2
data/items.json,/item/1254,item,Manual of Stone Golems,DMG,180,true,,false,,3
data/items.json,/item/1255,item,Manual of Stone Golems,XDMG,277,false,,true,,4
data/items.json,/item/1257,item,Map or Scroll Case,PHB,151,true,,false,,2
data/items.json,/item/1258,item,Map or Scroll Case,XPHB,224,false,,true,,2
data/items.json,/item/1267,item,Mastiff,PHB,157,true,,false,,1
data/items.json,/item/1268,item,Mastiff,XPHB,229,false,,true,,1
data/items.json,/item/1283,item,Medallion of Thoughts,DMG,181,true,,false,,2
data/items.json,/item/1284,item,Medallion of Thoughts,XDMG,278,false,,true,,2
data/items.json,/item/1286,item,Merchant's Scale,PHB,153,true,,false,,2
data/items.json,/item/1287,item,Mess Kit,PHB,152,true,,false,,2
data/items.json,/item/1288,item,Midnight Tears,DMG,258,true,,false,,2
data/items.json,/item/1289,item,Midnight Tears,XDMG,91,false,,true,,2
data/items.json,/item/1291,item,Military Saddle,PHB,157,true,,false,,2
data/items.json,/item/1292,item,Military Saddle,XPHB,230,false,,true,,2
data/items.json,/item/1306,item,Miner's Pick,PHB,150,true,,false,,1
data/items.json,/item/1307,item,Mirror,XPHB,227,false,,true,,2
data/items.json,/item/1308,item,Mirror of Life Trapping,DMG,181,true,,false,,8
data/items.json,/item/1309,item,Mirror of Life Trapping,XDMG,278,false,,true,,9
data/items.json,/item/1327,item,Mule,PHB,157,true,,false,,1
data/items.json,/item/1328,item,Mule,XPHB,229,false,,true,,1
data/items.json,/item/1342,item,Navigator's Tools,PHB,154,true,,false,,15
data/items.json,/item/1343,item,Navigator's Tools,XPHB,221,false,,true,,5
data/items.json,/item/1344,item,Necklace of Adaptation,DMG,182,true,,false,,2
data/items.json,/item/1345,item,Necklace of Adaptation,XDMG,280,false,,true,,2
data/items.json,/item/1347,item,Necklace of Fireballs,DMG,182,true,,false,,3
data/items.json,/item/1348,item,Necklace of Fireballs,XDMG,280,false,,true,,3
data/items.json,/item/1350,item,Necklace of Prayer Beads,DMG,182,true,,false,,24
data/items.json,/item/1351,item,Necklace of Prayer Beads,XDMG,281,false,,true,,24
data/items.json,/item/1358,item,Net,XPHB,227,false,,true,,3
data/items.json,/item/1369,item,Nolzur's Marvelous Pigments,DMG,183,true,Marvelous Pigments,false,,6
data/items.json,/item/1370,item,Nolzur's Marvelous Pigments,XDMG,281,false,,true,Marvelous Pigments,5
data/items.json,/item/1372,item,Oathbow,DMG,183,true,,false,,4
data/items.json,/item/1380,item,Oil,XPHB,227,false,,true,,8
data/items.json,/item/1381,item,Oil (flask),PHB,152,true,,false,,2
data/items.json,/item/1382,item,Oil of Etherealness,DMG,183,true,,false,,2
data/items.json,/item/1383,item,Oil of Etherealness,XDMG,282,false,,true,,3
data/items.json,/item/1384,item,Oil of Sharpness,DMG,184,true,,false,,2
data/items.json,/item/1385,item,Oil of Sharpness,XDMG,282,false,,true,,3
data/items.json,/item/1386,item,Oil of Slipperiness,DMG,184,true,,false,,3
data/items.json,/item/1387,item,Oil of Slipperiness,XDMG,283,false,,true,,4
data/items.json,/item/1388,item,Oil of Taggit,DMG,258,true,,false,,2
data/items.json,/item/1389,item,Oil of Taggit,XDMG,91,false,,true,,2
data/items.json,/item/1401,item,Orb of Dragonkind,DMG,225,true,,false,,18
data/items.json,/item/1402,item,Orb of Dragonkind,XDMG,283,false,,true,Dragon Orb,30
data/items.json,/item/1423,item,Ox,PHB,157,true,,false,,1
data/items.json,/item/1424,item,Ox,XDMG,213,false,,true,,1
data/items.json,/item/1425,item,Pack Saddle,PHB,157,true,,false,,1
data/items.json,/item/1432,item,Pale Tincture,DMG,258,true,,false,,2
data/items.json,/item/1433,item,Pale Tincture,XDMG,91,false,,true,,2
data/items.json,/item/1434,item,Paper,XPHB,227,false,,true,,2
data/items.json,/item/1435,item,Paper (one sheet),PHB,150,true,,false,,1
data/items.json,/item/1438,item,Parchment,XPHB,227,false,,true,,2
data/items.json,/item/1439,item,Parchment (one sheet),PHB,150,true,,false,,1
data/items.json,/item/1444,item,Pearl of Power,DMG,184,true,,false,,2
data/items.json,/item/1445,item,Pearl of Power,XDMG,284,false,,true,,2
data/items.json,/item/1448,item,Pepper,PHB,157,true,,false,,1
data/items.json,/item/1449,item,Pepper,XDMG,213,false,,true,,1
data/items.json,/item/1451,item,Perfume,XPHB,227,false,,true,,2
data/items.json,/item/1452,item,Perfume (vial),PHB,150,true,,false,,1
data/items.json,/item/1455,item,Periapt of Health,DMG,184,true,,false,,2
data/items.json,/item/1456,item,Periapt of Health,XDMG,284,false,,true,,3
data/items.json,/item/1457,item,Periapt of Proof against Poison,DMG,184,true,,false,,2
data/items.json,/item/1458,item,Periapt of Proof against Poison,XDMG,284,false,,true,,2
data/items.json,/item/1459,item,Periapt of Wound Closure,DMG,184,true,,false,,2
data/items.json,/item/1460,item,Periapt of Wound Closure,XDMG,284,false,,true,,6
data/items.json,/item/1465,item,Philter of Love,DMG,184,true,,false,,2
data/items.json,/item/1466,item,Philter of Love,XDMG,285,false,,true,,3
data/items.json,/item/1468,item,Pig,PHB,157,true,,false,,1
data/items.json,/item/1469,item,Pig,XDMG,213,false,,true,,1
data/items.json,/item/1473,item,Pipes of Haunting,DMG,185,true,,false,,2
data/items.json,/item/1474,item,Pipes of Haunting,XDMG,285,false,,true,,2
data/items.json,/item/1476,item,Pipes of the Sewers,DMG,185,true,,false,,4
data/items.json,/item/1477,item,Pipes of the Sewers,XDMG,285,false,,true,,4
data/items.json,/item/1479,item,Pitcher,PHB,153,true,,false,,2
data/items.json,/item/1480,item,Piton,PHB,150,true,,false,,1
data/items.json,/item/1487,item,Plate Armor of Etherealness,DMG,185,true,,false,,2
data/items.json,/item/1489,item,Platinum,PHB,157,true,,false,,1
data/items.json,/item/1490,item,Platinum,XDMG,213,false,,true,,1
data/items.json,/item/1500,item,Playing Card Set,PHB,154,true,,false,,1
data/items.json,/item/1501,item,Playing Cards,XPHB,221,false,,true,,5
data/items.json,/item/1504,item,Poisoner's Kit,PHB,154,true,,false,,22
data/items.json,/item/1505,item,Poisoner's Kit,XPHB,221,false,,true,,7
data/items.json,/item/1506,item,Pole,XPHB,228,false,,true,,2
data/items.json,/item/1507,item,Pole (10-foot),PHB,150,true,,false,,1
data/items.json,/item/1512,item,Pony,PHB,157,true,,false,,1
data/items.json,/item/1513,item,Pony,XPHB,229,false,,true,,1
data/items.json,/item/1514,item,Portable Hole,DMG,185,true,,false,,6
data/items.json,/item/1515,item,Portable Hole,XDMG,286,false,,true,,6
data/items.json,/item/1516,item,Portable Ram,PHB,153,true,,false,,2
data/items.json,/item/1517,item,Portable Ram,XPHB,228,false,,true,,2
data/items.json,/item/1522,item,Potion of Acid Resistance,DMG,188,true,,false,,2
data/items.json,/item/1523,item,Potion of Acid Resistance,XDMG,289,false,,true,,2
data/items.json,/item/1525,item,Potion of Animal Friendship,DMG,187,true,,false,,2
data/items.json,/item/1526,item,Potion of Animal Friendship,XDMG,287,false,,true,,3
data/items.json,/item/1528,item,Potion of Clairvoyance,DMG,187,true,,false,,2
data/items.json,/item/1529,item,Potion of Clairvoyance,XDMG,287,false,,true,,3
data/items.json,/item/1530,item,Potion of Climbing,DMG,187,true,,false,,2
data/items.json,/item/1531,item,Potion of Climbing,XDMG,287,false,,true,,3
data/items.json,/item/1532,item,Potion of Cloud Giant Strength,DMG,187,true,,false,,3
data/items.json,/item/1533,item,Potion of Cloud Giant Strength,XDMG,288,false,,true,,3
data/items.json,/item/1534,item,Potion of Cold Resistance,DMG,188,true,,false,,2
data/items.json,/item/1535,item,Potion of Cold Resistance,XDMG,289,false,,true,,2
data/items.json,/item/1538,item,Potion of Diminution,DMG,187,true,,false,,2
data/items.json,/item/1539,item,Potion of Diminution,XDMG,287,false,,true,,3
data/items.json,/item/1543,item,Potion of Fire Giant Strength,DMG,187,true,,false,,3
data/items.json,/item/1544,item,Potion of Fire Giant Strength,XDMG,288,false,,true,,3
data/items.json,/item/1545,item,Potion of Fire Resistance,DMG,188,true,,false,,2
data/items.json,/item/1546,item,Potion of Fire Resistance,XDMG,289,false,,true,,2
data/items.json,/item/1547,item,Potion of Flying,DMG,187,true,,false,,2
data/items.json,/item/1548,item,Potion of Flying,XDMG,287,false,,true,,3
data/items.json,/item/1549,item,Potion of Force Resistance,DMG,188,true,,false,,2
data/items.json,/item/1550,item,Potion of Force Resistance,XDMG,289,false,,true,,2
data/items.json,/item/1551,item,Potion of Frost Giant Strength,DMG,187,true,,false,,3
data/items.json,/item/1552,item,Potion of Frost Giant Strength,XDMG,288,false,,true,,3
data/items.json,/item/1553,item,Potion of Gaseous Form,DMG,187,true,,false,,2
data/items.json,/item/1554,item,Potion of Gaseous Form,XDMG,287,false,,true,,3
data/items.json,/item/1556,item,Potion of Greater Healing,DMG,187,true,,false,,2
data/items.json,/item/1557,item,Potion of Greater Healing,XDMG,288,false,,true,,2
data/items.json,/item/1559,item,Potion of Growth,DMG,187,true,,false,,2
data/items.json,/item/1560,item,Potion of Growth,XDMG,288,false,,true,,3
data/items.json,/item/1561,item,Potion of Healing,DMG,187,true,,false,,2
data/items.json,/item/1562,item,Potion of Healing,XDMG,288,false,,true,,2
data/items.json,/item/1563,item,Potion of Heroism,DMG,188,true,,false,,2
data/items.json,/item/1564,item,Potion of Heroism,XDMG,288,false,,true,,3
data/items.json,/item/1565,item,Potion of Hill Giant Strength,DMG,187,true,,false,,3
data/items.json,/item/1566,item,Potion of Hill Giant Strength,XDMG,288,false,,true,,3
data/items.json,/item/1567,item,Potion of Invisibility,DMG,188,true,,false,,2
data/items.json,/item/1568,item,Potion of Invisibility,XDMG,288,false,,true,,2
data/items.json,/item/1570,item,Potion of Invulnerability,XDMG,288,false,,true,,3
data/items.json,/item/1571,item,Potion of Lightning Resistance,DMG,188,true,,false,,2
data/items.json,/item/1572,item,Potion of Lightning Resistance,XDMG,289,false,,true,,2
data/items.json,/item/1574,item,Potion of Longevity,XDMG,288,false,,true,,3
data/items.json,/item/1579,item,Potion of Mind Reading,DMG,188,true,,false,,2
data/items.json,/item/1580,item,Potion of Mind Reading,XDMG,288,false,,true,,3
data/items.json,/item/1581,item,Potion of Necrotic Resistance,DMG,188,true,,false,,2
data/items.json,/item/1582,item,Potion of Necrotic Resistance,XDMG,289,false,,true,,2
data/items.json,/item/1583,item,Potion of Poison,DMG,188,true,,false,,3
data/items.json,/item/1584,item,Potion of Poison,XDMG,288,false,,true,,3
data/items.json,/item/1585,item,Potion of Poison Resistance,DMG,188,true,,false,,2
data/items.json,/item/1586,item,Potion of Poison Resistance,XDMG,289,false,,true,,2
data/items.json,/item/1590,item,Potion of Psychic Resistance,DMG,188,true,,false,,2
data/items.json,/item/1591,item,Potion of Psychic Resistance,XDMG,289,false,,true,,2
data/items.json,/item/1593,item,Potion of Radiant Resistance,DMG,188,true,,false,,2
data/items.json,/item/1594,item,Potion of Radiant Resistance,XDMG,289,false,,true,,2
data/items.json,/item/1595,item,Potion of Speed,DMG,188,true,,false,,2
data/items.json,/item/1596,item,Potion of Speed,XDMG,289,false,,true,,3
data/items.json,/item/1597,item,Potion of Stone Giant Strength,DMG,187,true,,false,,3
data/items.json,/item/1598,item,Potion of Stone Giant Strength,XDMG,288,false,,true,,3
data/items.json,/item/1599,item,Potion of Storm Giant Strength,DMG,187,true,,false,,3
data/items.json,/item/1600,item,Potion of Storm Giant Strength,XDMG,288,false,,true,,3
data/items.json,/item/1601,item,Potion of Superior Healing,DMG,187,true,,false,,2
data/items.json,/item/1602,item,Potion of Superior Healing,XDMG,288,false,,true,,2
data/items.json,/item/1603,item,Potion of Supreme Healing,DMG,187,true,,false,,2
data/items.json,/item/1604,item,Potion of Supreme Healing,XDMG,288,false,,true,,2
data/items.json,/item/1605,item,Potion of Thunder Resistance,DMG,188,true,,false,,2
data/items.json,/item/1606,item,Potion of Thunder Resistance,XDMG,289,false,,true,,2
data/items.json,/item/1608,item,Potion of Vitality,XDMG,289,false,,true,,3
data/items.json,/item/1610,item,Potion of Water Breathing,DMG,188,true,,false,,2
data/items.json,/item/1611,item,Potion of Water Breathing,XDMG,289,false,,true,,3
data/items.json,/item/1612,item,Pouch,PHB,153,true,,false,,2
data/items.json,/item/1613,item,Pouch,XPHB,228,false,,true,,2
data/items.json,/item/1624,item,Priest's Pack,PHB,151,true,,false,,12
data/items.json,/item/1625,item,Priest's Pack,XPHB,228,false,,true,,2
data/items.json,/item/1642,item,Purple Worm Poison,DMG,258,true,,false,,2
data/items.json,/item/1643,item,Purple Worm Poison,XDMG,91,false,,true,,2
data/items.json,/item/1647,item,"Quaal's Feather Token, Anchor",DMG,188,true,"Feather Token, Anchor",false,,4
data/items.json,/item/1648,item,"Quaal's Feather Token, Anchor",XDMG,290,false,,true,"Feather Token, Anchor",3
data/items.json,/item/1649,item,"Quaal's Feather Token, Bird",DMG,188,true,"Feather Token, Bird",false,,4
data/items.json,/item/1650,item,"Quaal's Feather Token, Bird",XDMG,290,false,,true,"Feather Token, Bird",3
data/items.json,/item/1651,item,"Quaal's Feather Token, Fan",DMG,188,true,"Feather Token, Fan",false,,4
data/items.json,/item/1652,item,"Quaal's Feather Token, Fan",XDMG,290,false,,true,"Feather Token, Fan",3
data/items.json,/item/1653,item,"Quaal's Feather Token, Swan Boat",DMG,188,true,"Feather Token, Swan Boat",false,,4
data/items.json,/item/1654,item,"Quaal's Feather Token, Swan Boat",XDMG,290,false,,true,"Feather Token, Swan Boat",3
data/items.json,/item/1655,item,"Quaal's Feather Token, Tree",DMG,188,true,"Feather Token, Tree",false,,4
data/items.json,/item/1656,item,"Quaal's Feather Token, Tree",XDMG,290,false,,true,"Feather Token, Tree",3
data/items.json,/item/1657,item,"Quaal's Feather Token, Whip",DMG,188,true,"Feather Token, Whip",false,,5
data/items.json,/item/1658,item,"Quaal's Feather Token, Whip",XDMG,290,false,,true,"Feather Token, Whip",4
data/items.json,/item/1661,item,Quarterstaff of the Acrobat,XDMG,291,false,,true,,11
data/items.json,/item/1664,item,Quiver,PHB,153,true,,false,,2
data/items.json,/item/1665,item,Quiver,XPHB,228,false,,true,,2
data/items.json,/item/1666,item,Quiver of Ehlonna,DMG,189,true,Efficient Quiver,false,,3
data/items.json,/item/1667,item,Quiver of Ehlonna,XDMG,189,false,,true,Efficient Quiver,3
data/items.json,/item/1675,item,Rations,XPHB,228,false,,true,,2
data/items.json,/item/1676,item,Rations (1 day),PHB,153,true,,false,,2
data/items.json,/item/1680,item,Red Dragon Scale Mail,DMG,165,true,,false,,3
data/items.json,/item/1681,item,Red Dragon Scale Mail,XDMG,254,false,,true,,2
data/items.json,/item/1685,item,Reliquary,PHB,151,true,,false,,1
data/items.json,/item/1686,item,Reliquary,XPHB,226,false,,true,,2
data/items.json,/item/1694,item,Riding Horse,PHB,157,true,,false,,1
data/items.json,/item/1695,item,Riding Horse,XPHB,229,false,,true,,1
data/items.json,/item/1696,item,Riding Saddle,PHB,157,true,,false,,1
data/items.json,/item/1697,item,Riding Saddle,XPHB,230,false,,true,,2
data/items.json,/item/1698,item,Ring of Acid Resistance,DMG,192,true,,false,,2
data/items.json,/item/1699,item,Ring of Acid Resistance,XDMG,294,false,,true,,2
data/items.json,/item/1700,item,Ring of Air Elemental Command,DMG,190,true,,false,,8
data/items.json,/item/1702,item,Ring of Animal Influence,DMG,189,true,,false,,5
data/items.json,/item/1703,item,Ring of Animal Influence,XDMG,292,false,,true,,5
data/items.json,/item/1704,item,Ring of Cold Resistance,DMG,192,true,,false,,2
data/items.json,/item/1705,item,Ring of Cold Resistance,XDMG,294,false,,true,,2
data/items.json,/item/1707,item,Ring of Djinni Summoning,DMG,190,true,,false,,4
data/items.json,/item/1708,item,Ring of Djinni Summoning,XDMG,292,false,,true,,5
data/items.json,/item/1709,item,Ring of Earth Elemental Command,DMG,190,true,,false,,8
data/items.json,/item/1710,item,Ring of Elemental Command (Air),XDMG,292,false,,true,,12
data/items.json,/item/1711,item,Ring of Elemental Command (Earth),XDMG,292,false,,true,,12
data/items.json,/item/1712,item,Ring of Elemental Command (Fire),XDMG,292,false,,true,,12
data/items.json,/item/1713,item,Ring of Elemental Command (Water),XDMG,292,false,,true,,12
data/items.json,/item/1714,item,Ring of Evasion,DMG,191,true,,false,,2
data/items.json,/item/1715,item,Ring of Evasion,XDMG,293,false,,true,,2
data/items.json,/item/1716,item,Ring of Feather Falling,DMG,191,true,,false,,2
data/items.json,/item/1717,item,Ring of Feather Falling,XDMG,293,false,,true,,2
data/items.json,/item/1718,item,Ring of Fire Elemental Command,DMG,190,true,,false,,7
data/items.json,/item/1719,item,Ring of Fire Resistance,DMG,192,true,,false,,2
data/items.json,/item/1720,item,Ring of Fire Resistance,XDMG,294,false,,true,,2
data/items.json,/item/1721,item,Ring of Force Resistance,DMG,192,true,,false,,2
data/items.json,/item/1722,item,Ring of Force Resistance,XDMG,294,false,,true,,2
data/items.json,/item/1723,item,Ring of Free Action,DMG,191,true,,false,,2
data/items.json,/item/1724,item,Ring of Free Action,XDMG,293,false,,true,,2
data/items.json,/item/1725,item,Ring of Invisibility,DMG,191,true,,false,,2
data/items.json,/item/1726,item,Ring of Invisibility,XDMG,293,false,,true,,2
data/items.json,/item/1727,item,Ring of Jumping,DMG,191,true,,false,,2
data/items.json,/item/1728,item,Ring of Jumping,XDMG,293,false,,true,,2
data/items.json,/item/1729,item,Ring of Lightning Resistance,DMG,192,true,,false,,2
data/items.json,/item/1730,item,Ring of Lightning Resistance,XDMG,294,false,,true,,2
data/items.json,/item/1731,item,Ring of Mind Shielding,DMG,191,true,,false,,4
data/items.json,/item/1732,item,Ring of Mind Shielding,XDMG,293,false,,true,,4
data/items.json,/item/1733,item,Ring of Necrotic Resistance,DMG,192,true,,false,,2
data/items.json,/item/1734,item,Ring of Necrotic Resistance,XDMG,294,false,,true,,2
data/items.json,/item/1736,item,Ring of Poison Resistance,DMG,192,true,,false,,2
data/items.json,/item/1737,item,Ring of Poison Resistance,XDMG,294,false,,true,,2
data/items.json,/item/1738,item,Ring of Protection,DMG,191,true,,false,,2
data/items.json,/item/1739,item,Ring of Protection,XDMG,294,false,,true,,2
data/items.json,/item/1740,item,Ring of Psychic Resistance,DMG,192,true,,false,,2
data/items.json,/item/1741,item,Ring of Psychic Resistance,XDMG,294,false,,true,,2
data/items.json,/item/1743,item,Ring of Radiant Resistance,DMG,192,true,,false,,2
data/items.json,/item/1744,item,Ring of Radiant Resistance,XDMG,294,false,,true,,2
data/items.json,/item/1746,item,Ring of Regeneration,DMG,191,true,,false,,2
data/items.json,/item/1747,item,Ring of Regeneration,XDMG,294,false,,true,,2
data/items.json,/item/1748,item,Ring of Shooting Stars,DMG,192,true,,false,,11
data/items.json,/item/1749,item,Ring of Shooting Stars,XDMG,294,false,,true,,21
data/items.json,/item/1750,item,Ring of Spell Storing,DMG,192,true,,false,,4
data/items.json,/item/1751,item,Ring of Spell Storing,XDMG,295,false,,true,,4
data/items.json,/item/1752,item,Ring of Spell Turning,DMG,193,true,,false,,2
data/items.json,/item/1753,item,Ring of Spell Turning,XDMG,295,false,,true,,2
data/items.json,/item/1754,item,Ring of Swimming,DMG,193,true,,false,,2
data/items.json,/item/1755,item,Ring of Swimming,XDMG,295,false,,true,,2
data/items.json,/item/1756,item,Ring of Telekinesis,DMG,193,true,,false,,2
data/items.json,/item/1757,item,Ring of Telekinesis,XDMG,295,false,,true,,2
data/items.json,/item/1761,item,Ring of the Ram,DMG,193,true,,false,,3
data/items.json,/item/1762,item,Ring of the Ram,XDMG,296,false,,true,,3
data/items.json,/item/1763,item,Ring of Three Wishes,DMG,193,true,,false,,2
data/items.json,/item/1764,item,Ring of Three Wishes,XDMG,296,false,,true,,2
data/items.json,/item/1765,item,Ring of Thunder Resistance,DMG,192,true,,false,,2
data/items.json,/item/1766,item,Ring of Thunder Resistance,XDMG,294,false,,true,,2
data/items.json,/item/1769,item,Ring of Warmth,DMG,193,true,,false,,2
data/items.json,/item/1770,item,Ring of Warmth,XDMG,296,false,,true,,3
data/items.json,/item/1771,item,Ring of Water Elemental Command,DMG,190,true,,false,,7
data/items.json,/item/1772,item,Ring of Water Walking,DMG,193,true,,false,,2
data/items.json,/item/1773,item,Ring of Water Walking,XDMG,296,false,,true,,2
data/items.json,/item/1775,item,Ring of X-ray Vision,DMG,193,true,,false,,3
data/items.json,/item/1776,item,Ring of X-ray Vision,XDMG,296,false,,true,,3
data/items.json,/item/1778,item,Robe,XPHB,228,false,,true,,2
data/items.json,/item/1779,item,Robe of Eyes,DMG,193,true,,false,,7
data/items.json,/item/1780,item,Robe of Eyes,XDMG,297,false,,true,,8
data/items.json,/item/1781,item,Robe of Scintillating Colors,DMG,194,true,,false,,2
data/items.json,/item/1782,item,Robe of Scintillating Colors,XDMG,297,false,,true,,2
data/items.json,/item/1784,item,Robe of Stars,DMG,194,true,,false,,4
data/items.json,/item/1785,item,Robe of Stars,XDMG,297,false,,true,,4
data/items.json,/item/1787,item,Robe of the Archmagi,DMG,194,true,,false,,6
data/items.json,/item/1788,item,Robe of the Archmagi,XDMG,298,false,,true,,9
data/items.json,/item/1789,item,Robe of Useful Items,DMG,195,true,,false,,38
data/items.json,/item/1790,item,Robe of Useful Items,XDMG,298,false,,true,,38
data/items.json,/item/1791,item,Robes,PHB,150,true,,false,,1
data/items.json,/item/1793,item,Rod of Absorption,DMG,195,true,,false,,5
data/items.json,/item/1794,item,Rod of Absorption,XDMG,299,false,,true,,5
data/items.json,/item/1795,item,Rod of Alertness,DMG,196,true,,false,,9
data/items.json,/item/1796,item,Rod of Alertness,XDMG,299,false,,true,,13
data/items.json,/item/1798,item,Rod of Lordly Might,DMG,196,true,,false,,16
data/items.json,/item/1799,item,Rod of Lordly Might,XDMG,300,false,,true,,22
data/items.json,/item/1801,item,Rod of Resurrection,XDMG,301,false,,true,,3
data/items.json,/item/1803,item,Rod of Rulership,DMG,197,true,,false,,2
data/items.json,/item/1804,item,Rod of Rulership,XDMG,301,false,,true,,2
data/items.json,/item/1805,item,Rod of Security,DMG,197,true,,false,,4
data/items.json,/item/1806,item,Rod of Security,XDMG,301,false,,true,,4
data/items.json,/item/1811,item,Rope,XPHB,228,false,,true,,3
data/items.json,/item/1812,item,Rope of Climbing,DMG,197,true,,false,,4
data/items.json,/item/1813,item,Rope of Climbing,XDMG,301,false,,true,,4
data/items.json,/item/1814,item,Rope of Entanglement,DMG,197,true,,false,,4
data/items.json,/item/1815,item,Rope of Entanglement,XDMG,301,false,,true,,4
data/items.json,/item/1819,item,Rowboat,DMG,119,true,,false,,2
data/items.json,/item/1820,item,Rowboat,XPHB,230,false,,true,,1
data/items.json,/item/1837,item,Sack,PHB,153,true,,false,,2
data/items.json,/item/1838,item,Sack,XPHB,228,false,,true,,2
data/items.json,/item/1841,item,Saddlebags,PHB,157,true,,false,,1
data/items.json,/item/1842,item,Saffron,PHB,157,true,,false,,1
data/items.json,/item/1843,item,Saffron,XDMG,213,false,,true,,1
data/items.json,/item/1852,item,Sailing Ship,DMG,119,true,,false,,1
data/items.json,/item/1853,item,Sailing Ship,XPHB,230,false,,true,,1
data/items.json,/item/1855,item,Salt,PHB,157,true,,false,,1
data/items.json,/item/1856,item,Salt,XDMG,213,false,,true,,1
data/items.json,/item/1862,item,Scarab of Protection,DMG,199,true,,false,,4
data/items.json,/item/1863,item,Scarab of Protection,XDMG,302,false,,true,,8
data/items.json,/item/1864,item,Scholar's Pack,PHB,151,true,,false,,9
data/items.json,/item/1865,item,Scholar's Pack,XPHB,228,false,,true,,2
data/items.json,/item/1866,item,Scimitar of Speed,DMG,199,true,,false,,2
data/items.json,/item/1867,item,Scimitar of Speed,XDMG,302,false,,true,,2
data/items.json,/item/1904,item,Sealing Wax,PHB,150,true,,false,,1
data/items.json,/item/1912,item,Sending Stones,XDMG,303,false,,true,,3
data/items.json,/item/1915,item,Sentinel Shield,XDMG,303,false,,true,,2
data/items.json,/item/1917,item,Serpent Venom,DMG,258,true,,false,,2
data/items.json,/item/1918,item,Serpent Venom,XDMG,91,false,,true,,2
data/items.json,/item/1933,item,Sheep,PHB,157,true,,false,,1
data/items.json,/item/1934,item,Sheep,XDMG,213,false,,true,,1
data/items.json,/item/1939,item,Shield of Missile Attraction,DMG,200,true,,false,,4
data/items.json,/item/1940,item,Shield of Missile Attraction,XDMG,304,false,,true,,4
data/items.json,/item/1943,item,Shield of the Cavalier,XDMG,304,false,,true,,7
data/items.json,/item/1949,item,Shovel,PHB,150,true,,false,,1
data/items.json,/item/1950,item,Shovel,XPHB,228,false,,true,,2
data/items.json,/item/1953,item,Signal Whistle,PHB,150,true,,false,,1
data/items.json,/item/1954,item,Signal Whistle,XPHB,228,false,,true,,2
data/items.json,/item/1955,item,Signet Ring,PHB,150,true,,false,,1
data/items.json,/item/1956,item,Silk,XDMG,213,false,,true,,1
data/items.json,/item/1957,item,Silk (1 sq. yd.),PHB,157,true,,false,,1
data/items.json,/item/1959,item,Silk Rope (50 feet),PHB,153,true,,false,,2
data/items.json,/item/1964,item,Silver,PHB,157,true,,false,,1
data/items.json,/item/1965,item,Silver,XDMG,213,false,,true,,1
data/items.json,/item/1974,item,Silver Dragon Scale Mail,DMG,165,true,,false,,3
data/items.json,/item/1975,item,Silver Dragon Scale Mail,XDMG,254,false,,true,,2
data/items.json,/item/1997,item,Sled,PHB,157,true,,false,,1
data/items.json,/item/1998,item,Sled,XPHB,230,false,,true,,1
data/items.json,/item/2001,item,Sledgehammer,PHB,150,true,,false,,1
data/items.json,/item/2005,item,Slippers of Spider Climbing,DMG,200,true,,false,,2
data/items.json,/item/2006,item,Slippers of Spider Climbing,XDMG,304,false,,true,,2
data/items.json,/item/2019,item,Soap,PHB,150,true,,false,,1
data/items.json,/item/2024,item,Sovereign Glue,DMG,200,true,,false,,3
data/items.json,/item/2025,item,Sovereign Glue,XDMG,305,false,,true,,3
data/items.json,/item/2042,item,Spell Scroll (1st Level),DMG,200,true,,false,,6
data/items.json,/item/2043,item,Spell Scroll (2nd Level),DMG,201,true,,false,,6
data/items.json,/item/2044,item,Spell Scroll (3rd Level),DMG,202,true,,false,,6
data/items.json,/item/2045,item,Spell Scroll (4th Level),DMG,203,true,,false,,6
data/items.json,/item/2046,item,Spell Scroll (5th Level),DMG,204,true,,false,,6
data/items.json,/item/2047,item,Spell Scroll (6th Level),DMG,205,true,,false,,6
data/items.json,/item/2048,item,Spell Scroll (7th Level),DMG,206,true,,false,,6
data/items.json,/item/2049,item,Spell Scroll (8th Level),DMG,207,true,,false,,6
data/items.json,/item/2050,item,Spell Scroll (9th Level),DMG,208,true,,false,,6
data/items.json,/item/2051,item,Spell Scroll (Cantrip),DMG,199,true,,false,,5
data/items.json,/item/2052,item,Spell Scroll (Cantrip),XDMG,305,false,,true,,4
data/items.json,/item/2053,item,Spell Scroll (Level 1),XDMG,305,false,,true,,6
data/items.json,/item/2054,item,Spell Scroll (Level 2),XDMG,305,false,,true,,6
data/items.json,/item/2055,item,Spell Scroll (Level 3),XDMG,305,false,,true,,6
data/items.json,/item/2056,item,Spell Scroll (Level 4),XDMG,305,false,,true,,6
data/items.json,/item/2057,item,Spell Scroll (Level 5),XDMG,305,false,,true,,6
data/items.json,/item/2058,item,Spell Scroll (Level 6),XDMG,305,false,,true,,6
data/items.json,/item/2059,item,Spell Scroll (Level 7),XDMG,305,false,,true,,6
data/items.json,/item/2060,item,Spell Scroll (Level 8),XDMG,305,false,,true,,6
data/items.json,/item/2061,item,Spell Scroll (Level 9),XDMG,305,false,,true,,6
data/items.json,/item/2063,item,Spellbook,PHB,153,true,,false,,2
data/items.json,/item/2064,item,Spellguard Shield,DMG,201,true,,false,,2
data/items.json,/item/2065,item,Spellguard Shield,XDMG,305,false,,true,,2
data/items.json,/item/2074,item,Sphere of Annihilation,DMG,201,true,,false,,14
data/items.json,/item/2075,item,Sphere of Annihilation,XDMG,306,false,,true,,16
data/items.json,/item/2084,item,Sprig of Mistletoe,PHB,151,true,,false,,1
data/items.json,/item/2085,item,Sprig of Mistletoe,XPHB,225,false,,true,,1
data/items.json,/item/2086,item,Spyglass,PHB,153,true,,false,,2
data/items.json,/item/2087,item,Spyglass,XPHB,229,false,,true,,2
data/items.json,/item/2090,item,Stabling (per day),PHB,157,true,,false,,1
data/items.json,/item/2091,item,Stabling (per day),XPHB,230,false,,true,,1
data/items.json,/item/2096,item,Staff of Charming,DMG,201,true,,false,,4
data/items.json,/item/2097,item,Staff of Charming,XDMG,307,false,,true,,10
data/items.json,/item/2102,item,Staff of Fire,DMG,201,true,,false,,4
data/items.json,/item/2103,item,Staff of Fire,XDMG,307,false,,true,,14
data/items.json,/item/2106,item,Staff of Frost,DMG,202,true,,false,,4
data/items.json,/item/2107,item,Staff of Frost,XDMG,308,false,,true,,16
data/items.json,/item/2108,item,Staff of Healing,DMG,202,true,,false,,3
data/items.json,/item/2109,item,Staff of Healing,XDMG,308,false,,true,,12
data/items.json,/item/2110,item,Staff of Power,DMG,202,true,,false,,18
data/items.json,/item/2111,item,Staff of Power,XDMG,308,false,,true,,28
data/items.json,/item/2113,item,Staff of Striking,DMG,203,true,,false,,3
data/items.json,/item/2114,item,Staff of Striking,XDMG,309,false,,true,,5
data/items.json,/item/2115,item,Staff of Swarming Insects,DMG,203,true,,false,,6
data/items.json,/item/2116,item,Staff of Swarming Insects,XDMG,309,false,,true,,14
data/items.json,/item/2121,item,Staff of the Magi,DMG,203,true,,false,,19
data/items.json,/item/2122,item,Staff of the Magi,XDMG,310,false,,true,,50
data/items.json,/item/2123,item,Staff of the Python,DMG,204,true,,false,,4
data/items.json,/item/2124,item,Staff of the Python,XDMG,311,false,,true,,4
data/items.json,/item/2126,item,Staff of the Woodlands,DMG,204,true,,false,,8
data/items.json,/item/2127,item,Staff of the Woodlands,XDMG,311,false,,true,,26
data/items.json,/item/2128,item,Staff of Thunder and Lightning,DMG,204,true,,false,,12
data/items.json,/item/2129,item,Staff of Thunder and Lightning,XDMG,311,false,,true,,12
data/items.json,/item/2130,item,Staff of Withering,DMG,205,true,,false,,3
data/items.json,/item/2131,item,Staff of Withering,XDMG,312,false,,true,,3
data/items.json,/item/2143,item,Steel Mirror,PHB,150,true,,false,,1
data/items.json,/item/2147,item,Stone of Controlling Earth Elementals,DMG,205,true,,false,,2
data/items.json,/item/2148,item,Stone of Controlling Earth Elementals,XDMG,312,false,,true,,2
data/items.json,/item/2151,item,Stone of Good Luck,DMG,205,true,,false,,2
data/items.json,/item/2152,item,Stone of Good Luck,XDMG,312,false,,true,,2
data/items.json,/item/2166,item,Sun Blade,DMG,205,true,,false,,4
data/items.json,/item/2167,item,Sun Blade,XDMG,312,false,,true,,7
data/items.json,/item/2189,item,Talisman of Pure Good,DMG,207,true,,false,,4
data/items.json,/item/2190,item,Talisman of Pure Good,XDMG,314,false,,true,,6
data/items.json,/item/2191,item,Talisman of the Sphere,DMG,207,true,,false,,2
data/items.json,/item/2192,item,Talisman of the Sphere,XDMG,315,false,,true,,2
data/items.json,/item/2193,item,Talisman of Ultimate Evil,DMG,207,true,,false,,4
data/items.json,/item/2194,item,Talisman of Ultimate Evil,XDMG,315,false,,true,,6
data/items.json,/item/2199,item,Tankard,PHB,153,true,,false,,2
data/items.json,/item/2211,item,Tent,XPHB,229,false,,true,,2
data/items.json,/item/2225,item,Thieves' Tools,PHB,154,true,,false,,17
data/items.json,/item/2226,item,Thieves' Tools,XPHB,221,false,,true,,5
data/items.json,/item/2232,item,Thunderous Greatclub,XDMG,316,false,,true,,7
data/items.json,/item/2237,item,Tinderbox,PHB,153,true,,false,,2
data/items.json,/item/2238,item,Tinderbox,XPHB,229,false,,true,,2
data/items.json,/item/2242,item,Tome of Clear Thought,DMG,208,true,,false,,2
data/items.json,/item/2243,item,Tome of Clear Thought,XDMG,317,false,,true,,2
data/items.json,/item/2244,item,Tome of Leadership and Influence,DMG,208,true,,false,,2
data/items.json,/item/2245,item,Tome of Leadership and Influence,XDMG,317,false,,true,,2
data/items.json,/item/2250,item,Tome of Understanding,DMG,209,true,,false,,2
data/items.json,/item/2251,item,Tome of Understanding,XDMG,317,false,,true,,2
data/items.json,/item/2255,item,Torch,PHB,153,true,,false,,2
data/items.json,/item/2256,item,Torch,XPHB,229,false,,true,,2
data/items.json,/item/2257,item,Torpor,DMG,258,true,,false,,2
data/items.json,/item/2258,item,Torpor,XDMG,91,false,,true,,2
data/items.json,/item/2259,item,Totem,PHB,151,true,,false,,1
data/items.json,/item/2263,item,Traveler's Clothes,PHB,150,true,,false,,1
data/items.json,/item/2264,item,Traveler's Clothes,XPHB,225,false,,true,,2
data/items.json,/item/2266,item,Trident of Fish Command,DMG,209,true,,false,,2
data/items.json,/item/2267,item,Trident of Fish Command,XDMG,317,false,,true,,2
data/items.json,/item/2275,item,Truth Serum,DMG,258,true,,false,,2
data/items.json,/item/2276,item,Truth Serum,XDMG,91,false,,true,,2
data/items.json,/item/2281,item,Two-Person Tent,PHB,153,true,,false,,2
data/items.json,/item/2286,item,Universal Solvent,DMG,209,true,,false,,2
data/items.json,/item/2287,item,Universal Solvent,XDMG,318,false,,true,,3
data/items.json,/item/2297,item,Vial,PHB,153,true,,false,,2
data/items.json,/item/2298,item,Vial,XPHB,229,false,,true,,2
data/items.json,/item/2307,item,Wagon,PHB,157,true,,false,,1
data/items.json,/item/2308,item,Wagon,XPHB,230,false,,true,,1
data/items.json,/item/2312,item,Wand of Binding,DMG,209,true,,false,,6
data/items.json,/item/2313,item,Wand of Binding,XDMG,318,false,,true,,12
data/items.json,/item/2316,item,Wand of Enemy Detection,DMG,210,true,,false,,3
data/items.json,/item/2317,item,Wand of Enemy Detection,XDMG,319,false,,true,,4
data/items.json,/item/2319,item,Wand of Fear,DMG,210,true,,false,,6
data/items.json,/item/2320,item,Wand of Fear,XDMG,319,false,,true,,12
data/items.json,/item/2321,item,Wand of Fireballs,DMG,210,true,,false,,3
data/items.json,/item/2322,item,Wand of Fireballs,XDMG,319,false,,true,,4
data/items.json,/item/2323,item,Wand of Lightning Bolts,DMG,211,true,,false,,3
data/items.json,/item/2324,item,Wand of Lightning Bolts,XDMG,320,false,,true,,4
data/items.json,/item/2325,item,Wand of Magic Detection,DMG,211,true,,false,,2
data/items.json,/item/2326,item,Wand of Magic Detection,XDMG,320,false,,true,,2
data/items.json,/item/2327,item,Wand of Magic Missiles,DMG,211,true,,false,,3
data/items.json,/item/2328,item,Wand of Magic Missiles,XDMG,320,false,,true,,4
data/items.json,/item/2331,item,Wand of Paralysis,DMG,211,true,,false,,3
data/items.json,/item/2332,item,Wand of Paralysis,XDMG,321,false,,true,,4
data/items.json,/item/2333,item,Wand of Polymorph,DMG,211,true,,false,,3
data/items.json,/item/2334,item,Wand of Polymorph,XDMG,321,false,,true,,4
data/items.json,/item/2338,item,Wand of Secrets,DMG,211,true,,false,,2
data/items.json,/item/2339,item,Wand of Secrets,XDMG,322,false,,true,,2
data/items.json,/item/2342,item,Wand of Web,DMG,212,true,,false,,3
data/items.json,/item/2343,item,Wand of Web,XDMG,322,false,,true,,4
data/items.json,/item/2345,item,Wand of Wonder,DMG,212,true,,false,,51
data/items.json,/item/2346,item,Wand of Wonder,XDMG,322,false,,true,,43
data/items.json,/item/2349,item,Warhorse,PHB,157,true,,false,,1
data/items.json,/item/2350,item,Warhorse,XPHB,229,false,,true,,1
data/items.json,/item/2353,item,Warship,DMG,119,true,,false,,1
data/items.json,/item/2354,item,Warship,XPHB,230,false,,true,,1
data/items.json,/item/2357,item,Waterskin,PHB,153,true,,false,,2
data/items.json,/item/2358,item,Waterskin,XPHB,229,false,,true,,2
data/items.json,/item/2364,item,Well of Many Worlds,DMG,213,true,,false,,3
data/items.json,/item/2365,item,Well of Many Worlds,XDMG,324,false,,true,,4
data/items.json,/item/2368,item,Wheat,PHB,157,true,,false,,1
data/items.json,/item/2369,item,Wheat,XDMG,213,false,,true,,1
data/items.json,/item/2374,item,Whetstone,PHB,150,true,,false,,1
data/items.json,/item/2380,item,White Dragon Scale Mail,DMG,165,true,,false,,3
data/items.json,/item/2381,item,White Dragon Scale Mail,XDMG,254,false,,true,,2
data/items.json,/item/2389,item,Wind Fan,DMG,213,true,,false,,2
data/items.json,/item/2390,item,Wind Fan,XDMG,213,false,,true,,2
data/items.json,/item/2393,item,Winged Boots,DMG,214,true,,false,,3
data/items.json,/item/2394,item,Winged Boots,XDMG,325,false,,true,,2
data/items.json,/item/2395,item,Wings of Flying,DMG,214,true,,false,,2
data/items.json,/item/2396,item,Wings of Flying,XDMG,324,false,,true,,2
data/items.json,/item/2413,item,Wyvern Poison,DMG,258,true,,false,,2
data/items.json,/item/2414,item,Wyvern Poison,XDMG,91,false,,true,,2
data/items.json,/item/2421,item,Yew Wand,PHB,151,true,,false,,1
data/items.json,/item/2422,item,Yew Wand,XPHB,225,false,,true,,1
data/items.json,/itemGroup/4,itemGroup,Armor of Resistance,XDMG,231,false,,true,,34
data/items.json,/itemGroup/6,itemGroup,Armor of Vulnerability,XDMG,231,false,,true,,4
data/items.json,/itemGroup/7,itemGroup,Artisan's Tools,PHB,154,true,,false,,18
data/items.json,/itemGroup/8,itemGroup,Artisan's Tools,XPHB,220,false,,true,,18
data/items.json,/itemGroup/10,itemGroup,Bag of Tricks,XDMG,234,false,,true,,4
data/items.json,/itemGroup/12,itemGroup,Belt of Giant Strength,XDMG,236,false,,true,,25
data/items.json,/itemGroup/15,itemGroup,Carpet of Flying,XDMG,242,false,,true,,28
data/items.json,/itemGroup/20,itemGroup,Dragon Scale Mail,DMG,165,true,,false,,11
data/items.json,/itemGroup/21,itemGroup,Dragon Scale Mail,XDMG,254,false,,true,,11
data/items.json,/itemGroup/28,itemGroup,Elemental Gem,XDMG,257,false,,true,,5
data/items.json,/itemGroup/35,itemGroup,Figurine of Wondrous Power,XDMG,261,false,,true,,10
data/items.json,/itemGroup/37,itemGroup,Gaming Set,PHB,154,true,,false,,5
data/items.json,/itemGroup/38,itemGroup,Gaming Set,XPHB,221,false,,true,,5
data/items.json,/itemGroup/48,itemGroup,Horn of Valhalla,XDMG,270,false,,true,,28
data/items.json,/itemGroup/55,itemGroup,Ioun Stone,XDMG,273,false,,true,,17
data/items.json,/itemGroup/61,itemGroup,Manual of Golems,XDMG,277,false,,true,,28
data/items.json,/itemGroup/65,itemGroup,Musical Instrument,PHB,154,true,,false,,11
data/items.json,/itemGroup/67,itemGroup,Musical Instrument,XPHB,221,false,,true,,11
data/items.json,/itemGroup/70,itemGroup,Potion of Giant Strength,XDMG,288,false,,true,,7
data/items.json,/itemGroup/71,itemGroup,Potion of Healing (*),DMG,187,true,,false,,6
data/items.json,/itemGroup/74,itemGroup,Potion of Resistance,XDMG,289,false,,true,,34
data/items.json,/itemGroup/76,itemGroup,Potions of Healing,XDMG,288,false,,true,,5
data/items.json,/itemGroup/79,itemGroup,Quaal's Feather Token,XDMG,290,false,,true,,30
data/items.json,/itemGroup/81,itemGroup,Ring of Elemental Command,XDMG,292,false,,true,,5
data/items.json,/itemGroup/83,itemGroup,Ring of Resistance,XDMG,294,false,,true,,45
data/items.json,/itemGroup/96,itemGroup,Spell Scroll,XDMG,305,false,,true,,11
data/items.json,/itemGroup/103,itemGroup,Wand of the War Mage,DMG,212,true,,false,,4
data/items.json,/itemGroup/104,itemGroup,Wand of the War Mage,XDMG,322,false,,true,,4
data/languages.json,/language/4,language,Abyssal,PHB,123,true,,false,,1
data/languages.json,/language/5,language,Abyssal,XPHB,37,false,,true,,1
data/languages.json,/language/19,language,Celestial,PHB,123,true,,false,,1
data/languages.json,/language/20,language,Celestial,XPHB,37,false,,true,,1
data/languages.json,/language/30,language,Common,PHB,123,true,,false,,1
data/languages.json,/language/32,language,Common,XPHB,37,false,,true,,1
data/languages.json,/language/33,language,Common Sign Language,XPHB,37,false,,true,,1
data/languages.json,/language/40,language,Deep Speech,PHB,123,true,,false,,1
data/languages.json,/language/41,language,Deep Speech,XPHB,37,false,,true,,1
data/languages.json,/language/47,language,Draconic,PHB,123,true,,false,,2
data/languages.json,/language/49,language,Draconic,XPHB,37,false,,true,,1
data/languages.json,/language/51,language,Druidic,PHB,64,true,,false,,2
data/languages.json,/language/52,language,Druidic,XPHB,37,false,,true,,1
data/languages.json,/language/55,language,Dwarvish,PHB,123,true,,false,,2
data/languages.json,/language/56,language,Dwarvish,XPHB,37,false,,true,,1
data/languages.json,/language/60,language,Elvish,PHB,123,true,,false,,2
data/languages.json,/language/61,language,Elvish,XPHB,37,false,,true,,1
data/languages.json,/language/66,language,Giant,PHB,123,true,,false,,1
data/languages.json,/language/67,language,Giant,XPHB,37,false,,true,,1
data/languages.json,/language/77,language,Gnomish,PHB,123,true,,false,,2
data/languages.json,/language/78,language,Gnomish,XPHB,37,false,,true,,1
data/languages.json,/language/82,language,Goblin,PHB,123,true,,false,,1
data/languages.json,/language/83,language,Goblin,XPHB,37,false,,true,,1
data/languages.json,/language/88,language,Halfling,PHB,123,true,,false,,2
data/languages.json,/language/89,language,Halfling,XPHB,37,false,,true,,1
data/languages.json,/language/98,language,Infernal,PHB,123,true,,false,,1
data/languages.json,/language/99,language,Infernal,XPHB,37,false,,true,,1
data/languages.json,/language/135,language,Orc,PHB,123,true,,false,,2
data/languages.json,/language/136,language,Orc,XPHB,37,false,,true,,1
data/languages.json,/language/142,language,Primordial,PHB,123,true,,false,,2
data/languages.json,/language/144,language,Primordial,XPHB,37,false,,true,,1
data/languages.json,/language/168,language,Sylvan,PHB,123,true,,false,,1
data/languages.json,/language/169,language,Sylvan,XPHB,37,false,,true,,1
data/languages.json,/language/173,language,Thieves' Cant,PHB,94,true,,false,,2
data/languages.json,/language/174,language,Thieves' Cant,XPHB,37,false,,true,,1
data/languages.json,/language/186,language,Undercommon,PHB,123,true,,false,,1
data/languages.json,/language/187,language,Undercommon,XPHB,37,false,,true,,1
data/magicvariants.json,/magicvariant/0/inherits,magicvariant,,DMG,150,true,,false,,1
data/magicvariants.json,/magicvariant/1/inherits,magicvariant,,XDMG,228,false,,true,,1
data/magicvariants.json,/magicvariant/2/inherits,magicvariant,,DMG,152,true,,false,,1
data/magicvariants.json,/magicvariant/3/inherits,magicvariant,,XDMG,230,false,,true,,1
data/magicvariants.json,/magicvariant/4/inherits,magicvariant,,DMG,200,true,,false,,1
data/magicvariants.json,/magicvariant/5/inherits,magicvariant,,XDMG,303,false,,true,,1
data/magicvariants.json,/magicvariant/6/inherits,magicvariant,,DMG,213,true,,false,,1
data/magicvariants.json,/magicvariant/7/inherits,magicvariant,,XDMG,324,false,,true,,1
data/magicvariants.json,/magicvariant/9/inherits,magicvariant,,DMG,150,true,,false,,1
data/magicvariants.json,/magicvariant/10/inherits,magicvariant,,XDMG,228,false,,true,,1
data/magicvariants.json,/magicvariant/11/inherits,magicvariant,,DMG,152,true,,false,,1
data/magicvariants.json,/magicvariant/12/inherits,magicvariant,,XDMG,230,false,,true,,1
data/magicvariants.json,/magicvariant/13/inherits,magicvariant,,DMG,200,true,,false,,1
data/magicvariants.json,/magicvariant/14/inherits,magicvariant,,XDMG,303,false,,true,,1
data/magicvariants.json,/magicvariant/15/inherits,magicvariant,,DMG,213,true,,false,,1
data/magicvariants.json,/magicvariant/16/inherits,magicvariant,,XDMG,324,false,,true,,1
data/magicvariants.json,/magicvariant/18/inherits,magicvariant,,DMG,150,true,,false,,1
data/magicvariants.json,/magicvariant/19/inherits,magicvariant,,XDMG,228,false,,true,,1
data/magicvariants.json,/magicvariant/20/inherits,magicvariant,,DMG,152,true,,false,,1
data/magicvariants.json,/magicvariant/21/inherits,magicvariant,,XDMG,230,false,,true,,1
data/magicvariants.json,/magicvariant/22/inherits,magicvariant,,DMG,200,true,,false,,1
data/magicvariants.json,/magicvariant/23/inherits,magicvariant,,XDMG,303,false,,true,,1
data/magicvariants.json,/magicvariant/24/inherits,magicvariant,,DMG,213,true,,false,,1
data/magicvariants.json,/magicvariant/25/inherits,magicvariant,,XDMG,324,false,,true,,1
data/magicvariants.json,/magicvariant/29/inherits,magicvariant,,DMG,150,true,,false,,1
data/magicvariants.json,/magicvariant/30/inherits,magicvariant,,XDMG,227,false,,true,,1
data/magicvariants.json,/magicvariant/33/inherits,magicvariant,,XDMG,228,false,,true,,32
data/magicvariants.json,/magicvariant/36/inherits,magicvariant,,DMG,152,true,,false,,1
data/magicvariants.json,/magicvariant/37/inherits,magicvariant,,XDMG,231,false,,true,,1
data/magicvariants.json,/magicvariant/38/inherits,magicvariant,,DMG,152,true,,false,,1
data/magicvariants.json,/magicvariant/39/inherits,magicvariant,,XDMG,231,false,,true,,1
data/magicvariants.json,/magicvariant/40/inherits,magicvariant,,DMG,152,true,,false,,1
data/magicvariants.json,/magicvariant/41/inherits,magicvariant,,XDMG,231,false,,true,,1
data/magicvariants.json,/magicvariant/42/inherits,magicvariant,,DMG,152,true,,false,,1
data/magicvariants.json,/magicvariant/43/inherits,magicvariant,,XDMG,231,false,,true,,1
data/magicvariants.json,/magicvariant/47/inherits,magicvariant,,DMG,152,true,,false,,1
data/magicvariants.json,/magicvariant/48/inherits,magicvariant,,XDMG,231,false,,true,,1
data/magicvariants.json,/magicvariant/49/inherits,magicvariant,,DMG,152,true,,false,,1
data/magicvariants.json,/magicvariant/50/inherits,magicvariant,,XDMG,231,false,,true,,1
data/magicvariants.json,/magicvariant/51/inherits,magicvariant,,DMG,152,true,,false,,1
data/magicvariants.json,/magicvariant/52/inherits,magicvariant,,XDMG,231,false,,true,,1
data/magicvariants.json,/magicvariant/53/inherits,magicvariant,,DMG,152,true,,false,,1
data/magicvariants.json,/magicvariant/54/inherits,magicvariant,,XDMG,231,false,,true,,1
data/magicvariants.json,/magicvariant/55/inherits,magicvariant,,DMG,152,true,,false,,1
data/magicvariants.json,/magicvariant/56/inherits,magicvariant,,XDMG,231,false,,true,,1
data/magicvariants.json,/magicvariant/59/inherits,magicvariant,,DMG,152,true,,false,,1
data/magicvariants.json,/magicvariant/60/inherits,magicvariant,,XDMG,231,false,,true,,1
data/magicvariants.json,/magicvariant/61/inherits,magicvariant,,XDMG,231,false,,true,,3
data/magicvariants.json,/magicvariant/62/inherits,magicvariant,,XDMG,231,false,,true,,3
data/magicvariants.json,/magicvariant/63/inherits,magicvariant,,XDMG,231,false,,true,,3
data/magicvariants.json,/magicvariant/65/inherits,magicvariant,,DMG,152,true,,false,,2
data/magicvariants.json,/magicvariant/67/inherits,magicvariant,,PHB,157,true,,false,,1
data/magicvariants.json,/magicvariant/68/inherits,magicvariant,,DMG,155,true,,false,,4
data/magicvariants.json,/magicvariant/69/inherits,magicvariant,,XDMG,236,false,,true,,5
data/magicvariants.json,/magicvariant/80/inherits,magicvariant,,DMG,161,true,,false,,3
data/magicvariants.json,/magicvariant/81/inherits,magicvariant,,XDMG,248,false,,true,,3
data/magicvariants.json,/magicvariant/83/inherits,magicvariant,,DMG,164,true,,false,,2
data/magicvariants.json,/magicvariant/84/inherits,magicvariant,,XDMG,252,false,,true,,2
data/magicvariants.json,/magicvariant/85/inherits,magicvariant,,XDMG,252,false,,true,,3
data/magicvariants.json,/magicvariant/88/inherits,magicvariant,,DMG,166,true,,false,,2
data/magicvariants.json,/magicvariant/89/inherits,magicvariant,,XDMG,254,false,,true,,2
data/magicvariants.json,/magicvariant/99/inherits,magicvariant,,XDMG,255,false,,true,,1
data/magicvariants.json,/magicvariant/101/inherits,magicvariant,,XDMG,257,false,,true,,1
data/magicvariants.json,/magicvariant/102/inherits,magicvariant,,XDMG,257,false,,true,,8
data/magicvariants.json,/magicvariant/123/inherits,magicvariant,,DMG,170,true,,false,,1
data/magicvariants.json,/magicvariant/124/inherits,magicvariant,,XDMG,263,false,,true,,1
data/magicvariants.json,/magicvariant/127/inherits,magicvariant,,DMG,171,true,,false,,3
data/magicvariants.json,/magicvariant/128/inherits,magicvariant,,XDMG,263,false,,true,,3
data/magicvariants.json,/magicvariant/130/inherits,magicvariant,,DMG,172,true,,false,,2
data/magicvariants.json,/magicvariant/131/inherits,magicvariant,,XDMG,264,false,,true,,2
data/magicvariants.json,/magicvariant/134/inherits,magicvariant,,XDMG,265,false,,true,,9
data/magicvariants.json,/magicvariant/136/inherits,magicvariant,,DMG,174,true,,false,,2
data/magicvariants.json,/magicvariant/137/inherits,magicvariant,,XDMG,269,false,,true,,2
data/magicvariants.json,/magicvariant/148/inherits,magicvariant,,DMG,179,true,,false,,5
data/magicvariants.json,/magicvariant/149/inherits,magicvariant,,XDMG,275,false,,true,,5
data/magicvariants.json,/magicvariant/155/inherits,magicvariant,,DMG,182,true,,false,,1
data/magicvariants.json,/magicvariant/156/inherits,magicvariant,,XDMG,279,false,,true,,2
data/magicvariants.json,/magicvariant/162/inherits,magicvariant,,DMG,183,true,,false,,2
data/magicvariants.json,/magicvariant/163/inherits,magicvariant,,XDMG,281,false,,true,,3
data/magicvariants.json,/magicvariant/164/inherits,magicvariant,,XDMG,282,false,,true,,3
data/magicvariants.json,/magicvariant/173/inherits,magicvariant,,XDMG,286,false,,true,,1
data/magicvariants.json,/magicvariant/188/inherits,magicvariant,,DMG,206,true,,false,,2
data/magicvariants.json,/magicvariant/189/inherits,magicvariant,,XDMG,314,false,,true,,1
data/magicvariants.json,/magicvariant/191/inherits,magicvariant,,DMG,206,true,,false,,4
data/magicvariants.json,/magicvariant/192/inherits,magicvariant,,XDMG,314,false,,true,,2
data/magicvariants.json,/magicvariant/196/inherits,magicvariant,,DMG,207,true,,false,,2
data/magicvariants.json,/magicvariant/197/inherits,magicvariant,,XDMG,314,false,,true,,1
data/magicvariants.json,/magicvariant/200/inherits,magicvariant,,DMG,209,true,,false,,2
data/magicvariants.json,/magicvariant/201/inherits,magicvariant,,XDMG,318,false,,true,,1
data/magicvariants.json,/magicvariant/202/inherits,magicvariant,,DMG,209,true,,false,,2
data/magicvariants.json,/magicvariant/203/inherits,magicvariant,,XDMG,318,false,,true,,2
data/objects.json,/object/17,object,Generic Object,DMG,246,true,,false,,48
data/optionalfeatures.json,/optionalfeature/0,optionalfeature,Agonizing Blast,PHB,110,true,,false,,2
data/optionalfeatures.json,/optionalfeature/1,optionalfeature,Agonizing Blast,XPHB,155,false,,true,,6
data/optionalfeatures.json,/optionalfeature/5,optionalfeature,Archery,PHB,72,true,,false,,2
data/optionalfeatures.json,/optionalfeature/7,optionalfeature,Armor of Shadows,PHB,110,true,,false,,2
data/optionalfeatures.json,/optionalfeature/8,optionalfeature,Armor of Shadows,XPHB,155,false,,true,,2
data/optionalfeatures.json,/optionalfeature/9,optionalfeature,Ascendant Step,PHB,110,true,,false,,3
data/optionalfeatures.json,/optionalfeature/10,optionalfeature,Ascendant Step,XPHB,155,false,,true,,3
data/optionalfeatures.json,/optionalfeature/15,optionalfeature,Beast Speech,PHB,110,true,,false,,2
data/optionalfeatures.json,/optionalfeature/17,optionalfeature,Beguiling Influence,PHB,110,true,,false,,2
data/optionalfeatures.json,/optionalfeature/18,optionalfeature,Bewitching Whispers,PHB,110,true,,false,,3
data/optionalfeatures.json,/optionalfeature/22,optionalfeature,Book of Ancient Secrets,PHB,110,true,,false,,3
data/optionalfeatures.json,/optionalfeature/27,optionalfeature,Careful Spell,PHB,102,true,,false,,3
data/optionalfeatures.json,/optionalfeature/28,optionalfeature,Careful Spell,XPHB,141,false,,true,,3
data/optionalfeatures.json,/optionalfeature/30,optionalfeature,Chains of Carceri,PHB,110,true,,false,,3
data/optionalfeatures.json,/optionalfeature/38,optionalfeature,Defense,PHB,72,true,,false,,2
data/optionalfeatures.json,/optionalfeature/39,optionalfeature,Devil's Sight,PHB,110,true,,false,,2
data/optionalfeatures.json,/optionalfeature/40,optionalfeature,Devil's Sight,XPHB,155,false,,true,,3
data/optionalfeatures.json,/optionalfeature/44,optionalfeature,Distant Spell,PHB,102,true,,false,,4
data/optionalfeatures.json,/optionalfeature/45,optionalfeature,Distant Spell,XPHB,141,false,,true,,3
data/optionalfeatures.json,/optionalfeature/48,optionalfeature,Dreadful Word,PHB,110,true,,false,,3
data/optionalfeatures.json,/optionalfeature/50,optionalfeature,Dueling,PHB,72,true,,false,,2
data/optionalfeatures.json,/optionalfeature/53,optionalfeature,Eldritch Sight,PHB,110,true,,false,,2
data/optionalfeatures.json,/optionalfeature/56,optionalfeature,Eldritch Spear,PHB,111,true,,false,,2
data/optionalfeatures.json,/optionalfeature/57,optionalfeature,Eldritch Spear,XPHB,155,false,,true,,6
data/optionalfeatures.json,/optionalfeature/59,optionalfeature,Empowered Spell,PHB,102,true,,false,,4
data/optionalfeatures.json,/optionalfeature/60,optionalfeature,Empowered Spell,XPHB,142,false,,true,,4
data/optionalfeatures.json,/optionalfeature/68,optionalfeature,Extended Spell,PHB,102,true,,false,,3
data/optionalfeatures.json,/optionalfeature/69,optionalfeature,Extended Spell,XPHB,142,false,,true,,4
data/optionalfeatures.json,/optionalfeature/70,optionalfeature,Eyes of the Rune Keeper,PHB,111,true,,false,,2
data/optionalfeatures.json,/optionalfeature/76,optionalfeature,Fiendish Vigor,PHB,111,true,,false,,2
data/optionalfeatures.json,/optionalfeature/77,optionalfeature,Fiendish Vigor,XPHB,155,false,,true,,3
data/optionalfeatures.json,/optionalfeature/82,optionalfeature,Gaze of Two Minds,PHB,111,true,,false,,2
data/optionalfeatures.json,/optionalfeature/83,optionalfeature,Gaze of Two Minds,XPHB,156,false,,true,,4
data/optionalfeatures.json,/optionalfeature/96,optionalfeature,Great Weapon Fighting,PHB,72,true,,false,,2
data/optionalfeatures.json,/optionalfeature/97,optionalfeature,Heightened Spell,PHB,102,true,,false,,3
data/optionalfeatures.json,/optionalfeature/98,optionalfeature,Heightened Spell,XPHB,142,false,,true,,3
data/optionalfeatures.json,/optionalfeature/108,optionalfeature,Lifedrinker,PHB,111,true,,false,,3
data/optionalfeatures.json,/optionalfeature/109,optionalfeature,Lifedrinker,XPHB,156,false,,true,,3
data/optionalfeatures.json,/optionalfeature/115,optionalfeature,Mask of Many Faces,PHB,111,true,,false,,2
data/optionalfeatures.json,/optionalfeature/116,optionalfeature,Mask of Many Faces,XPHB,156,false,,true,,3
data/optionalfeatures.json,/optionalfeature/117,optionalfeature,Master of Myriad Forms,PHB,111,true,,false,,3
data/optionalfeatures.json,/optionalfeature/118,optionalfeature,Master of Myriad Forms,XPHB,156,false,,true,,3
data/optionalfeatures.json,/optionalfeature/122,optionalfeature,Minions of Chaos,PHB,111,true,,false,,3
data/optionalfeatures.json,/optionalfeature/123,optionalfeature,Mire the Mind,PHB,111,true,,false,,3
data/optionalfeatures.json,/optionalfeature/125,optionalfeature,Misty Visions,PHB,111,true,,false,,2
data/optionalfeatures.json,/optionalfeature/126,optionalfeature,Misty Visions,XPHB,156,false,,true,,3
data/optionalfeatures.json,/optionalfeature/127,optionalfeature,One with Shadows,PHB,111,true,,false,,3
data/optionalfeatures.json,/optionalfeature/128,optionalfeature,One with Shadows,XPHB,156,false,,true,,3
data/optionalfeatures.json,/optionalfeature/129,optionalfeature,Otherworldly Leap,PHB,111,true,,false,,3
data/optionalfeatures.json,/optionalfeature/130,optionalfeature,Otherworldly Leap,XPHB,156,false,,true,,3
data/optionalfeatures.json,/optionalfeature/131,optionalfeature,Pact of the Blade,PHB,107,true,,false,,4
data/optionalfeatures.json,/optionalfeature/132,optionalfeature,Pact of the Blade,XPHB,156,false,,true,,4
data/optionalfeatures.json,/optionalfeature/133,optionalfeature,Pact of the Chain,PHB,107,true,,false,,4
data/optionalfeatures.json,/optionalfeature/134,optionalfeature,Pact of the Chain,XPHB,157,false,,true,,4
data/optionalfeatures.json,/optionalfeature/136,optionalfeature,Pact of the Tome,PHB,108,true,,false,,2
data/optionalfeatures.json,/optionalfeature/137,optionalfeature,Pact of the Tome,XPHB,157,false,,true,,6
data/optionalfeatures.json,/optionalfeature/144,optionalfeature,Protection,PHB,72,true,,false,,2
data/optionalfeatures.json,/optionalfeature/149,optionalfeature,Quickened Spell,PHB,102,true,,false,,3
data/optionalfeatures.json,/optionalfeature/150,optionalfeature,Quickened Spell,XPHB,142,false,,true,,3
data/optionalfeatures.json,/optionalfeature/158,optionalfeature,Repelling Blast,PHB,111,true,,false,,2
data/optionalfeatures.json,/optionalfeature/159,optionalfeature,Repelling Blast,XPHB,157,false,,true,,6
data/optionalfeatures.json,/optionalfeature/169,optionalfeature,Sculptor of Flesh,PHB,111,true,,false,,3
data/optionalfeatures.json,/optionalfeature/176,optionalfeature,Sign of Ill Omen,PHB,111,true,,false,,3
data/optionalfeatures.json,/optionalfeature/180,optionalfeature,Subtle Spell,PHB,102,true,,false,,3
data/optionalfeatures.json,/optionalfeature/181,optionalfeature,Subtle Spell,XPHB,142,false,,true,,3
data/optionalfeatures.json,/optionalfeature/188,optionalfeature,Thief of Five Fates,PHB,111,true,,false,,2
data/optionalfeatures.json,/optionalfeature/189,optionalfeature,Thirsting Blade,PHB,111,true,,false,,3
data/optionalfeatures.json,/optionalfeature/190,optionalfeature,Thirsting Blade,XPHB,157,false,,true,,3
data/optionalfeatures.json,/optionalfeature/198,optionalfeature,Twinned Spell,PHB,102,true,,false,,4
data/optionalfeatures.json,/optionalfeature/199,optionalfeature,Twinned Spell,XPHB,142,false,,true,,3
data/optionalfeatures.json,/optionalfeature/200,optionalfeature,Two-Weapon Fighting,PHB,72,true,,false,,2
data/optionalfeatures.json,/optionalfeature/204,optionalfeature,Visions of Distant Realms,PHB,111,true,,false,,3
data/optionalfeatures.json,/optionalfeature/205,optionalfeature,Visions of Distant Realms,XPHB,157,false,,true,,3
data/optionalfeatures.json,/optionalfeature/206,optionalfeature,Voice of the Chain Master,PHB,111,true,,false,,2
data/optionalfeatures.json,/optionalfeature/209,optionalfeature,Whispers of the Grave,PHB,111,true,,false,,3
data/optionalfeatures.json,/optionalfeature/210,optionalfeature,Whispers of the Grave,XPHB,157,false,,true,,3
data/optionalfeatures.json,/optionalfeature/211,optionalfeature,Witch Sight,PHB,111,true,,false,,3
data/optionalfeatures.json,/optionalfeature/212,optionalfeature,Witch Sight,XPHB,157,false,,true,,3
data/races.json,/race/27,race,Dragonborn,PHB,32,true,,false,,49
data/races.json,/race/28,race,Dragonborn,XPHB,187,false,,true,,43
data/races.json,/race/33,race,Dwarf,PHB,18,true,,false,,19
data/races.json,/race/34,race,Dwarf,XPHB,188,false,,true,,12
data/races.json,/race/38,race,Elf,PHB,21,true,,false,,16
data/races.json,/race/39,race,Elf,XPHB,189,false,,true,,52
data/races.json,/race/55,race,Gnome,PHB,35,true,,false,,11
data/races.json,/race/56,race,Gnome,XPHB,191,false,,true,,19
data/races.json,/race/67,race,Goliath,XPHB,192,false,,true,,51
data/races.json,/race/71,race,Half-Elf,PHB,38,true,,false,,13
data/races.json,/race/72,race,Half-Orc,PHB,40,true,,false,,15
data/races.json,/race/73,race,Halfling,PHB,26,true,,false,,13
data/races.json,/race/74,race,Halfling,XPHB,193,false,,true,,11
data/races.json,/race/83,race,Human,PHB,29,true,,false,,7
data/races.json,/race/84,race,Human,XPHB,194,false,,true,,9
data/races.json,/race/123,race,Orc,XPHB,195,false,,true,,10
data/races.json,/race/143,race,Tiefling,PHB,42,true,,false,,13
data/races.json,/race/144,race,Tiefling,XPHB,197,false,,true,,45
data/races.json,/subrace/6,subrace,,PHB,32,true,,false,,7
data/races.json,/subrace/10,subrace,Hill,PHB,20,true,,false,,3
data/races.json,/subrace/16,subrace,High,PHB,23,true,,false,,7
data/races.json,/subrace/41,subrace,Rock,PHB,37,true,,false,,12
data/races.json,/subrace/46,subrace,,PHB,38,true,,false,,0
data/races.json,/subrace/53,subrace,,PHB,40,true,,false,,0
data/races.json,/subrace/56,subrace,Lightfoot,PHB,28,true,,false,,3
data/races.json,/subrace/61,subrace,,PHB,29,true,,false,,0
data/races.json,/subrace/82,subrace,,PHB,42,true,,false,,0
data/senses.json,/sense/0,sense,Blindsight,PHB,183,true,,false,,2
data/senses.json,/sense/1,sense,Blindsight,XPHB,361,false,,true,,2
data/senses.json,/sense/2,sense,Darkvision,PHB,183,true,,false,,2
data/senses.json,/sense/3,sense,Darkvision,XPHB,365,false,,true,,2
data/senses.json,/sense/4,sense,Tremorsense,MM,9,true,,false,,2
data/senses.json,/sense/5,sense,Tremorsense,XPHB,377,false,,true,,3
data/senses.json,/sense/6,sense,Truesight,PHB,183,true,,false,,2
data/senses.json,/sense/7,sense,Truesight,XPHB,377,false,,true,,12
data/skills.json,/skill/0,skill,Acrobatics,PHB,176,true,,false,,2
data/skills.json,/skill/1,skill,Acrobatics,XPHB,14,false,,true,,2
data/skills.json,/skill/2,skill,Animal Handling,PHB,178,true,,false,,2
data/skills.json,/skill/3,skill,Animal Handling,XPHB,14,false,,true,,2
data/skills.json,/skill/4,skill,Arcana,PHB,177,true,,false,,2
data/skills.json,/skill/5,skill,Arcana,XPHB,14,false,,true,,2
data/skills.json,/skill/6,skill,Athletics,PHB,175,true,,false,,5
data/skills.json,/skill/7,skill,Athletics,XPHB,14,false,,true,,2
data/skills.json,/skill/8,skill,Deception,PHB,178,true,,false,,2
data/skills.json,/skill/9,skill,Deception,XPHB,14,false,,true,,2
data/skills.json,/skill/10,skill,History,PHB,177,true,,false,,2
data/skills.json,/skill/11,skill,History,XPHB,14,false,,true,,2
data/skills.json,/skill/12,skill,Insight,PHB,178,true,,false,,2
data/skills.json,/skill/13,skill,Insight,XPHB,14,false,,true,,2
data/skills.json,/skill/14,skill,Intimidation,PHB,179,true,,false,,2
data/skills.json,/skill/15,skill,Intimidation,XPHB,14,false,,true,,2
data/skills.json,/skill/16,skill,Investigation,PHB,178,true,,false,,2
data/skills.json,/skill/17,skill,Investigation,XPHB,14,false,,true,,2
data/skills.json,/skill/18,skill,Medicine,PHB,178,true,,false,,2
data/skills.json,/skill/19,skill,Medicine,XPHB,14,false,,true,,2
data/skills.json,/skill/20,skill,Nature,PHB,178,true,,false,,2
data/skills.json,/skill/21,skill,Nature,XPHB,14,false,,true,,2
data/skills.json,/skill/22,skill,Perception,PHB,178,true,,false,,3
data/skills.json,/skill/23,skill,Perception,XPHB,14,false,,true,,2
data/skills.json,/skill/24,skill,Performance,PHB,179,true,,false,,2
data/skills.json,/skill/25,skill,Performance,XPHB,14,false,,true,,2
data/skills.json,/skill/26,skill,Persuasion,PHB,179,true,,false,,2
data/skills.json,/skill/27,skill,Persuasion,XPHB,14,false,,true,,2
data/skills.json,/skill/28,skill,Religion,PHB,178,true,,false,,2
data/skills.json,/skill/29,skill,Religion,XPHB,14,false,,true,,2
data/skills.json,/skill/30,skill,Sleight of Hand,PHB,177,true,,false,,2
data/skills.json,/skill/31,skill,Sleight of Hand,XPHB,14,false,,true,,2
data/skills.json,/skill/32,skill,Stealth,PHB,177,true,,false,,2
data/skills.json,/skill/33,skill,Stealth,XPHB,14,false,,true,,2
data/skills.json,/skill/34,skill,Survival,PHB,178,true,,false,,2
data/skills.json,/skill/35,skill,Survival,XPHB,14,false,,true,,2
data/spells/spells-phb.json,/spell/0,spell,Acid Splash,PHB,211,true,,false,,3
data/spells/spells-phb.json,/spell/1,spell,Aid,PHB,211,true,,false,,4
data/spells/spells-phb.json,/spell/2,spell,Alarm,PHB,211,true,,false,,4
data/spells/spells-phb.json,/spell/3,spell,Alter Self,PHB,211,true,,false,,8
data/spells/spells-phb.json,/spell/4,spell,Animal Friendship,PHB,212,true,,false,,4
data/spells/spells-phb.json,/spell/5,spell,Animal Messenger,PHB,212,true,,false,,5
data/spells/spells-phb.json,/spell/6,spell,Animal Shapes,PHB,212,true,,false,,4
data/spells/spells-phb.json,/spell/7,spell,Animate Dead,PHB,212,true,,false,,6
data/spells/spells-phb.json,/spell/8,spell,Animate Objects,PHB,213,true,,false,,44
data/spells/spells-phb.json,/spell/9,spell,Antilife Shell,PHB,213,true,,false,,4
data/spells/spells-phb.json,/spell/10,spell,Antimagic Field,PHB,213,true,,false,,18
data/spells/spells-phb.json,/spell/11,spell,Antipathy/Sympathy,PHB,214,true,,false,,10
data/spells/spells-phb.json,/spell/12,spell,Arcane Eye,PHB,214,true,,false,,4
data/spells/spells-phb.json,/spell/14,spell,Arcane Lock,PHB,215,true,,false,,3
data/spells/spells-phb.json,/spell/17,spell,Astral Projection,PHB,215,true,,false,,7
data/spells/spells-phb.json,/spell/18,spell,Augury,PHB,215,true,,false,,8
data/spells/spells-phb.json,/spell/22,spell,Awaken,PHB,216,true,,false,,3
data/spells/spells-phb.json,/spell/23,spell,Bane,PHB,216,true,,false,,4
data/spells/spells-phb.json,/spell/25,spell,Banishment,PHB,217,true,,false,,6
data/spells/spells-phb.json,/spell/26,spell,Barkskin,PHB,217,true,,false,,2
data/spells/spells-phb.json,/spell/27,spell,Beacon of Hope,PHB,217,true,,false,,2
data/spells/spells-phb.json,/spell/29,spell,Bestow Curse,PHB,218,true,,false,,9
data/spells/spells-phb.json,/spell/30,spell,Bigby's Hand,PHB,218,true,Arcane Hand,false,,14
data/spells/spells-phb.json,/spell/31,spell,Blade Barrier,PHB,218,true,,false,,3
data/spells/spells-phb.json,/spell/33,spell,Bless,PHB,219,true,,false,,4
data/spells/spells-phb.json,/spell/34,spell,Blight,PHB,219,true,,false,,6
data/spells/spells-phb.json,/spell/36,spell,Blindness/Deafness,PHB,219,true,,false,,4
data/spells/spells-phb.json,/spell/37,spell,Blink,PHB,219,true,,false,,3
data/spells/spells-phb.json,/spell/38,spell,Blur,PHB,219,true,,false,,2
data/spells/spells-phb.json,/spell/39,spell,Branding Smite,PHB,219,true,,false,,4
data/spells/spells-phb.json,/spell/40,spell,Burning Hands,PHB,220,true,,false,,5
data/spells/spells-phb.json,/spell/41,spell,Call Lightning,PHB,220,true,,false,,6
data/spells/spells-phb.json,/spell/42,spell,Calm Emotions,PHB,221,true,,false,,4
data/spells/spells-phb.json,/spell/43,spell,Chain Lightning,PHB,221,true,,false,,5
data/spells/spells-phb.json,/spell/44,spell,Charm Person,PHB,221,true,,false,,4
data/spells/spells-phb.json,/spell/45,spell,Chill Touch,PHB,221,true,,false,,4
data/spells/spells-phb.json,/spell/47,spell,Circle of Death,PHB,221,true,,false,,4
data/spells/spells-phb.json,/spell/49,spell,Clairvoyance,PHB,222,true,,false,,4
data/spells/spells-phb.json,/spell/50,spell,Clone,PHB,222,true,,false,,3
data/spells/spells-phb.json,/spell/52,spell,Cloudkill,PHB,222,true,,false,,6
data/spells/spells-phb.json,/spell/53,spell,Color Spray,PHB,222,true,,false,,5
data/spells/spells-phb.json,/spell/54,spell,Command,PHB,223,true,,false,,15
data/spells/spells-phb.json,/spell/55,spell,Commune,PHB,223,true,,false,,4
data/spells/spells-phb.json,/spell/56,spell,Commune with Nature,PHB,224,true,,false,,9
data/spells/spells-phb.json,/spell/58,spell,Comprehend Languages,PHB,224,true,,false,,3
data/spells/spells-phb.json,/spell/59,spell,Compulsion,PHB,224,true,,false,,3
data/spells/spells-phb.json,/spell/60,spell,Cone of Cold,PHB,224,true,,false,,5
data/spells/spells-phb.json,/spell/61,spell,Confusion,PHB,224,true,,false,,13
data/spells/spells-phb.json,/spell/62,spell,Conjure Animals,PHB,225,true,,false,,11
data/spells/spells-phb.json,/spell/64,spell,Conjure Celestial,PHB,225,true,,false,,6
data/spells/spells-phb.json,/spell/65,spell,Conjure Elemental,PHB,225,true,,false,,7
data/spells/spells-phb.json,/spell/66,spell,Conjure Fey,PHB,226,true,,false,,7
data/spells/spells-phb.json,/spell/67,spell,Conjure Minor Elementals,PHB,226,true,,false,,11
data/spells/spells-phb.json,/spell/69,spell,Conjure Woodland Beings,PHB,226,true,,false,,11
data/spells/spells-phb.json,/spell/70,spell,Contact Other Plane,PHB,226,true,,false,,3
data/spells/spells-phb.json,/spell/71,spell,Contagion,PHB,227,true,,false,,16
data/spells/spells-phb.json,/spell/72,spell,Contingency,PHB,227,true,,false,,4
data/spells/spells-phb.json,/spell/73,spell,Continual Flame,PHB,227,true,,false,,2
data/spells/spells-phb.json,/spell/74,spell,Control Water,PHB,227,true,,false,,14
data/spells/spells-phb.json,/spell/75,spell,Control Weather,PHB,228,true,,false,,45
data/spells/spells-phb.json,/spell/77,spell,Counterspell,PHB,228,true,,false,,4
data/spells/spells-phb.json,/spell/78,spell,Create Food and Water,PHB,229,true,,false,,2
data/spells/spells-phb.json,/spell/79,spell,Create or Destroy Water,PHB,229,true,,false,,8
data/spells/spells-phb.json,/spell/80,spell,Create Undead,PHB,229,true,,false,,6
data/spells/spells-phb.json,/spell/81,spell,Creation,PHB,229,true,,false,,19
data/spells/spells-phb.json,/spell/84,spell,Cure Wounds,PHB,230,true,,false,,4
data/spells/spells-phb.json,/spell/85,spell,Dancing Lights,PHB,230,true,,false,,3
data/spells/spells-phb.json,/spell/86,spell,Darkness,PHB,230,true,,false,,4
data/spells/spells-phb.json,/spell/87,spell,Darkvision,PHB,230,true,,false,,2
data/spells/spells-phb.json,/spell/88,spell,Daylight,PHB,230,true,,false,,4
data/spells/spells-phb.json,/spell/89,spell,Death Ward,PHB,230,true,,false,,4
data/spells/spells-phb.json,/spell/90,spell,Delayed Blast Fireball,PHB,230,true,,false,,7
data/spells/spells-phb.json,/spell/91,spell,Demiplane,PHB,231,true,,false,,3
data/spells/spells-phb.json,/spell/93,spell,Detect Evil and Good,PHB,231,true,,false,,3
data/spells/spells-phb.json,/spell/94,spell,Detect Magic,PHB,231,true,,false,,3
data/spells/spells-phb.json,/spell/95,spell,Detect Poison and Disease,PHB,231,true,,false,,3
data/spells/spells-phb.json,/spell/96,spell,Detect Thoughts,PHB,231,true,,false,,6
data/spells/spells-phb.json,/spell/97,spell,Dimension Door,PHB,233,true,,false,,4
data/spells/spells-phb.json,/spell/98,spell,Disguise Self,PHB,233,true,,false,,4
data/spells/spells-phb.json,/spell/99,spell,Disintegrate,PHB,233,true,,false,,7
data/spells/spells-phb.json,/spell/100,spell,Dispel Evil and Good,PHB,233,true,,false,,7
data/spells/spells-phb.json,/spell/101,spell,Dispel Magic,PHB,234,true,,false,,4
data/spells/spells-phb.json,/spell/103,spell,Divination,PHB,234,true,,false,,4
data/spells/spells-phb.json,/spell/104,spell,Divine Favor,PHB,234,true,,false,,2
data/spells/spells-phb.json,/spell/105,spell,Divine Word,PHB,234,true,,false,,7
data/spells/spells-phb.json,/spell/106,spell,Dominate Beast,PHB,234,true,,false,,7
data/spells/spells-phb.json,/spell/107,spell,Dominate Monster,PHB,235,true,,false,,7
data/spells/spells-phb.json,/spell/108,spell,Dominate Person,PHB,235,true,,false,,7
data/spells/spells-phb.json,/spell/109,spell,Drawmij's Instant Summons,PHB,235,true,Instant Summons,false,,5
data/spells/spells-phb.json,/spell/110,spell,Dream,PHB,236,true,,false,,5
data/spells/spells-phb.json,/spell/111,spell,Druidcraft,PHB,236,true,,false,,6
data/spells/spells-phb.json,/spell/112,spell,Earthquake,PHB,236,true,,false,,10
data/spells/spells-phb.json,/spell/113,spell,Eldritch Blast,PHB,237,true,,false,,3
data/spells/spells-phb.json,/spell/115,spell,Enhance Ability,PHB,237,true,,false,,16
data/spells/spells-phb.json,/spell/116,spell,Enlarge/Reduce,PHB,237,true,,false,,7
data/spells/spells-phb.json,/spell/118,spell,Entangle,PHB,238,true,,false,,4
data/spells/spells-phb.json,/spell/119,spell,Enthrall,PHB,238,true,,false,,2
data/spells/spells-phb.json,/spell/120,spell,Etherealness,PHB,238,true,,false,,8
data/spells/spells-phb.json,/spell/121,spell,Evard's Black Tentacles,PHB,238,true,Black Tentacles,false,,4
data/spells/spells-phb.json,/spell/122,spell,Expeditious Retreat,PHB,238,true,,false,,2
data/spells/spells-phb.json,/spell/123,spell,Eyebite,PHB,238,true,,false,,8
data/spells/spells-phb.json,/spell/124,spell,Fabricate,PHB,239,true,,false,,4
data/spells/spells-phb.json,/spell/125,spell,Faerie Fire,PHB,239,true,,false,,3
data/spells/spells-phb.json,/spell/126,spell,False Life,PHB,239,true,,false,,4
data/spells/spells-phb.json,/spell/127,spell,Fear,PHB,239,true,,false,,3
data/spells/spells-phb.json,/spell/128,spell,Feather Fall,PHB,239,true,,false,,2
data/spells/spells-phb.json,/spell/129,spell,Feeblemind,PHB,239,true,,false,,5
data/spells/spells-phb.json,/spell/131,spell,Find Familiar,PHB,240,true,,false,,8
data/spells/spells-phb.json,/spell/132,spell,Find Steed,PHB,240,true,,false,,6
data/spells/spells-phb.json,/spell/133,spell,Find the Path,PHB,240,true,,false,,3
data/spells/spells-phb.json,/spell/134,spell,Find Traps,PHB,241,true,,false,,3
data/spells/spells-phb.json,/spell/135,spell,Finger of Death,PHB,241,true,,false,,3
data/spells/spells-phb.json,/spell/136,spell,Fire Bolt,PHB,242,true,,false,,3
data/spells/spells-phb.json,/spell/137,spell,Fire Shield,PHB,242,true,,false,,4
data/spells/spells-phb.json,/spell/138,spell,Fire Storm,PHB,242,true,,false,,3
data/spells/spells-phb.json,/spell/139,spell,Fireball,PHB,241,true,,false,,5
data/spells/spells-phb.json,/spell/140,spell,Flame Blade,PHB,242,true,,false,,6
data/spells/spells-phb.json,/spell/141,spell,Flame Strike,PHB,242,true,,false,,4
data/spells/spells-phb.json,/spell/142,spell,Flaming Sphere,PHB,242,true,,false,,6
data/spells/spells-phb.json,/spell/143,spell,Flesh to Stone,PHB,243,true,,false,,5
data/spells/spells-phb.json,/spell/144,spell,Fly,PHB,243,true,,false,,4
data/spells/spells-phb.json,/spell/145,spell,Fog Cloud,PHB,243,true,,false,,4
data/spells/spells-phb.json,/spell/146,spell,Forbiddance,PHB,243,true,,false,,5
data/spells/spells-phb.json,/spell/147,spell,Forcecage,PHB,243,true,,false,,7
data/spells/spells-phb.json,/spell/148,spell,Foresight,PHB,244,true,,false,,3
data/spells/spells-phb.json,/spell/149,spell,Freedom of Movement,PHB,244,true,,false,,3
data/spells/spells-phb.json,/spell/151,spell,Gaseous Form,PHB,244,true,,false,,4
data/spells/spells-phb.json,/spell/152,spell,Gate,PHB,244,true,,false,,5
data/spells/spells-phb.json,/spell/153,spell,Geas,PHB,244,true,,false,,6
data/spells/spells-phb.json,/spell/154,spell,Gentle Repose,PHB,245,true,,false,,3
data/spells/spells-phb.json,/spell/155,spell,Giant Insect,PHB,245,true,,false,,5
data/spells/spells-phb.json,/spell/156,spell,Glibness,PHB,245,true,,false,,2
data/spells/spells-phb.json,/spell/157,spell,Globe of Invulnerability,PHB,245,true,,false,,5
data/spells/spells-phb.json,/spell/158,spell,Glyph of Warding,PHB,245,true,,false,,12
data/spells/spells-phb.json,/spell/159,spell,Goodberry,PHB,246,true,,false,,3
data/spells/spells-phb.json,/spell/161,spell,Grease,PHB,246,true,,false,,3
data/spells/spells-phb.json,/spell/162,spell,Greater Invisibility,PHB,246,true,,false,,2
data/spells/spells-phb.json,/spell/163,spell,Greater Restoration,PHB,246,true,,false,,6
data/spells/spells-phb.json,/spell/164,spell,Guardian of Faith,PHB,246,true,,false,,3
data/spells/spells-phb.json,/spell/165,spell,Guards and Wards,PHB,248,true,,false,,19
data/spells/spells-phb.json,/spell/166,spell,Guidance,PHB,248,true,,false,,2
data/spells/spells-phb.json,/spell/167,spell,Guiding Bolt,PHB,248,true,,false,,4
data/spells/spells-phb.json,/spell/168,spell,Gust of Wind,PHB,248,true,,false,,5
data/spells/spells-phb.json,/spell/170,spell,Hallow,PHB,249,true,,false,,24
data/spells/spells-phb.json,/spell/171,spell,Hallucinatory Terrain,PHB,249,true,,false,,3
data/spells/spells-phb.json,/spell/172,spell,Harm,PHB,249,true,,false,,2
data/spells/spells-phb.json,/spell/173,spell,Haste,PHB,250,true,,false,,3
data/spells/spells-phb.json,/spell/174,spell,Heal,PHB,250,true,,false,,4
data/spells/spells-phb.json,/spell/175,spell,Healing Word,PHB,250,true,,false,,4
data/spells/spells-phb.json,/spell/176,spell,Heat Metal,PHB,250,true,,false,,5
data/spells/spells-phb.json,/spell/177,spell,Hellish Rebuke,PHB,250,true,,false,,4
data/spells/spells-phb.json,/spell/178,spell,Heroes' Feast,PHB,250,true,,false,,3
data/spells/spells-phb.json,/spell/179,spell,Heroism,PHB,250,true,,false,,4
data/spells/spells-phb.json,/spell/181,spell,Hold Monster,PHB,251,true,,false,,4
data/spells/spells-phb.json,/spell/182,spell,Hold Person,PHB,251,true,,false,,4
data/spells/spells-phb.json,/spell/183,spell,Holy Aura,PHB,251,true,,false,,2
data/spells/spells-phb.json,/spell/185,spell,Hunter's Mark,PHB,251,true,,false,,4
data/spells/spells-phb.json,/spell/186,spell,Hypnotic Pattern,PHB,252,true,,false,,3
data/spells/spells-phb.json,/spell/187,spell,Ice Storm,PHB,252,true,,false,,5
data/spells/spells-phb.json,/spell/188,spell,Identify,PHB,252,true,,false,,3
data/spells/spells-phb.json,/spell/189,spell,Illusory Script,PHB,252,true,,false,,5
data/spells/spells-phb.json,/spell/190,spell,Imprisonment,PHB,252,true,,false,,22
data/spells/spells-phb.json,/spell/191,spell,Incendiary Cloud,PHB,253,true,,false,,4
data/spells/spells-phb.json,/spell/192,spell,Inflict Wounds,PHB,253,true,,false,,4
data/spells/spells-phb.json,/spell/193,spell,Insect Plague,PHB,254,true,,false,,5
data/spells/spells-phb.json,/spell/194,spell,Invisibility,PHB,254,true,,false,,4
data/spells/spells-phb.json,/spell/195,spell,Jump,PHB,254,true,,false,,2
data/spells/spells-phb.json,/spell/196,spell,Knock,PHB,254,true,,false,,5
data/spells/spells-phb.json,/spell/197,spell,Legend Lore,PHB,254,true,,false,,3
data/spells/spells-phb.json,/spell/198,spell,Leomund's Secret Chest,PHB,254,true,Secret Chest,false,,4
data/spells/spells-phb.json,/spell/199,spell,Leomund's Tiny Hut,PHB,255,true,Tiny Hut,false,,4
data/spells/spells-phb.json,/spell/200,spell,Lesser Restoration,PHB,255,true,,false,,2
data/spells/spells-phb.json,/spell/201,spell,Levitate,PHB,255,true,,false,,4
data/spells/spells-phb.json,/spell/202,spell,Light,PHB,255,true,,false,,3
data/spells/spells-phb.json,/spell/204,spell,Lightning Bolt,PHB,255,true,,false,,5
data/spells/spells-phb.json,/spell/205,spell,Locate Animals or Plants,PHB,256,true,,false,,2
data/spells/spells-phb.json,/spell/206,spell,Locate Creature,PHB,256,true,,false,,4
data/spells/spells-phb.json,/spell/207,spell,Locate Object,PHB,256,true,,false,,4
data/spells/spells-phb.json,/spell/208,spell,Longstrider,PHB,256,true,,false,,4
data/spells/spells-phb.json,/spell/209,spell,Mage Armor,PHB,256,true,,false,,2
data/spells/spells-phb.json,/spell/210,spell,Mage Hand,PHB,256,true,,false,,4
data/spells/spells-phb.json,/spell/211,spell,Magic Circle,PHB,256,true,,false,,9
data/spells/spells-phb.json,/spell/212,spell,Magic Jar,PHB,257,true,,false,,8
data/spells/spells-phb.json,/spell/213,spell,Magic Missile,PHB,257,true,,false,,4
data/spells/spells-phb.json,/spell/214,spell,Magic Mouth,PHB,257,true,,false,,4
data/spells/spells-phb.json,/spell/215,spell,Magic Weapon,PHB,257,true,,false,,4
data/spells/spells-phb.json,/spell/216,spell,Major Image,PHB,258,true,,false,,6
data/spells/spells-phb.json,/spell/217,spell,Mass Cure Wounds,PHB,258,true,,false,,4
data/spells/spells-phb.json,/spell/218,spell,Mass Heal,PHB,258,true,,false,,2
data/spells/spells-phb.json,/spell/219,spell,Mass Healing Word,PHB,258,true,,false,,4
data/spells/spells-phb.json,/spell/220,spell,Mass Suggestion,PHB,258,true,,false,,7
data/spells/spells-phb.json,/spell/221,spell,Maze,PHB,258,true,,false,,4
data/spells/spells-phb.json,/spell/222,spell,Meld into Stone,PHB,259,true,,false,,4
data/spells/spells-phb.json,/spell/223,spell,Melf's Acid Arrow,PHB,259,true,Acid Arrow,false,,4
data/spells/spells-phb.json,/spell/224,spell,Mending,PHB,259,true,,false,,3
data/spells/spells-phb.json,/spell/225,spell,Message,PHB,259,true,,false,,3
data/spells/spells-phb.json,/spell/226,spell,Meteor Swarm,PHB,259,true,,false,,3
data/spells/spells-phb.json,/spell/227,spell,Mind Blank,PHB,259,true,,false,,2
data/spells/spells-phb.json,/spell/228,spell,Minor Illusion,PHB,260,true,,false,,5
data/spells/spells-phb.json,/spell/229,spell,Mirage Arcane,PHB,260,true,,false,,5
data/spells/spells-phb.json,/spell/230,spell,Mirror Image,PHB,260,true,,false,,6
data/spells/spells-phb.json,/spell/231,spell,Mislead,PHB,260,true,,false,,4
data/spells/spells-phb.json,/spell/232,spell,Misty Step,PHB,260,true,,false,,2
data/spells/spells-phb.json,/spell/233,spell,Modify Memory,PHB,261,true,,false,,8
data/spells/spells-phb.json,/spell/234,spell,Moonbeam,PHB,261,true,,false,,7
data/spells/spells-phb.json,/spell/235,spell,Mordenkainen's Faithful Hound,PHB,261,true,Faithful Hound,false,,4
data/spells/spells-phb.json,/spell/236,spell,Mordenkainen's Magnificent Mansion,PHB,261,true,Magnificent Mansion,false,,4
data/spells/spells-phb.json,/spell/237,spell,Mordenkainen's Private Sanctum,PHB,262,true,Private Sanctum,false,,12
data/spells/spells-phb.json,/spell/238,spell,Mordenkainen's Sword,PHB,262,true,Arcane Sword,false,,3
data/spells/spells-phb.json,/spell/239,spell,Move Earth,PHB,263,true,,false,,6
data/spells/spells-phb.json,/spell/240,spell,Nondetection,PHB,263,true,,false,,2
data/spells/spells-phb.json,/spell/241,spell,Nystul's Magic Aura,PHB,263,true,Arcanist's Magic Aura,false,,7
data/spells/spells-phb.json,/spell/242,spell,Otiluke's Freezing Sphere,PHB,263,true,Freezing Sphere,false,,6
data/spells/spells-phb.json,/spell/243,spell,Otiluke's Resilient Sphere,PHB,264,true,Resilient Sphere,false,,5
data/spells/spells-phb.json,/spell/244,spell,Otto's Irresistible Dance,PHB,264,true,Irresistible Dance,false,,3
data/spells/spells-phb.json,/spell/245,spell,Pass without Trace,PHB,264,true,,false,,2
data/spells/spells-phb.json,/spell/246,spell,Passwall,PHB,264,true,,false,,3
data/spells/spells-phb.json,/spell/248,spell,Phantasmal Killer,PHB,265,true,,false,,4
data/spells/spells-phb.json,/spell/249,spell,Phantom Steed,PHB,265,true,,false,,3
data/spells/spells-phb.json,/spell/250,spell,Planar Ally,PHB,265,true,,false,,7
data/spells/spells-phb.json,/spell/251,spell,Planar Binding,PHB,265,true,,false,,5
data/spells/spells-phb.json,/spell/252,spell,Plane Shift,PHB,266,true,,false,,4
data/spells/spells-phb.json,/spell/253,spell,Plant Growth,PHB,266,true,,false,,5
data/spells/spells-phb.json,/spell/254,spell,Poison Spray,PHB,266,true,,false,,3
data/spells/spells-phb.json,/spell/255,spell,Polymorph,PHB,266,true,,false,,6
data/spells/spells-phb.json,/spell/257,spell,Power Word Kill,PHB,266,true,,false,,2
data/spells/spells-phb.json,/spell/258,spell,Power Word Stun,PHB,267,true,,false,,3
data/spells/spells-phb.json,/spell/259,spell,Prayer of Healing,PHB,267,true,,false,,4
data/spells/spells-phb.json,/spell/260,spell,Prestidigitation,PHB,267,true,,false,,9
data/spells/spells-phb.json,/spell/261,spell,Prismatic Spray,PHB,267,true,,false,,18
data/spells/spells-phb.json,/spell/262,spell,Prismatic Wall,PHB,267,true,,false,,20
data/spells/spells-phb.json,/spell/263,spell,Produce Flame,PHB,269,true,,false,,4
data/spells/spells-phb.json,/spell/264,spell,Programmed Illusion,PHB,269,true,,false,,5
data/spells/spells-phb.json,/spell/265,spell,Project Image,PHB,270,true,,false,,5
data/spells/spells-phb.json,/spell/266,spell,Protection from Energy,PHB,270,true,,false,,2
data/spells/spells-phb.json,/spell/267,spell,Protection from Evil and Good,PHB,270,true,,false,,3
data/spells/spells-phb.json,/spell/268,spell,Protection from Poison,PHB,270,true,,false,,3
data/spells/spells-phb.json,/spell/269,spell,Purify Food and Drink,PHB,270,true,,false,,2
data/spells/spells-phb.json,/spell/270,spell,Raise Dead,PHB,270,true,,false,,5
data/spells/spells-phb.json,/spell/271,spell,Rary's Telepathic Bond,PHB,270,true,Telepathic Bond,false,,3
data/spells/spells-phb.json,/spell/272,spell,Ray of Enfeeblement,PHB,271,true,,false,,3
data/spells/spells-phb.json,/spell/273,spell,Ray of Frost,PHB,271,true,,false,,3
data/spells/spells-phb.json,/spell/275,spell,Regenerate,PHB,271,true,,false,,3
data/spells/spells-phb.json,/spell/276,spell,Reincarnate,PHB,271,true,,false,,21
data/spells/spells-phb.json,/spell/277,spell,Remove Curse,PHB,271,true,,false,,2
data/spells/spells-phb.json,/spell/278,spell,Resistance,PHB,272,true,,false,,2
data/spells/spells-phb.json,/spell/279,spell,Resurrection,PHB,272,true,,false,,6
data/spells/spells-phb.json,/spell/280,spell,Reverse Gravity,PHB,272,true,,false,,4
data/spells/spells-phb.json,/spell/281,spell,Revivify,PHB,272,true,,false,,2
data/spells/spells-phb.json,/spell/282,spell,Rope Trick,PHB,272,true,,false,,5
data/spells/spells-phb.json,/spell/283,spell,Sacred Flame,PHB,272,true,,false,,3
data/spells/spells-phb.json,/spell/284,spell,Sanctuary,PHB,272,true,,false,,3
data/spells/spells-phb.json,/spell/285,spell,Scorching Ray,PHB,273,true,,false,,5
data/spells/spells-phb.json,/spell/286,spell,Scrying,PHB,273,true,,false,,23
data/spells/spells-phb.json,/spell/288,spell,See Invisibility,PHB,274,true,,false,,2
data/spells/spells-phb.json,/spell/289,spell,Seeming,PHB,274,true,,false,,5
data/spells/spells-phb.json,/spell/290,spell,Sending,PHB,274,true,,false,,3
data/spells/spells-phb.json,/spell/291,spell,Sequester,PHB,274,true,,false,,4
data/spells/spells-phb.json,/spell/292,spell,Shapechange,PHB,274,true,,false,,7
data/spells/spells-phb.json,/spell/293,spell,Shatter,PHB,275,true,,false,,5
data/spells/spells-phb.json,/spell/294,spell,Shield,PHB,275,true,,false,,2
data/spells/spells-phb.json,/spell/295,spell,Shield of Faith,PHB,275,true,,false,,2
data/spells/spells-phb.json,/spell/296,spell,Shillelagh,PHB,275,true,,false,,2
data/spells/spells-phb.json,/spell/297,spell,Shocking Grasp,PHB,275,true,,false,,3
data/spells/spells-phb.json,/spell/298,spell,Silence,PHB,275,true,,false,,2
data/spells/spells-phb.json,/spell/299,spell,Silent Image,PHB,276,true,,false,,4
data/spells/spells-phb.json,/spell/300,spell,Simulacrum,PHB,276,true,,false,,5
data/spells/spells-phb.json,/spell/301,spell,Sleep,PHB,276,true,,false,,6
data/spells/spells-phb.json,/spell/302,spell,Sleet Storm,PHB,276,true,,false,,4
data/spells/spells-phb.json,/spell/303,spell,Slow,PHB,277,true,,false,,5
data/spells/spells-phb.json,/spell/304,spell,Spare the Dying,PHB,277,true,,false,,2
data/spells/spells-phb.json,/spell/305,spell,Speak with Animals,PHB,277,true,,false,,2
data/spells/spells-phb.json,/spell/306,spell,Speak with Dead,PHB,277,true,,false,,3
data/spells/spells-phb.json,/spell/307,spell,Speak with Plants,PHB,277,true,,false,,6
data/spells/spells-phb.json,/spell/308,spell,Spider Climb,PHB,277,true,,false,,2
data/spells/spells-phb.json,/spell/309,spell,Spike Growth,PHB,277,true,,false,,3
data/spells/spells-phb.json,/spell/310,spell,Spirit Guardians,PHB,278,true,,false,,5
data/spells/spells-phb.json,/spell/311,spell,Spiritual Weapon,PHB,278,true,,false,,6
data/spells/spells-phb.json,/spell/313,spell,Stinking Cloud,PHB,278,true,,false,,4
data/spells/spells-phb.json,/spell/314,spell,Stone Shape,PHB,278,true,,false,,2
data/spells/spells-phb.json,/spell/315,spell,Stoneskin,PHB,278,true,,false,,2
data/spells/spells-phb.json,/spell/316,spell,Storm of Vengeance,PHB,279,true,,false,,11
data/spells/spells-phb.json,/spell/317,spell,Suggestion,PHB,279,true,,false,,5
data/spells/spells-phb.json,/spell/318,spell,Sunbeam,PHB,279,true,,false,,4
data/spells/spells-phb.json,/spell/319,spell,Sunburst,PHB,279,true,,false,,4
data/spells/spells-phb.json,/spell/321,spell,Symbol,PHB,280,true,,false,,22
data/spells/spells-phb.json,/spell/322,spell,Tasha's Hideous Laughter,PHB,280,true,Hideous Laughter,false,,3
data/spells/spells-phb.json,/spell/323,spell,Telekinesis,PHB,280,true,,false,,9
data/spells/spells-phb.json,/spell/325,spell,Teleport,PHB,281,true,,false,,56
data/spells/spells-phb.json,/spell/326,spell,Teleportation Circle,PHB,282,true,,false,,4
data/spells/spells-phb.json,/spell/327,spell,Tenser's Floating Disk,PHB,282,true,Floating Disk,false,,4
data/spells/spells-phb.json,/spell/328,spell,Thaumaturgy,PHB,282,true,,false,,9
data/spells/spells-phb.json,/spell/331,spell,Thunderwave,PHB,282,true,,false,,5
data/spells/spells-phb.json,/spell/332,spell,Time Stop,PHB,283,true,,false,,3
data/spells/spells-phb.json,/spell/333,spell,Tongues,PHB,283,true,,false,,2
data/spells/spells-phb.json,/spell/334,spell,Transport via Plants,PHB,283,true,,false,,2
data/spells/spells-phb.json,/spell/335,spell,Tree Stride,PHB,283,true,,false,,3
data/spells/spells-phb.json,/spell/336,spell,True Polymorph,PHB,283,true,,false,,13
data/spells/spells-phb.json,/spell/337,spell,True Resurrection,PHB,284,true,,false,,4
data/spells/spells-phb.json,/spell/338,spell,True Seeing,PHB,284,true,,false,,2
data/spells/spells-phb.json,/spell/339,spell,True Strike,PHB,284,true,,false,,2
data/spells/spells-phb.json,/spell/341,spell,Unseen Servant,PHB,284,true,,false,,4
data/spells/spells-phb.json,/spell/342,spell,Vampiric Touch,PHB,285,true,,false,,4
data/spells/spells-phb.json,/spell/343,spell,Vicious Mockery,PHB,285,true,,false,,3
data/spells/spells-phb.json,/spell/344,spell,Wall of Fire,PHB,285,true,,false,,6
data/spells/spells-phb.json,/spell/345,spell,Wall of Force,PHB,285,true,,false,,3
data/spells/spells-phb.json,/spell/346,spell,Wall of Ice,PHB,285,true,,false,,6
data/spells/spells-phb.json,/spell/347,spell,Wall of Stone,PHB,287,true,,false,,7
data/spells/spells-phb.json,/spell/348,spell,Wall of Thorns,PHB,287,true,,false,,6
data/spells/spells-phb.json,/spell/349,spell,Warding Bond,PHB,287,true,,false,,3
data/spells/spells-phb.json,/spell/350,spell,Water Breathing,PHB,287,true,,false,,2
data/spells/spells-phb.json,/spell/351,spell,Water Walk,PHB,287,true,,false,,3
data/spells/spells-phb.json,/spell/352,spell,Web,PHB,287,true,,false,,6
data/spells/spells-phb.json,/spell/353,spell,Weird,PHB,288,true,,false,,2
data/spells/spells-phb.json,/spell/354,spell,Wind Walk,PHB,288,true,,false,,3
data/spells/spells-phb.json,/spell/355,spell,Wind Wall,PHB,288,true,,false,,4
data/spells/spells-phb.json,/spell/356,spell,Wish,PHB,288,true,,false,,10
data/spells/spells-phb.json,/spell/358,spell,Word of Recall,PHB,289,true,,false,,3
data/spells/spells-phb.json,/spell/360,spell,Zone of Truth,PHB,289,true,,false,,3
data/spells/spells-xphb.json,/spell/0,spell,Acid Splash,XPHB,239,false,,true,,4
data/spells/spells-xphb.json,/spell/1,spell,Aid,XPHB,239,false,,true,,4
data/spells/spells-xphb.json,/spell/2,spell,Alarm,XPHB,239,false,,true,,6
data/spells/spells-xphb.json,/spell/3,spell,Alter Self,XPHB,239,false,,true,,8
data/spells/spells-xphb.json,/spell/4,spell,Animal Friendship,XPHB,239,false,,true,,4
data/spells/spells-xphb.json,/spell/5,spell,Animal Messenger,XPHB,240,false,,true,,5
data/spells/spells-xphb.json,/spell/6,spell,Animal Shapes,XPHB,240,false,,true,,4
data/spells/spells-xphb.json,/spell/7,spell,Animate Dead,XPHB,240,false,,true,,6
data/spells/spells-xphb.json,/spell/8,spell,Animate Objects,XPHB,240,false,,true,,6
data/spells/spells-xphb.json,/spell/9,spell,Antilife Shell,XPHB,241,false,,true,,3
data/spells/spells-xphb.json,/spell/10,spell,Antimagic Field,XPHB,241,false,,true,,5
data/spells/spells-xphb.json,/spell/11,spell,Antipathy/Sympathy,XPHB,242,false,,true,,8
data/spells/spells-xphb.json,/spell/12,spell,Arcane Eye,XPHB,242,false,,true,,3
data/spells/spells-xphb.json,/spell/14,spell,Arcane Lock,XPHB,242,false,,true,,2
data/spells/spells-xphb.json,/spell/18,spell,Astral Projection,XPHB,243,false,,true,,6
data/spells/spells-xphb.json,/spell/19,spell,Augury,XPHB,244,false,,true,,15
data/spells/spells-xphb.json,/spell/20,spell,Aura of Life,XPHB,244,false,,true,,2
data/spells/spells-xphb.json,/spell/23,spell,Awaken,XPHB,244,false,,true,,3
data/spells/spells-xphb.json,/spell/24,spell,Bane,XPHB,245,false,,true,,4
data/spells/spells-xphb.json,/spell/26,spell,Banishment,XPHB,245,false,,true,,5
data/spells/spells-xphb.json,/spell/27,spell,Barkskin,XPHB,245,false,,true,,2
data/spells/spells-xphb.json,/spell/28,spell,Beacon of Hope,XPHB,245,false,,true,,2
data/spells/spells-xphb.json,/spell/30,spell,Befuddlement,XPHB,245,false,,true,,4
data/spells/spells-xphb.json,/spell/31,spell,Bestow Curse,XPHB,246,false,,true,,8
data/spells/spells-xphb.json,/spell/32,spell,Bigby's Hand,XPHB,246,false,,true,Arcane Hand,14
data/spells/spells-xphb.json,/spell/33,spell,Blade Barrier,XPHB,247,false,,true,,3
data/spells/spells-xphb.json,/spell/35,spell,Bless,XPHB,247,false,,true,,4
data/spells/spells-xphb.json,/spell/36,spell,Blight,XPHB,247,false,,true,,5
data/spells/spells-xphb.json,/spell/38,spell,Blindness/Deafness,XPHB,248,false,,true,,4
data/spells/spells-xphb.json,/spell/39,spell,Blink,XPHB,248,false,,true,,3
data/spells/spells-xphb.json,/spell/40,spell,Blur,XPHB,248,false,,true,,2
data/spells/spells-xphb.json,/spell/41,spell,Burning Hands,XPHB,248,false,,true,,5
data/spells/spells-xphb.json,/spell/42,spell,Call Lightning,XPHB,248,false,,true,,7
data/spells/spells-xphb.json,/spell/43,spell,Calm Emotions,XPHB,249,false,,true,,4
data/spells/spells-xphb.json,/spell/44,spell,Chain Lightning,XPHB,249,false,,true,,5
data/spells/spells-xphb.json,/spell/45,spell,Charm Monster,XPHB,249,false,,true,,4
data/spells/spells-xphb.json,/spell/46,spell,Charm Person,XPHB,249,false,,true,,4
data/spells/spells-xphb.json,/spell/47,spell,Chill Touch,XPHB,249,false,,true,,4
data/spells/spells-xphb.json,/spell/48,spell,Chromatic Orb,XPHB,249,false,,true,,5
data/spells/spells-xphb.json,/spell/49,spell,Circle of Death,XPHB,250,false,,true,,4
data/spells/spells-xphb.json,/spell/51,spell,Clairvoyance,XPHB,250,false,,true,,4
data/spells/spells-xphb.json,/spell/52,spell,Clone,XPHB,251,false,,true,,3
data/spells/spells-xphb.json,/spell/54,spell,Cloudkill,XPHB,251,false,,true,,6
data/spells/spells-xphb.json,/spell/55,spell,Color Spray,XPHB,251,false,,true,,2
data/spells/spells-xphb.json,/spell/56,spell,Command,XPHB,251,false,,true,,14
data/spells/spells-xphb.json,/spell/57,spell,Commune,XPHB,251,false,,true,,4
data/spells/spells-xphb.json,/spell/58,spell,Commune with Nature,XPHB,252,false,,true,,9
data/spells/spells-xphb.json,/spell/60,spell,Comprehend Languages,XPHB,252,false,,true,,2
data/spells/spells-xphb.json,/spell/61,spell,Compulsion,XPHB,252,false,,true,,3
data/spells/spells-xphb.json,/spell/62,spell,Cone of Cold,XPHB,253,false,,true,,4
data/spells/spells-xphb.json,/spell/63,spell,Confusion,XPHB,253,false,,true,,15
data/spells/spells-xphb.json,/spell/64,spell,Conjure Animals,XPHB,254,false,,true,,6
data/spells/spells-xphb.json,/spell/66,spell,Conjure Celestial,XPHB,254,false,,true,,10
data/spells/spells-xphb.json,/spell/67,spell,Conjure Elemental,XPHB,254,false,,true,,5
data/spells/spells-xphb.json,/spell/68,spell,Conjure Fey,XPHB,255,false,,true,,5
data/spells/spells-xphb.json,/spell/69,spell,Conjure Minor Elementals,XPHB,255,false,,true,,5
data/spells/spells-xphb.json,/spell/71,spell,Conjure Woodland Beings,XPHB,255,false,,true,,5
data/spells/spells-xphb.json,/spell/72,spell,Contact Other Plane,XPHB,255,false,,true,,3
data/spells/spells-xphb.json,/spell/73,spell,Contagion,XPHB,256,false,,true,,4
data/spells/spells-xphb.json,/spell/74,spell,Contingency,XPHB,256,false,,true,,4
data/spells/spells-xphb.json,/spell/75,spell,Continual Flame,XPHB,256,false,,true,,2
data/spells/spells-xphb.json,/spell/76,spell,Control Water,XPHB,256,false,,true,,11
data/spells/spells-xphb.json,/spell/77,spell,Control Weather,XPHB,257,false,,true,,45
data/spells/spells-xphb.json,/spell/79,spell,Counterspell,XPHB,258,false,,true,,2
data/spells/spells-xphb.json,/spell/80,spell,Create Food and Water,XPHB,258,false,,true,,2
data/spells/spells-xphb.json,/spell/81,spell,Create or Destroy Water,XPHB,258,false,,true,,8
data/spells/spells-xphb.json,/spell/82,spell,Create Undead,XPHB,258,false,,true,,6
data/spells/spells-xphb.json,/spell/83,spell,Creation,XPHB,259,false,,true,,18
data/spells/spells-xphb.json,/spell/86,spell,Cure Wounds,XPHB,259,false,,true,,4
data/spells/spells-xphb.json,/spell/87,spell,Dancing Lights,XPHB,259,false,,true,,3
data/spells/spells-xphb.json,/spell/88,spell,Darkness,XPHB,260,false,,true,,4
data/spells/spells-xphb.json,/spell/89,spell,Darkvision,XPHB,260,false,,true,,2
data/spells/spells-xphb.json,/spell/90,spell,Daylight,XPHB,260,false,,true,,4
data/spells/spells-xphb.json,/spell/91,spell,Death Ward,XPHB,261,false,,true,,3
data/spells/spells-xphb.json,/spell/92,spell,Delayed Blast Fireball,XPHB,261,false,,true,,7
data/spells/spells-xphb.json,/spell/93,spell,Demiplane,XPHB,261,false,,true,,4
data/spells/spells-xphb.json,/spell/95,spell,Detect Evil and Good,XPHB,261,false,,true,,3
data/spells/spells-xphb.json,/spell/96,spell,Detect Magic,XPHB,262,false,,true,,3
data/spells/spells-xphb.json,/spell/97,spell,Detect Poison and Disease,XPHB,262,false,,true,,3
data/spells/spells-xphb.json,/spell/98,spell,Detect Thoughts,XPHB,262,false,,true,,8
data/spells/spells-xphb.json,/spell/99,spell,Dimension Door,XPHB,262,false,,true,,4
data/spells/spells-xphb.json,/spell/100,spell,Disguise Self,XPHB,262,false,,true,,4
data/spells/spells-xphb.json,/spell/101,spell,Disintegrate,XPHB,263,false,,true,,6
data/spells/spells-xphb.json,/spell/102,spell,Dispel Evil and Good,XPHB,263,false,,true,,6
data/spells/spells-xphb.json,/spell/103,spell,Dispel Magic,XPHB,264,false,,true,,4
data/spells/spells-xphb.json,/spell/104,spell,Dissonant Whispers,XPHB,264,false,,true,,4
data/spells/spells-xphb.json,/spell/105,spell,Divination,XPHB,264,false,,true,,3
data/spells/spells-xphb.json,/spell/106,spell,Divine Favor,XPHB,265,false,,true,,2
data/spells/spells-xphb.json,/spell/107,spell,Divine Smite,XPHB,265,false,,true,,4
data/spells/spells-xphb.json,/spell/108,spell,Divine Word,XPHB,265,false,,true,,13
data/spells/spells-xphb.json,/spell/109,spell,Dominate Beast,XPHB,265,false,,true,,6
data/spells/spells-xphb.json,/spell/110,spell,Dominate Monster,XPHB,265,false,,true,,6
data/spells/spells-xphb.json,/spell/111,spell,Dominate Person,XPHB,266,false,,true,,6
data/spells/spells-xphb.json,/spell/112,spell,Dragon's Breath,XPHB,266,false,,true,,4
data/spells/spells-xphb.json,/spell/113,spell,Drawmij's Instant Summons,XPHB,266,false,,true,Instant Summons,4
data/spells/spells-xphb.json,/spell/114,spell,Dream,XPHB,266,false,,true,,5
data/spells/spells-xphb.json,/spell/115,spell,Druidcraft,XPHB,266,false,,true,,10
data/spells/spells-xphb.json,/spell/116,spell,Earthquake,XPHB,267,false,,true,,9
data/spells/spells-xphb.json,/spell/117,spell,Eldritch Blast,XPHB,267,false,,true,,4
data/spells/spells-xphb.json,/spell/119,spell,Elementalism,XPHB,267,false,,true,,12
data/spells/spells-xphb.json,/spell/120,spell,Enhance Ability,XPHB,268,false,,true,,4
data/spells/spells-xphb.json,/spell/121,spell,Enlarge/Reduce,XPHB,268,false,,true,,7
data/spells/spells-xphb.json,/spell/122,spell,Ensnaring Strike,XPHB,268,false,,true,,5
data/spells/spells-xphb.json,/spell/123,spell,Entangle,XPHB,268,false,,true,,3
data/spells/spells-xphb.json,/spell/124,spell,Enthrall,XPHB,269,false,,true,,2
data/spells/spells-xphb.json,/spell/125,spell,Etherealness,XPHB,269,false,,true,,7
data/spells/spells-xphb.json,/spell/126,spell,Evard's Black Tentacles,XPHB,270,false,,true,Black Tentacles,4
data/spells/spells-xphb.json,/spell/127,spell,Expeditious Retreat,XPHB,270,false,,true,,2
data/spells/spells-xphb.json,/spell/128,spell,Eyebite,XPHB,270,false,,true,,9
data/spells/spells-xphb.json,/spell/129,spell,Fabricate,XPHB,271,false,,true,,4
data/spells/spells-xphb.json,/spell/130,spell,Faerie Fire,XPHB,271,false,,true,,3
data/spells/spells-xphb.json,/spell/131,spell,False Life,XPHB,271,false,,true,,4
data/spells/spells-xphb.json,/spell/132,spell,Fear,XPHB,271,false,,true,,3
data/spells/spells-xphb.json,/spell/133,spell,Feather Fall,XPHB,271,false,,true,,2
data/spells/spells-xphb.json,/spell/135,spell,Find Familiar,XPHB,272,false,,true,,11
data/spells/spells-xphb.json,/spell/136,spell,Find Steed,XPHB,272,false,,true,,9
data/spells/spells-xphb.json,/spell/137,spell,Find the Path,XPHB,273,false,,true,,3
data/spells/spells-xphb.json,/spell/138,spell,Find Traps,XPHB,273,false,,true,,3
data/spells/spells-xphb.json,/spell/139,spell,Finger of Death,XPHB,273,false,,true,,3
data/spells/spells-xphb.json,/spell/140,spell,Fire Bolt,XPHB,274,false,,true,,4
data/spells/spells-xphb.json,/spell/141,spell,Fire Shield,XPHB,274,false,,true,,4
data/spells/spells-xphb.json,/spell/142,spell,Fire Storm,XPHB,275,false,,true,,3
data/spells/spells-xphb.json,/spell/143,spell,Fireball,XPHB,274,false,,true,,5
data/spells/spells-xphb.json,/spell/144,spell,Flame Blade,XPHB,275,false,,true,,6
data/spells/spells-xphb.json,/spell/145,spell,Flame Strike,XPHB,275,false,,true,,4
data/spells/spells-xphb.json,/spell/146,spell,Flaming Sphere,XPHB,275,false,,true,,6
data/spells/spells-xphb.json,/spell/147,spell,Flesh to Stone,XPHB,275,false,,true,,4
data/spells/spells-xphb.json,/spell/148,spell,Fly,XPHB,276,false,,true,,4
data/spells/spells-xphb.json,/spell/149,spell,Fog Cloud,XPHB,276,false,,true,,4
data/spells/spells-xphb.json,/spell/150,spell,Forbiddance,XPHB,276,false,,true,,5
data/spells/spells-xphb.json,/spell/151,spell,Forcecage,XPHB,276,false,,true,,6
data/spells/spells-xphb.json,/spell/152,spell,Foresight,XPHB,276,false,,true,,2
data/spells/spells-xphb.json,/spell/154,spell,Freedom of Movement,XPHB,277,false,,true,,5
data/spells/spells-xphb.json,/spell/156,spell,Gaseous Form,XPHB,277,false,,true,,6
data/spells/spells-xphb.json,/spell/157,spell,Gate,XPHB,277,false,,true,,5
data/spells/spells-xphb.json,/spell/158,spell,Geas,XPHB,278,false,,true,,7
data/spells/spells-xphb.json,/spell/159,spell,Gentle Repose,XPHB,278,false,,true,,3
data/spells/spells-xphb.json,/spell/160,spell,Giant Insect,XPHB,279,false,,true,,5
data/spells/spells-xphb.json,/spell/161,spell,Glibness,XPHB,279,false,,true,,2
data/spells/spells-xphb.json,/spell/162,spell,Globe of Invulnerability,XPHB,279,false,,true,,5
data/spells/spells-xphb.json,/spell/163,spell,Glyph of Warding,XPHB,279,false,,true,,14
data/spells/spells-xphb.json,/spell/164,spell,Goodberry,XPHB,280,false,,true,,3
data/spells/spells-xphb.json,/spell/166,spell,Grease,XPHB,280,false,,true,,3
data/spells/spells-xphb.json,/spell/167,spell,Greater Invisibility,XPHB,281,false,,true,,2
data/spells/spells-xphb.json,/spell/168,spell,Greater Restoration,XPHB,281,false,,true,,7
data/spells/spells-xphb.json,/spell/169,spell,Guardian of Faith,XPHB,281,false,,true,,3
data/spells/spells-xphb.json,/spell/170,spell,Guards and Wards,XPHB,282,false,,true,,17
data/spells/spells-xphb.json,/spell/171,spell,Guidance,XPHB,282,false,,true,,2
data/spells/spells-xphb.json,/spell/172,spell,Guiding Bolt,XPHB,282,false,,true,,4
data/spells/spells-xphb.json,/spell/173,spell,Gust of Wind,XPHB,282,false,,true,,5
data/spells/spells-xphb.json,/spell/175,spell,Hallow,XPHB,283,false,,true,,26
data/spells/spells-xphb.json,/spell/176,spell,Hallucinatory Terrain,XPHB,283,false,,true,,3
data/spells/spells-xphb.json,/spell/177,spell,Harm,XPHB,283,false,,true,,2
data/spells/spells-xphb.json,/spell/178,spell,Haste,XPHB,284,false,,true,,3
data/spells/spells-xphb.json,/spell/179,spell,Heal,XPHB,284,false,,true,,4
data/spells/spells-xphb.json,/spell/180,spell,Healing Word,XPHB,284,false,,true,,4
data/spells/spells-xphb.json,/spell/181,spell,Heat Metal,XPHB,284,false,,true,,5
data/spells/spells-xphb.json,/spell/182,spell,Hellish Rebuke,XPHB,284,false,,true,,4
data/spells/spells-xphb.json,/spell/183,spell,Heroes' Feast,XPHB,284,false,,true,,3
data/spells/spells-xphb.json,/spell/184,spell,Heroism,XPHB,285,false,,true,,4
data/spells/spells-xphb.json,/spell/185,spell,Hex,XPHB,285,false,,true,,5
data/spells/spells-xphb.json,/spell/186,spell,Hold Monster,XPHB,285,false,,true,,4
data/spells/spells-xphb.json,/spell/187,spell,Hold Person,XPHB,286,false,,true,,4
data/spells/spells-xphb.json,/spell/188,spell,Holy Aura,XPHB,286,false,,true,,2
data/spells/spells-xphb.json,/spell/190,spell,Hunter's Mark,XPHB,287,false,,true,,5
data/spells/spells-xphb.json,/spell/191,spell,Hypnotic Pattern,XPHB,287,false,,true,,3
data/spells/spells-xphb.json,/spell/192,spell,Ice Knife,XPHB,287,false,,true,,4
data/spells/spells-xphb.json,/spell/193,spell,Ice Storm,XPHB,287,false,,true,,5
data/spells/spells-xphb.json,/spell/194,spell,Identify,XPHB,287,false,,true,,3
data/spells/spells-xphb.json,/spell/195,spell,Illusory Script,XPHB,288,false,,true,,4
data/spells/spells-xphb.json,/spell/196,spell,Imprisonment,XPHB,288,false,,true,,16
data/spells/spells-xphb.json,/spell/197,spell,Incendiary Cloud,XPHB,288,false,,true,,4
data/spells/spells-xphb.json,/spell/198,spell,Inflict Wounds,XPHB,288,false,,true,,4
data/spells/spells-xphb.json,/spell/199,spell,Insect Plague,XPHB,289,false,,true,,5
data/spells/spells-xphb.json,/spell/200,spell,Invisibility,XPHB,289,false,,true,,4
data/spells/spells-xphb.json,/spell/202,spell,Jump,XPHB,290,false,,true,,4
data/spells/spells-xphb.json,/spell/203,spell,Knock,XPHB,290,false,,true,,5
data/spells/spells-xphb.json,/spell/204,spell,Legend Lore,XPHB,290,false,,true,,4
data/spells/spells-xphb.json,/spell/205,spell,Leomund's Secret Chest,XPHB,290,false,,true,Secret Chest,4
data/spells/spells-xphb.json,/spell/206,spell,Leomund's Tiny Hut,XPHB,291,false,,true,Tiny Hut,5
data/spells/spells-xphb.json,/spell/207,spell,Lesser Restoration,XPHB,291,false,,true,,2
data/spells/spells-xphb.json,/spell/208,spell,Levitate,XPHB,291,false,,true,,4
data/spells/spells-xphb.json,/spell/209,spell,Light,XPHB,292,false,,true,,3
data/spells/spells-xphb.json,/spell/211,spell,Lightning Bolt,XPHB,292,false,,true,,4
data/spells/spells-xphb.json,/spell/212,spell,Locate Animals or Plants,XPHB,292,false,,true,,2
data/spells/spells-xphb.json,/spell/213,spell,Locate Creature,XPHB,292,false,,true,,4
data/spells/spells-xphb.json,/spell/214,spell,Locate Object,XPHB,293,false,,true,,4
data/spells/spells-xphb.json,/spell/215,spell,Longstrider,XPHB,293,false,,true,,4
data/spells/spells-xphb.json,/spell/216,spell,Mage Armor,XPHB,293,false,,true,,2
data/spells/spells-xphb.json,/spell/217,spell,Mage Hand,XPHB,293,false,,true,,5
data/spells/spells-xphb.json,/spell/218,spell,Magic Circle,XPHB,293,false,,true,,9
data/spells/spells-xphb.json,/spell/219,spell,Magic Jar,XPHB,294,false,,true,,8
data/spells/spells-xphb.json,/spell/220,spell,Magic Missile,XPHB,295,false,,true,,4
data/spells/spells-xphb.json,/spell/221,spell,Magic Mouth,XPHB,295,false,,true,,4
data/spells/spells-xphb.json,/spell/222,spell,Magic Weapon,XPHB,295,false,,true,,4
data/spells/spells-xphb.json,/spell/223,spell,Major Image,XPHB,295,false,,true,,6
data/spells/spells-xphb.json,/spell/224,spell,Mass Cure Wounds,XPHB,296,false,,true,,4
data/spells/spells-xphb.json,/spell/225,spell,Mass Heal,XPHB,296,false,,true,,2
data/spells/spells-xphb.json,/spell/226,spell,Mass Healing Word,XPHB,296,false,,true,,4
data/spells/spells-xphb.json,/spell/227,spell,Mass Suggestion,XPHB,296,false,,true,,5
data/spells/spells-xphb.json,/spell/228,spell,Maze,XPHB,296,false,,true,,4
data/spells/spells-xphb.json,/spell/229,spell,Meld into Stone,XPHB,296,false,,true,,4
data/spells/spells-xphb.json,/spell/230,spell,Melf's Acid Arrow,XPHB,297,false,,true,Acid Arrow,4
data/spells/spells-xphb.json,/spell/231,spell,Mending,XPHB,297,false,,true,,3
data/spells/spells-xphb.json,/spell/232,spell,Message,XPHB,298,false,,true,,3
data/spells/spells-xphb.json,/spell/233,spell,Meteor Swarm,XPHB,298,false,,true,,3
data/spells/spells-xphb.json,/spell/234,spell,Mind Blank,XPHB,298,false,,true,,2
data/spells/spells-xphb.json,/spell/236,spell,Mind Spike,XPHB,298,false,,true,,4
data/spells/spells-xphb.json,/spell/237,spell,Minor Illusion,XPHB,298,false,,true,,7
data/spells/spells-xphb.json,/spell/238,spell,Mirage Arcane,XPHB,299,false,,true,,5
data/spells/spells-xphb.json,/spell/239,spell,Mirror Image,XPHB,299,false,,true,,4
data/spells/spells-xphb.json,/spell/240,spell,Mislead,XPHB,299,false,,true,,4
data/spells/spells-xphb.json,/spell/241,spell,Misty Step,XPHB,299,false,,true,,2
data/spells/spells-xphb.json,/spell/242,spell,Modify Memory,XPHB,299,false,,true,,8
data/spells/spells-xphb.json,/spell/243,spell,Moonbeam,XPHB,300,false,,true,,5
data/spells/spells-xphb.json,/spell/244,spell,Mordenkainen's Faithful Hound,XPHB,300,false,,true,Faithful Hound,5
data/spells/spells-xphb.json,/spell/245,spell,Mordenkainen's Magnificent Mansion,XPHB,300,false,,true,Magnificent Mansion,6
data/spells/spells-xphb.json,/spell/246,spell,Mordenkainen's Private Sanctum,XPHB,301,false,,true,Private Sanctum,12
data/spells/spells-xphb.json,/spell/247,spell,Mordenkainen's Sword,XPHB,302,false,,true,Arcane Sword,4
data/spells/spells-xphb.json,/spell/248,spell,Move Earth,XPHB,302,false,,true,,5
data/spells/spells-xphb.json,/spell/249,spell,Nondetection,XPHB,302,false,,true,,2
data/spells/spells-xphb.json,/spell/250,spell,Nystul's Magic Aura,XPHB,302,false,,true,Arcanist's Magic Aura,6
data/spells/spells-xphb.json,/spell/251,spell,Otiluke's Freezing Sphere,XPHB,302,false,,true,Freezing Sphere,6
data/spells/spells-xphb.json,/spell/252,spell,Otiluke's Resilient Sphere,XPHB,303,false,,true,Resilient Sphere,5
data/spells/spells-xphb.json,/spell/253,spell,Otto's Irresistible Dance,XPHB,303,false,,true,Irresistible Dance,3
data/spells/spells-xphb.json,/spell/254,spell,Pass without Trace,XPHB,303,false,,true,,2
data/spells/spells-xphb.json,/spell/255,spell,Passwall,XPHB,304,false,,true,,3
data/spells/spells-xphb.json,/spell/256,spell,Phantasmal Force,XPHB,304,false,,true,,5
data/spells/spells-xphb.json,/spell/257,spell,Phantasmal Killer,XPHB,304,false,,true,,5
data/spells/spells-xphb.json,/spell/258,spell,Phantom Steed,XPHB,304,false,,true,,3
data/spells/spells-xphb.json,/spell/259,spell,Planar Ally,XPHB,304,false,,true,,6
data/spells/spells-xphb.json,/spell/260,spell,Planar Binding,XPHB,305,false,,true,,5
data/spells/spells-xphb.json,/spell/261,spell,Plane Shift,XPHB,305,false,,true,,3
data/spells/spells-xphb.json,/spell/262,spell,Plant Growth,XPHB,305,false,,true,,6
data/spells/spells-xphb.json,/spell/263,spell,Poison Spray,XPHB,306,false,,true,,4
data/spells/spells-xphb.json,/spell/264,spell,Polymorph,XPHB,306,false,,true,,5
data/spells/spells-xphb.json,/spell/266,spell,Power Word Heal,XPHB,306,false,,true,,2
data/spells/spells-xphb.json,/spell/267,spell,Power Word Kill,XPHB,306,false,,true,,2
data/spells/spells-xphb.json,/spell/268,spell,Power Word Stun,XPHB,306,false,,true,,3
data/spells/spells-xphb.json,/spell/269,spell,Prayer of Healing,XPHB,307,false,,true,,4
data/spells/spells-xphb.json,/spell/270,spell,Prestidigitation,XPHB,307,false,,true,,14
data/spells/spells-xphb.json,/spell/271,spell,Prismatic Spray,XPHB,307,false,,true,,21
data/spells/spells-xphb.json,/spell/272,spell,Prismatic Wall,XPHB,308,false,,true,,22
data/spells/spells-xphb.json,/spell/273,spell,Produce Flame,XPHB,308,false,,true,,5
data/spells/spells-xphb.json,/spell/274,spell,Programmed Illusion,XPHB,309,false,,true,,5
data/spells/spells-xphb.json,/spell/275,spell,Project Image,XPHB,309,false,,true,,4
data/spells/spells-xphb.json,/spell/276,spell,Protection from Energy,XPHB,309,false,,true,,2
data/spells/spells-xphb.json,/spell/277,spell,Protection from Evil and Good,XPHB,309,false,,true,,2
data/spells/spells-xphb.json,/spell/278,spell,Protection from Poison,XPHB,310,false,,true,,2
data/spells/spells-xphb.json,/spell/279,spell,Purify Food and Drink,XPHB,310,false,,true,,2
data/spells/spells-xphb.json,/spell/280,spell,Raise Dead,XPHB,310,false,,true,,5
data/spells/spells-xphb.json,/spell/281,spell,Rary's Telepathic Bond,XPHB,311,false,,true,Telepathic Bond,3
data/spells/spells-xphb.json,/spell/282,spell,Ray of Enfeeblement,XPHB,311,false,,true,,3
data/spells/spells-xphb.json,/spell/283,spell,Ray of Frost,XPHB,311,false,,true,,4
data/spells/spells-xphb.json,/spell/284,spell,Ray of Sickness,XPHB,311,false,,true,,4
data/spells/spells-xphb.json,/spell/285,spell,Regenerate,XPHB,311,false,,true,,2
data/spells/spells-xphb.json,/spell/286,spell,Reincarnate,XPHB,311,false,,true,,25
data/spells/spells-xphb.json,/spell/287,spell,Remove Curse,XPHB,312,false,,true,,2
data/spells/spells-xphb.json,/spell/288,spell,Resistance,XPHB,312,false,,true,,2
data/spells/spells-xphb.json,/spell/289,spell,Resurrection,XPHB,312,false,,true,,5
data/spells/spells-xphb.json,/spell/290,spell,Reverse Gravity,XPHB,312,false,,true,,3
data/spells/spells-xphb.json,/spell/291,spell,Revivify,XPHB,312,false,,true,,2
data/spells/spells-xphb.json,/spell/292,spell,Rope Trick,XPHB,312,false,,true,,3
data/spells/spells-xphb.json,/spell/293,spell,Sacred Flame,XPHB,313,false,,true,,4
data/spells/spells-xphb.json,/spell/294,spell,Sanctuary,XPHB,313,false,,true,,3
data/spells/spells-xphb.json,/spell/295,spell,Scorching Ray,XPHB,313,false,,true,,4
data/spells/spells-xphb.json,/spell/296,spell,Scrying,XPHB,313,false,,true,,21
data/spells/spells-xphb.json,/spell/297,spell,Searing Smite,XPHB,314,false,,true,,4
data/spells/spells-xphb.json,/spell/298,spell,See Invisibility,XPHB,314,false,,true,,2
data/spells/spells-xphb.json,/spell/299,spell,Seeming,XPHB,314,false,,true,,5
data/spells/spells-xphb.json,/spell/300,spell,Sending,XPHB,314,false,,true,,4
data/spells/spells-xphb.json,/spell/301,spell,Sequester,XPHB,315,false,,true,,4
data/spells/spells-xphb.json,/spell/302,spell,Shapechange,XPHB,315,false,,true,,5
data/spells/spells-xphb.json,/spell/303,spell,Shatter,XPHB,316,false,,true,,5
data/spells/spells-xphb.json,/spell/304,spell,Shield,XPHB,316,false,,true,,2
data/spells/spells-xphb.json,/spell/305,spell,Shield of Faith,XPHB,316,false,,true,,2
data/spells/spells-xphb.json,/spell/306,spell,Shillelagh,XPHB,316,false,,true,,5
data/spells/spells-xphb.json,/spell/307,spell,Shining Smite,XPHB,316,false,,true,,4
data/spells/spells-xphb.json,/spell/308,spell,Shocking Grasp,XPHB,316,false,,true,,4
data/spells/spells-xphb.json,/spell/309,spell,Silence,XPHB,316,false,,true,,2
data/spells/spells-xphb.json,/spell/310,spell,Silent Image,XPHB,317,false,,true,,4
data/spells/spells-xphb.json,/spell/311,spell,Simulacrum,XPHB,317,false,,true,,5
data/spells/spells-xphb.json,/spell/312,spell,Sleep,XPHB,317,false,,true,,3
data/spells/spells-xphb.json,/spell/313,spell,Sleet Storm,XPHB,317,false,,true,,3
data/spells/spells-xphb.json,/spell/314,spell,Slow,XPHB,318,false,,true,,4
data/spells/spells-xphb.json,/spell/315,spell,Sorcerous Burst,XPHB,318,false,,true,,5
data/spells/spells-xphb.json,/spell/316,spell,Spare the Dying,XPHB,318,false,,true,,4
data/spells/spells-xphb.json,/spell/317,spell,Speak with Animals,XPHB,318,false,,true,,3
data/spells/spells-xphb.json,/spell/318,spell,Speak with Dead,XPHB,318,false,,true,,3
data/spells/spells-xphb.json,/spell/319,spell,Speak with Plants,XPHB,319,false,,true,,5
data/spells/spells-xphb.json,/spell/320,spell,Spider Climb,XPHB,319,false,,true,,4
data/spells/spells-xphb.json,/spell/321,spell,Spike Growth,XPHB,319,false,,true,,3
data/spells/spells-xphb.json,/spell/322,spell,Spirit Guardians,XPHB,319,false,,true,,5
data/spells/spells-xphb.json,/spell/323,spell,Spiritual Weapon,XPHB,319,false,,true,,5
data/spells/spells-xphb.json,/spell/325,spell,Starry Wisp,XPHB,320,false,,true,,4
data/spells/spells-xphb.json,/spell/327,spell,Stinking Cloud,XPHB,321,false,,true,,3
data/spells/spells-xphb.json,/spell/328,spell,Stone Shape,XPHB,321,false,,true,,2
data/spells/spells-xphb.json,/spell/329,spell,Stoneskin,XPHB,321,false,,true,,2
data/spells/spells-xphb.json,/spell/330,spell,Storm of Vengeance,XPHB,321,false,,true,,11
data/spells/spells-xphb.json,/spell/331,spell,Suggestion,XPHB,321,false,,true,,3
data/spells/spells-xphb.json,/spell/336,spell,Summon Dragon,XPHB,324,false,,true,,5
data/spells/spells-xphb.json,/spell/341,spell,Sunbeam,XPHB,329,false,,true,,4
data/spells/spells-xphb.json,/spell/342,spell,Sunburst,XPHB,329,false,,true,,4
data/spells/spells-xphb.json,/spell/344,spell,Symbol,XPHB,329,false,,true,,20
data/spells/spells-xphb.json,/spell/347,spell,Tasha's Hideous Laughter,XPHB,331,false,,true,Hideous Laughter,5
data/spells/spells-xphb.json,/spell/348,spell,Telekinesis,XPHB,331,false,,true,,8
data/spells/spells-xphb.json,/spell/350,spell,Teleport,XPHB,331,false,,true,,55
data/spells/spells-xphb.json,/spell/351,spell,Teleportation Circle,XPHB,332,false,,true,,5
data/spells/spells-xphb.json,/spell/352,spell,Tenser's Floating Disk,XPHB,332,false,,true,Floating Disk,4
data/spells/spells-xphb.json,/spell/353,spell,Thaumaturgy,XPHB,333,false,,true,,14
data/spells/spells-xphb.json,/spell/357,spell,Thunderwave,XPHB,334,false,,true,,5
data/spells/spells-xphb.json,/spell/358,spell,Time Stop,XPHB,334,false,,true,,3
data/spells/spells-xphb.json,/spell/360,spell,Tongues,XPHB,334,false,,true,,2
data/spells/spells-xphb.json,/spell/361,spell,Transport via Plants,XPHB,334,false,,true,,2
data/spells/spells-xphb.json,/spell/362,spell,Tree Stride,XPHB,335,false,,true,,3
data/spells/spells-xphb.json,/spell/363,spell,True Polymorph,XPHB,335,false,,true,,13
data/spells/spells-xphb.json,/spell/364,spell,True Resurrection,XPHB,336,false,,true,,4
data/spells/spells-xphb.json,/spell/365,spell,True Seeing,XPHB,336,false,,true,,2
data/spells/spells-xphb.json,/spell/366,spell,True Strike,XPHB,336,false,,true,,4
data/spells/spells-xphb.json,/spell/367,spell,Tsunami,XPHB,336,false,,true,,5
data/spells/spells-xphb.json,/spell/368,spell,Unseen Servant,XPHB,336,false,,true,,4
data/spells/spells-xphb.json,/spell/369,spell,Vampiric Touch,XPHB,337,false,,true,,5
data/spells/spells-xphb.json,/spell/370,spell,Vicious Mockery,XPHB,337,false,,true,,4
data/spells/spells-xphb.json,/spell/371,spell,Vitriolic Sphere,XPHB,337,false,,true,,4
data/spells/spells-xphb.json,/spell/372,spell,Wall of Fire,XPHB,338,false,,true,,6
data/spells/spells-xphb.json,/spell/373,spell,Wall of Force,XPHB,338,false,,true,,3
data/spells/spells-xphb.json,/spell/374,spell,Wall of Ice,XPHB,339,false,,true,,7
data/spells/spells-xphb.json,/spell/375,spell,Wall of Stone,XPHB,339,false,,true,,7
data/spells/spells-xphb.json,/spell/376,spell,Wall of Thorns,XPHB,339,false,,true,,6
data/spells/spells-xphb.json,/spell/377,spell,Warding Bond,XPHB,340,false,,true,,3
data/spells/spells-xphb.json,/spell/378,spell,Water Breathing,XPHB,340,false,,true,,2
data/spells/spells-xphb.json,/spell/379,spell,Water Walk,XPHB,340,false,,true,,3
data/spells/spells-xphb.json,/spell/380,spell,Web,XPHB,340,false,,true,,6
data/spells/spells-xphb.json,/spell/381,spell,Weird,XPHB,341,false,,true,,3
data/spells/spells-xphb.json,/spell/382,spell,Wind Walk,XPHB,341,false,,true,,3
data/spells/spells-xphb.json,/spell/383,spell,Wind Wall,XPHB,341,false,,true,,4
data/spells/spells-xphb.json,/spell/384,spell,Wish,XPHB,341,false,,true,,19
data/spells/spells-xphb.json,/spell/387,spell,Word of Recall,XPHB,343,false,,true,,3
data/spells/spells-xphb.json,/spell/390,spell,Zone of Truth,XPHB,343,false,,true,,3
data/tables.json,/table/6,table,Damage Types,PHB,196,true,,false,,27
data/trapshazards.json,/trap/2,trap,Collapsing Roof,DMG,122,true,,false,,6
data/trapshazards.json,/trap/3,trap,Collapsing Roof,XDMG,100,false,,true,,19
data/trapshazards.json,/trap/8,trap,Falling Net,DMG,122,true,,false,,6
data/trapshazards.json,/trap/9,trap,Falling Net,XDMG,100,false,,true,,11
data/trapshazards.json,/trap/12,trap,Fire-Breathing Statue,DMG,122,true,,false,,5
data/trapshazards.json,/trap/13,trap,Fire-Casting Statue,XDMG,102,false,,true,,19
data/trapshazards.json,/trap/14,trap,Hidden Pit,XDMG,102,false,,true,,21
data/trapshazards.json,/trap/21,trap,Pits,DMG,122,true,,false,,14
data/trapshazards.json,/trap/22,trap,Poison Darts,DMG,123,true,,false,,4
data/trapshazards.json,/trap/23,trap,Poison Needle,DMG,123,true,,false,,5
data/trapshazards.json,/trap/25,trap,Poisoned Darts,XDMG,101,false,,true,,8
data/trapshazards.json,/trap/26,trap,Poisoned Needle,XDMG,102,false,,true,,20
data/trapshazards.json,/trap/28,trap,Rolling Sphere,DMG,123,true,,false,,8
data/trapshazards.json,/trap/29,trap,Rolling Stone,XDMG,102,false,,true,,10
data/trapshazards.json,/trap/32,trap,Sphere of Annihilation,DMG,123,true,,false,,4
data/trapshazards.json,/trap/34,trap,Spiked Pit,XDMG,103,false,,true,,21
data/variantrules.json,/variantrule/0,variantrule,Ability Check,XPHB,360,false,,true,,2
data/variantrules.json,/variantrule/1,variantrule,Ability Score and Modifier,XPHB,360,false,,true,,2
data/variantrules.json,/variantrule/2,variantrule,Action,XPHB,360,false,,true,,14
data/variantrules.json,/variantrule/5,variantrule,Advantage,XPHB,360,false,,true,,2
data/variantrules.json,/variantrule/6,variantrule,Adventure,XPHB,360,false,,true,,2
data/variantrules.json,/variantrule/8,variantrule,Alignment,XPHB,360,false,,true,,2
data/variantrules.json,/variantrule/9,variantrule,Ally,XPHB,361,false,,true,,2
data/variantrules.json,/variantrule/11,variantrule,Area of Effect,XPHB,361,false,,true,,10
data/variantrules.json,/variantrule/12,variantrule,Armor Class,XPHB,361,false,,true,,3
data/variantrules.json,/variantrule/13,variantrule,Armor Training,XPHB,361,false,,true,,2
data/variantrules.json,/variantrule/14,variantrule,Attack Roll,XPHB,361,false,,true,,2
data/variantrules.json,/variantrule/15,variantrule,Attitude,XPHB,361,false,,true,,2
data/variantrules.json,/variantrule/16,variantrule,Attunement,XPHB,361,false,,true,,2
data/variantrules.json,/variantrule/18,variantrule,Bonus Action,XPHB,362,false,,true,,2
data/variantrules.json,/variantrule/19,variantrule,Breaking Objects,XPHB,362,false,,true,,45
data/variantrules.json,/variantrule/20,variantrule,Bright Light,XPHB,362,false,,true,,2
data/variantrules.json,/variantrule/21,variantrule,Burrow Speed,XPHB,362,false,,true,,2
data/variantrules.json,/variantrule/22,variantrule,Campaign,XPHB,362,false,,true,,2
data/variantrules.json,/variantrule/23,variantrule,Cantrip,XPHB,362,false,,true,,2
data/variantrules.json,/variantrule/24,variantrule,Carrying Capacity,XPHB,362,false,,true,,22
data/variantrules.json,/variantrule/25,variantrule,Challenge Rating,XPHB,363,false,,true,,2
data/variantrules.json,/variantrule/26,variantrule,Character Sheet,XPHB,363,false,,true,,2
data/variantrules.json,/variantrule/28,variantrule,Climb Speed,XPHB,363,false,,true,,2
data/variantrules.json,/variantrule/29,variantrule,Climbing,XPHB,363,false,,true,,2
data/variantrules.json,/variantrule/30,variantrule,Condition,XPHB,363,false,,true,,18
data/variantrules.json,/variantrule/31,variantrule,Cone [Area of Effect],XPHB,364,false,,true,,3
data/variantrules.json,/variantrule/32,variantrule,Cover,XPHB,364,false,,true,,2
data/variantrules.json,/variantrule/34,variantrule,Crawling,XPHB,364,false,,true,,2
data/variantrules.json,/variantrule/35,variantrule,Creature,XPHB,364,false,,true,,2
data/variantrules.json,/variantrule/36,variantrule,Creature Type,XPHB,364,false,,true,,17
data/variantrules.json,/variantrule/38,variantrule,Critical Hit,XPHB,364,false,,true,,2
data/variantrules.json,/variantrule/39,variantrule,Cube [Area of Effect],XPHB,364,false,,true,,2
data/variantrules.json,/variantrule/40,variantrule,Curses,XPHB,364,false,,true,,2
data/variantrules.json,/variantrule/43,variantrule,Cylinder [Area of Effect],XPHB,364,false,,true,,3
data/variantrules.json,/variantrule/44,variantrule,D20 Test,XPHB,364,false,,true,,2
data/variantrules.json,/variantrule/45,variantrule,Damage,XPHB,364,false,,true,,2
data/variantrules.json,/variantrule/46,variantrule,Damage Roll,XPHB,364,false,,true,,2
data/variantrules.json,/variantrule/47,variantrule,Damage Threshold,XPHB,364,false,,true,,2
data/variantrules.json,/variantrule/48,variantrule,Damage Types,XPHB,365,false,,true,,31
data/variantrules.json,/variantrule/49,variantrule,Darkness,XPHB,365,false,,true,,2
data/variantrules.json,/variantrule/50,variantrule,Dead,XPHB,365,false,,true,,3
data/variantrules.json,/variantrule/51,variantrule,Death Saving Throw,XPHB,365,false,,true,,2
data/variantrules.json,/variantrule/53,variantrule,Difficult Terrain,XPHB,366,false,,true,,9
data/variantrules.json,/variantrule/54,variantrule,Difficulty Class,XPHB,366,false,,true,,2
data/variantrules.json,/variantrule/55,variantrule,Dim Light,XPHB,366,false,,true,,2
data/variantrules.json,/variantrule/56,variantrule,Disadvantage,XPHB,366,false,,true,,2
data/variantrules.json,/variantrule/95,variantrule,Emanation [Area of Effect],XPHB,366,false,,true,,4
data/variantrules.json,/variantrule/97,variantrule,Encounter,XPHB,366,false,,true,,2
data/variantrules.json,/variantrule/100,variantrule,Enemy,XPHB,366,false,,true,,2
data/variantrules.json,/variantrule/102,variantrule,Experience Points,XPHB,366,false,,true,,2
data/variantrules.json,/variantrule/103,variantrule,Expertise,XPHB,367,false,,true,,3
data/variantrules.json,/variantrule/114,variantrule,Fly Speed,XPHB,367,false,,true,,2
data/variantrules.json,/variantrule/115,variantrule,Flying,XPHB,367,false,,true,,2
data/variantrules.json,/variantrule/116,variantrule,Friendly [Attitude],XPHB,367,false,,true,,2
data/variantrules.json,/variantrule/117,variantrule,Grappling,XPHB,367,false,,true,,8
data/variantrules.json,/variantrule/119,variantrule,Hazard,XPHB,368,false,,true,,2
data/variantrules.json,/variantrule/121,variantrule,Healing,XPHB,368,false,,true,,2
data/variantrules.json,/variantrule/122,variantrule,Heavily Obscured,XPHB,368,false,,true,,2
data/variantrules.json,/variantrule/124,variantrule,Heroic Inspiration,XPHB,368,false,,true,,3
data/variantrules.json,/variantrule/125,variantrule,High Jump,XPHB,368,false,,true,,3
data/variantrules.json,/variantrule/126,variantrule,Hit Point Dice,XPHB,368,false,,true,,2
data/variantrules.json,/variantrule/127,variantrule,Hit Points,XPHB,368,false,,true,,2
data/variantrules.json,/variantrule/129,variantrule,Hostile [Attitude],XPHB,368,false,,true,,2
data/variantrules.json,/variantrule/130,variantrule,Hover,XPHB,368,false,,true,,2
data/variantrules.json,/variantrule/132,variantrule,Illusions,XPHB,369,false,,true,,3
data/variantrules.json,/variantrule/133,variantrule,Immunity,XPHB,369,false,,true,,2
data/variantrules.json,/variantrule/134,variantrule,Improvised Weapons,XPHB,369,false,,true,,10
data/variantrules.json,/variantrule/135,variantrule,Indifferent [Attitude],XPHB,369,false,,true,,2
data/variantrules.json,/variantrule/136,variantrule,Initiative,XPHB,369,false,,true,,3
data/variantrules.json,/variantrule/141,variantrule,Jumping,XPHB,370,false,,true,,2
data/variantrules.json,/variantrule/142,variantrule,Knocking Out a Creature,XPHB,370,false,,true,,3
data/variantrules.json,/variantrule/144,variantrule,Lightly Obscured,XPHB,370,false,,true,,2
data/variantrules.json,/variantrule/145,variantrule,Line [Area of Effect],XPHB,370,false,,true,,3
data/variantrules.json,/variantrule/146,variantrule,Long Jump,XPHB,370,false,,true,,4
data/variantrules.json,/variantrule/147,variantrule,Long Rest,XPHB,370,false,,true,,21
data/variantrules.json,/variantrule/149,variantrule,Madness,DMG,258,true,,false,,89
data/variantrules.json,/variantrule/150,variantrule,Magical Effect,XPHB,371,false,,true,,2
data/variantrules.json,/variantrule/154,variantrule,Monster,XPHB,371,false,,true,,2
data/variantrules.json,/variantrule/160,variantrule,Nonplayer Character,XPHB,371,false,,true,,2
data/variantrules.json,/variantrule/161,variantrule,Object,XPHB,371,false,,true,,2
data/variantrules.json,/variantrule/162,variantrule,Occupied Space,XPHB,371,false,,true,,2
data/variantrules.json,/variantrule/166,variantrule,Passive Perception,XPHB,372,false,,true,,3
data/variantrules.json,/variantrule/167,variantrule,Per Day,XPHB,372,false,,true,,2
data/variantrules.json,/variantrule/169,variantrule,Player Character,XPHB,372,false,,true,,2
data/variantrules.json,/variantrule/174,variantrule,Possession,XPHB,372,false,,true,,2
data/variantrules.json,/variantrule/175,variantrule,Proficiency,XPHB,372,false,,true,,2
data/variantrules.json,/variantrule/179,variantrule,Reaction,XPHB,372,false,,true,,2
data/variantrules.json,/variantrule/181,variantrule,Resistance,XPHB,373,false,,true,,2
data/variantrules.json,/variantrule/183,variantrule,Ritual,XPHB,373,false,,true,,2
data/variantrules.json,/variantrule/184,variantrule,Round Down,XPHB,373,false,,true,,2
data/variantrules.json,/variantrule/185,variantrule,Save,XPHB,373,false,,true,,2
data/variantrules.json,/variantrule/186,variantrule,Saving Throw,XPHB,373,false,,true,,2
data/variantrules.json,/variantrule/188,variantrule,Shape-Shifting,XPHB,373,false,,true,,2
data/variantrules.json,/variantrule/194,variantrule,Short Rest,XPHB,373,false,,true,,14
data/variantrules.json,/variantrule/198,variantrule,Simultaneous Effects,XPHB,374,false,,true,,2
data/variantrules.json,/variantrule/199,variantrule,Size,XPHB,374,false,,true,,2
data/variantrules.json,/variantrule/200,variantrule,Skill,XPHB,374,false,,true,,2
data/variantrules.json,/variantrule/204,variantrule,Speed,XPHB,374,false,,true,,6
data/variantrules.json,/variantrule/205,variantrule,Spell,XPHB,374,false,,true,,2
data/variantrules.json,/variantrule/206,variantrule,Spell Attack,XPHB,374,false,,true,,2
data/variantrules.json,/variantrule/209,variantrule,Spellcasting Focus,XPHB,374,false,,true,,2
data/variantrules.json,/variantrule/210,variantrule,Sphere [Area of Effect],XPHB,374,false,,true,,3
data/variantrules.json,/variantrule/211,variantrule,Stable,XPHB,374,false,,true,,2
data/variantrules.json,/variantrule/212,variantrule,Stat Block,XPHB,374,false,,true,,42
data/variantrules.json,/variantrule/215,variantrule,Swim Speed,XPHB,376,false,,true,,2
data/variantrules.json,/variantrule/216,variantrule,Swimming,XPHB,376,false,,true,,2
data/variantrules.json,/variantrule/217,variantrule,Target,XPHB,376,false,,true,,2
data/variantrules.json,/variantrule/218,variantrule,Telepathy,XPHB,376,false,,true,,4
data/variantrules.json,/variantrule/219,variantrule,Teleportation,XPHB,376,false,,true,,5
data/variantrules.json,/variantrule/220,variantrule,Temporary Hit Points,XPHB,376,false,,true,,2
data/variantrules.json,/variantrule/224,variantrule,Unarmed Strike,XPHB,377,false,,true,,9
data/variantrules.json,/variantrule/225,variantrule,Unoccupied Space,XPHB,377,false,,true,,2
data/variantrules.json,/variantrule/226,variantrule,Vulnerability,XPHB,377,false,,true,,2
data/variantrules.json,/variantrule/228,variantrule,Weapon,XPHB,377,false,,true,,2
data/variantrules.json,/variantrule/229,variantrule,Weapon Attack,XPHB,377,false,,true,,2
data/vehicles.json,/vehicle/0,vehicle,Apparatus of Kwalish,DMG,151,true,Apparatus of the Crab,false,,39
data/vehicles.json,/vehicle/1,vehicle,Apparatus of Kwalish,XDMG,229,true,Apparatus of the Crab,false,,39
