english,category,sources,srd_5_1,srd_5_2,proposed_zh_tw,status,notes
+1 Wand of the War Mage,item,DMG; XDMG,true,true,,pending,
+2 Wand of the War Mage,item,DMG; XDMG,true,true,,pending,
+3 Wand of the War Mage,item,DMG; XDMG,true,true,,pending,
Abacus,item,PHB,true,false,,pending,
Ability Check,variantrule,XPHB,false,true,,pending,
Ability Score and Modifier,variantrule,XPHB,false,true,,pending,
Ability Score Improvement,classFeature; feat,PHB; XPHB,true,true,,pending,
Abjure Foes,classFeature,XPHB,false,true,,pending,
Aboleth,monster,MM; XMM,true,true,,pending,
Abyssal,language,PHB; XPHB,true,true,,pending,
Acid,item,XPHB,false,true,,pending,
Acid (vial),item,PHB,true,false,,pending,
Acid Splash,spell,PHB; XPHB,true,true,,pending,
Acolyte,background; monster,MM; PHB; XPHB,true,true,,pending,
Acrobatic Movement,classFeature,XPHB,false,true,,pending,
Acrobatics,skill,PHB; XPHB,true,true,,pending,
Action,variantrule,XPHB,false,true,,pending,
Action Surge,classFeature,PHB; XPHB,true,true,,pending,
Action Surge (two uses),classFeature,PHB,true,false,,pending,
Activate an Item,action,DMG,true,false,,pending,
Additional Fighting Style,subclassFeature,PHB; XPHB,true,true,,pending,
Additional Magical Secrets,subclassFeature,PHB,true,false,,pending,
Adult Black Dragon,monster,MM; XMM,true,true,,pending,
Adult Blue Dragon,monster,MM; XMM,true,true,,pending,
Adult Brass Dragon,monster,MM; XMM,true,true,,pending,
Adult Bronze Dragon,monster,MM; XMM,true,true,,pending,
Adult Copper Dragon,monster,MM; XMM,true,true,,pending,
Adult Gold Dragon,monster,MM; XMM,true,true,,pending,
Adult Green Dragon,monster,MM; XMM,true,true,,pending,
Adult Red Dragon,monster,MM; XMM,true,true,,pending,
Adult Silver Dragon,monster,MM; XMM,true,true,,pending,
Adult White Dragon,monster,MM; XMM,true,true,,pending,
Advantage,variantrule,XPHB,false,true,,pending,
Adventure,variantrule,XPHB,false,true,,pending,
Agonizing Blast,optionalfeature,PHB; XPHB,true,true,,pending,
Aid,spell,PHB; XPHB,true,true,,pending,
Air Elemental,monster,MM; XMM,true,true,,pending,
Alarm,spell,PHB; XPHB,true,true,,pending,
Alchemist's Fire,item,XPHB,false,true,,pending,
Alchemist's Fire (flask),item,PHB,true,false,,pending,
Alchemist's Supplies,baseitem,PHB; XPHB,true,true,,pending,
Ale (gallon),item,PHB,true,false,,pending,
Ale (mug),item,PHB; XPHB,true,true,,pending,
Alert,feat,XPHB,false,true,,pending,
Alignment,variantrule,XPHB,false,true,,pending,
Allosaurus,monster,XMM,false,true,,pending,
Ally,variantrule,XPHB,false,true,,pending,
Alter Self,spell,PHB; XPHB,true,true,,pending,
Amulet,item,PHB; XPHB,true,true,,pending,
Amulet of Health,item,DMG; XDMG,true,true,,pending,
Amulet of Proof against Detection and Location,item,DMG; XDMG,true,true,,pending,
Amulet of the Planes,item,DMG; XDMG,true,true,,pending,
Ancient Black Dragon,monster,MM; XMM,true,true,,pending,
Ancient Blue Dragon,monster,MM; XMM,true,true,,pending,
Ancient Brass Dragon,monster,MM; XMM,true,true,,pending,
Ancient Bronze Dragon,monster,MM; XMM,true,true,,pending,
Ancient Copper Dragon,monster,MM; XMM,true,true,,pending,
Ancient Gold Dragon,monster,MM; XMM,true,true,,pending,
Ancient Green Dragon,monster,MM; XMM,true,true,,pending,
Ancient Red Dragon,monster,MM; XMM,true,true,,pending,
Ancient Silver Dragon,monster,MM; XMM,true,true,,pending,
Ancient White Dragon,monster,MM; XMM,true,true,,pending,
Androsphinx,monster,MM,true,false,,pending,
Animal Friendship,spell,PHB; XPHB,true,true,,pending,
Animal Handling,skill,PHB; XPHB,true,true,,pending,
Animal Messenger,spell,PHB; XPHB,true,true,,pending,
Animal Shapes,spell,PHB; XPHB,true,true,,pending,
Animate Dead,spell,PHB; XPHB,true,true,,pending,
Animate Objects,spell,PHB; XPHB,true,true,,pending,
Animated Armor,monster,MM; XMM,true,true,,pending,
Animated Flying Sword,monster,XMM,false,true,,pending,
Animated Object,monster,XPHB,false,true,,pending,
Animated Rug of Smothering,monster,XMM,false,true,,pending,
Animated Shield,item,DMG; XDMG,true,true,,pending,
Ankheg,monster,MM; XMM,true,true,,pending,
Ankylosaurus,monster,XMM,false,true,,pending,
Antilife Shell,spell,PHB; XPHB,true,true,,pending,
Antimagic Field,spell,PHB; XPHB,true,true,,pending,
Antipathy/Sympathy,spell,PHB; XPHB,true,true,,pending,
Antitoxin,item,XPHB,false,true,,pending,
Antitoxin (vial),item,PHB,true,false,,pending,
Anubis,deity,PHB,true,false,,pending,
Ape,monster,MM; XMM,true,true,,pending,
Apep,deity,PHB,true,false,,pending,
Aphrodite,deity,PHB,true,false,,pending,
Apollo,deity,PHB,true,false,,pending,
Apparatus of Kwalish,item; vehicle,DMG; XDMG,true,true,,pending,
Arawn,deity,PHB,true,false,,pending,
Arcana,skill,PHB; XPHB,true,true,,pending,
Arcane Apotheosis,classFeature,XPHB,false,true,,pending,
Arcane Eye,spell,PHB; XPHB,true,true,,pending,
Arcane Lock,spell,PHB; XPHB,true,true,,pending,
Arcane Recovery,classFeature,PHB; XPHB,true,true,,pending,
Arcane Tradition,classFeature,PHB,true,false,,pending,
Arcane Tradition feature,classFeature,PHB,true,false,,pending,
Archdruid,classFeature,PHB; XPHB,true,true,,pending,
Archelon,monster,XMM,false,true,,pending,
Archery,feat; optionalfeature,PHB; XPHB,true,true,,pending,
Archmage,monster,MM; XMM,true,true,,pending,
Archmage and Mage Apprentice,card,DMG,true,false,,pending,
Area of Effect,variantrule,XPHB,false,true,,pending,
Ares,deity,PHB,true,false,,pending,
Armor Class,variantrule,XPHB,false,true,,pending,
Armor of Invulnerability,item,DMG; XDMG,true,true,,pending,
Armor of Resistance,itemGroup,XDMG,false,true,,pending,
Armor of Shadows,optionalfeature,PHB; XPHB,true,true,,pending,
Armor of Vulnerability,itemGroup,XDMG,false,true,,pending,
Armor of Vulnerability (Bludgeoning),item,DMG,true,false,,pending,
Armor of Vulnerability (Piercing),item,DMG,true,false,,pending,
Armor of Vulnerability (Slashing),item,DMG,true,false,,pending,
Armor Training,variantrule,XPHB,false,true,,pending,
Arrow,baseitem,PHB; XPHB,true,true,,pending,
Arrow-Catching Shield,item,DMG; XDMG,true,true,,pending,
Arrows (20),baseitem,PHB; XPHB,true,true,,pending,
Artemis,deity,PHB,true,false,,pending,
Artisan's Tools,entries; itemGroup,PHB; XPHB,true,true,,pending,
Ascendant Step,optionalfeature,PHB; XPHB,true,true,,pending,
Assassin,card; monster,DMG; MM; XMM,true,true,,pending,
Assassin's Blood,item,DMG; XDMG,true,true,,pending,
Astral Projection,spell,PHB; XPHB,true,true,,pending,
Athena,deity,PHB,true,false,,pending,
Athletics,skill,PHB; XPHB,true,true,,pending,
Attack,action,PHB; XPHB,true,true,,pending,
Attack Roll,variantrule,XPHB,false,true,,pending,
Attitude,variantrule,XPHB,false,true,,pending,
Attunement,variantrule,XPHB,false,true,,pending,
Augury,spell,PHB; XPHB,true,true,,pending,
Aura Expansion,classFeature,XPHB,false,true,,pending,
Aura improvements,classFeature,PHB,true,false,,pending,
Aura of Courage,classFeature,PHB; XPHB,true,true,,pending,
Aura of Devotion,subclassFeature,PHB; XPHB,true,true,,pending,
Aura of Life,spell,XPHB,false,true,,pending,
Aura of Protection,classFeature,PHB; XPHB,true,true,,pending,
Avatar of Death,monster,DMG,true,false,,pending,
Awaken,spell,PHB; XPHB,true,true,,pending,
Awakened Shrub,monster,MM; XMM,true,true,,pending,
Awakened Tree,monster,MM; XMM,true,true,,pending,
Axe Beak,monster,MM; XMM,true,true,,pending,
Azer,monster,MM,true,false,,pending,
Azer Sentinel,monster,XMM,false,true,,pending,
Baboon,monster,MM; XMM,true,true,,pending,
Backpack,item,PHB; XPHB,true,true,,pending,
Badger,monster,MM; XMM,true,true,,pending,
Bag of Beans,item,DMG; XDMG,true,true,,pending,
Bag of Devouring,item,DMG; XDMG,true,true,,pending,
Bag of Holding,item,DMG; XDMG,true,true,,pending,
Bag of Tricks,itemGroup,XDMG,false,true,,pending,
"Bag of Tricks, Gray",item,DMG; XDMG,true,true,,pending,
"Bag of Tricks, Rust",item,DMG; XDMG,true,true,,pending,
"Bag of Tricks, Tan",item,DMG; XDMG,true,true,,pending,
Bagpipes,baseitem,PHB; XPHB,true,true,,pending,
Balance,card,DMG; XDMG,true,true,,pending,
Ball Bearing,item,PHB,true,false,,pending,
Ball Bearings,item,XPHB,false,true,,pending,
"Ball Bearings (bag of 1,000)",item,PHB,true,false,,pending,
Balor,monster,MM; XMM,true,true,,pending,
Bandit,monster,MM; XMM,true,true,,pending,
Bandit Captain,monster,MM; XMM,true,true,,pending,
Bandit Captain and Three Bandits,card,DMG,true,false,,pending,
Bane,spell,PHB; XPHB,true,true,,pending,
Banishment,spell,PHB; XPHB,true,true,,pending,
Barbarian,class,PHB; XPHB,true,true,,pending,
Barbarian Subclass,classFeature,XPHB,false,true,,pending,
Barbed Devil,monster,MM; XMM,true,true,,pending,
Bard,class,PHB; XPHB,true,true,,pending,
Bard College,classFeature,PHB,true,false,,pending,
Bard College feature,classFeature,PHB,true,false,,pending,
Bard Subclass,classFeature,XPHB,false,true,,pending,
Bardic Inspiration,classFeature,PHB; XPHB,true,true,,pending,
Bardic Inspiration (d10),classFeature,PHB,true,false,,pending,
Bardic Inspiration (d12),classFeature,PHB,true,false,,pending,
Bardic Inspiration (d8),classFeature,PHB,true,false,,pending,
Barkskin,spell,PHB; XPHB,true,true,,pending,
Barrel,item,PHB; XPHB,true,true,,pending,
Basic Poison,item,XPHB,false,true,,pending,
Basic Poison (vial),item,PHB,true,false,,pending,
Basilisk,monster,MM; XMM,true,true,,pending,
Basket,item,PHB; XPHB,true,true,,pending,
Bast,deity,PHB,true,false,,pending,
Bat,monster,MM; XMM,true,true,,pending,
Battleaxe,baseitem,PHB; XPHB,true,true,,pending,
Beacon of Hope,spell,PHB; XPHB,true,true,,pending,
Bead of Force,item,DMG; XDMG,true,true,,pending,
Bead of Nourishment,item,XDMG,false,true,,pending,
Bearded Devil,monster,MM; XMM,true,true,,pending,
Beast Speech,optionalfeature,PHB,true,false,,pending,
Beast Spells,classFeature,PHB; XPHB,true,true,,pending,
Bedroll,item,PHB; XPHB,true,true,,pending,
Befuddlement,spell,XPHB,false,true,,pending,
Beguiling Influence,optionalfeature,PHB,true,false,,pending,
Behir,monster,MM; XMM,true,true,,pending,
Beholder,card,DMG,true,false,,pending,
Belenus,deity,PHB,true,false,,pending,
Bell,item,PHB; XPHB,true,true,,pending,
Belt of Cloud Giant Strength,item,DMG; XDMG,true,true,,pending,
Belt of Dwarvenkind,item,DMG; XDMG,true,true,,pending,
Belt of Fire Giant Strength,item,DMG; XDMG,true,true,,pending,
Belt of Frost Giant Strength,item,DMG; XDMG,true,true,,pending,
Belt of Giant Strength,itemGroup,XDMG,false,true,,pending,
Belt of Hill Giant Strength,item,DMG; XDMG,true,true,,pending,
Belt of Stone Giant Strength,item,DMG; XDMG,true,true,,pending,
Belt of Storm Giant Strength,item,DMG; XDMG,true,true,,pending,
Berserker,card; monster,DMG; MM; XMM,true,true,,pending,
Bes,deity,PHB,true,false,,pending,
Bestow Curse,spell,PHB; XPHB,true,true,,pending,
Bewitching Whispers,optionalfeature,PHB,true,false,,pending,
Bigby's Hand,spell,PHB; XPHB,true,true,,pending,
Bit and bridle,item,PHB,true,false,,pending,
Black Bear,monster,MM; XMM,true,true,,pending,
Black Dragon Scale Mail,item,DMG; XDMG,true,true,,pending,
Black Dragon Wyrmling,monster,MM; XMM,true,true,,pending,
Black Pudding,monster,MM; XMM,true,true,,pending,
Blade Barrier,spell,PHB; XPHB,true,true,,pending,
Blanket,item,PHB; XPHB,true,true,,pending,
Bless,spell,PHB; XPHB,true,true,,pending,
Blessed Healer,subclassFeature,PHB; XPHB,true,true,,pending,
Blessed Strikes,classFeature,XPHB,false,true,,pending,
Blight,spell,PHB; XPHB,true,true,,pending,
Blinded,condition,PHB; XPHB,true,true,,pending,
Blindness/Deafness,spell,PHB; XPHB,true,true,,pending,
Blindsense,classFeature,PHB,true,false,,pending,
Blindsight,sense,PHB; XPHB,true,true,,pending,
Blink,spell,PHB; XPHB,true,true,,pending,
Blink Dog,monster,MM; XMM,true,true,,pending,
Block and Tackle,item,PHB; XPHB,true,true,,pending,
Blood Hawk,monster,MM; XMM,true,true,,pending,
Bloodied,status,XPHB,false,true,,pending,
Blowgun,baseitem,PHB; XPHB,true,true,,pending,
Blowgun Needle,baseitem,PHB,true,false,,pending,
Blowgun Needles (50),baseitem,PHB,true,false,,pending,
Blue Dragon Scale Mail,item,DMG; XDMG,true,true,,pending,
Blue Dragon Wyrmling,monster,MM; XMM,true,true,,pending,
Blur,spell,PHB; XPHB,true,true,,pending,
Boar,monster,MM; XMM,true,true,,pending,
Body and Mind,classFeature,XPHB,false,true,,pending,
Bolt,baseitem,XPHB,false,true,,pending,
Bolts (20),baseitem,XPHB,false,true,,pending,
Bone Devil,monster,MM; XMM,true,true,,pending,
Bonus Action,variantrule,XPHB,false,true,,pending,
Bonus Cantrip,subclassFeature,PHB,true,false,,pending,
Bonus Proficiencies,subclassFeature,PHB; XPHB,true,true,,pending,
Bonus Proficiency,subclassFeature,PHB,true,false,,pending,
Bonus Unarmed Strike,classFeature,XPHB,false,true,,pending,
Book,item,PHB; XPHB,true,true,,pending,
Book of Ancient Secrets,optionalfeature,PHB,true,false,,pending,
Boon of Combat Prowess,feat,XPHB,false,true,,pending,
Boon of Dimensional Travel,feat,XPHB,false,true,,pending,
Boon of Fate,feat,XPHB,false,true,,pending,
Boon of Irresistible Offense,feat,XPHB,false,true,,pending,
Boon of Spell Recall,feat,XPHB,false,true,,pending,
Boon of the Night Spirit,feat,XPHB,false,true,,pending,
Boon of Truesight,feat,XPHB,false,true,,pending,
Boots of Elvenkind,item,DMG; XDMG,true,true,,pending,
Boots of Levitation,item,DMG; XDMG,true,true,,pending,
Boots of Speed,item,DMG; XDMG,true,true,,pending,
Boots of Striding and Springing,item,DMG; XDMG,true,true,,pending,
Boots of the Winterlands,item,DMG; XDMG,true,true,,pending,
Bowl of Commanding Water Elementals,item,DMG; XDMG,true,true,,pending,
Bracers of Archery,item,DMG; XDMG,true,true,,pending,
Bracers of Defense,item,DMG; XDMG,true,true,,pending,
Branding Smite,spell,PHB,true,false,,pending,
Brass Dragon Scale Mail,item,DMG; XDMG,true,true,,pending,
Brass Dragon Wyrmling,monster,MM; XMM,true,true,,pending,
Brazier of Commanding Fire Elementals,item,DMG; XDMG,true,true,,pending,
Bread (loaf),item,XPHB,false,true,,pending,
Breaking Objects,variantrule,XPHB,false,true,,pending,
Breastplate,baseitem,PHB; XPHB,true,true,,pending,
Brewer's Supplies,baseitem,PHB; XPHB,true,true,,pending,
Brigantia,deity,PHB,true,false,,pending,
Bright Light,variantrule,XPHB,false,true,,pending,
Bronze Dragon Scale Mail,item,DMG; XDMG,true,true,,pending,
Bronze Dragon Wyrmling,monster,MM; XMM,true,true,,pending,
Brooch of Shielding,item,DMG; XDMG,true,true,,pending,
Broom of Flying,item,DMG; XDMG,true,true,,pending,
Brown Bear,monster,MM; XMM,true,true,,pending,
Brutal Critical (1 die),classFeature,PHB,true,false,,pending,
Brutal Critical (2 dice),classFeature,PHB,true,false,,pending,
Brutal Critical (3 dice),classFeature,PHB,true,false,,pending,
Brutal Strike,classFeature,XPHB,false,true,,pending,
Bucket,item,PHB; XPHB,true,true,,pending,
Bugbear,card; monster,DMG; MM,true,false,,pending,
Bugbear Stalker,monster,XMM,false,true,,pending,
Bugbear Warrior,monster,XMM,false,true,,pending,
Bulette,monster,MM; XMM,true,true,,pending,
Bullseye Lantern,item,PHB; XPHB,true,true,,pending,
Burglar's Pack,item,PHB; XPHB,true,true,,pending,
Burning Hands,spell,PHB; XPHB,true,true,,pending,
Burnt Othur Fumes,item,DMG; XDMG,true,true,,pending,
Burrow Speed,variantrule,XPHB,false,true,,pending,
Cackle Fever,disease,DMG; XDMG,true,true,,pending,
Call Lightning,spell,PHB; XPHB,true,true,,pending,
Calligrapher's Supplies,baseitem,PHB; XPHB,true,true,,pending,
Calm Emotions,spell,PHB; XPHB,true,true,,pending,
Caltrop,item,PHB,true,false,,pending,
Caltrops,item,XPHB,false,true,,pending,
Caltrops (bag of 20),item,PHB,true,false,,pending,
Camel,item; monster,MM; PHB; XMM; XPHB,true,true,,pending,
Campaign,variantrule,XPHB,false,true,,pending,
Candle,item,PHB; XPHB,true,true,,pending,
Candle of Invocation,item,DMG; XDMG,true,true,,pending,
Cantrip,variantrule,XPHB,false,true,,pending,
Canvas (1 sq. yd.),item,PHB; XDMG,true,true,,pending,
Cape of the Mountebank,item,DMG; XDMG,true,true,,pending,
Careful Spell,optionalfeature,PHB; XPHB,true,true,,pending,
Carpenter's Tools,baseitem,PHB; XPHB,true,true,,pending,
Carpet of Flying,itemGroup,XDMG,false,true,,pending,
"Carpet of Flying, 3 ft. × 5 ft.",item,DMG; XDMG,true,true,,pending,
"Carpet of Flying, 4 ft. × 6 ft.",item,DMG; XDMG,true,true,,pending,
"Carpet of Flying, 5 ft. × 7 ft.",item,DMG; XDMG,true,true,,pending,
"Carpet of Flying, 6 ft. × 9 ft.",item,DMG; XDMG,true,true,,pending,
Carriage,item,PHB; XPHB,true,true,,pending,
Carrion Crawler Mucus,item,DMG; XDMG,true,true,,pending,
Carrying Capacity,variantrule,XPHB,false,true,,pending,
Cart,item,PHB; XPHB,true,true,,pending,
Cartographer's Tools,baseitem,PHB; XPHB,true,true,,pending,
Cast a Spell,action,PHB,true,false,,pending,
Cat,monster,MM; XMM,true,true,,pending,
Celestial,language,PHB; XPHB,true,true,,pending,
Censer of Controlling Air Elementals,item,DMG; XDMG,true,true,,pending,
Centaur,monster,MM,true,false,,pending,
Centaur Trooper,monster,XMM,false,true,,pending,
Chain,item,XPHB,false,true,,pending,
Chain (10 feet),item,PHB,true,false,,pending,
Chain Devil,monster,MM; XMM,true,true,,pending,
Chain Lightning,spell,PHB; XPHB,true,true,,pending,
Chain Mail,baseitem,PHB; XPHB,true,true,,pending,
Chain Shirt,baseitem,PHB; XPHB,true,true,,pending,
Chains of Carceri,optionalfeature,PHB,true,false,,pending,
Chalk (1 piece),item,PHB,true,false,,pending,
Challenge Rating,variantrule,XPHB,false,true,,pending,
Champion,subclass; subclassFeature,PHB; XPHB,true,true,,pending,
Channel Divinity,classFeature; subclassFeature,PHB; XPHB,true,true,,pending,
Channel Divinity: Preserve Life,subclassFeature,PHB,true,false,,pending,
Channel Divinity: Turn Undead,classFeature,PHB,true,false,,pending,
Character Sheet,variantrule,XPHB,false,true,,pending,
Chariot,item,PHB; XPHB,true,true,,pending,
Charm Monster,spell,XPHB,false,true,,pending,
Charm Person,spell,PHB; XPHB,true,true,,pending,
Charmed,condition,PHB; XPHB,true,true,,pending,
Cheese (wedge),item,XPHB,false,true,,pending,
Chest,item,PHB; XPHB,true,true,,pending,
Chicken,item,PHB; XDMG,true,true,,pending,
Chill Touch,spell,PHB; XPHB,true,true,,pending,
Chime of Opening,item,DMG; XDMG,true,true,,pending,
Chimera,monster,MM; XMM,true,true,,pending,
Chromatic Orb,spell,XPHB,false,true,,pending,
Chunk of Meat,item,PHB,true,false,,pending,
Chuul,monster,MM; XMM,true,true,,pending,
Cinnamon,item,PHB; XDMG,true,true,,pending,
Circle of Death,spell,PHB; XPHB,true,true,,pending,
Circle of the Land,subclass; subclassFeature,PHB; XPHB,true,true,,pending,
Circle of the Land Spells,subclassFeature,XPHB,false,true,,pending,
Circle Spells,subclassFeature,PHB,true,false,,pending,
Circlet of Blasting,item,DMG; XDMG,true,true,,pending,
Clairvoyance,spell,PHB; XPHB,true,true,,pending,
Clay Golem,monster,MM; XMM,true,true,,pending,
Cleansing Touch,classFeature,PHB,true,false,,pending,
Cleave,itemMastery,XPHB,false,true,,pending,
Cleric,class,PHB; XPHB,true,true,,pending,
Cleric Subclass,classFeature,XPHB,false,true,,pending,
Climb Speed,variantrule,XPHB,false,true,,pending,
Climber's Kit,item,PHB; XPHB,true,true,,pending,
Climbing,variantrule,XPHB,false,true,,pending,
Cloak of Arachnida,item,DMG; XDMG,true,true,,pending,
Cloak of Displacement,item,DMG; XDMG,true,true,,pending,
Cloak of Elvenkind,item,DMG; XDMG,true,true,,pending,
Cloak of Invisibility,item,XDMG,false,true,,pending,
Cloak of Protection,item,DMG; XDMG,true,true,,pending,
Cloak of the Bat,item,DMG; XDMG,true,true,,pending,
Cloak of the Manta Ray,item,DMG; XDMG,true,true,,pending,
Cloaker,monster,MM; XMM,true,true,,pending,
Clone,spell,PHB; XPHB,true,true,,pending,
Cloud Giant,card; monster,DMG; MM; XMM,true,true,,pending,
Cloudkill,spell,PHB; XPHB,true,true,,pending,
Cloves,item,PHB; XDMG,true,true,,pending,
Club,baseitem,PHB; XPHB,true,true,,pending,
Cobbler's Tools,baseitem,PHB; XPHB,true,true,,pending,
Cockatrice,monster,MM; XMM,true,true,,pending,
Collapsing Roof,trap,DMG; XDMG,true,true,,pending,
College of Lore,subclass; subclassFeature,PHB; XPHB,true,true,,pending,
Color Spray,spell,PHB; XPHB,true,true,,pending,
Colossus Slayer,subclassFeature,PHB,true,false,,pending,
Comet,card,DMG; XDMG,true,true,,pending,
Command,spell,PHB; XPHB,true,true,,pending,
Common,language,PHB; XPHB,true,true,,pending,
Common Clothes,item,PHB,true,false,,pending,
Common Sign Language,language,XPHB,false,true,,pending,
Common Wine (bottle),item,XPHB,false,true,,pending,
Common Wine (pitcher),item,PHB,true,false,,pending,
Commoner,monster,MM; XMM,true,true,,pending,
Commune,spell,PHB; XPHB,true,true,,pending,
Commune with Nature,spell,PHB; XPHB,true,true,,pending,
Component Pouch,item,PHB; XPHB,true,true,,pending,
Comprehend Languages,spell,PHB; XPHB,true,true,,pending,
Compulsion,spell,PHB; XPHB,true,true,,pending,
Concentration,status,PHB; XPHB,true,true,,pending,
Condition,variantrule,XPHB,false,true,,pending,
Cone [Area of Effect],variantrule,XPHB,false,true,,pending,
Cone of Cold,spell,PHB; XPHB,true,true,,pending,
Confusion,spell,PHB; XPHB,true,true,,pending,
Conjure Animals,spell,PHB; XPHB,true,true,,pending,
Conjure Celestial,spell,PHB; XPHB,true,true,,pending,
Conjure Elemental,spell,PHB; XPHB,true,true,,pending,
Conjure Fey,spell,PHB; XPHB,true,true,,pending,
Conjure Minor Elementals,spell,PHB; XPHB,true,true,,pending,
Conjure Woodland Beings,spell,PHB; XPHB,true,true,,pending,
Constrictor Snake,monster,MM; XMM,true,true,,pending,
Contact Other Plane,spell,PHB; XPHB,true,true,,pending,
Contact Patron,classFeature,XPHB,false,true,,pending,
Contagion,spell,PHB; XPHB,true,true,,pending,
Contingency,spell,PHB; XPHB,true,true,,pending,
Continual Flame,spell,PHB; XPHB,true,true,,pending,
Control Water,spell,PHB; XPHB,true,true,,pending,
Control Weather,spell,PHB; XPHB,true,true,,pending,
Cook's Utensils,baseitem,PHB; XPHB,true,true,,pending,
Copper,item,PHB; XDMG,true,true,,pending,
Copper Dragon Scale Mail,item,DMG; XDMG,true,true,,pending,
Copper Dragon Wyrmling,monster,MM; XMM,true,true,,pending,
Costume,item,XPHB,false,true,,pending,
Costume Clothes,item,PHB,true,false,,pending,
Cotton Cloth (1 sq. yd.),item,PHB; XDMG,true,true,,pending,
Couatl,monster,MM; XMM,true,true,,pending,
Countercharm,classFeature,PHB; XPHB,true,true,,pending,
Counterspell,spell,PHB; XPHB,true,true,,pending,
Cover,variantrule,XPHB,false,true,,pending,
Cow,item,PHB; XDMG,true,true,,pending,
Crab,monster,MM; XMM,true,true,,pending,
Crawling,variantrule,XPHB,false,true,,pending,
Create Food and Water,spell,PHB; XPHB,true,true,,pending,
Create or Destroy Water,spell,PHB; XPHB,true,true,,pending,
Create Undead,spell,PHB; XPHB,true,true,,pending,
Creation,spell,PHB; XPHB,true,true,,pending,
Creature,variantrule,XPHB,false,true,,pending,
Creature Type,variantrule,XPHB,false,true,,pending,
Criminal,background,XPHB,false,true,,pending,
Critical Hit,variantrule,XPHB,false,true,,pending,
Crocodile,monster,MM; XMM,true,true,,pending,
Crossbow Bolt,baseitem,PHB,true,false,,pending,
Crossbow Bolt Case,item,PHB; XPHB,true,true,,pending,
Crossbow Bolts (20),baseitem,PHB,true,false,,pending,
Crowbar,item,PHB; XPHB,true,true,,pending,
Crystal,baseitem,PHB; XPHB,true,true,,pending,
Crystal Ball,item,DMG; XDMG,true,true,,pending,
Crystal Ball of Mind Reading,item,XDMG,false,true,,pending,
Crystal Ball of Telepathy,item,XDMG,false,true,,pending,
Crystal Ball of True Seeing,item,XDMG,false,true,,pending,
Cube [Area of Effect],variantrule,XPHB,false,true,,pending,
Cube of Force,item,DMG; XDMG,true,true,,pending,
Cubic Gate,item,DMG; XDMG,true,true,,pending,
Cult Fanatic,monster,MM,true,false,,pending,
Cultist,monster,MM; XMM,true,true,,pending,
Cultist Fanatic,monster,XMM,false,true,,pending,
Cunning Action,classFeature,PHB; XPHB,true,true,,pending,
Cunning Strike,classFeature,XPHB,false,true,,pending,
Cure Wounds,spell,PHB; XPHB,true,true,,pending,
Curses,variantrule,XPHB,false,true,,pending,
Cutting Words,subclassFeature,PHB; XPHB,true,true,,pending,
Cylinder [Area of Effect],variantrule,XPHB,false,true,,pending,
D20 Test,variantrule,XPHB,false,true,,pending,
Daern's Instant Fortress,item,DMG; XDMG,true,true,,pending,
Dagger,baseitem,PHB; XPHB,true,true,,pending,
Dagger of Venom,item,DMG; XDMG,true,true,,pending,
Damage,variantrule,XPHB,false,true,,pending,
Damage Roll,variantrule,XPHB,false,true,,pending,
Damage Threshold,variantrule,XPHB,false,true,,pending,
Damage Types,table; variantrule,PHB; XPHB,true,true,,pending,
Dancing Lights,spell,PHB; XPHB,true,true,,pending,
Danger Sense,classFeature,PHB; XPHB,true,true,,pending,
Dark One's Blessing,subclassFeature,PHB; XPHB,true,true,,pending,
Dark One's Own Luck,subclassFeature,PHB; XPHB,true,true,,pending,
Darkmantle,monster,MM; XMM,true,true,,pending,
Darkness,spell; variantrule,PHB; XPHB,true,true,,pending,
Darkvision,sense; spell,PHB; XPHB,true,true,,pending,
Dart,baseitem,PHB; XPHB,true,true,,pending,
Dash,action,PHB; XPHB,true,true,,pending,
Daylight,spell,PHB; XPHB,true,true,,pending,
Daze (Cost: 2d6),classFeature,XPHB,false,true,,pending,
Dead,variantrule,XPHB,false,true,,pending,
Deafened,condition,PHB; XPHB,true,true,,pending,
Death Dog,monster,MM; XMM,true,true,,pending,
Death Saving Throw,variantrule,XPHB,false,true,,pending,
Death Ward,spell,PHB; XPHB,true,true,,pending,
Decanter of Endless Water,item,DMG; XDMG,true,true,,pending,
Deception,skill,PHB; XPHB,true,true,,pending,
Deck of Illusions,deck; item,DMG; XDMG,true,true,,pending,
Deck of Many Things,deck; item,DMG; XDMG,true,true,,pending,
Deep Gnome (Svirfneblin),monster,MM,true,false,,pending,
Deep Speech,language,PHB; XPHB,true,true,,pending,
Deer,monster,MM; XMM,true,true,,pending,
Defense,feat; optionalfeature,PHB; XPHB,true,true,,pending,
Defensive Tactics,subclassFeature,PHB; XPHB,true,true,,pending,
Deflect Attacks,classFeature,XPHB,false,true,,pending,
Deflect Energy,classFeature,XPHB,false,true,,pending,
Deflect Missiles,classFeature,PHB,true,false,,pending,
Deft Explorer,classFeature,XPHB,false,true,,pending,
Delayed Blast Fireball,spell,PHB; XPHB,true,true,,pending,
Demeter,deity,PHB,true,false,,pending,
Demiplane,spell,PHB; XPHB,true,true,,pending,
Demon Armor,item,DMG,true,false,,pending,
Destroy Undead (CR 1),classFeature,PHB,true,false,,pending,
Destroy Undead (CR 1/2),classFeature,PHB,true,false,,pending,
Destroy Undead (CR 2),classFeature,PHB,true,false,,pending,
Destroy Undead (CR 3),classFeature,PHB,true,false,,pending,
Destroy Undead (CR 4),classFeature,PHB,true,false,,pending,
Detect Evil and Good,spell,PHB; XPHB,true,true,,pending,
Detect Magic,spell,PHB; XPHB,true,true,,pending,
Detect Poison and Disease,spell,PHB; XPHB,true,true,,pending,
Detect Thoughts,spell,PHB; XPHB,true,true,,pending,
Deva,monster,MM; XMM,true,true,,pending,
Devil's Sight,optionalfeature,PHB; XPHB,true,true,,pending,
Devious Strikes,classFeature,XPHB,false,true,,pending,
Dexterous Attacks,classFeature,XPHB,false,true,,pending,
Diamond Soul,classFeature,PHB,true,false,,pending,
Diancecht,deity,PHB,true,false,,pending,
Dice Set,item,PHB; XPHB,true,true,,pending,
Difficult Terrain,variantrule,XPHB,false,true,,pending,
Difficulty Class,variantrule,XPHB,false,true,,pending,
Dim Light,variantrule,XPHB,false,true,,pending,
Dimension Door,spell,PHB; XPHB,true,true,,pending,
Dimensional Shackles,item,DMG; XDMG,true,true,,pending,
Dionysus,deity,PHB,true,false,,pending,
Diplomat's Pack,item,PHB; XPHB,true,true,,pending,
Dire Wolf,monster,MM; XMM,true,true,,pending,
Disadvantage,variantrule,XPHB,false,true,,pending,
Disciple of Life,subclassFeature,PHB; XPHB,true,true,,pending,
Disciplined Survivor,classFeature,XPHB,false,true,,pending,
Disengage,action,PHB; XPHB,true,true,,pending,
Disguise Kit,item,PHB; XPHB,true,true,,pending,
Disguise Self,spell,PHB; XPHB,true,true,,pending,
Disintegrate,spell,PHB; XPHB,true,true,,pending,
Dispel Evil and Good,spell,PHB; XPHB,true,true,,pending,
Dispel Magic,spell,PHB; XPHB,true,true,,pending,
Dissonant Whispers,spell,XPHB,false,true,,pending,
Distant Spell,optionalfeature,PHB; XPHB,true,true,,pending,
Divination,spell,PHB; XPHB,true,true,,pending,
Divine Domain,classFeature,PHB,true,false,,pending,
Divine Domain feature,classFeature,PHB,true,false,,pending,
Divine Favor,spell,PHB; XPHB,true,true,,pending,
Divine Health,classFeature,PHB,true,false,,pending,
Divine Intervention,classFeature,PHB; XPHB,true,true,,pending,
Divine Intervention Improvement,classFeature,PHB,true,false,,pending,
Divine Order,classFeature,XPHB,false,true,,pending,
Divine Sense,classFeature,PHB; XPHB,true,true,,pending,
Divine Smite,classFeature; spell,PHB; XPHB,true,true,,pending,
Divine Spark,classFeature,XPHB,false,true,,pending,
Divine Strike,classFeature; subclassFeature,PHB; XPHB,true,true,,pending,
Divine Word,spell,PHB; XPHB,true,true,,pending,
Djinni,monster,MM; XMM,true,true,,pending,
Dodge,action,PHB; XPHB,true,true,,pending,
Dominate Beast,spell,PHB; XPHB,true,true,,pending,
Dominate Monster,spell,PHB; XPHB,true,true,,pending,
Dominate Person,spell,PHB; XPHB,true,true,,pending,
Don or Doff a Shield,action,PHB; XPHB,true,true,,pending,
Donjon,card,DMG; XDMG,true,true,,pending,
Donkey,item,PHB,true,false,,pending,
Doppelganger,monster,MM; XMM,true,true,,pending,
Draconic,language,PHB; XPHB,true,true,,pending,
Draconic Bloodline,subclass; subclassFeature,PHB,true,false,,pending,
Draconic Presence,subclassFeature,PHB,true,false,,pending,
Draconic Resilience,subclassFeature,PHB; XPHB,true,true,,pending,
Draconic Sorcery,subclass; subclassFeature,XPHB,false,true,,pending,
Draconic Spells,subclassFeature,XPHB,false,true,,pending,
Draconic Spirit,monster,XPHB,false,true,,pending,
Draft Horse,item; monster,MM; PHB; XMM; XPHB,true,true,,pending,
Dragon Ancestor,subclassFeature,PHB,true,false,,pending,
Dragon Companion,subclassFeature,XPHB,false,true,,pending,
Dragon Scale Mail,itemGroup,DMG; XDMG,true,true,,pending,
Dragon Turtle,monster,MM; XMM,true,true,,pending,
Dragon Wings,subclassFeature,PHB; XPHB,true,true,,pending,
Dragon's Breath,spell,XPHB,false,true,,pending,
Dragonborn,race,PHB; XPHB,true,true,,pending,
Drawmij's Instant Summons,spell,PHB; XPHB,true,true,,pending,
Dreadful Word,optionalfeature,PHB,true,false,,pending,
Dream,spell,PHB; XPHB,true,true,,pending,
Dretch,monster,MM; XMM,true,true,,pending,
Drider,monster,MM; XMM,true,true,,pending,
Drow,monster,MM,true,false,,pending,
Drow Poison,item,DMG,true,false,,pending,
Druid,card; class; monster,DMG; MM; PHB; XMM; XPHB,true,true,,pending,
Druid Circle,classFeature,PHB,true,false,,pending,
Druid Circle feature,classFeature,PHB,true,false,,pending,
Druid Subclass,classFeature,XPHB,false,true,,pending,
Druidcraft,spell,PHB; XPHB,true,true,,pending,
Druidic,classFeature; language,PHB; XPHB,true,true,,pending,
Drum,baseitem,PHB; XPHB,true,true,,pending,
Dryad,monster,MM; XMM,true,true,,pending,
Dueling,optionalfeature,PHB,true,false,,pending,
Duergar,monster,MM,true,false,,pending,
Dulcimer,baseitem,PHB; XPHB,true,true,,pending,
Dunatis,deity,PHB,true,false,,pending,
Dungeoneer's Pack,item,PHB; XPHB,true,true,,pending,
Dust Mephit,monster,MM; XMM,true,true,,pending,
Dust of Disappearance,item,DMG; XDMG,true,true,,pending,
Dust of Dryness,item,DMG; XDMG,true,true,,pending,
Dust of Sneezing and Choking,item,DMG; XDMG,true,true,,pending,
Dwarf,race,PHB; XPHB,true,true,,pending,
Dwarven Plate,item,DMG,true,false,,pending,
Dwarven Thrower,item,DMG; XDMG,true,true,,pending,
Dwarvish,language,PHB; XPHB,true,true,,pending,
Eagle,monster,MM; XMM,true,true,,pending,
Earth Elemental,monster,MM; XMM,true,true,,pending,
Earthquake,spell,PHB; XPHB,true,true,,pending,
Efreeti,monster,MM; XMM,true,true,,pending,
Efreeti Bottle,item,DMG; XDMG,true,true,,pending,
Eldritch Blast,spell,PHB; XPHB,true,true,,pending,
Eldritch Invocation Options,classFeature,XPHB,false,true,,pending,
Eldritch Invocations,classFeature,PHB; XPHB,true,true,,pending,
Eldritch Master,classFeature,PHB; XPHB,true,true,,pending,
Eldritch Sight,optionalfeature,PHB,true,false,,pending,
Eldritch Spear,optionalfeature,PHB; XPHB,true,true,,pending,
Elemental Affinity,subclassFeature,PHB; XPHB,true,true,,pending,
Elemental Fury,classFeature,XPHB,false,true,,pending,
Elemental Gem,itemGroup,XDMG,false,true,,pending,
"Elemental Gem, Blue Sapphire",item,DMG; XDMG,true,true,,pending,
"Elemental Gem, Emerald",item,DMG; XDMG,true,true,,pending,
"Elemental Gem, Red Corundum",item,DMG; XDMG,true,true,,pending,
"Elemental Gem, Yellow Diamond",item,DMG; XDMG,true,true,,pending,
Elementalism,spell,XPHB,false,true,,pending,
Elephant,item; monster,MM; PHB; XMM; XPHB,true,true,,pending,
Elf,race,PHB; XPHB,true,true,,pending,
Elixir of Health,item,XDMG,false,true,,pending,
Elk,monster,MM; XMM,true,true,,pending,
Elusive,classFeature,PHB; XPHB,true,true,,pending,
Elven Chain,item,DMG,true,false,,pending,
Elvish,language,PHB; XPHB,true,true,,pending,
Emanation [Area of Effect],variantrule,XPHB,false,true,,pending,
Emblem,item,PHB; XPHB,true,true,,pending,
Empowered Evocation,subclassFeature,PHB; XPHB,true,true,,pending,
Empowered Spell,optionalfeature,PHB; XPHB,true,true,,pending,
Empowered Strikes,classFeature,XPHB,false,true,,pending,
Empty Body,classFeature,PHB,true,false,,pending,
Encounter,variantrule,XPHB,false,true,,pending,
End Concentration,action,PHB; XPHB,true,true,,pending,
Enemy,variantrule,XPHB,false,true,,pending,
Enhance Ability,spell,PHB; XPHB,true,true,,pending,
Enlarge/Reduce,spell,PHB; XPHB,true,true,,pending,
Ensnaring Strike,spell,XPHB,false,true,,pending,
Entangle,spell,PHB; XPHB,true,true,,pending,
Entertainer's Pack,item,PHB; XPHB,true,true,,pending,
Enthrall,spell,PHB; XPHB,true,true,,pending,
Epic Boon,classFeature,XPHB,false,true,,pending,
Erinyes,card; monster,DMG; MM; XMM,true,true,,pending,
Escape a Grapple,action,PHB; XPHB,true,true,,pending,
Escape the Horde,subclassFeature,PHB,true,false,,pending,
Essence of Ether,item,DMG; XDMG,true,true,,pending,
Etherealness,spell,PHB; XPHB,true,true,,pending,
Ettercap,monster,MM; XMM,true,true,,pending,
Ettin,card; monster,DMG; MM; XMM,true,true,,pending,
Euryale,card,DMG; XDMG,true,true,,pending,
Evard's Black Tentacles,spell,PHB; XPHB,true,true,,pending,
Evasion,classFeature; subclassFeature,PHB; XPHB,true,true,,pending,
Eversmoking Bottle,item,DMG; XDMG,true,true,,pending,
Evocation Savant,subclassFeature,PHB; XPHB,true,true,,pending,
Evoker,subclass; subclassFeature,XPHB,false,true,,pending,
Exhaustion,condition,PHB; XPHB,true,true,,pending,
Exotic Saddle,item,PHB; XPHB,true,true,,pending,
Expeditious Retreat,spell,PHB; XPHB,true,true,,pending,
Experience Points,variantrule,XPHB,false,true,,pending,
Expertise,classFeature; variantrule,PHB; XPHB,true,true,,pending,
Explorer's Pack,item,PHB; XPHB,true,true,,pending,
Extended Spell,optionalfeature,PHB; XPHB,true,true,,pending,
Extra Attack,classFeature,PHB; XPHB,true,true,,pending,
Extra Attack (2),classFeature,PHB,true,false,,pending,
Extra Attack (3),classFeature,PHB,true,false,,pending,
Eyebite,spell,PHB; XPHB,true,true,,pending,
Eyes of Charming,item,DMG; XDMG,true,true,,pending,
Eyes of Minute Seeing,item,DMG; XDMG,true,true,,pending,
Eyes of the Eagle,item,DMG; XDMG,true,true,,pending,
Eyes of the Rune Keeper,optionalfeature,PHB,true,false,,pending,
Fabricate,spell,PHB; XPHB,true,true,,pending,
Faerie Fire,spell,PHB; XPHB,true,true,,pending,
Faithful Steed,classFeature,XPHB,false,true,,pending,
Falling Net,trap,DMG; XDMG,true,true,,pending,
False Life,spell,PHB; XPHB,true,true,,pending,
Fast Hands,subclassFeature,PHB; XPHB,true,true,,pending,
Fast Movement,classFeature,PHB; XPHB,true,true,,pending,
Fates,card,XDMG,false,true,,pending,
Favored Enemy,classFeature,PHB; XPHB,true,true,,pending,
Favored Enemy and Natural Explorer improvements,classFeature,PHB,true,false,,pending,
Favored Enemy improvement,classFeature,PHB,true,false,,pending,
Fear,spell,PHB; XPHB,true,true,,pending,
Feather Fall,spell,PHB; XPHB,true,true,,pending,
Feeblemind,spell,PHB,true,false,,pending,
Feed (per day),item,PHB; XPHB,true,true,,pending,
Feral Instinct,classFeature,PHB; XPHB,true,true,,pending,
Feral Senses,classFeature,PHB; XPHB,true,true,,pending,
Fiend Patron,subclass; subclassFeature,XPHB,false,true,,pending,
Fiend Spells,subclassFeature,XPHB,false,true,,pending,
Fiendish Resilience,subclassFeature,PHB; XPHB,true,true,,pending,
Fiendish Vigor,optionalfeature,PHB; XPHB,true,true,,pending,
Fighter,class,PHB; XPHB,true,true,,pending,
Fighter Subclass,classFeature,XPHB,false,true,,pending,
Fighting Style,classFeature,PHB; XPHB,true,true,,pending,
Figurine of Wondrous Power,itemGroup,XDMG,false,true,,pending,
"Figurine of Wondrous Power, Bronze Griffon",item,DMG; XDMG,true,true,,pending,
"Figurine of Wondrous Power, Ebony Fly",item,DMG; XDMG,true,true,,pending,
"Figurine of Wondrous Power, Golden Lions",item,DMG; XDMG,true,true,,pending,
"Figurine of Wondrous Power, Ivory Goats",item,DMG; XDMG,true,true,,pending,
"Figurine of Wondrous Power, Marble Elephant",item,DMG; XDMG,true,true,,pending,
"Figurine of Wondrous Power, Obsidian Steed",item,DMG; XDMG,true,true,,pending,
"Figurine of Wondrous Power, Onyx Dog",item,DMG; XDMG,true,true,,pending,
"Figurine of Wondrous Power, Serpentine Owl",item,DMG; XDMG,true,true,,pending,
"Figurine of Wondrous Power, Silver Raven",item,DMG; XDMG,true,true,,pending,
Find Familiar,spell,PHB; XPHB,true,true,,pending,
Find Steed,spell,PHB; XPHB,true,true,,pending,
Find the Path,spell,PHB; XPHB,true,true,,pending,
Find Traps,spell,PHB; XPHB,true,true,,pending,
Fine Clothes,item,PHB; XPHB,true,true,,pending,
Fine Wine (bottle),item,PHB; XPHB,true,true,,pending,
Finger of Death,spell,PHB; XPHB,true,true,,pending,
Fire Bolt,spell,PHB; XPHB,true,true,,pending,
Fire Elemental,monster,MM; XMM,true,true,,pending,
Fire Giant,card; monster,DMG; MM; XMM,true,true,,pending,
Fire Shield,spell,PHB; XPHB,true,true,,pending,
Fire Storm,spell,PHB; XPHB,true,true,,pending,
Fire-Breathing Statue,trap,DMG,true,false,,pending,
Fire-Casting Statue,trap,XDMG,false,true,,pending,
Fireball,spell,PHB; XPHB,true,true,,pending,
Fishing Tackle,item,PHB,true,false,,pending,
Flail,baseitem,PHB; XPHB,true,true,,pending,
Flame Blade,spell,PHB; XPHB,true,true,,pending,
Flame Strike,spell,PHB; XPHB,true,true,,pending,
Flames,card,DMG; XDMG,true,true,,pending,
Flaming Sphere,spell,PHB; XPHB,true,true,,pending,
Flask,item,PHB; XPHB,true,true,,pending,
Fleet Step,subclassFeature,XPHB,false,true,,pending,
Flesh Golem,monster,MM; XMM,true,true,,pending,
Flesh to Stone,spell,PHB; XPHB,true,true,,pending,
Flexible Casting,classFeature,PHB,true,false,,pending,
Flour,item,PHB; XDMG,true,true,,pending,
Flurry of Blows,classFeature,PHB; XPHB,true,true,,pending,
Flute,baseitem,PHB; XPHB,true,true,,pending,
Fly,spell,PHB; XPHB,true,true,,pending,
Fly Speed,variantrule,XPHB,false,true,,pending,
Flying,variantrule,XPHB,false,true,,pending,
Flying Snake,monster,MM; XMM,true,true,,pending,
Flying Sword,monster,MM,true,false,,pending,
Foe Slayer,classFeature,PHB; XPHB,true,true,,pending,
Fog Cloud,spell,PHB; XPHB,true,true,,pending,
Folding Boat,item,DMG; XDMG,true,true,,pending,
Font of Inspiration,classFeature,PHB; XPHB,true,true,,pending,
Font of Magic,classFeature,PHB; XPHB,true,true,,pending,
Fool,card,DMG; XDMG,true,true,,pending,
Forbiddance,spell,PHB; XPHB,true,true,,pending,
Forcecage,spell,PHB; XPHB,true,true,,pending,
Foresight,spell,PHB; XPHB,true,true,,pending,
Forgery Kit,item,PHB; XPHB,true,true,,pending,
Freedom of Movement,spell,PHB; XPHB,true,true,,pending,
Frenzy,subclassFeature,PHB; XPHB,true,true,,pending,
Friendly [Attitude],variantrule,XPHB,false,true,,pending,
Frightened,condition,PHB; XPHB,true,true,,pending,
Frog,monster,MM; XMM,true,true,,pending,
Frost Giant,card; monster,DMG; MM; XMM,true,true,,pending,
Galley,item,DMG; XPHB,true,true,,pending,
Gaming Set,itemGroup,PHB; XPHB,true,true,,pending,
Gargoyle,monster,MM; XMM,true,true,,pending,
Gaseous Form,spell,PHB; XPHB,true,true,,pending,
Gate,spell,PHB; XPHB,true,true,,pending,
Gauntlets of Ogre Power,item,DMG; XDMG,true,true,,pending,
Gaze of Two Minds,optionalfeature,PHB; XPHB,true,true,,pending,
Geas,spell,PHB; XPHB,true,true,,pending,
Gelatinous Cube,monster,MM; XMM,true,true,,pending,
Gem,card,DMG; XDMG,true,true,,pending,
Gem of Brightness,item,DMG; XDMG,true,true,,pending,
Gem of Seeing,item,DMG; XDMG,true,true,,pending,
Generic Object,object,DMG,true,false,,pending,
Gentle Repose,spell,PHB; XPHB,true,true,,pending,
Ghast,monster,MM; XMM,true,true,,pending,
Ghost,monster,MM; XMM,true,true,,pending,
Ghoul,monster,MM; XMM,true,true,,pending,
Giant,language,PHB; XPHB,true,true,,pending,
Giant Ape,monster,MM; XMM,true,true,,pending,
Giant Badger,monster,MM; XMM,true,true,,pending,
Giant Bat,monster,MM; XMM,true,true,,pending,
Giant Boar,monster,MM; XMM,true,true,,pending,
Giant Centipede,monster,MM; XMM,true,true,,pending,
Giant Constrictor Snake,monster,MM; XMM,true,true,,pending,
Giant Crab,monster,MM; XMM,true,true,,pending,
Giant Crocodile,monster,MM; XMM,true,true,,pending,
Giant Eagle,monster,MM; XMM,true,true,,pending,
Giant Elk,monster,MM; XMM,true,true,,pending,
Giant Fire Beetle,monster,MM; XMM,true,true,,pending,
Giant Frog,monster,MM; XMM,true,true,,pending,
Giant Goat,monster,MM; XMM,true,true,,pending,
Giant Hyena,monster,MM; XMM,true,true,,pending,
Giant Insect,monster; spell,PHB; XPHB,true,true,,pending,
Giant Killer,subclassFeature,PHB,true,false,,pending,
Giant Lizard,monster,MM; XMM,true,true,,pending,
Giant Octopus,monster,MM; XMM,true,true,,pending,
Giant Owl,monster,MM; XMM,true,true,,pending,
Giant Poisonous Snake,monster,MM,true,false,,pending,
Giant Rat,monster,MM; XMM,true,true,,pending,
Giant Scorpion,monster,MM; XMM,true,true,,pending,
Giant Sea Horse,monster,MM,true,false,,pending,
Giant Seahorse,monster,XMM,false,true,,pending,
Giant Shark,monster,MM; XMM,true,true,,pending,
Giant Spider,monster,MM; XMM,true,true,,pending,
Giant Toad,monster,MM; XMM,true,true,,pending,
Giant Venomous Snake,monster,XMM,false,true,,pending,
Giant Vulture,monster,MM; XMM,true,true,,pending,
Giant Wasp,monster,MM; XMM,true,true,,pending,
Giant Weasel,monster,MM; XMM,true,true,,pending,
Giant Wolf Spider,monster,MM; XMM,true,true,,pending,
Gibbering Mouther,monster,MM; XMM,true,true,,pending,
Ginger,item,PHB; XDMG,true,true,,pending,
Glabrezu,monster,MM; XMM,true,true,,pending,
Gladiator,monster,MM; XMM,true,true,,pending,
Glaive,baseitem,PHB; XPHB,true,true,,pending,
Glamoured Studded Leather,item,DMG; XDMG,true,true,,pending,
Glass Bottle,item,PHB; XPHB,true,true,,pending,
Glassblower's Tools,baseitem,PHB; XPHB,true,true,,pending,
Glibness,spell,PHB; XPHB,true,true,,pending,
Globe of Invulnerability,spell,PHB; XPHB,true,true,,pending,
Gloves of Missile Snaring,item,DMG; XDMG,true,true,,pending,
Gloves of Swimming and Climbing,item,DMG; XDMG,true,true,,pending,
Gloves of Thievery,item,XDMG,false,true,,pending,
Glyph of Warding,spell,PHB; XPHB,true,true,,pending,
Gnoll,card; monster,DMG; MM,true,false,,pending,
Gnoll Warrior,monster,XMM,false,true,,pending,
Gnome,race,PHB; XPHB,true,true,,pending,
Gnomish,language,PHB; XPHB,true,true,,pending,
Goat,item; monster,MM; PHB; XDMG; XMM,true,true,,pending,
Goblin,card; language; monster,DMG; MM; PHB; XPHB,true,true,,pending,
Goblin Boss,monster,XMM,false,true,,pending,
Goblin Minion,monster,XMM,false,true,,pending,
Goblin Warrior,monster,XMM,false,true,,pending,
Goggles of Night,item,DMG; XDMG,true,true,,pending,
Goibhniu,deity,PHB,true,false,,pending,
Gold,item,PHB; XDMG,true,true,,pending,
Gold Dragon Scale Mail,item,DMG; XDMG,true,true,,pending,
Gold Dragon Wyrmling,monster,MM; XMM,true,true,,pending,
Goliath,race,XPHB,false,true,,pending,
Goodberry,spell,PHB; XPHB,true,true,,pending,
Gorgon,monster,MM; XMM,true,true,,pending,
Grapple,action,PHB,true,false,,pending,
Grappled,condition,PHB; XPHB,true,true,,pending,
Grappler,feat,PHB; XPHB,true,true,,pending,
Grappling,variantrule,XPHB,false,true,,pending,
Grappling Hook,item,PHB; XPHB,true,true,,pending,
Gray Ooze,monster,MM; XMM,true,true,,pending,
Graze,itemMastery,XPHB,false,true,,pending,
Grease,spell,PHB; XPHB,true,true,,pending,
Great Weapon Fighting,feat; optionalfeature,PHB; XPHB,true,true,,pending,
Greataxe,baseitem,PHB; XPHB,true,true,,pending,
Greatclub,baseitem,PHB; XPHB,true,true,,pending,
Greater Divine Intervention,classFeature,XPHB,false,true,,pending,
Greater Invisibility,spell,PHB; XPHB,true,true,,pending,
Greater Restoration,spell,PHB; XPHB,true,true,,pending,
Greatsword,baseitem,PHB; XPHB,true,true,,pending,
Green Dragon Scale Mail,item,DMG; XDMG,true,true,,pending,
Green Dragon Wyrmling,monster,MM; XMM,true,true,,pending,
Green Hag,monster,MM; XMM,true,true,,pending,
Grick,monster,MM; XMM,true,true,,pending,
Griffon,monster,MM; XMM,true,true,,pending,
Grimlock,monster,MM; XMM,true,true,,pending,
Guard,monster,MM; XMM,true,true,,pending,
Guard Captain,monster,XMM,false,true,,pending,
Guardian Naga,monster,MM; XMM,true,true,,pending,
Guardian of Faith,spell,PHB; XPHB,true,true,,pending,
Guards and Wards,spell,PHB; XPHB,true,true,,pending,
Guidance,spell,PHB; XPHB,true,true,,pending,
Guiding Bolt,spell,PHB; XPHB,true,true,,pending,
Gust of Wind,spell,PHB; XPHB,true,true,,pending,
Gynosphinx,monster,MM,true,false,,pending,
Hades,deity,PHB,true,false,,pending,
Halberd,baseitem,PHB; XPHB,true,true,,pending,
Half Plate Armor,baseitem,PHB; XPHB,true,true,,pending,
Half-Dragon,monster,XMM,false,true,,pending,
Half-Elf,race,PHB,true,false,,pending,
Half-Orc,race,PHB,true,false,,pending,
Half-Red Dragon Veteran,monster,MM,true,false,,pending,
Halfling,language; race,PHB; XPHB,true,true,,pending,
Hallow,spell,PHB; XPHB,true,true,,pending,
Hallucinatory Terrain,spell,PHB; XPHB,true,true,,pending,
Hammer,item,PHB,true,false,,pending,
Hammer of Thunderbolts,item,DMG,true,false,,pending,
Hand Crossbow,baseitem,PHB; XPHB,true,true,,pending,
Handaxe,baseitem,PHB; XPHB,true,true,,pending,
Harm,spell,PHB; XPHB,true,true,,pending,
Harpy,monster,MM; XMM,true,true,,pending,
Haste,spell,PHB; XPHB,true,true,,pending,
Hat of Disguise,item,DMG; XDMG,true,true,,pending,
Hat of Many Spells,item,XDMG,false,true,,pending,
Hathor,deity,PHB,true,false,,pending,
Hawk,monster,MM; XMM,true,true,,pending,
Hazard,variantrule,XPHB,false,true,,pending,
Headband of Intellect,item,DMG; XDMG,true,true,,pending,
Heal,spell,PHB; XPHB,true,true,,pending,
Healer's Kit,item,PHB; XPHB,true,true,,pending,
Healing,variantrule,XPHB,false,true,,pending,
Healing Word,spell,PHB; XPHB,true,true,,pending,
Heat Metal,spell,PHB; XPHB,true,true,,pending,
Heavily Obscured,variantrule,XPHB,false,true,,pending,
Heavy Crossbow,baseitem,PHB; XPHB,true,true,,pending,
Hecate,deity,PHB,true,false,,pending,
Heightened Focus,classFeature,XPHB,false,true,,pending,
Heightened Spell,optionalfeature,PHB; XPHB,true,true,,pending,
Hell Hound,monster,MM; XMM,true,true,,pending,
Hellish Rebuke,spell,PHB; XPHB,true,true,,pending,
Helm of Brilliance,item,DMG; XDMG,true,true,,pending,
Helm of Comprehending Languages,item,DMG; XDMG,true,true,,pending,
Helm of Telepathy,item,DMG; XDMG,true,true,,pending,
Helm of Teleportation,item,DMG; XDMG,true,true,,pending,
Help,action,PHB; XPHB,true,true,,pending,
Hempen Rope (50 feet),item,PHB,true,false,,pending,
Hephaestus,deity,PHB,true,false,,pending,
Hera,deity,PHB,true,false,,pending,
Herbalism Kit,item,PHB; XPHB,true,true,,pending,
Hercules,deity,PHB,true,false,,pending,
Hermes,deity,PHB,true,false,,pending,
Heroes' Feast,spell,PHB; XPHB,true,true,,pending,
Heroic Inspiration,variantrule,XPHB,false,true,,pending,
Heroic Warrior,subclassFeature,XPHB,false,true,,pending,
Heroism,spell,PHB; XPHB,true,true,,pending,
Hestia,deity,PHB,true,false,,pending,
Heward's Handy Haversack,item,DMG; XDMG,true,true,,pending,
Hex,spell,XPHB,false,true,,pending,
Hezrou,monster,MM; XMM,true,true,,pending,
Hidden Pit,trap,XDMG,false,true,,pending,
Hide,action,PHB; XPHB,true,true,,pending,
Hide Armor,baseitem,PHB; XPHB,true,true,,pending,
Hide in Plain Sight,classFeature,PHB,true,false,,pending,
High,subrace,PHB,true,false,,pending,
High Jump,variantrule,XPHB,false,true,,pending,
Hill,subrace,PHB,true,false,,pending,
Hill Giant,card; monster,DMG; MM; XMM,true,true,,pending,
Hippogriff,monster,MM; XMM,true,true,,pending,
Hippopotamus,monster,XMM,false,true,,pending,
History,skill,PHB; XPHB,true,true,,pending,
Hit Point Dice,variantrule,XPHB,false,true,,pending,
Hit Points,variantrule,XPHB,false,true,,pending,
Hobgoblin,card; monster,DMG; MM,true,false,,pending,
Hobgoblin Captain,monster,XMM,false,true,,pending,
Hobgoblin Warrior,monster,XMM,false,true,,pending,
Hold Monster,spell,PHB; XPHB,true,true,,pending,
Hold Person,spell,PHB; XPHB,true,true,,pending,
Holy Aura,spell,PHB; XPHB,true,true,,pending,
Holy Nimbus,subclassFeature,PHB; XPHB,true,true,,pending,
Holy Water,item,XPHB,false,true,,pending,
Holy Water (flask),item,PHB,true,false,,pending,
Homunculus,monster,MM; XMM,true,true,,pending,
Hooded Lantern,item,PHB; XPHB,true,true,,pending,
Horde Breaker,subclassFeature,PHB,true,false,,pending,
Horn,baseitem,PHB; XPHB,true,true,,pending,
Horn of Blasting,item,DMG; XDMG,true,true,,pending,
Horn of Valhalla,itemGroup,XDMG,false,true,,pending,
"Horn of Valhalla, Brass",item,DMG; XDMG,true,true,,pending,
"Horn of Valhalla, Bronze",item,DMG; XDMG,true,true,,pending,
"Horn of Valhalla, Iron",item,DMG; XDMG,true,true,,pending,
"Horn of Valhalla, Silver",item,DMG; XDMG,true,true,,pending,
Horned Devil,monster,MM; XMM,true,true,,pending,
Horseshoes of a Zephyr,item,DMG; XDMG,true,true,,pending,
Horseshoes of Speed,item,DMG; XDMG,true,true,,pending,
Hostile [Attitude],variantrule,XPHB,false,true,,pending,
Hourglass,item,PHB,true,false,,pending,
Hover,variantrule,XPHB,false,true,,pending,
Human,race,PHB; XPHB,true,true,,pending,
Hunk of Cheese,item,PHB,true,false,,pending,
Hunter,subclass; subclassFeature,PHB; XPHB,true,true,,pending,
Hunter Shark,monster,MM; XMM,true,true,,pending,
Hunter's Lore,subclassFeature,XPHB,false,true,,pending,
Hunter's Mark,spell,PHB; XPHB,true,true,,pending,
Hunter's Prey,subclassFeature,PHB; XPHB,true,true,,pending,
Hunting Trap,item,PHB; XPHB,true,true,,pending,
Hurl Through Hell,subclassFeature,PHB; XPHB,true,true,,pending,
Hydra,monster,MM; XMM,true,true,,pending,
Hyena,monster,MM; XMM,true,true,,pending,
Hypnotic Pattern,spell,PHB; XPHB,true,true,,pending,
Ice Devil,monster,MM; XMM,true,true,,pending,
Ice Knife,spell,XPHB,false,true,,pending,
Ice Mephit,monster,MM; XMM,true,true,,pending,
Ice Storm,spell,PHB; XPHB,true,true,,pending,
Identify,spell,PHB; XPHB,true,true,,pending,
Idiot,card,DMG,true,false,,pending,
Illusions,variantrule,XPHB,false,true,,pending,
Illusory Script,spell,PHB; XPHB,true,true,,pending,
Imhotep,deity,PHB,true,false,,pending,
Immovable Rod,item,DMG; XDMG,true,true,,pending,
Immunity,variantrule,XPHB,false,true,,pending,
Imp,monster,MM; XMM,true,true,,pending,
Imprisonment,spell,PHB; XPHB,true,true,,pending,
Improved Blessed Strikes,classFeature,XPHB,false,true,,pending,
Improved Brutal Strike,classFeature,XPHB,false,true,,pending,
Improved Critical,subclassFeature,PHB; XPHB,true,true,,pending,
Improved Cunning Strike,classFeature,XPHB,false,true,,pending,
Improved Divine Smite,classFeature,PHB,true,false,,pending,
Improved Elemental Fury,classFeature,XPHB,false,true,,pending,
Improvised Weapons,variantrule,XPHB,false,true,,pending,
Incapacitated,condition,PHB; XPHB,true,true,,pending,
Incendiary Cloud,spell,PHB; XPHB,true,true,,pending,
Incubus,monster,MM; XMM,true,true,,pending,
Indifferent [Attitude],variantrule,XPHB,false,true,,pending,
Indomitable,classFeature,PHB; XPHB,true,true,,pending,
Indomitable (three uses),classFeature,PHB,true,false,,pending,
Indomitable (two uses),classFeature,PHB,true,false,,pending,
Indomitable Might,classFeature,PHB; XPHB,true,true,,pending,
Infernal,language,PHB; XPHB,true,true,,pending,
Inflict Wounds,spell,PHB; XPHB,true,true,,pending,
Initiative,variantrule,XPHB,false,true,,pending,
Ink,item,XPHB,false,true,,pending,
Ink (1-ounce bottle),item,PHB,true,false,,pending,
Ink Pen,item,PHB; XPHB,true,true,,pending,
Innate Sorcery,classFeature,XPHB,false,true,,pending,
Insect Plague,spell,PHB; XPHB,true,true,,pending,
Insight,skill,PHB; XPHB,true,true,,pending,
Instinctive Pounce,classFeature,XPHB,false,true,,pending,
Intimidating Presence,subclassFeature,PHB; XPHB,true,true,,pending,
Intimidation,skill,PHB; XPHB,true,true,,pending,
Investigation,skill,PHB; XPHB,true,true,,pending,
Invisibility,spell,PHB; XPHB,true,true,,pending,
Invisible,condition,PHB; XPHB,true,true,,pending,
Invisible Stalker,monster,MM; XMM,true,true,,pending,
Ioun Stone,itemGroup,XDMG,false,true,,pending,
"Ioun Stone, Absorption",item,DMG; XDMG,true,true,,pending,
"Ioun Stone, Agility",item,DMG; XDMG,true,true,,pending,
"Ioun Stone, Awareness",item,DMG; XDMG,true,true,,pending,
"Ioun Stone, Fortitude",item,DMG; XDMG,true,true,,pending,
"Ioun Stone, Greater Absorption",item,DMG; XDMG,true,true,,pending,
"Ioun Stone, Insight",item,DMG; XDMG,true,true,,pending,
"Ioun Stone, Intellect",item,DMG; XDMG,true,true,,pending,
"Ioun Stone, Leadership",item,DMG; XDMG,true,true,,pending,
"Ioun Stone, Mastery",item,DMG; XDMG,true,true,,pending,
"Ioun Stone, Protection",item,DMG; XDMG,true,true,,pending,
"Ioun Stone, Regeneration",item,DMG; XDMG,true,true,,pending,
"Ioun Stone, Reserve",item,DMG; XDMG,true,true,,pending,
"Ioun Stone, Strength",item,DMG; XDMG,true,true,,pending,
"Ioun Stone, Sustenance",item,DMG; XDMG,true,true,,pending,
Iron,item,PHB; XDMG,true,true,,pending,
Iron Bands of Bilarro,item,DMG; XDMG,true,true,,pending,
Iron Flask,item,DMG; XDMG,true,true,,pending,
Iron Golem,card; monster,DMG; MM; XMM,true,true,,pending,
Iron Pot,item,PHB; XPHB,true,true,,pending,
Iron Spike,item,PHB; XPHB,true,true,,pending,
Iron Spikes,item,XPHB,false,true,,pending,
Iron Spikes (10),item,PHB,true,false,,pending,
Isis,deity,PHB,true,false,,pending,
Jack of All Trades,classFeature,PHB; XPHB,true,true,,pending,
Jackal,monster,MM; XMM,true,true,,pending,
Javelin,baseitem,PHB; XPHB,true,true,,pending,
Javelin of Lightning,item,DMG; XDMG,true,true,,pending,
Jester,card,DMG; XDMG,true,true,,pending,
Jeweler's Tools,baseitem,PHB; XPHB,true,true,,pending,
Jug,item,PHB; XPHB,true,true,,pending,
Jump,spell,PHB; XPHB,true,true,,pending,
Jumping,variantrule,XPHB,false,true,,pending,
Keelboat,item,DMG; XPHB,true,true,,pending,
Keoghtom's Ointment,item,DMG; XDMG,true,true,,pending,
Key,card,DMG; XDMG,true,true,,pending,
Ki,classFeature,PHB,true,false,,pending,
Ki-Empowered Strikes,classFeature,PHB,true,false,,pending,
Killer Whale,monster,MM; XMM,true,true,,pending,
Knight,card; monster,DMG; MM; XDMG; XMM,true,true,,pending,
Knight and Four Guards,card,DMG,true,false,,pending,
Knock,spell,PHB; XPHB,true,true,,pending,
Knock Out (Cost: 6d6),classFeature,XPHB,false,true,,pending,
Knocking Out a Creature,variantrule,XPHB,false,true,,pending,
Kobold,card; monster,DMG; MM,true,false,,pending,
Kobold Warrior,monster,XMM,false,true,,pending,
Kraken,monster,MM; XMM,true,true,,pending,
Ladder,item,XPHB,false,true,,pending,
Ladder (10-foot),item,PHB,true,false,,pending,
Lamia,monster,MM; XMM,true,true,,pending,
Lamp,item,PHB; XPHB,true,true,,pending,
Lance,baseitem,PHB; XPHB,true,true,,pending,
Land's Aid,subclassFeature,XPHB,false,true,,pending,
Land's Stride,classFeature; subclassFeature,PHB,true,false,,pending,
Lantern of Revealing,item,DMG; XDMG,true,true,,pending,
Lay on Hands,classFeature,PHB; XPHB,true,true,,pending,
Leather Armor,baseitem,PHB; XPHB,true,true,,pending,
Leatherworker's Tools,baseitem,PHB; XPHB,true,true,,pending,
Legend Lore,spell,PHB; XPHB,true,true,,pending,
Lemure,monster,MM; XMM,true,true,,pending,
Leomund's Secret Chest,spell,PHB; XPHB,true,true,,pending,
Leomund's Tiny Hut,spell,PHB; XPHB,true,true,,pending,
Lesser Restoration,spell,PHB; XPHB,true,true,,pending,
Levitate,spell,PHB; XPHB,true,true,,pending,
Lich,card; monster,DMG; MM; XMM,true,true,,pending,
Life Domain,subclass; subclassFeature,PHB; XPHB,true,true,,pending,
Life Domain Spells,subclassFeature,XPHB,false,true,,pending,
Lifedrinker,optionalfeature,PHB; XPHB,true,true,,pending,
Lifestyle Expenses,entries,,true,false,,pending,
Light,spell,PHB; XPHB,true,true,,pending,
Light Crossbow,baseitem,PHB; XPHB,true,true,,pending,
Light Hammer,baseitem,PHB; XPHB,true,true,,pending,
Lightfoot,subrace,PHB,true,false,,pending,
Lightly Obscured,variantrule,XPHB,false,true,,pending,
Lightning Bolt,spell,PHB; XPHB,true,true,,pending,
Line [Area of Effect],variantrule,XPHB,false,true,,pending,
Linen (1 sq. yd.),item,PHB; XDMG,true,true,,pending,
Lion,monster,MM; XMM,true,true,,pending,
Lizard,monster,MM; XMM,true,true,,pending,
Lizardfolk,monster,MM,true,false,,pending,
Loaf of Bread,item,PHB,true,false,,pending,
Locate Animals or Plants,spell,PHB; XPHB,true,true,,pending,
Locate Creature,spell,PHB; XPHB,true,true,,pending,
Locate Object,spell,PHB; XPHB,true,true,,pending,
Lock,item,PHB; XPHB,true,true,,pending,
Lolth's Sting,item,XDMG,false,true,,pending,
Long Jump,variantrule,XPHB,false,true,,pending,
Long Rest,variantrule,XPHB,false,true,,pending,
Longbow,baseitem,PHB; XPHB,true,true,,pending,
Longship,item,DMG; XPHB,true,true,,pending,
Longstrider,spell,PHB; XPHB,true,true,,pending,
Longsword,baseitem,PHB; XPHB,true,true,,pending,
Lugh,deity,PHB,true,false,,pending,
Lute,baseitem,PHB; XPHB,true,true,,pending,
Lyre,baseitem,PHB; XPHB,true,true,,pending,
Mace,baseitem,PHB; XPHB,true,true,,pending,
Mace of Disruption,item,DMG; XDMG,true,true,,pending,
Mace of Smiting,item,DMG; XDMG,true,true,,pending,
Mace of Terror,item,DMG; XDMG,true,true,,pending,
Madness,variantrule,DMG,true,false,,pending,
Mage,monster,MM; XMM,true,true,,pending,
Mage Armor,spell,PHB; XPHB,true,true,,pending,
Mage Hand,spell,PHB; XPHB,true,true,,pending,
Magic,action,XPHB,false,true,,pending,
Magic Circle,spell,PHB; XPHB,true,true,,pending,
Magic Initiate,feat,XPHB,false,true,,pending,
Magic Jar,spell,PHB; XPHB,true,true,,pending,
Magic Missile,spell,PHB; XPHB,true,true,,pending,
Magic Mouth,spell,PHB; XPHB,true,true,,pending,
Magic Weapon,spell,PHB; XPHB,true,true,,pending,
Magical Cunning,classFeature,XPHB,false,true,,pending,
Magical Discoveries,subclassFeature,XPHB,false,true,,pending,
Magical Effect,variantrule,XPHB,false,true,,pending,
Magical Secrets,classFeature,PHB; XPHB,true,true,,pending,
Magician,classFeature,XPHB,false,true,,pending,
Magma Mephit,monster,MM; XMM,true,true,,pending,
Magmin,monster,MM; XMM,true,true,,pending,
Magnifying Glass,item,PHB; XPHB,true,true,,pending,
Major Image,spell,PHB; XPHB,true,true,,pending,
Malice,item,DMG; XDMG,true,true,,pending,
Mammoth,monster,MM; XMM,true,true,,pending,
Manacles,item,PHB; XPHB,true,true,,pending,
Manannan mac Lir,deity,PHB,true,false,,pending,
Manticore,monster,MM; XMM,true,true,,pending,
Mantle of Spell Resistance,item,DMG; XDMG,true,true,,pending,
Manual of Bodily Health,item,DMG; XDMG,true,true,,pending,
Manual of Clay Golems,item,DMG; XDMG,true,true,,pending,
Manual of Flesh Golems,item,DMG; XDMG,true,true,,pending,
Manual of Gainful Exercise,item,DMG; XDMG,true,true,,pending,
Manual of Golems,itemGroup,XDMG,false,true,,pending,
Manual of Iron Golems,item,DMG; XDMG,true,true,,pending,
Manual of Quickness of Action,item,DMG; XDMG,true,true,,pending,
Manual of Stone Golems,item,DMG; XDMG,true,true,,pending,
Map or Scroll Case,item,PHB; XPHB,true,true,,pending,
Marilith,monster,MM; XMM,true,true,,pending,
Martial Archetype,classFeature,PHB,true,false,,pending,
Martial Archetype feature,classFeature,PHB,true,false,,pending,
Martial Arts,classFeature,PHB; XPHB,true,true,,pending,
Martial Arts Die,classFeature,XPHB,false,true,,pending,
Mask of Many Faces,optionalfeature,PHB; XPHB,true,true,,pending,
Mason's Tools,baseitem,PHB; XPHB,true,true,,pending,
Mass Cure Wounds,spell,PHB; XPHB,true,true,,pending,
Mass Heal,spell,PHB; XPHB,true,true,,pending,
Mass Healing Word,spell,PHB; XPHB,true,true,,pending,
Mass Suggestion,spell,PHB; XPHB,true,true,,pending,
Master of Myriad Forms,optionalfeature,PHB; XPHB,true,true,,pending,
Mastiff,item; monster,MM; PHB; XMM; XPHB,true,true,,pending,
Math Mathonwy,deity,PHB,true,false,,pending,
Maul,baseitem,PHB; XPHB,true,true,,pending,
Maze,spell,PHB; XPHB,true,true,,pending,
Medallion of Thoughts,item,DMG; XDMG,true,true,,pending,
Medicine,skill,PHB; XPHB,true,true,,pending,
Medusa,card; monster,DMG; MM; XMM,true,true,,pending,
Meld into Stone,spell,PHB; XPHB,true,true,,pending,
Melf's Acid Arrow,spell,PHB; XPHB,true,true,,pending,
Memorize Spell,classFeature,XPHB,false,true,,pending,
Mending,spell,PHB; XPHB,true,true,,pending,
Merchant's Scale,item,PHB,true,false,,pending,
Merfolk,monster,MM,true,false,,pending,
Merfolk Skirmisher,monster,XMM,false,true,,pending,
Merrow,monster,MM; XMM,true,true,,pending,
Mess Kit,item,PHB,true,false,,pending,
Message,spell,PHB; XPHB,true,true,,pending,
Metamagic,classFeature,PHB; XPHB,true,true,,pending,
Metamagic Options,classFeature,XPHB,false,true,,pending,
Meteor Swarm,spell,PHB; XPHB,true,true,,pending,
Midnight Tears,item,DMG; XDMG,true,true,,pending,
Military Saddle,item,PHB; XPHB,true,true,,pending,
Mimic,monster,MM; XMM,true,true,,pending,
Mind Blank,spell,PHB; XPHB,true,true,,pending,
Mind Spike,spell,XPHB,false,true,,pending,
Mindless Rage,subclassFeature,PHB; XPHB,true,true,,pending,
Miner's Pick,item,PHB,true,false,,pending,
Minions of Chaos,optionalfeature,PHB,true,false,,pending,
Minor Illusion,spell,PHB; XPHB,true,true,,pending,
Minotaur,monster,MM,true,false,,pending,
Minotaur of Baphomet,monster,XMM,false,true,,pending,
Minotaur Skeleton,monster,MM; XMM,true,true,,pending,
Mirage Arcane,spell,PHB; XPHB,true,true,,pending,
Mire the Mind,optionalfeature,PHB,true,false,,pending,
Mirror,item,XPHB,false,true,,pending,
Mirror Image,spell,PHB; XPHB,true,true,,pending,
Mirror of Life Trapping,item,DMG; XDMG,true,true,,pending,
Mislead,spell,PHB; XPHB,true,true,,pending,
Misty Step,spell,PHB; XPHB,true,true,,pending,
Misty Visions,optionalfeature,PHB; XPHB,true,true,,pending,
Modify Memory,spell,PHB; XPHB,true,true,,pending,
Monastic Tradition,classFeature,PHB,true,false,,pending,
Monastic Tradition feature,classFeature,PHB,true,false,,pending,
Monk,class,PHB; XPHB,true,true,,pending,
Monk Subclass,classFeature,XPHB,false,true,,pending,
Monk's Focus,classFeature,XPHB,false,true,,pending,
Monster,variantrule,XPHB,false,true,,pending,
Moon,card,DMG; XDMG,true,true,,pending,
Moonbeam,spell,PHB; XPHB,true,true,,pending,
Mordenkainen's Faithful Hound,spell,PHB; XPHB,true,true,,pending,
Mordenkainen's Magnificent Mansion,spell,PHB; XPHB,true,true,,pending,
Mordenkainen's Private Sanctum,spell,PHB; XPHB,true,true,,pending,
Mordenkainen's Sword,spell,PHB; XPHB,true,true,,pending,
Morningstar,baseitem,PHB; XPHB,true,true,,pending,
Morrigan,deity,PHB,true,false,,pending,
Move Earth,spell,PHB; XPHB,true,true,,pending,
Mule,item; monster,MM; PHB; XMM; XPHB,true,true,,pending,
Multiattack,subclassFeature,PHB,true,false,,pending,
Multiattack Defense,subclassFeature,PHB,true,false,,pending,
Mummy,monster,MM; XMM,true,true,,pending,
Mummy Lord,monster,MM; XMM,true,true,,pending,
Musical Instrument,itemGroup,PHB; XPHB,true,true,,pending,
Musket,baseitem,XPHB,false,true,,pending,
Mystic Arcanum,classFeature,XPHB,false,true,,pending,
Mystic Arcanum (6th level),classFeature,PHB,true,false,,pending,
Mystic Arcanum (7th level),classFeature,PHB,true,false,,pending,
Mystic Arcanum (8th level),classFeature,PHB,true,false,,pending,
Mystic Arcanum (9th level),classFeature,PHB,true,false,,pending,
Nalfeshnee,monster,MM; XMM,true,true,,pending,
Natural Explorer,classFeature,PHB,true,false,,pending,
Natural Explorer improvement,classFeature,PHB,true,false,,pending,
Natural Recovery,subclassFeature,PHB; XPHB,true,true,,pending,
Nature,skill,PHB; XPHB,true,true,,pending,
Nature's Sanctuary,subclassFeature,PHB; XPHB,true,true,,pending,
Nature's Veil,classFeature,XPHB,false,true,,pending,
Nature's Ward,subclassFeature,PHB; XPHB,true,true,,pending,
Navigator's Tools,item,PHB; XPHB,true,true,,pending,
Necklace of Adaptation,item,DMG; XDMG,true,true,,pending,
Necklace of Fireballs,item,DMG; XDMG,true,true,,pending,
Necklace of Prayer Beads,item,DMG; XDMG,true,true,,pending,
Needle,baseitem,XPHB,false,true,,pending,
Needles (50),baseitem,XPHB,false,true,,pending,
Nephthys,deity,PHB,true,false,,pending,
Net,baseitem; item,PHB; XPHB,true,true,,pending,
Nick,itemMastery,XPHB,false,true,,pending,
Night Hag,card; monster,DMG; MM; XMM,true,true,,pending,
Nightmare,monster,MM; XMM,true,true,,pending,
Nike,deity,PHB,true,false,,pending,
Noble,monster,MM; XMM,true,true,,pending,
Nolzur's Marvelous Pigments,item,DMG; XDMG,true,true,,pending,
Nondetection,spell,PHB; XPHB,true,true,,pending,
Nonplayer Character,variantrule,XPHB,false,true,,pending,
Nuada,deity,PHB,true,false,,pending,
Nystul's Magic Aura,spell,PHB; XPHB,true,true,,pending,
Oath of Devotion,subclass; subclassFeature,PHB; XPHB,true,true,,pending,
Oath of Devotion Spells,subclassFeature,XPHB,false,true,,pending,
Oath Spells,subclassFeature,PHB,true,false,,pending,
Oathbow,item,DMG,true,false,,pending,
Object,variantrule,XPHB,false,true,,pending,
Obscure (Cost: 3d6),classFeature,XPHB,false,true,,pending,
Occupied Space,variantrule,XPHB,false,true,,pending,
Ochre Jelly,monster,MM; XMM,true,true,,pending,
Octopus,monster,MM; XMM,true,true,,pending,
Oghma,deity,PHB,true,false,,pending,
Ogre,card; monster,DMG; MM; XMM,true,true,,pending,
Ogre Mage,card,DMG,true,false,,pending,
Ogre Zombie,monster,MM; XMM,true,true,,pending,
Oil,item,XPHB,false,true,,pending,
Oil (flask),item,PHB,true,false,,pending,
Oil of Etherealness,item,DMG; XDMG,true,true,,pending,
Oil of Sharpness,item,DMG; XDMG,true,true,,pending,
Oil of Slipperiness,item,DMG; XDMG,true,true,,pending,
Oil of Taggit,item,DMG; XDMG,true,true,,pending,
One with Shadows,optionalfeature,PHB; XPHB,true,true,,pending,
Oni,monster,MM; XMM,true,true,,pending,
Open Hand Technique,subclassFeature,PHB; XPHB,true,true,,pending,
Opportunity Attack,action,PHB; XPHB,true,true,,pending,
Orb,baseitem,PHB; XPHB,true,true,,pending,
Orb of Dragonkind,item,DMG; XDMG,true,true,,pending,
Orc,card; language; monster; race,DMG; MM; PHB; XPHB,true,true,,pending,
Osiris,deity,PHB,true,false,,pending,
Other Activity,action,PHB,true,false,,pending,
Otherworldly Leap,optionalfeature,PHB; XPHB,true,true,,pending,
Otherworldly Patron,classFeature,PHB,true,false,,pending,
Otherworldly Patron feature,classFeature,PHB,true,false,,pending,
Otherworldly Steed,monster,XPHB,false,true,,pending,
Otiluke's Freezing Sphere,spell,PHB; XPHB,true,true,,pending,
Otiluke's Resilient Sphere,spell,PHB; XPHB,true,true,,pending,
Otto's Irresistible Dance,spell,PHB; XPHB,true,true,,pending,
Otyugh,monster,MM; XMM,true,true,,pending,
Overchannel,subclassFeature,PHB; XPHB,true,true,,pending,
Owl,monster,MM; XMM,true,true,,pending,
Owlbear,monster,MM; XMM,true,true,,pending,
Ox,item,PHB; XDMG,true,true,,pending,
Pack Saddle,item,PHB,true,false,,pending,
Pact Boon,classFeature,PHB,true,false,,pending,
Pact Magic,classFeature,PHB; XPHB,true,true,,pending,
Pact of the Blade,optionalfeature,PHB; XPHB,true,true,,pending,
Pact of the Chain,optionalfeature,PHB; XPHB,true,true,,pending,
Pact of the Tome,optionalfeature,PHB; XPHB,true,true,,pending,
Padded Armor,baseitem,PHB; XPHB,true,true,,pending,
Painter's Supplies,baseitem,PHB; XPHB,true,true,,pending,
Paladin,class,PHB; XPHB,true,true,,pending,
Paladin Subclass,classFeature,XPHB,false,true,,pending,
Paladin's Smite,classFeature,XPHB,false,true,,pending,
Pale Tincture,item,DMG; XDMG,true,true,,pending,
Pan,deity,PHB,true,false,,pending,
Pan Flute,baseitem,PHB; XPHB,true,true,,pending,
Panther,monster,MM; XMM,true,true,,pending,
Paper,item,XPHB,false,true,,pending,
Paper (one sheet),item,PHB,true,false,,pending,
Paralyzed,condition,PHB; XPHB,true,true,,pending,
Parchment,item,XPHB,false,true,,pending,
Parchment (one sheet),item,PHB,true,false,,pending,
Pass without Trace,spell,PHB; XPHB,true,true,,pending,
Passive Perception,variantrule,XPHB,false,true,,pending,
Passwall,spell,PHB; XPHB,true,true,,pending,
Path feature,classFeature,PHB,true,false,,pending,
Path Feature,classFeature,PHB,true,false,,pending,
Path of the Berserker,subclass; subclassFeature,PHB; XPHB,true,true,,pending,
Patient Defense,classFeature,PHB; XPHB,true,true,,pending,
Pearl of Power,item,DMG; XDMG,true,true,,pending,
Peerless Skill,subclassFeature,PHB; XPHB,true,true,,pending,
Pegasus,monster,MM; XMM,true,true,,pending,
Pepper,item,PHB; XDMG,true,true,,pending,
Per Day,variantrule,XPHB,false,true,,pending,
Perception,skill,PHB; XPHB,true,true,,pending,
Perfect Focus,classFeature,XPHB,false,true,,pending,
Perfect Self,classFeature,PHB,true,false,,pending,
Performance,skill,PHB; XPHB,true,true,,pending,
Perfume,item,XPHB,false,true,,pending,
Perfume (vial),item,PHB,true,false,,pending,
Periapt of Health,item,DMG; XDMG,true,true,,pending,
Periapt of Proof against Poison,item,DMG; XDMG,true,true,,pending,
Periapt of Wound Closure,item,DMG; XDMG,true,true,,pending,
Persistent Rage,classFeature,PHB; XPHB,true,true,,pending,
Persuasion,skill,PHB; XPHB,true,true,,pending,
Petrified,condition,PHB; XPHB,true,true,,pending,
Phantasmal Force,spell,XPHB,false,true,,pending,
Phantasmal Killer,spell,PHB; XPHB,true,true,,pending,
Phantom Steed,spell,PHB; XPHB,true,true,,pending,
Phase Spider,monster,MM; XMM,true,true,,pending,
Philter of Love,item,DMG; XDMG,true,true,,pending,
Pig,item,PHB; XDMG,true,true,,pending,
Pike,baseitem,PHB; XPHB,true,true,,pending,
Pipes of Haunting,item,DMG; XDMG,true,true,,pending,
Pipes of the Sewers,item,DMG; XDMG,true,true,,pending,
Piranha,monster,XMM,false,true,,pending,
Pirate,monster,XMM,false,true,,pending,
Pirate Captain,monster,XMM,false,true,,pending,
Pistol,baseitem,XPHB,false,true,,pending,
Pit Fiend,monster,MM; XMM,true,true,,pending,
Pitcher,item,PHB,true,false,,pending,
Piton,item,PHB,true,false,,pending,
Pits,trap,DMG,true,false,,pending,
Planar Ally,spell,PHB; XPHB,true,true,,pending,
Planar Binding,spell,PHB; XPHB,true,true,,pending,
Plane Shift,spell,PHB; XPHB,true,true,,pending,
Planetar,monster,MM; XMM,true,true,,pending,
Plant Growth,spell,PHB; XPHB,true,true,,pending,
Plate Armor,baseitem,PHB; XPHB,true,true,,pending,
Plate Armor of Etherealness,item,DMG,true,false,,pending,
Platinum,item,PHB; XDMG,true,true,,pending,
Player Character,variantrule,XPHB,false,true,,pending,
Playing Card Set,item,PHB,true,false,,pending,
Playing Cards,item,XPHB,false,true,,pending,
Plesiosaurus,monster,MM; XMM,true,true,,pending,
Poison (Cost: 1d6),classFeature,XPHB,false,true,,pending,
Poison Darts,trap,DMG,true,false,,pending,
Poison Needle,trap,DMG,true,false,,pending,
Poison Spray,spell,PHB; XPHB,true,true,,pending,
Poisoned,condition,PHB; XPHB,true,true,,pending,
Poisoned Darts,trap,XDMG,false,true,,pending,
Poisoned Needle,trap,XDMG,false,true,,pending,
Poisoner's Kit,item,PHB; XPHB,true,true,,pending,
Poisonous Snake,monster,MM,true,false,,pending,
Polar Bear,monster,MM; XMM,true,true,,pending,
Pole,item,XPHB,false,true,,pending,
Pole (10-foot),item,PHB,true,false,,pending,
Polymorph,spell,PHB; XPHB,true,true,,pending,
Pony,item; monster,MM; PHB; XMM; XPHB,true,true,,pending,
Portable Hole,item,DMG; XDMG,true,true,,pending,
Portable Ram,item,PHB; XPHB,true,true,,pending,
Poseidon,deity,PHB,true,false,,pending,
Possession,variantrule,XPHB,false,true,,pending,
Potent Cantrip,subclassFeature,PHB; XPHB,true,true,,pending,
Potent Spellcasting,classFeature,XPHB,false,true,,pending,
Potion of Acid Resistance,item,DMG; XDMG,true,true,,pending,
Potion of Animal Friendship,item,DMG; XDMG,true,true,,pending,
Potion of Clairvoyance,item,DMG; XDMG,true,true,,pending,
Potion of Climbing,item,DMG; XDMG,true,true,,pending,
Potion of Cloud Giant Strength,item,DMG; XDMG,true,true,,pending,
Potion of Cold Resistance,item,DMG; XDMG,true,true,,pending,
Potion of Diminution,item,DMG; XDMG,true,true,,pending,
Potion of Fire Giant Strength,item,DMG; XDMG,true,true,,pending,
Potion of Fire Resistance,item,DMG; XDMG,true,true,,pending,
Potion of Flying,item,DMG; XDMG,true,true,,pending,
Potion of Force Resistance,item,DMG; XDMG,true,true,,pending,
Potion of Frost Giant Strength,item,DMG; XDMG,true,true,,pending,
Potion of Gaseous Form,item,DMG; XDMG,true,true,,pending,
Potion of Giant Strength,itemGroup,XDMG,false,true,,pending,
Potion of Greater Healing,item,DMG; XDMG,true,true,,pending,
Potion of Growth,item,DMG; XDMG,true,true,,pending,
Potion of Healing,item,DMG; XDMG,true,true,,pending,
Potion of Healing (*),itemGroup,DMG,true,false,,pending,
Potion of Heroism,item,DMG; XDMG,true,true,,pending,
Potion of Hill Giant Strength,item,DMG; XDMG,true,true,,pending,
Potion of Invisibility,item,DMG; XDMG,true,true,,pending,
Potion of Invulnerability,item,XDMG,false,true,,pending,
Potion of Lightning Resistance,item,DMG; XDMG,true,true,,pending,
Potion of Longevity,item,XDMG,false,true,,pending,
Potion of Mind Reading,item,DMG; XDMG,true,true,,pending,
Potion of Necrotic Resistance,item,DMG; XDMG,true,true,,pending,
Potion of Poison,item,DMG; XDMG,true,true,,pending,
Potion of Poison Resistance,item,DMG; XDMG,true,true,,pending,
Potion of Psychic Resistance,item,DMG; XDMG,true,true,,pending,
Potion of Radiant Resistance,item,DMG; XDMG,true,true,,pending,
Potion of Resistance,itemGroup,XDMG,false,true,,pending,
Potion of Speed,item,DMG; XDMG,true,true,,pending,
Potion of Stone Giant Strength,item,DMG; XDMG,true,true,,pending,
Potion of Storm Giant Strength,item,DMG; XDMG,true,true,,pending,
Potion of Superior Healing,item,DMG; XDMG,true,true,,pending,
Potion of Supreme Healing,item,DMG; XDMG,true,true,,pending,
Potion of Thunder Resistance,item,DMG; XDMG,true,true,,pending,
Potion of Vitality,item,XDMG,false,true,,pending,
Potion of Water Breathing,item,DMG; XDMG,true,true,,pending,
Potions of Healing,itemGroup,XDMG,false,true,,pending,
Potter's Tools,baseitem,PHB; XPHB,true,true,,pending,
Pouch,item,PHB; XPHB,true,true,,pending,
Power Word Heal,spell,XPHB,false,true,,pending,
Power Word Kill,spell,PHB; XPHB,true,true,,pending,
Power Word Stun,spell,PHB; XPHB,true,true,,pending,
Prayer of Healing,spell,PHB; XPHB,true,true,,pending,
Precise Hunter,classFeature,XPHB,false,true,,pending,
Preserve Life,subclassFeature,XPHB,false,true,,pending,
Prestidigitation,spell,PHB; XPHB,true,true,,pending,
Priest,monster,MM; XMM,true,true,,pending,
Priest Acolyte,monster,XMM,false,true,,pending,
Priest and Two Acolytes,card,DMG,true,false,,pending,
Priest's Pack,item,PHB; XPHB,true,true,,pending,
Primal Champion,classFeature,PHB; XPHB,true,true,,pending,
Primal Knowledge,classFeature,XPHB,false,true,,pending,
Primal Order,classFeature,XPHB,false,true,,pending,
Primal Path,classFeature,PHB,true,false,,pending,
Primal Strike,classFeature,XPHB,false,true,,pending,
Primeval Awareness,classFeature,PHB,true,false,,pending,
Primordial,language,PHB; XPHB,true,true,,pending,
Prismatic Spray,spell,PHB; XPHB,true,true,,pending,
Prismatic Wall,spell,PHB; XPHB,true,true,,pending,
Produce Flame,spell,PHB; XPHB,true,true,,pending,
Proficiency,variantrule,XPHB,false,true,,pending,
Programmed Illusion,spell,PHB; XPHB,true,true,,pending,
Project Image,spell,PHB; XPHB,true,true,,pending,
Prone,condition,PHB; XPHB,true,true,,pending,
Protection,optionalfeature,PHB,true,false,,pending,
Protection from Energy,spell,PHB; XPHB,true,true,,pending,
Protection from Evil and Good,spell,PHB; XPHB,true,true,,pending,
Protection from Poison,spell,PHB; XPHB,true,true,,pending,
Protector,classFeature,XPHB,false,true,,pending,
Pseudodragon,monster,MM; XMM,true,true,,pending,
Psychic Gray Ooze,monster,XMM,false,true,,pending,
Ptah,deity,PHB,true,false,,pending,
Pteranodon,monster,XMM,false,true,,pending,
Purify Food and Drink,spell,PHB; XPHB,true,true,,pending,
Purity of Body,classFeature,PHB,true,false,,pending,
Purity of Spirit,subclassFeature,PHB,true,false,,pending,
Purple Worm,monster,MM; XMM,true,true,,pending,
Purple Worm Poison,item,DMG; XDMG,true,true,,pending,
Push,itemMastery,XPHB,false,true,,pending,
Puzzle,card,XDMG,false,true,,pending,
Quaal's Feather Token,itemGroup,XDMG,false,true,,pending,
"Quaal's Feather Token, Anchor",item,DMG; XDMG,true,true,,pending,
"Quaal's Feather Token, Bird",item,DMG; XDMG,true,true,,pending,
"Quaal's Feather Token, Fan",item,DMG; XDMG,true,true,,pending,
"Quaal's Feather Token, Swan Boat",item,DMG; XDMG,true,true,,pending,
"Quaal's Feather Token, Tree",item,DMG; XDMG,true,true,,pending,
"Quaal's Feather Token, Whip",item,DMG; XDMG,true,true,,pending,
Quarterstaff,baseitem,PHB; XPHB,true,true,,pending,
Quarterstaff of the Acrobat,item,XDMG,false,true,,pending,
Quasit,monster,MM; XMM,true,true,,pending,
Quickened Spell,optionalfeature,PHB; XPHB,true,true,,pending,
Quipper,monster,MM,true,false,,pending,
Quiver,item,PHB; XPHB,true,true,,pending,
Quiver of Ehlonna,item,DMG; XDMG,true,true,,pending,
Quivering Palm,subclassFeature,PHB; XPHB,true,true,,pending,
Radiant Strikes,classFeature,XPHB,false,true,,pending,
Rage,classFeature,PHB; XPHB,true,true,,pending,
Raise Dead,spell,PHB; XPHB,true,true,,pending,
Rakshasa,monster,MM; XMM,true,true,,pending,
Ranger,class,PHB; XPHB,true,true,,pending,
Ranger Archetype,classFeature,PHB,true,false,,pending,
Ranger Archetype feature,classFeature,PHB,true,false,,pending,
Ranger Subclass,classFeature,XPHB,false,true,,pending,
Rapier,baseitem,PHB; XPHB,true,true,,pending,
Rary's Telepathic Bond,spell,PHB; XPHB,true,true,,pending,
Rat,monster,MM; XMM,true,true,,pending,
Rations,item,XPHB,false,true,,pending,
Rations (1 day),item,PHB,true,false,,pending,
Raven,monster,MM; XMM,true,true,,pending,
Ray of Enfeeblement,spell,PHB; XPHB,true,true,,pending,
Ray of Frost,spell,PHB; XPHB,true,true,,pending,
Ray of Sickness,spell,XPHB,false,true,,pending,
Re-Horakhty,deity,PHB,true,false,,pending,
Reaction,variantrule,XPHB,false,true,,pending,
Ready,action,PHB; XPHB,true,true,,pending,
Reckless Attack,classFeature,PHB; XPHB,true,true,,pending,
Red Dragon,card,DMG,true,false,,pending,
Red Dragon Scale Mail,item,DMG; XDMG,true,true,,pending,
Red Dragon Wyrmling,monster,MM; XMM,true,true,,pending,
Reef Shark,monster,MM; XMM,true,true,,pending,
Regenerate,spell,PHB; XPHB,true,true,,pending,
Reincarnate,spell,PHB; XPHB,true,true,,pending,
Relentless Hunter,classFeature,XPHB,false,true,,pending,
Relentless Rage,classFeature,PHB; XPHB,true,true,,pending,
Reliable Talent,classFeature,PHB; XPHB,true,true,,pending,
Religion,skill,PHB; XPHB,true,true,,pending,
Reliquary,item,PHB; XPHB,true,true,,pending,
Remarkable Athlete,subclassFeature,PHB; XPHB,true,true,,pending,
Remorhaz,monster,MM; XMM,true,true,,pending,
Remove Curse,spell,PHB; XPHB,true,true,,pending,
Repelling Blast,optionalfeature,PHB; XPHB,true,true,,pending,
Resistance,spell; variantrule,PHB; XPHB,true,true,,pending,
Restoring Touch,classFeature,XPHB,false,true,,pending,
Restrained,condition,PHB; XPHB,true,true,,pending,
Resurrection,spell,PHB; XPHB,true,true,,pending,
Retaliation,subclassFeature,PHB; XPHB,true,true,,pending,
Reverse Gravity,spell,PHB; XPHB,true,true,,pending,
Revivify,spell,PHB; XPHB,true,true,,pending,
Rhinoceros,monster,MM; XMM,true,true,,pending,
Riding Horse,item; monster,MM; PHB; XMM; XPHB,true,true,,pending,
Riding Saddle,item,PHB; XPHB,true,true,,pending,
Ring Mail,baseitem,PHB; XPHB,true,true,,pending,
Ring of Acid Resistance,item,DMG; XDMG,true,true,,pending,
Ring of Air Elemental Command,item,DMG,true,false,,pending,
Ring of Animal Influence,item,DMG; XDMG,true,true,,pending,
Ring of Cold Resistance,item,DMG; XDMG,true,true,,pending,
Ring of Djinni Summoning,item,DMG; XDMG,true,true,,pending,
Ring of Earth Elemental Command,item,DMG,true,false,,pending,
Ring of Elemental Command,itemGroup,XDMG,false,true,,pending,
Ring of Elemental Command (Air),item,XDMG,false,true,,pending,
Ring of Elemental Command (Earth),item,XDMG,false,true,,pending,
Ring of Elemental Command (Fire),item,XDMG,false,true,,pending,
Ring of Elemental Command (Water),item,XDMG,false,true,,pending,
Ring of Evasion,item,DMG; XDMG,true,true,,pending,
Ring of Feather Falling,item,DMG; XDMG,true,true,,pending,
Ring of Fire Elemental Command,item,DMG,true,false,,pending,
Ring of Fire Resistance,item,DMG; XDMG,true,true,,pending,
Ring of Force Resistance,item,DMG; XDMG,true,true,,pending,
Ring of Free Action,item,DMG; XDMG,true,true,,pending,
Ring of Invisibility,item,DMG; XDMG,true,true,,pending,
Ring of Jumping,item,DMG; XDMG,true,true,,pending,
Ring of Lightning Resistance,item,DMG; XDMG,true,true,,pending,
Ring of Mind Shielding,item,DMG; XDMG,true,true,,pending,
Ring of Necrotic Resistance,item,DMG; XDMG,true,true,,pending,
Ring of Poison Resistance,item,DMG; XDMG,true,true,,pending,
Ring of Protection,item,DMG; XDMG,true,true,,pending,
Ring of Psychic Resistance,item,DMG; XDMG,true,true,,pending,
Ring of Radiant Resistance,item,DMG; XDMG,true,true,,pending,
Ring of Regeneration,item,DMG; XDMG,true,true,,pending,
Ring of Resistance,itemGroup,XDMG,false,true,,pending,
Ring of Shooting Stars,item,DMG; XDMG,true,true,,pending,
Ring of Spell Storing,item,DMG; XDMG,true,true,,pending,
Ring of Spell Turning,item,DMG; XDMG,true,true,,pending,
Ring of Swimming,item,DMG; XDMG,true,true,,pending,
Ring of Telekinesis,item,DMG; XDMG,true,true,,pending,
Ring of the Ram,item,DMG; XDMG,true,true,,pending,
Ring of Three Wishes,item,DMG; XDMG,true,true,,pending,
Ring of Thunder Resistance,item,DMG; XDMG,true,true,,pending,
Ring of Warmth,item,DMG; XDMG,true,true,,pending,
Ring of Water Elemental Command,item,DMG,true,false,,pending,
Ring of Water Walking,item,DMG; XDMG,true,true,,pending,
Ring of X-ray Vision,item,DMG; XDMG,true,true,,pending,
Ritual,variantrule,XPHB,false,true,,pending,
Ritual Adept,classFeature,XPHB,false,true,,pending,
Robe,item,XPHB,false,true,,pending,
Robe of Eyes,item,DMG; XDMG,true,true,,pending,
Robe of Scintillating Colors,item,DMG; XDMG,true,true,,pending,
Robe of Stars,item,DMG; XDMG,true,true,,pending,
Robe of the Archmagi,item,DMG; XDMG,true,true,,pending,
Robe of Useful Items,item,DMG; XDMG,true,true,,pending,
Robes,item,PHB,true,false,,pending,
Roc,monster,MM; XMM,true,true,,pending,
Rock,subrace,PHB,true,false,,pending,
Rod,baseitem,PHB; XPHB,true,true,,pending,
Rod of Absorption,item,DMG; XDMG,true,true,,pending,
Rod of Alertness,item,DMG; XDMG,true,true,,pending,
Rod of Lordly Might,item,DMG; XDMG,true,true,,pending,
Rod of Resurrection,item,XDMG,false,true,,pending,
Rod of Rulership,item,DMG; XDMG,true,true,,pending,
Rod of Security,item,DMG; XDMG,true,true,,pending,
Rogue,card; class,DMG; PHB; XDMG; XPHB,true,true,,pending,
Rogue Subclass,classFeature,XPHB,false,true,,pending,
Roguish Archetype,classFeature,PHB,true,false,,pending,
Roguish Archetype feature,classFeature,PHB,true,false,,pending,
Rolling Sphere,trap,DMG,true,false,,pending,
Rolling Stone,trap,XDMG,false,true,,pending,
Rope,item,XPHB,false,true,,pending,
Rope of Climbing,item,DMG; XDMG,true,true,,pending,
Rope of Entanglement,item,DMG; XDMG,true,true,,pending,
Rope Trick,spell,PHB; XPHB,true,true,,pending,
Roper,monster,MM; XMM,true,true,,pending,
Round Down,variantrule,XPHB,false,true,,pending,
Roving,classFeature,XPHB,false,true,,pending,
Rowboat,item,DMG; XPHB,true,true,,pending,
Rug of Smothering,monster,MM,true,false,,pending,
Ruin,card,DMG; XDMG,true,true,,pending,
Rust Monster,monster,MM; XMM,true,true,,pending,
Saber-Toothed Tiger,monster,MM; XMM,true,true,,pending,
Sack,item,PHB; XPHB,true,true,,pending,
Sacred Flame,spell,PHB; XPHB,true,true,,pending,
Sacred Oath,classFeature,PHB,true,false,,pending,
Sacred Oath feature,classFeature,PHB,true,false,,pending,
Sacred Weapon,subclassFeature,PHB; XPHB,true,true,,pending,
Saddlebags,item,PHB,true,false,,pending,
Saffron,item,PHB; XDMG,true,true,,pending,
Sage,background; card,XDMG; XPHB,false,true,,pending,
Sahuagin,monster,MM,true,false,,pending,
Sahuagin Warrior,monster,XMM,false,true,,pending,
Sailing Ship,item,DMG; XPHB,true,true,,pending,
Salamander,monster,MM; XMM,true,true,,pending,
Salt,item,PHB; XDMG,true,true,,pending,
Sanctuary,spell,PHB; XPHB,true,true,,pending,
Sap,itemMastery,XPHB,false,true,,pending,
Satyr,monster,MM; XMM,true,true,,pending,
Savage Attacker,feat,XPHB,false,true,,pending,
Save,variantrule,XPHB,false,true,,pending,
Saving Throw,variantrule,XPHB,false,true,,pending,
Scale Mail,baseitem,PHB; XPHB,true,true,,pending,
Scarab of Protection,item,DMG; XDMG,true,true,,pending,
Scholar,classFeature,XPHB,false,true,,pending,
Scholar's Pack,item,PHB; XPHB,true,true,,pending,
School of Evocation,subclass; subclassFeature,PHB,true,false,,pending,
Scimitar,baseitem,PHB; XPHB,true,true,,pending,
Scimitar of Speed,item,DMG; XDMG,true,true,,pending,
Scorching Ray,spell,PHB; XPHB,true,true,,pending,
Scorpion,monster,MM; XMM,true,true,,pending,
Scout,monster,MM; XMM,true,true,,pending,
Scrying,spell,PHB; XPHB,true,true,,pending,
Sculpt Spells,subclassFeature,PHB; XPHB,true,true,,pending,
Sculptor of Flesh,optionalfeature,PHB,true,false,,pending,
Sea Hag,monster,MM; XMM,true,true,,pending,
Sea Horse,monster,MM,true,false,,pending,
Seahorse,monster,XMM,false,true,,pending,
Sealing Wax,item,PHB,true,false,,pending,
Sear Undead,classFeature,XPHB,false,true,,pending,
Search,action,PHB; XPHB,true,true,,pending,
Searing Smite,spell,XPHB,false,true,,pending,
Second Wind,classFeature,PHB; XPHB,true,true,,pending,
Second-Story Work,subclassFeature,PHB; XPHB,true,true,,pending,
See Invisibility,spell,PHB; XPHB,true,true,,pending,
Seeming,spell,PHB; XPHB,true,true,,pending,
Self-Restoration,classFeature,XPHB,false,true,,pending,
Sending,spell,PHB; XPHB,true,true,,pending,
Sending Stones,item,XDMG,false,true,,pending,
Sentinel Shield,item,XDMG,false,true,,pending,
Sequester,spell,PHB; XPHB,true,true,,pending,
Serpent Venom,item,DMG; XDMG,true,true,,pending,
Set,deity,PHB,true,false,,pending,
Sewer Plague,disease,DMG; XDMG,true,true,,pending,
Shadow,monster,MM; XMM,true,true,,pending,
Shambling Mound,monster,MM; XMM,true,true,,pending,
Shape-Shifting,variantrule,XPHB,false,true,,pending,
Shapechange,spell,PHB; XPHB,true,true,,pending,
Shatter,spell,PHB; XPHB,true,true,,pending,
Shawm,baseitem,PHB; XPHB,true,true,,pending,
Sheep,item,PHB; XDMG,true,true,,pending,
Shield,baseitem; spell,PHB; XPHB,true,true,,pending,
Shield Guardian,monster,MM; XMM,true,true,,pending,
Shield of Faith,spell,PHB; XPHB,true,true,,pending,
Shield of Missile Attraction,item,DMG; XDMG,true,true,,pending,
Shield of the Cavalier,item,XDMG,false,true,,pending,
Shillelagh,spell,PHB; XPHB,true,true,,pending,
Shining Smite,spell,XPHB,false,true,,pending,
Shocking Grasp,spell,PHB; XPHB,true,true,,pending,
Short Rest,variantrule,XPHB,false,true,,pending,
Shortbow,baseitem,PHB; XPHB,true,true,,pending,
Shortsword,baseitem,PHB; XPHB,true,true,,pending,
Shove,action,PHB,true,false,,pending,
Shovel,item,PHB; XPHB,true,true,,pending,
Shrieker,monster,MM,true,false,,pending,
Shrieker Fungus,monster,XMM,false,true,,pending,
Sickle,baseitem,PHB; XPHB,true,true,,pending,
Sight Rot,disease,DMG; XDMG,true,true,,pending,
Sign of Ill Omen,optionalfeature,PHB,true,false,,pending,
Signal Whistle,item,PHB; XPHB,true,true,,pending,
Signature Spells,classFeature,PHB; XPHB,true,true,,pending,
Signet Ring,item,PHB,true,false,,pending,
Silence,spell,PHB; XPHB,true,true,,pending,
Silent Image,spell,PHB; XPHB,true,true,,pending,
Silk,item,XDMG,false,true,,pending,
Silk (1 sq. yd.),item,PHB,true,false,,pending,
Silk Rope (50 feet),item,PHB,true,false,,pending,
Silvanus,deity,PHB,true,false,,pending,
Silver,item,PHB; XDMG,true,true,,pending,
Silver Dragon Scale Mail,item,DMG; XDMG,true,true,,pending,
Silver Dragon Wyrmling,monster,MM; XMM,true,true,,pending,
Simulacrum,spell,PHB; XPHB,true,true,,pending,
Simultaneous Effects,variantrule,XPHB,false,true,,pending,
Size,variantrule,XPHB,false,true,,pending,
Skeleton,monster,MM; XMM,true,true,,pending,
Skill,variantrule,XPHB,false,true,,pending,
Skilled,feat,XPHB,false,true,,pending,
Skull,card,DMG; XDMG,true,true,,pending,
Sled,item,PHB; XPHB,true,true,,pending,
Sledgehammer,item,PHB,true,false,,pending,
Sleep,spell,PHB; XPHB,true,true,,pending,
Sleet Storm,spell,PHB; XPHB,true,true,,pending,
Sleight of Hand,skill,PHB; XPHB,true,true,,pending,
Sling,baseitem,PHB; XPHB,true,true,,pending,
Sling Bullet,baseitem,PHB; XPHB,true,true,,pending,
Sling Bullets (20),baseitem,PHB; XPHB,true,true,,pending,
Slippers of Spider Climbing,item,DMG; XDMG,true,true,,pending,
Slippery Mind,classFeature,PHB; XPHB,true,true,,pending,
Slow,itemMastery; spell,PHB; XPHB,true,true,,pending,
Slow Fall,classFeature,PHB; XPHB,true,true,,pending,
Smite of Protection,subclassFeature,XPHB,false,true,,pending,
Smith's Tools,baseitem,PHB; XPHB,true,true,,pending,
Sneak Attack,classFeature,PHB; XPHB,true,true,,pending,
Soap,item,PHB,true,false,,pending,
Sobek,deity,PHB,true,false,,pending,
Solar,monster,MM; XMM,true,true,,pending,
Soldier,background,XPHB,false,true,,pending,
Song of Rest (d10),classFeature,PHB,true,false,,pending,
Song of Rest (d12),classFeature,PHB,true,false,,pending,
Song of Rest (d6),classFeature,PHB,true,false,,pending,
Song of Rest (d8),classFeature,PHB,true,false,,pending,
Sorcerer,class,PHB; XPHB,true,true,,pending,
Sorcerer Subclass,classFeature,XPHB,false,true,,pending,
Sorcerous Burst,spell,XPHB,false,true,,pending,
Sorcerous Origin,classFeature,PHB,true,false,,pending,
Sorcerous Origin feature,classFeature,PHB,true,false,,pending,
Sorcerous Restoration,classFeature,PHB; XPHB,true,true,,pending,
Sorcery Incarnate,classFeature,XPHB,false,true,,pending,
Sorcery Points,classFeature,PHB,true,false,,pending,
Sovereign Glue,item,DMG; XDMG,true,true,,pending,
Spare the Dying,spell,PHB; XPHB,true,true,,pending,
Speak with Animals,spell,PHB; XPHB,true,true,,pending,
Speak with Dead,spell,PHB; XPHB,true,true,,pending,
Speak with Plants,spell,PHB; XPHB,true,true,,pending,
Spear,baseitem,PHB; XPHB,true,true,,pending,
Specter,monster,MM; XMM,true,true,,pending,
Speed,variantrule,XPHB,false,true,,pending,
Spell,variantrule,XPHB,false,true,,pending,
Spell Attack,variantrule,XPHB,false,true,,pending,
Spell Mastery,classFeature,PHB; XPHB,true,true,,pending,
Spell Scroll,itemGroup,XDMG,false,true,,pending,
Spell Scroll (1st Level),item,DMG,true,false,,pending,
Spell Scroll (2nd Level),item,DMG,true,false,,pending,
Spell Scroll (3rd Level),item,DMG,true,false,,pending,
Spell Scroll (4th Level),item,DMG,true,false,,pending,
Spell Scroll (5th Level),item,DMG,true,false,,pending,
Spell Scroll (6th Level),item,DMG,true,false,,pending,
Spell Scroll (7th Level),item,DMG,true,false,,pending,
Spell Scroll (8th Level),item,DMG,true,false,,pending,
Spell Scroll (9th Level),item,DMG,true,false,,pending,
Spell Scroll (Cantrip),item,DMG; XDMG,true,true,,pending,
Spell Scroll (Level 1),item,XDMG,false,true,,pending,
Spell Scroll (Level 2),item,XDMG,false,true,,pending,
Spell Scroll (Level 3),item,XDMG,false,true,,pending,
Spell Scroll (Level 4),item,XDMG,false,true,,pending,
Spell Scroll (Level 5),item,XDMG,false,true,,pending,
Spell Scroll (Level 6),item,XDMG,false,true,,pending,
Spell Scroll (Level 7),item,XDMG,false,true,,pending,
Spell Scroll (Level 8),item,XDMG,false,true,,pending,
Spell Scroll (Level 9),item,XDMG,false,true,,pending,
Spellbook,item,PHB,true,false,,pending,
Spellcasting,classFeature,PHB; XPHB,true,true,,pending,
Spellcasting Focus,variantrule,XPHB,false,true,,pending,
Spellguard Shield,item,DMG; XDMG,true,true,,pending,
Sphere [Area of Effect],variantrule,XPHB,false,true,,pending,
Sphere of Annihilation,item; trap,DMG; XDMG,true,true,,pending,
Sphinx of Lore,monster,XMM,false,true,,pending,
Sphinx of Valor,monster,XMM,false,true,,pending,
Sphinx of Wonder,monster,XMM,false,true,,pending,
Spider,monster,MM; XMM,true,true,,pending,
Spider Climb,spell,PHB; XPHB,true,true,,pending,
Spike Growth,spell,PHB; XPHB,true,true,,pending,
Spiked Pit,trap,XDMG,false,true,,pending,
Spirit Guardians,spell,PHB; XPHB,true,true,,pending,
Spirit Naga,monster,MM; XMM,true,true,,pending,
Spiritual Weapon,spell,PHB; XPHB,true,true,,pending,
Splint Armor,baseitem,PHB; XPHB,true,true,,pending,
Sprig of Mistletoe,item,PHB; XPHB,true,true,,pending,
Sprite,monster,MM; XMM,true,true,,pending,
Spy,monster,MM; XMM,true,true,,pending,
Spyglass,item,PHB; XPHB,true,true,,pending,
Stabilize a Creature,action,PHB,true,false,,pending,
Stable,variantrule,XPHB,false,true,,pending,
Stabling (per day),item,PHB; XPHB,true,true,,pending,
Staff,baseitem,PHB; XPHB,true,true,,pending,
Staff of Charming,item,DMG; XDMG,true,true,,pending,
Staff of Fire,item,DMG; XDMG,true,true,,pending,
Staff of Frost,item,DMG; XDMG,true,true,,pending,
Staff of Healing,item,DMG; XDMG,true,true,,pending,
Staff of Power,item,DMG; XDMG,true,true,,pending,
Staff of Striking,item,DMG; XDMG,true,true,,pending,
Staff of Swarming Insects,item,DMG; XDMG,true,true,,pending,
Staff of the Magi,item,DMG; XDMG,true,true,,pending,
Staff of the Python,item,DMG; XDMG,true,true,,pending,
Staff of the Woodlands,item,DMG; XDMG,true,true,,pending,
Staff of Thunder and Lightning,item,DMG; XDMG,true,true,,pending,
Staff of Withering,item,DMG; XDMG,true,true,,pending,
Stand Against the Tide,subclassFeature,PHB,true,false,,pending,
Star,card,DMG; XDMG,true,true,,pending,
Starry Wisp,spell,XPHB,false,true,,pending,
Stat Block,variantrule,XPHB,false,true,,pending,
Steady Aim,classFeature,XPHB,false,true,,pending,
Stealth,skill,PHB; XPHB,true,true,,pending,
Steam Mephit,monster,MM; XMM,true,true,,pending,
Steel Mirror,item,PHB,true,false,,pending,
Steel Will,subclassFeature,PHB,true,false,,pending,
Step of the Wind,classFeature,PHB; XPHB,true,true,,pending,
Stillness of Mind,classFeature,PHB,true,false,,pending,
Stinking Cloud,spell,PHB; XPHB,true,true,,pending,
Stirge,monster,MM; XMM,true,true,,pending,
Stone Giant,monster,MM; XMM,true,true,,pending,
Stone Golem,monster,MM; XMM,true,true,,pending,
Stone of Controlling Earth Elementals,item,DMG; XDMG,true,true,,pending,
Stone of Good Luck,item,DMG; XDMG,true,true,,pending,
Stone Shape,spell,PHB; XPHB,true,true,,pending,
Stoneskin,spell,PHB; XPHB,true,true,,pending,
Storm Giant,monster,MM; XMM,true,true,,pending,
Storm of Vengeance,spell,PHB; XPHB,true,true,,pending,
Stroke of Luck,classFeature,PHB; XPHB,true,true,,pending,
Studded Leather Armor,baseitem,PHB; XPHB,true,true,,pending,
Studied Attacks,classFeature,XPHB,false,true,,pending,
Stunned,condition,PHB; XPHB,true,true,,pending,
Stunning Strike,classFeature,PHB; XPHB,true,true,,pending,
Subclass Feature,classFeature,XPHB,false,true,,pending,
Subtle Spell,optionalfeature,PHB; XPHB,true,true,,pending,
Succubus,monster,MM; XMM,true,true,,pending,
Succubus/Incubus,card,DMG,true,false,,pending,
Suggestion,spell,PHB; XPHB,true,true,,pending,
Summon Dragon,spell,XPHB,false,true,,pending,
Sun,card,DMG; XDMG,true,true,,pending,
Sun Blade,item,DMG; XDMG,true,true,,pending,
Sunbeam,spell,PHB; XPHB,true,true,,pending,
Sunburst,spell,PHB; XPHB,true,true,,pending,
Superior Critical,subclassFeature,PHB; XPHB,true,true,,pending,
Superior Defense,classFeature,XPHB,false,true,,pending,
Superior Hunter's Defense,subclassFeature,PHB; XPHB,true,true,,pending,
Superior Hunter's Prey,subclassFeature,XPHB,false,true,,pending,
Superior Inspiration,classFeature,PHB; XPHB,true,true,,pending,
Supreme Healing,subclassFeature,PHB; XPHB,true,true,,pending,
Supreme Sneak,subclassFeature,PHB; XPHB,true,true,,pending,
Surprised,status,PHB; XPHB,true,true,,pending,
Survival,skill,PHB; XPHB,true,true,,pending,
Survivor,subclassFeature,PHB; XPHB,true,true,,pending,
Swarm of Bats,monster,MM; XMM,true,true,,pending,
Swarm of Beetles,monster,MM,true,false,,pending,
Swarm of Centipedes,monster,MM,true,false,,pending,
Swarm of Crawling Claws,monster,XMM,false,true,,pending,
Swarm of Insects,monster,MM; XMM,true,true,,pending,
Swarm of Piranhas,monster,XMM,false,true,,pending,
Swarm of Poisonous Snakes,monster,MM,true,false,,pending,
Swarm of Quippers,monster,MM,true,false,,pending,
Swarm of Rats,monster,MM; XMM,true,true,,pending,
Swarm of Ravens,monster,MM; XMM,true,true,,pending,
Swarm of Spiders,monster,MM,true,false,,pending,
Swarm of Venomous Snakes,monster,XMM,false,true,,pending,
Swarm of Wasps,monster,MM,true,false,,pending,
Swim Speed,variantrule,XPHB,false,true,,pending,
Swimming,variantrule,XPHB,false,true,,pending,
Sylvan,language,PHB; XPHB,true,true,,pending,
Symbol,spell,PHB; XPHB,true,true,,pending,
Tactical Master,classFeature,XPHB,false,true,,pending,
Tactical Mind,classFeature,XPHB,false,true,,pending,
Tactical Shift,classFeature,XPHB,false,true,,pending,
Talisman of Pure Good,item,DMG; XDMG,true,true,,pending,
Talisman of the Sphere,item,DMG; XDMG,true,true,,pending,
Talisman of Ultimate Evil,item,DMG; XDMG,true,true,,pending,
Talons,card,DMG; XDMG,true,true,,pending,
Tankard,item,PHB,true,false,,pending,
Target,variantrule,XPHB,false,true,,pending,
Tarrasque,monster,MM; XMM,true,true,,pending,
Tasha's Hideous Laughter,spell,PHB; XPHB,true,true,,pending,
Telekinesis,spell,PHB; XPHB,true,true,,pending,
Telepathy,variantrule,XPHB,false,true,,pending,
Teleport,spell,PHB; XPHB,true,true,,pending,
Teleportation,variantrule,XPHB,false,true,,pending,
Teleportation Circle,spell,PHB; XPHB,true,true,,pending,
Temporary Hit Points,variantrule,XPHB,false,true,,pending,
Tenets of Devotion,subclassFeature,PHB,true,false,,pending,
Tenser's Floating Disk,spell,PHB; XPHB,true,true,,pending,
Tent,item,XPHB,false,true,,pending,
Thaumaturge,classFeature,XPHB,false,true,,pending,
Thaumaturgy,spell,PHB; XPHB,true,true,,pending,
The Daghdha,deity,PHB,true,false,,pending,
The Fates,card,DMG,true,false,,pending,
The Fiend,subclass; subclassFeature,PHB,true,false,,pending,
The Void,card,DMG,true,false,,pending,
Thief,subclass; subclassFeature,PHB; XPHB,true,true,,pending,
Thief of Five Fates,optionalfeature,PHB,true,false,,pending,
Thief's Reflexes,subclassFeature,PHB; XPHB,true,true,,pending,
Thieves' Cant,classFeature; language,PHB; XPHB,true,true,,pending,
Thieves' Tools,item,PHB; XPHB,true,true,,pending,
Thirsting Blade,optionalfeature,PHB; XPHB,true,true,,pending,
Thoth,deity,PHB,true,false,,pending,
Three Extra Attacks,classFeature,XPHB,false,true,,pending,
Throne,card,DMG; XDMG,true,true,,pending,
Thug,monster,MM,true,false,,pending,
Thunderous Greatclub,item,XDMG,false,true,,pending,
Thunderwave,spell,PHB; XPHB,true,true,,pending,
Tiefling,race,PHB; XPHB,true,true,,pending,
Tiger,monster,MM; XMM,true,true,,pending,
Time Stop,spell,PHB; XPHB,true,true,,pending,
Timeless Body,classFeature,PHB,true,false,,pending,
Tinderbox,item,PHB; XPHB,true,true,,pending,
Tinker's Tools,baseitem,PHB; XPHB,true,true,,pending,
Tireless,classFeature,XPHB,false,true,,pending,
Tome of Clear Thought,item,DMG; XDMG,true,true,,pending,
Tome of Leadership and Influence,item,DMG; XDMG,true,true,,pending,
Tome of Understanding,item,DMG; XDMG,true,true,,pending,
Tongue of the Sun and Moon,classFeature,PHB,true,false,,pending,
Tongues,spell,PHB; XPHB,true,true,,pending,
Topple,itemMastery,XPHB,false,true,,pending,
Torch,item,PHB; XPHB,true,true,,pending,
Torpor,item,DMG; XDMG,true,true,,pending,
Totem,item,PHB,true,false,,pending,
Tough,monster,XMM,false,true,,pending,
Tough Boss,monster,XMM,false,true,,pending,
Trade Goods,entries,,true,false,,pending,
Tranquility,subclassFeature,PHB,true,false,,pending,
Transport via Plants,spell,PHB; XPHB,true,true,,pending,
Traveler's Clothes,item,PHB; XPHB,true,true,,pending,
Treant,monster,MM; XMM,true,true,,pending,
Tree Stride,spell,PHB; XPHB,true,true,,pending,
Tremorsense,sense,MM; XPHB,true,true,,pending,
Tribal Warrior,monster,MM,true,false,,pending,
Triceratops,monster,MM; XMM,true,true,,pending,
Trident,baseitem,PHB; XPHB,true,true,,pending,
Trident of Fish Command,item,DMG; XDMG,true,true,,pending,
Trip (Cost: 1d6),classFeature,XPHB,false,true,,pending,
Troll,card; monster,DMG; MM; XMM,true,true,,pending,
Troll Limb,monster,XMM,false,true,,pending,
True Polymorph,spell,PHB; XPHB,true,true,,pending,
True Resurrection,spell,PHB; XPHB,true,true,,pending,
True Seeing,spell,PHB; XPHB,true,true,,pending,
True Strike,spell,PHB; XPHB,true,true,,pending,
Truesight,sense,PHB; XPHB,true,true,,pending,
Truth Serum,item,DMG; XDMG,true,true,,pending,
Tsunami,spell,XPHB,false,true,,pending,
Turn the Unholy,subclassFeature,PHB,true,false,,pending,
Turn Undead,classFeature,XPHB,false,true,,pending,
Twinned Spell,optionalfeature,PHB; XPHB,true,true,,pending,
Two Extra Attacks,classFeature,XPHB,false,true,,pending,
Two-Person Tent,item,PHB,true,false,,pending,
Two-Weapon Fighting,action; feat; optionalfeature,PHB; XPHB,true,true,,pending,
Tyche,deity,PHB,true,false,,pending,
Tyrannosaurus Rex,monster,MM; XMM,true,true,,pending,
Unarmed Strike,variantrule,XPHB,false,true,,pending,
Unarmored Defense,classFeature,PHB; XPHB,true,true,,pending,
Unarmored Movement,classFeature,PHB; XPHB,true,true,,pending,
Unarmored Movement improvement,classFeature,PHB,true,false,,pending,
Uncanny Dodge,classFeature; subclassFeature,PHB; XPHB,true,true,,pending,
Uncanny Metabolism,classFeature,XPHB,false,true,,pending,
Unconscious,condition,PHB; XPHB,true,true,,pending,
Undercommon,language,PHB; XPHB,true,true,,pending,
Unicorn,monster,MM; XMM,true,true,,pending,
Universal Solvent,item,DMG; XDMG,true,true,,pending,
Unoccupied Space,variantrule,XPHB,false,true,,pending,
Unseen Servant,spell,PHB; XPHB,true,true,,pending,
Use an Object,action,PHB,true,false,,pending,
Use Magic Device,subclassFeature,PHB; XPHB,true,true,,pending,
Utilize,action,XPHB,false,true,,pending,
Vampire,monster,MM; XMM,true,true,,pending,
Vampire Familiar,monster,XMM,false,true,,pending,
Vampire Spawn,monster,MM; XMM,true,true,,pending,
Vampiric Touch,spell,PHB; XPHB,true,true,,pending,
Vanish,classFeature,PHB,true,false,,pending,
Venomous Snake,monster,XMM,false,true,,pending,
Veteran,card; monster,DMG; MM,true,false,,pending,
Vex,itemMastery,XPHB,false,true,,pending,
Vial,item,PHB; XPHB,true,true,,pending,
Vicious Mockery,spell,PHB; XPHB,true,true,,pending,
Viol,baseitem,PHB; XPHB,true,true,,pending,
Violet Fungus,monster,MM; XMM,true,true,,pending,
Visions of Distant Realms,optionalfeature,PHB; XPHB,true,true,,pending,
Vitriolic Sphere,spell,XPHB,false,true,,pending,
Vizier,card,DMG,true,false,,pending,
Voice of the Chain Master,optionalfeature,PHB,true,false,,pending,
Void,card,XDMG,false,true,,pending,
Volley,subclassFeature,PHB,true,false,,pending,
Vrock,monster,MM; XMM,true,true,,pending,
Vulnerability,variantrule,XPHB,false,true,,pending,
Vulture,monster,MM; XMM,true,true,,pending,
Wagon,item,PHB; XPHB,true,true,,pending,
Wall of Fire,spell,PHB; XPHB,true,true,,pending,
Wall of Force,spell,PHB; XPHB,true,true,,pending,
Wall of Ice,spell,PHB; XPHB,true,true,,pending,
Wall of Stone,spell,PHB; XPHB,true,true,,pending,
Wall of Thorns,spell,PHB; XPHB,true,true,,pending,
Wand,baseitem,PHB; XPHB,true,true,,pending,
Wand of Binding,item,DMG; XDMG,true,true,,pending,
Wand of Enemy Detection,item,DMG; XDMG,true,true,,pending,
Wand of Fear,item,DMG; XDMG,true,true,,pending,
Wand of Fireballs,item,DMG; XDMG,true,true,,pending,
Wand of Lightning Bolts,item,DMG; XDMG,true,true,,pending,
Wand of Magic Detection,item,DMG; XDMG,true,true,,pending,
Wand of Magic Missiles,item,DMG; XDMG,true,true,,pending,
Wand of Paralysis,item,DMG; XDMG,true,true,,pending,
Wand of Polymorph,item,DMG; XDMG,true,true,,pending,
Wand of Secrets,item,DMG; XDMG,true,true,,pending,
Wand of the War Mage,itemGroup,DMG; XDMG,true,true,,pending,
Wand of Web,item,DMG; XDMG,true,true,,pending,
Wand of Wonder,item,DMG; XDMG,true,true,,pending,
War Pick,baseitem,PHB; XPHB,true,true,,pending,
Warden,classFeature,XPHB,false,true,,pending,
Warding Bond,spell,PHB; XPHB,true,true,,pending,
Warhammer,baseitem,PHB; XPHB,true,true,,pending,
Warhorse,item; monster,MM; PHB; XMM; XPHB,true,true,,pending,
Warhorse Skeleton,monster,MM; XMM,true,true,,pending,
Warlock,class,PHB; XPHB,true,true,,pending,
Warlock Subclass,classFeature,XPHB,false,true,,pending,
Warrior Infantry,monster,XMM,false,true,,pending,
Warrior of the Open Hand,subclass; subclassFeature,XPHB,false,true,,pending,
Warrior Veteran,monster,XMM,false,true,,pending,
Warship,item,DMG; XPHB,true,true,,pending,
Water Breathing,spell,PHB; XPHB,true,true,,pending,
Water Elemental,monster,MM; XMM,true,true,,pending,
Water Walk,spell,PHB; XPHB,true,true,,pending,
Waterskin,item,PHB; XPHB,true,true,,pending,
Way of the Open Hand,subclass; subclassFeature,PHB,true,false,,pending,
Weapon,variantrule,XPHB,false,true,,pending,
Weapon Attack,variantrule,XPHB,false,true,,pending,
Weapon Mastery,classFeature,XPHB,false,true,,pending,
Weapon Mastery Properties,entries,,false,true,,pending,
Weasel,monster,MM; XMM,true,true,,pending,
Weaver's Tools,baseitem,PHB; XPHB,true,true,,pending,
Web,spell,PHB; XPHB,true,true,,pending,
Weird,spell,PHB; XPHB,true,true,,pending,
Well of Many Worlds,item,DMG; XDMG,true,true,,pending,
Werebear,monster,MM; XMM,true,true,,pending,
Wereboar,monster,MM; XMM,true,true,,pending,
Wererat,monster,MM; XMM,true,true,,pending,
Weretiger,monster,MM; XMM,true,true,,pending,
Werewolf,monster,MM; XMM,true,true,,pending,
Wheat,item,PHB; XDMG,true,true,,pending,
Whetstone,item,PHB,true,false,,pending,
Whip,baseitem,PHB; XPHB,true,true,,pending,
Whirlwind Attack,subclassFeature,PHB,true,false,,pending,
Whispers of the Grave,optionalfeature,PHB; XPHB,true,true,,pending,
White Dragon Scale Mail,item,DMG; XDMG,true,true,,pending,
White Dragon Wyrmling,monster,MM; XMM,true,true,,pending,
Wholeness of Body,subclassFeature,PHB; XPHB,true,true,,pending,
Wight,monster,MM; XMM,true,true,,pending,
Wild Companion,classFeature,XPHB,false,true,,pending,
Wild Resurgence,classFeature,XPHB,false,true,,pending,
Wild Shape,classFeature,PHB; XPHB,true,true,,pending,
Wild Shape Improvement,classFeature,PHB,true,false,,pending,
Will-o'-Wisp,monster,MM; XMM,true,true,,pending,
Wind Fan,item,DMG; XDMG,true,true,,pending,
Wind Walk,spell,PHB; XPHB,true,true,,pending,
Wind Wall,spell,PHB; XPHB,true,true,,pending,
Winged Boots,item,DMG; XDMG,true,true,,pending,
Wings of Flying,item,DMG; XDMG,true,true,,pending,
Winter Wolf,monster,MM; XMM,true,true,,pending,
Wish,spell,PHB; XPHB,true,true,,pending,
Witch Sight,optionalfeature,PHB; XPHB,true,true,,pending,
Withdraw (Cost: 1d6),classFeature,XPHB,false,true,,pending,
Wizard,class,PHB; XPHB,true,true,,pending,
Wizard Subclass,classFeature,XPHB,false,true,,pending,
Wolf,monster,MM; XMM,true,true,,pending,
Woodcarver's Tools,baseitem,PHB; XPHB,true,true,,pending,
Wooden Staff,baseitem,PHB; XPHB,true,true,,pending,
Word of Recall,spell,PHB; XPHB,true,true,,pending,
Words of Creation,classFeature,XPHB,false,true,,pending,
Worg,monster,MM; XMM,true,true,,pending,
Wraith,monster,MM; XMM,true,true,,pending,
Wyvern,monster,MM; XMM,true,true,,pending,
Wyvern Poison,item,DMG; XDMG,true,true,,pending,
Xorn,monster,MM; XMM,true,true,,pending,
Yew Wand,item,PHB; XPHB,true,true,,pending,
You (The Deck's Owner),card,DMG,true,false,,pending,
Young Black Dragon,monster,MM; XMM,true,true,,pending,
Young Blue Dragon,monster,MM; XMM,true,true,,pending,
Young Brass Dragon,monster,MM; XMM,true,true,,pending,
Young Bronze Dragon,monster,MM; XMM,true,true,,pending,
Young Copper Dragon,monster,MM; XMM,true,true,,pending,
Young Gold Dragon,monster,MM; XMM,true,true,,pending,
Young Green Dragon,monster,MM; XMM,true,true,,pending,
Young Red Dragon,monster,MM; XMM,true,true,,pending,
Young Silver Dragon,monster,MM; XMM,true,true,,pending,
Young White Dragon,monster,MM; XMM,true,true,,pending,
Zeus,deity,PHB,true,false,,pending,
Zombie,monster,MM; XMM,true,true,,pending,
Zone of Truth,spell,PHB; XPHB,true,true,,pending,
