book,context,english,zh_tw,status
OotA,/data/0/name,Chapter 1: Prisoners of the Drow,第1章：卓爾的囚徒,project-proposed
OotA,/data/0/entries/5/name,Escape!,逃生！,project-proposed
OotA,/data/0/entries/5/entries/1/name,Restraints,束縛,project-proposed
OotA,/data/0/entries/6/name,The Adventure Begins,冒險開始,project-proposed
OotA,/data/0/entries/7/name,In the Slave Pen,在奴隸圍欄,project-proposed
OotA,/data/0/entries/7/entries/2/name,Scavenged Possessions,搜尋到的財物,project-proposed
OotA,/data/0/entries/7/entries/2/entries/1/name,Scavenged Possessions,搜尋到的財物,project-proposed
OotA,/data/0/entries/7/entries/3/name,Fellow Prisoners,同獄囚犯,project-proposed
OotA,/data/0/entries/7/entries/3/entries/1/name,Prisoners of the Drow,卓爾的囚徒,project-proposed
OotA,/data/0/entries/7/entries/3/entries/2/name,Buppido,布皮多,existing-site
OotA,/data/0/entries/7/entries/3/entries/3/name,Prince Derendil,德倫迪爾王子,existing-site
OotA,/data/0/entries/7/entries/3/entries/4/name,Eldeth Feldrun,艾爾德絲·費爾德倫,existing-site
OotA,/data/0/entries/7/entries/3/entries/5/name,Jimjar,吉姆賈爾,existing-site
OotA,/data/0/entries/7/entries/3/entries/6/name,Ront,榮特,existing-site
OotA,/data/0/entries/7/entries/3/entries/7/name,Sarith Kzekarit,薩里斯·克澤卡里特,existing-site
OotA,/data/0/entries/7/entries/3/entries/8/name,Shuushar the Awakened,覺醒者舒沙爾,existing-site
OotA,/data/0/entries/7/entries/3/entries/9/name,Stool,圓凳,existing-site
OotA,/data/0/entries/7/entries/3/entries/10/name,Topsy and Turvy,託普西和特威,project-proposed
OotA,/data/0/entries/7/entries/3/entries/10/entries/2/name,A Motley Crew,一群雜牌軍,project-proposed
OotA,/data/0/entries/7/entries/4/name,What the Prisoners Know,囚犯們所知道的,project-proposed
OotA,/data/0/entries/7/entries/5/name,Hard Labor,艱苦勞動,project-proposed
OotA,/data/0/entries/7/entries/6/name,Bad Dreams,噩夢,project-proposed
OotA,/data/0/entries/7/entries/7/name,Fight!,戰鬥！,project-proposed
OotA,/data/0/entries/7/entries/8/name,Feeding Time,餵食時間,project-proposed
OotA,/data/0/entries/8/name,The Drow,卓爾,project-proposed
OotA,/data/0/entries/8/entries/1/entries/0/name,Prominent Drow,顯赫的卓爾,project-proposed
OotA,/data/0/entries/8/entries/1/entries/1/name,Ilvara Mizzrym,伊爾瓦拉·米茲瑞姆,existing-site
OotA,/data/0/entries/8/entries/1/entries/2/name,Asha Vandree,阿莎·範德里,existing-site
OotA,/data/0/entries/8/entries/1/entries/3/name,Shoor Vandree,修爾·範德里,project-proposed
OotA,/data/0/entries/8/entries/1/entries/4/name,Jorlan Duskryn,喬蘭·杜斯克林,project-proposed
OotA,/data/0/entries/8/entries/1/entries/5/name,Drow Warriors,卓爾戰士,project-proposed
OotA,/data/0/entries/8/entries/1/entries/5/entries/1/name,Roleplaying the Drow,扮演卓爾,project-proposed
OotA,/data/0/entries/9/name,Velkynvelve,維爾京維爾夫,project-proposed
OotA,/data/0/entries/9/entries/3/name,Velkynvelve: General Features,維爾京維爾夫：總體特徵,project-proposed
OotA,/data/0/entries/9/entries/3/entries/1/name,Light,光線,existing-site
OotA,/data/0/entries/9/entries/3/entries/2/name,Sound,聲音,existing-site
OotA,/data/0/entries/9/entries/3/entries/3/name,Stairs,樓梯,existing-site
OotA,/data/0/entries/9/entries/3/entries/4/name,Bridges,橋,project-proposed
OotA,/data/0/entries/9/entries/3/entries/5/name,Falling,墜落,existing-site
OotA,/data/0/entries/9/entries/3/entries/6/name,Webs,蛛網,project-proposed
OotA,/data/0/entries/9/entries/5/name,Areas of Velkynvelve,維爾京維爾夫區域,project-proposed
OotA,/data/0/entries/9/entries/5/entries/0/name,1. Southern Watch Post,1. 南部觀察哨,project-proposed
OotA,/data/0/entries/9/entries/5/entries/1/name,2. Barracks,2. 營房,project-proposed
OotA,/data/0/entries/9/entries/5/entries/1/entries/3/name,Treasure,寶藏,existing-site
OotA,/data/0/entries/9/entries/5/entries/2/name,3. Main Hall,3. 主廳,project-proposed
OotA,/data/0/entries/9/entries/5/entries/2/entries/2/name,Treasure,寶藏,existing-site
OotA,/data/0/entries/9/entries/5/entries/3/name,4. Elite Barracks,4. 精英兵營,project-proposed
OotA,/data/0/entries/9/entries/5/entries/3/entries/2/name,Treasure,寶藏,existing-site
OotA,/data/0/entries/9/entries/5/entries/4/name,5. Lift,5. 升降機,project-proposed
OotA,/data/0/entries/9/entries/5/entries/4/entries/2/name,Using the Lift,使用升降機,project-proposed
OotA,/data/0/entries/9/entries/5/entries/5/name,6. Shrine to Lolth,6. 羅絲神龕,project-proposed
OotA,/data/0/entries/9/entries/5/entries/5/entries/3/name,Shrine Activity,神殿活動,project-proposed
OotA,/data/0/entries/9/entries/5/entries/5/entries/4/name,Treasure,寶藏,existing-site
OotA,/data/0/entries/9/entries/5/entries/6/name,7. Ilvara's Quarters,7. 伊爾瓦拉的住處,project-proposed
OotA,/data/0/entries/9/entries/5/entries/6/entries/3/name,Trap,陷阱,existing-site
OotA,/data/0/entries/9/entries/5/entries/6/entries/4/name,Treasure,寶藏,existing-site
OotA,/data/0/entries/9/entries/5/entries/7/name,8. Shoor's Quarters,8. 修爾的住處,project-proposed
OotA,/data/0/entries/9/entries/5/entries/7/entries/3/name,Trap,陷阱,existing-site
OotA,/data/0/entries/9/entries/5/entries/7/entries/4/name,Treasure,寶藏,existing-site
OotA,/data/0/entries/9/entries/5/entries/8/name,9. Waterfall,9. 瀑布,project-proposed
OotA,/data/0/entries/9/entries/5/entries/9/name,10. Guard Tower,10. 守衛塔,project-proposed
OotA,/data/0/entries/9/entries/5/entries/9/entries/4/name,Treasure,寶藏,existing-site
OotA,/data/0/entries/9/entries/5/entries/10/name,11. Slave Pen,11. 奴隸圍欄,project-proposed
OotA,/data/0/entries/9/entries/5/entries/10/entries/2/name,Magical Wards,魔法結界,project-proposed
OotA,/data/0/entries/9/entries/5/entries/11/name,12. Quaggoth Den,12. 幽邃熊怪巢穴,project-proposed
OotA,/data/0/entries/9/entries/5/entries/12/name,13. Northern Watch Post,13. 北方觀察哨,project-proposed
OotA,/data/0/entries/9/entries/5/entries/13/name,14. Pool,14. 池塘,project-proposed
OotA,/data/0/entries/10/name,Means of Escape,逃生手段,project-proposed
OotA,/data/0/entries/10/entries/1/name,Acquisitions,收購,project-proposed
OotA,/data/0/entries/10/entries/2/name,Jorlan's Gambit,喬蘭的計劃,project-proposed
OotA,/data/0/entries/10/entries/3/name,A Flight of Demons,惡魔的飛行,project-proposed
OotA,/data/0/entries/11/name,Leaving Velkynvelve,離開維爾京維爾夫,project-proposed
OotA,/data/0/entries/11/entries/1/name,North Passage,北通道,project-proposed
OotA,/data/0/entries/11/entries/2/name,West Passage,西通道,project-proposed
OotA,/data/0/entries/11/entries/3/name,South Passage,南通道,project-proposed
OotA,/data/0/entries/12/name,XP Awards,經驗值獎勵,project-proposed
OotA,/data/1/name,Chapter 2: Into Darkness,第2章：進入黑暗,project-proposed
OotA,/data/1/entries/2/name,Where to Go?,去哪裡？,project-proposed
OotA,/data/1/entries/2/entries/3/name,On Their Own,自力更生,project-proposed
OotA,/data/1/entries/3/name,Underdark Travel,幽暗地域旅行,project-proposed
OotA,/data/1/entries/3/entries/2/name,Travel Pace,旅行步調,existing-site
OotA,/data/1/entries/3/entries/2/entries/1/name,Underdark Travel Pace,幽暗地域行進速度,project-proposed
OotA,/data/1/entries/3/entries/2/entries/2/name,Underdark Travel Times,幽暗地域旅行時間,project-proposed
OotA,/data/1/entries/3/entries/3/name,Encounter Setup,遭遇設定,project-proposed
OotA,/data/1/entries/3/entries/3/entries/1/name,Space and Marching Order,空間和行進順序,project-proposed
OotA,/data/1/entries/3/entries/3/entries/2/name,Illumination,照明,existing-site
OotA,/data/1/entries/3/entries/4/name,Noticing Threats,發覺威脅,existing-site
OotA,/data/1/entries/3/entries/4/entries/3/name,Surprise,出其不意,existing-site
OotA,/data/1/entries/3/entries/5/name,Navigating,導航,project-proposed
OotA,/data/1/entries/3/entries/6/name,Mapping,繪製地圖,project-proposed
OotA,/data/1/entries/3/entries/7/name,Foraging,覓食,project-proposed
OotA,/data/1/entries/3/entries/7/entries/2/name,Creature Food Yield,生物食物產量,project-proposed
OotA,/data/1/entries/3/entries/8/name,Time-Keeping,時間記錄,project-proposed
OotA,/data/1/entries/3/entries/9/name,Faerzress,妖光,project-proposed
OotA,/data/1/entries/4/name,Equipment,裝備,existing-site
OotA,/data/1/entries/4/entries/1/name,Crafting,手作,project-proposed
OotA,/data/1/entries/4/entries/2/name,Components,成分,existing-site
OotA,/data/1/entries/5/name,Madness,瘋狂,existing-site
OotA,/data/1/entries/5/entries/4/entries/0/name,Madness Levels,瘋狂等級,project-proposed
OotA,/data/1/entries/6/name,Death,死亡,existing-site
OotA,/data/1/entries/7/name,Fungi of the Underdark,幽暗地域的真菌,project-proposed
OotA,/data/1/entries/7/entries/2/name,Edible Fungi,可食用真菌,project-proposed
OotA,/data/1/entries/7/entries/2/entries/1/name,Barrelstalk,桶柄菇,project-proposed
OotA,/data/1/entries/7/entries/2/entries/2/name,Bluecap,藍帽,project-proposed
OotA,/data/1/entries/7/entries/2/entries/3/name,Fire Lichen,火苔,project-proposed
OotA,/data/1/entries/7/entries/2/entries/4/name,Ripplebark,漣漪樹皮,project-proposed
OotA,/data/1/entries/7/entries/2/entries/5/name,Trillimac,崔利馬克,project-proposed
OotA,/data/1/entries/7/entries/2/entries/6/name,Waterorb,水球菌,project-proposed
OotA,/data/1/entries/7/entries/2/entries/7/name,Zurkhwood,祖克木,project-proposed
OotA,/data/1/entries/7/entries/3/name,Exotic Fungi,異國真菌,project-proposed
OotA,/data/1/entries/7/entries/3/entries/1/name,Nightlight,夜光菌,project-proposed
OotA,/data/1/entries/7/entries/3/entries/2/name,Nilhogg's Nose,尼爾霍格之鼻,project-proposed
OotA,/data/1/entries/7/entries/3/entries/3/name,Ormu,歐姆苔,project-proposed
OotA,/data/1/entries/7/entries/3/entries/4/name,Timmask,提馬斯克,project-proposed
OotA,/data/1/entries/7/entries/3/entries/5/name,Tongue of Madness,瘋狂之舌,project-proposed
OotA,/data/1/entries/7/entries/3/entries/6/name,Torchstalk,火把草,project-proposed
OotA,/data/1/entries/8/name,Narrating the Journey,敘述旅程,project-proposed
OotA,/data/1/entries/9/name,Drow Pursuit,卓爾追擊,project-proposed
OotA,/data/1/entries/9/entries/2/name,Tracking the Party,追蹤隊伍,project-proposed
OotA,/data/1/entries/9/entries/3/name,Pursuit Level,追擊等級,project-proposed
OotA,/data/1/entries/9/entries/3/entries/5/name,Catching Up,趕上,project-proposed
OotA,/data/1/entries/9/entries/3/entries/6/name,Eluding Pursuit,逃避追擊,project-proposed
OotA,/data/1/entries/9/entries/3/entries/6/entries/1/name,Narrow Escapes,險惡的逃脫,project-proposed
OotA,/data/1/entries/9/entries/4/name,Capture,被捕,project-proposed
OotA,/data/1/entries/10/name,Random Encounters,隨機遭遇,existing-site
OotA,/data/1/entries/10/entries/3/name,Terrain Encounters,地形遭遇,project-proposed
OotA,/data/1/entries/10/entries/3/entries/2/name,Boneyard,骨場,project-proposed
OotA,/data/1/entries/10/entries/3/entries/3/name,Boneyard Encounter,骨場遭遇,project-proposed
OotA,/data/1/entries/10/entries/3/entries/4/name,Cliff and Ladder,懸崖和梯子,project-proposed
OotA,/data/1/entries/10/entries/3/entries/5/name,Crystal Clusters,水晶簇,project-proposed
OotA,/data/1/entries/10/entries/3/entries/6/name,Fungus Cavern,真菌洞穴,project-proposed
OotA,/data/1/entries/10/entries/3/entries/7/name,Gas Leak,氣體洩漏,project-proposed
OotA,/data/1/entries/10/entries/3/entries/8/name,Gorge,峽谷,project-proposed
OotA,/data/1/entries/10/entries/3/entries/9/name,High Ledge,高崖,project-proposed
OotA,/data/1/entries/10/entries/3/entries/10/name,Horrid Sounds,可怕的聲音,project-proposed
OotA,/data/1/entries/10/entries/3/entries/11/name,Lava Swell,熔岩高地,project-proposed
OotA,/data/1/entries/10/entries/3/entries/12/name,Muck Pit,泥潭,project-proposed
OotA,/data/1/entries/10/entries/3/entries/13/name,Rockfall,巖崩,project-proposed
OotA,/data/1/entries/10/entries/3/entries/14/name,Rope Bridge,繩橋,project-proposed
OotA,/data/1/entries/10/entries/3/entries/15/name,Ruins,功虧一簣,project-proposed
OotA,/data/1/entries/10/entries/3/entries/16/name,Shelter,避難所,project-proposed
OotA,/data/1/entries/10/entries/3/entries/17/name,Sinkhole,陷坑,project-proposed
OotA,/data/1/entries/10/entries/3/entries/18/name,Slime or Mold,粘液或黴菌,project-proposed
OotA,/data/1/entries/10/entries/3/entries/19/name,Slime or Mold Encounter,粘液或黴菌遭遇,project-proposed
OotA,/data/1/entries/10/entries/3/entries/20/name,Steam Vent,蒸汽噴口,project-proposed
OotA,/data/1/entries/10/entries/3/entries/21/name,Underground Stream,地下溪流,project-proposed
OotA,/data/1/entries/10/entries/3/entries/22/name,Warning Sign,警告標誌,project-proposed
OotA,/data/1/entries/10/entries/3/entries/23/name,Warning Sign Encounter,警告標誌遭遇,project-proposed
OotA,/data/1/entries/10/entries/3/entries/24/name,Webs,蛛網,project-proposed
OotA,/data/1/entries/10/entries/4/name,Creature Encounters,生物遭遇,project-proposed
OotA,/data/1/entries/10/entries/4/entries/2/name,Ambushers,伏擊者,existing-site
OotA,/data/1/entries/10/entries/4/entries/3/name,Ambusher Lair Discoveries,伏擊者巢穴發現,project-proposed
OotA,/data/1/entries/10/entries/4/entries/4/name,Carrion Crawler,食腐蟲,existing-site
OotA,/data/1/entries/10/entries/4/entries/5/name,Escaped Slaves,逃脫的奴隸,project-proposed
OotA,/data/1/entries/10/entries/4/entries/6/name,Fungi,真菌,existing-site
OotA,/data/1/entries/10/entries/4/entries/7/name,Beholder Memories,眼魔記憶,project-proposed
OotA,/data/1/entries/10/entries/4/entries/8/name,Giant Fire Beetles,巨火甲蟲,project-proposed
OotA,/data/1/entries/10/entries/4/entries/9/name,"Giant ""Rocktopus""","巨型""岩石章魚""",project-proposed
OotA,/data/1/entries/10/entries/4/entries/9/entries/1/name,Camouflage,偽裝,existing-site
OotA,/data/1/entries/10/entries/4/entries/10/name,Mad Creature,瘋狂的生物,project-proposed
OotA,/data/1/entries/10/entries/4/entries/11/name,Mad Creature Possessions,瘋狂生物的所有物,project-proposed
OotA,/data/1/entries/10/entries/4/entries/12/name,Ochre Jelly,赭果凍,existing-site
OotA,/data/1/entries/10/entries/4/entries/13/name,Raiders,襲擊者,project-proposed
OotA,/data/1/entries/10/entries/4/entries/14/name,Raider Leader Possessions,襲擊者領袖的財物,project-proposed
OotA,/data/1/entries/10/entries/4/entries/15/name,Scouts,斥候們,existing-site
OotA,/data/1/entries/10/entries/4/entries/16/name,Society of Brilliance,光輝協會,project-proposed
OotA,/data/1/entries/10/entries/4/entries/17/name,Spore Servants,孢子僕從,project-proposed
OotA,/data/1/entries/10/entries/4/entries/18/name,Traders,交易者,project-proposed
OotA,/data/1/entries/11/name,Summarizing Travel,旅行總結,project-proposed
OotA,/data/1/entries/12/name,Set Encounters,設定遭遇,project-proposed
OotA,/data/1/entries/13/name,The Silken Paths,絲綢之路,project-proposed
OotA,/data/1/entries/13/entries/2/name,The Web Runners,蛛網行者,project-proposed
OotA,/data/1/entries/13/entries/2/entries/7/name,Silken Paths: General Features,絲綢之路：一般特徵,project-proposed
OotA,/data/1/entries/13/entries/2/entries/7/entries/1/name,Difficult Terrain,困難地形,existing-site
OotA,/data/1/entries/13/entries/2/entries/7/entries/2/name,Falling,墜落,existing-site
OotA,/data/1/entries/13/entries/2/entries/7/entries/3/name,Light,光線,existing-site
OotA,/data/1/entries/13/entries/2/entries/7/entries/4/name,Fire,火焰,existing-site
OotA,/data/1/entries/13/entries/3/name,Silken Path Encounters,絲綢之路遭遇戰,project-proposed
OotA,/data/1/entries/13/entries/3/entries/2/name,Cocooned Halfling,被繭包裹的半身人,project-proposed
OotA,/data/1/entries/13/entries/3/entries/3/name,Darkmantles,暗幕魔獸,project-proposed
OotA,/data/1/entries/13/entries/3/entries/4/name,Drow and Quaggoth Slaves,卓爾和幽邃熊怪奴隸,project-proposed
OotA,/data/1/entries/13/entries/3/entries/5/name,Giant Spiders,巨蜘蛛,project-proposed
OotA,/data/1/entries/13/entries/3/entries/6/name,Mimic,擬身怪,existing-site
OotA,/data/1/entries/13/entries/3/entries/7/name,Spectator,觀察者眼魔,existing-site
OotA,/data/1/entries/13/entries/3/entries/8/name,Web Break,蛛網斷裂,project-proposed
OotA,/data/1/entries/14/name,Hook Horror Hunt,恐爪怪狩獵,project-proposed
OotA,/data/1/entries/14/entries/2/name,Hook Horror Lair: General Features,恐爪怪巢穴：一般特徵,project-proposed
OotA,/data/1/entries/14/entries/2/entries/1/name,Light,光線,existing-site
OotA,/data/1/entries/14/entries/2/entries/2/name,Tight Passages,狹窄通道,project-proposed
OotA,/data/1/entries/14/entries/4/name,1. Hook Horrors,1. 恐爪怪,project-proposed
OotA,/data/1/entries/14/entries/5/name,2A. Gnoll Hunters,2A. 鬣狗人獵人,project-proposed
OotA,/data/1/entries/14/entries/5/entries/2/name,Development,發展,project-proposed
OotA,/data/1/entries/14/entries/6/name,2B. Gnoll Hunters,2B. 鬣狗人獵人,project-proposed
OotA,/data/1/entries/14/entries/6/entries/1/name,Treasure,寶藏,existing-site
OotA,/data/1/entries/14/entries/7/name,3. Cornered,3. 走投無路,project-proposed
OotA,/data/1/entries/14/entries/8/name,4. Hook Horror Nest,4. 恐爪怪巢穴,project-proposed
OotA,/data/1/entries/14/entries/8/entries/2/name,Hook Horror Maturation,恐爪怪成熟過程,project-proposed
OotA,/data/1/entries/14/entries/9/name,5. Gnoll Camp,5. 鬣狗人營地,project-proposed
OotA,/data/1/entries/15/name,The Oozing Temple,流動的神廟,project-proposed
OotA,/data/1/entries/15/entries/1/name,The Oozing Temple: General Features,軟泥寺廟：一般特徵,project-proposed
OotA,/data/1/entries/15/entries/1/entries/1/name,Light,光線,existing-site
OotA,/data/1/entries/15/entries/1/entries/2/name,Air,氣,existing-site
OotA,/data/1/entries/15/entries/1/entries/3/name,Water,水,existing-site
OotA,/data/1/entries/15/entries/3/name,1. Boxed In,1. 困局,project-proposed
OotA,/data/1/entries/15/entries/4/name,2. Dripping Death,2. 滴落的死亡,project-proposed
OotA,/data/1/entries/15/entries/5/name,3. Glabbagool,3. 格拉巴布林,project-proposed
OotA,/data/1/entries/15/entries/5/entries/5/name,Treasure,寶藏,existing-site
OotA,/data/1/entries/15/entries/6/name,4. Pudding Pits,4. 布丁坑,project-proposed
OotA,/data/1/entries/15/entries/6/entries/1/name,Trap,陷阱,existing-site
OotA,/data/1/entries/15/entries/7/name,5. Fountain of Madness,5. 瘋狂之泉,project-proposed
OotA,/data/1/entries/15/entries/7/entries/2/name,Treasure,寶藏,existing-site
OotA,/data/1/entries/15/entries/8/name,6. Water Chamber,6. 水室,project-proposed
OotA,/data/1/entries/15/entries/8/entries/2/name,Development,發展,project-proposed
OotA,/data/1/entries/16/name,Lost Tomb of Khaem,遺失的卡姆墓,project-proposed
OotA,/data/1/entries/16/entries/4/name,Lost Tomb of Khaem: General Features,卡姆的失落墓穴：一般特徵,project-proposed
OotA,/data/1/entries/16/entries/4/entries/1/name,Ceilings,天花板,existing-site
OotA,/data/1/entries/16/entries/4/entries/2/name,Doors,門,existing-site
OotA,/data/1/entries/16/entries/4/entries/3/name,Light,光線,existing-site
OotA,/data/1/entries/16/entries/4/entries/4/name,Chaotic Magic,混亂魔法,project-proposed
OotA,/data/1/entries/16/entries/6/name,1. Entrance Room,1. 入口室,project-proposed
OotA,/data/1/entries/16/entries/6/entries/1/name,Staircase and Landing,樓梯和平臺,project-proposed
OotA,/data/1/entries/16/entries/7/name,2. Shrine,2. 神殿,project-proposed
OotA,/data/1/entries/16/entries/8/name,3. Servants' Sarcophagi,3. 僕人的石棺,project-proposed
OotA,/data/1/entries/16/entries/8/entries/3/name,Treasure,寶藏,existing-site
OotA,/data/1/entries/16/entries/9/name,4. False Tomb,4. 假墓,project-proposed
OotA,/data/1/entries/16/entries/9/entries/2/name,Trap,陷阱,existing-site
OotA,/data/1/entries/16/entries/10/name,5. True Tomb,5. 真正墓室,project-proposed
OotA,/data/1/entries/16/entries/10/entries/4/name,Treasure,寶藏,existing-site
OotA,/data/2/name,Chapter 3: The Darklake,第3章：黑暗湖,project-proposed
OotA,/data/2/entries/4/name,Traversing the Darklake,穿越黑暗湖,project-proposed
OotA,/data/2/entries/4/entries/1/name,Modes of Travel,旅行方式,project-proposed
OotA,/data/2/entries/4/entries/1/entries/2/name,Boat,船,project-proposed
OotA,/data/2/entries/4/entries/1/entries/3/name,Makeshift Raft,臨時筏子,project-proposed
OotA,/data/2/entries/4/entries/1/entries/4/name,Swimming,游泳,existing-site
OotA,/data/2/entries/4/entries/1/entries/5/name,Other Options,其他選項,project-proposed
OotA,/data/2/entries/4/entries/1/entries/5/entries/2/name,The Darklake: General Features,黑暗湖：一般特徵,project-proposed
OotA,/data/2/entries/4/entries/1/entries/5/entries/2/entries/1/name,Darkness,黑暗術,existing-site
OotA,/data/2/entries/4/entries/1/entries/5/entries/2/entries/2/name,Caves and Tunnels,洞穴和隧道,project-proposed
OotA,/data/2/entries/4/entries/1/entries/5/entries/2/entries/3/name,Navigation,導航,project-proposed
OotA,/data/2/entries/4/entries/1/entries/5/entries/2/entries/4/name,Foraging,覓食,project-proposed
OotA,/data/2/entries/5/name,Random Encounters,隨機遭遇,existing-site
OotA,/data/2/entries/5/entries/1/entries/0/name,Darklake Random Encounters,黑暗湖隨機遭遇,project-proposed
OotA,/data/2/entries/5/entries/2/name,Darklake Terrain Encounters,黑暗湖地形遭遇,project-proposed
OotA,/data/2/entries/5/entries/2/entries/2/name,Collision,碰撞,project-proposed
OotA,/data/2/entries/5/entries/2/entries/3/name,Falls or Locks,瀑布或水閘,project-proposed
OotA,/data/2/entries/5/entries/2/entries/4/name,Island,島嶼,project-proposed
OotA,/data/2/entries/5/entries/2/entries/5/name,Low Ceiling,低矮的天花板,project-proposed
OotA,/data/2/entries/5/entries/2/entries/6/name,Rockfall,巖崩,project-proposed
OotA,/data/2/entries/5/entries/2/entries/7/name,Rough Current,急流,project-proposed
OotA,/data/2/entries/5/entries/2/entries/8/name,Run Aground,擱淺,project-proposed
OotA,/data/2/entries/5/entries/2/entries/9/name,Stone Teeth,石牙,project-proposed
OotA,/data/2/entries/5/entries/2/entries/10/name,Tight Passage,狹窄通道,project-proposed
OotA,/data/2/entries/5/entries/2/entries/11/name,Whirlpool,漩渦,existing-site
OotA,/data/2/entries/5/entries/3/name,Darklake Creature Encounters,黑暗湖生物遭遇,project-proposed
OotA,/data/2/entries/5/entries/3/entries/2/name,Aquatic Troll,水生巨魔,existing-site
OotA,/data/2/entries/5/entries/3/entries/3/name,Darkmantles,暗幕魔獸,project-proposed
OotA,/data/2/entries/5/entries/3/entries/4/name,Duergar,灰矮人,existing-site
OotA,/data/2/entries/5/entries/3/entries/5/name,Duergar Keelboat Cargo,灰矮人龍骨船貨物,project-proposed
OotA,/data/2/entries/5/entries/3/entries/6/name,Green Hag,綠鬼婆,existing-site
OotA,/data/2/entries/5/entries/3/entries/7/name,Grell,觸鬚怪,existing-site
OotA,/data/2/entries/5/entries/3/entries/8/name,Ixitxachitl,伊希鰩魚,existing-site
OotA,/data/2/entries/5/entries/3/entries/9/name,Kuo-toa,寇濤,existing-site
OotA,/data/2/entries/5/entries/3/entries/10/name,Kuo-toa Keelboat Cargo,寇濤龍骨船貨物,project-proposed
OotA,/data/2/entries/5/entries/3/entries/11/name,Merrow,邁羅人魚,existing-site
OotA,/data/2/entries/5/entries/3/entries/12/name,Stirges,蚊蝠們,existing-site
OotA,/data/2/entries/5/entries/3/entries/13/name,Swarm of Quippers,食人魚群,existing-site
OotA,/data/2/entries/5/entries/3/entries/14/name,Water Weird,水詭,existing-site
OotA,/data/2/entries/5/entries/3/entries/15/name,Weird Discoveries,怪異的發現,project-proposed
OotA,/data/2/entries/6/name,Sloobludop,斯盧布多普,project-proposed
OotA,/data/2/entries/9/name,Sloobludop: General Features,斯盧布多普：一般特徵,project-proposed
OotA,/data/2/entries/9/entries/1/name,Light,光線,existing-site
OotA,/data/2/entries/9/entries/2/name,Bridges and Platforms,橋樑和平臺,project-proposed
OotA,/data/2/entries/9/entries/3/name,Language,語言,existing-site
OotA,/data/2/entries/10/name,Slouching Toward Sloobludop,向斯盧布多普傾斜,project-proposed
OotA,/data/2/entries/11/name,Notable Kuo-toa in Sloobludop,斯盧布多普的著名寇濤魚人,project-proposed
OotA,/data/2/entries/11/entries/1/name,Prominent Kuo-toa,顯赫的寇濤魚人,project-proposed
OotA,/data/2/entries/11/entries/1/entries/1/name,Roleplaying the Kuo-Toa,扮演寇濤魚人,project-proposed
OotA,/data/2/entries/11/entries/2/name,Shuushar Connection,舒沙爾連線,project-proposed
OotA,/data/2/entries/12/name,The Day's Catch,一天的收穫,project-proposed
OotA,/data/2/entries/12/entries/1/name,The Enemy of My Enemy,我的敵人的敵人,project-proposed
OotA,/data/2/entries/12/entries/2/name,Baiting the Hook,設定誘餌,project-proposed
OotA,/data/2/entries/12/entries/2/entries/3/name,A Kuo-Toan Koan,寇濤魚人的禪宗公案,project-proposed
OotA,/data/2/entries/13/name,1. Gate,1. 大門,project-proposed
OotA,/data/2/entries/14/name,2. Docks,2. 碼頭,project-proposed
OotA,/data/2/entries/15/name,3. Shrine of the Sea Mother,3. 海洋之母神殿,project-proposed
OotA,/data/2/entries/15/entries/5/name,Treasure,寶藏,existing-site
OotA,/data/2/entries/16/name,4. Altar of the Deep Father,4. 深父祭壇,project-proposed
OotA,/data/2/entries/16/entries/5/name,Treasure,寶藏,existing-site
OotA,/data/2/entries/17/name,The Offering,供品,project-proposed
OotA,/data/2/entries/18/name,The Ritual,儀式,project-proposed
OotA,/data/2/entries/19/name,Demogorgon Rises!,狄摩高根崛起！,project-proposed
OotA,/data/2/entries/19/entries/4/name,Escaping the Demon Lord,逃離惡魔領主,project-proposed
OotA,/data/2/entries/19/entries/4/entries/1/name,Escape by Land,陸地逃脫,project-proposed
OotA,/data/2/entries/19/entries/4/entries/2/name,Escape by Water,水上逃脫,project-proposed
OotA,/data/2/entries/19/entries/5/name,Development,發展,project-proposed
OotA,/data/2/entries/20/name,XP Awards,經驗值獎勵,project-proposed
OotA,/data/3/name,Chapter 4: Gracklstugh,第4章：格拉克斯圖格,project-proposed
OotA,/data/3/entries/4/name,Going to Gracklstugh,前往格拉克斯圖格,project-proposed
OotA,/data/3/entries/4/entries/5/name,Gracklstugh and Drow Pursuit,格拉克斯圖格與卓爾追擊,project-proposed
OotA,/data/3/entries/4/entries/6/name,Arriving in Gracklstugh,到達格拉克斯圖格,project-proposed
OotA,/data/3/entries/4/entries/6/entries/3/name,Gracklstugh: General Features,格拉克斯圖格: 總體特徵,project-proposed
OotA,/data/3/entries/4/entries/6/entries/3/entries/1/name,Light,光線,existing-site
OotA,/data/3/entries/4/entries/6/entries/3/entries/2/name,Noise,響聲,project-proposed
OotA,/data/3/entries/4/entries/6/entries/3/entries/3/name,Smoke and Haze,煙霧和霾,project-proposed
OotA,/data/3/entries/4/entries/7/name,Random Encounters,隨機遭遇,existing-site
OotA,/data/3/entries/4/entries/7/entries/1/name,Random Encounters in Gracklstugh,格拉克斯圖格的隨機遭遇,project-proposed
OotA,/data/3/entries/4/entries/7/entries/2/name,Abusive Duergar Guards,虐待狂灰矮人守衛,project-proposed
OotA,/data/3/entries/4/entries/7/entries/3/name,Deep Gnome Merchant,地底侏儒商人,project-proposed
OotA,/data/3/entries/4/entries/7/entries/4/name,Derro Rioters,迪洛矮人狂暴者,project-proposed
OotA,/data/3/entries/4/entries/7/entries/5/name,Drow Emissary,卓爾使者,project-proposed
OotA,/data/3/entries/4/entries/7/entries/6/name,Drow House Loyalty,卓爾家族忠誠,project-proposed
OotA,/data/3/entries/4/entries/7/entries/6/entries/3/name,Roleplaying the Duergar and Derro,扮演灰矮人和迪洛矮人,project-proposed
OotA,/data/3/entries/4/entries/7/entries/7/name,Duergar Patrol,灰矮人巡邏隊,project-proposed
OotA,/data/3/entries/4/entries/7/entries/8/name,Mad Duergar,瘋狂的灰矮人,project-proposed
OotA,/data/3/entries/4/entries/7/entries/9/name,Orc Mercenaries,獸人僱傭兵,project-proposed
OotA,/data/3/entries/4/entries/7/entries/10/name,Slave Caravan,奴隸商隊,project-proposed
OotA,/data/3/entries/4/entries/7/entries/11/name,Slaves,奴隸,project-proposed
OotA,/data/3/entries/4/entries/7/entries/12/name,Steeder Handlers,騎蛛馴獸師,project-proposed
OotA,/data/3/entries/4/entries/7/entries/13/name,Themberchaud,瑟姆貝爾喬德,existing-site
OotA,/data/3/entries/4/entries/8/name,Important NPCs,重要NPC,project-proposed
OotA,/data/3/entries/4/entries/8/entries/1/name,Gracklstugh NPCs,格拉克斯圖格的NPC,project-proposed
OotA,/data/3/entries/4/entries/9/name,Factions of Gracklstugh,格拉克斯圖格的派系,project-proposed
OotA,/data/3/entries/4/entries/9/entries/1/name,Deepking Horgar Steelshadow V,深王霍加·鋼影五世,existing-site
OotA,/data/3/entries/4/entries/9/entries/2/name,Council of Lairds,領主議會,project-proposed
OotA,/data/3/entries/4/entries/9/entries/3/name,Duergar Clans,灰矮人氏族,project-proposed
OotA,/data/3/entries/4/entries/9/entries/4/name,Council of Savants,智者議會,project-proposed
OotA,/data/3/entries/4/entries/9/entries/4/entries/1/name,Secrets of Gracklstugh,格拉克斯圖格的秘密,project-proposed
OotA,/data/3/entries/4/entries/9/entries/4/entries/1/entries/1/name,Unseen Sentries,無形哨兵,project-proposed
OotA,/data/3/entries/4/entries/9/entries/4/entries/1/entries/2/name,A City Divided,分裂之城,project-proposed
OotA,/data/3/entries/4/entries/9/entries/4/entries/1/entries/3/name,Frugal and Monolithic,節儉且單一,project-proposed
OotA,/data/3/entries/4/entries/9/entries/5/name,Merchant Council,商人議會,project-proposed
OotA,/data/3/entries/4/entries/9/entries/6/name,Gracklstugh Military,格拉克斯圖格軍事,project-proposed
OotA,/data/3/entries/4/entries/9/entries/6/entries/1/name,Stone Guard,石衛,project-proposed
OotA,/data/3/entries/4/entries/9/entries/6/entries/2/name,Darkhafts,黑暗使者,project-proposed
OotA,/data/3/entries/4/entries/9/entries/6/entries/3/name,Kavalrachni,卡瓦爾拉奇尼,project-proposed
OotA,/data/3/entries/4/entries/9/entries/6/entries/4/name,Xarrorn,扎羅恩,project-proposed
OotA,/data/3/entries/4/entries/9/entries/6/entries/4/entries/2/name,Grackle-Lung,格萊克肺,existing-site
OotA,/data/3/entries/4/entries/9/entries/7/name,Clan Cairngorm,凱恩戈姆氏族,project-proposed
OotA,/data/3/entries/4/entries/9/entries/8/name,Keepers of the Flame,火焰守護者,project-proposed
OotA,/data/3/entries/4/entries/9/entries/9/name,Themberchaud the Wyrmsmith,瑟姆貝爾喬德，龍匠,project-proposed
OotA,/data/3/entries/4/entries/9/entries/10/name,Gray Ghosts,灰鬼,project-proposed
OotA,/data/3/entries/4/entries/9/entries/11/name,Empty-Scabbard Killers,空鞘殺手,project-proposed
OotA,/data/3/entries/4/entries/10/name,Life in the City of Blades,在刃城的生活,project-proposed
OotA,/data/3/entries/4/entries/10/entries/2/name,Strict Hierarchy,嚴格的等級制度,project-proposed
OotA,/data/3/entries/4/entries/10/entries/3/name,Subsistence,生計,project-proposed
OotA,/data/3/entries/4/entries/10/entries/4/name,Outcasts,邊緣棄兒,existing-site
OotA,/data/3/entries/4/entries/10/entries/4/entries/2/name,The Downward Spiral,向下螺旋,project-proposed
OotA,/data/3/entries/4/entries/10/entries/5/name,Religion,宗教,existing-site
OotA,/data/3/entries/4/entries/10/entries/5/entries/1/name,Laduguer,拉杜格,existing-site
OotA,/data/3/entries/4/entries/10/entries/5/entries/2/name,Deep Duerra,深地·杜拉,existing-site
OotA,/data/3/entries/4/entries/10/entries/5/entries/3/name,Diirinka,迪林卡,project-proposed
OotA,/data/3/entries/4/entries/10/entries/5/entries/4/name,Skoraeus Stonebones,司寇雷烏斯·巖骨,existing-site
OotA,/data/3/entries/4/entries/10/entries/6/name,Law and Order,律法與秩序,project-proposed
OotA,/data/3/entries/5/name,Gracklstugh,格拉克斯圖格,project-proposed
OotA,/data/3/entries/8/name,Welcome to the City of Blades,歡迎來到刃城,project-proposed
OotA,/data/3/entries/8/entries/2/name,City Gates,城門,project-proposed
OotA,/data/3/entries/8/entries/2/entries/11/name,Buppido's Escape,布皮多的逃脫,project-proposed
OotA,/data/3/entries/8/entries/3/name,Darklake Docks,黑暗湖碼頭,project-proposed
OotA,/data/3/entries/8/entries/4/name,Getting Captured,被抓,project-proposed
OotA,/data/3/entries/9/name,Darklake District,黑暗湖區,project-proposed
OotA,/data/3/entries/9/entries/5/name,Rampaging Giant,肆虐巨人,project-proposed
OotA,/data/3/entries/9/entries/5/entries/7/name,Development,發展,project-proposed
OotA,/data/3/entries/9/entries/5/entries/7/entries/5/name,Flashing Badges,出示徽章,project-proposed
OotA,/data/3/entries/9/entries/5/entries/8/name,XP Awards,經驗值獎勵,project-proposed
OotA,/data/3/entries/9/entries/6/name,Guests of the Stone Guard,石衛的客人,project-proposed
OotA,/data/3/entries/9/entries/7/name,Blade Bazaar,刀刃市集,project-proposed
OotA,/data/3/entries/9/entries/7/entries/2/name,Merchant Madness,商人瘋狂,project-proposed
OotA,/data/3/entries/9/entries/7/entries/3/name,Ylsa's Deal,伊爾莎的交易,project-proposed
OotA,/data/3/entries/9/entries/7/entries/4/name,Droki,卓奇,existing-site
OotA,/data/3/entries/9/entries/7/entries/4/entries/3/name,Chasing Droki,追逐卓奇,project-proposed
OotA,/data/3/entries/9/entries/7/entries/5/name,Signs of Pursuit,追擊的跡象,project-proposed
OotA,/data/3/entries/9/entries/8/name,Darklake Brewery,黑暗湖釀酒廠,project-proposed
OotA,/data/3/entries/9/entries/9/name,Darklake Docks,黑暗湖碼頭,project-proposed
OotA,/data/3/entries/9/entries/9/entries/2/name,Assassins Interrupted,刺客被打斷,project-proposed
OotA,/data/3/entries/9/entries/9/entries/3/name,Access to the Whorlstone Tunnels,進入渦石隧道的通道,project-proposed
OotA,/data/3/entries/9/entries/10/name,Overlake Hold,湖上堡,project-proposed
OotA,/data/3/entries/9/entries/10/entries/1/name,Conscripted by the Stone Guard,被石衛徵召,project-proposed
OotA,/data/3/entries/9/entries/10/entries/1/entries/2/name,Search for Droki,尋找卓奇,project-proposed
OotA,/data/3/entries/9/entries/10/entries/1/entries/3/name,Search for Corruption,尋找腐敗,project-proposed
OotA,/data/3/entries/9/entries/10/entries/2/name,Development,發展,project-proposed
OotA,/data/3/entries/9/entries/11/name,The Shattered Spire,破碎的尖塔,project-proposed
OotA,/data/3/entries/9/entries/11/entries/1/name,Meeting Werz,遇見沃茲,project-proposed
OotA,/data/3/entries/9/entries/11/entries/2/name,Bar Fight,酒吧打鬥,project-proposed
OotA,/data/3/entries/9/entries/12/name,The Ghohlbrorn's Lair,戈爾布隆巢穴,project-proposed
OotA,/data/3/entries/9/entries/12/entries/1/name,Rumor Mill,謠言工廠,existing-site
OotA,/data/3/entries/10/name,Laduguer's Furrow,拉杜格溝壑,project-proposed
OotA,/data/3/entries/10/entries/2/name,Abandoned Guardhouses,廢棄的警衛室,project-proposed
OotA,/data/3/entries/10/entries/3/name,Great Gates,宏偉之門,project-proposed
OotA,/data/3/entries/11/name,West Cleft and East Cleft Districts,西裂谷和東裂谷區,project-proposed
OotA,/data/3/entries/11/entries/2/name,Entering Derro Territory,進入迪洛矮人領地,project-proposed
OotA,/data/3/entries/11/entries/2/entries/5/name,Access to the Whorlstone Tunnels,進入渦石隧道的通道,project-proposed
OotA,/data/3/entries/12/name,Halls of Sacred Spells,神聖咒語大廳,project-proposed
OotA,/data/3/entries/13/name,Cairngorm Cavern,凱恩戈姆洞穴,project-proposed
OotA,/data/3/entries/13/entries/2/name,Audience with the Stonespeaker,與石語者會面,project-proposed
OotA,/data/3/entries/13/entries/2/entries/4/name,Treasure,寶藏,existing-site
OotA,/data/3/entries/14/name,Themberchaud's Lair,瑟姆貝爾喬德的巢穴,project-proposed
OotA,/data/3/entries/14/entries/4/name,Agents of the Wyrmsmith,龍匠的代理人,project-proposed
OotA,/data/3/entries/14/entries/4/entries/5/name,Treasure,寶藏,existing-site
OotA,/data/3/entries/14/entries/4/entries/6/name,A Task for the Keepers,守護者的任務,project-proposed
OotA,/data/3/entries/15/name,Whorlstone Tunnels,渦石隧道,project-proposed
OotA,/data/3/entries/15/entries/3/name,Whorlstone Tunnels: General Features,渦石隧道：一般特徵,project-proposed
OotA,/data/3/entries/15/entries/3/entries/1/name,Ceilings and Floors,天花板和地板,project-proposed
OotA,/data/3/entries/15/entries/3/entries/2/name,Narrow Tunnels,狹窄隧道,project-proposed
OotA,/data/3/entries/15/entries/3/entries/3/name,Faerzress,妖光,project-proposed
OotA,/data/3/entries/15/entries/3/entries/4/name,Foul Water,腐化水源,existing-site
OotA,/data/3/entries/15/entries/3/entries/5/name,Edible Fungi,可食用真菌,project-proposed
OotA,/data/3/entries/15/entries/4/name,Faerzress-Suffused Fungi,充滿妖光的真菌,project-proposed
OotA,/data/3/entries/15/entries/4/entries/1/name,Bigwig,巨冠菇,project-proposed
OotA,/data/3/entries/15/entries/4/entries/2/name,Pygmywort,縮身菇,project-proposed
OotA,/data/3/entries/15/entries/5/name,Random Encounters,隨機遭遇,existing-site
OotA,/data/3/entries/15/entries/5/entries/1/name,Whorlstone Tunnels Encounters,渦石隧道遭遇,project-proposed
OotA,/data/3/entries/15/entries/5/entries/2/name,Carrion Crawler,食腐蟲,existing-site
OotA,/data/3/entries/15/entries/5/entries/3/name,Demon Pack,惡魔群,project-proposed
OotA,/data/3/entries/15/entries/5/entries/4/name,Flumph,呋嚕,existing-site
OotA,/data/3/entries/15/entries/5/entries/5/name,Gray Ooze,灰泥怪,existing-site
OotA,/data/3/entries/15/entries/5/entries/6/name,Moldy Quaggoth Spore Servants,發黴的幽邃熊怪孢子奴僕,project-proposed
OotA,/data/3/entries/15/entries/5/entries/7/name,Two-Headed Grimlocks,雙頭幽邃盲族,project-proposed
OotA,/data/3/entries/15/entries/5/entries/8/name,Xorn,石鼎獸,existing-site
OotA,/data/3/entries/15/entries/5/entries/9/name,Yellow Mold,黃黴菌,project-proposed
OotA,/data/3/entries/15/entries/5/entries/10/name,Beneath the Yellow Mold,在黃黴菌之下,project-proposed
OotA,/data/3/entries/15/entries/6/name,Finding Droki,尋找卓奇,project-proposed
OotA,/data/3/entries/15/entries/6/entries/6/name,Roleplaying Droki,扮演卓奇,existing-site
OotA,/data/3/entries/15/entries/6/entries/7/name,Treasure,寶藏,existing-site
OotA,/data/3/entries/15/entries/6/entries/7/entries/4/name,Delivery to the Gray Ghosts,向灰鬼交付,project-proposed
OotA,/data/3/entries/15/entries/6/entries/7/entries/5/name,Delivery to the Cultists,向邪教徒交付,project-proposed
OotA,/data/3/entries/15/entries/6/entries/8/name,XP Awards,經驗值獎勵,project-proposed
OotA,/data/3/entries/15/entries/7/name,Areas of the Tunnels,隧道區域,project-proposed
OotA,/data/3/entries/15/entries/7/entries/0/name,1. Entrance,1. 入口,project-proposed
OotA,/data/3/entries/15/entries/7/entries/0/entries/5/name,Development,發展,project-proposed
OotA,/data/3/entries/15/entries/7/entries/1/name,1a. Pool Bypass,1a. 泳池旁路,project-proposed
OotA,/data/3/entries/15/entries/7/entries/2/name,1b. Buppido's Lair,1b. 布皮多的巢穴,project-proposed
OotA,/data/3/entries/15/entries/7/entries/2/entries/7/name,Development,發展,project-proposed
OotA,/data/3/entries/15/entries/7/entries/2/entries/8/name,Treasure,寶藏,existing-site
OotA,/data/3/entries/15/entries/7/entries/3/name,2. Diseased Pool,2. 病疫池塘,project-proposed
OotA,/data/3/entries/15/entries/7/entries/4/name,3. Parade of Fools,3. 愚人行,project-proposed
OotA,/data/3/entries/15/entries/7/entries/4/entries/8/name,Roleplaying Rumpadump,角色扮演蘭帕丹普,project-proposed
OotA,/data/3/entries/15/entries/7/entries/4/entries/9/name,Development,發展,project-proposed
OotA,/data/3/entries/15/entries/7/entries/4/entries/10/name,XP Awards,經驗值獎勵,project-proposed
OotA,/data/3/entries/15/entries/7/entries/5/name,4. Fungi Thicket,4. 真菌叢,project-proposed
OotA,/data/3/entries/15/entries/7/entries/5/entries/7/name,Treasure,寶藏,existing-site
OotA,/data/3/entries/15/entries/7/entries/5/entries/7/entries/2/name,Zuggtmoy's Gift,祖格莫伊的禮物,project-proposed
OotA,/data/3/entries/15/entries/7/entries/6/name,5. Raucous Mesa,5. 喧鬧的臺地,project-proposed
OotA,/data/3/entries/15/entries/7/entries/7/name,6. Dire Den,6. 險惡巢穴,project-proposed
OotA,/data/3/entries/15/entries/7/entries/7/entries/6/name,Development,發展,project-proposed
OotA,/data/3/entries/15/entries/7/entries/8/name,7. Gray Ghost Garden,7. 灰影花園,project-proposed
OotA,/data/3/entries/15/entries/7/entries/8/entries/6/name,Fungi Pit,真菌坑,project-proposed
OotA,/data/3/entries/15/entries/7/entries/8/entries/7/name,Sprinkler Tank,灑水罐,project-proposed
OotA,/data/3/entries/15/entries/7/entries/8/entries/8/name,Crates,板條箱,project-proposed
OotA,/data/3/entries/15/entries/7/entries/8/entries/9/name,Development,發展,project-proposed
OotA,/data/3/entries/15/entries/7/entries/9/name,8. Gray Alchemist,8. 灰袍鍊金術士,project-proposed
OotA,/data/3/entries/15/entries/7/entries/9/entries/5/name,Duergar Alchemist,灰矮人鍊金術士,existing-site
OotA,/data/3/entries/15/entries/7/entries/9/entries/5/entries/1/name,Acid Vial,強酸瓶,project-proposed
OotA,/data/3/entries/15/entries/7/entries/9/entries/5/entries/2/name,Alchemist's Fire,熾火膠,existing-site
OotA,/data/3/entries/15/entries/7/entries/9/entries/6/name,Development,發展,project-proposed
OotA,/data/3/entries/15/entries/7/entries/9/entries/7/name,Treasure,寶藏,existing-site
OotA,/data/3/entries/15/entries/7/entries/9/entries/8/name,XP Awards,經驗值獎勵,project-proposed
OotA,/data/3/entries/15/entries/7/entries/10/name,9. Fountain of Evil,9. 邪惡之泉,project-proposed
OotA,/data/3/entries/15/entries/7/entries/11/name,10. Cultist Pens,10. 邪教徒圍欄,project-proposed
OotA,/data/3/entries/15/entries/7/entries/11/entries/7/name,Spiral Path,螺旋路徑,project-proposed
OotA,/data/3/entries/15/entries/7/entries/11/entries/8/name,Treasure,寶藏,existing-site
OotA,/data/3/entries/15/entries/7/entries/12/name,11. Quasit Playground,11. 小惡魔遊樂場,project-proposed
OotA,/data/3/entries/15/entries/7/entries/12/entries/4/name,Development,發展,project-proposed
OotA,/data/3/entries/15/entries/7/entries/12/entries/5/name,XP Awards,經驗值獎勵,project-proposed
OotA,/data/3/entries/15/entries/7/entries/13/name,12. Cultist Hideout,12. 邪教徒藏身之處,project-proposed
OotA,/data/3/entries/15/entries/7/entries/13/entries/8/name,Fungi Patches,真菌區,project-proposed
OotA,/data/3/entries/15/entries/7/entries/13/entries/9/name,Platform,平臺,project-proposed
OotA,/data/3/entries/15/entries/7/entries/13/entries/10/name,Trap,陷阱,existing-site
OotA,/data/3/entries/15/entries/7/entries/13/entries/11/name,Treasure,寶藏,existing-site
OotA,/data/3/entries/15/entries/7/entries/13/entries/12/name,XP Awards,經驗值獎勵,project-proposed
OotA,/data/3/entries/15/entries/7/entries/14/name,13. Dumping Pit,13. 傾倒坑,project-proposed
OotA,/data/3/entries/15/entries/7/entries/14/entries/6/name,Treasure,寶藏,existing-site
OotA,/data/3/entries/15/entries/7/entries/14/entries/7/name,Development,發展,project-proposed
OotA,/data/3/entries/15/entries/7/entries/15/name,14. Obelisk,14. 方尖碑,project-proposed
OotA,/data/3/entries/15/entries/7/entries/15/entries/6/name,Obelisk,方尖碑,project-proposed
OotA,/data/3/entries/15/entries/7/entries/15/entries/7/name,Red Dragon Egg,紅龍蛋,project-proposed
OotA,/data/3/entries/15/entries/7/entries/15/entries/8/name,Treasure,寶藏,existing-site
OotA,/data/3/entries/15/entries/7/entries/15/entries/9/name,Development,發展,project-proposed
OotA,/data/3/entries/15/entries/7/entries/15/entries/10/name,XP Awards,經驗值獎勵,project-proposed
OotA,/data/3/entries/15/entries/7/entries/16/name,14a. Fungi-Covered Doors,14a. 真菌覆蓋的門,project-proposed
OotA,/data/3/entries/16/name,Leaving Gracklstugh,離開格拉克斯圖格,project-proposed
OotA,/data/3/entries/17/name,Hold of the Deepking,深王堡,project-proposed
OotA,/data/3/entries/17/entries/4/name,Audience with the Deepking,與深王的會面,project-proposed
OotA,/data/3/entries/17/entries/4/entries/7/name,Development,發展,project-proposed
OotA,/data/4/name,Chapter 5: Neverlight Grove,第5章：無光林地,project-proposed
OotA,/data/4/entries/4/name,Going to Neverlight Grove,前往無光林地,project-proposed
OotA,/data/4/entries/4/entries/4/name,Random Encounters,隨機遭遇,existing-site
OotA,/data/4/entries/4/entries/4/entries/1/name,Encounters around Neverlight Grove,無光林地周圍的遭遇,project-proposed
OotA,/data/4/entries/4/entries/4/entries/2/name,Fungi Patch,真菌區,project-proposed
OotA,/data/4/entries/4/entries/4/entries/3/name,Fungi Patch Discoveries,真菌區發現,project-proposed
OotA,/data/4/entries/4/entries/4/entries/3/entries/1/name,Drow and Quaggoth Spore Servants,卓爾和幽邃熊怪孢子奴僕,project-proposed
OotA,/data/4/entries/4/entries/4/entries/3/entries/2/name,Myconid Adults,菌人成體,project-proposed
OotA,/data/4/entries/4/entries/4/entries/3/entries/3/name,Awakened Zurkhwoods,覺醒的扎爾克林地生物,project-proposed
OotA,/data/4/entries/4/entries/4/entries/3/entries/4/name,Shriekers,尖叫菌,project-proposed
OotA,/data/4/entries/4/entries/4/entries/3/entries/5/name,Zurkhwoods,祖爾克森林,project-proposed
OotA,/data/4/entries/5/name,Arriving at the Grove,抵達林間空地,project-proposed
OotA,/data/4/entries/5/entries/3/entries/0/name,Drow Pursuit in Neverlight Grove,在無光林地的卓爾追擊,project-proposed
OotA,/data/4/entries/5/entries/4/name,Important NPCs,重要NPC,project-proposed
OotA,/data/4/entries/5/entries/4/entries/1/name,Neverlight Grove NPCs,無光林地NPC,project-proposed
OotA,/data/4/entries/5/entries/5/name,A Day in Neverlight Grove,無光林地的一天,project-proposed
OotA,/data/4/entries/5/entries/6/name,Two Sovereigns,兩位君主,project-proposed
OotA,/data/4/entries/5/entries/7/name,Circles,圓形,existing-site
OotA,/data/4/entries/5/entries/7/entries/5/name,Roleplaying the Myconids,扮演菌人,project-proposed
OotA,/data/4/entries/5/entries/8/name,Melding,融合,project-proposed
OotA,/data/4/entries/5/entries/8/entries/1/name,Zuggtmoy's Influence,祖格莫伊的影響,project-proposed
OotA,/data/4/entries/6/name,Neverlight Grove,無光林地,project-proposed
OotA,/data/4/entries/9/name,Neverlight Grove: General Features,無光林地：通用特性,project-proposed
OotA,/data/4/entries/9/entries/1/name,Underground Marsh,地下沼澤,project-proposed
OotA,/data/4/entries/9/entries/2/name,Abundant Fungi,豐富的真菌,project-proposed
OotA,/data/4/entries/9/entries/3/name,Quiet Cacophony,寧靜的嘈雜,project-proposed
OotA,/data/4/entries/9/entries/4/name,Otherworldly Light,超凡之光,project-proposed
OotA,/data/4/entries/9/entries/5/name,Sentinel Mushrooms,哨兵蘑菇,project-proposed
OotA,/data/4/entries/9/entries/6/name,Zuggtmoy's Spores,祖格莫伊的孢子,project-proposed
OotA,/data/4/entries/11/name,1. Fungal Wilds,1. 真菌荒野,project-proposed
OotA,/data/4/entries/11/entries/2/name,Circle of Hunters,獵人之環,project-proposed
OotA,/data/4/entries/11/entries/2/entries/1/name,Loobamub,盧巴姆布,project-proposed
OotA,/data/4/entries/12/name,2. Northern Terraces,2. 北部梯田,project-proposed
OotA,/data/4/entries/12/entries/2/name,Circle of Builders,建造者之環,project-proposed
OotA,/data/4/entries/12/entries/2/entries/1/name,Gasbide,加斯拜德,project-proposed
OotA,/data/4/entries/12/entries/3/name,Circle of Growers,種植者圈子,project-proposed
OotA,/data/4/entries/12/entries/3/entries/1/name,Hebopbe,赫波貝,project-proposed
OotA,/data/4/entries/13/name,3. Central Basin,3. 中央盆地,project-proposed
OotA,/data/4/entries/13/entries/2/name,Inner Circle,內環,project-proposed
OotA,/data/4/entries/13/entries/2/entries/1/name,Sovereign Phylo,君主菲洛,project-proposed
OotA,/data/4/entries/13/entries/2/entries/2/name,Sovereign Basidia,君主巴斯狄亞,existing-site
OotA,/data/4/entries/13/entries/2/entries/3/name,Questions for the Sovereigns,向君主提問,project-proposed
OotA,/data/4/entries/13/entries/2/entries/4/name,Quest: Into the Garden,任務：進入花園,project-proposed
OotA,/data/4/entries/13/entries/3/name,Treasure,寶藏,existing-site
OotA,/data/4/entries/13/entries/4/name,Circle of Sporers,孢子者之環,project-proposed
OotA,/data/4/entries/13/entries/4/entries/1/name,Yrberop,伊爾貝羅普,project-proposed
OotA,/data/4/entries/13/entries/4/entries/2/name,Chuul Spore Servants,甲伏怪孢子僕從,project-proposed
OotA,/data/4/entries/14/name,4. Southern Terraces,4. 南部梯田,project-proposed
OotA,/data/4/entries/14/entries/3/name,Circle of Explorers,探險者之環,project-proposed
OotA,/data/4/entries/14/entries/3/entries/1/name,Rasharoo,拉沙魯,project-proposed
OotA,/data/4/entries/14/entries/4/name,Developments,發展,project-proposed
OotA,/data/4/entries/15/name,5. Garden of Welcome,5. 歡迎花園,project-proposed
OotA,/data/4/entries/15/entries/2/name,Circle of Masters,大師之環,project-proposed
OotA,/data/4/entries/15/entries/2/entries/1/name,Yestabrod,葉斯塔布朗,existing-site
OotA,/data/4/entries/15/entries/3/name,Garden of Horror,恐怖花園,project-proposed
OotA,/data/4/entries/15/entries/4/name,Treasure,寶藏,existing-site
OotA,/data/4/entries/15/entries/5/name,XP Awards,經驗值獎勵,project-proposed
OotA,/data/4/entries/16/name,Wedding Rehearsal,婚禮彩排,project-proposed
OotA,/data/4/entries/16/entries/5/name,Development,發展,project-proposed
OotA,/data/4/entries/16/entries/6/name,XP Awards,經驗值獎勵,project-proposed
OotA,/data/4/entries/17/name,Yggmorgus,伊格莫格斯,project-proposed
OotA,/data/4/entries/17/entries/3/name,Giant Mushroom Tower,巨型蘑菇塔,project-proposed
OotA,/data/4/entries/17/entries/3/entries/8/name,Mad Dance,瘋狂之舞,project-proposed
OotA,/data/4/entries/17/entries/3/entries/9/name,Great Palace,宏偉宮殿,project-proposed
OotA,/data/4/entries/18/name,Leaving Neverlight Grove,離開無光林地,project-proposed
OotA,/data/5/name,Chapter 6: Blingdenstone,第6章：布靈登石城,project-proposed
OotA,/data/5/entries/4/name,Going to Blingdenstone,前往布靈登石城,project-proposed
OotA,/data/5/entries/4/entries/3/name,Drow Pursuers,卓爾族追擊者,project-proposed
OotA,/data/5/entries/4/entries/4/name,Arriving at Blingdenstone,抵達布靈登石城,project-proposed
OotA,/data/5/entries/4/entries/4/entries/2/name,Roleplaying the Svirfneblin,扮演地底侏儒,project-proposed
OotA,/data/5/entries/4/entries/4/entries/3/name,Changing Svirfneblin Attitudes,改變地底侏儒的態度,project-proposed
OotA,/data/5/entries/4/entries/5/name,Random Encounters in Blingdenstone,布靈登石城的隨機遭遇,project-proposed
OotA,/data/5/entries/4/entries/5/entries/1/name,Blingdenstone Encounters,布靈登石城遭遇,project-proposed
OotA,/data/5/entries/4/entries/5/entries/2/name,Animated Drow Statues,活化卓爾雕像,project-proposed
OotA,/data/5/entries/4/entries/5/entries/3/name,Cave Badgers,洞穴獾,project-proposed
OotA,/data/5/entries/4/entries/5/entries/4/name,Dungeon Hazard,地下城危險,project-proposed
OotA,/data/5/entries/4/entries/5/entries/5/name,Dungeon Hazards,地城危害物,project-proposed
OotA,/data/5/entries/4/entries/5/entries/6/name,Elemental Vagabonds,元素流浪者,project-proposed
OotA,/data/5/entries/4/entries/5/entries/7/name,Fiendish Giant Spiders,惡魔型巨型蜘蛛,project-proposed
OotA,/data/5/entries/4/entries/5/entries/8/name,Ghost,幽魂,existing-site
OotA,/data/5/entries/4/entries/5/entries/9/name,Ghost's Attitude,鬼魂的態度,project-proposed
OotA,/data/5/entries/4/entries/5/entries/10/name,Mephit Gang,魔蝠幫派,project-proposed
OotA,/data/5/entries/4/entries/5/entries/11/name,Roaming Ooze,漫遊軟泥,project-proposed
OotA,/data/5/entries/4/entries/5/entries/12/name,Svirfneblin Wererats,地底侏儒鼠人,project-proposed
OotA,/data/5/entries/4/entries/5/entries/12/entries/1/entries/0/name,Gnome Cunning,侏儒狡黠,existing-site
OotA,/data/5/entries/4/entries/5/entries/12/entries/1/entries/1/name,Innate Spellcasting,天生施法,existing-site
OotA,/data/5/entries/4/entries/5/entries/12/entries/1/entries/2/name,Stone Camouflage,巖地偽裝,existing-site
OotA,/data/5/entries/4/entries/5/entries/13/name,Xorn,石鼎獸,existing-site
OotA,/data/5/entries/4/entries/5/entries/13/entries/1/name,Cornered Rats,走投無路的老鼠,project-proposed
OotA,/data/5/entries/4/entries/6/name,Important NPCs,重要NPC,project-proposed
OotA,/data/5/entries/4/entries/6/entries/1/name,Blingdenstone NPCs,布靈登石城非玩家角色,project-proposed
OotA,/data/5/entries/4/entries/7/name,"Settlers, Squatters, and Invaders",定居者、擅自佔地者和入侵者,project-proposed
OotA,/data/5/entries/4/entries/7/entries/1/name,Leaders of Blingdenstone,布靈登石城的領袖,project-proposed
OotA,/data/5/entries/4/entries/7/entries/2/name,Miners' Guild,礦工公會,project-proposed
OotA,/data/5/entries/4/entries/7/entries/3/name,Stoneheart Enclave,石心聚落,project-proposed
OotA,/data/5/entries/4/entries/7/entries/4/name,Burrow Wardens,地穴守衛,project-proposed
OotA,/data/5/entries/4/entries/7/entries/5/name,Ghosts of Blingdenstone,布靈登石城的幽靈,project-proposed
OotA,/data/5/entries/4/entries/7/entries/6/name,Ogrémoch's Bane,歐雷莫克之災,project-proposed
OotA,/data/5/entries/4/entries/7/entries/7/name,Clan Goldwhisker,金鬚族,project-proposed
OotA,/data/5/entries/4/entries/7/entries/8/name,"The Pudding King's ""Court""","布丁王的""宮廷""",project-proposed
OotA,/data/5/entries/5/name,Blingdenstone Outskirts,布靈登石城郊區,project-proposed
OotA,/data/5/entries/5/entries/3/name,Problems Cubed,問題立方,project-proposed
OotA,/data/5/entries/5/entries/4/name,Entémoch's Boon,恩特莫克之恩,project-proposed
OotA,/data/5/entries/5/entries/4/entries/3/name,Finding Entémoch's Boon,尋找恩特莫克之恩,project-proposed
OotA,/data/5/entries/5/entries/4/entries/3/entries/4/name,Random Encounters,隨機遭遇,existing-site
OotA,/data/5/entries/5/entries/4/entries/4/name,The Beasts of Entémoch's Boon,恩特莫克之恩的野獸,project-proposed
OotA,/data/5/entries/5/entries/4/entries/5/name,Basilisk Maturation,蜥蜴人成熟期,project-proposed
OotA,/data/5/entries/5/entries/5/name,Whiteshell Mine,白殼礦場,project-proposed
OotA,/data/5/entries/5/entries/6/name,Pickshine Mines,光採礦場,project-proposed
OotA,/data/5/entries/5/entries/7/name,Stoneheart Quarry,石心採石場,project-proposed
OotA,/data/5/entries/5/entries/7/entries/2/name,Elemental Healing,元素治癒,project-proposed
OotA,/data/5/entries/5/entries/7/entries/2/entries/1/name,Doors of Blingdenstone,布靈登石城之門,project-proposed
OotA,/data/5/entries/6/name,Outer Blingdenstone,外圍布靈登石城,project-proposed
OotA,/data/5/entries/6/entries/1/name,1. Stairs,1. 樓梯,project-proposed
OotA,/data/5/entries/6/entries/1/entries/1/name,1a. Cart Lift,1a. 手推車升降機,project-proposed
OotA,/data/5/entries/6/entries/2/name,2. Main Gate,2. 主城門,project-proposed
OotA,/data/5/entries/6/entries/3/name,3. Maze,3. 迷宮,project-proposed
OotA,/data/5/entries/6/entries/4/name,4. Gauntlet,4. 障礙賽,project-proposed
OotA,/data/5/entries/6/entries/4/entries/1/name,Gate Towers,門塔,project-proposed
OotA,/data/5/entries/6/entries/4/entries/2/name,Tunnel,隧道,project-proposed
OotA,/data/5/entries/7/name,Inner Blingdenstone,內布靈登石城,project-proposed
OotA,/data/5/entries/11/name,5. Reception Hall,5. 接待大廳,project-proposed
OotA,/data/5/entries/12/name,6. Barracks,6. 兵營,project-proposed
OotA,/data/5/entries/12/entries/1/name,Inner Blingdenstone: General Features,內布靈登石城：總體特徵,project-proposed
OotA,/data/5/entries/12/entries/1/entries/1/name,Chambers,房間,project-proposed
OotA,/data/5/entries/12/entries/1/entries/2/name,Light,光線,existing-site
OotA,/data/5/entries/12/entries/1/entries/3/name,Connecting Tunnels,連線隧道,project-proposed
OotA,/data/5/entries/13/name,7. Traders' Grotto,7. 商人之洞,project-proposed
OotA,/data/5/entries/13/entries/1/name,Kazook Pickshine,卡祖克·閃鎬,project-proposed
OotA,/data/5/entries/13/entries/2/name,Gelatinous Cube Incursion,凝膠立方體入侵,project-proposed
OotA,/data/5/entries/13/entries/2/entries/5/name,Treasure,寶藏,existing-site
OotA,/data/5/entries/13/entries/3/name,Development,發展,project-proposed
OotA,/data/5/entries/13/entries/4/name,XP Awards,經驗值獎勵,project-proposed
OotA,/data/5/entries/14/name,8. The Ruby in the Rough,8. 粗獷的紅寶石,project-proposed
OotA,/data/5/entries/14/entries/4/name,Burrow Warden Jadger,地道守望者賈傑爾,project-proposed
OotA,/data/5/entries/14/entries/5/name,XP Awards,經驗值獎勵,project-proposed
OotA,/data/5/entries/14/entries/5/entries/1/name,The Way Home,回家的路,project-proposed
OotA,/data/5/entries/15/name,9. Cultivation Cave,9. 培育洞穴,project-proposed
OotA,/data/5/entries/16/name,10. Staging Area,10. 集結區,project-proposed
OotA,/data/5/entries/16/entries/1/name,Unseen Evil,不可見的邪惡,project-proposed
OotA,/data/5/entries/17/name,11. Caves of Clatter,11. 喧譁洞穴,project-proposed
OotA,/data/5/entries/18/name,12. Residential Caves,12. 住宅洞穴,project-proposed
OotA,/data/5/entries/18/entries/3/name,12a. Vazuk's Home,12a. 瓦祖克的家,project-proposed
OotA,/data/5/entries/18/entries/3/entries/2/name,Treasure,寶藏,existing-site
OotA,/data/5/entries/18/entries/4/name,XP Awards,經驗值獎勵,project-proposed
OotA,/data/5/entries/19/name,13. Speaking Stones,13. 會說話的石頭,project-proposed
OotA,/data/5/entries/19/entries/1/name,Cleanse the Steadfast Stone,淨化堅定石,project-proposed
OotA,/data/5/entries/20/name,14. Diggermattock Hall,14. 掘鋤大廳,project-proposed
OotA,/data/5/entries/20/entries/5/name,"""Operation: Ooze There?""","""行動：那裡有軟泥怪？""",project-proposed
OotA,/data/5/entries/20/entries/6/name,"""Operation: Exterminate?""","""行動：消滅？""",project-proposed
OotA,/data/5/entries/21/name,15. Singing Stones,15. 歌唱之石,project-proposed
OotA,/data/5/entries/22/name,16. The Foaming Mug,16. 泡沫杯,project-proposed
OotA,/data/5/entries/22/entries/2/name,Rumor and Hearsay,謠言與傳聞,project-proposed
OotA,/data/5/entries/23/name,Rockblight,岩石疫病,project-proposed
OotA,/data/5/entries/23/entries/6/name,Rockblight: General Features,巖疫：總體特徵,project-proposed
OotA,/data/5/entries/23/entries/6/entries/1/name,Light,光線,existing-site
OotA,/data/5/entries/23/entries/6/entries/2/name,Caverns and Corridors,洞穴和走廊,project-proposed
OotA,/data/5/entries/23/entries/6/entries/3/name,Humidity,溼度,project-proposed
OotA,/data/5/entries/23/entries/7/name,17. Abandoned Residences,17. 廢棄住宅,project-proposed
OotA,/data/5/entries/23/entries/7/entries/4/name,Pool and Waterfall,池塘和瀑布,project-proposed
OotA,/data/5/entries/23/entries/7/entries/5/name,Treasure,寶藏,existing-site
OotA,/data/5/entries/23/entries/7/entries/6/name,Development,發展,project-proposed
OotA,/data/5/entries/23/entries/8/name,18. Overlook,18. 俯瞰,project-proposed
OotA,/data/5/entries/23/entries/8/entries/4/name,Treasure,寶藏,existing-site
OotA,/data/5/entries/23/entries/9/name,19. Crystal Garden,19. 水晶花園,project-proposed
OotA,/data/5/entries/23/entries/10/name,20. Neheedra's Lair,20. 妮希德拉的巢穴,project-proposed
OotA,/data/5/entries/23/entries/10/entries/3/name,Treasure,寶藏,existing-site
OotA,/data/5/entries/23/entries/10/entries/4/name,Development,發展,project-proposed
OotA,/data/5/entries/23/entries/10/entries/5/name,XP Awards,經驗值獎勵,project-proposed
OotA,/data/5/entries/23/entries/11/name,21. Drow Statues,21. 卓爾雕像,project-proposed
OotA,/data/5/entries/23/entries/11/entries/3/name,Ogrémoch's Bane,歐雷莫克之災,project-proposed
OotA,/data/5/entries/23/entries/11/entries/4/name,XP Awards,經驗值獎勵,project-proposed
OotA,/data/5/entries/23/entries/12/name,22. Steadfast Stone,22. 堅定之石,project-proposed
OotA,/data/5/entries/23/entries/12/entries/3/name,Cleansing the Temple,淨化神廟,project-proposed
OotA,/data/5/entries/23/entries/12/entries/4/name,Development,發展,project-proposed
OotA,/data/5/entries/23/entries/12/entries/5/name,XP Awards,經驗值獎勵,project-proposed
OotA,/data/5/entries/24/name,Goldwhisker Warrens,金鬚族地穴,project-proposed
OotA,/data/5/entries/24/entries/2/name,Goldwhisker Warrens: General Features,金鬚族巢穴：一般特徵,project-proposed
OotA,/data/5/entries/24/entries/2/entries/1/name,Light,光線,existing-site
OotA,/data/5/entries/24/entries/2/entries/2/name,Traps,陷阱,existing-site
OotA,/data/5/entries/24/entries/3/name,23. Main Entrance,23. 主入口,project-proposed
OotA,/data/5/entries/24/entries/3/entries/2/name,Development,發展,project-proposed
OotA,/data/5/entries/24/entries/4/name,24. Refuse Pile,24. 垃圾堆,project-proposed
OotA,/data/5/entries/24/entries/5/name,25. Hall of Miners,25. 礦工大廳,project-proposed
OotA,/data/5/entries/24/entries/6/name,26. Chipgrin's Rise,26. 奇普格林的崛起,project-proposed
OotA,/data/5/entries/24/entries/6/entries/9/name,Development,發展,project-proposed
OotA,/data/5/entries/24/entries/7/name,27. Secret Tunnel,27. 秘密隧道,project-proposed
OotA,/data/5/entries/25/name,The Pudding Court,布丁宮廷,project-proposed
OotA,/data/5/entries/25/entries/1/name,Royal Oozes,皇家軟泥怪,project-proposed
OotA,/data/5/entries/25/entries/2/name,28. House Center,28. 房屋中心,project-proposed
OotA,/data/5/entries/25/entries/2/entries/6/name,Royal Sphere,皇家球體,project-proposed
OotA,/data/5/entries/25/entries/3/name,29. Ruined Stockade,29. 毀壞的圍欄,project-proposed
OotA,/data/5/entries/25/entries/4/name,30. Throne Room,30. 寶座室,project-proposed
OotA,/data/5/entries/25/entries/4/entries/4/name,Treasure,寶藏,existing-site
OotA,/data/5/entries/26/name,Battle for Blingdenstone,布靈登石城之戰,project-proposed
OotA,/data/5/entries/26/entries/4/name,Blingdenstone Factions,布靈登石城派系,project-proposed
OotA,/data/5/entries/26/entries/4/entries/1/name,The Diggermattocks,掘鋤家族,project-proposed
OotA,/data/5/entries/26/entries/4/entries/2/name,The Goldwhisker Clan,金鬚族,project-proposed
OotA,/data/5/entries/26/entries/4/entries/3/name,The Stoneheart Enclave,石心飛地,project-proposed
OotA,/data/5/entries/26/entries/4/entries/4/name,The Miners' Guild,礦工公會,project-proposed
OotA,/data/5/entries/26/entries/4/entries/5/name,Svirfneblin Spirits,侏儒精神,project-proposed
OotA,/data/5/entries/26/entries/5/name,Task List,任務列表,project-proposed
OotA,/data/5/entries/26/entries/6/name,Cry Havoc!,戰爭號令,project-proposed
OotA,/data/5/entries/26/entries/6/entries/3/name,Benefits for Completing Tasks,完成任務的好處,project-proposed
OotA,/data/5/entries/26/entries/6/entries/4/name,Battle of Blingdenstone Encounters,布靈登石城之戰遭遇戰,project-proposed
OotA,/data/5/entries/26/entries/7/name,Oozing Royalty,流淌的王權,project-proposed
OotA,/data/5/entries/26/entries/7/entries/4/name,Treasure,寶藏,existing-site
OotA,/data/5/entries/26/entries/8/name,The Pudding King,布丁王,existing-site
OotA,/data/5/entries/26/entries/8/entries/7/name,Development,發展,project-proposed
OotA,/data/5/entries/26/entries/8/entries/8/name,XP Awards,經驗值獎勵,project-proposed
OotA,/data/5/entries/27/name,Leaving Blingdenstone,離開布靈登石城,project-proposed
OotA,/data/6/name,Chapter 7: Escape from the Underdark,第7章：逃離幽暗地域,project-proposed
OotA,/data/6/entries/4/name,The Way Out,出路,project-proposed
OotA,/data/6/entries/4/entries/1/name,Finding the Way,找到道路,project-proposed
OotA,/data/6/entries/4/entries/1/entries/1/name,Blingdenstone,布靈登石城,project-proposed
OotA,/data/6/entries/4/entries/1/entries/2/name,Gracklstugh,格拉克斯圖格,project-proposed
OotA,/data/6/entries/4/entries/1/entries/3/name,The Wormwrithings,蠕蟲扭道,project-proposed
OotA,/data/6/entries/4/entries/1/entries/4/name,Farther Afield,更遠的地方,project-proposed
OotA,/data/6/entries/4/entries/1/entries/5/name,Portals,傳送門,project-proposed
OotA,/data/6/entries/4/entries/2/name,Gaining Access,獲得入口,project-proposed
OotA,/data/6/entries/5/name,Bidding Farewell,告別,project-proposed
OotA,/data/6/entries/5/entries/1/name,Underdark Natives,幽暗地域原住民,project-proposed
OotA,/data/6/entries/5/entries/2/name,Surface Dwellers,地表居民,project-proposed
OotA,/data/6/entries/5/entries/3/name,With Friends Like These...,有這樣朋友......,project-proposed
OotA,/data/6/entries/6/name,Confronting the Drow,面對卓爾,project-proposed
OotA,/data/6/entries/6/entries/2/name,Drow Chase,卓爾追逐,project-proposed
OotA,/data/6/entries/6/entries/2/entries/1/name,Chase Complications,追逐中的意外,project-proposed
OotA,/data/6/entries/6/entries/3/name,Stand and Fight,停下來戰鬥,project-proposed
OotA,/data/6/entries/6/entries/3/entries/5/name,Evening the Odds,平衡機會,project-proposed
OotA,/data/6/entries/6/entries/3/entries/6/name,Treasure,寶藏,existing-site
OotA,/data/6/entries/6/entries/3/entries/7/name,XP Awards,經驗值獎勵,project-proposed
OotA,/data/6/entries/7/name,Further Adventures,更多冒險,project-proposed
OotA,/data/6/entries/7/entries/1/name,Overland Travel,陸上旅行,project-proposed
OotA,/data/6/entries/7/entries/2/name,Recovery and Downtime,恢復與休整,project-proposed
OotA,/data/6/entries/7/entries/3/name,Resupply,補給,project-proposed
OotA,/data/6/entries/7/entries/4/name,Warnings,先兆,project-proposed
OotA,/data/6/entries/7/entries/5/name,Level Advancement,等級提升,project-proposed
OotA,/data/6/entries/7/entries/5/entries/2/name,Drow Chase Complications,卓爾追逐的複雜情況,project-proposed
OotA,/data/7/name,Chapter 8: Audience in Gauntlgrym,第8章：在岡特格瑞姆的覲見,project-proposed
OotA,/data/7/entries/1/name,Summoned by Bruenor,被布魯諾召喚,project-proposed
OotA,/data/7/entries/1/entries/4/name,Gauntlgrym Connections,岡特格瑞姆的聯絡,project-proposed
OotA,/data/7/entries/1/entries/5/name,Arrival,抵達,project-proposed
OotA,/data/7/entries/2/name,Gauntlgrym,岡特格瑞姆,project-proposed
OotA,/data/7/entries/2/entries/6/name,Gauntlgrym: General Features,岡特格瑞姆：總體特徵,project-proposed
OotA,/data/7/entries/2/entries/6/entries/1/name,Light,光線,existing-site
OotA,/data/7/entries/2/entries/6/entries/2/name,Mine Carts,礦車,project-proposed
OotA,/data/7/entries/2/entries/6/entries/3/name,Ghosts,幽魂,project-proposed
OotA,/data/7/entries/2/entries/7/name,The Vault of Kings,國王的金庫,project-proposed
OotA,/data/7/entries/2/entries/8/name,The Iron Tabernacle,鐵製聖堂,project-proposed
OotA,/data/7/entries/2/entries/8/entries/2/name,Rebuilding Faith,重建信仰,project-proposed
OotA,/data/7/entries/2/entries/8/entries/3/name,All Roads Lead Here,條條大路通羅馬,project-proposed
OotA,/data/7/entries/2/entries/8/entries/4/name,Slumber of Ancients,古代的沉睡,project-proposed
OotA,/data/7/entries/2/entries/8/entries/5/name,Iron Tabernacle Random Encounters,鐵製聖所隨機遭遇,project-proposed
OotA,/data/7/entries/2/entries/8/entries/6/name,Iron Tabernacle Encounters,鐵製聖所遭遇,project-proposed
OotA,/data/7/entries/2/entries/9/name,The Great Forge,大熔爐,project-proposed
OotA,/data/7/entries/2/entries/9/entries/4/name,The Fiery Pit,火坑,project-proposed
OotA,/data/7/entries/2/entries/9/entries/5/name,Back in Operation,重新運營,project-proposed
OotA,/data/7/entries/2/entries/9/entries/6/name,Great Forge Random Encounters,大熔爐隨機遭遇,project-proposed
OotA,/data/7/entries/2/entries/9/entries/7/name,Great Forge Encounters,大熔爐遭遇,project-proposed
OotA,/data/7/entries/3/name,Events in Gauntlgrym,岡特格瑞姆的事件,project-proposed
OotA,/data/7/entries/3/entries/2/name,Audience with Bruenor,與布魯諾會面,project-proposed
OotA,/data/7/entries/3/entries/3/name,Guests at the Feast,宴會上的賓客,project-proposed
OotA,/data/7/entries/3/entries/4/name,Bruenor's Plan,布魯諾的計劃,project-proposed
OotA,/data/7/entries/3/entries/4/entries/6/name,Bruenor Battlehammer,布魯諾·戰錘,project-proposed
OotA,/data/7/entries/3/entries/5/name,Enemies Among Us,我們中的敵人,project-proposed
OotA,/data/7/entries/4/name,Forging an Alliance,建立聯盟,project-proposed
OotA,/data/7/entries/4/entries/4/name,The Harpers,豎琴手聯盟,existing-site
OotA,/data/7/entries/4/entries/4/entries/4/name,Lord Zelraun Roaringhorn,澤爾朗·咆哮號角勳爵,project-proposed
OotA,/data/7/entries/4/entries/10/name,The Order of the Gauntlet,鐵手套教團,existing-site
OotA,/data/7/entries/4/entries/10/entries/4/name,Sir Lanniver Strayl,蘭尼弗·斯特雷爾爵士,project-proposed
OotA,/data/7/entries/4/entries/15/name,The Emerald Enclave,翠綠閒庭,existing-site
OotA,/data/7/entries/4/entries/15/entries/5/name,Morista Malkin,莫瑞斯塔·馬爾金,project-proposed
OotA,/data/7/entries/4/entries/20/name,The Lords' Alliance,領主聯盟,existing-site
OotA,/data/7/entries/4/entries/20/entries/4/name,Lord Eravien Haund,埃拉維恩·哈恩德勳爵,project-proposed
OotA,/data/7/entries/4/entries/27/name,The Zhentarim,散塔林會,existing-site
OotA,/data/7/entries/4/entries/27/entries/4/name,Davra Jassur,達芙拉·賈瑟,project-proposed
OotA,/data/7/entries/5/name,The Way Ahead,前方之路,project-proposed
OotA,/data/8/name,Chapter 9: Mantol-Derith,第9章：曼塔-岱瑞絲,project-proposed
OotA,/data/8/entries/5/name,Fraz-Urb'luu's Gem,弗拉茲厄魯的寶石,project-proposed
OotA,/data/8/entries/5/entries/6/name,Mantol-Derith: General Features,曼塔-岱瑞絲：一般特徵,project-proposed
OotA,/data/8/entries/5/entries/6/entries/1/name,Climate,氣候,project-proposed
OotA,/data/8/entries/5/entries/6/entries/2/name,Light,光線,existing-site
OotA,/data/8/entries/6/name,Reaching Mantol-Derith,抵達曼塔-岱瑞絲,project-proposed
OotA,/data/8/entries/7/name,Mantol-Derith,曼塔-岱瑞絲,project-proposed
OotA,/data/8/entries/12/name,Important NPCs,重要NPC,project-proposed
OotA,/data/8/entries/12/entries/1/name,Mantol-Derith NPCs,曼塔-岱瑞絲NPC,project-proposed
OotA,/data/8/entries/12/entries/2/name,Keyed Encounters,關鍵遭遇,project-proposed
OotA,/data/8/entries/13/name,1. Secret Entrances,1. 秘密入口,project-proposed
OotA,/data/8/entries/13/entries/1/name,1a. Northwest Entrance,1a. 西北入口,project-proposed
OotA,/data/8/entries/13/entries/2/name,1b. North Entrance,1b. 北入口,project-proposed
OotA,/data/8/entries/13/entries/3/name,1c. Northeast Entrance,1c. 東北入口,project-proposed
OotA,/data/8/entries/13/entries/3/entries/7/name,Treasure,寶藏,existing-site
OotA,/data/8/entries/13/entries/3/entries/8/name,XP Awards,經驗值獎勵,project-proposed
OotA,/data/8/entries/13/entries/4/name,1d. South Entrance and Shore,1d. 南入口和岸邊,project-proposed
OotA,/data/8/entries/13/entries/4/entries/5/name,Traps,陷阱,existing-site
OotA,/data/8/entries/13/entries/4/entries/6/name,Treasure,寶藏,existing-site
OotA,/data/8/entries/13/entries/4/entries/7/name,XP Awards,經驗值獎勵,project-proposed
OotA,/data/8/entries/13/entries/5/name,1e. Zhentarim Secret Door,1e. 散塔林會秘密門,project-proposed
OotA,/data/8/entries/14/name,2. Trench,2. 溝渠,project-proposed
OotA,/data/8/entries/15/name,3. Main Cavern,3. 主洞穴,project-proposed
OotA,/data/8/entries/15/entries/3/name,3a. West Marketplace,3a. 西市場,project-proposed
OotA,/data/8/entries/15/entries/4/name,3b. East Marketplace,3b. 東部市場,project-proposed
OotA,/data/8/entries/15/entries/4/entries/3/name,Peebles,皮布林斯,existing-site
OotA,/data/8/entries/15/entries/4/entries/4/name,Pool,水池,project-proposed
OotA,/data/8/entries/15/entries/4/entries/5/name,Treasure,寶藏,existing-site
OotA,/data/8/entries/16/name,4. Drow Enclave,4. 卓爾飛地,project-proposed
OotA,/data/8/entries/16/entries/2/name,4a. Drow Fungi Grove,4a. 卓爾真菌林,project-proposed
OotA,/data/8/entries/16/entries/2/entries/3/name,Zilchyn Q'Leptin,齊爾欽·奎普廷,existing-site
OotA,/data/8/entries/16/entries/2/entries/4/name,Flink Thunderbonk,弗林克·雷擊,project-proposed
OotA,/data/8/entries/16/entries/3/name,4b. Drow Warehouse,4b. 卓爾倉庫,project-proposed
OotA,/data/8/entries/16/entries/3/entries/4/name,Treasure,寶藏,existing-site
OotA,/data/8/entries/17/name,5. Duergar Enclave,5. 灰矮人聚居地,project-proposed
OotA,/data/8/entries/17/entries/1/name,5a. Duergar Fungi Grove,5a. 灰矮人真菌林,project-proposed
OotA,/data/8/entries/17/entries/2/name,5b. Duergar Warehouse,5b. 灰矮人倉庫,project-proposed
OotA,/data/8/entries/17/entries/2/entries/3/name,Yantha Coaxrock,揚薩·寇克斯洛克,existing-site
OotA,/data/8/entries/17/entries/2/entries/3/entries/1/entries/0/name,Spellcasting,施法,existing-site
OotA,/data/8/entries/17/entries/2/entries/4/name,Treasure,寶藏,existing-site
OotA,/data/8/entries/17/entries/2/entries/5/name,Development,發展,project-proposed
OotA,/data/8/entries/17/entries/2/entries/6/name,XP Awards,經驗值獎勵,project-proposed
OotA,/data/8/entries/18/name,6. Svirfneblin Enclave,6. 地底侏儒聚居地,project-proposed
OotA,/data/8/entries/18/entries/1/name,6a. Svirfneblin Fungi Grove,6a. 地底侏儒真菌林,project-proposed
OotA,/data/8/entries/18/entries/1/entries/2/name,Treasure,寶藏,existing-site
OotA,/data/8/entries/18/entries/2/name,6b. Svirfneblin Warehouse,6b. 地底侏儒倉庫,project-proposed
OotA,/data/8/entries/18/entries/2/entries/3/name,Treasure,寶藏,existing-site
OotA,/data/8/entries/19/name,7. Zhentarim Enclave,7. 散塔林會聚居地,project-proposed
OotA,/data/8/entries/19/entries/1/name,7a. Zhentarim Encampment,7a. 散塔林會營地,project-proposed
OotA,/data/8/entries/19/entries/1/entries/4/name,Development,發展,project-proposed
OotA,/data/8/entries/19/entries/2/name,7b. Zhentarim Warehouse,7b. 散塔林會倉庫,project-proposed
OotA,/data/8/entries/19/entries/2/entries/6/name,Ghazrim's Shed,加茲裡姆的棚屋,project-proposed
OotA,/data/8/entries/19/entries/2/entries/7/name,Secret Door,暗門,project-proposed
OotA,/data/8/entries/19/entries/2/entries/8/name,Storage Sheds,儲藏棚,project-proposed
OotA,/data/8/entries/19/entries/2/entries/9/name,Treasure,寶藏,existing-site
OotA,/data/8/entries/20/name,Leaving Mantol-Derith,離開曼塔-岱瑞絲,project-proposed
OotA,/data/8/entries/20/entries/2/name,Beholder Eyestalks,眼魔眼梗,project-proposed
OotA,/data/8/entries/20/entries/3/name,Follow-Up Encounters,後續遭遇,project-proposed
OotA,/data/8/entries/20/entries/3/entries/1/name,Cricket Catcher,捕蟀者,project-proposed
OotA,/data/8/entries/20/entries/3/entries/1/entries/3/name,Treasure,寶藏,existing-site
OotA,/data/8/entries/20/entries/3/entries/2/name,Amarith's Zoo,阿瑪瑞斯的動物園,project-proposed
OotA,/data/8/entries/20/entries/3/entries/3/name,Xazax the Eyemonger,眼商札札克斯,existing-site
OotA,/data/8/entries/20/entries/3/entries/3/entries/3/name,Treasure,寶藏,existing-site
OotA,/data/9/name,Chapter 10: Descent into the Depths,第10章：深入地底,project-proposed
OotA,/data/9/entries/4/name,Fellow Travelers,同行旅伴,project-proposed
OotA,/data/9/entries/4/entries/2/name,Attacking in Force,集體進攻,project-proposed
OotA,/data/9/entries/4/entries/3/name,Marching Orders,行軍指令,project-proposed
OotA,/data/9/entries/4/entries/4/name,Travel Pace,旅行步調,existing-site
OotA,/data/9/entries/4/entries/5/name,Navigating,導航,project-proposed
OotA,/data/9/entries/4/entries/6/name,Scouting,偵察,project-proposed
OotA,/data/9/entries/5/name,In Command,指揮中,project-proposed
OotA,/data/9/entries/5/entries/1/name,Personalities,個性,project-proposed
OotA,/data/9/entries/5/entries/2/name,Heart of Darkness,黑暗之心,project-proposed
OotA,/data/9/entries/5/entries/3/name,Loyalty,忠誠,existing-site
OotA,/data/9/entries/5/entries/4/name,Provisions,供應品,project-proposed
OotA,/data/9/entries/5/entries/5/name,Treasure,寶藏,existing-site
OotA,/data/9/entries/5/entries/6/name,Maintaining Order,維護秩序,project-proposed
OotA,/data/9/entries/5/entries/6/entries/1/name,Chain of Command,指揮鏈,project-proposed
OotA,/data/9/entries/5/entries/6/entries/1/entries/2/name,Splitting the Party,分隊,project-proposed
OotA,/data/9/entries/6/name,Random Events,隨機事件,project-proposed
OotA,/data/9/entries/6/entries/3/entries/0/name,Battle Aftermath,戰鬥後果,project-proposed
OotA,/data/9/entries/6/entries/3/entries/0/entries/1/name,Corpses,屍體,existing-site
OotA,/data/9/entries/6/entries/3/entries/0/entries/1/entries/2/name,Scavengers,清道夫,project-proposed
OotA,/data/9/entries/6/entries/3/entries/1/name,Creature Encounter,生物遭遇,project-proposed
OotA,/data/9/entries/6/entries/3/entries/2/name,Demon Encounter,惡魔遭遇,project-proposed
OotA,/data/9/entries/6/entries/3/entries/2/entries/1/name,Demon Encounters,惡魔遭遇,project-proposed
OotA,/data/9/entries/6/entries/3/entries/3/name,Discipline Problem,紀律問題,project-proposed
OotA,/data/9/entries/6/entries/3/entries/3/entries/1/name,Discipline Problems,紀律問題,project-proposed
OotA,/data/9/entries/6/entries/3/entries/4/name,Disease,疾病,project-proposed
OotA,/data/9/entries/6/entries/3/entries/4/entries/1/name,Diseases,疾病,project-proposed
OotA,/data/9/entries/6/entries/3/entries/5/name,Madness,瘋狂,existing-site
OotA,/data/9/entries/6/entries/3/entries/6/name,Poisoned NPCs,中毒的NPC,project-proposed
OotA,/data/9/entries/6/entries/3/entries/7/name,Spoiled Supplies,腐敗的物資,project-proposed
OotA,/data/9/entries/6/entries/3/entries/8/name,Vanishing NPCs,消失的NPC,project-proposed
OotA,/data/9/entries/7/name,Underdark Outposts,幽暗地域前哨站,project-proposed
OotA,/data/9/entries/7/entries/2/name,New Downtime Activity: Establish an Outpost,新的休整期活動：建立一個前哨站,project-proposed
OotA,/data/9/entries/8/name,Retracing Steps,追溯步驟,project-proposed
OotA,/data/9/entries/8/entries/1/name,Blingdenstone,布靈登石城,project-proposed
OotA,/data/9/entries/8/entries/1/entries/3/name,Reinforcements,援軍,project-proposed
OotA,/data/9/entries/8/entries/2/name,The Darklake,黑暗湖,project-proposed
OotA,/data/9/entries/8/entries/2/entries/2/name,Fallen Sloobludop,墮落的斯盧布多普,project-proposed
OotA,/data/9/entries/8/entries/3/name,Gracklstugh,格拉克斯圖格,project-proposed
OotA,/data/9/entries/8/entries/3/entries/1/name,Chaos in the City,城市中的混亂,project-proposed
OotA,/data/9/entries/8/entries/3/entries/2/name,Dark Plots,黑暗陰謀,project-proposed
OotA,/data/9/entries/8/entries/4/name,Menzoberranzan,魔索布萊城,project-proposed
OotA,/data/9/entries/8/entries/4/entries/1/name,March on Menzoberranzan,向魔索布萊城進軍,project-proposed
OotA,/data/9/entries/8/entries/5/name,Neverlight Grove,無光林地,project-proposed
OotA,/data/9/entries/8/entries/6/name,Velkynvelve,維爾京維爾夫,project-proposed
OotA,/data/10/name,Chapter 11: Gravenhollow,第11章：刻文谷,project-proposed
OotA,/data/10/entries/4/name,Going to Gravenhollow,前往刻文谷,project-proposed
OotA,/data/10/entries/4/entries/2/name,Finding the Way,找到道路,project-proposed
OotA,/data/10/entries/4/entries/2/entries/1/name,Ghazrim's Ring,加茲裡姆的戒指,project-proposed
OotA,/data/10/entries/4/entries/2/entries/2/name,Society of Brilliance,光輝協會,project-proposed
OotA,/data/10/entries/4/entries/2/entries/3/name,Stone Giant Guide,石巨人嚮導,project-proposed
OotA,/data/10/entries/4/entries/3/name,Veldyskar the Basilisk,石化蜥蜴維爾迪斯卡爾,project-proposed
OotA,/data/10/entries/4/entries/4/name,Gates of Gravenhollow,刻文谷之門,project-proposed
OotA,/data/10/entries/5/name,The Stone Library,石質圖書館,project-proposed
OotA,/data/10/entries/5/entries/2/name,Residents,居民,project-proposed
OotA,/data/10/entries/5/entries/2/entries/3/name,Ulthar,烏爾薩,project-proposed
OotA,/data/10/entries/5/entries/2/entries/4/name,Urmas,烏爾馬斯,project-proposed
OotA,/data/10/entries/5/entries/2/entries/5/name,Ustova,烏斯托瓦,project-proposed
OotA,/data/10/entries/5/entries/2/entries/6/name,Galeb Duhr Assistants,石人助手,project-proposed
OotA,/data/10/entries/5/entries/3/name,Echoes,回聲,project-proposed
OotA,/data/10/entries/5/entries/3/entries/5/name,Illustrious Visitors,傑出訪客,project-proposed
OotA,/data/10/entries/5/entries/3/entries/6/name,Echoes in Gravenhollow,刻文谷的回聲,project-proposed
OotA,/data/10/entries/5/entries/3/entries/7/name,Alustriel Silverhand,艾拉斯卓·銀手,existing-site
OotA,/data/10/entries/5/entries/3/entries/8/name,Andarin Zarith,安達林·札瑞斯,project-proposed
OotA,/data/10/entries/5/entries/3/entries/9/name,Bruenor Battlehammer,布魯諾·戰錘,project-proposed
OotA,/data/10/entries/5/entries/3/entries/10/name,Elminster,伊爾明斯特,project-proposed
OotA,/data/10/entries/5/entries/3/entries/11/name,Graz'zt,格拉茲特,existing-site
OotA,/data/10/entries/5/entries/3/entries/12/name,Hgraam,哈格拉姆,project-proposed
OotA,/data/10/entries/5/entries/3/entries/13/name,Jalynfein Oblodra,賈林費因·歐布羅卓,project-proposed
OotA,/data/10/entries/5/entries/3/entries/14/name,Society of Brilliance,光輝協會,project-proposed
OotA,/data/10/entries/5/entries/3/entries/15/name,Xetzirbor,澤茲爾博,project-proposed
OotA,/data/10/entries/5/entries/3/entries/16/name,Yauln,尤恩,project-proposed
OotA,/data/10/entries/5/entries/4/name,Living Quarters,生活區,project-proposed
OotA,/data/10/entries/5/entries/4/entries/1/name,Librarians' Quarters,圖書管理員區,project-proposed
OotA,/data/10/entries/5/entries/4/entries/2/name,Guest Quarters,客房區,project-proposed
OotA,/data/10/entries/5/entries/5/name,Walkways,走道,project-proposed
OotA,/data/10/entries/5/entries/5/entries/1/name,Gravenhollow: General Features,刻文谷：一般特徵,project-proposed
OotA,/data/10/entries/5/entries/5/entries/1/entries/1/name,Power Node,能量節點,project-proposed
OotA,/data/10/entries/5/entries/5/entries/1/entries/2/name,Bigger on the Inside,內部更大,project-proposed
OotA,/data/10/entries/5/entries/5/entries/1/entries/3/name,Universal Language,通用語言,project-proposed
OotA,/data/10/entries/5/entries/5/entries/1/entries/4/name,Hidden from Magic,隱藏於魔法之外,project-proposed
OotA,/data/10/entries/5/entries/5/entries/1/entries/5/name,A Place of Peace,和平之地,project-proposed
OotA,/data/10/entries/5/entries/5/entries/1/entries/6/name,Willful Navigation,有意識的導航,project-proposed
OotA,/data/10/entries/5/entries/6/name,Archives,檔案館,project-proposed
OotA,/data/10/entries/5/entries/6/entries/1/name,Accessing the Records,訪問記錄,project-proposed
OotA,/data/10/entries/5/entries/6/entries/2/name,Archives of the Past,過去的檔案館,project-proposed
OotA,/data/10/entries/5/entries/6/entries/2/entries/3/name,Annals of History,歷史年鑑,project-proposed
OotA,/data/10/entries/5/entries/6/entries/3/name,Archives of the Present,當前檔案館,project-proposed
OotA,/data/10/entries/5/entries/6/entries/3/entries/3/name,Current Affairs,時事,project-proposed
OotA,/data/10/entries/5/entries/6/entries/4/name,Archives of the Future,未來檔案館,project-proposed
OotA,/data/10/entries/5/entries/6/entries/4/entries/3/name,Prophetic Visions,預言幻象,project-proposed
OotA,/data/10/entries/6/name,The Enemy of Our Enemy,敵人的敵人,project-proposed
OotA,/data/10/entries/6/entries/9/name,Approaching the Librarians,接近圖書館管理員,project-proposed
OotA,/data/10/entries/7/name,Stonespeaker Crystals,石語者水晶,project-proposed
OotA,/data/10/entries/7/entries/5/name,Possible Visions,可能的幻象,project-proposed
OotA,/data/10/entries/7/entries/5/entries/1/name,Gromph's Folly,貢夫的愚行,project-proposed
OotA,/data/10/entries/7/entries/5/entries/2/name,Zuggtmoy's Arrival,祖格莫伊的到來,project-proposed
OotA,/data/10/entries/7/entries/5/entries/3/name,Juiblex and the Pudding King,朱庇萊克斯和布丁王,project-proposed
OotA,/data/10/entries/7/entries/5/entries/4/name,Sundered Blades,斷裂之刃,project-proposed
OotA,/data/10/entries/7/entries/5/entries/5/name,Demogorgon's Altar,狄摩高根的祭壇,project-proposed
OotA,/data/10/entries/7/entries/5/entries/6/name,Fraz-Urb'luu and the Gem,弗拉茲厄魯和寶石,project-proposed
OotA,/data/10/entries/7/entries/5/entries/7/name,Cyrog Lives! Hail Orcus!,賽羅格還活著！向奧喀斯致敬！,project-proposed
OotA,/data/10/entries/7/entries/5/entries/8/name,"Baphomet, the Horned King",巴弗滅，有角之王,project-proposed
OotA,/data/10/entries/7/entries/5/entries/9/name,Spawn of Yeenoghu,耶諾古衍體,existing-site
OotA,/data/10/entries/7/entries/5/entries/10/name,"Lolth, Demon Queen of Spiders",羅絲，蜘蛛的惡魔女王,project-proposed
OotA,/data/10/entries/7/entries/5/entries/11/name,Other Visions,其他版本,project-proposed
OotA,/data/10/entries/8/name,Returning to Vizeran,返回維茲蘭,project-proposed
OotA,/data/10/entries/9/name,Leaving Gravenhollow,離開刻文谷,project-proposed
OotA,/data/10/entries/9/entries/3/name,XP Awards,經驗值獎勵,project-proposed
OotA,/data/11/name,Chapter 12: The Tower of Vengeance,第12章：復仇之塔,project-proposed
OotA,/data/11/entries/2/name,Reaching the Tower,到達塔樓,project-proposed
OotA,/data/11/entries/3/name,Araj: Vizeran's Tower,阿拉傑：維茲蘭之塔,project-proposed
OotA,/data/11/entries/5/name,Vizeran's Tower: General Features,維茲蘭的塔樓：一般特徵,project-proposed
OotA,/data/11/entries/5/entries/1/name,Light,光線,existing-site
OotA,/data/11/entries/5/entries/2/name,Guards and Wards,銅牆鐵壁,existing-site
OotA,/data/11/entries/5/entries/3/name,Levitation Shaft,浮力井,project-proposed
OotA,/data/11/entries/6/name,Meeting with Vizeran,與維茲蘭會面,project-proposed
OotA,/data/11/entries/6/entries/4/name,Vizeran DeVir,維茲蘭·迪威爾,existing-site
OotA,/data/11/entries/6/entries/5/name,Kleve,克勒維,project-proposed
OotA,/data/11/entries/6/entries/6/name,Grin Ousstyl,格林·奧斯提爾,project-proposed
OotA,/data/11/entries/7/name,Other Inhabitants,其他居民,project-proposed
OotA,/data/11/entries/8/name,Vizeran's Scheme,維茲蘭的計劃,project-proposed
OotA,/data/11/entries/8/entries/4/name,What Vizeran Knows,維茲蘭所知道的,project-proposed
OotA,/data/11/entries/8/entries/5/name,What Vizeran Wants,維茲蘭所想要的,project-proposed
OotA,/data/11/entries/8/entries/6/name,What Vizeran Offers,維茲蘭所提供的,project-proposed
OotA,/data/11/entries/9/name,Vizeran's Plan,維茲蘭的計劃,project-proposed
OotA,/data/11/entries/10/name,Victory without Vizeran,沒有維茲蘭的勝利,project-proposed
OotA,/data/11/entries/11/name,Stealing into Araj,潛入阿拉傑,project-proposed
OotA,/data/11/entries/11/entries/1/name,Wards,大區,project-proposed
OotA,/data/12/name,Chapter 13: The Wormwrithings,第13章：蠕蟲扭道,project-proposed
OotA,/data/12/entries/2/name,The Worm Tunnels,蠕蟲隧道,project-proposed
OotA,/data/12/entries/2/entries/3/name,Random Encounters,隨機遭遇,existing-site
OotA,/data/12/entries/2/entries/3/entries/2/name,Wormwrithings Encounters,蠕蟲扭道遭遇,project-proposed
OotA,/data/12/entries/2/entries/3/entries/3/name,Drider,蛛化卓爾,existing-site
OotA,/data/12/entries/2/entries/3/entries/4/name,Drow Hunting Party,卓爾狩獵隊,project-proposed
OotA,/data/12/entries/2/entries/3/entries/5/name,Dwarf Commoners,矮人平民,project-proposed
OotA,/data/12/entries/2/entries/3/entries/5/entries/1/name,Treasure,寶藏,existing-site
OotA,/data/12/entries/2/entries/3/entries/6/name,Ettins,雙頭巨人,project-proposed
OotA,/data/12/entries/2/entries/3/entries/7/name,Flumphs,呋嚕,project-proposed
OotA,/data/12/entries/2/entries/3/entries/8/name,Grick Nest,穴居攫怪巢穴,project-proposed
OotA,/data/12/entries/2/entries/3/entries/8/entries/1/name,Treasure,寶藏,existing-site
OotA,/data/12/entries/2/entries/3/entries/9/name,Purple Worm,紫蟲,existing-site
OotA,/data/12/entries/2/entries/3/entries/10/name,Purple Worm Direction,紫蟲方向,project-proposed
OotA,/data/12/entries/2/entries/3/entries/11/name,Troglodytes,穴蜥人,project-proposed
OotA,/data/12/entries/2/entries/3/entries/12/name,Trolls,巨魔,existing-site
OotA,/data/12/entries/2/entries/3/entries/13/name,Umber Hulk,掘土巨怪,existing-site
OotA,/data/12/entries/3/name,Troglodyte Lair,穴蜥人巢穴,project-proposed
OotA,/data/12/entries/3/entries/6/name,Troglodyte Lair: General Features,穴蜥人巢穴：一般特徵,project-proposed
OotA,/data/12/entries/3/entries/6/entries/1/name,Light,光線,existing-site
OotA,/data/12/entries/3/entries/6/entries/2/name,Ceilings,天花板,existing-site
OotA,/data/12/entries/3/entries/6/entries/3/name,Stench,惡臭,existing-site
OotA,/data/12/entries/3/entries/8/name,1. Entrance Tunnel,1. 入口隧道,project-proposed
OotA,/data/12/entries/3/entries/9/name,2. Cave Floor,2. 洞穴地面,project-proposed
OotA,/data/12/entries/3/entries/9/entries/2/name,Development,發展,project-proposed
OotA,/data/12/entries/3/entries/10/name,3. Rise,3. 上升,project-proposed
OotA,/data/12/entries/3/entries/10/entries/2/entries/0/name,Javelin,標槍,existing-site
OotA,/data/12/entries/3/entries/11/name,4. Basin,4. 盆地,project-proposed
OotA,/data/12/entries/3/entries/11/entries/2/entries/0/name,+2 Longsword,+2 長劍,project-proposed
OotA,/data/12/entries/3/entries/11/entries/4/name,Treasure,寶藏,existing-site
OotA,/data/12/entries/3/entries/12/name,5. Supplies and Captives,5. 補給和俘虜,project-proposed
OotA,/data/12/entries/3/entries/12/entries/3/name,Treasure,寶藏,existing-site
OotA,/data/12/entries/3/entries/13/name,6. Steam Vent,6. 蒸汽噴口,project-proposed
OotA,/data/12/entries/3/entries/13/entries/2/name,Treasure,寶藏,existing-site
OotA,/data/12/entries/3/entries/14/name,7. Troglodyte Outpost,7. 穴蜥人前哨站,project-proposed
OotA,/data/12/entries/3/entries/15/name,8. Roper Lair,8. 石繩怪巢穴,project-proposed
OotA,/data/12/entries/3/entries/15/entries/2/name,Treasure,寶藏,existing-site
OotA,/data/12/entries/3/entries/16/name,9. Sunken Pool,9. 沉沒池塘,project-proposed
OotA,/data/12/entries/3/entries/17/name,10. Ruins,10. 廢墟,project-proposed
OotA,/data/12/entries/3/entries/18/name,11. Spawning Pool,11. 孵化池,project-proposed
OotA,/data/12/entries/3/entries/19/name,12. Geothermic Vents,12. 地熱通風口,project-proposed
OotA,/data/12/entries/3/entries/20/name,13. Empty Cave,13. 空洞穴,project-proposed
OotA,/data/12/entries/3/entries/21/name,14. Rally Point,14. 集結點,project-proposed
OotA,/data/12/entries/3/entries/21/entries/2/name,Development,發展,project-proposed
OotA,/data/12/entries/3/entries/22/name,15. Exit Tunnel,15. 出口隧道,project-proposed
OotA,/data/12/entries/3/entries/23/name,Resolving the Standoff,解決對峙,project-proposed
OotA,/data/12/entries/4/name,Voice in the Dark,黑暗中的聲音,project-proposed
OotA,/data/12/entries/4/entries/5/entries/0/name,Spellcasting,施法,existing-site
OotA,/data/12/entries/5/name,Worm Nursery,蠕蟲育嬰室,project-proposed
OotA,/data/12/entries/5/entries/4/name,1. Entry Cavern,1. 入口洞穴,project-proposed
OotA,/data/12/entries/5/entries/5/name,2. Fungus Cave,2. 真菌洞穴,project-proposed
OotA,/data/12/entries/5/entries/5/entries/2/name,Worm Nursery: General Features,蠕蟲託兒所：一般特徵,project-proposed
OotA,/data/12/entries/5/entries/5/entries/2/entries/1/name,Light,光線,existing-site
OotA,/data/12/entries/5/entries/5/entries/2/entries/2/name,Purple Worm Tunnels,紫蟲隧道,project-proposed
OotA,/data/12/entries/5/entries/6/name,3. Ossuary,3. 骨灰堂,project-proposed
OotA,/data/12/entries/5/entries/7/name,4. Chasm,4. 裂谷,project-proposed
OotA,/data/12/entries/5/entries/7/entries/2/name,Treasure,寶藏,existing-site
OotA,/data/12/entries/5/entries/8/name,5. Echo Chambers,5. 回聲室,project-proposed
OotA,/data/12/entries/5/entries/8/entries/2/name,Development,發展,project-proposed
OotA,/data/12/entries/5/entries/9/name,6. Caretaker's Quarters,6. 管理員宿舍,project-proposed
OotA,/data/12/entries/5/entries/9/entries/3/name,Treasure,寶藏,existing-site
OotA,/data/12/entries/5/entries/10/name,7. Entry Chamber,7. 入口室,project-proposed
OotA,/data/12/entries/5/entries/10/entries/1/name,Development,發展,project-proposed
OotA,/data/12/entries/5/entries/10/entries/1/entries/1/name,Hanne's Help,漢娜的幫助,project-proposed
OotA,/data/12/entries/5/entries/11/name,8. Egg Chamber,8. 卵室,project-proposed
OotA,/data/12/entries/5/entries/11/entries/4/name,Egg Chamber Encounters,卵室遭遇戰,project-proposed
OotA,/data/12/entries/5/entries/12/name,9. Bat Cave,9. 蝙蝠洞,project-proposed
OotA,/data/12/entries/5/entries/12/entries/3/name,Development,發展,project-proposed
OotA,/data/12/entries/5/entries/13/name,10. Slop Cave,10. 泔水洞,project-proposed
OotA,/data/12/entries/5/entries/13/entries/2/name,Treasure,寶藏,existing-site
OotA,/data/12/entries/5/entries/14/name,11. Spider Nest,11. 蜘蛛巢穴,project-proposed
OotA,/data/12/entries/5/entries/15/name,12. Chasm,12. 裂谷,project-proposed
OotA,/data/12/entries/5/entries/15/entries/1/name,Treasure,寶藏,existing-site
OotA,/data/12/entries/5/entries/16/name,13. Exit Tunnel,13. 出口隧道,project-proposed
OotA,/data/12/entries/6/name,The Dark Hunters,黑暗獵手,project-proposed
OotA,/data/12/entries/6/entries/3/name,Development,發展,project-proposed
OotA,/data/12/entries/7/name,The Vast Oblivium,廣袤的遺忘之地,project-proposed
OotA,/data/12/entries/7/entries/2/name,Inhabitants,居民,project-proposed
OotA,/data/12/entries/7/entries/2/entries/1/name,Karazikar the Eye Tyrant,卡拉茲卡爾，眼魔暴君,project-proposed
OotA,/data/12/entries/7/entries/2/entries/2/name,Shedrak of the Eyes,眼睛之沙德拉克,existing-site
OotA,/data/12/entries/7/entries/2/entries/3/name,Slaves,奴隸,project-proposed
OotA,/data/12/entries/7/entries/2/entries/3/entries/2/name,The Vast Oblivium: General Features,廣漠遺忘之隙：一般特徵,project-proposed
OotA,/data/12/entries/7/entries/2/entries/3/entries/2/entries/1/name,Light,光線,existing-site
OotA,/data/12/entries/7/entries/2/entries/3/entries/2/entries/2/name,Bridges,橋,project-proposed
OotA,/data/12/entries/7/entries/2/entries/3/entries/2/entries/3/name,Chasm,大裂谷,project-proposed
OotA,/data/12/entries/7/entries/2/entries/3/entries/2/entries/4/name,Shafts,豎井,project-proposed
OotA,/data/12/entries/7/entries/3/name,Arrival,抵達,project-proposed
OotA,/data/12/entries/7/entries/3/entries/3/name,Welcome to Karazikar's Maw,歡迎來到卡拉茲卡爾之喉,project-proposed
OotA,/data/12/entries/7/entries/3/entries/4/name,Audience with Karazikar,與卡拉茲卡爾會面,project-proposed
OotA,/data/12/entries/7/entries/3/entries/5/name,Freed Slaves,解放的奴隸,project-proposed
OotA,/data/12/entries/7/entries/3/entries/5/entries/6/name,Lost Friends,失散的朋友,project-proposed
OotA,/data/12/entries/7/entries/3/entries/6/name,Modron Prisoner,魔冢囚犯,project-proposed
OotA,/data/12/entries/7/entries/3/entries/7/name,Treasure,寶藏,existing-site
OotA,/data/13/name,Chapter 14: The Labyrinth,第14章：迷宮,project-proposed
OotA,/data/13/entries/7/name,Labyrinth Encounters,迷宮遭遇,project-proposed
OotA,/data/13/entries/7/entries/2/name,Random Encounters,隨機遭遇,existing-site
OotA,/data/13/entries/7/entries/2/entries/1/name,Random Encounter Locations,隨機遭遇地點,project-proposed
OotA,/data/13/entries/7/entries/2/entries/1/entries/1/name,Caves,洞穴,project-proposed
OotA,/data/13/entries/7/entries/2/entries/1/entries/2/name,Tunnels,隧道,project-proposed
OotA,/data/13/entries/7/entries/2/entries/1/entries/3/name,Rifts,裂縫,project-proposed
OotA,/data/13/entries/7/entries/2/entries/2/name,Labyrinth Encounters,迷宮遭遇,project-proposed
OotA,/data/13/entries/7/entries/2/entries/3/name,Behir,青足龍蛇,existing-site
OotA,/data/13/entries/7/entries/2/entries/4/name,Flumphs,呋嚕,project-proposed
OotA,/data/13/entries/7/entries/2/entries/5/name,Gnoll Pack,鬣狗人群體,project-proposed
OotA,/data/13/entries/7/entries/2/entries/6/name,Grells,觸鬚怪,project-proposed
OotA,/data/13/entries/7/entries/2/entries/7/name,Hezrous,狂蟾魔,project-proposed
OotA,/data/13/entries/7/entries/2/entries/8/name,Manes,原魔,existing-site
OotA,/data/13/entries/7/entries/2/entries/9/name,Minotaurs,牛頭人,project-proposed
OotA,/data/13/entries/7/entries/2/entries/10/name,Monodrone,單元冢,existing-site
OotA,/data/13/entries/7/entries/2/entries/11/name,Quaggoths,幽邃熊怪們,existing-site
OotA,/data/13/entries/7/entries/2/entries/12/name,Shriekers,尖叫菌,project-proposed
OotA,/data/13/entries/8/name,Adamantine Tower,精金塔,project-proposed
OotA,/data/13/entries/8/entries/6/name,First Floor,一樓,project-proposed
OotA,/data/13/entries/8/entries/6/entries/1/name,Treasure,寶藏,existing-site
OotA,/data/13/entries/8/entries/7/name,Second Floor,第二層,project-proposed
OotA,/data/13/entries/8/entries/8/name,Battlements,城垛,project-proposed
OotA,/data/13/entries/9/name,Spiral of the Horned King,角冠王的螺旋,project-proposed
OotA,/data/13/entries/9/entries/5/name,Gash the Gnoll,鬣狗人撕裂,project-proposed
OotA,/data/13/entries/9/entries/6/name,Into the Maze,進入迷宮,project-proposed
OotA,/data/13/entries/9/entries/6/entries/5/name,Maze Encounters,迷宮遭遇,project-proposed
OotA,/data/13/entries/9/entries/6/entries/6/name,Corpse,屍體,existing-site
OotA,/data/13/entries/9/entries/6/entries/7/name,Gnawed Bones,啃咬過的骨頭,project-proposed
OotA,/data/13/entries/9/entries/6/entries/8/name,Gnoll Pack,鬣狗人群體,project-proposed
OotA,/data/13/entries/9/entries/6/entries/9/name,Minotaurs,牛頭人,project-proposed
OotA,/data/13/entries/9/entries/6/entries/9/entries/1/name,Treasure,寶藏,existing-site
OotA,/data/13/entries/10/name,Filthriddens,汙穢聚落,project-proposed
OotA,/data/13/entries/10/entries/2/name,Grisha's Greeting,格里沙的問候,project-proposed
OotA,/data/13/entries/11/name,March to Nowhere,走向虛無,project-proposed
OotA,/data/13/entries/11/entries/5/name,Roleplaying the Modrons,扮演魔冢,project-proposed
OotA,/data/13/entries/12/name,Yeenoghu's Hunt,耶諾古的狩獵,project-proposed
OotA,/data/13/entries/12/entries/7/name,Hunted by Yeenoghu,被耶諾古追捕,project-proposed
OotA,/data/13/entries/12/entries/8/name,Development,發展,project-proposed
OotA,/data/13/entries/13/name,Gallery of Angels,天使畫廊,project-proposed
OotA,/data/13/entries/13/entries/5/name,Fallen Angels,墮落天使,existing-site
OotA,/data/13/entries/13/entries/5/entries/2/name,Anaya,阿納亞,project-proposed
OotA,/data/13/entries/13/entries/5/entries/3/name,Baatral,巴特瑞爾,project-proposed
OotA,/data/13/entries/13/entries/5/entries/4/name,Harajin,哈拉金,project-proposed
OotA,/data/13/entries/13/entries/5/entries/5/name,Lorabelios,洛拉貝利奧斯,project-proposed
OotA,/data/13/entries/13/entries/5/entries/6/name,Nemevon,奈梅馮,project-proposed
OotA,/data/13/entries/13/entries/5/entries/7/name,Silnia,希爾妮雅,project-proposed
OotA,/data/13/entries/13/entries/5/entries/8/name,Tamiel,塔米爾,project-proposed
OotA,/data/13/entries/13/entries/5/entries/9/name,Zarod,扎羅德,project-proposed
OotA,/data/13/entries/13/entries/6/name,Development,發展,project-proposed
OotA,/data/13/entries/14/name,The Maze Engine,迷宮引擎,project-proposed
OotA,/data/13/entries/14/entries/4/name,Reaching the Engine,到達引擎,project-proposed
OotA,/data/13/entries/14/entries/4/entries/2/name,Slaughtertusk,屠殺之牙,project-proposed
OotA,/data/13/entries/14/entries/5/name,Activating the Engine,啟用引擎,project-proposed
OotA,/data/13/entries/14/entries/6/name,Shaking Loose,震動鬆脫,project-proposed
OotA,/data/13/entries/14/entries/6/entries/2/name,Mephit Madness,魔蝠狂潮,project-proposed
OotA,/data/13/entries/14/entries/6/entries/3/name,"Shake, Rattle, and Roll",搖，晃，滾,project-proposed
OotA,/data/13/entries/14/entries/7/name,Shutting Down the Engine,關閉引擎,project-proposed
OotA,/data/13/entries/14/entries/8/name,Maze Engine Effects,迷宮引擎效果,project-proposed
OotA,/data/13/entries/14/entries/8/entries/3/name,Development,發展,project-proposed
OotA,/data/14/name,Chapter 15: The City of Spiders,第15章：蜘蛛之城,project-proposed
OotA,/data/14/entries/3/name,Goals,目標,existing-site
OotA,/data/14/entries/3/entries/1/name,"Placing the ""Dark Heart""",放置'黑暗之心',project-proposed
OotA,/data/14/entries/3/entries/2/name,Obtaining Gromph's Grimoire,獲得貢夫的魔法書,project-proposed
OotA,/data/14/entries/3/entries/2/entries/2/name,Statistical Modifications for Drow NPCs,卓爾NPC的統計資料修改,project-proposed
OotA,/data/14/entries/3/entries/2/entries/2/entries/1/name,Fey Ancestry,妖精血統,existing-site
OotA,/data/14/entries/3/entries/2/entries/2/entries/2/name,Innate Spellcasting,天生施法,existing-site
OotA,/data/14/entries/3/entries/2/entries/2/entries/3/name,Sunlight Sensitivity,日照敏感,existing-site
OotA,/data/14/entries/4/name,Going to Menzoberranzan,前往魔索布萊城,project-proposed
OotA,/data/14/entries/4/entries/2/name,Vizeran's Secret Route,維茲蘭的秘密路線,project-proposed
OotA,/data/14/entries/4/entries/3/name,Other Routes,其他路線,project-proposed
OotA,/data/14/entries/4/entries/3/entries/2/name,Drow Defenses,卓爾防禦,project-proposed
OotA,/data/14/entries/4/entries/3/entries/3/name,Drow Patrol A,卓爾巡邏隊A,project-proposed
OotA,/data/14/entries/4/entries/3/entries/4/name,Drow Patrol B,卓爾巡邏隊B,project-proposed
OotA,/data/14/entries/4/entries/3/entries/5/name,Drow Patrol C,卓爾巡邏隊C,project-proposed
OotA,/data/14/entries/4/entries/3/entries/6/name,Drow Slaves,卓爾奴隸,project-proposed
OotA,/data/14/entries/4/entries/3/entries/7/name,Drow Patrol D,卓爾巡邏隊D,project-proposed
OotA,/data/14/entries/4/entries/3/entries/7/entries/1/name,Treasure,寶藏,existing-site
OotA,/data/14/entries/5/name,Menzoberranzan,魔索布萊城,project-proposed
OotA,/data/14/entries/8/name,The Dark Dominion,黑暗主宰,project-proposed
OotA,/data/14/entries/8/entries/2/name,Dark Dominion Encounters,黑暗主宰遭遇戰,project-proposed
OotA,/data/14/entries/8/entries/3/name,Bugbears,熊地精,existing-site
OotA,/data/14/entries/8/entries/4/name,Clandestine Meeting,秘密會面,project-proposed
OotA,/data/14/entries/8/entries/4/entries/1/name,Duergar Alchemist,灰矮人鍊金術士,existing-site
OotA,/data/14/entries/8/entries/4/entries/2/name,Duergar Spy,灰矮人間諜,existing-site
OotA,/data/14/entries/8/entries/4/entries/3/name,Human Assassin,人類刺客,project-proposed
OotA,/data/14/entries/8/entries/4/entries/4/name,Khalessa Draga,卡萊莎·德拉加,existing-site
OotA,/data/14/entries/8/entries/5/name,Driders,蛛化卓爾,project-proposed
OotA,/data/14/entries/8/entries/6/name,Drow Patrol,卓爾巡邏隊,project-proposed
OotA,/data/14/entries/8/entries/7/name,Drow Spore Servants,卓爾孢子僕從,project-proposed
OotA,/data/14/entries/8/entries/8/name,Escaped Slaves,逃脫的奴隸,project-proposed
OotA,/data/14/entries/8/entries/9/name,Goblins,地精,existing-site
OotA,/data/14/entries/8/entries/10/name,Goblin Tunnel,地精隧道,project-proposed
OotA,/data/14/entries/8/entries/11/name,Glyph of Warding,守衛刻文,existing-site
OotA,/data/14/entries/8/entries/12/name,Intellect Devourers,噬腦怪,project-proposed
OotA,/data/14/entries/8/entries/12/entries/1/name,Menzoberranzan: General Features,魔索布萊城: 一般特徵,project-proposed
OotA,/data/14/entries/8/entries/12/entries/1/entries/1/name,Light,光線,existing-site
OotA,/data/14/entries/8/entries/12/entries/1/entries/2/name,Shielded City,護盾城市,project-proposed
OotA,/data/14/entries/8/entries/12/entries/1/entries/3/name,The Stone Curse,石化詛咒,project-proposed
OotA,/data/14/entries/9/name,City Locations,城市地點,project-proposed
OotA,/data/14/entries/9/entries/1/name,The Bazaar,佈雷什美術博物館大使塔區，中層中央高地,project-proposed
OotA,/data/14/entries/9/entries/2/name,The Braeryn,布里爾林區,project-proposed
OotA,/data/14/entries/9/entries/2/entries/3/name,Encounters in the Braeryn,在佈雷林的遭遇,project-proposed
OotA,/data/14/entries/9/entries/2/entries/4/name,Bugbears,熊地精,existing-site
OotA,/data/14/entries/9/entries/2/entries/5/name,Drow Adolescents,卓爾青少年,project-proposed
OotA,/data/14/entries/9/entries/2/entries/6/name,Drow Pickpocket,卓爾扒手,project-proposed
OotA,/data/14/entries/9/entries/2/entries/7/name,Giant Wolf Spiders,巨狼蛛,project-proposed
OotA,/data/14/entries/9/entries/2/entries/8/name,Infected Drow,被感染的卓爾,project-proposed
OotA,/data/14/entries/9/entries/2/entries/9/name,Mad Drow,瘋狂的卓爾,project-proposed
OotA,/data/14/entries/9/entries/2/entries/10/name,Shield Dwarf Berserker,盾矮人狂戰士,project-proposed
OotA,/data/14/entries/9/entries/2/entries/11/name,Svirfneblin Lure,地底侏儒誘餌,project-proposed
OotA,/data/14/entries/9/entries/3/name,Donigarten,多尼加騰,project-proposed
OotA,/data/14/entries/9/entries/3/entries/3/name,Donigarten Encounters,多尼加騰遭遇戰,project-proposed
OotA,/data/14/entries/9/entries/3/entries/4/name,Drow Patrol,卓爾巡邏隊,project-proposed
OotA,/data/14/entries/9/entries/3/entries/5/name,Drow Spore Servants,卓爾孢子僕從,project-proposed
OotA,/data/14/entries/9/entries/3/entries/6/name,Escaped Slaves,逃脫的奴隸,project-proposed
OotA,/data/14/entries/9/entries/3/entries/7/name,Giant Wolf Spiders,巨狼蛛,project-proposed
OotA,/data/14/entries/9/entries/3/entries/8/name,Orc Slave Farmers,獸人奴隸農夫,project-proposed
OotA,/data/14/entries/9/entries/3/entries/8/entries/2/name,The Way of Lolth,羅絲之路,project-proposed
OotA,/data/14/entries/9/entries/4/name,Duthcloim,杜斯克萊姆,project-proposed
OotA,/data/14/entries/9/entries/4/entries/2/name,Duthcloim Encounters,杜斯克萊姆遭遇戰,project-proposed
OotA,/data/14/entries/9/entries/4/entries/3/name,Bregan D'aerthe Spy,布雷甘·達耶間諜,project-proposed
OotA,/data/14/entries/9/entries/4/entries/3/entries/2/name,Development,發展,project-proposed
OotA,/data/14/entries/9/entries/4/entries/4/name,Drow Foot Patrol,卓爾徒步巡邏隊,project-proposed
OotA,/data/14/entries/9/entries/4/entries/5/name,Drow Priestess of Lolth,卓爾羅絲女祭司,existing-site
OotA,/data/14/entries/9/entries/4/entries/6/name,Spider Nest,蜘蛛巢穴,project-proposed
OotA,/data/14/entries/9/entries/4/entries/7/name,Statue of Lolth,羅絲雕像,project-proposed
OotA,/data/14/entries/9/entries/4/entries/7/entries/2/name,Common Drow Phrases,常見的卓爾短語,project-proposed
OotA,/data/14/entries/9/entries/5/name,Eastmyr,東米爾,project-proposed
OotA,/data/14/entries/9/entries/5/entries/2/name,Eastmyr Encounters,東米爾遭遇戰,project-proposed
OotA,/data/14/entries/9/entries/5/entries/3/name,Bregan D'aerthe Spy,布雷甘·達耶間諜,project-proposed
OotA,/data/14/entries/9/entries/5/entries/4/name,"Cult of ""Y""","""歪""教團",project-proposed
OotA,/data/14/entries/9/entries/5/entries/4/entries/2/name,Development,發展,project-proposed
OotA,/data/14/entries/9/entries/5/entries/5/name,Drow Foot Patrol,卓爾徒步巡邏隊,project-proposed
OotA,/data/14/entries/9/entries/5/entries/6/name,Scroll from Narbondel's Shadow,來自納邦德爾陰影的卷軸,project-proposed
OotA,/data/14/entries/9/entries/5/entries/6/entries/1/name,Development,發展,project-proposed
OotA,/data/14/entries/9/entries/6/name,Kyorbblivvin,奇奧布利文,project-proposed
OotA,/data/14/entries/9/entries/6/entries/1/name,Kyorbblivvin Encounters,奇奧布利文遭遇戰,project-proposed
OotA,/data/14/entries/9/entries/6/entries/2/name,Black Pudding,黑布丁,existing-site
OotA,/data/14/entries/9/entries/6/entries/3/name,Drow Spore Servants,卓爾孢子僕從,project-proposed
OotA,/data/14/entries/9/entries/6/entries/4/name,Elite Drow Foot Patrol,精英卓爾徒步巡邏隊,project-proposed
OotA,/data/14/entries/9/entries/6/entries/5/name,Exotic Fungi,異國真菌,project-proposed
OotA,/data/14/entries/9/entries/6/entries/6/name,Giant Spiders,巨蜘蛛,project-proposed
OotA,/data/14/entries/9/entries/6/entries/7/name,Gricks,穴居攫怪們,existing-site
OotA,/data/14/entries/9/entries/6/entries/8/name,Hunting Party,狩獵隊伍,project-proposed
OotA,/data/14/entries/9/entries/6/entries/9/name,Drow Ruling Houses,卓爾統治家族,project-proposed
OotA,/data/14/entries/9/entries/6/entries/10/name,Shrieker,尖叫菌,existing-site
OotA,/data/14/entries/9/entries/6/entries/11/name,Stirges,蚊蝠們,existing-site
OotA,/data/14/entries/9/entries/6/entries/12/name,Violet Fungi,紫腐菌,project-proposed
OotA,/data/14/entries/9/entries/7/name,Narbondel,納邦德爾,project-proposed
OotA,/data/14/entries/9/entries/7/entries/1/name,Drow Ruling Houses of Menzoberranzan,魔索布萊城的卓爾統治家族,project-proposed
OotA,/data/14/entries/9/entries/8/name,Narbondellyn,納邦德爾林,project-proposed
OotA,/data/14/entries/9/entries/8/entries/3/name,Narbondellyn Encounters,納邦德爾林遭遇,project-proposed
OotA,/data/14/entries/9/entries/8/entries/4/name,Beholder,眼魔,existing-site
OotA,/data/14/entries/9/entries/8/entries/5/name,Bregan D'aerthe Mercenaries,布雷甘·達耶僱傭兵,project-proposed
OotA,/data/14/entries/9/entries/8/entries/5/entries/3/name,Treasure,寶藏,existing-site
OotA,/data/14/entries/9/entries/8/entries/6/name,Elite Drow Patrol,精英卓爾巡邏隊,project-proposed
OotA,/data/14/entries/9/entries/8/entries/7/name,Noble Entourage,貴族隨從,project-proposed
OotA,/data/14/entries/9/entries/8/entries/8/name,Drow House Slaves,卓爾家族奴隸,project-proposed
OotA,/data/14/entries/9/entries/8/entries/8/entries/1/name,Treasure,寶藏,existing-site
OotA,/data/14/entries/9/entries/8/entries/8/entries/2/name,Development,發展,project-proposed
OotA,/data/14/entries/9/entries/8/entries/9/name,Statue of Lolth,羅絲雕像,project-proposed
OotA,/data/14/entries/9/entries/9/name,Qu'ellarz'orl,奎拉佐爾,project-proposed
OotA,/data/14/entries/9/entries/9/entries/4/name,Qu'ellarz'orl Encounters,奎拉佐爾遭遇,project-proposed
OotA,/data/14/entries/9/entries/9/entries/5/name,Elite Drow Patrol,精英卓爾巡邏隊,project-proposed
OotA,/data/14/entries/9/entries/9/entries/5/entries/1/name,Old Enemies,老對手,project-proposed
OotA,/data/14/entries/9/entries/9/entries/6/name,Gargoyles,石像鬼,project-proposed
OotA,/data/14/entries/9/entries/9/entries/7/name,Giant Wolf Spiders,巨狼蛛,project-proposed
OotA,/data/14/entries/9/entries/9/entries/8/name,Groundskeepers,園丁,project-proposed
OotA,/data/14/entries/9/entries/9/entries/9/name,Slave Parade,奴隸遊行,project-proposed
OotA,/data/14/entries/9/entries/10/name,The Rifts,裂隙,project-proposed
OotA,/data/14/entries/9/entries/10/entries/1/name,Clawrift,爪裂,project-proposed
OotA,/data/14/entries/9/entries/10/entries/2/name,Mistrift,迷霧裂谷,project-proposed
OotA,/data/14/entries/9/entries/10/entries/3/name,Westrift,西裂谷,project-proposed
OotA,/data/14/entries/9/entries/11/name,Tier Breche,提爾布雷契,project-proposed
OotA,/data/14/entries/9/entries/11/entries/4/name,Tier Breche Encounters,提爾布雷契遭遇,project-proposed
OotA,/data/14/entries/9/entries/11/entries/5/name,Drow Acolytes,卓爾侍僧,project-proposed
OotA,/data/14/entries/9/entries/11/entries/6/name,Drow Mages,卓爾魔法師,project-proposed
OotA,/data/14/entries/9/entries/11/entries/7/name,Drow Warriors,卓爾戰士,project-proposed
OotA,/data/14/entries/9/entries/12/name,West Wall,西牆,project-proposed
OotA,/data/14/entries/9/entries/12/entries/3/name,West Wall Encounters,西牆遭遇,project-proposed
OotA,/data/14/entries/9/entries/12/entries/4/name,Bandersnatches,班德斯納奇,project-proposed
OotA,/data/14/entries/9/entries/12/entries/4/entries/1/name,Development,發展,project-proposed
OotA,/data/14/entries/9/entries/12/entries/5/name,Bregan D'aerthe Spy,布雷甘·達耶間諜,project-proposed
OotA,/data/14/entries/9/entries/12/entries/6/name,Drow Foot Patrol,卓爾徒步巡邏隊,project-proposed
OotA,/data/14/entries/9/entries/12/entries/7/name,Slave Abuse,奴隸虐待,project-proposed
OotA,/data/14/entries/9/entries/12/entries/8/name,Statue of Lolth,羅絲雕像,project-proposed
OotA,/data/14/entries/10/name,Unexpected Allies,意外盟友,existing-site
OotA,/data/14/entries/10/entries/1/name,House Baenre,班瑞家族,project-proposed
OotA,/data/14/entries/10/entries/2/name,Bregan D'aerthe,布雷甘·達耶,project-proposed
OotA,/data/14/entries/10/entries/3/name,Council of Spiders,蜘蛛議會,project-proposed
OotA,/data/14/entries/11/name,Private Meetings,私人會面,project-proposed
OotA,/data/14/entries/11/entries/1/name,Matron Mother Quenthel Baenre,族長母親奎恩瑟·班瑞,project-proposed
OotA,/data/14/entries/11/entries/1/entries/8/name,XP Awards,經驗值獎勵,project-proposed
OotA,/data/14/entries/11/entries/2/name,Jarlaxle Baenre of Bregan D'aerthe,布雷甘·達耶的賈拉索·班瑞,project-proposed
OotA,/data/14/entries/11/entries/2/entries/9/name,XP Awards,經驗值獎勵,project-proposed
OotA,/data/14/entries/12/name,A Change of Heart,心靈的轉變,project-proposed
OotA,/data/14/entries/13/name,Sorcere,索瑟瑞,project-proposed
OotA,/data/14/entries/13/entries/2/name,Guards and Wards,銅牆鐵壁,existing-site
OotA,/data/14/entries/13/entries/3/name,Random Encounters in Sorcere,索瑟瑞中的隨機遭遇,project-proposed
OotA,/data/14/entries/13/entries/3/entries/3/name,Sorcere Encounters,索瑟瑞遭遇,project-proposed
OotA,/data/14/entries/13/entries/3/entries/4/name,Drow Mages,卓爾魔法師,project-proposed
OotA,/data/14/entries/13/entries/3/entries/5/name,Giant Spider,巨蜘蛛,existing-site
OotA,/data/14/entries/13/entries/3/entries/6/name,Invisible Quasit,隱形小惡魔,project-proposed
OotA,/data/14/entries/13/entries/3/entries/7/name,Mad Drow Mage,瘋狂的卓爾法師,project-proposed
OotA,/data/14/entries/13/entries/3/entries/8/name,Shadow Demon,幽影惡魔,existing-site
OotA,/data/14/entries/13/entries/3/entries/9/name,Slaves,奴隸,project-proposed
OotA,/data/14/entries/13/entries/3/entries/10/name,Succubus or Incubus,魅魔或夢魘,project-proposed
OotA,/data/14/entries/13/entries/4/name,Gromph's Outer Sanctum,貢夫的外聖所,project-proposed
OotA,/data/14/entries/13/entries/4/entries/4/entries/0/name,Multiattack,多重攻擊,existing-site
OotA,/data/14/entries/13/entries/4/entries/4/entries/1/name,Sword,劍,existing-site
OotA,/data/14/entries/13/entries/4/entries/6/name,Trapped Secret Door,陷阱密門,project-proposed
OotA,/data/14/entries/13/entries/4/entries/7/name,Treasure,寶藏,existing-site
OotA,/data/14/entries/13/entries/5/name,Gromph's Inner Sanctum,貢夫的內聖所,project-proposed
OotA,/data/14/entries/13/entries/5/entries/7/name,Treasure,寶藏,existing-site
OotA,/data/14/entries/13/entries/5/entries/8/name,XP Awards,經驗值獎勵,project-proposed
OotA,/data/14/entries/14/name,Developments,發展,project-proposed
OotA,/data/15/name,Chapter 16: The Fetid Wedding,第16章：惡臭的婚禮,project-proposed
OotA,/data/15/entries/2/name,Wedding Invitation,婚禮邀請函,project-proposed
OotA,/data/15/entries/3/name,Myconid March,菌人行進,project-proposed
OotA,/data/15/entries/3/entries/3/name,Uninvited Guests,不速之客,project-proposed
OotA,/data/15/entries/3/entries/3/entries/2/name,Araumycos: General Features,阿勞麥柯：一般特徵,project-proposed
OotA,/data/15/entries/3/entries/3/entries/2/entries/1/name,Light,光線,existing-site
OotA,/data/15/entries/3/entries/3/entries/2/entries/2/name,Terrain,地形,project-proposed
OotA,/data/15/entries/4/name,Araumycos,阿勞麥柯,project-proposed
OotA,/data/15/entries/4/entries/1/name,Random Encounters,隨機遭遇,existing-site
OotA,/data/15/entries/4/entries/1/entries/2/name,Creature Encounters,生物遭遇,project-proposed
OotA,/data/15/entries/4/entries/1/entries/3/name,Araumycos Encounters,阿勞麥柯遭遇,project-proposed
OotA,/data/15/entries/4/entries/1/entries/4/name,Death Tyrant,亡眼暴君,existing-site
OotA,/data/15/entries/4/entries/1/entries/4/entries/1/name,Treasure,寶藏,existing-site
OotA,/data/15/entries/4/entries/1/entries/5/name,Demons,惡魔,existing-site
OotA,/data/15/entries/4/entries/1/entries/6/name,Fungi,真菌,existing-site
OotA,/data/15/entries/4/entries/1/entries/7/name,Gnoll Pack,鬣狗人群體,project-proposed
OotA,/data/15/entries/4/entries/1/entries/8/name,Gricks,穴居攫怪們,existing-site
OotA,/data/15/entries/4/entries/1/entries/9/name,Mold Pit,黴菌坑,project-proposed
OotA,/data/15/entries/4/entries/1/entries/10/name,Myconid Parade,菌人遊行,project-proposed
OotA,/data/15/entries/4/entries/1/entries/11/name,Spore Servants,孢子僕從,project-proposed
OotA,/data/15/entries/4/entries/1/entries/12/name,Oozes,泥怪,existing-site
OotA,/data/15/entries/4/entries/1/entries/13/name,Two-Headed Trolls,雙頭巨魔,project-proposed
OotA,/data/15/entries/5/name,Enter the Groom,新郎入場,project-proposed
OotA,/data/15/entries/5/entries/1/name,Basidia's Aid,巴斯狄亞的援助,project-proposed
OotA,/data/15/entries/5/entries/2/name,Ooze Spies,軟泥怪間諜,project-proposed
OotA,/data/15/entries/5/entries/2/entries/4/entries/0/name,Regeneration,復生,existing-site
OotA,/data/15/entries/5/entries/3/name,Across the Fungal Fields,穿越真菌田野,project-proposed
OotA,/data/15/entries/6/name,Into the Gray Dream,進入灰色夢境,project-proposed
OotA,/data/15/entries/6/entries/4/name,The Mind of Araumycos,阿勞麥柯的心靈,project-proposed
OotA,/data/15/entries/6/entries/5/name,Wedding Crashers,婚禮破壞者,project-proposed
OotA,/data/15/entries/6/entries/6/name,The Sleeper Wakes,沉睡者甦醒,project-proposed
OotA,/data/15/entries/7/name,Let Them Speak Now...,讓他們現在說吧...,project-proposed
OotA,/data/15/entries/7/entries/3/name,Retreat!,撤退！,project-proposed
OotA,/data/15/entries/7/entries/4/name,To Battle!,戰鬥！,project-proposed
OotA,/data/15/entries/8/name,Fighting the Faceless Lord,與無面領主戰鬥,project-proposed
OotA,/data/15/entries/9/name,Victory or Defeat,勝利或失敗,project-proposed
OotA,/data/15/entries/9/entries/1/name,Escaping Defeat,逃離失敗,project-proposed
OotA,/data/15/entries/9/entries/2/name,Achieving Victory,取得勝利,project-proposed
OotA,/data/15/entries/10/name,Developments,發展,project-proposed
OotA,/data/15/entries/10/entries/2/name,Treasure,寶藏,existing-site
OotA,/data/15/entries/10/entries/3/name,XP Awards,經驗值獎勵,project-proposed
OotA,/data/16/name,Chapter 17: Against the Demon Lords,第17章：對抗惡魔領主,project-proposed
OotA,/data/16/entries/1/name,Readying the Plan,準備計劃,project-proposed
OotA,/data/16/entries/2/name,Enacting the Plan,實施計劃,project-proposed
OotA,/data/16/entries/2/entries/3/name,Option: The Lesser of Two Evils,選項：兩害相權取其輕,project-proposed
OotA,/data/16/entries/2/entries/4/name,Let This Be Their Battlefield,讓這裡成為他們的戰場,project-proposed
OotA,/data/16/entries/2/entries/4/entries/2/name,Staying Behind,留下,project-proposed
OotA,/data/16/entries/2/entries/4/entries/4/name,Araumycos,阿勞麥柯,project-proposed
OotA,/data/16/entries/2/entries/4/entries/5/name,Neverlight Grove,無光林地,project-proposed
OotA,/data/16/entries/2/entries/4/entries/6/name,Sloobludop,斯盧布多普,project-proposed
OotA,/data/16/entries/2/entries/4/entries/7/name,Araj,阿拉傑,project-proposed
OotA,/data/16/entries/2/entries/4/entries/7/entries/1/name,Broken Heart,破碎的心,project-proposed
OotA,/data/16/entries/2/entries/5/name,Confronting the Demon Lords,面對惡魔領主,project-proposed
OotA,/data/16/entries/2/entries/5/entries/1/name,Allied Forces,聯盟力量,project-proposed
OotA,/data/16/entries/2/entries/5/entries/1/entries/2/name,Healing Support,治療支援,project-proposed
OotA,/data/16/entries/2/entries/5/entries/1/entries/3/name,Tactical Losses,戰術損失,project-proposed
OotA,/data/16/entries/2/entries/5/entries/2/name,Heroic Sacrifice,英勇犧牲,project-proposed
OotA,/data/16/entries/3/name,Rage of Demons,惡魔之怒,project-proposed
OotA,/data/16/entries/3/entries/5/name,Option: Jimjar's Last Gamble,選項：吉姆賈爾的最後賭博,project-proposed
OotA,/data/16/entries/3/entries/6/name,Demon Showdown,惡魔對決,project-proposed
OotA,/data/16/entries/3/entries/6/entries/1/name,Demon Sortie,惡魔突擊,project-proposed
OotA,/data/16/entries/3/entries/6/entries/2/name,Demon Sortie Force,惡魔突擊隊,project-proposed
OotA,/data/16/entries/3/entries/6/entries/3/name,Demon Thief,惡魔小偷,project-proposed
OotA,/data/16/entries/3/entries/6/entries/4/name,Endangered Allies,瀕危盟友,project-proposed
OotA,/data/16/entries/3/entries/6/entries/4/entries/1/name,Option: Playing Out the Battle Option,選項：展開戰鬥,project-proposed
OotA,/data/16/entries/3/entries/6/entries/5/name,Near Miss,千鈞一髮,project-proposed
OotA,/data/16/entries/3/entries/6/entries/6/name,Threatened Bystanders,受威脅的旁觀者,project-proposed
OotA,/data/16/entries/4/name,Against Demogorgon,對抗狄摩高根,project-proposed
OotA,/data/16/entries/4/entries/6/name,Wand of Orcus,奧喀斯之杖,existing-site
OotA,/data/16/entries/4/entries/7/name,Destroying Demogorgon,摧毀狄摩高根,project-proposed
OotA,/data/16/entries/4/entries/7/entries/2/name,Alternative Showdown,替代對決,project-proposed
OotA,/data/16/entries/5/name,Loose Threads,鬆散的線索,project-proposed
OotA,/data/16/entries/5/entries/2/name,Gromph's Grimoire,貢夫的魔法書,project-proposed
OotA,/data/16/entries/5/entries/3/name,Lingering Evil,殘留的邪惡,project-proposed
OotA,/data/16/entries/5/entries/4/name,Into the Demonweb Pits,進入魔網深坑,project-proposed
OotA,/data/16/entries/5/entries/5/name,Demon Lords Triumphant,惡魔領主的勝利,project-proposed
OotA,/data/16/entries/5/entries/6/name,Gromph Baenre,貢夫·班瑞,project-proposed
OotA,/data/16/entries/5/entries/7/name,Menzoberranzan,魔索布萊城,project-proposed
OotA,/data/16/entries/5/entries/8/name,Gauntlgrym,岡特格瑞姆,project-proposed
OotA,/data/16/entries/5/entries/9/name,Vizeran DeVir,維茲蘭·迪威爾,existing-site
OotA,/data/17/name,Appendix A: Modifying Backgrounds,附錄A：修改背景,project-proposed
OotA,/data/17/entries/1/name,Substitute Features,替代特性,project-proposed
OotA,/data/17/entries/1/entries/2/entries/0/name,Optional Feature: Deep Delver,可選特性：深挖者,project-proposed
OotA,/data/17/entries/1/entries/2/entries/1/name,Optional Feature: Underdark Experience,可選特性：幽暗地域經驗,project-proposed
OotA,/data/17/entries/2/name,Substitute Bonds,替代紐帶,project-proposed
OotA,/data/18/name,Appendix B: Magic Items,附錄B：魔法物品,project-proposed
OotA,/data/19/name,Appendix C: Creatures,附錄C：生物,project-proposed
OotA,/data/19/entries/1/name,Monsters and NPCs by Challenge Rating,按挑戰等級分類的怪物和非玩家角色,project-proposed
OotA,/data/20/name,Appendix D: Demon Lords,附錄D：惡魔領主,project-proposed
OotA,/data/21/name,Afterword,後記,project-proposed
OotA,/data/22/name,Credits,製作組,project-proposed
OotA,/data/22/entries/1/items/0/name,Story Creators,故事創作者,project-proposed
OotA,/data/22/entries/1/items/1/name,Story Consultants,故事顧問,project-proposed
OotA,/data/22/entries/1/items/2/name,Lead Adventure Designer,首席冒險設計師,project-proposed
OotA,/data/22/entries/1/items/3/name,Designers,設計師,project-proposed
OotA,/data/22/entries/1/items/4/name,Managing Editor,主管編輯,project-proposed
OotA,/data/22/entries/1/items/5/name,Editors,編輯,project-proposed
OotA,/data/22/entries/1/items/6/name,Additional Proofreading,額外校對,project-proposed
OotA,/data/22/entries/1/items/7/name,Producer,出品人,project-proposed
OotA,/data/22/entries/1/items/8/name,D&D Lead Designers,D&D首席設計師,project-proposed
OotA,/data/22/entries/1/items/9/name,Art Directors,藝術指導,project-proposed
OotA,/data/22/entries/1/items/10/name,Cover Illustrator,封面插畫師,project-proposed
OotA,/data/22/entries/1/items/11/name,Interior Illustrators,內頁插畫師,project-proposed
OotA,/data/22/entries/1/items/12/name,Cartographers,製圖師,project-proposed
OotA,/data/22/entries/1/items/13/name,Graphic Designer,平面設計師,project-proposed
OotA,/data/22/entries/1/items/14/name,Project Management,專案管理,project-proposed
OotA,/data/22/entries/1/items/15/name,Production Services,製作服務,project-proposed
OotA,/data/22/entries/1/items/16/name,Brand and Marketing,品牌與市場營銷,project-proposed
OotA,/data/22/entries/1/items/17/name,Playtesters,測試玩家,project-proposed
