category,english,source,zh_tw,status,existing_files
action,Dash,,疾走,existing-site,data/zh-TW/bestiary/bestiary-veor.json;data/zh-TW/rules/actions.json
action,Help,,協助,existing-site,data/zh-TW/rules/actions.json
condition,Invisible,,隱形,existing-site,data/zh-TW/rules/conditionsdiseases.json;data/zh-TW/rules/fluff-conditionsdiseases.json
condition,Invisible,PHB,隱形,existing-site,data/zh-TW/rules/conditionsdiseases.json;data/zh-TW/rules/fluff-conditionsdiseases.json
condition,Poisoned,,中毒,existing-site,data/zh-TW/rules/conditionsdiseases.json;data/zh-TW/rules/fluff-conditionsdiseases.json
condition,Poisoned,PHB,中毒,existing-site,data/zh-TW/rules/conditionsdiseases.json;data/zh-TW/rules/fluff-conditionsdiseases.json
condition,blinded,,目盲,existing-site,data/zh-TW/rules/conditionsdiseases.json;data/zh-TW/rules/fluff-conditionsdiseases.json
condition,blinded,PHB,目盲,existing-site,data/zh-TW/rules/conditionsdiseases.json;data/zh-TW/rules/fluff-conditionsdiseases.json
condition,charmed,,魅惑,existing-site,data/zh-TW/rules/conditionsdiseases.json;data/zh-TW/rules/fluff-conditionsdiseases.json
condition,charmed,PHB,魅惑,existing-site,data/zh-TW/rules/conditionsdiseases.json;data/zh-TW/rules/fluff-conditionsdiseases.json
condition,deafened,,耳聾,existing-site,data/zh-TW/rules/conditionsdiseases.json;data/zh-TW/rules/fluff-conditionsdiseases.json
condition,deafened,PHB,耳聾,existing-site,data/zh-TW/rules/conditionsdiseases.json;data/zh-TW/rules/fluff-conditionsdiseases.json
condition,exhaustion,,力竭,existing-site,data/zh-TW/rules/conditionsdiseases.json
condition,exhaustion,PHB,力竭,existing-site,data/zh-TW/rules/conditionsdiseases.json
condition,frightened,,恐懼,existing-site,data/zh-TW/rules/conditionsdiseases.json;data/zh-TW/rules/fluff-conditionsdiseases.json
condition,frightened,PHB,恐懼,existing-site,data/zh-TW/rules/conditionsdiseases.json;data/zh-TW/rules/fluff-conditionsdiseases.json
condition,incapacitated,,無力,existing-site,data/zh-TW/rules/conditionsdiseases.json
condition,incapacitated,PHB,無力,existing-site,data/zh-TW/rules/conditionsdiseases.json
condition,invisible,,隱形,existing-site,data/zh-TW/rules/conditionsdiseases.json;data/zh-TW/rules/fluff-conditionsdiseases.json
condition,invisible,PHB,隱形,existing-site,data/zh-TW/rules/conditionsdiseases.json;data/zh-TW/rules/fluff-conditionsdiseases.json
condition,paralyzed,,麻痺,existing-site,data/zh-TW/rules/conditionsdiseases.json;data/zh-TW/rules/fluff-conditionsdiseases.json
condition,paralyzed,PHB,麻痺,existing-site,data/zh-TW/rules/conditionsdiseases.json;data/zh-TW/rules/fluff-conditionsdiseases.json
condition,petrified,,石化,existing-site,data/zh-TW/rules/conditionsdiseases.json;data/zh-TW/rules/fluff-conditionsdiseases.json
condition,petrified,PHB,石化,existing-site,data/zh-TW/rules/conditionsdiseases.json;data/zh-TW/rules/fluff-conditionsdiseases.json
condition,poisoned,,中毒,existing-site,data/zh-TW/rules/conditionsdiseases.json;data/zh-TW/rules/fluff-conditionsdiseases.json
condition,poisoned,PHB,中毒,existing-site,data/zh-TW/rules/conditionsdiseases.json;data/zh-TW/rules/fluff-conditionsdiseases.json
condition,prone,,伏地,existing-site,data/zh-TW/rules/conditionsdiseases.json;data/zh-TW/rules/fluff-conditionsdiseases.json
condition,prone,PHB,伏地,existing-site,data/zh-TW/rules/conditionsdiseases.json;data/zh-TW/rules/fluff-conditionsdiseases.json
condition,restrained,,束縛,existing-site,data/zh-TW/rules/conditionsdiseases.json;data/zh-TW/rules/fluff-conditionsdiseases.json
condition,restrained,PHB,束縛,existing-site,data/zh-TW/rules/conditionsdiseases.json;data/zh-TW/rules/fluff-conditionsdiseases.json
condition,stunned,,震懾,existing-site,data/zh-TW/rules/conditionsdiseases.json;data/zh-TW/rules/fluff-conditionsdiseases.json
condition,stunned,PHB,震懾,existing-site,data/zh-TW/rules/conditionsdiseases.json;data/zh-TW/rules/fluff-conditionsdiseases.json
condition,unconscious,,昏迷,existing-site,data/zh-TW/rules/conditionsdiseases.json;data/zh-TW/rules/fluff-conditionsdiseases.json
condition,unconscious,PHB,昏迷,existing-site,data/zh-TW/rules/conditionsdiseases.json;data/zh-TW/rules/fluff-conditionsdiseases.json
creature,Acolyte,,侍僧,existing-site,data/zh-TW/bestiary/bestiary-mm.json;data/zh-TW/bestiary/fluff-bestiary-mm.json;data/zh-TW/character-options/backgrounds.json;data/zh-TW/character-options/fluff-backgrounds.json
creature,Adult Red Dragon,,成年紅龍,existing-site,data/zh-TW/bestiary/bestiary-mm.json;data/zh-TW/bestiary/bestiary-xmm.json;data/zh-TW/bestiary/fluff-bestiary-mm.json;data/zh-TW/bestiary/fluff-bestiary-xmm.json
creature,Aljanor Keenblade,OotA,阿爾詹諾·基恩布萊德,existing-site,data/zh-TW/bestiary/bestiary-oota.json;data/zh-TW/bestiary/fluff-bestiary-oota.json
creature,Amarith Coppervein,OotA,阿瑪瑞斯·銅脈,existing-site,data/zh-TW/bestiary/bestiary-oota.json;data/zh-TW/bestiary/fluff-bestiary-oota.json
creature,Animated Armor,,活化盔甲,existing-site,data/zh-TW/bestiary/bestiary-mm.json;data/zh-TW/bestiary/bestiary-xmm.json;data/zh-TW/bestiary/fluff-bestiary-mm.json;data/zh-TW/bestiary/fluff-bestiary-xmm.json
creature,Asha Vandree,OotA,阿莎·範德里,existing-site,data/zh-TW/bestiary/bestiary-oota.json
creature,Awakened Zurkhwood,OotA,覺醒的祖克木,existing-site,data/zh-TW/bestiary/bestiary-oota.json;data/zh-TW/bestiary/fluff-bestiary-oota.json
creature,Awakened zurkhwood,OotA,覺醒的祖克木,existing-site,data/zh-TW/bestiary/bestiary-oota.json;data/zh-TW/bestiary/fluff-bestiary-oota.json
creature,Balor,,巴洛炎魔,existing-site,data/zh-TW/bestiary/bestiary-mm.json;data/zh-TW/bestiary/bestiary-xmm.json;data/zh-TW/bestiary/fluff-bestiary-mm.json;data/zh-TW/bestiary/fluff-bestiary-xmm.json
creature,Bandit,,匪徒,existing-site,data/zh-TW/bestiary/bestiary-mm.json;data/zh-TW/bestiary/bestiary-xmm.json;data/zh-TW/bestiary/fluff-bestiary-mm.json;data/zh-TW/bestiary/fluff-bestiary-xmm.json
creature,Baphomet,MTF,巴弗滅,existing-site,data/zh-TW/bestiary/bestiary-mpmm.json;data/zh-TW/bestiary/bestiary-mtf.json;data/zh-TW/bestiary/fluff-bestiary-mm.json;data/zh-TW/bestiary/fluff-bestiary-mpmm.json;data/zh-TW/bestiary/fluff-bestiary-mtf.json;data/zh-TW/bestiary/legendarygroups.json
creature,Barlgura,,惡猿魔,existing-site,data/zh-TW/bestiary/bestiary-mm.json;data/zh-TW/bestiary/bestiary-xmm.json;data/zh-TW/bestiary/fluff-bestiary-mm.json;data/zh-TW/bestiary/fluff-bestiary-xmm.json
creature,Basilisk,,石化蜥蜴,existing-site,data/zh-TW/bestiary/bestiary-mm.json;data/zh-TW/bestiary/bestiary-xmm.json;data/zh-TW/bestiary/fluff-bestiary-mm.json;data/zh-TW/bestiary/fluff-bestiary-xmm.json
creature,Beholder,,眼魔,existing-site,data/zh-TW/bestiary/bestiary-mm.json;data/zh-TW/bestiary/bestiary-xmm.json;data/zh-TW/bestiary/fluff-bestiary-mm.json;data/zh-TW/bestiary/fluff-bestiary-xmm.json;data/zh-TW/bestiary/legendarygroups.json;data/zh-TW/craft-pages/fluff-homecrafts.json;data/zh-TW/craft-pages/homecrafts.json
creature,Beholder,MM,眼魔,existing-site,data/zh-TW/bestiary/bestiary-mm.json;data/zh-TW/bestiary/bestiary-xmm.json;data/zh-TW/bestiary/fluff-bestiary-mm.json;data/zh-TW/bestiary/fluff-bestiary-xmm.json;data/zh-TW/bestiary/legendarygroups.json;data/zh-TW/craft-pages/fluff-homecrafts.json;data/zh-TW/craft-pages/homecrafts.json
creature,Berserker,,狂戰士,existing-site,data/zh-TW/bestiary/bestiary-mm.json;data/zh-TW/bestiary/bestiary-xmm.json;data/zh-TW/bestiary/fluff-bestiary-mm.json;data/zh-TW/bestiary/fluff-bestiary-xmm.json
creature,Black Pudding,,黑布丁,existing-site,data/zh-TW/bestiary/bestiary-mm.json;data/zh-TW/bestiary/bestiary-xmm.json;data/zh-TW/bestiary/fluff-bestiary-mm.json;data/zh-TW/bestiary/fluff-bestiary-xmm.json;data/zh-TW/craft-pages/fluff-recipes.json;data/zh-TW/craft-pages/recipes.json
creature,Blurg,OotA,布勒格,existing-site,data/zh-TW/bestiary/bestiary-oota.json;data/zh-TW/bestiary/fluff-bestiary-oota.json
creature,Bridesmaid of Zuggtmoy,OotA,祖格莫伊的伴娘,existing-site,data/zh-TW/bestiary/bestiary-oota.json
creature,Bugbear,,熊地精,existing-site,data/zh-TW/bestiary/bestiary-mm.json;data/zh-TW/bestiary/fluff-bestiary-mm.json;data/zh-TW/character-options/fluff-races.json;data/zh-TW/character-options/races.json
creature,Buppido,OotA,布皮多,existing-site,data/zh-TW/bestiary/bestiary-oota.json;data/zh-TW/bestiary/fluff-bestiary-oota.json
creature,Carrion Crawler,,食腐蟲,existing-site,data/zh-TW/bestiary/bestiary-mm.json;data/zh-TW/bestiary/bestiary-xmm.json;data/zh-TW/bestiary/fluff-bestiary-mm.json;data/zh-TW/bestiary/fluff-bestiary-xmm.json
creature,Cave Badger,OotA,洞穴獾,existing-site,data/zh-TW/bestiary/bestiary-oota.json
creature,Chamberlain of Zuggtmoy,OotA,祖格莫伊的管家,existing-site,data/zh-TW/bestiary/bestiary-oota.json
creature,Chasme,,喀嘶魔,existing-site,data/zh-TW/bestiary/bestiary-mm.json;data/zh-TW/bestiary/bestiary-xmm.json;data/zh-TW/bestiary/fluff-bestiary-mm.json;data/zh-TW/bestiary/fluff-bestiary-xmm.json
creature,Chuul Spore Servant,OotA,甲伏怪孢子奴僕,existing-site,data/zh-TW/bestiary/bestiary-oota.json
creature,Chuul spore servant,OotA,甲伏怪孢子奴僕,existing-site,data/zh-TW/bestiary/bestiary-oota.json
creature,Commoner,,平民,existing-site,data/zh-TW/bestiary/bestiary-mm.json;data/zh-TW/bestiary/bestiary-wtthc.json;data/zh-TW/bestiary/bestiary-xmm.json;data/zh-TW/bestiary/fluff-bestiary-mm.json;data/zh-TW/bestiary/fluff-bestiary-wtthc.json;data/zh-TW/bestiary/fluff-bestiary-xmm.json
creature,Cultist,,邪教徒,existing-site,data/zh-TW/bestiary/bestiary-mm.json;data/zh-TW/bestiary/bestiary-xmm.json;data/zh-TW/bestiary/fluff-bestiary-mm.json;data/zh-TW/bestiary/fluff-bestiary-xmm.json
creature,Darkmantle,,暗幕魔獸,existing-site,data/zh-TW/bestiary/bestiary-mm.json;data/zh-TW/bestiary/bestiary-xmm.json;data/zh-TW/bestiary/fluff-bestiary-mm.json;data/zh-TW/bestiary/fluff-bestiary-xmm.json
creature,Death Tyrant,,亡眼暴君,existing-site,data/zh-TW/bestiary/bestiary-mm.json;data/zh-TW/bestiary/bestiary-xmm.json;data/zh-TW/bestiary/fluff-bestiary-mm.json;data/zh-TW/bestiary/fluff-bestiary-xmm.json;data/zh-TW/bestiary/legendarygroups.json
creature,Death tyrant,,亡眼暴君,existing-site,data/zh-TW/bestiary/bestiary-mm.json;data/zh-TW/bestiary/bestiary-xmm.json;data/zh-TW/bestiary/fluff-bestiary-mm.json;data/zh-TW/bestiary/fluff-bestiary-xmm.json;data/zh-TW/bestiary/legendarygroups.json
creature,Death tyrant,MM,亡眼暴君,existing-site,data/zh-TW/bestiary/bestiary-mm.json;data/zh-TW/bestiary/bestiary-xmm.json;data/zh-TW/bestiary/fluff-bestiary-mm.json;data/zh-TW/bestiary/fluff-bestiary-xmm.json;data/zh-TW/bestiary/legendarygroups.json
creature,Deep Gnome (Svirfneblin),,地底侏儒（斯涅布力）,existing-site,data/zh-TW/bestiary/bestiary-mm.json;data/zh-TW/bestiary/fluff-bestiary-mm.json
creature,Deepking Horgar Steelshadow V,OotA,深王霍加·鋼影五世,existing-site,data/zh-TW/bestiary/bestiary-oota.json;data/zh-TW/bestiary/fluff-bestiary-oota.json
creature,Demogorgon,MTF,狄摩高根,existing-site,data/zh-TW/bestiary/bestiary-hftt.json;data/zh-TW/bestiary/bestiary-mpmm.json;data/zh-TW/bestiary/bestiary-mtf.json;data/zh-TW/bestiary/fluff-bestiary-hftt.json;data/zh-TW/bestiary/fluff-bestiary-mm.json;data/zh-TW/bestiary/fluff-bestiary-mpmm.json;data/zh-TW/bestiary/fluff-bestiary-mtf.json;data/zh-TW/bestiary/legendarygroups.json
creature,Derro,OotA,迪洛矮人,existing-site,data/zh-TW/bestiary/bestiary-mpmm.json;data/zh-TW/bestiary/bestiary-mtf.json;data/zh-TW/bestiary/bestiary-oota.json;data/zh-TW/bestiary/fluff-bestiary-mpmm.json;data/zh-TW/bestiary/fluff-bestiary-mtf.json;data/zh-TW/bestiary/fluff-bestiary-oota.json;data/zh-TW/bestiary/fluff-bestiary-qftis.json
creature,Derro savant,OotA,迪洛矮人學者,existing-site,data/zh-TW/bestiary/bestiary-mpmm.json;data/zh-TW/bestiary/bestiary-mtf.json;data/zh-TW/bestiary/bestiary-oota.json;data/zh-TW/bestiary/fluff-bestiary-mpmm.json;data/zh-TW/bestiary/fluff-bestiary-mtf.json;data/zh-TW/bestiary/fluff-bestiary-oota.json
creature,Doppelganger,,變形怪,existing-site,data/zh-TW/bestiary/bestiary-mm.json;data/zh-TW/bestiary/bestiary-xmm.json;data/zh-TW/bestiary/fluff-bestiary-mm.json;data/zh-TW/bestiary/fluff-bestiary-xmm.json;data/zh-TW/reference-pages/charcreationoptions.json
creature,Dretch,,怯魔,existing-site,data/zh-TW/bestiary/bestiary-mm.json;data/zh-TW/bestiary/bestiary-wtthc.json;data/zh-TW/bestiary/bestiary-xmm.json;data/zh-TW/bestiary/fluff-bestiary-mm.json;data/zh-TW/bestiary/fluff-bestiary-wtthc.json;data/zh-TW/bestiary/fluff-bestiary-xmm.json
creature,Drider,,蛛化卓爾,existing-site,data/zh-TW/bestiary/bestiary-mm.json;data/zh-TW/bestiary/bestiary-xmm.json;data/zh-TW/bestiary/fluff-bestiary-mm.json;data/zh-TW/bestiary/fluff-bestiary-xmm.json
creature,Droki,OotA,卓奇,existing-site,data/zh-TW/bestiary/bestiary-oota.json;data/zh-TW/bestiary/fluff-bestiary-oota.json
creature,Drow,,卓爾,existing-site,data/zh-TW/bestiary/bestiary-mm.json;data/zh-TW/bestiary/fluff-bestiary-mm.json;data/zh-TW/bestiary/fluff-bestiary-mtf.json;data/zh-TW/character-options/fluff-races.json;data/zh-TW/character-options/races.json
creature,Drow,MM,卓爾,existing-site,data/zh-TW/bestiary/bestiary-mm.json;data/zh-TW/bestiary/fluff-bestiary-mm.json;data/zh-TW/bestiary/fluff-bestiary-mtf.json;data/zh-TW/character-options/fluff-races.json;data/zh-TW/character-options/races.json
creature,Drow Elite Warrior,,卓爾精英武者,existing-site,data/zh-TW/bestiary/bestiary-mm.json;data/zh-TW/bestiary/fluff-bestiary-mm.json
creature,Drow Mage,,卓爾魔法師,existing-site,data/zh-TW/bestiary/bestiary-mm.json;data/zh-TW/bestiary/fluff-bestiary-mm.json
creature,Drow Priestess of Lolth,,卓爾羅絲女祭司,existing-site,data/zh-TW/bestiary/bestiary-fraif.json;data/zh-TW/bestiary/bestiary-mm.json;data/zh-TW/bestiary/fluff-bestiary-fraif.json;data/zh-TW/bestiary/fluff-bestiary-mm.json
creature,Drow Spore Servant,OotA,卓爾孢子奴僕,existing-site,data/zh-TW/bestiary/bestiary-oota.json
creature,Drow scout,OotA,卓爾斥候,existing-site,data/zh-TW/bestiary/bestiary-oota.json
creature,Drow spore servant,OotA,卓爾孢子奴僕,existing-site,data/zh-TW/bestiary/bestiary-oota.json
creature,Duergar Keeper of the Flame,OotA,灰矮人火焰守護者,existing-site,data/zh-TW/bestiary/bestiary-oota.json;data/zh-TW/bestiary/fluff-bestiary-oota.json
creature,Duergar Soulblade,MTF,灰矮人魂刃使,existing-site,data/zh-TW/bestiary/bestiary-mpmm.json;data/zh-TW/bestiary/bestiary-mtf.json;data/zh-TW/bestiary/fluff-bestiary-mpmm.json;data/zh-TW/bestiary/fluff-bestiary-mtf.json
creature,Duergar Spore Servant,OotA,灰矮人孢子奴僕,existing-site,data/zh-TW/bestiary/bestiary-oota.json
creature,Duergar Stone Guard,MTF,灰矮人岩石守衛,existing-site,data/zh-TW/bestiary/bestiary-mpmm.json;data/zh-TW/bestiary/bestiary-mtf.json;data/zh-TW/bestiary/fluff-bestiary-mpmm.json;data/zh-TW/bestiary/fluff-bestiary-mtf.json
creature,Duergar darkhaft,OotA,灰矮人黑暗之手,existing-site,data/zh-TW/bestiary/bestiary-oota.json;data/zh-TW/bestiary/fluff-bestiary-oota.json
creature,Duergar kavalrachni,MTF,灰矮人凱沃拉騎兵,existing-site,data/zh-TW/bestiary/bestiary-mpmm.json;data/zh-TW/bestiary/bestiary-mtf.json;data/zh-TW/bestiary/fluff-bestiary-mpmm.json;data/zh-TW/bestiary/fluff-bestiary-mtf.json
creature,Duergar soulblade,MTF,灰矮人魂刃使,existing-site,data/zh-TW/bestiary/bestiary-mpmm.json;data/zh-TW/bestiary/bestiary-mtf.json;data/zh-TW/bestiary/fluff-bestiary-mpmm.json;data/zh-TW/bestiary/fluff-bestiary-mtf.json
creature,Duergar spore servant,OotA,灰矮人孢子奴僕,existing-site,data/zh-TW/bestiary/bestiary-oota.json
creature,Duergar xarrorn,MTF,灰矮人薩隆長槍兵,existing-site,data/zh-TW/bestiary/bestiary-mpmm.json;data/zh-TW/bestiary/bestiary-mtf.json;data/zh-TW/bestiary/fluff-bestiary-mpmm.json;data/zh-TW/bestiary/fluff-bestiary-mtf.json
creature,Dust Mephit,,塵魔蝠,existing-site,data/zh-TW/bestiary/bestiary-mm.json;data/zh-TW/bestiary/bestiary-xmm.json;data/zh-TW/bestiary/fluff-bestiary-mm.json;data/zh-TW/bestiary/fluff-bestiary-xmm.json
creature,Eldeth Feldrun,OotA,艾爾德絲·費爾德倫,existing-site,data/zh-TW/bestiary/bestiary-oota.json;data/zh-TW/bestiary/fluff-bestiary-oota.json
creature,Emerald Enclave Scout,OotA,翡翠聯盟偵查兵,existing-site,data/zh-TW/bestiary/bestiary-oota.json
creature,Ettin,,雙頭巨人,existing-site,data/zh-TW/bestiary/bestiary-mm.json;data/zh-TW/bestiary/bestiary-xmm.json;data/zh-TW/bestiary/fluff-bestiary-mm.json;data/zh-TW/bestiary/fluff-bestiary-xmm.json
creature,Female steeder,MTF,雌性騎蛛,existing-site,data/zh-TW/bestiary/bestiary-mpmm.json;data/zh-TW/bestiary/bestiary-mtf.json;data/zh-TW/bestiary/bestiary-oota.json;data/zh-TW/bestiary/fluff-bestiary-mpmm.json;data/zh-TW/bestiary/fluff-bestiary-mtf.json;data/zh-TW/bestiary/fluff-bestiary-oota.json
creature,Fiendish Giant Spider,OotA,惡魔化巨人蜘蛛,existing-site,data/zh-TW/bestiary/bestiary-oota.json
creature,Fire Elemental,,火元素,existing-site,data/zh-TW/bestiary/bestiary-mm.json;data/zh-TW/bestiary/bestiary-xmm.json;data/zh-TW/bestiary/fluff-bestiary-mm.json;data/zh-TW/bestiary/fluff-bestiary-xmm.json
creature,Fire Snake,,火蛇,existing-site,data/zh-TW/bestiary/bestiary-mm.json;data/zh-TW/bestiary/fluff-bestiary-mm.json
creature,Flumph,,呋嚕,existing-site,data/zh-TW/bestiary/bestiary-mm.json;data/zh-TW/bestiary/bestiary-xmm.json;data/zh-TW/bestiary/fluff-bestiary-mm.json;data/zh-TW/bestiary/fluff-bestiary-xmm.json
creature,Fraz-Urb'luu,MTF,弗拉茲厄魯,existing-site,data/zh-TW/bestiary/bestiary-mpmm.json;data/zh-TW/bestiary/bestiary-mtf.json;data/zh-TW/bestiary/fluff-bestiary-mpmm.json;data/zh-TW/bestiary/fluff-bestiary-mtf.json;data/zh-TW/bestiary/legendarygroups.json
creature,Gargoyle,,石像鬼,existing-site,data/zh-TW/bestiary/bestiary-mm.json;data/zh-TW/bestiary/bestiary-xmm.json;data/zh-TW/bestiary/fluff-bestiary-mm.json;data/zh-TW/bestiary/fluff-bestiary-xmm.json
creature,Gas Spore,,毒氣孢子,existing-site,data/zh-TW/bestiary/bestiary-mm.json;data/zh-TW/bestiary/fluff-bestiary-mm.json
creature,Gash,OotA,撕裂,existing-site,data/zh-TW/bestiary/bestiary-oota.json;data/zh-TW/bestiary/fluff-bestiary-oota.json
creature,Gelatinous Cube,,凝膠方塊,existing-site,data/zh-TW/bestiary/bestiary-mm.json;data/zh-TW/bestiary/bestiary-xmm.json;data/zh-TW/bestiary/fluff-bestiary-mm.json;data/zh-TW/bestiary/fluff-bestiary-xmm.json;data/zh-TW/craft-pages/fluff-homecrafts.json;data/zh-TW/craft-pages/homecrafts.json
creature,Ghazrim DuLoc,OotA,加茲裡姆·杜洛克,existing-site,data/zh-TW/bestiary/bestiary-oota.json;data/zh-TW/bestiary/fluff-bestiary-oota.json
creature,Ghost,,幽魂,existing-site,data/zh-TW/bestiary/bestiary-mm.json;data/zh-TW/bestiary/bestiary-xmm.json;data/zh-TW/bestiary/fluff-bestiary-mm.json;data/zh-TW/bestiary/fluff-bestiary-xmm.json;data/zh-TW/rules/variantrules.json
creature,Ghoul,,食屍鬼,existing-site,data/zh-TW/bestiary/bestiary-mm.json;data/zh-TW/bestiary/bestiary-xmm.json;data/zh-TW/bestiary/fluff-bestiary-mm.json;data/zh-TW/bestiary/fluff-bestiary-xmm.json
creature,Giant Fire Beetle,,巨火甲蟲,existing-site,data/zh-TW/bestiary/bestiary-mm.json;data/zh-TW/bestiary/bestiary-xmm.json;data/zh-TW/bestiary/fluff-bestiary-mm.json;data/zh-TW/bestiary/fluff-bestiary-xmm.json
creature,Giant Lizard,,巨蜥,existing-site,data/zh-TW/bestiary/bestiary-mm.json;data/zh-TW/bestiary/bestiary-xmm.json;data/zh-TW/bestiary/fluff-bestiary-mm.json;data/zh-TW/bestiary/fluff-bestiary-xmm.json
creature,Giant Rat,,巨鼠,existing-site,data/zh-TW/bestiary/bestiary-mm.json;data/zh-TW/bestiary/bestiary-xmm.json;data/zh-TW/bestiary/fluff-bestiary-mm.json;data/zh-TW/bestiary/fluff-bestiary-xmm.json
creature,Giant Riding Lizard,OotA,乘用巨蜥,existing-site,data/zh-TW/bestiary/bestiary-oota.json
creature,Giant Spider,,巨蜘蛛,existing-site,data/zh-TW/bestiary/bestiary-mm.json;data/zh-TW/bestiary/bestiary-wtthc.json;data/zh-TW/bestiary/bestiary-xmm.json;data/zh-TW/bestiary/fluff-bestiary-mm.json;data/zh-TW/bestiary/fluff-bestiary-wtthc.json;data/zh-TW/bestiary/fluff-bestiary-xmm.json
creature,Giant Wolf Spider,,巨狼蛛,existing-site,data/zh-TW/bestiary/bestiary-mm.json;data/zh-TW/bestiary/bestiary-xmm.json;data/zh-TW/bestiary/fluff-bestiary-mm.json;data/zh-TW/bestiary/fluff-bestiary-xmm.json
creature,Glabbagool,OotA,格拉巴布林,existing-site,data/zh-TW/bestiary/bestiary-oota.json;data/zh-TW/bestiary/fluff-bestiary-oota.json
creature,Glyphic Shroomlight,OotA,符文蘑菇燈,existing-site,data/zh-TW/bestiary/bestiary-oota.json
creature,Gnoll,,鬣狗人,existing-site,data/zh-TW/bestiary/bestiary-mm.json;data/zh-TW/bestiary/fluff-bestiary-mm.json;data/zh-TW/character-options/races.json
creature,Gnoll,MM,鬣狗人,existing-site,data/zh-TW/bestiary/bestiary-mm.json;data/zh-TW/bestiary/fluff-bestiary-mm.json;data/zh-TW/character-options/races.json
creature,Goblin,,地精,existing-site,data/zh-TW/bestiary/bestiary-mm.json;data/zh-TW/bestiary/fluff-bestiary-mm.json;data/zh-TW/character-options/fluff-races.json;data/zh-TW/character-options/races.json
creature,Gray Ooze,,灰泥怪,existing-site,data/zh-TW/bestiary/bestiary-mm.json;data/zh-TW/bestiary/bestiary-xmm.json;data/zh-TW/bestiary/fluff-bestiary-mm.json;data/zh-TW/bestiary/fluff-bestiary-xmm.json
creature,Graz'zt,MTF,格拉茲特,existing-site,data/zh-TW/bestiary/bestiary-mpmm.json;data/zh-TW/bestiary/bestiary-mtf.json;data/zh-TW/bestiary/fluff-bestiary-mm.json;data/zh-TW/bestiary/fluff-bestiary-mpmm.json;data/zh-TW/bestiary/fluff-bestiary-mtf.json;data/zh-TW/bestiary/legendarygroups.json
creature,Grazilaxx,OotA,格拉齊拉克斯,existing-site,data/zh-TW/bestiary/bestiary-oota.json;data/zh-TW/bestiary/fluff-bestiary-oota.json
creature,Grell,,觸鬚怪,existing-site,data/zh-TW/bestiary/bestiary-mm.json;data/zh-TW/bestiary/bestiary-xmm.json;data/zh-TW/bestiary/fluff-bestiary-mm.json;data/zh-TW/bestiary/fluff-bestiary-xmm.json;data/zh-TW/reference-pages/languages.json
creature,Grick,,穴居攫怪,existing-site,data/zh-TW/bestiary/bestiary-mm.json;data/zh-TW/bestiary/bestiary-xmm.json;data/zh-TW/bestiary/fluff-bestiary-mm.json;data/zh-TW/bestiary/fluff-bestiary-xmm.json
creature,Grick,MM,穴居攫怪,existing-site,data/zh-TW/bestiary/bestiary-mm.json;data/zh-TW/bestiary/bestiary-xmm.json;data/zh-TW/bestiary/fluff-bestiary-mm.json;data/zh-TW/bestiary/fluff-bestiary-xmm.json
creature,Grimlock,,幽邃盲族,existing-site,data/zh-TW/bestiary/bestiary-mm.json;data/zh-TW/bestiary/bestiary-xmm.json;data/zh-TW/bestiary/fluff-bestiary-mm.json;data/zh-TW/bestiary/fluff-bestiary-xmm.json;data/zh-TW/character-options/races.json
creature,Grisha,OotA,格里沙,existing-site,data/zh-TW/bestiary/bestiary-oota.json
creature,Guard,,警衛,existing-site,data/zh-TW/bestiary/bestiary-mm.json;data/zh-TW/bestiary/bestiary-wtthc.json;data/zh-TW/bestiary/bestiary-xmm.json;data/zh-TW/bestiary/fluff-bestiary-mm.json;data/zh-TW/bestiary/fluff-bestiary-wtthc.json;data/zh-TW/bestiary/fluff-bestiary-xmm.json;data/zh-TW/character-options/backgrounds.json;data/zh-TW/character-options/fluff-backgrounds.json
creature,Hanne Hallen,OotA,漢娜·哈倫,existing-site,data/zh-TW/bestiary/bestiary-oota.json
creature,Hezrou,,狂蟾魔,existing-site,data/zh-TW/bestiary/bestiary-mm.json;data/zh-TW/bestiary/bestiary-xmm.json;data/zh-TW/bestiary/fluff-bestiary-mm.json;data/zh-TW/bestiary/fluff-bestiary-xmm.json
creature,Hook Horror,,恐爪怪,existing-site,data/zh-TW/bestiary/bestiary-mm.json;data/zh-TW/bestiary/bestiary-xmm.json;data/zh-TW/bestiary/fluff-bestiary-mm.json;data/zh-TW/bestiary/fluff-bestiary-xmm.json
creature,Hook Horror Spore Servant,OotA,恐爪怪孢子奴僕,existing-site,data/zh-TW/bestiary/bestiary-oota.json
creature,Hook horror spore servant,OotA,恐爪怪孢子奴僕,existing-site,data/zh-TW/bestiary/bestiary-oota.json
creature,Hyena,,鬣狗,existing-site,data/zh-TW/bestiary/bestiary-mm.json;data/zh-TW/bestiary/bestiary-xmm.json;data/zh-TW/bestiary/fluff-bestiary-mm.json;data/zh-TW/bestiary/fluff-bestiary-xmm.json
creature,Ilvara Mizzrym,OotA,伊爾瓦拉·米茲瑞姆,existing-site,data/zh-TW/bestiary/bestiary-oota.json;data/zh-TW/bestiary/fluff-bestiary-oota.json
creature,Intellect Devourer,,噬腦怪,existing-site,data/zh-TW/bestiary/bestiary-mm.json;data/zh-TW/bestiary/bestiary-xmm.json;data/zh-TW/bestiary/fluff-bestiary-mm.json;data/zh-TW/bestiary/fluff-bestiary-xmm.json
creature,Ixitxachitl,OotA,伊希鰩魚,existing-site,data/zh-TW/bestiary/bestiary-oota.json;data/zh-TW/bestiary/fluff-bestiary-oota.json
creature,Jade Giant Spider,OotA,翡翠巨人蜘蛛,existing-site,data/zh-TW/bestiary/bestiary-oota.json
creature,Jimjar,OotA,吉姆賈爾,existing-site,data/zh-TW/bestiary/bestiary-oota.json;data/zh-TW/bestiary/fluff-bestiary-oota.json
creature,Juiblex,MTF,朱庇萊克斯,existing-site,data/zh-TW/bestiary/bestiary-mpmm.json;data/zh-TW/bestiary/bestiary-mtf.json;data/zh-TW/bestiary/fluff-bestiary-mm.json;data/zh-TW/bestiary/fluff-bestiary-mpmm.json;data/zh-TW/bestiary/fluff-bestiary-mtf.json;data/zh-TW/bestiary/legendarygroups.json
creature,Khalessa Draga,OotA,卡萊莎·德拉加,existing-site,data/zh-TW/bestiary/bestiary-oota.json;data/zh-TW/bestiary/fluff-bestiary-oota.json
creature,Kinyel Druu'giir,OotA,金耶爾·德魯吉爾,existing-site,data/zh-TW/bestiary/bestiary-oota.json;data/zh-TW/bestiary/fluff-bestiary-oota.json
creature,Kobold,,狗頭人,existing-site,data/zh-TW/bestiary/bestiary-mm.json;data/zh-TW/bestiary/fluff-bestiary-mm.json;data/zh-TW/character-options/fluff-races.json;data/zh-TW/character-options/races.json
creature,Kuo-toa Archpriest,,寇濤大祭司,existing-site,data/zh-TW/bestiary/bestiary-mm.json;data/zh-TW/bestiary/bestiary-xmm.json;data/zh-TW/bestiary/fluff-bestiary-mm.json;data/zh-TW/bestiary/fluff-bestiary-xmm.json
creature,Kuo-toa Monitor,,寇濤監察者,existing-site,data/zh-TW/bestiary/bestiary-mm.json;data/zh-TW/bestiary/bestiary-xmm.json;data/zh-TW/bestiary/fluff-bestiary-mm.json;data/zh-TW/bestiary/fluff-bestiary-xmm.json
creature,Kuo-toa Whip,,寇濤驅策者,existing-site,data/zh-TW/bestiary/bestiary-mm.json;data/zh-TW/bestiary/bestiary-xmm.json;data/zh-TW/bestiary/fluff-bestiary-mm.json;data/zh-TW/bestiary/fluff-bestiary-xmm.json
creature,Kurr,OotA,庫爾,existing-site,data/zh-TW/bestiary/bestiary-oota.json;data/zh-TW/bestiary/fluff-bestiary-oota.json
creature,Lords' Alliance Guard,OotA,領主聯盟守衛,existing-site,data/zh-TW/bestiary/bestiary-oota.json
creature,Lords' Alliance Spy,OotA,領主聯盟間諜,existing-site,data/zh-TW/bestiary/bestiary-oota.json
creature,Lorthuun,OotA,洛瑟恩,existing-site,data/zh-TW/bestiary/bestiary-oota.json
creature,Magma Mephit,,熔岩魔蝠,existing-site,data/zh-TW/bestiary/bestiary-mm.json;data/zh-TW/bestiary/bestiary-xmm.json;data/zh-TW/bestiary/fluff-bestiary-mm.json;data/zh-TW/bestiary/fluff-bestiary-xmm.json
creature,Magmin,,火童,existing-site,data/zh-TW/bestiary/bestiary-mm.json;data/zh-TW/bestiary/bestiary-xmm.json;data/zh-TW/bestiary/fluff-bestiary-mm.json;data/zh-TW/bestiary/fluff-bestiary-xmm.json
creature,Male Steeder,MTF,雄性騎蛛,existing-site,data/zh-TW/bestiary/bestiary-mpmm.json;data/zh-TW/bestiary/bestiary-mtf.json;data/zh-TW/bestiary/bestiary-oota.json;data/zh-TW/bestiary/fluff-bestiary-mpmm.json;data/zh-TW/bestiary/fluff-bestiary-mtf.json;data/zh-TW/bestiary/fluff-bestiary-oota.json
creature,Male steeder,MTF,雄性騎蛛,existing-site,data/zh-TW/bestiary/bestiary-mpmm.json;data/zh-TW/bestiary/bestiary-mtf.json;data/zh-TW/bestiary/bestiary-oota.json;data/zh-TW/bestiary/fluff-bestiary-mpmm.json;data/zh-TW/bestiary/fluff-bestiary-mtf.json;data/zh-TW/bestiary/fluff-bestiary-oota.json
creature,Mev Flintknapper,OotA,梅夫·弗林特納普,existing-site,data/zh-TW/bestiary/bestiary-oota.json
creature,Mind Flayer,,奪心魔,existing-site,data/zh-TW/bestiary/bestiary-mm.json;data/zh-TW/bestiary/bestiary-xmm.json;data/zh-TW/bestiary/fluff-bestiary-mm.json;data/zh-TW/bestiary/fluff-bestiary-vgm.json;data/zh-TW/bestiary/fluff-bestiary-xmm.json;data/zh-TW/craft-pages/fluff-homecrafts.json;data/zh-TW/craft-pages/homecrafts.json
creature,Minotaur,,牛頭人,existing-site,data/zh-TW/bestiary/bestiary-mm.json;data/zh-TW/bestiary/fluff-bestiary-mm.json;data/zh-TW/character-options/fluff-races.json;data/zh-TW/character-options/races.json
creature,Monodrone,,單元冢,existing-site,data/zh-TW/bestiary/bestiary-mm.json;data/zh-TW/bestiary/fluff-bestiary-mm.json
creature,Mud Mephit,,泥魔蝠,existing-site,data/zh-TW/bestiary/bestiary-mm.json;data/zh-TW/bestiary/bestiary-xmm.json;data/zh-TW/bestiary/fluff-bestiary-mm.json;data/zh-TW/bestiary/fluff-bestiary-xmm.json
creature,Myconid Adult,,蕈人成體,existing-site,data/zh-TW/bestiary/bestiary-mm.json;data/zh-TW/bestiary/bestiary-wtthc.json;data/zh-TW/bestiary/bestiary-xmm.json;data/zh-TW/bestiary/fluff-bestiary-mm.json;data/zh-TW/bestiary/fluff-bestiary-wtthc.json;data/zh-TW/bestiary/fluff-bestiary-xmm.json
creature,Myconid Sovereign,,蕈人王,existing-site,data/zh-TW/bestiary/bestiary-mm.json;data/zh-TW/bestiary/bestiary-xmm.json;data/zh-TW/bestiary/fluff-bestiary-mm.json;data/zh-TW/bestiary/fluff-bestiary-xmm.json
creature,Myconid Sprout,,蕈人幼體,existing-site,data/zh-TW/bestiary/bestiary-mm.json;data/zh-TW/bestiary/bestiary-xmm.json;data/zh-TW/bestiary/fluff-bestiary-mm.json;data/zh-TW/bestiary/fluff-bestiary-xmm.json
creature,Narrak,OotA,納拉克,existing-site,data/zh-TW/bestiary/bestiary-oota.json
creature,Nothic,,諾斯怪,existing-site,data/zh-TW/bestiary/bestiary-mm.json;data/zh-TW/bestiary/bestiary-xmm.json;data/zh-TW/bestiary/fluff-bestiary-mm.json;data/zh-TW/bestiary/fluff-bestiary-xmm.json
creature,Ochre Jelly,,赭果凍,existing-site,data/zh-TW/bestiary/bestiary-mm.json;data/zh-TW/bestiary/bestiary-xmm.json;data/zh-TW/bestiary/fluff-bestiary-mm.json;data/zh-TW/bestiary/fluff-bestiary-xmm.json
creature,Ogre,,食人魔,existing-site,data/zh-TW/bestiary/bestiary-mm.json;data/zh-TW/bestiary/bestiary-xmm.json;data/zh-TW/bestiary/fluff-bestiary-mm.json;data/zh-TW/bestiary/fluff-bestiary-mtf.json;data/zh-TW/bestiary/fluff-bestiary-xmm.json
creature,Orc,,獸人,existing-site,data/zh-TW/bestiary/bestiary-mm.json;data/zh-TW/bestiary/fluff-bestiary-mm.json;data/zh-TW/character-options/fluff-races.json;data/zh-TW/character-options/races.json;data/zh-TW/reference-pages/fluff-languages.json;data/zh-TW/reference-pages/languages.json
creature,Orc,MM,獸人,existing-site,data/zh-TW/bestiary/bestiary-mm.json;data/zh-TW/bestiary/fluff-bestiary-mm.json;data/zh-TW/character-options/fluff-races.json;data/zh-TW/character-options/races.json;data/zh-TW/reference-pages/fluff-languages.json;data/zh-TW/reference-pages/languages.json
creature,Orcus,MTF,奧喀斯,existing-site,data/zh-TW/bestiary/bestiary-mpmm.json;data/zh-TW/bestiary/bestiary-mtf.json;data/zh-TW/bestiary/fluff-bestiary-mm.json;data/zh-TW/bestiary/fluff-bestiary-mpmm.json;data/zh-TW/bestiary/fluff-bestiary-mtf.json;data/zh-TW/bestiary/legendarygroups.json
creature,Orog,,魔獸人,existing-site,data/zh-TW/bestiary/bestiary-mm.json;data/zh-TW/bestiary/fluff-bestiary-mm.json
creature,Otyugh,,食腐獸,existing-site,data/zh-TW/bestiary/bestiary-mm.json;data/zh-TW/bestiary/bestiary-xmm.json;data/zh-TW/bestiary/fluff-bestiary-mm.json;data/zh-TW/bestiary/fluff-bestiary-xmm.json
creature,Ougalop,OotA,歐加洛普,existing-site,data/zh-TW/bestiary/bestiary-oota.json;data/zh-TW/bestiary/fluff-bestiary-oota.json
creature,Peebles,OotA,皮布林斯,existing-site,data/zh-TW/bestiary/bestiary-oota.json;data/zh-TW/bestiary/fluff-bestiary-oota.json
creature,Piercer,,石錐怪,existing-site,data/zh-TW/bestiary/bestiary-mm.json;data/zh-TW/bestiary/bestiary-xmm.json;data/zh-TW/bestiary/fluff-bestiary-mm.json;data/zh-TW/bestiary/fluff-bestiary-xmm.json
creature,Priest,,祭司,existing-site,data/zh-TW/bestiary/bestiary-mm.json;data/zh-TW/bestiary/bestiary-xmm.json;data/zh-TW/bestiary/fluff-bestiary-mm.json;data/zh-TW/bestiary/fluff-bestiary-xmm.json;data/zh-TW/items/items-001.json
creature,Prince Derendil,OotA,德倫迪爾王子,existing-site,data/zh-TW/bestiary/bestiary-oota.json;data/zh-TW/bestiary/fluff-bestiary-oota.json
creature,Princess Ebonmire,OotA,烏木公主,existing-site,data/zh-TW/bestiary/bestiary-oota.json
creature,Purple Worm,,紫蟲,existing-site,data/zh-TW/bestiary/bestiary-mm.json;data/zh-TW/bestiary/bestiary-xmm.json;data/zh-TW/bestiary/fluff-bestiary-mm.json;data/zh-TW/bestiary/fluff-bestiary-xmm.json
creature,Purple Worm,MM,紫蟲,existing-site,data/zh-TW/bestiary/bestiary-mm.json;data/zh-TW/bestiary/bestiary-xmm.json;data/zh-TW/bestiary/fluff-bestiary-mm.json;data/zh-TW/bestiary/fluff-bestiary-xmm.json
creature,Quaggoth,,幽邃熊怪,existing-site,data/zh-TW/bestiary/bestiary-mm.json;data/zh-TW/bestiary/bestiary-xmm.json;data/zh-TW/bestiary/fluff-bestiary-mm.json;data/zh-TW/bestiary/fluff-bestiary-xmm.json
creature,Quaggoth Spore Servant,,幽邃熊怪孢子奴僕,existing-site,data/zh-TW/bestiary/bestiary-mm.json;data/zh-TW/bestiary/fluff-bestiary-mm.json
creature,Quasit,,小惡魔,existing-site,data/zh-TW/bestiary/bestiary-mm.json;data/zh-TW/bestiary/bestiary-xmm.json;data/zh-TW/bestiary/fluff-bestiary-mm.json;data/zh-TW/bestiary/fluff-bestiary-xmm.json
creature,Quenthel Baenre,OotA,奎恩瑟·班瑞,existing-site,data/zh-TW/bestiary/bestiary-oota.json
creature,Regenerating Black Pudding,OotA,再生黑色布丁,existing-site,data/zh-TW/bestiary/bestiary-oota.json
creature,Ront,OotA,榮特,existing-site,data/zh-TW/bestiary/bestiary-oota.json;data/zh-TW/bestiary/fluff-bestiary-oota.json
creature,Roper,,石繩怪,existing-site,data/zh-TW/bestiary/bestiary-mm.json;data/zh-TW/bestiary/bestiary-xmm.json;data/zh-TW/bestiary/fluff-bestiary-mm.json;data/zh-TW/bestiary/fluff-bestiary-xmm.json
creature,Rumpadump,OotA,蘭帕丹普,existing-site,data/zh-TW/bestiary/bestiary-oota.json;data/zh-TW/bestiary/fluff-bestiary-oota.json
creature,Rust Monster,,鏽蝕怪,existing-site,data/zh-TW/bestiary/bestiary-mm.json;data/zh-TW/bestiary/bestiary-xmm.json;data/zh-TW/bestiary/fluff-bestiary-mm.json;data/zh-TW/bestiary/fluff-bestiary-xmm.json
creature,Rystia Zav,OotA,瑞斯蒂亞·扎夫,existing-site,data/zh-TW/bestiary/bestiary-oota.json;data/zh-TW/bestiary/fluff-bestiary-oota.json
creature,Sarith Kzekarit,OotA,薩里斯·克澤卡里特,existing-site,data/zh-TW/bestiary/bestiary-oota.json;data/zh-TW/bestiary/fluff-bestiary-oota.json
creature,Scout,,斥侯,existing-site,data/zh-TW/bestiary/bestiary-mm.json;data/zh-TW/bestiary/bestiary-xmm.json;data/zh-TW/bestiary/fluff-bestiary-mm.json;data/zh-TW/bestiary/fluff-bestiary-xmm.json;data/zh-TW/class/class-rogue.json;data/zh-TW/class/fluff-class-rogue.json
creature,Shadow Demon,,幽影惡魔,existing-site,data/zh-TW/bestiary/bestiary-mm.json;data/zh-TW/bestiary/bestiary-xmm.json;data/zh-TW/bestiary/fluff-bestiary-mm.json;data/zh-TW/bestiary/fluff-bestiary-xmm.json
creature,Shedrak of the Eyes,OotA,眼睛之沙德拉克,existing-site,data/zh-TW/bestiary/bestiary-oota.json;data/zh-TW/bestiary/fluff-bestiary-oota.json
creature,Shield Guardian,,構裝盾衛,existing-site,data/zh-TW/bestiary/bestiary-mm.json;data/zh-TW/bestiary/bestiary-xmm.json;data/zh-TW/bestiary/fluff-bestiary-mm.json;data/zh-TW/bestiary/fluff-bestiary-xmm.json
creature,Shield Guardian,MM,構裝盾衛,existing-site,data/zh-TW/bestiary/bestiary-mm.json;data/zh-TW/bestiary/bestiary-xmm.json;data/zh-TW/bestiary/fluff-bestiary-mm.json;data/zh-TW/bestiary/fluff-bestiary-xmm.json
creature,Shrieker,,尖叫菌,existing-site,data/zh-TW/bestiary/bestiary-mm.json;data/zh-TW/bestiary/fluff-bestiary-mm.json
creature,Shuushar the Awakened,OotA,覺醒者舒沙爾,existing-site,data/zh-TW/bestiary/bestiary-oota.json;data/zh-TW/bestiary/fluff-bestiary-oota.json
creature,Skeleton,,骷髏,existing-site,data/zh-TW/bestiary/bestiary-mm.json;data/zh-TW/bestiary/bestiary-xmm.json;data/zh-TW/bestiary/fluff-bestiary-mm.json;data/zh-TW/bestiary/fluff-bestiary-xmm.json;data/zh-TW/character-options/races.json
creature,Skriss,OotA,斯克里斯,existing-site,data/zh-TW/bestiary/bestiary-oota.json;data/zh-TW/bestiary/fluff-bestiary-oota.json
creature,Sladis Vadir,OotA,斯拉迪斯·瓦迪爾,existing-site,data/zh-TW/bestiary/bestiary-oota.json;data/zh-TW/bestiary/fluff-bestiary-oota.json
creature,Sloopidoop,OotA,斯盧皮杜普,existing-site,data/zh-TW/bestiary/bestiary-oota.json;data/zh-TW/bestiary/fluff-bestiary-oota.json
creature,Sovereign Basidia,OotA,君主巴斯狄亞,existing-site,data/zh-TW/bestiary/bestiary-oota.json;data/zh-TW/bestiary/fluff-bestiary-oota.json
creature,Specter,,惡靈,existing-site,data/zh-TW/bestiary/bestiary-mm.json;data/zh-TW/bestiary/bestiary-xmm.json;data/zh-TW/bestiary/fluff-bestiary-mm.json;data/zh-TW/bestiary/fluff-bestiary-xmm.json
creature,Spider King,OotA,蜘蛛王,existing-site,data/zh-TW/bestiary/bestiary-oota.json
creature,Spiderbait,OotA,蜘蛛誘餌,existing-site,data/zh-TW/bestiary/bestiary-oota.json;data/zh-TW/bestiary/fluff-bestiary-oota.json
creature,Stirge,,蚊蝠,existing-site,data/zh-TW/bestiary/bestiary-mm.json;data/zh-TW/bestiary/bestiary-xmm.json;data/zh-TW/bestiary/fluff-bestiary-mm.json;data/zh-TW/bestiary/fluff-bestiary-xmm.json
creature,Stone Giant,,石巨人,existing-site,data/zh-TW/bestiary/bestiary-mm.json;data/zh-TW/bestiary/bestiary-xmm.json;data/zh-TW/bestiary/fluff-bestiary-mm.json;data/zh-TW/bestiary/fluff-bestiary-xmm.json
creature,Stone Golem,,石魔像,existing-site,data/zh-TW/bestiary/bestiary-mm.json;data/zh-TW/bestiary/bestiary-xmm.json;data/zh-TW/bestiary/fluff-bestiary-mm.json;data/zh-TW/bestiary/fluff-bestiary-xmm.json
creature,Stool,OotA,圓凳,existing-site,data/zh-TW/bestiary/bestiary-oota.json;data/zh-TW/bestiary/fluff-bestiary-oota.json
creature,Swarm of Centipedes,,蜈蚣群,existing-site,data/zh-TW/bestiary/bestiary-mm.json;data/zh-TW/bestiary/fluff-bestiary-mm.json
creature,Swarm of Insects,,昆蟲叢集,existing-site,data/zh-TW/bestiary/bestiary-mm.json;data/zh-TW/bestiary/bestiary-xmm.json;data/zh-TW/bestiary/fluff-bestiary-mm.json;data/zh-TW/bestiary/fluff-bestiary-xmm.json
creature,The Pudding King,OotA,布丁王,existing-site,data/zh-TW/bestiary/bestiary-oota.json;data/zh-TW/bestiary/fluff-bestiary-oota.json
creature,Themberchaud,OotA,瑟姆貝爾喬德,existing-site,data/zh-TW/bestiary/bestiary-oota.json;data/zh-TW/bestiary/fluff-bestiary-oota.json
creature,Thug,,暴徒,existing-site,data/zh-TW/bestiary/bestiary-mm.json;data/zh-TW/bestiary/fluff-bestiary-mm.json
creature,Topsy,OotA,託普西,existing-site,data/zh-TW/bestiary/bestiary-oota.json;data/zh-TW/bestiary/fluff-bestiary-oota.json
creature,Troglodyte,,穴蜥人,existing-site,data/zh-TW/bestiary/bestiary-mm.json;data/zh-TW/bestiary/bestiary-xmm.json;data/zh-TW/bestiary/fluff-bestiary-mm.json;data/zh-TW/bestiary/fluff-bestiary-xmm.json;data/zh-TW/character-options/races.json
creature,Troglodyte champion of Laogzed,OotA,拉歐利的冠軍戰士,existing-site,data/zh-TW/bestiary/bestiary-oota.json;data/zh-TW/bestiary/fluff-bestiary-oota.json
creature,Troll,,巨魔,existing-site,data/zh-TW/bestiary/bestiary-mm.json;data/zh-TW/bestiary/bestiary-xmm.json;data/zh-TW/bestiary/fluff-bestiary-mm.json;data/zh-TW/bestiary/fluff-bestiary-mtf.json;data/zh-TW/bestiary/fluff-bestiary-xmm.json
creature,Turvy,OotA,特威,existing-site,data/zh-TW/bestiary/bestiary-oota.json;data/zh-TW/bestiary/fluff-bestiary-oota.json
creature,Umber Hulk,,掘土巨怪,existing-site,data/zh-TW/bestiary/bestiary-mm.json;data/zh-TW/bestiary/bestiary-xmm.json;data/zh-TW/bestiary/fluff-bestiary-mm.json;data/zh-TW/bestiary/fluff-bestiary-xmm.json
creature,Vampiric ixitxachitl,OotA,伊希鰩魚吸血鬼,existing-site,data/zh-TW/bestiary/bestiary-oota.json;data/zh-TW/bestiary/fluff-bestiary-oota.json
creature,Veldyskar,OotA,維爾迪斯卡爾,existing-site,data/zh-TW/bestiary/bestiary-oota.json
creature,Veteran,,老兵,existing-site,data/zh-TW/bestiary/bestiary-mm.json;data/zh-TW/bestiary/fluff-bestiary-mm.json
creature,Veteran of the Gauntlet,OotA,試煉場老兵,existing-site,data/zh-TW/bestiary/bestiary-oota.json
creature,Viln Tirin,OotA,維爾恩·提林,existing-site,data/zh-TW/bestiary/bestiary-oota.json
creature,Violet Fungus,,紫腐菌,existing-site,data/zh-TW/bestiary/bestiary-dosi.json;data/zh-TW/bestiary/bestiary-mm.json;data/zh-TW/bestiary/bestiary-wtthc.json;data/zh-TW/bestiary/bestiary-xmm.json;data/zh-TW/bestiary/fluff-bestiary-dosi.json;data/zh-TW/bestiary/fluff-bestiary-mm.json;data/zh-TW/bestiary/fluff-bestiary-wtthc.json;data/zh-TW/bestiary/fluff-bestiary-xmm.json
creature,Vizeran DeVir,OotA,維茲蘭·迪威爾,existing-site,data/zh-TW/bestiary/bestiary-oota.json;data/zh-TW/bestiary/fluff-bestiary-oota.json
creature,Vrock,,鷲魔,existing-site,data/zh-TW/bestiary/bestiary-mm.json;data/zh-TW/bestiary/bestiary-xmm.json;data/zh-TW/bestiary/fluff-bestiary-mm.json;data/zh-TW/bestiary/fluff-bestiary-xmm.json
creature,Wererat,,鼠人,existing-site,data/zh-TW/bestiary/bestiary-mm.json;data/zh-TW/bestiary/bestiary-xmm.json;data/zh-TW/bestiary/fluff-bestiary-mm.json;data/zh-TW/bestiary/fluff-bestiary-tftyp.json;data/zh-TW/bestiary/fluff-bestiary-xmm.json
creature,Xazax the Eyemonger,OotA,眼商札札克斯,existing-site,data/zh-TW/bestiary/bestiary-oota.json;data/zh-TW/bestiary/fluff-bestiary-oota.json
creature,Y,OotA,歪,existing-site,data/zh-TW/bestiary/bestiary-oota.json;data/zh-TW/bestiary/fluff-bestiary-oota.json
creature,Yantha Coaxrock,OotA,揚薩·寇克斯洛克,existing-site,data/zh-TW/bestiary/bestiary-oota.json
creature,Yeenoghu,MTF,耶諾古,existing-site,data/zh-TW/bestiary/bestiary-mpmm.json;data/zh-TW/bestiary/bestiary-mtf.json;data/zh-TW/bestiary/fluff-bestiary-mm.json;data/zh-TW/bestiary/fluff-bestiary-mpmm.json;data/zh-TW/bestiary/fluff-bestiary-mtf.json;data/zh-TW/bestiary/legendarygroups.json
creature,Yestabrod,OotA,葉斯塔布朗,existing-site,data/zh-TW/bestiary/bestiary-oota.json
creature,Yuk Yuk,OotA,育克育克,existing-site,data/zh-TW/bestiary/bestiary-oota.json;data/zh-TW/bestiary/fluff-bestiary-oota.json
creature,Zhentarim Thug,OotA,散塔林暴徒,existing-site,data/zh-TW/bestiary/bestiary-oota.json
creature,Zilchyn Q'Leptin,OotA,齊爾欽·奎普廷,existing-site,data/zh-TW/bestiary/bestiary-oota.json;data/zh-TW/bestiary/fluff-bestiary-oota.json
creature,Zombie,,喪屍,existing-site,data/zh-TW/bestiary/bestiary-mm.json;data/zh-TW/bestiary/bestiary-xmm.json;data/zh-TW/bestiary/fluff-bestiary-mm.json;data/zh-TW/bestiary/fluff-bestiary-xmm.json;data/zh-TW/character-options/races.json
creature,Zuggtmoy,MTF,祖格莫伊,existing-site,data/zh-TW/bestiary/bestiary-mpmm.json;data/zh-TW/bestiary/bestiary-mtf.json;data/zh-TW/bestiary/fluff-bestiary-mpmm.json;data/zh-TW/bestiary/fluff-bestiary-mtf.json;data/zh-TW/bestiary/legendarygroups.json
creature,acolyte,,侍僧,existing-site,data/zh-TW/bestiary/bestiary-mm.json;data/zh-TW/bestiary/fluff-bestiary-mm.json;data/zh-TW/character-options/backgrounds.json;data/zh-TW/character-options/fluff-backgrounds.json
creature,acolyte,MM,侍僧,existing-site,data/zh-TW/bestiary/bestiary-mm.json;data/zh-TW/bestiary/fluff-bestiary-mm.json;data/zh-TW/character-options/backgrounds.json;data/zh-TW/character-options/fluff-backgrounds.json
creature,adult red dragon,,成年紅龍,existing-site,data/zh-TW/bestiary/bestiary-mm.json;data/zh-TW/bestiary/bestiary-xmm.json;data/zh-TW/bestiary/fluff-bestiary-mm.json;data/zh-TW/bestiary/fluff-bestiary-xmm.json
creature,adult red dragon,MM,成年紅龍,existing-site,data/zh-TW/bestiary/bestiary-mm.json;data/zh-TW/bestiary/bestiary-xmm.json;data/zh-TW/bestiary/fluff-bestiary-mm.json;data/zh-TW/bestiary/fluff-bestiary-xmm.json
creature,animated armor,,活化盔甲,existing-site,data/zh-TW/bestiary/bestiary-mm.json;data/zh-TW/bestiary/bestiary-xmm.json;data/zh-TW/bestiary/fluff-bestiary-mm.json;data/zh-TW/bestiary/fluff-bestiary-xmm.json
creature,animated armor,MM,活化盔甲,existing-site,data/zh-TW/bestiary/bestiary-mm.json;data/zh-TW/bestiary/bestiary-xmm.json;data/zh-TW/bestiary/fluff-bestiary-mm.json;data/zh-TW/bestiary/fluff-bestiary-xmm.json
creature,archmage,,大法師,existing-site,data/zh-TW/bestiary/bestiary-mm.json;data/zh-TW/bestiary/bestiary-xmm.json;data/zh-TW/bestiary/fluff-bestiary-mm.json;data/zh-TW/bestiary/fluff-bestiary-xmm.json
creature,archmage,MM,大法師,existing-site,data/zh-TW/bestiary/bestiary-mm.json;data/zh-TW/bestiary/bestiary-xmm.json;data/zh-TW/bestiary/fluff-bestiary-mm.json;data/zh-TW/bestiary/fluff-bestiary-xmm.json
creature,assassin,,刺客,existing-site,data/zh-TW/bestiary/bestiary-mm.json;data/zh-TW/bestiary/bestiary-xmm.json;data/zh-TW/bestiary/fluff-bestiary-mm.json;data/zh-TW/bestiary/fluff-bestiary-xmm.json;data/zh-TW/class/class-rogue.json;data/zh-TW/class/fluff-class-rogue.json
creature,assassin,MM,刺客,existing-site,data/zh-TW/bestiary/bestiary-mm.json;data/zh-TW/bestiary/bestiary-xmm.json;data/zh-TW/bestiary/fluff-bestiary-mm.json;data/zh-TW/bestiary/fluff-bestiary-xmm.json;data/zh-TW/class/class-rogue.json;data/zh-TW/class/fluff-class-rogue.json
creature,bandit captain,,匪幫隊長,existing-site,data/zh-TW/bestiary/bestiary-mm.json;data/zh-TW/bestiary/bestiary-xmm.json;data/zh-TW/bestiary/fluff-bestiary-mm.json;data/zh-TW/bestiary/fluff-bestiary-xmm.json
creature,bandit captain,MM,匪幫隊長,existing-site,data/zh-TW/bestiary/bestiary-mm.json;data/zh-TW/bestiary/bestiary-xmm.json;data/zh-TW/bestiary/fluff-bestiary-mm.json;data/zh-TW/bestiary/fluff-bestiary-xmm.json
creature,barlgura,,惡猿魔,existing-site,data/zh-TW/bestiary/bestiary-mm.json;data/zh-TW/bestiary/bestiary-xmm.json;data/zh-TW/bestiary/fluff-bestiary-mm.json;data/zh-TW/bestiary/fluff-bestiary-xmm.json
creature,barlgura,MM,惡猿魔,existing-site,data/zh-TW/bestiary/bestiary-mm.json;data/zh-TW/bestiary/bestiary-xmm.json;data/zh-TW/bestiary/fluff-bestiary-mm.json;data/zh-TW/bestiary/fluff-bestiary-xmm.json
creature,basilisk,,石化蜥蜴,existing-site,data/zh-TW/bestiary/bestiary-mm.json;data/zh-TW/bestiary/bestiary-xmm.json;data/zh-TW/bestiary/fluff-bestiary-mm.json;data/zh-TW/bestiary/fluff-bestiary-xmm.json
creature,basilisk,MM,石化蜥蜴,existing-site,data/zh-TW/bestiary/bestiary-mm.json;data/zh-TW/bestiary/bestiary-xmm.json;data/zh-TW/bestiary/fluff-bestiary-mm.json;data/zh-TW/bestiary/fluff-bestiary-xmm.json
creature,behir,,青足龍蛇,existing-site,data/zh-TW/bestiary/bestiary-mm.json;data/zh-TW/bestiary/bestiary-xmm.json;data/zh-TW/bestiary/fluff-bestiary-mm.json;data/zh-TW/bestiary/fluff-bestiary-xmm.json
creature,behir,MM,青足龍蛇,existing-site,data/zh-TW/bestiary/bestiary-mm.json;data/zh-TW/bestiary/bestiary-xmm.json;data/zh-TW/bestiary/fluff-bestiary-mm.json;data/zh-TW/bestiary/fluff-bestiary-xmm.json
creature,beholder,,眼魔,existing-site,data/zh-TW/bestiary/bestiary-mm.json;data/zh-TW/bestiary/bestiary-xmm.json;data/zh-TW/bestiary/fluff-bestiary-mm.json;data/zh-TW/bestiary/fluff-bestiary-xmm.json;data/zh-TW/bestiary/legendarygroups.json;data/zh-TW/craft-pages/fluff-homecrafts.json;data/zh-TW/craft-pages/homecrafts.json
creature,beholder,MM,眼魔,existing-site,data/zh-TW/bestiary/bestiary-mm.json;data/zh-TW/bestiary/bestiary-xmm.json;data/zh-TW/bestiary/fluff-bestiary-mm.json;data/zh-TW/bestiary/fluff-bestiary-xmm.json;data/zh-TW/bestiary/legendarygroups.json;data/zh-TW/craft-pages/fluff-homecrafts.json;data/zh-TW/craft-pages/homecrafts.json
creature,berserker,,狂戰士,existing-site,data/zh-TW/bestiary/bestiary-mm.json;data/zh-TW/bestiary/bestiary-xmm.json;data/zh-TW/bestiary/fluff-bestiary-mm.json;data/zh-TW/bestiary/fluff-bestiary-xmm.json
creature,berserker,MM,狂戰士,existing-site,data/zh-TW/bestiary/bestiary-mm.json;data/zh-TW/bestiary/bestiary-xmm.json;data/zh-TW/bestiary/fluff-bestiary-mm.json;data/zh-TW/bestiary/fluff-bestiary-xmm.json
creature,black pudding,,黑布丁,existing-site,data/zh-TW/bestiary/bestiary-mm.json;data/zh-TW/bestiary/bestiary-xmm.json;data/zh-TW/bestiary/fluff-bestiary-mm.json;data/zh-TW/bestiary/fluff-bestiary-xmm.json;data/zh-TW/craft-pages/fluff-recipes.json;data/zh-TW/craft-pages/recipes.json
creature,black pudding,MM,黑布丁,existing-site,data/zh-TW/bestiary/bestiary-mm.json;data/zh-TW/bestiary/bestiary-xmm.json;data/zh-TW/bestiary/fluff-bestiary-mm.json;data/zh-TW/bestiary/fluff-bestiary-xmm.json;data/zh-TW/craft-pages/fluff-recipes.json;data/zh-TW/craft-pages/recipes.json
creature,bugbear,,熊地精,existing-site,data/zh-TW/bestiary/bestiary-mm.json;data/zh-TW/bestiary/fluff-bestiary-mm.json;data/zh-TW/character-options/fluff-races.json;data/zh-TW/character-options/races.json
creature,bugbear,MM,熊地精,existing-site,data/zh-TW/bestiary/bestiary-mm.json;data/zh-TW/bestiary/fluff-bestiary-mm.json;data/zh-TW/character-options/fluff-races.json;data/zh-TW/character-options/races.json
creature,carrion crawler,,食腐蟲,existing-site,data/zh-TW/bestiary/bestiary-mm.json;data/zh-TW/bestiary/bestiary-xmm.json;data/zh-TW/bestiary/fluff-bestiary-mm.json;data/zh-TW/bestiary/fluff-bestiary-xmm.json
creature,carrion crawler,MM,食腐蟲,existing-site,data/zh-TW/bestiary/bestiary-mm.json;data/zh-TW/bestiary/bestiary-xmm.json;data/zh-TW/bestiary/fluff-bestiary-mm.json;data/zh-TW/bestiary/fluff-bestiary-xmm.json
creature,cave badger,OotA,洞穴獾,existing-site,data/zh-TW/bestiary/bestiary-oota.json
creature,chasme,,喀嘶魔,existing-site,data/zh-TW/bestiary/bestiary-mm.json;data/zh-TW/bestiary/bestiary-xmm.json;data/zh-TW/bestiary/fluff-bestiary-mm.json;data/zh-TW/bestiary/fluff-bestiary-xmm.json
creature,chasme,MM,喀嘶魔,existing-site,data/zh-TW/bestiary/bestiary-mm.json;data/zh-TW/bestiary/bestiary-xmm.json;data/zh-TW/bestiary/fluff-bestiary-mm.json;data/zh-TW/bestiary/fluff-bestiary-xmm.json
creature,chuul,,甲伏怪,existing-site,data/zh-TW/bestiary/bestiary-mm.json;data/zh-TW/bestiary/bestiary-xmm.json;data/zh-TW/bestiary/fluff-bestiary-mm.json;data/zh-TW/bestiary/fluff-bestiary-xmm.json
creature,chuul,MM,甲伏怪,existing-site,data/zh-TW/bestiary/bestiary-mm.json;data/zh-TW/bestiary/bestiary-xmm.json;data/zh-TW/bestiary/fluff-bestiary-mm.json;data/zh-TW/bestiary/fluff-bestiary-xmm.json
creature,cloaker,,斗篷怪,existing-site,data/zh-TW/bestiary/bestiary-mm.json;data/zh-TW/bestiary/bestiary-xmm.json;data/zh-TW/bestiary/fluff-bestiary-mm.json;data/zh-TW/bestiary/fluff-bestiary-xmm.json
creature,cloaker,MM,斗篷怪,existing-site,data/zh-TW/bestiary/bestiary-mm.json;data/zh-TW/bestiary/bestiary-xmm.json;data/zh-TW/bestiary/fluff-bestiary-mm.json;data/zh-TW/bestiary/fluff-bestiary-xmm.json
creature,commoner,,平民,existing-site,data/zh-TW/bestiary/bestiary-mm.json;data/zh-TW/bestiary/bestiary-wtthc.json;data/zh-TW/bestiary/bestiary-xmm.json;data/zh-TW/bestiary/fluff-bestiary-mm.json;data/zh-TW/bestiary/fluff-bestiary-wtthc.json;data/zh-TW/bestiary/fluff-bestiary-xmm.json
creature,commoner,MM,平民,existing-site,data/zh-TW/bestiary/bestiary-mm.json;data/zh-TW/bestiary/bestiary-wtthc.json;data/zh-TW/bestiary/bestiary-xmm.json;data/zh-TW/bestiary/fluff-bestiary-mm.json;data/zh-TW/bestiary/fluff-bestiary-wtthc.json;data/zh-TW/bestiary/fluff-bestiary-xmm.json
creature,crawling claw,MM,蠕行之爪,existing-site,data/zh-TW/bestiary/bestiary-mm.json;data/zh-TW/bestiary/bestiary-xmm.json;data/zh-TW/bestiary/fluff-bestiary-mm.json;data/zh-TW/bestiary/fluff-bestiary-xmm.json
creature,darkmantle,,暗幕魔獸,existing-site,data/zh-TW/bestiary/bestiary-mm.json;data/zh-TW/bestiary/bestiary-xmm.json;data/zh-TW/bestiary/fluff-bestiary-mm.json;data/zh-TW/bestiary/fluff-bestiary-xmm.json
creature,darkmantle,MM,暗幕魔獸,existing-site,data/zh-TW/bestiary/bestiary-mm.json;data/zh-TW/bestiary/bestiary-xmm.json;data/zh-TW/bestiary/fluff-bestiary-mm.json;data/zh-TW/bestiary/fluff-bestiary-xmm.json
creature,death dog,,亡命惡犬,existing-site,data/zh-TW/bestiary/bestiary-mm.json;data/zh-TW/bestiary/bestiary-xmm.json;data/zh-TW/bestiary/fluff-bestiary-mm.json;data/zh-TW/bestiary/fluff-bestiary-xmm.json
creature,death dog,MM,亡命惡犬,existing-site,data/zh-TW/bestiary/bestiary-mm.json;data/zh-TW/bestiary/bestiary-xmm.json;data/zh-TW/bestiary/fluff-bestiary-mm.json;data/zh-TW/bestiary/fluff-bestiary-xmm.json
creature,death slaad,,史拉亡蟾,existing-site,data/zh-TW/bestiary/bestiary-mm.json;data/zh-TW/bestiary/bestiary-xmm.json;data/zh-TW/bestiary/fluff-bestiary-mm.json;data/zh-TW/bestiary/fluff-bestiary-xmm.json
creature,death slaad,MM,史拉亡蟾,existing-site,data/zh-TW/bestiary/bestiary-mm.json;data/zh-TW/bestiary/bestiary-xmm.json;data/zh-TW/bestiary/fluff-bestiary-mm.json;data/zh-TW/bestiary/fluff-bestiary-xmm.json
creature,deep gnome (svirfneblin),,地底侏儒（斯涅布力）,existing-site,data/zh-TW/bestiary/bestiary-mm.json;data/zh-TW/bestiary/fluff-bestiary-mm.json
creature,deep gnome (svirfneblin),MM,地底侏儒（斯涅布力）,existing-site,data/zh-TW/bestiary/bestiary-mm.json;data/zh-TW/bestiary/fluff-bestiary-mm.json
creature,derro,OotA,迪洛矮人,existing-site,data/zh-TW/bestiary/bestiary-mpmm.json;data/zh-TW/bestiary/bestiary-mtf.json;data/zh-TW/bestiary/bestiary-oota.json;data/zh-TW/bestiary/fluff-bestiary-mpmm.json;data/zh-TW/bestiary/fluff-bestiary-mtf.json;data/zh-TW/bestiary/fluff-bestiary-oota.json;data/zh-TW/bestiary/fluff-bestiary-qftis.json
creature,derro savant,OotA,迪洛矮人學者,existing-site,data/zh-TW/bestiary/bestiary-mpmm.json;data/zh-TW/bestiary/bestiary-mtf.json;data/zh-TW/bestiary/bestiary-oota.json;data/zh-TW/bestiary/fluff-bestiary-mpmm.json;data/zh-TW/bestiary/fluff-bestiary-mtf.json;data/zh-TW/bestiary/fluff-bestiary-oota.json
creature,doppelganger,,變形怪,existing-site,data/zh-TW/bestiary/bestiary-mm.json;data/zh-TW/bestiary/bestiary-xmm.json;data/zh-TW/bestiary/fluff-bestiary-mm.json;data/zh-TW/bestiary/fluff-bestiary-xmm.json;data/zh-TW/reference-pages/charcreationoptions.json
creature,doppelganger,MM,變形怪,existing-site,data/zh-TW/bestiary/bestiary-mm.json;data/zh-TW/bestiary/bestiary-xmm.json;data/zh-TW/bestiary/fluff-bestiary-mm.json;data/zh-TW/bestiary/fluff-bestiary-xmm.json;data/zh-TW/reference-pages/charcreationoptions.json
creature,drider,,蛛化卓爾,existing-site,data/zh-TW/bestiary/bestiary-mm.json;data/zh-TW/bestiary/bestiary-xmm.json;data/zh-TW/bestiary/fluff-bestiary-mm.json;data/zh-TW/bestiary/fluff-bestiary-xmm.json
creature,drider,MM,蛛化卓爾,existing-site,data/zh-TW/bestiary/bestiary-mm.json;data/zh-TW/bestiary/bestiary-xmm.json;data/zh-TW/bestiary/fluff-bestiary-mm.json;data/zh-TW/bestiary/fluff-bestiary-xmm.json
creature,drow,,卓爾,existing-site,data/zh-TW/bestiary/bestiary-mm.json;data/zh-TW/bestiary/fluff-bestiary-mm.json;data/zh-TW/bestiary/fluff-bestiary-mtf.json;data/zh-TW/character-options/fluff-races.json;data/zh-TW/character-options/races.json
creature,drow,MM,卓爾,existing-site,data/zh-TW/bestiary/bestiary-mm.json;data/zh-TW/bestiary/fluff-bestiary-mm.json;data/zh-TW/bestiary/fluff-bestiary-mtf.json;data/zh-TW/character-options/fluff-races.json;data/zh-TW/character-options/races.json
creature,drow Acolyte,OotA,卓爾侍僧,existing-site,data/zh-TW/bestiary/bestiary-oota.json
creature,drow Bandit,OotA,卓爾匪徒,existing-site,data/zh-TW/bestiary/bestiary-oota.json
creature,drow Commoner,OotA,卓爾平民,existing-site,data/zh-TW/bestiary/bestiary-oota.json
creature,drow Cultist,OotA,卓爾邪教徒,existing-site,data/zh-TW/bestiary/bestiary-oota.json
creature,drow Guard,OotA,卓爾警衛,existing-site,data/zh-TW/bestiary/bestiary-oota.json
creature,drow Noble,OotA,卓爾貴族,existing-site,data/zh-TW/bestiary/bestiary-oota.json
creature,drow Scout,OotA,卓爾斥候,existing-site,data/zh-TW/bestiary/bestiary-oota.json
creature,drow assassin,OotA,黑暗精靈刺客,existing-site,data/zh-TW/bestiary/bestiary-oota.json
creature,drow commoner,OotA,卓爾平民,existing-site,data/zh-TW/bestiary/bestiary-oota.json
creature,drow elite warrior,,卓爾精英武者,existing-site,data/zh-TW/bestiary/bestiary-mm.json;data/zh-TW/bestiary/fluff-bestiary-mm.json
creature,drow elite warrior,MM,卓爾精英武者,existing-site,data/zh-TW/bestiary/bestiary-mm.json;data/zh-TW/bestiary/fluff-bestiary-mm.json
creature,drow mage,,卓爾魔法師,existing-site,data/zh-TW/bestiary/bestiary-mm.json;data/zh-TW/bestiary/fluff-bestiary-mm.json
creature,drow mage,MM,卓爾魔法師,existing-site,data/zh-TW/bestiary/bestiary-mm.json;data/zh-TW/bestiary/fluff-bestiary-mm.json
creature,drow noble,OotA,卓爾貴族,existing-site,data/zh-TW/bestiary/bestiary-oota.json
creature,drow priestess of Lolth,,卓爾羅絲女祭司,existing-site,data/zh-TW/bestiary/bestiary-fraif.json;data/zh-TW/bestiary/bestiary-mm.json;data/zh-TW/bestiary/fluff-bestiary-fraif.json;data/zh-TW/bestiary/fluff-bestiary-mm.json
creature,drow priestess of Lolth,MM,卓爾羅絲女祭司,existing-site,data/zh-TW/bestiary/bestiary-fraif.json;data/zh-TW/bestiary/bestiary-mm.json;data/zh-TW/bestiary/fluff-bestiary-fraif.json;data/zh-TW/bestiary/fluff-bestiary-mm.json
creature,drow scout,OotA,卓爾斥候,existing-site,data/zh-TW/bestiary/bestiary-oota.json
creature,drow spore servant,OotA,卓爾孢子奴僕,existing-site,data/zh-TW/bestiary/bestiary-oota.json
creature,drow spy,OotA,卓爾間諜,existing-site,data/zh-TW/bestiary/bestiary-oota.json
creature,druid,,德魯伊,existing-site,data/zh-TW/bestiary/bestiary-mm.json;data/zh-TW/bestiary/bestiary-xmm.json;data/zh-TW/bestiary/fluff-bestiary-mm.json;data/zh-TW/bestiary/fluff-bestiary-xmm.json;data/zh-TW/class/class-druid.json;data/zh-TW/class/fluff-class-druid.json
creature,druid,MM,德魯伊,existing-site,data/zh-TW/bestiary/bestiary-mm.json;data/zh-TW/bestiary/bestiary-xmm.json;data/zh-TW/bestiary/fluff-bestiary-mm.json;data/zh-TW/bestiary/fluff-bestiary-xmm.json;data/zh-TW/class/class-druid.json;data/zh-TW/class/fluff-class-druid.json
creature,duergar,,灰矮人,existing-site,data/zh-TW/bestiary/bestiary-mm.json;data/zh-TW/bestiary/fluff-bestiary-mm.json;data/zh-TW/bestiary/fluff-bestiary-mpmm.json;data/zh-TW/bestiary/fluff-bestiary-mtf.json;data/zh-TW/bestiary/fluff-bestiary-oota.json;data/zh-TW/character-options/fluff-races.json;data/zh-TW/character-options/races.json
creature,duergar,MM,灰矮人,existing-site,data/zh-TW/bestiary/bestiary-mm.json;data/zh-TW/bestiary/fluff-bestiary-mm.json;data/zh-TW/bestiary/fluff-bestiary-mpmm.json;data/zh-TW/bestiary/fluff-bestiary-mtf.json;data/zh-TW/bestiary/fluff-bestiary-oota.json;data/zh-TW/character-options/fluff-races.json;data/zh-TW/character-options/races.json
creature,duergar Stone Guard,MTF,灰矮人岩石守衛,existing-site,data/zh-TW/bestiary/bestiary-mpmm.json;data/zh-TW/bestiary/bestiary-mtf.json;data/zh-TW/bestiary/fluff-bestiary-mpmm.json;data/zh-TW/bestiary/fluff-bestiary-mtf.json
creature,duergar alchemist,OotA,灰矮人鍊金術士,existing-site,data/zh-TW/bestiary/bestiary-oota.json
creature,duergar kavalrachni,MTF,灰矮人凱沃拉騎兵,existing-site,data/zh-TW/bestiary/bestiary-mpmm.json;data/zh-TW/bestiary/bestiary-mtf.json;data/zh-TW/bestiary/fluff-bestiary-mpmm.json;data/zh-TW/bestiary/fluff-bestiary-mtf.json
creature,duergar xarrorn,MTF,灰矮人薩隆長槍兵,existing-site,data/zh-TW/bestiary/bestiary-mpmm.json;data/zh-TW/bestiary/bestiary-mtf.json;data/zh-TW/bestiary/fluff-bestiary-mpmm.json;data/zh-TW/bestiary/fluff-bestiary-mtf.json
creature,duodrone,,二元冢,existing-site,data/zh-TW/bestiary/bestiary-mm.json;data/zh-TW/bestiary/fluff-bestiary-mm.json
creature,duodrone,MM,二元冢,existing-site,data/zh-TW/bestiary/bestiary-mm.json;data/zh-TW/bestiary/fluff-bestiary-mm.json
creature,dust mephit,,塵魔蝠,existing-site,data/zh-TW/bestiary/bestiary-mm.json;data/zh-TW/bestiary/bestiary-xmm.json;data/zh-TW/bestiary/fluff-bestiary-mm.json;data/zh-TW/bestiary/fluff-bestiary-xmm.json
creature,dust mephit,MM,塵魔蝠,existing-site,data/zh-TW/bestiary/bestiary-mm.json;data/zh-TW/bestiary/bestiary-xmm.json;data/zh-TW/bestiary/fluff-bestiary-mm.json;data/zh-TW/bestiary/fluff-bestiary-xmm.json
creature,earth elemental,,土元素,existing-site,data/zh-TW/bestiary/bestiary-mm.json;data/zh-TW/bestiary/bestiary-xmm.json;data/zh-TW/bestiary/fluff-bestiary-mm.json;data/zh-TW/bestiary/fluff-bestiary-xmm.json
creature,earth elemental,MM,土元素,existing-site,data/zh-TW/bestiary/bestiary-mm.json;data/zh-TW/bestiary/bestiary-xmm.json;data/zh-TW/bestiary/fluff-bestiary-mm.json;data/zh-TW/bestiary/fluff-bestiary-xmm.json
creature,ettin,,雙頭巨人,existing-site,data/zh-TW/bestiary/bestiary-mm.json;data/zh-TW/bestiary/bestiary-xmm.json;data/zh-TW/bestiary/fluff-bestiary-mm.json;data/zh-TW/bestiary/fluff-bestiary-xmm.json
creature,ettin,MM,雙頭巨人,existing-site,data/zh-TW/bestiary/bestiary-mm.json;data/zh-TW/bestiary/bestiary-xmm.json;data/zh-TW/bestiary/fluff-bestiary-mm.json;data/zh-TW/bestiary/fluff-bestiary-xmm.json
creature,female steeder,MTF,雌性騎蛛,existing-site,data/zh-TW/bestiary/bestiary-mpmm.json;data/zh-TW/bestiary/bestiary-mtf.json;data/zh-TW/bestiary/bestiary-oota.json;data/zh-TW/bestiary/fluff-bestiary-mpmm.json;data/zh-TW/bestiary/fluff-bestiary-mtf.json;data/zh-TW/bestiary/fluff-bestiary-oota.json
creature,fire elemental,,火元素,existing-site,data/zh-TW/bestiary/bestiary-mm.json;data/zh-TW/bestiary/bestiary-xmm.json;data/zh-TW/bestiary/fluff-bestiary-mm.json;data/zh-TW/bestiary/fluff-bestiary-xmm.json
creature,fire elemental,MM,火元素,existing-site,data/zh-TW/bestiary/bestiary-mm.json;data/zh-TW/bestiary/bestiary-xmm.json;data/zh-TW/bestiary/fluff-bestiary-mm.json;data/zh-TW/bestiary/fluff-bestiary-xmm.json
creature,fire snake,,火蛇,existing-site,data/zh-TW/bestiary/bestiary-mm.json;data/zh-TW/bestiary/fluff-bestiary-mm.json
creature,fire snake,MM,火蛇,existing-site,data/zh-TW/bestiary/bestiary-mm.json;data/zh-TW/bestiary/fluff-bestiary-mm.json
creature,flumph,,呋嚕,existing-site,data/zh-TW/bestiary/bestiary-mm.json;data/zh-TW/bestiary/bestiary-xmm.json;data/zh-TW/bestiary/fluff-bestiary-mm.json;data/zh-TW/bestiary/fluff-bestiary-xmm.json
creature,flumph,MM,呋嚕,existing-site,data/zh-TW/bestiary/bestiary-mm.json;data/zh-TW/bestiary/bestiary-xmm.json;data/zh-TW/bestiary/fluff-bestiary-mm.json;data/zh-TW/bestiary/fluff-bestiary-xmm.json
creature,flying snake,,飛蛇,existing-site,data/zh-TW/bestiary/bestiary-mm.json;data/zh-TW/bestiary/bestiary-xmm.json;data/zh-TW/bestiary/fluff-bestiary-mm.json;data/zh-TW/bestiary/fluff-bestiary-xmm.json;data/zh-TW/items/fluff-items.json;data/zh-TW/items/items-002.json
creature,flying snake,MM,飛蛇,existing-site,data/zh-TW/bestiary/bestiary-mm.json;data/zh-TW/bestiary/bestiary-xmm.json;data/zh-TW/bestiary/fluff-bestiary-mm.json;data/zh-TW/bestiary/fluff-bestiary-xmm.json;data/zh-TW/items/fluff-items.json;data/zh-TW/items/items-002.json
creature,fomorian,,廢陋巨人,existing-site,data/zh-TW/bestiary/bestiary-mm.json;data/zh-TW/bestiary/bestiary-xmm.json;data/zh-TW/bestiary/fluff-bestiary-mm.json;data/zh-TW/bestiary/fluff-bestiary-xmm.json
creature,fomorian,MM,廢陋巨人,existing-site,data/zh-TW/bestiary/bestiary-mm.json;data/zh-TW/bestiary/bestiary-xmm.json;data/zh-TW/bestiary/fluff-bestiary-mm.json;data/zh-TW/bestiary/fluff-bestiary-xmm.json
creature,four-armed statue,OotA,四臂雕像,existing-site,data/zh-TW/bestiary/bestiary-oota.json
creature,galeb duhr,,石人,existing-site,data/zh-TW/bestiary/bestiary-mm.json;data/zh-TW/bestiary/bestiary-xmm.json;data/zh-TW/bestiary/fluff-bestiary-mm.json;data/zh-TW/bestiary/fluff-bestiary-xmm.json
creature,galeb duhr,MM,石人,existing-site,data/zh-TW/bestiary/bestiary-mm.json;data/zh-TW/bestiary/bestiary-xmm.json;data/zh-TW/bestiary/fluff-bestiary-mm.json;data/zh-TW/bestiary/fluff-bestiary-xmm.json
creature,gargoyle,,石像鬼,existing-site,data/zh-TW/bestiary/bestiary-mm.json;data/zh-TW/bestiary/bestiary-xmm.json;data/zh-TW/bestiary/fluff-bestiary-mm.json;data/zh-TW/bestiary/fluff-bestiary-xmm.json
creature,gargoyle,MM,石像鬼,existing-site,data/zh-TW/bestiary/bestiary-mm.json;data/zh-TW/bestiary/bestiary-xmm.json;data/zh-TW/bestiary/fluff-bestiary-mm.json;data/zh-TW/bestiary/fluff-bestiary-xmm.json
creature,gash,OotA,撕裂,existing-site,data/zh-TW/bestiary/bestiary-oota.json;data/zh-TW/bestiary/fluff-bestiary-oota.json
creature,gelatinous cube,,凝膠方塊,existing-site,data/zh-TW/bestiary/bestiary-mm.json;data/zh-TW/bestiary/bestiary-xmm.json;data/zh-TW/bestiary/fluff-bestiary-mm.json;data/zh-TW/bestiary/fluff-bestiary-xmm.json;data/zh-TW/craft-pages/fluff-homecrafts.json;data/zh-TW/craft-pages/homecrafts.json
creature,gelatinous cube,MM,凝膠方塊,existing-site,data/zh-TW/bestiary/bestiary-mm.json;data/zh-TW/bestiary/bestiary-xmm.json;data/zh-TW/bestiary/fluff-bestiary-mm.json;data/zh-TW/bestiary/fluff-bestiary-xmm.json;data/zh-TW/craft-pages/fluff-homecrafts.json;data/zh-TW/craft-pages/homecrafts.json
creature,ghost,,幽魂,existing-site,data/zh-TW/bestiary/bestiary-mm.json;data/zh-TW/bestiary/bestiary-xmm.json;data/zh-TW/bestiary/fluff-bestiary-mm.json;data/zh-TW/bestiary/fluff-bestiary-xmm.json;data/zh-TW/rules/variantrules.json
creature,ghost,MM,幽魂,existing-site,data/zh-TW/bestiary/bestiary-mm.json;data/zh-TW/bestiary/bestiary-xmm.json;data/zh-TW/bestiary/fluff-bestiary-mm.json;data/zh-TW/bestiary/fluff-bestiary-xmm.json;data/zh-TW/rules/variantrules.json
creature,giant octopus,,巨章魚,existing-site,data/zh-TW/bestiary/bestiary-mm.json;data/zh-TW/bestiary/bestiary-xmm.json;data/zh-TW/bestiary/fluff-bestiary-mm.json;data/zh-TW/bestiary/fluff-bestiary-xmm.json
creature,giant octopus,MM,巨章魚,existing-site,data/zh-TW/bestiary/bestiary-mm.json;data/zh-TW/bestiary/bestiary-xmm.json;data/zh-TW/bestiary/fluff-bestiary-mm.json;data/zh-TW/bestiary/fluff-bestiary-xmm.json
creature,giant spider,,巨蜘蛛,existing-site,data/zh-TW/bestiary/bestiary-mm.json;data/zh-TW/bestiary/bestiary-wtthc.json;data/zh-TW/bestiary/bestiary-xmm.json;data/zh-TW/bestiary/fluff-bestiary-mm.json;data/zh-TW/bestiary/fluff-bestiary-wtthc.json;data/zh-TW/bestiary/fluff-bestiary-xmm.json
creature,giant spider,MM,巨蜘蛛,existing-site,data/zh-TW/bestiary/bestiary-mm.json;data/zh-TW/bestiary/bestiary-wtthc.json;data/zh-TW/bestiary/bestiary-xmm.json;data/zh-TW/bestiary/fluff-bestiary-mm.json;data/zh-TW/bestiary/fluff-bestiary-wtthc.json;data/zh-TW/bestiary/fluff-bestiary-xmm.json
creature,gibbering mouther,,囈語之口,existing-site,data/zh-TW/bestiary/bestiary-mm.json;data/zh-TW/bestiary/bestiary-xmm.json;data/zh-TW/bestiary/fluff-bestiary-mm.json;data/zh-TW/bestiary/fluff-bestiary-xmm.json
creature,gibbering mouther,MM,囈語之口,existing-site,data/zh-TW/bestiary/bestiary-mm.json;data/zh-TW/bestiary/bestiary-xmm.json;data/zh-TW/bestiary/fluff-bestiary-mm.json;data/zh-TW/bestiary/fluff-bestiary-xmm.json
creature,gnoll,,鬣狗人,existing-site,data/zh-TW/bestiary/bestiary-mm.json;data/zh-TW/bestiary/fluff-bestiary-mm.json;data/zh-TW/character-options/races.json
creature,gnoll,MM,鬣狗人,existing-site,data/zh-TW/bestiary/bestiary-mm.json;data/zh-TW/bestiary/fluff-bestiary-mm.json;data/zh-TW/character-options/races.json
creature,gnoll fang of Yeenoghu,,鬣狗人·耶諾古毒牙,existing-site,data/zh-TW/bestiary/bestiary-mm.json;data/zh-TW/bestiary/bestiary-xmm.json;data/zh-TW/bestiary/fluff-bestiary-mm.json;data/zh-TW/bestiary/fluff-bestiary-xmm.json
creature,gnoll fang of Yeenoghu,MM,鬣狗人·耶諾古毒牙,existing-site,data/zh-TW/bestiary/bestiary-mm.json;data/zh-TW/bestiary/bestiary-xmm.json;data/zh-TW/bestiary/fluff-bestiary-mm.json;data/zh-TW/bestiary/fluff-bestiary-xmm.json
creature,gnoll pack lord,,鬣狗人頭領,existing-site,data/zh-TW/bestiary/bestiary-mm.json;data/zh-TW/bestiary/bestiary-xmm.json;data/zh-TW/bestiary/fluff-bestiary-mm.json;data/zh-TW/bestiary/fluff-bestiary-xmm.json
creature,gnoll pack lord,MM,鬣狗人頭領,existing-site,data/zh-TW/bestiary/bestiary-mm.json;data/zh-TW/bestiary/bestiary-xmm.json;data/zh-TW/bestiary/fluff-bestiary-mm.json;data/zh-TW/bestiary/fluff-bestiary-xmm.json
creature,goblin,,地精,existing-site,data/zh-TW/bestiary/bestiary-mm.json;data/zh-TW/bestiary/fluff-bestiary-mm.json;data/zh-TW/character-options/fluff-races.json;data/zh-TW/character-options/races.json
creature,goblin,MM,地精,existing-site,data/zh-TW/bestiary/bestiary-mm.json;data/zh-TW/bestiary/fluff-bestiary-mm.json;data/zh-TW/character-options/fluff-races.json;data/zh-TW/character-options/races.json
creature,goblin boss,,地精頭目,existing-site,data/zh-TW/bestiary/bestiary-mm.json;data/zh-TW/bestiary/bestiary-xmm.json;data/zh-TW/bestiary/fluff-bestiary-mm.json;data/zh-TW/bestiary/fluff-bestiary-xmm.json
creature,goblin boss,MM,地精頭目,existing-site,data/zh-TW/bestiary/bestiary-mm.json;data/zh-TW/bestiary/bestiary-xmm.json;data/zh-TW/bestiary/fluff-bestiary-mm.json;data/zh-TW/bestiary/fluff-bestiary-xmm.json
creature,gray ooze,,灰泥怪,existing-site,data/zh-TW/bestiary/bestiary-mm.json;data/zh-TW/bestiary/bestiary-xmm.json;data/zh-TW/bestiary/fluff-bestiary-mm.json;data/zh-TW/bestiary/fluff-bestiary-xmm.json
creature,gray ooze,MM,灰泥怪,existing-site,data/zh-TW/bestiary/bestiary-mm.json;data/zh-TW/bestiary/bestiary-xmm.json;data/zh-TW/bestiary/fluff-bestiary-mm.json;data/zh-TW/bestiary/fluff-bestiary-xmm.json
creature,green hag,,綠鬼婆,existing-site,data/zh-TW/bestiary/bestiary-mm.json;data/zh-TW/bestiary/bestiary-xmm.json;data/zh-TW/bestiary/fluff-bestiary-mm.json;data/zh-TW/bestiary/fluff-bestiary-xmm.json;data/zh-TW/bestiary/legendarygroups.json
creature,green hag,MM,綠鬼婆,existing-site,data/zh-TW/bestiary/bestiary-mm.json;data/zh-TW/bestiary/bestiary-xmm.json;data/zh-TW/bestiary/fluff-bestiary-mm.json;data/zh-TW/bestiary/fluff-bestiary-xmm.json;data/zh-TW/bestiary/legendarygroups.json
creature,green slaad,,史拉綠蟾,existing-site,data/zh-TW/bestiary/bestiary-mm.json;data/zh-TW/bestiary/bestiary-xmm.json;data/zh-TW/bestiary/fluff-bestiary-mm.json;data/zh-TW/bestiary/fluff-bestiary-xmm.json
creature,green slaad,MM,史拉綠蟾,existing-site,data/zh-TW/bestiary/bestiary-mm.json;data/zh-TW/bestiary/bestiary-xmm.json;data/zh-TW/bestiary/fluff-bestiary-mm.json;data/zh-TW/bestiary/fluff-bestiary-xmm.json
creature,grell,,觸鬚怪,existing-site,data/zh-TW/bestiary/bestiary-mm.json;data/zh-TW/bestiary/bestiary-xmm.json;data/zh-TW/bestiary/fluff-bestiary-mm.json;data/zh-TW/bestiary/fluff-bestiary-xmm.json;data/zh-TW/reference-pages/languages.json
creature,grell,MM,觸鬚怪,existing-site,data/zh-TW/bestiary/bestiary-mm.json;data/zh-TW/bestiary/bestiary-xmm.json;data/zh-TW/bestiary/fluff-bestiary-mm.json;data/zh-TW/bestiary/fluff-bestiary-xmm.json;data/zh-TW/reference-pages/languages.json
creature,grick alpha,,阿爾法穴居攫怪,existing-site,data/zh-TW/bestiary/bestiary-mm.json;data/zh-TW/bestiary/fluff-bestiary-mm.json
creature,grick alpha,MM,阿爾法穴居攫怪,existing-site,data/zh-TW/bestiary/bestiary-mm.json;data/zh-TW/bestiary/fluff-bestiary-mm.json
creature,guard,,警衛,existing-site,data/zh-TW/bestiary/bestiary-mm.json;data/zh-TW/bestiary/bestiary-wtthc.json;data/zh-TW/bestiary/bestiary-xmm.json;data/zh-TW/bestiary/fluff-bestiary-mm.json;data/zh-TW/bestiary/fluff-bestiary-wtthc.json;data/zh-TW/bestiary/fluff-bestiary-xmm.json;data/zh-TW/character-options/backgrounds.json;data/zh-TW/character-options/fluff-backgrounds.json
creature,guard,MM,警衛,existing-site,data/zh-TW/bestiary/bestiary-mm.json;data/zh-TW/bestiary/bestiary-wtthc.json;data/zh-TW/bestiary/bestiary-xmm.json;data/zh-TW/bestiary/fluff-bestiary-mm.json;data/zh-TW/bestiary/fluff-bestiary-wtthc.json;data/zh-TW/bestiary/fluff-bestiary-xmm.json;data/zh-TW/character-options/backgrounds.json;data/zh-TW/character-options/fluff-backgrounds.json
creature,hezrou,,狂蟾魔,existing-site,data/zh-TW/bestiary/bestiary-mm.json;data/zh-TW/bestiary/bestiary-xmm.json;data/zh-TW/bestiary/fluff-bestiary-mm.json;data/zh-TW/bestiary/fluff-bestiary-xmm.json
creature,hezrou,MM,狂蟾魔,existing-site,data/zh-TW/bestiary/bestiary-mm.json;data/zh-TW/bestiary/bestiary-xmm.json;data/zh-TW/bestiary/fluff-bestiary-mm.json;data/zh-TW/bestiary/fluff-bestiary-xmm.json
creature,incubus,,夢魔,existing-site,data/zh-TW/bestiary/bestiary-mm.json;data/zh-TW/bestiary/bestiary-xmm.json;data/zh-TW/bestiary/fluff-bestiary-mm.json;data/zh-TW/bestiary/fluff-bestiary-xmm.json
creature,incubus,MM,夢魔,existing-site,data/zh-TW/bestiary/bestiary-mm.json;data/zh-TW/bestiary/bestiary-xmm.json;data/zh-TW/bestiary/fluff-bestiary-mm.json;data/zh-TW/bestiary/fluff-bestiary-xmm.json
creature,infant basilisk,OotA,幼年蜥蜴怪,existing-site,data/zh-TW/bestiary/bestiary-oota.json
creature,infant hook horror,OotA,幼體恐爪怪,existing-site,data/zh-TW/bestiary/bestiary-oota.json
creature,intellect devourer,,噬腦怪,existing-site,data/zh-TW/bestiary/bestiary-mm.json;data/zh-TW/bestiary/bestiary-xmm.json;data/zh-TW/bestiary/fluff-bestiary-mm.json;data/zh-TW/bestiary/fluff-bestiary-xmm.json
creature,intellect devourer,MM,噬腦怪,existing-site,data/zh-TW/bestiary/bestiary-mm.json;data/zh-TW/bestiary/bestiary-xmm.json;data/zh-TW/bestiary/fluff-bestiary-mm.json;data/zh-TW/bestiary/fluff-bestiary-xmm.json
creature,ixitxachitl,OotA,伊希鰩魚,existing-site,data/zh-TW/bestiary/bestiary-oota.json;data/zh-TW/bestiary/fluff-bestiary-oota.json
creature,knight,,騎士,existing-site,data/zh-TW/bestiary/bestiary-mm.json;data/zh-TW/bestiary/bestiary-xmm.json;data/zh-TW/bestiary/fluff-bestiary-mm.json;data/zh-TW/bestiary/fluff-bestiary-xmm.json;data/zh-TW/items/items-001.json
creature,knight,MM,騎士,existing-site,data/zh-TW/bestiary/bestiary-mm.json;data/zh-TW/bestiary/bestiary-xmm.json;data/zh-TW/bestiary/fluff-bestiary-mm.json;data/zh-TW/bestiary/fluff-bestiary-xmm.json;data/zh-TW/items/items-001.json
creature,kuo-toa,,寇濤,existing-site,data/zh-TW/bestiary/bestiary-mm.json;data/zh-TW/bestiary/bestiary-xmm.json;data/zh-TW/bestiary/fluff-bestiary-mm.json;data/zh-TW/bestiary/fluff-bestiary-xmm.json;data/zh-TW/character-options/races.json
creature,kuo-toa,MM,寇濤,existing-site,data/zh-TW/bestiary/bestiary-mm.json;data/zh-TW/bestiary/bestiary-xmm.json;data/zh-TW/bestiary/fluff-bestiary-mm.json;data/zh-TW/bestiary/fluff-bestiary-xmm.json;data/zh-TW/character-options/races.json
creature,kuo-toa archpriest,,寇濤大祭司,existing-site,data/zh-TW/bestiary/bestiary-mm.json;data/zh-TW/bestiary/bestiary-xmm.json;data/zh-TW/bestiary/fluff-bestiary-mm.json;data/zh-TW/bestiary/fluff-bestiary-xmm.json
creature,kuo-toa archpriest,MM,寇濤大祭司,existing-site,data/zh-TW/bestiary/bestiary-mm.json;data/zh-TW/bestiary/bestiary-xmm.json;data/zh-TW/bestiary/fluff-bestiary-mm.json;data/zh-TW/bestiary/fluff-bestiary-xmm.json
creature,kuo-toa monitor,,寇濤監察者,existing-site,data/zh-TW/bestiary/bestiary-mm.json;data/zh-TW/bestiary/bestiary-xmm.json;data/zh-TW/bestiary/fluff-bestiary-mm.json;data/zh-TW/bestiary/fluff-bestiary-xmm.json
creature,kuo-toa monitor,MM,寇濤監察者,existing-site,data/zh-TW/bestiary/bestiary-mm.json;data/zh-TW/bestiary/bestiary-xmm.json;data/zh-TW/bestiary/fluff-bestiary-mm.json;data/zh-TW/bestiary/fluff-bestiary-xmm.json
creature,kuo-toa whip,,寇濤驅策者,existing-site,data/zh-TW/bestiary/bestiary-mm.json;data/zh-TW/bestiary/bestiary-xmm.json;data/zh-TW/bestiary/fluff-bestiary-mm.json;data/zh-TW/bestiary/fluff-bestiary-xmm.json
creature,kuo-toa whip,MM,寇濤驅策者,existing-site,data/zh-TW/bestiary/bestiary-mm.json;data/zh-TW/bestiary/bestiary-xmm.json;data/zh-TW/bestiary/fluff-bestiary-mm.json;data/zh-TW/bestiary/fluff-bestiary-xmm.json
creature,mage,,魔法師,existing-site,data/zh-TW/bestiary/bestiary-mm.json;data/zh-TW/bestiary/bestiary-xmm.json;data/zh-TW/bestiary/fluff-bestiary-mm.json;data/zh-TW/bestiary/fluff-bestiary-xmm.json;data/zh-TW/items/items-001.json
creature,mage,MM,魔法師,existing-site,data/zh-TW/bestiary/bestiary-mm.json;data/zh-TW/bestiary/bestiary-xmm.json;data/zh-TW/bestiary/fluff-bestiary-mm.json;data/zh-TW/bestiary/fluff-bestiary-xmm.json;data/zh-TW/items/items-001.json
creature,manes,,原魔,existing-site,data/zh-TW/bestiary/bestiary-mm.json;data/zh-TW/bestiary/bestiary-xmm.json;data/zh-TW/bestiary/fluff-bestiary-mm.json;data/zh-TW/bestiary/fluff-bestiary-xmm.json
creature,manes,MM,原魔,existing-site,data/zh-TW/bestiary/bestiary-mm.json;data/zh-TW/bestiary/bestiary-xmm.json;data/zh-TW/bestiary/fluff-bestiary-mm.json;data/zh-TW/bestiary/fluff-bestiary-xmm.json
creature,medusa,,美杜莎,existing-site,data/zh-TW/bestiary/bestiary-mm.json;data/zh-TW/bestiary/bestiary-mot.json;data/zh-TW/bestiary/bestiary-wtthc.json;data/zh-TW/bestiary/bestiary-xmm.json;data/zh-TW/bestiary/fluff-bestiary-mm.json;data/zh-TW/bestiary/fluff-bestiary-mot.json;data/zh-TW/bestiary/fluff-bestiary-wtthc.json;data/zh-TW/bestiary/fluff-bestiary-xmm.json
creature,medusa,MM,美杜莎,existing-site,data/zh-TW/bestiary/bestiary-mm.json;data/zh-TW/bestiary/bestiary-mot.json;data/zh-TW/bestiary/bestiary-wtthc.json;data/zh-TW/bestiary/bestiary-xmm.json;data/zh-TW/bestiary/fluff-bestiary-mm.json;data/zh-TW/bestiary/fluff-bestiary-mot.json;data/zh-TW/bestiary/fluff-bestiary-wtthc.json;data/zh-TW/bestiary/fluff-bestiary-xmm.json
creature,merrow,,邁羅人魚,existing-site,data/zh-TW/bestiary/bestiary-mm.json;data/zh-TW/bestiary/bestiary-xmm.json;data/zh-TW/bestiary/fluff-bestiary-lfl.json;data/zh-TW/bestiary/fluff-bestiary-mm.json;data/zh-TW/bestiary/fluff-bestiary-xmm.json
creature,merrow,MM,邁羅人魚,existing-site,data/zh-TW/bestiary/bestiary-mm.json;data/zh-TW/bestiary/bestiary-xmm.json;data/zh-TW/bestiary/fluff-bestiary-lfl.json;data/zh-TW/bestiary/fluff-bestiary-mm.json;data/zh-TW/bestiary/fluff-bestiary-xmm.json
creature,mimic,,擬身怪,existing-site,data/zh-TW/bestiary/bestiary-mm.json;data/zh-TW/bestiary/bestiary-xmm.json;data/zh-TW/bestiary/fluff-bestiary-mm.json;data/zh-TW/bestiary/fluff-bestiary-xmm.json
creature,mimic,MM,擬身怪,existing-site,data/zh-TW/bestiary/bestiary-mm.json;data/zh-TW/bestiary/bestiary-xmm.json;data/zh-TW/bestiary/fluff-bestiary-mm.json;data/zh-TW/bestiary/fluff-bestiary-xmm.json
creature,mind flayer,,奪心魔,existing-site,data/zh-TW/bestiary/bestiary-mm.json;data/zh-TW/bestiary/bestiary-xmm.json;data/zh-TW/bestiary/fluff-bestiary-mm.json;data/zh-TW/bestiary/fluff-bestiary-vgm.json;data/zh-TW/bestiary/fluff-bestiary-xmm.json;data/zh-TW/craft-pages/fluff-homecrafts.json;data/zh-TW/craft-pages/homecrafts.json
creature,mind flayer,MM,奪心魔,existing-site,data/zh-TW/bestiary/bestiary-mm.json;data/zh-TW/bestiary/bestiary-xmm.json;data/zh-TW/bestiary/fluff-bestiary-mm.json;data/zh-TW/bestiary/fluff-bestiary-vgm.json;data/zh-TW/bestiary/fluff-bestiary-xmm.json;data/zh-TW/craft-pages/fluff-homecrafts.json;data/zh-TW/craft-pages/homecrafts.json
creature,minotaur,,牛頭人,existing-site,data/zh-TW/bestiary/bestiary-mm.json;data/zh-TW/bestiary/fluff-bestiary-mm.json;data/zh-TW/character-options/fluff-races.json;data/zh-TW/character-options/races.json
creature,minotaur,MM,牛頭人,existing-site,data/zh-TW/bestiary/bestiary-mm.json;data/zh-TW/bestiary/fluff-bestiary-mm.json;data/zh-TW/character-options/fluff-races.json;data/zh-TW/character-options/races.json
creature,minotaur skeleton,,骷髏牛頭人,existing-site,data/zh-TW/bestiary/bestiary-mm.json;data/zh-TW/bestiary/bestiary-xmm.json;data/zh-TW/bestiary/fluff-bestiary-mm.json;data/zh-TW/bestiary/fluff-bestiary-xmm.json
creature,minotaur skeleton,MM,骷髏牛頭人,existing-site,data/zh-TW/bestiary/bestiary-mm.json;data/zh-TW/bestiary/bestiary-xmm.json;data/zh-TW/bestiary/fluff-bestiary-mm.json;data/zh-TW/bestiary/fluff-bestiary-xmm.json
creature,monodrone,,單元冢,existing-site,data/zh-TW/bestiary/bestiary-mm.json;data/zh-TW/bestiary/fluff-bestiary-mm.json
creature,monodrone,MM,單元冢,existing-site,data/zh-TW/bestiary/bestiary-mm.json;data/zh-TW/bestiary/fluff-bestiary-mm.json
creature,mummy,,木乃伊,existing-site,data/zh-TW/bestiary/bestiary-mm.json;data/zh-TW/bestiary/bestiary-xmm.json;data/zh-TW/bestiary/fluff-bestiary-mm.json;data/zh-TW/bestiary/fluff-bestiary-xmm.json
creature,mummy,MM,木乃伊,existing-site,data/zh-TW/bestiary/bestiary-mm.json;data/zh-TW/bestiary/bestiary-xmm.json;data/zh-TW/bestiary/fluff-bestiary-mm.json;data/zh-TW/bestiary/fluff-bestiary-xmm.json
creature,myconid adult,,蕈人成體,existing-site,data/zh-TW/bestiary/bestiary-mm.json;data/zh-TW/bestiary/bestiary-wtthc.json;data/zh-TW/bestiary/bestiary-xmm.json;data/zh-TW/bestiary/fluff-bestiary-mm.json;data/zh-TW/bestiary/fluff-bestiary-wtthc.json;data/zh-TW/bestiary/fluff-bestiary-xmm.json
creature,myconid adult,MM,蕈人成體,existing-site,data/zh-TW/bestiary/bestiary-mm.json;data/zh-TW/bestiary/bestiary-wtthc.json;data/zh-TW/bestiary/bestiary-xmm.json;data/zh-TW/bestiary/fluff-bestiary-mm.json;data/zh-TW/bestiary/fluff-bestiary-wtthc.json;data/zh-TW/bestiary/fluff-bestiary-xmm.json
creature,myconid sprout,,蕈人幼體,existing-site,data/zh-TW/bestiary/bestiary-mm.json;data/zh-TW/bestiary/bestiary-xmm.json;data/zh-TW/bestiary/fluff-bestiary-mm.json;data/zh-TW/bestiary/fluff-bestiary-xmm.json
creature,myconid sprout,MM,蕈人幼體,existing-site,data/zh-TW/bestiary/bestiary-mm.json;data/zh-TW/bestiary/bestiary-xmm.json;data/zh-TW/bestiary/fluff-bestiary-mm.json;data/zh-TW/bestiary/fluff-bestiary-xmm.json
creature,nalfeshnee,,判魂魔,existing-site,data/zh-TW/bestiary/bestiary-mm.json;data/zh-TW/bestiary/bestiary-xmm.json;data/zh-TW/bestiary/fluff-bestiary-mm.json;data/zh-TW/bestiary/fluff-bestiary-xmm.json
creature,nalfeshnee,MM,判魂魔,existing-site,data/zh-TW/bestiary/bestiary-mm.json;data/zh-TW/bestiary/bestiary-xmm.json;data/zh-TW/bestiary/fluff-bestiary-mm.json;data/zh-TW/bestiary/fluff-bestiary-xmm.json
creature,noble,,貴族,existing-site,data/zh-TW/bestiary/bestiary-mm.json;data/zh-TW/bestiary/bestiary-xmm.json;data/zh-TW/bestiary/fluff-bestiary-mm.json;data/zh-TW/bestiary/fluff-bestiary-xmm.json;data/zh-TW/character-options/backgrounds.json;data/zh-TW/character-options/fluff-backgrounds.json
creature,noble,MM,貴族,existing-site,data/zh-TW/bestiary/bestiary-mm.json;data/zh-TW/bestiary/bestiary-xmm.json;data/zh-TW/bestiary/fluff-bestiary-mm.json;data/zh-TW/bestiary/fluff-bestiary-xmm.json;data/zh-TW/character-options/backgrounds.json;data/zh-TW/character-options/fluff-backgrounds.json
creature,ochre jelly,,赭果凍,existing-site,data/zh-TW/bestiary/bestiary-mm.json;data/zh-TW/bestiary/bestiary-xmm.json;data/zh-TW/bestiary/fluff-bestiary-mm.json;data/zh-TW/bestiary/fluff-bestiary-xmm.json
creature,ochre jelly,MM,赭果凍,existing-site,data/zh-TW/bestiary/bestiary-mm.json;data/zh-TW/bestiary/bestiary-xmm.json;data/zh-TW/bestiary/fluff-bestiary-mm.json;data/zh-TW/bestiary/fluff-bestiary-xmm.json
creature,orc,,獸人,existing-site,data/zh-TW/bestiary/bestiary-mm.json;data/zh-TW/bestiary/fluff-bestiary-mm.json;data/zh-TW/character-options/fluff-races.json;data/zh-TW/character-options/races.json;data/zh-TW/reference-pages/fluff-languages.json;data/zh-TW/reference-pages/languages.json
creature,orc,MM,獸人,existing-site,data/zh-TW/bestiary/bestiary-mm.json;data/zh-TW/bestiary/fluff-bestiary-mm.json;data/zh-TW/character-options/fluff-races.json;data/zh-TW/character-options/races.json;data/zh-TW/reference-pages/fluff-languages.json;data/zh-TW/reference-pages/languages.json
creature,orc Eye of Gruumsh,,格烏什之眼,existing-site,data/zh-TW/bestiary/bestiary-mm.json;data/zh-TW/bestiary/fluff-bestiary-mm.json
creature,orc Eye of Gruumsh,MM,格烏什之眼,existing-site,data/zh-TW/bestiary/bestiary-mm.json;data/zh-TW/bestiary/fluff-bestiary-mm.json
creature,orog,MM,魔獸人,existing-site,data/zh-TW/bestiary/bestiary-mm.json;data/zh-TW/bestiary/fluff-bestiary-mm.json
creature,otyugh,,食腐獸,existing-site,data/zh-TW/bestiary/bestiary-mm.json;data/zh-TW/bestiary/bestiary-xmm.json;data/zh-TW/bestiary/fluff-bestiary-mm.json;data/zh-TW/bestiary/fluff-bestiary-xmm.json
creature,otyugh,MM,食腐獸,existing-site,data/zh-TW/bestiary/bestiary-mm.json;data/zh-TW/bestiary/bestiary-xmm.json;data/zh-TW/bestiary/fluff-bestiary-mm.json;data/zh-TW/bestiary/fluff-bestiary-xmm.json
creature,polar bear,,白熊,existing-site,data/zh-TW/bestiary/bestiary-mm.json;data/zh-TW/bestiary/bestiary-xmm.json;data/zh-TW/bestiary/fluff-bestiary-xmm.json
creature,polar bear,MM,白熊,existing-site,data/zh-TW/bestiary/bestiary-mm.json;data/zh-TW/bestiary/bestiary-xmm.json;data/zh-TW/bestiary/fluff-bestiary-xmm.json
creature,poltergeist,,騷靈,existing-site,data/zh-TW/bestiary/bestiary-mm.json;data/zh-TW/bestiary/bestiary-xmm.json;data/zh-TW/bestiary/fluff-bestiary-mm.json;data/zh-TW/bestiary/fluff-bestiary-xmm.json
creature,poltergeist,MM,騷靈,existing-site,data/zh-TW/bestiary/bestiary-mm.json;data/zh-TW/bestiary/bestiary-xmm.json;data/zh-TW/bestiary/fluff-bestiary-mm.json;data/zh-TW/bestiary/fluff-bestiary-xmm.json
creature,priest,,祭司,existing-site,data/zh-TW/bestiary/bestiary-mm.json;data/zh-TW/bestiary/bestiary-xmm.json;data/zh-TW/bestiary/fluff-bestiary-mm.json;data/zh-TW/bestiary/fluff-bestiary-xmm.json;data/zh-TW/items/items-001.json
creature,priest,MM,祭司,existing-site,data/zh-TW/bestiary/bestiary-mm.json;data/zh-TW/bestiary/bestiary-xmm.json;data/zh-TW/bestiary/fluff-bestiary-mm.json;data/zh-TW/bestiary/fluff-bestiary-xmm.json;data/zh-TW/items/items-001.json
creature,purple worm,,紫蟲,existing-site,data/zh-TW/bestiary/bestiary-mm.json;data/zh-TW/bestiary/bestiary-xmm.json;data/zh-TW/bestiary/fluff-bestiary-mm.json;data/zh-TW/bestiary/fluff-bestiary-xmm.json
creature,purple worm,MM,紫蟲,existing-site,data/zh-TW/bestiary/bestiary-mm.json;data/zh-TW/bestiary/bestiary-xmm.json;data/zh-TW/bestiary/fluff-bestiary-mm.json;data/zh-TW/bestiary/fluff-bestiary-xmm.json
creature,quaggoth,,幽邃熊怪,existing-site,data/zh-TW/bestiary/bestiary-mm.json;data/zh-TW/bestiary/bestiary-xmm.json;data/zh-TW/bestiary/fluff-bestiary-mm.json;data/zh-TW/bestiary/fluff-bestiary-xmm.json
creature,quaggoth,MM,幽邃熊怪,existing-site,data/zh-TW/bestiary/bestiary-mm.json;data/zh-TW/bestiary/bestiary-xmm.json;data/zh-TW/bestiary/fluff-bestiary-mm.json;data/zh-TW/bestiary/fluff-bestiary-xmm.json
creature,quasit,,小惡魔,existing-site,data/zh-TW/bestiary/bestiary-mm.json;data/zh-TW/bestiary/bestiary-xmm.json;data/zh-TW/bestiary/fluff-bestiary-mm.json;data/zh-TW/bestiary/fluff-bestiary-xmm.json
creature,quasit,MM,小惡魔,existing-site,data/zh-TW/bestiary/bestiary-mm.json;data/zh-TW/bestiary/bestiary-xmm.json;data/zh-TW/bestiary/fluff-bestiary-mm.json;data/zh-TW/bestiary/fluff-bestiary-xmm.json
creature,red dragon wyrmling,MM,紅龍雛龍,existing-site,data/zh-TW/bestiary/bestiary-mm.json;data/zh-TW/bestiary/bestiary-xmm.json;data/zh-TW/bestiary/fluff-bestiary-mm.json;data/zh-TW/bestiary/fluff-bestiary-xmm.json
creature,rust monster,,鏽蝕怪,existing-site,data/zh-TW/bestiary/bestiary-mm.json;data/zh-TW/bestiary/bestiary-xmm.json;data/zh-TW/bestiary/fluff-bestiary-mm.json;data/zh-TW/bestiary/fluff-bestiary-xmm.json
creature,rust monster,MM,鏽蝕怪,existing-site,data/zh-TW/bestiary/bestiary-mm.json;data/zh-TW/bestiary/bestiary-xmm.json;data/zh-TW/bestiary/fluff-bestiary-mm.json;data/zh-TW/bestiary/fluff-bestiary-xmm.json
creature,salamander,,火蜥蜴,existing-site,data/zh-TW/bestiary/bestiary-mm.json;data/zh-TW/bestiary/bestiary-xmm.json;data/zh-TW/bestiary/fluff-bestiary-mm.json;data/zh-TW/bestiary/fluff-bestiary-xmm.json
creature,salamander,MM,火蜥蜴,existing-site,data/zh-TW/bestiary/bestiary-mm.json;data/zh-TW/bestiary/bestiary-xmm.json;data/zh-TW/bestiary/fluff-bestiary-mm.json;data/zh-TW/bestiary/fluff-bestiary-xmm.json
creature,scout,,斥侯,existing-site,data/zh-TW/bestiary/bestiary-mm.json;data/zh-TW/bestiary/bestiary-xmm.json;data/zh-TW/bestiary/fluff-bestiary-mm.json;data/zh-TW/bestiary/fluff-bestiary-xmm.json;data/zh-TW/class/class-rogue.json;data/zh-TW/class/fluff-class-rogue.json
creature,scout,MM,斥侯,existing-site,data/zh-TW/bestiary/bestiary-mm.json;data/zh-TW/bestiary/bestiary-xmm.json;data/zh-TW/bestiary/fluff-bestiary-mm.json;data/zh-TW/bestiary/fluff-bestiary-xmm.json;data/zh-TW/class/class-rogue.json;data/zh-TW/class/fluff-class-rogue.json
creature,shadow,,幽影,existing-site,data/zh-TW/bestiary/bestiary-mm.json;data/zh-TW/bestiary/bestiary-wtthc.json;data/zh-TW/bestiary/bestiary-xmm.json;data/zh-TW/bestiary/fluff-bestiary-mm.json;data/zh-TW/bestiary/fluff-bestiary-wtthc.json;data/zh-TW/bestiary/fluff-bestiary-xmm.json
creature,shadow,MM,幽影,existing-site,data/zh-TW/bestiary/bestiary-mm.json;data/zh-TW/bestiary/bestiary-wtthc.json;data/zh-TW/bestiary/bestiary-xmm.json;data/zh-TW/bestiary/fluff-bestiary-mm.json;data/zh-TW/bestiary/fluff-bestiary-wtthc.json;data/zh-TW/bestiary/fluff-bestiary-xmm.json
creature,shadow demon,,幽影惡魔,existing-site,data/zh-TW/bestiary/bestiary-mm.json;data/zh-TW/bestiary/bestiary-xmm.json;data/zh-TW/bestiary/fluff-bestiary-mm.json;data/zh-TW/bestiary/fluff-bestiary-xmm.json
creature,shadow demon,MM,幽影惡魔,existing-site,data/zh-TW/bestiary/bestiary-mm.json;data/zh-TW/bestiary/bestiary-xmm.json;data/zh-TW/bestiary/fluff-bestiary-mm.json;data/zh-TW/bestiary/fluff-bestiary-xmm.json
creature,shambling mound,,蔓生怪,existing-site,data/zh-TW/bestiary/bestiary-mm.json;data/zh-TW/bestiary/bestiary-xmm.json;data/zh-TW/bestiary/fluff-bestiary-mm.json;data/zh-TW/bestiary/fluff-bestiary-xmm.json
creature,shambling mound,MM,蔓生怪,existing-site,data/zh-TW/bestiary/bestiary-mm.json;data/zh-TW/bestiary/bestiary-xmm.json;data/zh-TW/bestiary/fluff-bestiary-mm.json;data/zh-TW/bestiary/fluff-bestiary-xmm.json
creature,shrieker,,尖叫菌,existing-site,data/zh-TW/bestiary/bestiary-mm.json;data/zh-TW/bestiary/fluff-bestiary-mm.json
creature,shrieker,MM,尖叫菌,existing-site,data/zh-TW/bestiary/bestiary-mm.json;data/zh-TW/bestiary/fluff-bestiary-mm.json
creature,spectator,,觀察者眼魔,existing-site,data/zh-TW/bestiary/bestiary-mm.json;data/zh-TW/bestiary/bestiary-xmm.json;data/zh-TW/bestiary/fluff-bestiary-mm.json;data/zh-TW/bestiary/fluff-bestiary-xmm.json
creature,spectator,MM,觀察者眼魔,existing-site,data/zh-TW/bestiary/bestiary-mm.json;data/zh-TW/bestiary/bestiary-xmm.json;data/zh-TW/bestiary/fluff-bestiary-mm.json;data/zh-TW/bestiary/fluff-bestiary-xmm.json
creature,specter,,惡靈,existing-site,data/zh-TW/bestiary/bestiary-mm.json;data/zh-TW/bestiary/bestiary-xmm.json;data/zh-TW/bestiary/fluff-bestiary-mm.json;data/zh-TW/bestiary/fluff-bestiary-xmm.json
creature,specter,MM,惡靈,existing-site,data/zh-TW/bestiary/bestiary-mm.json;data/zh-TW/bestiary/bestiary-xmm.json;data/zh-TW/bestiary/fluff-bestiary-mm.json;data/zh-TW/bestiary/fluff-bestiary-xmm.json
creature,spider,,蜘蛛,existing-site,data/zh-TW/bestiary/bestiary-mm.json;data/zh-TW/bestiary/bestiary-xmm.json;data/zh-TW/bestiary/fluff-bestiary-mm.json;data/zh-TW/bestiary/fluff-bestiary-xmm.json
creature,spider,MM,蜘蛛,existing-site,data/zh-TW/bestiary/bestiary-mm.json;data/zh-TW/bestiary/bestiary-xmm.json;data/zh-TW/bestiary/fluff-bestiary-mm.json;data/zh-TW/bestiary/fluff-bestiary-xmm.json
creature,spirit naga,,陰魂納迦,existing-site,data/zh-TW/bestiary/bestiary-mm.json;data/zh-TW/bestiary/bestiary-xmm.json;data/zh-TW/bestiary/fluff-bestiary-mm.json;data/zh-TW/bestiary/fluff-bestiary-xmm.json
creature,spirit naga,MM,陰魂納迦,existing-site,data/zh-TW/bestiary/bestiary-mm.json;data/zh-TW/bestiary/bestiary-xmm.json;data/zh-TW/bestiary/fluff-bestiary-mm.json;data/zh-TW/bestiary/fluff-bestiary-xmm.json
creature,spy,,間諜,existing-site,data/zh-TW/bestiary/bestiary-mm.json;data/zh-TW/bestiary/bestiary-xmm.json;data/zh-TW/bestiary/fluff-bestiary-mm.json;data/zh-TW/bestiary/fluff-bestiary-xmm.json;data/zh-TW/reference-pages/charcreationoptions.json
creature,spy,MM,間諜,existing-site,data/zh-TW/bestiary/bestiary-mm.json;data/zh-TW/bestiary/bestiary-xmm.json;data/zh-TW/bestiary/fluff-bestiary-mm.json;data/zh-TW/bestiary/fluff-bestiary-xmm.json;data/zh-TW/reference-pages/charcreationoptions.json
creature,stone giant,,石巨人,existing-site,data/zh-TW/bestiary/bestiary-mm.json;data/zh-TW/bestiary/bestiary-xmm.json;data/zh-TW/bestiary/fluff-bestiary-mm.json;data/zh-TW/bestiary/fluff-bestiary-xmm.json
creature,stone giant,MM,石巨人,existing-site,data/zh-TW/bestiary/bestiary-mm.json;data/zh-TW/bestiary/bestiary-xmm.json;data/zh-TW/bestiary/fluff-bestiary-mm.json;data/zh-TW/bestiary/fluff-bestiary-xmm.json
creature,stone golem,,石魔像,existing-site,data/zh-TW/bestiary/bestiary-mm.json;data/zh-TW/bestiary/bestiary-xmm.json;data/zh-TW/bestiary/fluff-bestiary-mm.json;data/zh-TW/bestiary/fluff-bestiary-xmm.json
creature,stone golem,MM,石魔像,existing-site,data/zh-TW/bestiary/bestiary-mm.json;data/zh-TW/bestiary/bestiary-xmm.json;data/zh-TW/bestiary/fluff-bestiary-mm.json;data/zh-TW/bestiary/fluff-bestiary-xmm.json
creature,succubus,,魅魔,existing-site,data/zh-TW/bestiary/bestiary-mm.json;data/zh-TW/bestiary/bestiary-xmm.json;data/zh-TW/bestiary/fluff-bestiary-mm.json;data/zh-TW/bestiary/fluff-bestiary-xmm.json
creature,succubus,MM,魅魔,existing-site,data/zh-TW/bestiary/bestiary-mm.json;data/zh-TW/bestiary/bestiary-xmm.json;data/zh-TW/bestiary/fluff-bestiary-mm.json;data/zh-TW/bestiary/fluff-bestiary-xmm.json
creature,svirfneblin wererat,OotA,斯涅布力狼鼠人,existing-site,data/zh-TW/bestiary/bestiary-oota.json
creature,swarm of bats,,蝙蝠群,existing-site,data/zh-TW/bestiary/bestiary-mm.json;data/zh-TW/bestiary/bestiary-xmm.json;data/zh-TW/bestiary/fluff-bestiary-mm.json;data/zh-TW/bestiary/fluff-bestiary-xmm.json
creature,swarm of bats,MM,蝙蝠群,existing-site,data/zh-TW/bestiary/bestiary-mm.json;data/zh-TW/bestiary/bestiary-xmm.json;data/zh-TW/bestiary/fluff-bestiary-mm.json;data/zh-TW/bestiary/fluff-bestiary-xmm.json
creature,swarm of insects,,昆蟲叢集,existing-site,data/zh-TW/bestiary/bestiary-mm.json;data/zh-TW/bestiary/bestiary-xmm.json;data/zh-TW/bestiary/fluff-bestiary-mm.json;data/zh-TW/bestiary/fluff-bestiary-xmm.json
creature,swarm of insects,MM,昆蟲叢集,existing-site,data/zh-TW/bestiary/bestiary-mm.json;data/zh-TW/bestiary/bestiary-xmm.json;data/zh-TW/bestiary/fluff-bestiary-mm.json;data/zh-TW/bestiary/fluff-bestiary-xmm.json
creature,swarm of quippers,,食人魚群,existing-site,data/zh-TW/bestiary/bestiary-mm.json;data/zh-TW/bestiary/fluff-bestiary-mm.json
creature,swarm of quippers,MM,食人魚群,existing-site,data/zh-TW/bestiary/bestiary-mm.json;data/zh-TW/bestiary/fluff-bestiary-mm.json
creature,the Pudding King,OotA,布丁王,existing-site,data/zh-TW/bestiary/bestiary-oota.json;data/zh-TW/bestiary/fluff-bestiary-oota.json
creature,tridrone,,三元冢,existing-site,data/zh-TW/bestiary/bestiary-mm.json;data/zh-TW/bestiary/fluff-bestiary-mm.json
creature,tridrone,MM,三元冢,existing-site,data/zh-TW/bestiary/bestiary-mm.json;data/zh-TW/bestiary/fluff-bestiary-mm.json
creature,troglodyte,,穴蜥人,existing-site,data/zh-TW/bestiary/bestiary-mm.json;data/zh-TW/bestiary/bestiary-xmm.json;data/zh-TW/bestiary/fluff-bestiary-mm.json;data/zh-TW/bestiary/fluff-bestiary-xmm.json;data/zh-TW/character-options/races.json
creature,troglodyte,MM,穴蜥人,existing-site,data/zh-TW/bestiary/bestiary-mm.json;data/zh-TW/bestiary/bestiary-xmm.json;data/zh-TW/bestiary/fluff-bestiary-mm.json;data/zh-TW/bestiary/fluff-bestiary-xmm.json;data/zh-TW/character-options/races.json
creature,troglodyte champion of Laogzed,OotA,拉歐利的冠軍戰士,existing-site,data/zh-TW/bestiary/bestiary-oota.json;data/zh-TW/bestiary/fluff-bestiary-oota.json
creature,troll,,巨魔,existing-site,data/zh-TW/bestiary/bestiary-mm.json;data/zh-TW/bestiary/bestiary-xmm.json;data/zh-TW/bestiary/fluff-bestiary-mm.json;data/zh-TW/bestiary/fluff-bestiary-mtf.json;data/zh-TW/bestiary/fluff-bestiary-xmm.json
creature,troll,MM,巨魔,existing-site,data/zh-TW/bestiary/bestiary-mm.json;data/zh-TW/bestiary/bestiary-xmm.json;data/zh-TW/bestiary/fluff-bestiary-mm.json;data/zh-TW/bestiary/fluff-bestiary-mtf.json;data/zh-TW/bestiary/fluff-bestiary-xmm.json
creature,two-headed troll,OotA,雙頭巨魔,existing-site,data/zh-TW/bestiary/bestiary-oota.json
creature,umber hulk,,掘土巨怪,existing-site,data/zh-TW/bestiary/bestiary-mm.json;data/zh-TW/bestiary/bestiary-xmm.json;data/zh-TW/bestiary/fluff-bestiary-mm.json;data/zh-TW/bestiary/fluff-bestiary-xmm.json
creature,umber hulk,MM,掘土巨怪,existing-site,data/zh-TW/bestiary/bestiary-mm.json;data/zh-TW/bestiary/bestiary-xmm.json;data/zh-TW/bestiary/fluff-bestiary-mm.json;data/zh-TW/bestiary/fluff-bestiary-xmm.json
creature,veteran,,老兵,existing-site,data/zh-TW/bestiary/bestiary-mm.json;data/zh-TW/bestiary/fluff-bestiary-mm.json
creature,veteran,MM,老兵,existing-site,data/zh-TW/bestiary/bestiary-mm.json;data/zh-TW/bestiary/fluff-bestiary-mm.json
creature,vrock,,鷲魔,existing-site,data/zh-TW/bestiary/bestiary-mm.json;data/zh-TW/bestiary/bestiary-xmm.json;data/zh-TW/bestiary/fluff-bestiary-mm.json;data/zh-TW/bestiary/fluff-bestiary-xmm.json
creature,vrock,MM,鷲魔,existing-site,data/zh-TW/bestiary/bestiary-mm.json;data/zh-TW/bestiary/bestiary-xmm.json;data/zh-TW/bestiary/fluff-bestiary-mm.json;data/zh-TW/bestiary/fluff-bestiary-xmm.json
creature,water weird,,水詭,existing-site,data/zh-TW/bestiary/bestiary-mm.json;data/zh-TW/bestiary/bestiary-xmm.json;data/zh-TW/bestiary/fluff-bestiary-mm.json;data/zh-TW/bestiary/fluff-bestiary-xmm.json
creature,water weird,MM,水詭,existing-site,data/zh-TW/bestiary/bestiary-mm.json;data/zh-TW/bestiary/bestiary-xmm.json;data/zh-TW/bestiary/fluff-bestiary-mm.json;data/zh-TW/bestiary/fluff-bestiary-xmm.json
creature,wererat,,鼠人,existing-site,data/zh-TW/bestiary/bestiary-mm.json;data/zh-TW/bestiary/bestiary-xmm.json;data/zh-TW/bestiary/fluff-bestiary-mm.json;data/zh-TW/bestiary/fluff-bestiary-tftyp.json;data/zh-TW/bestiary/fluff-bestiary-xmm.json
creature,wererat,MM,鼠人,existing-site,data/zh-TW/bestiary/bestiary-mm.json;data/zh-TW/bestiary/bestiary-xmm.json;data/zh-TW/bestiary/fluff-bestiary-mm.json;data/zh-TW/bestiary/fluff-bestiary-tftyp.json;data/zh-TW/bestiary/fluff-bestiary-xmm.json
creature,winged kobold,,帶翼狗頭人,existing-site,data/zh-TW/bestiary/bestiary-mm.json;data/zh-TW/bestiary/bestiary-xmm.json;data/zh-TW/bestiary/fluff-bestiary-mm.json;data/zh-TW/bestiary/fluff-bestiary-xmm.json
creature,winged kobold,MM,帶翼狗頭人,existing-site,data/zh-TW/bestiary/bestiary-mm.json;data/zh-TW/bestiary/bestiary-xmm.json;data/zh-TW/bestiary/fluff-bestiary-mm.json;data/zh-TW/bestiary/fluff-bestiary-xmm.json
creature,wraith,,邪靈,existing-site,data/zh-TW/bestiary/bestiary-mm.json;data/zh-TW/bestiary/bestiary-ps-z.json;data/zh-TW/bestiary/bestiary-xmm.json;data/zh-TW/bestiary/fluff-bestiary-mm.json;data/zh-TW/bestiary/fluff-bestiary-ps-z.json;data/zh-TW/bestiary/fluff-bestiary-xmm.json
creature,wraith,MM,邪靈,existing-site,data/zh-TW/bestiary/bestiary-mm.json;data/zh-TW/bestiary/bestiary-ps-z.json;data/zh-TW/bestiary/bestiary-xmm.json;data/zh-TW/bestiary/fluff-bestiary-mm.json;data/zh-TW/bestiary/fluff-bestiary-ps-z.json;data/zh-TW/bestiary/fluff-bestiary-xmm.json
creature,xorn,,石鼎獸,existing-site,data/zh-TW/bestiary/bestiary-mm.json;data/zh-TW/bestiary/bestiary-xmm.json;data/zh-TW/bestiary/fluff-bestiary-mm.json;data/zh-TW/bestiary/fluff-bestiary-xmm.json
creature,xorn,MM,石鼎獸,existing-site,data/zh-TW/bestiary/bestiary-mm.json;data/zh-TW/bestiary/bestiary-xmm.json;data/zh-TW/bestiary/fluff-bestiary-mm.json;data/zh-TW/bestiary/fluff-bestiary-xmm.json
creature,yochlol,,蠟融妖,existing-site,data/zh-TW/bestiary/bestiary-mm.json;data/zh-TW/bestiary/bestiary-xmm.json;data/zh-TW/bestiary/fluff-bestiary-mm.json;data/zh-TW/bestiary/fluff-bestiary-xmm.json
creature,yochlol,MM,蠟融妖,existing-site,data/zh-TW/bestiary/bestiary-mm.json;data/zh-TW/bestiary/bestiary-xmm.json;data/zh-TW/bestiary/fluff-bestiary-mm.json;data/zh-TW/bestiary/fluff-bestiary-xmm.json
feat,lucky,,幸運,existing-site,data/zh-TW/bestiary/bestiary-efa.json;data/zh-TW/bestiary/bestiary-skt.json;data/zh-TW/character-options/feats.json;data/zh-TW/character-options/races.json
item,Daern's instant fortress,,迪恩的摺疊要塞,existing-site,data/zh-TW/items/fluff-items.json;data/zh-TW/items/items-001.json
item,Daern's instant fortress,DMG,迪恩的摺疊要塞,existing-site,data/zh-TW/items/fluff-items.json;data/zh-TW/items/items-001.json
item,Dawnbringer,OotA,黎明使者,existing-site,data/zh-TW/items/fluff-items.json;data/zh-TW/items/items-001.json
item,Elemental Gem,,元素寶石,existing-site,data/zh-TW/items/fluff-items.json;data/zh-TW/items/item-groups.json
item,Keoghtom's ointment,,卡夫統靈藥,existing-site,data/zh-TW/items/fluff-items.json;data/zh-TW/items/items-003.json
item,Keoghtom's ointment,DMG,卡夫統靈藥,existing-site,data/zh-TW/items/fluff-items.json;data/zh-TW/items/items-003.json
item,Piwafwi (Cloak of Elvenkind),OotA,魔斗篷（精靈斗篷）,existing-site,data/zh-TW/items/fluff-items.json;data/zh-TW/items/items-004.json
item,Piwafwi of Fire Resistance,OotA,火焰抗性魔篷,existing-site,data/zh-TW/items/items-004.json
item,Potion of Greater Healing,,高等治療藥水,existing-site,data/zh-TW/items/items-005.json
item,Potion of Healing,,治療藥水,existing-site,data/zh-TW/items/fluff-items.json;data/zh-TW/items/items-005.json
item,Potion of Vitality,,活力藥水,existing-site,data/zh-TW/items/fluff-items.json;data/zh-TW/items/items-005.json
item,Ring of Earth Elemental Command,,命令土元素戒指,existing-site,data/zh-TW/items/items-005.json
item,Scroll of Protection,,守護卷軸,existing-site,data/zh-TW/items/fluff-items.json;data/zh-TW/items/item-groups.json;data/zh-TW/items/items-base.json
item,Spell Gem,OotA,法術寶石,existing-site,data/zh-TW/items/item-groups.json
item,Spell Scroll,,法術卷軸,existing-site,data/zh-TW/items/fluff-items.json;data/zh-TW/items/item-groups.json
item,Stone of Controlling Earth Elementals,,命令土元素石核,existing-site,data/zh-TW/items/fluff-items.json;data/zh-TW/items/items-007.json
item,Stonespeaker Crystal,OotA,石語者水晶,existing-site,data/zh-TW/items/fluff-items.json;data/zh-TW/items/items-007.json
item,Wand of Orcus,,奧喀斯之杖,existing-site,data/zh-TW/bestiary/bestiary-mpmm.json;data/zh-TW/bestiary/bestiary-mtf.json;data/zh-TW/items/fluff-items.json;data/zh-TW/items/items-007.json
item,Wand of Orcus,DMG,奧喀斯之杖,existing-site,data/zh-TW/bestiary/bestiary-mpmm.json;data/zh-TW/bestiary/bestiary-mtf.json;data/zh-TW/items/fluff-items.json;data/zh-TW/items/items-007.json
item,Wand of Viscid Globs,OotA,粘球魔杖,existing-site,data/zh-TW/items/items-007.json
item,bag of holding,,次元袋,existing-site,data/zh-TW/craft-pages/fluff-homecrafts.json;data/zh-TW/craft-pages/homecrafts.json;data/zh-TW/items/fluff-items.json;data/zh-TW/items/items-000.json
item,bag of holding,DMG,次元袋,existing-site,data/zh-TW/craft-pages/fluff-homecrafts.json;data/zh-TW/craft-pages/homecrafts.json;data/zh-TW/items/fluff-items.json;data/zh-TW/items/items-000.json
item,boots of speed,,速度之靴,existing-site,data/zh-TW/items/fluff-items.json;data/zh-TW/items/items-000.json
item,boots of speed,DMG,速度之靴,existing-site,data/zh-TW/items/fluff-items.json;data/zh-TW/items/items-000.json
item,crystal ball of true seeing,,真知水晶球,existing-site,data/zh-TW/items/items-001.json
item,crystal ball of true seeing,DMG,真知水晶球,existing-site,data/zh-TW/items/items-001.json
item,drow poison,,卓爾毒藥,existing-site,data/zh-TW/items/items-002.json
item,drow poison,DMG,卓爾毒藥,existing-site,data/zh-TW/items/items-002.json
item,dust of disappearance,,無蹤粉,existing-site,data/zh-TW/items/fluff-items.json;data/zh-TW/items/items-002.json
item,dust of disappearance,DMG,無蹤粉,existing-site,data/zh-TW/items/fluff-items.json;data/zh-TW/items/items-002.json
item,flame tongue,,焰舌,existing-site,data/zh-TW/bestiary/bestiary-mabjov.json;data/zh-TW/bestiary/bestiary-wbtw.json;data/zh-TW/bestiary/bestiary-wdh.json;data/zh-TW/items/fluff-items.json;data/zh-TW/items/magicvariants.json
item,flame tongue,DMG,焰舌,existing-site,data/zh-TW/bestiary/bestiary-mabjov.json;data/zh-TW/bestiary/bestiary-wbtw.json;data/zh-TW/bestiary/bestiary-wdh.json;data/zh-TW/items/fluff-items.json;data/zh-TW/items/magicvariants.json
item,gauntlets of ogre power,,食人魔力量護手,existing-site,data/zh-TW/bestiary/bestiary-oota.json;data/zh-TW/items/fluff-items.json;data/zh-TW/items/items-002.json
item,gauntlets of ogre power,DMG,食人魔力量護手,existing-site,data/zh-TW/bestiary/bestiary-oota.json;data/zh-TW/items/fluff-items.json;data/zh-TW/items/items-002.json
item,gem of brightness,,光彩奪目寶石,existing-site,data/zh-TW/items/fluff-items.json;data/zh-TW/items/items-002.json
item,gem of brightness,DMG,光彩奪目寶石,existing-site,data/zh-TW/items/fluff-items.json;data/zh-TW/items/items-002.json
item,gem of seeing,,真視寶石,existing-site,data/zh-TW/items/fluff-items.json;data/zh-TW/items/items-002.json
item,gem of seeing,DMG,真視寶石,existing-site,data/zh-TW/items/fluff-items.json;data/zh-TW/items/items-002.json
item,goggles of night,,夜視鏡,existing-site,data/zh-TW/items/fluff-items.json;data/zh-TW/items/items-002.json
item,goggles of night,DMG,夜視鏡,existing-site,data/zh-TW/items/fluff-items.json;data/zh-TW/items/items-002.json
item,hat of disguise,,易容帽,existing-site,data/zh-TW/items/fluff-items.json;data/zh-TW/items/items-003.json
item,hat of disguise,DMG,易容帽,existing-site,data/zh-TW/items/fluff-items.json;data/zh-TW/items/items-003.json
item,necklace of adaptation,,適應項鍊,existing-site,data/zh-TW/items/fluff-items.json;data/zh-TW/items/items-004.json
item,necklace of adaptation,DMG,適應項鍊,existing-site,data/zh-TW/items/fluff-items.json;data/zh-TW/items/items-004.json
item,necklace of fireballs,,火球項鍊,existing-site,data/zh-TW/items/fluff-items.json;data/zh-TW/items/items-004.json
item,necklace of fireballs,DMG,火球項鍊,existing-site,data/zh-TW/items/fluff-items.json;data/zh-TW/items/items-004.json
item,oil of sharpness,,銳鋒之油,existing-site,data/zh-TW/items/items-004.json
item,oil of sharpness,DMG,銳鋒之油,existing-site,data/zh-TW/items/items-004.json
item,oil of slipperiness,,滑溜之油,existing-site,data/zh-TW/items/items-004.json
item,oil of slipperiness,DMG,滑溜之油,existing-site,data/zh-TW/items/items-004.json
item,philter of love,,迷情媚藥,existing-site,data/zh-TW/items/items-004.json
item,philter of love,DMG,迷情媚藥,existing-site,data/zh-TW/items/items-004.json
item,potion of fire breath,,火焰吐息藥水,existing-site,data/zh-TW/items/fluff-items.json;data/zh-TW/items/items-005.json
item,potion of fire breath,DMG,火焰吐息藥水,existing-site,data/zh-TW/items/fluff-items.json;data/zh-TW/items/items-005.json
item,potion of flying,,飛行藥水,existing-site,data/zh-TW/items/items-005.json
item,potion of flying,DMG,飛行藥水,existing-site,data/zh-TW/items/items-005.json
item,potion of gaseous form,,氣化形體藥水,existing-site,data/zh-TW/items/items-005.json
item,potion of gaseous form,DMG,氣化形體藥水,existing-site,data/zh-TW/items/items-005.json
item,potion of greater healing,,高等治療藥水,existing-site,data/zh-TW/items/items-005.json
item,potion of greater healing,DMG,高等治療藥水,existing-site,data/zh-TW/items/items-005.json
item,potion of healing,,治療藥水,existing-site,data/zh-TW/items/fluff-items.json;data/zh-TW/items/items-005.json
item,potion of healing,DMG,治療藥水,existing-site,data/zh-TW/items/fluff-items.json;data/zh-TW/items/items-005.json
item,potion of invisibility,,隱形藥水,existing-site,data/zh-TW/items/fluff-items.json;data/zh-TW/items/items-005.json
item,potion of invisibility,DMG,隱形藥水,existing-site,data/zh-TW/items/fluff-items.json;data/zh-TW/items/items-005.json
item,potion of longevity,,延壽藥水,existing-site,data/zh-TW/items/items-005.json
item,potion of longevity,DMG,延壽藥水,existing-site,data/zh-TW/items/items-005.json
item,potion of mind reading,,讀心藥水,existing-site,data/zh-TW/items/items-005.json
item,potion of mind reading,DMG,讀心藥水,existing-site,data/zh-TW/items/items-005.json
item,potion of poison,,劇毒藥水,existing-site,data/zh-TW/items/items-005.json
item,potion of poison,DMG,劇毒藥水,existing-site,data/zh-TW/items/items-005.json
item,potion of psychic resistance,,心靈抗性藥水,existing-site,data/zh-TW/items/items-005.json
item,potion of psychic resistance,DMG,心靈抗性藥水,existing-site,data/zh-TW/items/items-005.json
item,potion of supreme healing,,極效治療藥水,existing-site,data/zh-TW/items/items-005.json
item,potion of supreme healing,DMG,極效治療藥水,existing-site,data/zh-TW/items/items-005.json
item,potion of water breathing,,水下呼吸藥水,existing-site,data/zh-TW/items/fluff-items.json;data/zh-TW/items/items-005.json
item,potion of water breathing,DMG,水下呼吸藥水,existing-site,data/zh-TW/items/fluff-items.json;data/zh-TW/items/items-005.json
item,purple worm poison,,紫蟲毒液,existing-site,data/zh-TW/items/items-005.json
item,purple worm poison,DMG,紫蟲毒液,existing-site,data/zh-TW/items/items-005.json
item,ring of free action,,自由行動戒指,existing-site,data/zh-TW/items/fluff-items.json;data/zh-TW/items/items-005.json
item,ring of free action,DMG,自由行動戒指,existing-site,data/zh-TW/items/fluff-items.json;data/zh-TW/items/items-005.json
item,ring of protection,,防護戒指,existing-site,data/zh-TW/items/fluff-items.json;data/zh-TW/items/items-005.json
item,ring of protection,DMG,防護戒指,existing-site,data/zh-TW/items/fluff-items.json;data/zh-TW/items/items-005.json
item,ring of water walking,,水上行走戒指,existing-site,data/zh-TW/items/fluff-items.json;data/zh-TW/items/items-005.json
item,ring of water walking,DMG,水上行走戒指,existing-site,data/zh-TW/items/fluff-items.json;data/zh-TW/items/items-005.json
item,robe of eyes,,百眼法袍,existing-site,data/zh-TW/items/fluff-items.json;data/zh-TW/items/items-005.json
item,robe of eyes,DMG,百眼法袍,existing-site,data/zh-TW/items/fluff-items.json;data/zh-TW/items/items-005.json
item,scimitar of speed,,急速彎刀,existing-site,data/zh-TW/items/fluff-items.json;data/zh-TW/items/items-006.json
item,scimitar of speed,DMG,急速彎刀,existing-site,data/zh-TW/items/fluff-items.json;data/zh-TW/items/items-006.json
item,scroll of protection,,守護卷軸,existing-site,data/zh-TW/items/fluff-items.json;data/zh-TW/items/item-groups.json;data/zh-TW/items/items-base.json
item,scroll of protection,DMG,守護卷軸,existing-site,data/zh-TW/items/fluff-items.json;data/zh-TW/items/item-groups.json;data/zh-TW/items/items-base.json
item,sovereign glue,,至尊膠,existing-site,data/zh-TW/items/fluff-items.json;data/zh-TW/items/items-006.json
item,sovereign glue,DMG,至尊膠,existing-site,data/zh-TW/items/fluff-items.json;data/zh-TW/items/items-006.json
item,spell gem,OotA,法術寶石,existing-site,data/zh-TW/items/item-groups.json
item,spell scroll,,法術卷軸,existing-site,data/zh-TW/items/fluff-items.json;data/zh-TW/items/item-groups.json
item,spell scroll,DMG,法術卷軸,existing-site,data/zh-TW/items/fluff-items.json;data/zh-TW/items/item-groups.json
item,stone of controlling earth elementals,,命令土元素石核,existing-site,data/zh-TW/items/fluff-items.json;data/zh-TW/items/items-007.json
item,stone of controlling earth elementals,DMG,命令土元素石核,existing-site,data/zh-TW/items/fluff-items.json;data/zh-TW/items/items-007.json
item,stonespeaker crystal,OotA,石語者水晶,existing-site,data/zh-TW/items/fluff-items.json;data/zh-TW/items/items-007.json
item,tentacle rod,,觸鬚權杖,existing-site,data/zh-TW/bestiary/bestiary-mpmm.json;data/zh-TW/bestiary/bestiary-mtf.json;data/zh-TW/items/fluff-items.json;data/zh-TW/items/items-007.json
item,tentacle rod,DMG,觸鬚權杖,existing-site,data/zh-TW/bestiary/bestiary-mpmm.json;data/zh-TW/bestiary/bestiary-mtf.json;data/zh-TW/items/fluff-items.json;data/zh-TW/items/items-007.json
item,wand of viscid globs,OotA,粘球魔杖,existing-site,data/zh-TW/items/items-007.json
name,Air,,氣,existing-site,data/zh-TW/character-options/races.json;data/zh-TW/items/items-005.json
name,Alchemist's Fire,,熾火膠,existing-site,data/zh-TW/items/items-000.json
name,Alustriel Silverhand,,艾拉斯卓·銀手,existing-site,data/zh-TW/bestiary/bestiary-veor.json;data/zh-TW/bestiary/fluff-bestiary-veor.json
name,Ambushers,,伏擊者,existing-site,data/zh-TW/bestiary/fluff-bestiary-vgm.json
name,Aquatic Troll,,水生巨魔,existing-site,data/zh-TW/bestiary/bestiary-rot.json
name,Asha Vandree,,阿莎·範德里,existing-site,data/zh-TW/bestiary/bestiary-oota.json
name,Baervan Wildwanderer,,貝爾凡·野遊者,existing-site,data/zh-TW/reference-pages/deities.json
name,Behir,,青足龍蛇,existing-site,data/zh-TW/bestiary/bestiary-mm.json;data/zh-TW/bestiary/bestiary-xmm.json;data/zh-TW/bestiary/fluff-bestiary-mm.json;data/zh-TW/bestiary/fluff-bestiary-xmm.json
name,Beholder,,眼魔,existing-site,data/zh-TW/bestiary/bestiary-mm.json;data/zh-TW/bestiary/bestiary-xmm.json;data/zh-TW/bestiary/fluff-bestiary-mm.json;data/zh-TW/bestiary/fluff-bestiary-xmm.json;data/zh-TW/bestiary/legendarygroups.json;data/zh-TW/craft-pages/fluff-homecrafts.json;data/zh-TW/craft-pages/homecrafts.json
name,Black Pudding,,黑布丁,existing-site,data/zh-TW/bestiary/bestiary-mm.json;data/zh-TW/bestiary/bestiary-xmm.json;data/zh-TW/bestiary/fluff-bestiary-mm.json;data/zh-TW/bestiary/fluff-bestiary-xmm.json;data/zh-TW/craft-pages/fluff-recipes.json;data/zh-TW/craft-pages/recipes.json
name,Blibdoolpoolp,,布里博杜普,existing-site,data/zh-TW/reference-pages/deities.json
name,Bugbears,,熊地精,existing-site,data/zh-TW/bestiary/fluff-bestiary-xmm.json
name,Buppido,,布皮多,existing-site,data/zh-TW/bestiary/bestiary-oota.json;data/zh-TW/bestiary/fluff-bestiary-oota.json
name,Callarduran Smoothhands,,卡勒杜蘭·滑手,existing-site,data/zh-TW/reference-pages/deities.json
name,Camouflage,,偽裝,existing-site,data/zh-TW/bestiary/bestiary-toa.json
name,Carrion Crawler,,食腐蟲,existing-site,data/zh-TW/bestiary/bestiary-mm.json;data/zh-TW/bestiary/bestiary-xmm.json;data/zh-TW/bestiary/fluff-bestiary-mm.json;data/zh-TW/bestiary/fluff-bestiary-xmm.json
name,Ceilings,,天花板,existing-site,data/zh-TW/craft-pages/fluff-vehicles.json
name,Circles,,圓形,existing-site,data/zh-TW/rules/variantrules.json
name,Components,,成分,existing-site,data/zh-TW/class/class-mystic.json;data/zh-TW/items/items-001.json;data/zh-TW/items/items-002.json;data/zh-TW/items/items-003.json;data/zh-TW/items/items-004.json;data/zh-TW/items/items-005.json;data/zh-TW/items/items-007.json;data/zh-TW/items/items-base.json;data/zh-TW/rules/variantrules.json
name,Corpse,,屍體,existing-site,data/zh-TW/items/items-001.json
name,Corpses,,屍體,existing-site,data/zh-TW/bestiary/bestiary-mpmm.json;data/zh-TW/bestiary/bestiary-mtf.json
name,Darkness,,黑暗術,existing-site,data/zh-TW/bestiary/legendarygroups.json;data/zh-TW/class/class-monk.json;data/zh-TW/psionics/psionics.json;data/zh-TW/rules/senses.json;data/zh-TW/rules/variantrules.json;data/zh-TW/spells/spells-phb.json;data/zh-TW/spells/spells-xphb.json
name,Death,,死亡,existing-site,data/zh-TW/spells/spells-phb.json;data/zh-TW/spells/spells-xphb.json
name,Death Tyrant,,亡眼暴君,existing-site,data/zh-TW/bestiary/bestiary-mm.json;data/zh-TW/bestiary/bestiary-xmm.json;data/zh-TW/bestiary/fluff-bestiary-mm.json;data/zh-TW/bestiary/fluff-bestiary-xmm.json;data/zh-TW/bestiary/legendarygroups.json
name,Deep Duerra,,深地·杜拉,existing-site,data/zh-TW/reference-pages/deities.json
name,Deepking Horgar Steelshadow V,,深王霍加·鋼影五世,existing-site,data/zh-TW/bestiary/bestiary-oota.json;data/zh-TW/bestiary/fluff-bestiary-oota.json
name,Demogorgon,,狄摩高根,existing-site,data/zh-TW/bestiary/bestiary-hftt.json;data/zh-TW/bestiary/bestiary-mpmm.json;data/zh-TW/bestiary/bestiary-mtf.json;data/zh-TW/bestiary/fluff-bestiary-hftt.json;data/zh-TW/bestiary/fluff-bestiary-mm.json;data/zh-TW/bestiary/fluff-bestiary-mpmm.json;data/zh-TW/bestiary/fluff-bestiary-mtf.json;data/zh-TW/bestiary/legendarygroups.json
name,Demons,,惡魔,existing-site,data/zh-TW/bestiary/fluff-bestiary-ggr.json;data/zh-TW/bestiary/fluff-bestiary-mm.json;data/zh-TW/bestiary/fluff-bestiary-ps-a.json
name,Difficult Terrain,,困難地形,existing-site,data/zh-TW/rules/variantrules.json
name,Doors,,門,existing-site,data/zh-TW/craft-pages/fluff-vehicles.json;data/zh-TW/spells/spells-phb.json;data/zh-TW/spells/spells-xphb.json
name,Drider,,蛛化卓爾,existing-site,data/zh-TW/bestiary/bestiary-mm.json;data/zh-TW/bestiary/bestiary-xmm.json;data/zh-TW/bestiary/fluff-bestiary-mm.json;data/zh-TW/bestiary/fluff-bestiary-xmm.json
name,Droki,,卓奇,existing-site,data/zh-TW/bestiary/bestiary-oota.json;data/zh-TW/bestiary/fluff-bestiary-oota.json
name,Drow Priestess of Lolth,,卓爾羅絲女祭司,existing-site,data/zh-TW/bestiary/bestiary-fraif.json;data/zh-TW/bestiary/bestiary-mm.json;data/zh-TW/bestiary/fluff-bestiary-fraif.json;data/zh-TW/bestiary/fluff-bestiary-mm.json
name,Duergar,,灰矮人,existing-site,data/zh-TW/bestiary/bestiary-mm.json;data/zh-TW/bestiary/fluff-bestiary-mm.json;data/zh-TW/bestiary/fluff-bestiary-mpmm.json;data/zh-TW/bestiary/fluff-bestiary-mtf.json;data/zh-TW/bestiary/fluff-bestiary-oota.json;data/zh-TW/character-options/fluff-races.json;data/zh-TW/character-options/races.json
name,Duergar Alchemist,,灰矮人鍊金術士,existing-site,data/zh-TW/bestiary/bestiary-oota.json
name,Duergar Spy,,灰矮人間諜,existing-site,data/zh-TW/bestiary/bestiary-tftyp.json;data/zh-TW/bestiary/fluff-bestiary-tftyp.json
name,Eldeth Feldrun,,艾爾德絲·費爾德倫,existing-site,data/zh-TW/bestiary/bestiary-oota.json;data/zh-TW/bestiary/fluff-bestiary-oota.json
name,Equipment,,裝備,existing-site,data/zh-TW/bestiary/bestiary-bgdia.json;data/zh-TW/bestiary/bestiary-wdh.json
name,Fallen Angels,,墮落天使,existing-site,data/zh-TW/bestiary/fluff-bestiary-erlw.json;data/zh-TW/bestiary/fluff-bestiary-mm.json
name,Falling,,墜落,existing-site,data/zh-TW/rules/variantrules.json
name,Fey Ancestry,,妖精血統,existing-site,data/zh-TW/bestiary/bestiary-ai.json;data/zh-TW/bestiary/bestiary-bam.json;data/zh-TW/bestiary/bestiary-cm.json;data/zh-TW/bestiary/bestiary-cos.json;data/zh-TW/bestiary/bestiary-crcotn.json;data/zh-TW/bestiary/bestiary-dsotdq.json;data/zh-TW/bestiary/bestiary-efa.json;data/zh-TW/bestiary/bestiary-egw.json;data/zh-TW/bestiary/bestiary-fraif.json;data/zh-TW/bestiary/bestiary-ggr.json;data/zh-TW/bestiary/bestiary-hat-tg.json;data/zh-TW/bestiary/bestiary-hotdq.json;data/zh-TW/bestiary/bestiary-llk.json;data/zh-TW/bestiary/bestiary-lmop.json;data/zh-TW/bestiary/bestiary-mabjov.json;data/zh-TW/bestiary/bestiary-mm.json;data/zh-TW/bestiary/bestiary-mpmm.json;data/zh-TW/bestiary/bestiary-mtf.json;data/zh-TW/bestiary/bestiary-pabtso.json;data/zh-TW/bestiary/bestiary-pota.json;data/zh-TW/bestiary/bestiary-rot.json;data/zh-TW/bestiary/bestiary-vgm.json;data/zh-TW/bestiary/bestiary-wbtw.json;data/zh-TW/bestiary/bestiary-wdh.json;data/zh-TW/character-options/races.json
name,Fire,,火焰,existing-site,data/zh-TW/character-options/races.json;data/zh-TW/items/items-005.json;data/zh-TW/rules/variantrules.json
name,Flumph,,呋嚕,existing-site,data/zh-TW/bestiary/bestiary-mm.json;data/zh-TW/bestiary/bestiary-xmm.json;data/zh-TW/bestiary/fluff-bestiary-mm.json;data/zh-TW/bestiary/fluff-bestiary-xmm.json
name,Foul Water,,腐化水源,existing-site,data/zh-TW/bestiary/legendarygroups.json
name,Fraz-Urb'luu,,弗拉茲厄魯,existing-site,data/zh-TW/bestiary/bestiary-mpmm.json;data/zh-TW/bestiary/bestiary-mtf.json;data/zh-TW/bestiary/fluff-bestiary-mpmm.json;data/zh-TW/bestiary/fluff-bestiary-mtf.json;data/zh-TW/bestiary/legendarygroups.json
name,Fungi,,真菌,existing-site,data/zh-TW/bestiary/fluff-bestiary-mm.json;data/zh-TW/bestiary/fluff-bestiary-xmm.json
name,Garl Glittergold,,加爾·閃金,existing-site,data/zh-TW/reference-pages/deities.json
name,Ghost,,幽魂,existing-site,data/zh-TW/bestiary/bestiary-mm.json;data/zh-TW/bestiary/bestiary-xmm.json;data/zh-TW/bestiary/fluff-bestiary-mm.json;data/zh-TW/bestiary/fluff-bestiary-xmm.json;data/zh-TW/rules/variantrules.json
name,Giant Spider,,巨蜘蛛,existing-site,data/zh-TW/bestiary/bestiary-mm.json;data/zh-TW/bestiary/bestiary-wtthc.json;data/zh-TW/bestiary/bestiary-xmm.json;data/zh-TW/bestiary/fluff-bestiary-mm.json;data/zh-TW/bestiary/fluff-bestiary-wtthc.json;data/zh-TW/bestiary/fluff-bestiary-xmm.json
name,Glyph of Warding,,守衛刻文,existing-site,data/zh-TW/spells/spells-phb.json;data/zh-TW/spells/spells-xphb.json
name,Gnome Cunning,,侏儒狡黠,existing-site,data/zh-TW/bestiary/bestiary-coa.json;data/zh-TW/bestiary/bestiary-dip.json;data/zh-TW/bestiary/bestiary-hotdq.json;data/zh-TW/bestiary/bestiary-idrotf.json;data/zh-TW/bestiary/bestiary-mabjov.json;data/zh-TW/bestiary/bestiary-mm.json;data/zh-TW/bestiary/bestiary-oota.json;data/zh-TW/bestiary/bestiary-wdh.json;data/zh-TW/character-options/races.json
name,Goals,,目標,existing-site,data/zh-TW/rules/variantrules.json
name,Goblins,,地精,existing-site,data/zh-TW/bestiary/fluff-bestiary-xmm.json
name,Grackle-Lung,,格萊克肺,existing-site,data/zh-TW/rules/conditionsdiseases.json
name,Gray Ooze,,灰泥怪,existing-site,data/zh-TW/bestiary/bestiary-mm.json;data/zh-TW/bestiary/bestiary-xmm.json;data/zh-TW/bestiary/fluff-bestiary-mm.json;data/zh-TW/bestiary/fluff-bestiary-xmm.json
name,Graz'zt,,格拉茲特,existing-site,data/zh-TW/bestiary/bestiary-mpmm.json;data/zh-TW/bestiary/bestiary-mtf.json;data/zh-TW/bestiary/fluff-bestiary-mm.json;data/zh-TW/bestiary/fluff-bestiary-mpmm.json;data/zh-TW/bestiary/fluff-bestiary-mtf.json;data/zh-TW/bestiary/legendarygroups.json
name,Green Hag,,綠鬼婆,existing-site,data/zh-TW/bestiary/bestiary-mm.json;data/zh-TW/bestiary/bestiary-xmm.json;data/zh-TW/bestiary/fluff-bestiary-mm.json;data/zh-TW/bestiary/fluff-bestiary-xmm.json;data/zh-TW/bestiary/legendarygroups.json
name,Grell,,觸鬚怪,existing-site,data/zh-TW/bestiary/bestiary-mm.json;data/zh-TW/bestiary/bestiary-xmm.json;data/zh-TW/bestiary/fluff-bestiary-mm.json;data/zh-TW/bestiary/fluff-bestiary-xmm.json;data/zh-TW/reference-pages/languages.json
name,Gricks,,穴居攫怪們,existing-site,data/zh-TW/bestiary/fluff-bestiary-xmm.json
name,Guards and Wards,,銅牆鐵壁,existing-site,data/zh-TW/spells/spells-phb.json;data/zh-TW/spells/spells-xphb.json
name,Hanne Hallen,,漢娜·哈倫,existing-site,data/zh-TW/bestiary/bestiary-oota.json
name,Illumination,,照明,existing-site,data/zh-TW/bestiary/bestiary-bam.json;data/zh-TW/bestiary/bestiary-bgg.json;data/zh-TW/bestiary/bestiary-egw.json;data/zh-TW/bestiary/bestiary-erlw.json;data/zh-TW/bestiary/bestiary-ggr.json;data/zh-TW/bestiary/bestiary-jttrc.json;data/zh-TW/bestiary/bestiary-lox.json;data/zh-TW/bestiary/bestiary-mcv3mc.json;data/zh-TW/bestiary/bestiary-mm.json;data/zh-TW/bestiary/bestiary-mpmm.json;data/zh-TW/bestiary/bestiary-mpp.json;data/zh-TW/bestiary/bestiary-mtf.json;data/zh-TW/bestiary/bestiary-pota.json;data/zh-TW/bestiary/bestiary-skt.json;data/zh-TW/bestiary/bestiary-veor.json;data/zh-TW/bestiary/bestiary-vgm.json;data/zh-TW/bestiary/bestiary-xmm.json;data/zh-TW/items/items-000.json;data/zh-TW/rules/variantrules.json
name,Ilvara Mizzrym,,伊爾瓦拉·米茲瑞姆,existing-site,data/zh-TW/bestiary/bestiary-oota.json;data/zh-TW/bestiary/fluff-bestiary-oota.json
name,Innate Spellcasting,,天生施法,existing-site,data/zh-TW/bestiary/bestiary-ai.json;data/zh-TW/bestiary/bestiary-aitfr-isf.json;data/zh-TW/bestiary/bestiary-aitfr-thp.json;data/zh-TW/bestiary/bestiary-awm.json;data/zh-TW/bestiary/bestiary-bgdia.json;data/zh-TW/bestiary/bestiary-cos.json;data/zh-TW/bestiary/bestiary-dip.json;data/zh-TW/bestiary/bestiary-egw.json;data/zh-TW/bestiary/bestiary-erlw.json;data/zh-TW/bestiary/bestiary-ggr.json;data/zh-TW/bestiary/bestiary-gos.json;data/zh-TW/bestiary/bestiary-hotdq.json;data/zh-TW/bestiary/bestiary-idrotf.json;data/zh-TW/bestiary/bestiary-imr.json;data/zh-TW/bestiary/bestiary-lmop.json;data/zh-TW/bestiary/bestiary-lr.json;data/zh-TW/bestiary/bestiary-mabjov.json;data/zh-TW/bestiary/bestiary-mff.json;data/zh-TW/bestiary/bestiary-mgelft.json;data/zh-TW/bestiary/bestiary-mm.json;data/zh-TW/bestiary/bestiary-mot.json;data/zh-TW/bestiary/bestiary-mtf.json;data/zh-TW/bestiary/bestiary-oota.json;data/zh-TW/bestiary/bestiary-pota.json;data/zh-TW/bestiary/bestiary-ps-z.json;data/zh-TW/bestiary/bestiary-rot.json;data/zh-TW/bestiary/bestiary-rtg.json;data/zh-TW/bestiary/bestiary-sdw.json;data/zh-TW/bestiary/bestiary-skt.json;data/zh-TW/bestiary/bestiary-tftyp.json;data/zh-TW/bestiary/bestiary-toa.json;data/zh-TW/bestiary/bestiary-ttp.json;data/zh-TW/bestiary/bestiary-vgm.json;data/zh-TW/bestiary/bestiary-vrgr.json;data/zh-TW/bestiary/bestiary-wbtw.json;data/zh-TW/bestiary/bestiary-wdh.json;data/zh-TW/bestiary/bestiary-wdmm.json;data/zh-TW/character-options/races.json;data/zh-TW/reference-pages/rewards.json
name,Jarlaxle Baenre,,賈拉索·班瑞,existing-site,data/zh-TW/bestiary/bestiary-wdh.json;data/zh-TW/bestiary/fluff-bestiary-wdh.json
name,Javelin,,標槍,existing-site,data/zh-TW/bestiary/bestiary-bam.json;data/zh-TW/bestiary/bestiary-bgdia.json;data/zh-TW/bestiary/bestiary-dsotdq.json;data/zh-TW/bestiary/bestiary-efa.json;data/zh-TW/bestiary/bestiary-erlw.json;data/zh-TW/bestiary/bestiary-fraif.json;data/zh-TW/bestiary/bestiary-ggr.json;data/zh-TW/bestiary/bestiary-idrotf.json;data/zh-TW/bestiary/bestiary-mabjov.json;data/zh-TW/bestiary/bestiary-mm.json;data/zh-TW/bestiary/bestiary-mpmm.json;data/zh-TW/bestiary/bestiary-mtf.json;data/zh-TW/bestiary/bestiary-oota.json;data/zh-TW/bestiary/bestiary-pota.json;data/zh-TW/bestiary/bestiary-skt.json;data/zh-TW/bestiary/bestiary-tftyp.json;data/zh-TW/bestiary/bestiary-toa.json;data/zh-TW/bestiary/bestiary-veor.json;data/zh-TW/bestiary/bestiary-vgm.json;data/zh-TW/bestiary/bestiary-xmm.json;data/zh-TW/items/fluff-items.json;data/zh-TW/items/items-base.json
name,Jimjar,,吉姆賈爾,existing-site,data/zh-TW/bestiary/bestiary-oota.json;data/zh-TW/bestiary/fluff-bestiary-oota.json
name,Juiblex,,朱庇萊克斯,existing-site,data/zh-TW/bestiary/bestiary-mpmm.json;data/zh-TW/bestiary/bestiary-mtf.json;data/zh-TW/bestiary/fluff-bestiary-mm.json;data/zh-TW/bestiary/fluff-bestiary-mpmm.json;data/zh-TW/bestiary/fluff-bestiary-mtf.json;data/zh-TW/bestiary/legendarygroups.json
name,Khalessa Draga,,卡萊莎·德拉加,existing-site,data/zh-TW/bestiary/bestiary-oota.json;data/zh-TW/bestiary/fluff-bestiary-oota.json
name,Kuo-toa,,寇濤,existing-site,data/zh-TW/bestiary/bestiary-mm.json;data/zh-TW/bestiary/bestiary-xmm.json;data/zh-TW/bestiary/fluff-bestiary-mm.json;data/zh-TW/bestiary/fluff-bestiary-xmm.json;data/zh-TW/character-options/races.json
name,Laduguer,,拉杜格,existing-site,data/zh-TW/reference-pages/deities.json
name,Language,,語言,existing-site,data/zh-TW/character-options/races.json
name,Laogzed,,勞格茲德,existing-site,data/zh-TW/reference-pages/deities.json
name,Lolth,,羅絲,existing-site,data/zh-TW/bestiary/fluff-bestiary-mm.json;data/zh-TW/reference-pages/deities.json
name,Loyalty,,忠誠,existing-site,data/zh-TW/class/class-paladin.json;data/zh-TW/rules/generated/gendata-variantrules.json;data/zh-TW/rules/variantrules.json
name,Madness,,瘋狂,existing-site,data/zh-TW/bestiary/fluff-bestiary-mabjov.json;data/zh-TW/rules/variantrules.json
name,Manes,,原魔,existing-site,data/zh-TW/bestiary/bestiary-mm.json;data/zh-TW/bestiary/bestiary-xmm.json;data/zh-TW/bestiary/fluff-bestiary-mm.json;data/zh-TW/bestiary/fluff-bestiary-xmm.json
name,Merrow,,邁羅人魚,existing-site,data/zh-TW/bestiary/bestiary-mm.json;data/zh-TW/bestiary/bestiary-xmm.json;data/zh-TW/bestiary/fluff-bestiary-lfl.json;data/zh-TW/bestiary/fluff-bestiary-mm.json;data/zh-TW/bestiary/fluff-bestiary-xmm.json
name,Mimic,,擬身怪,existing-site,data/zh-TW/bestiary/bestiary-mm.json;data/zh-TW/bestiary/bestiary-xmm.json;data/zh-TW/bestiary/fluff-bestiary-mm.json;data/zh-TW/bestiary/fluff-bestiary-xmm.json
name,Monodrone,,單元冢,existing-site,data/zh-TW/bestiary/bestiary-mm.json;data/zh-TW/bestiary/fluff-bestiary-mm.json
name,Multiattack,,多重攻擊,existing-site,data/zh-TW/bestiary/bestiary-aatm.json;data/zh-TW/bestiary/bestiary-abh.json;data/zh-TW/bestiary/bestiary-ai.json;data/zh-TW/bestiary/bestiary-aitfr-dn.json;data/zh-TW/bestiary/bestiary-aitfr-fcd.json;data/zh-TW/bestiary/bestiary-aitfr-isf.json;data/zh-TW/bestiary/bestiary-aitfr-thp.json;data/zh-TW/bestiary/bestiary-awm.json;data/zh-TW/bestiary/bestiary-bam.json;data/zh-TW/bestiary/bestiary-bgdia.json;data/zh-TW/bestiary/bestiary-bgg.json;data/zh-TW/bestiary/bestiary-bmt.json;data/zh-TW/bestiary/bestiary-cm.json;data/zh-TW/bestiary/bestiary-coa.json;data/zh-TW/bestiary/bestiary-cos.json;data/zh-TW/bestiary/bestiary-crcotn.json;data/zh-TW/bestiary/bestiary-dip.json;data/zh-TW/bestiary/bestiary-ditlcot.json;data/zh-TW/bestiary/bestiary-dod.json;data/zh-TW/bestiary/bestiary-dosi.json;data/zh-TW/bestiary/bestiary-dsotdq.json;data/zh-TW/bestiary/bestiary-efa.json;data/zh-TW/bestiary/bestiary-egw.json;data/zh-TW/bestiary/bestiary-erlw.json;data/zh-TW/bestiary/bestiary-fraif.json;data/zh-TW/bestiary/bestiary-ftd.json;data/zh-TW/bestiary/bestiary-ggr.json;data/zh-TW/bestiary/bestiary-gos.json;data/zh-TW/bestiary/bestiary-hat-tg.json;data/zh-TW/bestiary/bestiary-hftt.json;data/zh-TW/bestiary/bestiary-hotb.json;data/zh-TW/bestiary/bestiary-hotdq.json;data/zh-TW/bestiary/bestiary-idrotf.json;data/zh-TW/bestiary/bestiary-imr.json;data/zh-TW/bestiary/bestiary-jttrc.json;data/zh-TW/bestiary/bestiary-kftgv.json;data/zh-TW/bestiary/bestiary-kkw.json;data/zh-TW/bestiary/bestiary-lfl.json;data/zh-TW/bestiary/bestiary-llk.json;data/zh-TW/bestiary/bestiary-lmop.json;data/zh-TW/bestiary/bestiary-lox.json;data/zh-TW/bestiary/bestiary-lr.json;data/zh-TW/bestiary/bestiary-lrdt.json;data/zh-TW/bestiary/bestiary-mabjov.json;data/zh-TW/bestiary/bestiary-mcv1sc.json;data/zh-TW/bestiary/bestiary-mcv2dc.json;data/zh-TW/bestiary/bestiary-mcv3mc.json;data/zh-TW/bestiary/bestiary-mcv4ec.json;data/zh-TW/bestiary/bestiary-mff.json;data/zh-TW/bestiary/bestiary-mismv1.json;data/zh-TW/bestiary/bestiary-mm.json;data/zh-TW/bestiary/bestiary-mot.json;data/zh-TW/bestiary/bestiary-mpmm.json;data/zh-TW/bestiary/bestiary-mpp.json;data/zh-TW/bestiary/bestiary-mtf.json;data/zh-TW/bestiary/bestiary-nf.json;data/zh-TW/bestiary/bestiary-nrh-at.json;data/zh-TW/bestiary/bestiary-oota.json;data/zh-TW/bestiary/bestiary-pabtso.json;data/zh-TW/bestiary/bestiary-pota.json;data/zh-TW/bestiary/bestiary-ps-a.json;data/zh-TW/bestiary/bestiary-ps-d.json;data/zh-TW/bestiary/bestiary-ps-i.json;data/zh-TW/bestiary/bestiary-ps-x.json;data/zh-TW/bestiary/bestiary-ps-z.json;data/zh-TW/bestiary/bestiary-qftis.json;data/zh-TW/bestiary/bestiary-rhw.json;data/zh-TW/bestiary/bestiary-rot.json;data/zh-TW/bestiary/bestiary-rtg.json;data/zh-TW/bestiary/bestiary-sads.json;data/zh-TW/bestiary/bestiary-scc.json;data/zh-TW/bestiary/bestiary-sdw.json;data/zh-TW/bestiary/bestiary-skt.json;data/zh-TW/bestiary/bestiary-slw.json;data/zh-TW/bestiary/bestiary-tce.json;data/zh-TW/bestiary/bestiary-tftyp.json;data/zh-TW/bestiary/bestiary-toa.json;data/zh-TW/bestiary/bestiary-ttp.json;data/zh-TW/bestiary/bestiary-vd.json;data/zh-TW/bestiary/bestiary-veor.json;data/zh-TW/bestiary/bestiary-vgm.json;data/zh-TW/bestiary/bestiary-vrgr.json;data/zh-TW/bestiary/bestiary-wbtw.json;data/zh-TW/bestiary/bestiary-wdh.json;data/zh-TW/bestiary/bestiary-wdmm.json;data/zh-TW/bestiary/bestiary-wtthc.json;data/zh-TW/bestiary/bestiary-xdmg.json;data/zh-TW/bestiary/bestiary-xmm.json;data/zh-TW/bestiary/bestiary-xphb.json;data/zh-TW/bestiary/fluff-bestiary-mm.json;data/zh-TW/class/class-ranger.json;data/zh-TW/craft-pages/vehicles.json
name,Myconids,,蕈人,existing-site,data/zh-TW/bestiary/fluff-bestiary-xmm.json
name,Noticing Threats,,發覺威脅,existing-site,data/zh-TW/rules/variantrules.json
name,Ochre Jelly,,赭果凍,existing-site,data/zh-TW/bestiary/bestiary-mm.json;data/zh-TW/bestiary/bestiary-xmm.json;data/zh-TW/bestiary/fluff-bestiary-mm.json;data/zh-TW/bestiary/fluff-bestiary-xmm.json
name,Oozes,,泥怪,existing-site,data/zh-TW/bestiary/fluff-bestiary-mm.json
name,Outcasts,,邊緣棄兒,existing-site,data/zh-TW/bestiary/fluff-bestiary-cos.json
name,Peebles,,皮布林斯,existing-site,data/zh-TW/bestiary/bestiary-oota.json;data/zh-TW/bestiary/fluff-bestiary-oota.json
name,Prince Derendil,,德倫迪爾王子,existing-site,data/zh-TW/bestiary/bestiary-oota.json;data/zh-TW/bestiary/fluff-bestiary-oota.json
name,Purple Worm,,紫蟲,existing-site,data/zh-TW/bestiary/bestiary-mm.json;data/zh-TW/bestiary/bestiary-xmm.json;data/zh-TW/bestiary/fluff-bestiary-mm.json;data/zh-TW/bestiary/fluff-bestiary-xmm.json
name,Quaggoths,,幽邃熊怪們,existing-site,data/zh-TW/bestiary/fluff-bestiary-xmm.json
name,Quenthel Baenre,,奎恩瑟·班瑞,existing-site,data/zh-TW/bestiary/bestiary-oota.json
name,Random Encounters,,隨機遭遇,existing-site,data/zh-TW/rules/variantrules.json
name,Regeneration,,復生,existing-site,data/zh-TW/bestiary/bestiary-bgdia.json;data/zh-TW/bestiary/bestiary-bgg.json;data/zh-TW/bestiary/bestiary-bmt.json;data/zh-TW/bestiary/bestiary-cm.json;data/zh-TW/bestiary/bestiary-coa.json;data/zh-TW/bestiary/bestiary-cos.json;data/zh-TW/bestiary/bestiary-crcotn.json;data/zh-TW/bestiary/bestiary-erlw.json;data/zh-TW/bestiary/bestiary-fraif.json;data/zh-TW/bestiary/bestiary-ftd.json;data/zh-TW/bestiary/bestiary-ggr.json;data/zh-TW/bestiary/bestiary-hftt.json;data/zh-TW/bestiary/bestiary-hotdq.json;data/zh-TW/bestiary/bestiary-idrotf.json;data/zh-TW/bestiary/bestiary-imr.json;data/zh-TW/bestiary/bestiary-jttrc.json;data/zh-TW/bestiary/bestiary-mabjov.json;data/zh-TW/bestiary/bestiary-mcv4ec.json;data/zh-TW/bestiary/bestiary-mm.json;data/zh-TW/bestiary/bestiary-mot.json;data/zh-TW/bestiary/bestiary-mpmm.json;data/zh-TW/bestiary/bestiary-mtf.json;data/zh-TW/bestiary/bestiary-ps-i.json;data/zh-TW/bestiary/bestiary-qftis.json;data/zh-TW/bestiary/bestiary-rhw.json;data/zh-TW/bestiary/bestiary-rot.json;data/zh-TW/bestiary/bestiary-rtg.json;data/zh-TW/bestiary/bestiary-scc.json;data/zh-TW/bestiary/bestiary-sdw.json;data/zh-TW/bestiary/bestiary-tce.json;data/zh-TW/bestiary/bestiary-tftyp.json;data/zh-TW/bestiary/bestiary-toa.json;data/zh-TW/bestiary/bestiary-veor.json;data/zh-TW/bestiary/bestiary-vgm.json;data/zh-TW/bestiary/bestiary-vrgr.json;data/zh-TW/bestiary/bestiary-wbtw.json;data/zh-TW/bestiary/bestiary-wdmm.json;data/zh-TW/bestiary/bestiary-wtthc.json;data/zh-TW/bestiary/bestiary-xmm.json;data/zh-TW/bestiary/fluff-bestiary-mm.json;data/zh-TW/class/class-paladin.json;data/zh-TW/items/item-groups.json
name,Religion,,宗教,existing-site,data/zh-TW/rules/skills.json
name,Rihuud,,裡胡德,existing-site,data/zh-TW/bestiary/bestiary-oota.json
name,Roleplaying Droki,,扮演德羅基,existing-site,data/zh-TW/bestiary/fluff-bestiary-oota.json
name,Ront,,榮特,existing-site,data/zh-TW/bestiary/bestiary-oota.json;data/zh-TW/bestiary/fluff-bestiary-oota.json
name,Rumor Mill,,謠言工廠,existing-site,data/zh-TW/items/items-006.json
name,Rumpadump,,蘭帕丹普,existing-site,data/zh-TW/bestiary/bestiary-oota.json;data/zh-TW/bestiary/fluff-bestiary-oota.json
name,Sarith Kzekarit,,薩里斯·克澤卡里特,existing-site,data/zh-TW/bestiary/bestiary-oota.json;data/zh-TW/bestiary/fluff-bestiary-oota.json
name,Scouts,,斥候們,existing-site,data/zh-TW/bestiary/fluff-bestiary-xmm.json
name,Shadow Demon,,幽影惡魔,existing-site,data/zh-TW/bestiary/bestiary-mm.json;data/zh-TW/bestiary/bestiary-xmm.json;data/zh-TW/bestiary/fluff-bestiary-mm.json;data/zh-TW/bestiary/fluff-bestiary-xmm.json
name,Shedrak of the Eyes,,眼睛之沙德拉克,existing-site,data/zh-TW/bestiary/bestiary-oota.json;data/zh-TW/bestiary/fluff-bestiary-oota.json
name,Shrieker,,尖叫菌,existing-site,data/zh-TW/bestiary/bestiary-mm.json;data/zh-TW/bestiary/fluff-bestiary-mm.json
name,Shuushar the Awakened,,覺醒者舒沙爾,existing-site,data/zh-TW/bestiary/bestiary-oota.json;data/zh-TW/bestiary/fluff-bestiary-oota.json
name,Skoraeus Stonebones,,司寇雷烏斯·巖骨,existing-site,data/zh-TW/reference-pages/deities.json
name,Sound,,聲音,existing-site,data/zh-TW/spells/spells-xphb.json
name,Sovereign Basidia,,君主巴斯狄亞,existing-site,data/zh-TW/bestiary/bestiary-oota.json;data/zh-TW/bestiary/fluff-bestiary-oota.json
name,Spawn of Yeenoghu,,耶諾古衍體,existing-site,data/zh-TW/bestiary/fluff-bestiary-vgm.json
name,Spectator,,觀察者眼魔,existing-site,data/zh-TW/bestiary/bestiary-mm.json;data/zh-TW/bestiary/bestiary-xmm.json;data/zh-TW/bestiary/fluff-bestiary-mm.json;data/zh-TW/bestiary/fluff-bestiary-xmm.json
name,Spellcasting,,施法,existing-site,data/zh-TW/bestiary/bestiary-aatm.json;data/zh-TW/bestiary/bestiary-abh.json;data/zh-TW/bestiary/bestiary-ai.json;data/zh-TW/bestiary/bestiary-aitfr-fcd.json;data/zh-TW/bestiary/bestiary-aitfr-isf.json;data/zh-TW/bestiary/bestiary-aitfr-thp.json;data/zh-TW/bestiary/bestiary-bam.json;data/zh-TW/bestiary/bestiary-bgdia.json;data/zh-TW/bestiary/bestiary-bgg.json;data/zh-TW/bestiary/bestiary-bmt.json;data/zh-TW/bestiary/bestiary-cm.json;data/zh-TW/bestiary/bestiary-coa.json;data/zh-TW/bestiary/bestiary-cos.json;data/zh-TW/bestiary/bestiary-crcotn.json;data/zh-TW/bestiary/bestiary-dip.json;data/zh-TW/bestiary/bestiary-dod.json;data/zh-TW/bestiary/bestiary-dsotdq.json;data/zh-TW/bestiary/bestiary-efa.json;data/zh-TW/bestiary/bestiary-egw.json;data/zh-TW/bestiary/bestiary-erlw.json;data/zh-TW/bestiary/bestiary-fraif.json;data/zh-TW/bestiary/bestiary-ftd.json;data/zh-TW/bestiary/bestiary-ggr.json;data/zh-TW/bestiary/bestiary-gos.json;data/zh-TW/bestiary/bestiary-hat-tg.json;data/zh-TW/bestiary/bestiary-hftt.json;data/zh-TW/bestiary/bestiary-hol.json;data/zh-TW/bestiary/bestiary-hotdq.json;data/zh-TW/bestiary/bestiary-idrotf.json;data/zh-TW/bestiary/bestiary-imr.json;data/zh-TW/bestiary/bestiary-jttrc.json;data/zh-TW/bestiary/bestiary-kftgv.json;data/zh-TW/bestiary/bestiary-lfl.json;data/zh-TW/bestiary/bestiary-llk.json;data/zh-TW/bestiary/bestiary-lmop.json;data/zh-TW/bestiary/bestiary-lox.json;data/zh-TW/bestiary/bestiary-lr.json;data/zh-TW/bestiary/bestiary-lrdt.json;data/zh-TW/bestiary/bestiary-mabjov.json;data/zh-TW/bestiary/bestiary-mcv1sc.json;data/zh-TW/bestiary/bestiary-mcv2dc.json;data/zh-TW/bestiary/bestiary-mcv4ec.json;data/zh-TW/bestiary/bestiary-mismv1.json;data/zh-TW/bestiary/bestiary-mm.json;data/zh-TW/bestiary/bestiary-mot.json;data/zh-TW/bestiary/bestiary-mpmm.json;data/zh-TW/bestiary/bestiary-mpp.json;data/zh-TW/bestiary/bestiary-mtf.json;data/zh-TW/bestiary/bestiary-nf.json;data/zh-TW/bestiary/bestiary-oota.json;data/zh-TW/bestiary/bestiary-pabtso.json;data/zh-TW/bestiary/bestiary-pota.json;data/zh-TW/bestiary/bestiary-ps-i.json;data/zh-TW/bestiary/bestiary-qftis.json;data/zh-TW/bestiary/bestiary-rhw.json;data/zh-TW/bestiary/bestiary-rot.json;data/zh-TW/bestiary/bestiary-rtg.json;data/zh-TW/bestiary/bestiary-scc.json;data/zh-TW/bestiary/bestiary-sdw.json;data/zh-TW/bestiary/bestiary-skt.json;data/zh-TW/bestiary/bestiary-tftyp.json;data/zh-TW/bestiary/bestiary-toa.json;data/zh-TW/bestiary/bestiary-vd.json;data/zh-TW/bestiary/bestiary-veor.json;data/zh-TW/bestiary/bestiary-vgm.json;data/zh-TW/bestiary/bestiary-wbtw.json;data/zh-TW/bestiary/bestiary-wdh.json;data/zh-TW/bestiary/bestiary-wdmm.json;data/zh-TW/bestiary/bestiary-xmm.json;data/zh-TW/bestiary/fluff-bestiary-idrotf.json;data/zh-TW/class/class-artificer.json;data/zh-TW/class/class-bard.json;data/zh-TW/class/class-cleric.json;data/zh-TW/class/class-druid.json;data/zh-TW/class/class-fighter.json;data/zh-TW/class/class-paladin.json;data/zh-TW/class/class-ranger.json;data/zh-TW/class/class-rogue.json;data/zh-TW/class/class-sidekick.json;data/zh-TW/class/class-sorcerer.json;data/zh-TW/class/class-wizard.json;data/zh-TW/items/item-groups.json;data/zh-TW/items/items-002.json;data/zh-TW/items/items-003.json;data/zh-TW/items/items-004.json;data/zh-TW/items/items-005.json;data/zh-TW/items/items-006.json;data/zh-TW/items/magicvariants.json;data/zh-TW/rules/generated/gendata-variantrules.json;data/zh-TW/rules/variantrules.json
name,Stairs,,樓梯,existing-site,data/zh-TW/spells/spells-phb.json;data/zh-TW/spells/spells-xphb.json
name,Stench,,惡臭,existing-site,data/zh-TW/bestiary/bestiary-bgg.json;data/zh-TW/bestiary/bestiary-egw.json;data/zh-TW/bestiary/bestiary-mabjov.json;data/zh-TW/bestiary/bestiary-mm.json;data/zh-TW/bestiary/bestiary-mpmm.json;data/zh-TW/bestiary/bestiary-oota.json;data/zh-TW/bestiary/bestiary-tftyp.json;data/zh-TW/bestiary/bestiary-vgm.json;data/zh-TW/bestiary/bestiary-xmm.json;data/zh-TW/character-options/races.json
name,Stirges,,蚊蝠們,existing-site,data/zh-TW/bestiary/fluff-bestiary-xmm.json
name,Stone Camouflage,,巖地偽裝,existing-site,data/zh-TW/bestiary/bestiary-ggr.json;data/zh-TW/bestiary/bestiary-mm.json;data/zh-TW/bestiary/bestiary-mpmm.json;data/zh-TW/bestiary/bestiary-oota.json;data/zh-TW/bestiary/bestiary-skt.json;data/zh-TW/bestiary/bestiary-vgm.json;data/zh-TW/character-options/races.json
name,Stool,,圓凳,existing-site,data/zh-TW/bestiary/bestiary-oota.json;data/zh-TW/bestiary/fluff-bestiary-oota.json
name,Sunlight Sensitivity,,日照敏感,existing-site,data/zh-TW/bestiary/bestiary-ai.json;data/zh-TW/bestiary/bestiary-aitfr-dn.json;data/zh-TW/bestiary/bestiary-aitfr-thp.json;data/zh-TW/bestiary/bestiary-crcotn.json;data/zh-TW/bestiary/bestiary-ditlcot.json;data/zh-TW/bestiary/bestiary-dosi.json;data/zh-TW/bestiary/bestiary-efa.json;data/zh-TW/bestiary/bestiary-egw.json;data/zh-TW/bestiary/bestiary-fraif.json;data/zh-TW/bestiary/bestiary-ggr.json;data/zh-TW/bestiary/bestiary-hotb.json;data/zh-TW/bestiary/bestiary-idrotf.json;data/zh-TW/bestiary/bestiary-lmop.json;data/zh-TW/bestiary/bestiary-mabjov.json;data/zh-TW/bestiary/bestiary-mcv3mc.json;data/zh-TW/bestiary/bestiary-mgelft.json;data/zh-TW/bestiary/bestiary-mm.json;data/zh-TW/bestiary/bestiary-mpmm.json;data/zh-TW/bestiary/bestiary-mtf.json;data/zh-TW/bestiary/bestiary-oota.json;data/zh-TW/bestiary/bestiary-pabtso.json;data/zh-TW/bestiary/bestiary-ps-x.json;data/zh-TW/bestiary/bestiary-qftis.json;data/zh-TW/bestiary/bestiary-rhw.json;data/zh-TW/bestiary/bestiary-rot.json;data/zh-TW/bestiary/bestiary-tftyp.json;data/zh-TW/bestiary/bestiary-toa.json;data/zh-TW/bestiary/bestiary-vgm.json;data/zh-TW/bestiary/bestiary-vrgr.json;data/zh-TW/bestiary/bestiary-wdh.json;data/zh-TW/bestiary/bestiary-wdmm.json;data/zh-TW/bestiary/bestiary-xmm.json;data/zh-TW/bestiary/fluff-bestiary-mm.json;data/zh-TW/character-options/races.json
name,Surprise,,出其不意,existing-site,data/zh-TW/rules/conditionsdiseases.json
name,Swarm of Quippers,,食人魚群,existing-site,data/zh-TW/bestiary/bestiary-mm.json;data/zh-TW/bestiary/fluff-bestiary-mm.json
name,Swimming,,游泳,existing-site,data/zh-TW/character-options/races.json;data/zh-TW/psionics/psionics.json;data/zh-TW/rules/variantrules.json
name,Sword,,劍,existing-site,data/zh-TW/bestiary/bestiary-mm.json;data/zh-TW/bestiary/bestiary-mot.json;data/zh-TW/bestiary/bestiary-ps-z.json
name,Tethyrian,,泰瑟爾人,existing-site,data/zh-TW/character-options/fluff-races.json
name,The Emerald Enclave,,翠綠閒庭,existing-site,data/zh-TW/character-options/fluff-backgrounds.json
name,The Harpers,,豎琴手聯盟,existing-site,data/zh-TW/character-options/fluff-backgrounds.json
name,The Lords' Alliance,,領主聯盟,existing-site,data/zh-TW/character-options/fluff-backgrounds.json
name,The Order of the Gauntlet,,鐵手套教團,existing-site,data/zh-TW/character-options/fluff-backgrounds.json
name,The Pudding King,,布丁王,existing-site,data/zh-TW/bestiary/bestiary-oota.json;data/zh-TW/bestiary/fluff-bestiary-oota.json
name,The Zhentarim,,散塔林會,existing-site,data/zh-TW/character-options/fluff-backgrounds.json
name,Themberchaud,,瑟姆貝爾喬德,existing-site,data/zh-TW/bestiary/bestiary-oota.json;data/zh-TW/bestiary/fluff-bestiary-oota.json
name,Trap,,陷阱,existing-site,data/zh-TW/bestiary/legendarygroups.json
name,Traps,,陷阱,existing-site,data/zh-TW/bestiary/legendarygroups.json
name,Travel Pace,,旅行步調,existing-site,data/zh-TW/rules/variantrules.json
name,Treasure,,寶藏,existing-site,data/zh-TW/bestiary/fluff-bestiary-wdh.json;data/zh-TW/items/items-base.json
name,Trolls,,巨魔,existing-site,data/zh-TW/bestiary/fluff-bestiary-bgg.json;data/zh-TW/bestiary/fluff-bestiary-mpmm.json;data/zh-TW/bestiary/fluff-bestiary-mtf.json
name,Tyr,,提爾,existing-site,data/zh-TW/reference-pages/deities.json
name,Undercommon,,地底通用語,existing-site,data/zh-TW/reference-pages/fluff-languages.json;data/zh-TW/reference-pages/languages.json
name,Underdark,,幽暗地域,existing-site,data/zh-TW/class/class-druid.json
name,Unexpected Allies,,意外盟友,existing-site,data/zh-TW/bestiary/fluff-bestiary-coa.json
name,Vizeran DeVir,,維茲蘭·迪威爾,existing-site,data/zh-TW/bestiary/bestiary-oota.json;data/zh-TW/bestiary/fluff-bestiary-oota.json
name,Wand of Orcus,,奧喀斯之杖,existing-site,data/zh-TW/bestiary/bestiary-mpmm.json;data/zh-TW/bestiary/bestiary-mtf.json;data/zh-TW/items/fluff-items.json;data/zh-TW/items/items-007.json
name,Water,,水,existing-site,data/zh-TW/character-options/races.json;data/zh-TW/items/items-005.json
name,Water Weird,,水詭,existing-site,data/zh-TW/bestiary/bestiary-mm.json;data/zh-TW/bestiary/bestiary-xmm.json;data/zh-TW/bestiary/fluff-bestiary-mm.json;data/zh-TW/bestiary/fluff-bestiary-xmm.json
name,Whirlpool,,漩渦,existing-site,data/zh-TW/bestiary/bestiary-fraif.json;data/zh-TW/spells/spells-phb.json;data/zh-TW/spells/spells-xphb.json
name,Xazax the Eyemonger,,眼商札札克斯,existing-site,data/zh-TW/bestiary/bestiary-oota.json;data/zh-TW/bestiary/fluff-bestiary-oota.json
name,Xorn,,石鼎獸,existing-site,data/zh-TW/bestiary/bestiary-mm.json;data/zh-TW/bestiary/bestiary-xmm.json;data/zh-TW/bestiary/fluff-bestiary-mm.json;data/zh-TW/bestiary/fluff-bestiary-xmm.json
name,Y,,歪,existing-site,data/zh-TW/bestiary/bestiary-oota.json;data/zh-TW/bestiary/fluff-bestiary-oota.json
name,Yantha Coaxrock,,揚薩·寇克斯洛克,existing-site,data/zh-TW/bestiary/bestiary-oota.json
name,Yeenoghu,,耶諾古,existing-site,data/zh-TW/bestiary/bestiary-mpmm.json;data/zh-TW/bestiary/bestiary-mtf.json;data/zh-TW/bestiary/fluff-bestiary-mm.json;data/zh-TW/bestiary/fluff-bestiary-mpmm.json;data/zh-TW/bestiary/fluff-bestiary-mtf.json;data/zh-TW/bestiary/legendarygroups.json
name,Yestabrod,,葉斯塔布朗,existing-site,data/zh-TW/bestiary/bestiary-oota.json
name,Zilchyn Q'Leptin,,齊爾欽·奎普廷,existing-site,data/zh-TW/bestiary/bestiary-oota.json;data/zh-TW/bestiary/fluff-bestiary-oota.json
name,Zuggtmoy,,祖格莫伊,existing-site,data/zh-TW/bestiary/bestiary-mpmm.json;data/zh-TW/bestiary/bestiary-mtf.json;data/zh-TW/bestiary/fluff-bestiary-mpmm.json;data/zh-TW/bestiary/fluff-bestiary-mtf.json;data/zh-TW/bestiary/legendarygroups.json
name,derro,,迪洛矮人,existing-site,data/zh-TW/bestiary/bestiary-mpmm.json;data/zh-TW/bestiary/bestiary-mtf.json;data/zh-TW/bestiary/bestiary-oota.json;data/zh-TW/bestiary/fluff-bestiary-mpmm.json;data/zh-TW/bestiary/fluff-bestiary-mtf.json;data/zh-TW/bestiary/fluff-bestiary-oota.json;data/zh-TW/bestiary/fluff-bestiary-qftis.json
name,drow,,卓爾,existing-site,data/zh-TW/bestiary/bestiary-mm.json;data/zh-TW/bestiary/fluff-bestiary-mm.json;data/zh-TW/bestiary/fluff-bestiary-mtf.json;data/zh-TW/character-options/fluff-races.json;data/zh-TW/character-options/races.json
name,duergar,,灰矮人,existing-site,data/zh-TW/bestiary/bestiary-mm.json;data/zh-TW/bestiary/fluff-bestiary-mm.json;data/zh-TW/bestiary/fluff-bestiary-mpmm.json;data/zh-TW/bestiary/fluff-bestiary-mtf.json;data/zh-TW/bestiary/fluff-bestiary-oota.json;data/zh-TW/character-options/fluff-races.json;data/zh-TW/character-options/races.json
name,eyebite,,攝心目光,existing-site,data/zh-TW/spells/spells-phb.json;data/zh-TW/spells/spells-xphb.json
name,kuo-toa,,寇濤,existing-site,data/zh-TW/bestiary/bestiary-mm.json;data/zh-TW/bestiary/bestiary-xmm.json;data/zh-TW/bestiary/fluff-bestiary-mm.json;data/zh-TW/bestiary/fluff-bestiary-xmm.json;data/zh-TW/character-options/races.json
name,spell,,法術,existing-site,data/zh-TW/class/class-artificer.json;data/zh-TW/class/class-bard.json;data/zh-TW/class/class-cleric.json;data/zh-TW/class/class-druid.json;data/zh-TW/class/class-fighter.json;data/zh-TW/class/class-paladin.json;data/zh-TW/class/class-ranger.json;data/zh-TW/class/class-rogue.json;data/zh-TW/class/class-sidekick.json;data/zh-TW/class/class-sorcerer.json;data/zh-TW/class/class-warlock.json;data/zh-TW/class/class-wizard.json;data/zh-TW/rules/variantrules.json
reward,blessing of protection,,護佑祝福,existing-site,data/zh-TW/reference-pages/rewards.json
reward,blessing of weapon enhancement,,神兵祝福,existing-site,data/zh-TW/reference-pages/rewards.json
reward,blessing of wound closure,,癒合祝福,existing-site,data/zh-TW/reference-pages/rewards.json
reward,charm of heroism,,英勇護咒,existing-site,data/zh-TW/reference-pages/rewards.json
sense,darkvision,,黑暗視覺,existing-site,data/zh-TW/bestiary/bestiary-mpmm.json;data/zh-TW/character-options/races.json;data/zh-TW/class/class-monk.json;data/zh-TW/class/class-wizard.json;data/zh-TW/items/items-000.json;data/zh-TW/items/items-006.json;data/zh-TW/reference-pages/rewards.json;data/zh-TW/rules/senses.json;data/zh-TW/spells/spells-phb.json;data/zh-TW/spells/spells-xphb.json
sense,darkvision,PHB,黑暗視覺,existing-site,data/zh-TW/bestiary/bestiary-mpmm.json;data/zh-TW/character-options/races.json;data/zh-TW/class/class-monk.json;data/zh-TW/class/class-wizard.json;data/zh-TW/items/items-000.json;data/zh-TW/items/items-006.json;data/zh-TW/reference-pages/rewards.json;data/zh-TW/rules/senses.json;data/zh-TW/spells/spells-phb.json;data/zh-TW/spells/spells-xphb.json
sense,tremorsense,MM,震顫感知,existing-site,data/zh-TW/psionics/psionics.json;data/zh-TW/rules/senses.json
sense,truesight,,真實視覺,existing-site,data/zh-TW/character-options/feats.json;data/zh-TW/items/item-groups.json;data/zh-TW/items/items-002.json;data/zh-TW/items/items-007.json;data/zh-TW/psionics/psionics.json;data/zh-TW/rules/senses.json
sense,truesight,PHB,真實視覺,existing-site,data/zh-TW/character-options/feats.json;data/zh-TW/items/item-groups.json;data/zh-TW/items/items-002.json;data/zh-TW/items/items-007.json;data/zh-TW/psionics/psionics.json;data/zh-TW/rules/senses.json
skill,Acrobatics,,體操,existing-site,data/zh-TW/rules/skills.json
skill,Acrobatics,PHB,體操,existing-site,data/zh-TW/rules/skills.json
skill,Animal Handling,,馴獸,existing-site,data/zh-TW/rules/skills.json
skill,Animal Handling,PHB,馴獸,existing-site,data/zh-TW/rules/skills.json
skill,Arcana,,奧秘,existing-site,data/zh-TW/items/items-002.json;data/zh-TW/items/items-003.json;data/zh-TW/items/items-base.json;data/zh-TW/rules/skills.json;data/zh-TW/rules/variantrules.json
skill,Arcana,PHB,奧秘,existing-site,data/zh-TW/items/items-002.json;data/zh-TW/items/items-003.json;data/zh-TW/items/items-base.json;data/zh-TW/rules/skills.json;data/zh-TW/rules/variantrules.json
skill,Athletics,,運動,existing-site,data/zh-TW/rules/skills.json
skill,Athletics,PHB,運動,existing-site,data/zh-TW/rules/skills.json
skill,Deception,,欺瞞,existing-site,data/zh-TW/items/items-001.json;data/zh-TW/items/items-002.json;data/zh-TW/rules/skills.json;data/zh-TW/rules/variantrules.json
skill,Deception,PHB,欺瞞,existing-site,data/zh-TW/items/items-001.json;data/zh-TW/items/items-002.json;data/zh-TW/rules/skills.json;data/zh-TW/rules/variantrules.json
skill,History,,歷史,existing-site,data/zh-TW/bestiary/fluff-bestiary-fraif.json;data/zh-TW/bestiary/fluff-bestiary-veor.json;data/zh-TW/items/items-002.json;data/zh-TW/items/items-005.json;data/zh-TW/items/items-007.json;data/zh-TW/items/items-base.json;data/zh-TW/rules/skills.json;data/zh-TW/rules/variantrules.json
skill,History,PHB,歷史,existing-site,data/zh-TW/bestiary/fluff-bestiary-fraif.json;data/zh-TW/bestiary/fluff-bestiary-veor.json;data/zh-TW/items/items-002.json;data/zh-TW/items/items-005.json;data/zh-TW/items/items-007.json;data/zh-TW/items/items-base.json;data/zh-TW/rules/skills.json;data/zh-TW/rules/variantrules.json
skill,Insight,,洞悉,existing-site,data/zh-TW/items/items-base.json;data/zh-TW/rules/skills.json;data/zh-TW/rules/variantrules.json
skill,Insight,PHB,洞悉,existing-site,data/zh-TW/items/items-base.json;data/zh-TW/rules/skills.json;data/zh-TW/rules/variantrules.json
skill,Intimidation,,威嚇,existing-site,data/zh-TW/items/items-001.json;data/zh-TW/rules/skills.json;data/zh-TW/rules/variantrules.json
skill,Intimidation,PHB,威嚇,existing-site,data/zh-TW/items/items-001.json;data/zh-TW/rules/skills.json;data/zh-TW/rules/variantrules.json
skill,Investigation,,調查,existing-site,data/zh-TW/items/items-002.json;data/zh-TW/items/items-003.json;data/zh-TW/items/items-base.json;data/zh-TW/rules/skills.json;data/zh-TW/rules/variantrules.json
skill,Investigation,PHB,調查,existing-site,data/zh-TW/items/items-002.json;data/zh-TW/items/items-003.json;data/zh-TW/items/items-base.json;data/zh-TW/rules/skills.json;data/zh-TW/rules/variantrules.json
skill,Nature,,自然,existing-site,data/zh-TW/class/fluff-class-bard.json;data/zh-TW/items/items-base.json;data/zh-TW/rules/skills.json;data/zh-TW/rules/variantrules.json
skill,Nature,PHB,自然,existing-site,data/zh-TW/class/fluff-class-bard.json;data/zh-TW/items/items-base.json;data/zh-TW/rules/skills.json;data/zh-TW/rules/variantrules.json
skill,Perception,,感知,existing-site,data/zh-TW/items/items-base.json;data/zh-TW/rules/skills.json;data/zh-TW/rules/variantrules.json
skill,Perception,PHB,感知,existing-site,data/zh-TW/items/items-base.json;data/zh-TW/rules/skills.json;data/zh-TW/rules/variantrules.json
skill,Performance,,表演,existing-site,data/zh-TW/items/items-001.json;data/zh-TW/items/items-base.json;data/zh-TW/rules/skills.json;data/zh-TW/rules/variantrules.json
skill,Performance,PHB,表演,existing-site,data/zh-TW/items/items-001.json;data/zh-TW/items/items-base.json;data/zh-TW/rules/skills.json;data/zh-TW/rules/variantrules.json
skill,Persuasion,,說服,existing-site,data/zh-TW/items/items-001.json;data/zh-TW/items/items-base.json;data/zh-TW/rules/skills.json;data/zh-TW/rules/variantrules.json
skill,Persuasion,PHB,說服,existing-site,data/zh-TW/items/items-001.json;data/zh-TW/items/items-base.json;data/zh-TW/rules/skills.json;data/zh-TW/rules/variantrules.json
skill,Religion,,宗教,existing-site,data/zh-TW/rules/skills.json
skill,Religion,PHB,宗教,existing-site,data/zh-TW/rules/skills.json
skill,Sleight of Hand,,巧手,existing-site,data/zh-TW/class/class-rogue.json;data/zh-TW/items/items-base.json;data/zh-TW/rules/skills.json;data/zh-TW/rules/variantrules.json
skill,Sleight of Hand,PHB,巧手,existing-site,data/zh-TW/class/class-rogue.json;data/zh-TW/items/items-base.json;data/zh-TW/rules/skills.json;data/zh-TW/rules/variantrules.json
skill,Stealth,,隱匿,existing-site,data/zh-TW/items/items-base.json;data/zh-TW/rules/skills.json;data/zh-TW/rules/variantrules.json
skill,Stealth,PHB,隱匿,existing-site,data/zh-TW/items/items-base.json;data/zh-TW/rules/skills.json;data/zh-TW/rules/variantrules.json
skill,Survival,,求生,existing-site,data/zh-TW/items/items-004.json;data/zh-TW/items/items-base.json;data/zh-TW/rules/skills.json;data/zh-TW/rules/variantrules.json
skill,Survival,PHB,求生,existing-site,data/zh-TW/items/items-004.json;data/zh-TW/items/items-base.json;data/zh-TW/rules/skills.json;data/zh-TW/rules/variantrules.json
spell,Bigby's hand,PHB,畢格比之手,existing-site,data/zh-TW/spells/fluff-spells-xphb.json;data/zh-TW/spells/spells-phb.json;data/zh-TW/spells/spells-xphb.json
spell,Continual flame,PHB,不滅明焰,existing-site,data/zh-TW/spells/spells-phb.json;data/zh-TW/spells/spells-xphb.json
spell,Dispel Evil and Good,PHB,驅逐善惡,existing-site,data/zh-TW/spells/fluff-spells-xphb.json;data/zh-TW/spells/spells-phb.json;data/zh-TW/spells/spells-xphb.json
spell,Drawmij's instant summons,PHB,卓姆吉瞬間召喚,existing-site,data/zh-TW/spells/spells-phb.json;data/zh-TW/spells/spells-xphb.json
spell,Evard's black tentacles,PHB,艾伐黑觸手,existing-site,data/zh-TW/spells/fluff-spells-xphb.json;data/zh-TW/spells/spells-phb.json;data/zh-TW/spells/spells-xphb.json
spell,Glyph of warding,PHB,守衛刻文,existing-site,data/zh-TW/spells/spells-phb.json;data/zh-TW/spells/spells-xphb.json
spell,Leomund's secret chest,PHB,李歐蒙秘藏箱,existing-site,data/zh-TW/spells/spells-phb.json;data/zh-TW/spells/spells-xphb.json
spell,Mordenkainen's magnificent mansion,PHB,魔鄧肯豪宅術,existing-site,data/zh-TW/spells/fluff-spells-xphb.json;data/zh-TW/spells/spells-phb.json;data/zh-TW/spells/spells-xphb.json
spell,Otto's irresistible dance,PHB,奧圖迷舞,existing-site,data/zh-TW/spells/spells-phb.json;data/zh-TW/spells/spells-xphb.json
spell,Rary's telepathic bond,PHB,拉瑞心靈聯結,existing-site,data/zh-TW/spells/spells-phb.json;data/zh-TW/spells/spells-xphb.json
spell,Tasha's hideous laughter,PHB,塔莎狂笑術,existing-site,data/zh-TW/spells/spells-phb.json;data/zh-TW/spells/spells-xphb.json
spell,Tenser's floating disk,PHB,譚森浮碟術,existing-site,data/zh-TW/spells/fluff-spells-xphb.json;data/zh-TW/spells/spells-phb.json;data/zh-TW/spells/spells-xphb.json
spell,Unseen Servant,PHB,隱形僕役,existing-site,data/zh-TW/spells/spells-phb.json;data/zh-TW/spells/spells-xphb.json
spell,alarm,PHB,警報術,existing-site,data/zh-TW/items/magicvariants.json;data/zh-TW/spells/spells-phb.json;data/zh-TW/spells/spells-xphb.json
spell,alter self,PHB,變身術,existing-site,data/zh-TW/spells/spells-phb.json;data/zh-TW/spells/spells-xphb.json
spell,animal messenger,PHB,動物信使,existing-site,data/zh-TW/spells/spells-phb.json;data/zh-TW/spells/spells-xphb.json
spell,antimagic field,PHB,反魔法場,existing-site,data/zh-TW/spells/spells-phb.json;data/zh-TW/spells/spells-xphb.json
spell,arcane lock,PHB,秘法鎖,existing-site,data/zh-TW/spells/spells-phb.json;data/zh-TW/spells/spells-xphb.json
spell,astral projection,PHB,星界投影,existing-site,data/zh-TW/spells/spells-phb.json;data/zh-TW/spells/spells-xphb.json
spell,augury,PHB,卜筮術,existing-site,data/zh-TW/items/items-003.json;data/zh-TW/spells/spells-phb.json;data/zh-TW/spells/spells-xphb.json
spell,banishment,PHB,放逐術,existing-site,data/zh-TW/spells/spells-phb.json;data/zh-TW/spells/spells-xphb.json
spell,bestow curse,PHB,降咒,existing-site,data/zh-TW/spells/spells-phb.json;data/zh-TW/spells/spells-xphb.json
spell,blight,PHB,枯萎術,existing-site,data/zh-TW/spells/spells-phb.json;data/zh-TW/spells/spells-xphb.json
spell,blindness/deafness,PHB,目盲術/耳聾術,existing-site,data/zh-TW/spells/spells-phb.json;data/zh-TW/spells/spells-xphb.json
spell,blink,PHB,閃現術,existing-site,data/zh-TW/spells/spells-phb.json;data/zh-TW/spells/spells-xphb.json
spell,blur,PHB,朦朧術,existing-site,data/zh-TW/spells/spells-phb.json;data/zh-TW/spells/spells-xphb.json
spell,calm emotions,PHB,安定心神,existing-site,data/zh-TW/spells/spells-phb.json;data/zh-TW/spells/spells-xphb.json
spell,chain lightning,PHB,連鎖閃電,existing-site,data/zh-TW/spells/spells-phb.json;data/zh-TW/spells/spells-xphb.json
spell,cloudkill,PHB,死雲術,existing-site,data/zh-TW/spells/fluff-spells-phb.json;data/zh-TW/spells/spells-phb.json;data/zh-TW/spells/spells-xphb.json
spell,color spray,PHB,七彩噴射,existing-site,data/zh-TW/spells/spells-phb.json;data/zh-TW/spells/spells-xphb.json
spell,commune,PHB,通神術,existing-site,data/zh-TW/spells/spells-phb.json;data/zh-TW/spells/spells-xphb.json
spell,comprehend languages,PHB,通曉語言,existing-site,data/zh-TW/character-options/feats.json;data/zh-TW/spells/spells-phb.json;data/zh-TW/spells/spells-xphb.json
spell,confusion,PHB,困惑術,existing-site,data/zh-TW/bestiary/bestiary-mpmm.json;data/zh-TW/spells/spells-phb.json;data/zh-TW/spells/spells-xphb.json
spell,conjure animals,PHB,咒喚獸群,existing-site,data/zh-TW/spells/spells-phb.json;data/zh-TW/spells/spells-xphb.json
spell,conjure minor elementals,PHB,咒喚微元素群,existing-site,data/zh-TW/spells/spells-phb.json;data/zh-TW/spells/spells-xphb.json
spell,contact other plane,PHB,異界探知,existing-site,data/zh-TW/spells/spells-phb.json;data/zh-TW/spells/spells-xphb.json
spell,contagion,PHB,疫病術,existing-site,data/zh-TW/spells/spells-phb.json;data/zh-TW/spells/spells-xphb.json
spell,continual flame,PHB,不滅明焰,existing-site,data/zh-TW/spells/spells-phb.json;data/zh-TW/spells/spells-xphb.json
spell,control water,PHB,操控水體,existing-site,data/zh-TW/spells/spells-phb.json;data/zh-TW/spells/spells-xphb.json
spell,create food and water,PHB,造糧術,existing-site,data/zh-TW/bestiary/bestiary-mm.json;data/zh-TW/spells/spells-phb.json;data/zh-TW/spells/spells-xphb.json
spell,crown of madness,PHB,瘋狂冠冕,existing-site,data/zh-TW/spells/spells-phb.json;data/zh-TW/spells/spells-xphb.json
spell,dancing lights,PHB,舞光術,existing-site,data/zh-TW/bestiary/bestiary-mpmm.json;data/zh-TW/spells/spells-phb.json;data/zh-TW/spells/spells-xphb.json
spell,darkness,PHB,黑暗術,existing-site,data/zh-TW/bestiary/legendarygroups.json;data/zh-TW/class/class-monk.json;data/zh-TW/psionics/psionics.json;data/zh-TW/rules/senses.json;data/zh-TW/rules/variantrules.json;data/zh-TW/spells/spells-phb.json;data/zh-TW/spells/spells-xphb.json
spell,detect magic,PHB,偵測魔法,existing-site,data/zh-TW/spells/spells-phb.json;data/zh-TW/spells/spells-xphb.json
spell,detect thoughts,PHB,偵測思想,existing-site,data/zh-TW/character-options/feats.json;data/zh-TW/spells/spells-phb.json;data/zh-TW/spells/spells-xphb.json
spell,dimension door,PHB,任意門,existing-site,data/zh-TW/spells/fluff-spells-phb.json;data/zh-TW/spells/spells-phb.json;data/zh-TW/spells/spells-xphb.json
spell,disguise self,PHB,易容術,existing-site,data/zh-TW/items/items-004.json;data/zh-TW/spells/spells-phb.json;data/zh-TW/spells/spells-xphb.json
spell,disintegrate,PHB,解離術,existing-site,data/zh-TW/spells/spells-phb.json;data/zh-TW/spells/spells-xphb.json
spell,dispel evil and good,PHB,驅逐善惡,existing-site,data/zh-TW/spells/fluff-spells-xphb.json;data/zh-TW/spells/spells-phb.json;data/zh-TW/spells/spells-xphb.json
spell,dispel magic,PHB,解除魔法,existing-site,data/zh-TW/items/items-000.json;data/zh-TW/spells/spells-phb.json;data/zh-TW/spells/spells-xphb.json
spell,divination,PHB,預言,existing-site,data/zh-TW/craft-pages/homecrafts.json;data/zh-TW/rules/variantrules.json;data/zh-TW/spells/spells-phb.json;data/zh-TW/spells/spells-xphb.json
spell,earthquake,PHB,地震術,existing-site,data/zh-TW/items/items-007.json;data/zh-TW/spells/spells-phb.json;data/zh-TW/spells/spells-xphb.json
spell,enlarge/reduce,PHB,變巨/縮小術,existing-site,data/zh-TW/spells/spells-phb.json;data/zh-TW/spells/spells-xphb.json
spell,eyebite,PHB,攝心目光,existing-site,data/zh-TW/spells/spells-phb.json;data/zh-TW/spells/spells-xphb.json
spell,fabricate,PHB,鬼斧神工,existing-site,data/zh-TW/spells/spells-phb.json;data/zh-TW/spells/spells-xphb.json
spell,faerie fire,PHB,妖火,existing-site,data/zh-TW/character-options/feats.json;data/zh-TW/craft-pages/fluff-recipes.json;data/zh-TW/craft-pages/recipes.json;data/zh-TW/items/items-005.json;data/zh-TW/spells/spells-phb.json;data/zh-TW/spells/spells-xphb.json
spell,fear,PHB,恐懼術,existing-site,data/zh-TW/rules/variantrules.json;data/zh-TW/spells/spells-phb.json;data/zh-TW/spells/spells-xphb.json
spell,feeblemind,PHB,弱智術,existing-site,data/zh-TW/spells/spells-phb.json
spell,feign death,PHB,假死術,existing-site,data/zh-TW/spells/spells-phb.json;data/zh-TW/spells/spells-xphb.json
spell,find familiar,PHB,尋獲魔寵,existing-site,data/zh-TW/spells/fluff-spells-xphb.json;data/zh-TW/spells/spells-phb.json;data/zh-TW/spells/spells-xphb.json
spell,fire bolt,PHB,火焰箭,existing-site,data/zh-TW/spells/spells-phb.json;data/zh-TW/spells/spells-xphb.json
spell,fire shield,PHB,火焰護盾,existing-site,data/zh-TW/spells/spells-phb.json;data/zh-TW/spells/spells-xphb.json
spell,fireball,PHB,火球術,existing-site,data/zh-TW/bestiary/bestiary-bgdia.json;data/zh-TW/bestiary/bestiary-coa.json;data/zh-TW/bestiary/legendarygroups.json;data/zh-TW/spells/fluff-spells-phb.json;data/zh-TW/spells/fluff-spells-xphb.json;data/zh-TW/spells/spells-phb.json;data/zh-TW/spells/spells-xphb.json
spell,flesh to stone,PHB,石化術,existing-site,data/zh-TW/spells/spells-phb.json;data/zh-TW/spells/spells-xphb.json
spell,fly,PHB,飛行術,existing-site,data/zh-TW/spells/spells-phb.json;data/zh-TW/spells/spells-xphb.json
spell,forcecage,PHB,力場監牢,existing-site,data/zh-TW/spells/spells-phb.json;data/zh-TW/spells/spells-xphb.json
spell,friends,PHB,交友術,existing-site,data/zh-TW/spells/spells-phb.json;data/zh-TW/spells/spells-xphb.json
spell,gaseous form,PHB,氣化形體,existing-site,data/zh-TW/character-options/feats.json;data/zh-TW/spells/spells-phb.json;data/zh-TW/spells/spells-xphb.json
spell,globe of invulnerability,PHB,法術無效結界,existing-site,data/zh-TW/items/items-007.json;data/zh-TW/spells/spells-phb.json;data/zh-TW/spells/spells-xphb.json
spell,glyph of warding,PHB,守衛刻文,existing-site,data/zh-TW/spells/spells-phb.json;data/zh-TW/spells/spells-xphb.json
spell,goodberry,PHB,神莓術,existing-site,data/zh-TW/spells/spells-phb.json;data/zh-TW/spells/spells-xphb.json
spell,grease,PHB,油膩術,existing-site,data/zh-TW/spells/spells-phb.json;data/zh-TW/spells/spells-xphb.json
spell,greater invisibility,PHB,高等隱形術,existing-site,data/zh-TW/spells/spells-phb.json;data/zh-TW/spells/spells-xphb.json
spell,greater restoration,PHB,高等復原術,existing-site,data/zh-TW/spells/spells-phb.json;data/zh-TW/spells/spells-xphb.json
spell,guards and wards,PHB,銅牆鐵壁,existing-site,data/zh-TW/spells/spells-phb.json;data/zh-TW/spells/spells-xphb.json
spell,gust of wind,PHB,造風術,existing-site,data/zh-TW/spells/spells-phb.json;data/zh-TW/spells/spells-xphb.json
spell,hallow,PHB,聖居,existing-site,data/zh-TW/spells/spells-phb.json;data/zh-TW/spells/spells-xphb.json
spell,hallucinatory terrain,PHB,幻景,existing-site,data/zh-TW/spells/spells-phb.json;data/zh-TW/spells/spells-xphb.json
spell,hold monster,PHB,定身怪物,existing-site,data/zh-TW/spells/spells-phb.json;data/zh-TW/spells/spells-xphb.json
spell,hold person,PHB,定身類人,existing-site,data/zh-TW/spells/spells-phb.json;data/zh-TW/spells/spells-xphb.json
spell,identify,PHB,鑑定術,existing-site,data/zh-TW/spells/spells-phb.json;data/zh-TW/spells/spells-xphb.json
spell,imprisonment,PHB,禁錮術,existing-site,data/zh-TW/spells/spells-phb.json;data/zh-TW/spells/spells-xphb.json
spell,incendiary cloud,PHB,焚雲術,existing-site,data/zh-TW/spells/spells-phb.json;data/zh-TW/spells/spells-xphb.json
spell,insect plague,PHB,疫病蟲群,existing-site,data/zh-TW/spells/fluff-spells-phb.json;data/zh-TW/spells/spells-phb.json;data/zh-TW/spells/spells-xphb.json
spell,invisibility,PHB,隱形,existing-site,data/zh-TW/bestiary/bestiary-aitfr-thp.json;data/zh-TW/bestiary/bestiary-bam.json;data/zh-TW/bestiary/bestiary-bmt.json;data/zh-TW/bestiary/bestiary-hotb.json;data/zh-TW/bestiary/bestiary-mm.json;data/zh-TW/bestiary/bestiary-wdmm.json;data/zh-TW/bestiary/bestiary-wtthc.json;data/zh-TW/bestiary/bestiary-xmm.json;data/zh-TW/class/class-monk.json;data/zh-TW/rules/senses.json;data/zh-TW/spells/spells-phb.json;data/zh-TW/spells/spells-xphb.json
spell,jump,PHB,跳躍術,existing-site,data/zh-TW/craft-pages/vehicles.json;data/zh-TW/spells/spells-phb.json;data/zh-TW/spells/spells-xphb.json
spell,knock,PHB,敲擊術,existing-site,data/zh-TW/spells/spells-phb.json;data/zh-TW/spells/spells-xphb.json
spell,legend lore,PHB,通曉傳奇,existing-site,data/zh-TW/items/items-007.json;data/zh-TW/spells/spells-phb.json;data/zh-TW/spells/spells-xphb.json
spell,lesser restoration,PHB,次等復原術,existing-site,data/zh-TW/spells/fluff-spells-xphb.json;data/zh-TW/spells/spells-phb.json;data/zh-TW/spells/spells-xphb.json
spell,levitate,PHB,浮空術,existing-site,data/zh-TW/bestiary/bestiary-wbtw.json;data/zh-TW/spells/spells-phb.json;data/zh-TW/spells/spells-xphb.json
spell,light,PHB,光亮術,existing-site,data/zh-TW/psionics/psionics.json;data/zh-TW/spells/spells-phb.json;data/zh-TW/spells/spells-xphb.json
spell,lightning bolt,PHB,閃電束,existing-site,data/zh-TW/items/items-003.json;data/zh-TW/spells/spells-phb.json;data/zh-TW/spells/spells-xphb.json
spell,locate creature,PHB,生物定位術,existing-site,data/zh-TW/spells/spells-phb.json;data/zh-TW/spells/spells-xphb.json
spell,mage armor,PHB,法師護甲,existing-site,data/zh-TW/spells/fluff-spells-xphb.json;data/zh-TW/spells/spells-phb.json;data/zh-TW/spells/spells-xphb.json
spell,magic mouth,PHB,魔嘴術,existing-site,data/zh-TW/spells/spells-phb.json;data/zh-TW/spells/spells-xphb.json
spell,magic weapon,PHB,魔化武器,existing-site,data/zh-TW/items/items-000.json;data/zh-TW/items/items-002.json;data/zh-TW/items/items-006.json;data/zh-TW/items/items-007.json;data/zh-TW/items/items-008.json;data/zh-TW/spells/spells-phb.json;data/zh-TW/spells/spells-xphb.json
spell,major image,PHB,高等幻影,existing-site,data/zh-TW/spells/spells-phb.json;data/zh-TW/spells/spells-xphb.json
spell,maze,PHB,迷宮術,existing-site,data/zh-TW/spells/spells-phb.json;data/zh-TW/spells/spells-xphb.json
spell,mending,PHB,修復術,existing-site,data/zh-TW/spells/spells-phb.json;data/zh-TW/spells/spells-xphb.json
spell,minor illusion,PHB,次級幻象,existing-site,data/zh-TW/spells/spells-phb.json;data/zh-TW/spells/spells-xphb.json
spell,mirage arcane,PHB,海市蜃樓,existing-site,data/zh-TW/spells/spells-phb.json;data/zh-TW/spells/spells-xphb.json
spell,move earth,PHB,地動術,existing-site,data/zh-TW/spells/spells-phb.json;data/zh-TW/spells/spells-xphb.json
spell,nondetection,PHB,迴避偵測,existing-site,data/zh-TW/bestiary/bestiary-skt.json;data/zh-TW/items/items-005.json;data/zh-TW/spells/spells-phb.json;data/zh-TW/spells/spells-xphb.json
spell,passwall,PHB,穿牆術,existing-site,data/zh-TW/spells/spells-phb.json;data/zh-TW/spells/spells-xphb.json
spell,phantasmal force,PHB,魅影之力,existing-site,data/zh-TW/spells/spells-phb.json;data/zh-TW/spells/spells-xphb.json
spell,phantasmal killer,PHB,魅影殺手,existing-site,data/zh-TW/spells/spells-phb.json;data/zh-TW/spells/spells-xphb.json
spell,poison spray,PHB,毒氣噴湧,existing-site,data/zh-TW/items/items-000.json;data/zh-TW/spells/spells-phb.json;data/zh-TW/spells/spells-xphb.json
spell,polymorph,PHB,變形術,existing-site,data/zh-TW/spells/spells-phb.json;data/zh-TW/spells/spells-xphb.json
spell,power word stun,PHB,律令震懾,existing-site,data/zh-TW/spells/spells-phb.json;data/zh-TW/spells/spells-xphb.json
spell,prestidigitation,PHB,魔法伎倆,existing-site,data/zh-TW/spells/spells-phb.json;data/zh-TW/spells/spells-xphb.json
spell,prismatic spray,PHB,虹光噴射,existing-site,data/zh-TW/spells/fluff-spells-phb.json;data/zh-TW/spells/spells-phb.json;data/zh-TW/spells/spells-xphb.json
spell,protection from energy,PHB,防護能量,existing-site,data/zh-TW/spells/spells-phb.json;data/zh-TW/spells/spells-xphb.json
spell,purify food and drink,PHB,淨化飲食,existing-site,data/zh-TW/spells/spells-phb.json;data/zh-TW/spells/spells-xphb.json
spell,raise dead,PHB,死者復活,existing-site,data/zh-TW/items/items-001.json;data/zh-TW/spells/fluff-spells-xphb.json;data/zh-TW/spells/spells-phb.json;data/zh-TW/spells/spells-xphb.json
spell,ray of frost,PHB,冷凍射線,existing-site,data/zh-TW/bestiary/bestiary-dip.json;data/zh-TW/craft-pages/fluff-recipes.json;data/zh-TW/craft-pages/recipes.json;data/zh-TW/spells/spells-phb.json;data/zh-TW/spells/spells-xphb.json
spell,ray of sickness,PHB,致病射線,existing-site,data/zh-TW/spells/spells-phb.json;data/zh-TW/spells/spells-xphb.json
spell,remove curse,PHB,移除詛咒,existing-site,data/zh-TW/spells/spells-phb.json;data/zh-TW/spells/spells-xphb.json
spell,resurrection,PHB,復生術,existing-site,data/zh-TW/spells/spells-phb.json;data/zh-TW/spells/spells-xphb.json
spell,reverse gravity,PHB,反轉重力,existing-site,data/zh-TW/bestiary/legendarygroups.json;data/zh-TW/items/items-000.json;data/zh-TW/spells/spells-phb.json;data/zh-TW/spells/spells-xphb.json
spell,see invisibility,PHB,識破隱形,existing-site,data/zh-TW/class/class-wizard.json;data/zh-TW/spells/spells-phb.json;data/zh-TW/spells/spells-xphb.json
spell,sending,PHB,短訊術,existing-site,data/zh-TW/spells/spells-phb.json;data/zh-TW/spells/spells-xphb.json
spell,shield,PHB,護盾術,existing-site,data/zh-TW/bestiary/bestiary-idrotf.json;data/zh-TW/bestiary/bestiary-mm.json;data/zh-TW/spells/spells-phb.json;data/zh-TW/spells/spells-xphb.json
spell,slow,PHB,緩慢術,existing-site,data/zh-TW/spells/spells-phb.json;data/zh-TW/spells/spells-xphb.json
spell,speak with plants,PHB,植物交談,existing-site,data/zh-TW/spells/spells-phb.json;data/zh-TW/spells/spells-xphb.json
spell,spider climb,PHB,蛛行術,existing-site,data/zh-TW/bestiary/bestiary-aatm.json;data/zh-TW/bestiary/bestiary-bam.json;data/zh-TW/bestiary/bestiary-bgdia.json;data/zh-TW/bestiary/bestiary-bgg.json;data/zh-TW/bestiary/bestiary-bmt.json;data/zh-TW/bestiary/bestiary-coa.json;data/zh-TW/bestiary/bestiary-cos.json;data/zh-TW/bestiary/bestiary-dod.json;data/zh-TW/bestiary/bestiary-dsotdq.json;data/zh-TW/bestiary/bestiary-egw.json;data/zh-TW/bestiary/bestiary-ftd.json;data/zh-TW/bestiary/bestiary-ggr.json;data/zh-TW/bestiary/bestiary-mabjov.json;data/zh-TW/bestiary/bestiary-mcv2dc.json;data/zh-TW/bestiary/bestiary-mgelft.json;data/zh-TW/bestiary/bestiary-mm.json;data/zh-TW/bestiary/bestiary-mot.json;data/zh-TW/bestiary/bestiary-mpmm.json;data/zh-TW/bestiary/bestiary-mpp.json;data/zh-TW/bestiary/bestiary-mtf.json;data/zh-TW/bestiary/bestiary-oota.json;data/zh-TW/bestiary/bestiary-pabtso.json;data/zh-TW/bestiary/bestiary-qftis.json;data/zh-TW/bestiary/bestiary-rhw.json;data/zh-TW/bestiary/bestiary-sads.json;data/zh-TW/bestiary/bestiary-tce.json;data/zh-TW/bestiary/bestiary-tftyp.json;data/zh-TW/bestiary/bestiary-ttp.json;data/zh-TW/bestiary/bestiary-veor.json;data/zh-TW/bestiary/bestiary-vgm.json;data/zh-TW/bestiary/bestiary-vrgr.json;data/zh-TW/bestiary/bestiary-wdh.json;data/zh-TW/bestiary/bestiary-wdmm.json;data/zh-TW/bestiary/bestiary-xmm.json;data/zh-TW/bestiary/fluff-bestiary-mm.json;data/zh-TW/character-options/races.json;data/zh-TW/items/items-001.json;data/zh-TW/spells/spells-phb.json;data/zh-TW/spells/spells-xphb.json
spell,spirit guardians,PHB,靈體衛士,existing-site,data/zh-TW/spells/spells-phb.json;data/zh-TW/spells/spells-xphb.json
spell,stinking cloud,PHB,臭雲術,existing-site,data/zh-TW/bestiary/bestiary-mtf.json;data/zh-TW/spells/spells-phb.json;data/zh-TW/spells/spells-xphb.json
spell,stoneskin,PHB,石膚術,existing-site,data/zh-TW/spells/spells-phb.json;data/zh-TW/spells/spells-xphb.json
spell,symbol,PHB,徽記術,existing-site,data/zh-TW/spells/spells-phb.json;data/zh-TW/spells/spells-xphb.json
spell,telekinesis,PHB,心靈遙控,existing-site,data/zh-TW/spells/spells-phb.json;data/zh-TW/spells/spells-xphb.json
spell,telepathy,PHB,心靈感應,existing-site,data/zh-TW/class/class-mystic.json;data/zh-TW/rules/variantrules.json;data/zh-TW/spells/spells-phb.json;data/zh-TW/spells/spells-xphb.json
spell,teleport,PHB,傳送術,existing-site,data/zh-TW/bestiary/bestiary-coa.json;data/zh-TW/bestiary/bestiary-erlw.json;data/zh-TW/bestiary/bestiary-idrotf.json;data/zh-TW/bestiary/bestiary-mabjov.json;data/zh-TW/bestiary/bestiary-mm.json;data/zh-TW/bestiary/bestiary-mpmm.json;data/zh-TW/bestiary/bestiary-mpp.json;data/zh-TW/bestiary/bestiary-mtf.json;data/zh-TW/bestiary/bestiary-pabtso.json;data/zh-TW/bestiary/bestiary-veor.json;data/zh-TW/bestiary/bestiary-xmm.json;data/zh-TW/craft-pages/vehicles.json;data/zh-TW/spells/spells-phb.json;data/zh-TW/spells/spells-xphb.json
spell,teleportation circle,PHB,傳送法陣,existing-site,data/zh-TW/bastions/bastions.json;data/zh-TW/spells/spells-phb.json;data/zh-TW/spells/spells-xphb.json
spell,time stop,PHB,時間停止,existing-site,data/zh-TW/spells/spells-phb.json;data/zh-TW/spells/spells-xphb.json
spell,tongues,PHB,巧言術,existing-site,data/zh-TW/spells/spells-phb.json;data/zh-TW/spells/spells-xphb.json
spell,tree stride,PHB,樹躍術,existing-site,data/zh-TW/bestiary/bestiary-ggr.json;data/zh-TW/bestiary/bestiary-mabjov.json;data/zh-TW/bestiary/bestiary-mcv4ec.json;data/zh-TW/bestiary/bestiary-mm.json;data/zh-TW/bestiary/bestiary-mpmm.json;data/zh-TW/bestiary/bestiary-rhw.json;data/zh-TW/bestiary/bestiary-rtg.json;data/zh-TW/bestiary/bestiary-vgm.json;data/zh-TW/bestiary/bestiary-xmm.json;data/zh-TW/spells/fluff-spells-xphb.json;data/zh-TW/spells/spells-phb.json;data/zh-TW/spells/spells-xphb.json
spell,true seeing,PHB,真知術,existing-site,data/zh-TW/spells/spells-phb.json;data/zh-TW/spells/spells-xphb.json
spell,unseen servant,PHB,隱形僕役,existing-site,data/zh-TW/spells/spells-phb.json;data/zh-TW/spells/spells-xphb.json
spell,wall of force,PHB,力場牆,existing-site,data/zh-TW/spells/spells-phb.json;data/zh-TW/spells/spells-xphb.json
spell,wall of stone,PHB,石牆術,existing-site,data/zh-TW/spells/spells-phb.json;data/zh-TW/spells/spells-xphb.json
spell,water breathing,PHB,水下呼吸,existing-site,data/zh-TW/bestiary/bestiary-crcotn.json;data/zh-TW/bestiary/bestiary-dosi.json;data/zh-TW/bestiary/bestiary-gos.json;data/zh-TW/bestiary/bestiary-idrotf.json;data/zh-TW/bestiary/bestiary-mm.json;data/zh-TW/bestiary/bestiary-tftyp.json;data/zh-TW/bestiary/bestiary-wdh.json;data/zh-TW/bestiary/bestiary-xmm.json;data/zh-TW/items/items-000.json;data/zh-TW/items/items-002.json;data/zh-TW/psionics/psionics.json;data/zh-TW/spells/fluff-spells-xphb.json;data/zh-TW/spells/spells-phb.json;data/zh-TW/spells/spells-xphb.json
spell,web,PHB,蛛網術,existing-site,data/zh-TW/bestiary/bestiary-dod.json;data/zh-TW/items/items-001.json;data/zh-TW/spells/fluff-spells-phb.json;data/zh-TW/spells/spells-phb.json;data/zh-TW/spells/spells-xphb.json
spell,wish,PHB,祈願術,existing-site,data/zh-TW/bestiary/bestiary-bam.json;data/zh-TW/items/item-groups.json;data/zh-TW/items/items-007.json;data/zh-TW/items/magicvariants.json;data/zh-TW/spells/spells-phb.json;data/zh-TW/spells/spells-xphb.json
status,surprised,,突襲,existing-site,data/zh-TW/rules/conditionsdiseases.json
status,surprised,PHB,突襲,existing-site,data/zh-TW/rules/conditionsdiseases.json
variantrule,Player Characters as Lycanthropes,MM,玩家角色,existing-site,data/zh-TW/bestiary/fluff-bestiary-mm.json;data/zh-TW/bestiary/fluff-bestiary-tftyp.json;data/zh-TW/rules/variantrules.json
