english,zh_tw,status,scope,first_book,first_page,first_context,occurrences,representative_source,variants
"""Operation: Exterminate?""","""行動：消滅？""",draft-heading-proposed,heading-only,OotA,106,data/5/entries/20/entries/6/name,1,"""Operation: Exterminate?""","""行動：消滅？"""
"""Operation: Ooze There?""","""行動：那裡有軟泥怪？""",draft-heading-proposed,heading-only,OotA,106,data/5/entries/20/entries/5/name,1,"""Operation: Ooze There?""","""行動：那裡有軟泥怪？"""
+2 Longsword,+2 長劍,draft-heading-proposed,heading-only,OotA,168,data/12/entries/3/entries/11/entries/1,3,"The troglodyte chieftain has arrayed his forces along the narrow strip of high ground between the basin and the stream. Chieftain S'slaar is a {@creature troglodyte} with 20 hit points and a {@item +2 longsword}. While he wields the sword, S'slaar gains the following action option:",+2 長劍
1. Boxed In,1. 困局,draft-heading-proposed,heading-only,OotA,34,data/1/entries/15/entries/3/name,1,1. Boxed In,1. 困局
1. Entrance,1. 入口,draft-heading-proposed,heading-only,OotA,37,data/1/entries/16/entries/6/name,3,1. Entrance Room,1. 入口
1. Entrance Room,1. 入口室,draft-heading-proposed,heading-only,OotA,37,data/1/entries/16/entries/6/name,1,1. Entrance Room,1. 入口室
1. Entrance Tunnel,1. 入口隧道,draft-heading-proposed,heading-only,OotA,168,data/12/entries/3/entries/8/name,1,1. Entrance Tunnel,1. 入口隧道
1. Entry Cavern,1. 入口洞穴,draft-heading-proposed,heading-only,OotA,172,data/12/entries/5/entries/4/name,1,1. Entry Cavern,1. 入口洞穴
1. Fungal Wilds,1. 真菌荒野,draft-heading-proposed,heading-only,OotA,87,data/4/entries/11/name,1,1. Fungal Wilds,1. 真菌荒野
1. Gate,1. 大門,draft-heading-proposed,heading-only,OotA,46,data/2/entries/13/name,1,1. Gate,1. 大門
1. Hook Horrors,1. 恐爪怪,draft-heading-proposed,heading-only,OotA,32,data/1/entries/14/entries/4/name,1,1. Hook Horrors,1. 恐爪怪
1. Secret Entrances,1. 秘密入口,draft-heading-proposed,heading-only,OotA,135,data/8/entries/13/name,1,1. Secret Entrances,1. 秘密入口
1. Southern Watch Post,1. 南部觀察哨,draft-heading-proposed,heading-only,OotA,11,data/0/entries/9/entries/5/entries/0/name,1,1. Southern Watch Post,1. 南部觀察哨
1. Stairs,1. 樓梯,draft-heading-proposed,heading-only,OotA,101,data/5/entries/6/entries/1/name,1,1. Stairs,1. 樓梯
10. Cultist Pens,10. 邪教徒圍欄,draft-heading-proposed,heading-only,OotA,77,data/3/entries/15/entries/7/entries/11/name,1,10. Cultist Pens,10. 邪教徒圍欄
10. Guard Tower,10. 守衛塔,draft-heading-proposed,heading-only,OotA,14,data/0/entries/9/entries/5/entries/9/name,1,10. Guard Tower,10. 守衛塔
10. Ruins,10. 廢墟,draft-heading-proposed,heading-only,OotA,170,data/12/entries/3/entries/17/name,1,10. Ruins,10. 廢墟
10. Slop Cave,10. 泔水洞,draft-heading-proposed,heading-only,OotA,174,data/12/entries/5/entries/13/name,1,10. Slop Cave,10. 泔水洞
10. Staging Area,10. 集結區,draft-heading-proposed,heading-only,OotA,105,data/5/entries/16/name,1,10. Staging Area,10. 集結區
11. Caves of Clatter,11. 喧譁洞穴,draft-heading-proposed,heading-only,OotA,105,data/5/entries/17/name,1,11. Caves of Clatter,11. 喧譁洞穴
11. Quasit Playground,11. 小惡魔遊樂場,draft-heading-proposed,heading-only,OotA,77,data/3/entries/15/entries/7/entries/12/name,1,11. Quasit Playground,11. 小惡魔遊樂場
11. Slave Pen,11. 奴隸圍欄,draft-heading-proposed,heading-only,OotA,15,data/0/entries/9/entries/5/entries/10/name,1,11. Slave Pen,11. 奴隸圍欄
11. Spawning Pool,11. 孵化池,draft-heading-proposed,heading-only,OotA,170,data/12/entries/3/entries/18/name,1,11. Spawning Pool,11. 孵化池
11. Spider Nest,11. 蜘蛛巢穴,draft-heading-proposed,heading-only,OotA,174,data/12/entries/5/entries/14/name,1,11. Spider Nest,11. 蜘蛛巢穴
12. Chasm,12. 裂谷,draft-heading-proposed,heading-only,OotA,174,data/12/entries/5/entries/15/name,1,12. Chasm,12. 裂谷
12. Cultist Hideout,12. 邪教徒藏身之處,draft-heading-proposed,heading-only,OotA,78,data/3/entries/15/entries/7/entries/13/name,1,12. Cultist Hideout,12. 邪教徒藏身之處
12. Geothermic Vents,12. 地熱通風口,draft-heading-proposed,heading-only,OotA,170,data/12/entries/3/entries/19/name,1,12. Geothermic Vents,12. 地熱通風口
12. Quaggoth Den,12. 幽邃熊怪巢穴,draft-heading-proposed,heading-only,OotA,15,data/0/entries/9/entries/5/entries/11/name,1,12. Quaggoth Den,12. 幽邃熊怪巢穴
12. Residential Caves,12. 住宅洞穴,draft-heading-proposed,heading-only,OotA,105,data/5/entries/18/name,1,12. Residential Caves,12. 住宅洞穴
12a. Vazuk's Home,12a. 瓦祖克的家,draft-heading-proposed,heading-only,OotA,105,data/5/entries/18/entries/3/name,1,12a. Vazuk's Home,12a. 瓦祖克的家
13. Dumping Pit,13. 傾倒坑,draft-heading-proposed,heading-only,OotA,80,data/3/entries/15/entries/7/entries/14/name,1,13. Dumping Pit,13. 傾倒坑
13. Empty Cave,13. 空洞穴,draft-heading-proposed,heading-only,OotA,170,data/12/entries/3/entries/20/name,1,13. Empty Cave,13. 空洞穴
13. Exit Tunnel,13. 出口隧道,draft-heading-proposed,heading-only,OotA,175,data/12/entries/5/entries/16/name,1,13. Exit Tunnel,13. 出口隧道
13. Northern Watch Post,13. 北方觀察哨,draft-heading-proposed,heading-only,OotA,15,data/0/entries/9/entries/5/entries/12/name,1,13. Northern Watch Post,13. 北方觀察哨
13. Speaking Stones,13. 會說話的石頭,draft-heading-proposed,heading-only,OotA,106,data/5/entries/19/name,1,13. Speaking Stones,13. 會說話的石頭
14. Diggermattock Hall,14. 掘鋤大廳,draft-heading-proposed,heading-only,OotA,106,data/5/entries/20/name,1,14. Diggermattock Hall,14. 挖掘者馬托克大廳
14. Obelisk,14. 方尖碑,draft-heading-proposed,heading-only,OotA,80,data/3/entries/15/entries/7/entries/15/name,1,14. Obelisk,14. 方尖碑
14. Pool,14. 池塘,draft-heading-proposed,heading-only,OotA,15,data/0/entries/9/entries/5/entries/13/name,1,14. Pool,14. 池塘
14. Rally Point,14. 集結點,draft-heading-proposed,heading-only,OotA,171,data/12/entries/3/entries/21/name,1,14. Rally Point,14. 集結點
14a. Fungi-Covered Doors,14a. 真菌覆蓋的門,draft-heading-proposed,heading-only,OotA,81,data/3/entries/15/entries/7/entries/16/name,1,14a. Fungi-Covered Doors,14a. 真菌覆蓋的門
15. Exit Tunnel,15. 出口隧道,draft-heading-proposed,heading-only,OotA,171,data/12/entries/3/entries/22/name,1,15. Exit Tunnel,15. 出口隧道
15. Singing Stones,15. 歌唱之石,draft-heading-proposed,heading-only,OotA,106,data/5/entries/21/name,1,15. Singing Stones,15. 歌唱之石
16. The Foaming Mug,16. 泡沫杯,draft-heading-proposed,heading-only,OotA,107,data/5/entries/22/name,1,16. The Foaming Mug,16. 泡沫杯
17. Abandoned Residences,17. 廢棄住宅,draft-heading-proposed,heading-only,OotA,108,data/5/entries/23/entries/7/name,1,17. Abandoned Residences,17. 廢棄住宅
18. Overlook,18. 俯瞰,draft-heading-proposed,heading-only,OotA,108,data/5/entries/23/entries/8/name,1,18. Overlook,18. 俯瞰
19. Crystal Garden,19. 水晶花園,draft-heading-proposed,heading-only,OotA,108,data/5/entries/23/entries/9/name,1,19. Crystal Garden,19. 水晶花園
1a. Cart Lift,1a. 手推車升降機,draft-heading-proposed,heading-only,OotA,101,data/5/entries/6/entries/1/entries/1/name,1,1a. Cart Lift,1a. 手推車升降機
1a. Northwest Entrance,1a. 西北入口,draft-heading-proposed,heading-only,OotA,135,data/8/entries/13/entries/1/name,1,1a. Northwest Entrance,1a. 西北入口
1a. Pool Bypass,1a. 泳池旁路,draft-heading-proposed,heading-only,OotA,70,data/3/entries/15/entries/7/entries/1/name,1,1a. Pool Bypass,1a. 泳池旁路
1b. Buppido's Lair,1b. 布皮多的巢穴,draft-heading-proposed,heading-only,OotA,70,data/3/entries/15/entries/7/entries/2/name,1,1b. Buppido's Lair,1b. 布皮多的巢穴
1b. North Entrance,1b. 北入口,draft-heading-proposed,heading-only,OotA,135,data/8/entries/13/entries/2/name,1,1b. North Entrance,1b. 北入口
1c. Northeast Entrance,1c. 東北入口,draft-heading-proposed,heading-only,OotA,135,data/8/entries/13/entries/3/name,1,1c. Northeast Entrance,1c. 東北入口
1d. South Entrance and Shore,1d. 南入口和岸邊,draft-heading-proposed,heading-only,OotA,135,data/8/entries/13/entries/4/name,1,1d. South Entrance and Shore,1d. 南入口和岸邊
1e. Zhentarim Secret Door,1e. 散塔林會秘密門,draft-heading-proposed,heading-only,OotA,136,data/8/entries/13/entries/5/name,1,1e. Zhentarim Secret Door,1e. 散塔林會秘密門
2. Barracks,2. 營房,draft-heading-proposed,heading-only,OotA,11,data/0/entries/9/entries/5/entries/1/name,1,2. Barracks,2. 營房
2. Cave Floor,2. 洞穴地面,draft-heading-proposed,heading-only,OotA,168,data/12/entries/3/entries/9/name,1,2. Cave Floor,2. 洞穴地面
2. Diseased Pool,2. 病疫池塘,draft-heading-proposed,heading-only,OotA,72,data/3/entries/15/entries/7/entries/3/name,1,2. Diseased Pool,2. 病疫池塘
2. Docks,2. 碼頭,draft-heading-proposed,heading-only,OotA,46,data/2/entries/14/name,1,2. Docks,2. 碼頭
2. Dripping Death,2. 滴落的死亡,draft-heading-proposed,heading-only,OotA,34,data/1/entries/15/entries/4/name,1,2. Dripping Death,2. 滴落的死亡
2. Fungus Cave,2. 真菌洞穴,draft-heading-proposed,heading-only,OotA,172,data/12/entries/5/entries/5/name,1,2. Fungus Cave,2. 真菌洞穴
2. Main Gate,2.主城門,draft-heading-proposed,heading-only,OotA,101,data/5/entries/6/entries/2/name,1,2. Main Gate,2.主城門
2. Northern Terraces,2. 北部梯田,draft-heading-proposed,heading-only,OotA,87,data/4/entries/12/name,1,2. Northern Terraces,2. 北部梯田
2. Shrine,2. 神殿,draft-heading-proposed,heading-only,OotA,37,data/1/entries/16/entries/7/name,1,2. Shrine,2. 神殿
2. Trench,2. 溝渠,draft-heading-proposed,heading-only,OotA,136,data/8/entries/14/name,1,2. Trench,2. 溝渠
20. Neheedra's Lair,20. 妮希德拉的巢穴,draft-heading-proposed,heading-only,OotA,109,data/5/entries/23/entries/10/name,1,20. Neheedra's Lair,20. 尼希德拉的巢穴
21. Drow Statues,21. 卓爾雕像,draft-heading-proposed,heading-only,OotA,109,data/5/entries/23/entries/11/name,1,21. Drow Statues,21. 黑暗精靈雕像
22. Steadfast Stone,22. 堅定之石,draft-heading-proposed,heading-only,OotA,109,data/5/entries/23/entries/12/name,1,22. Steadfast Stone,22. 堅定之石
23. Main Entrance,23. 主入口,draft-heading-proposed,heading-only,OotA,110,data/5/entries/24/entries/3/name,1,23. Main Entrance,23. 主入口
24. Refuse Pile,24. 垃圾堆,draft-heading-proposed,heading-only,OotA,110,data/5/entries/24/entries/4/name,1,24. Refuse Pile,24. 垃圾堆
25. Hall of Miners,25. 礦工大廳,draft-heading-proposed,heading-only,OotA,110,data/5/entries/24/entries/5/name,1,25. Hall of Miners,25. 礦工大廳
26. Chipgrin's Rise,26. 奇普格林的崛起,draft-heading-proposed,heading-only,OotA,111,data/5/entries/24/entries/6/name,1,26. Chipgrin's Rise,26. 奇普格林的崛起
27. Secret Tunnel,27. 秘密隧道,draft-heading-proposed,heading-only,OotA,111,data/5/entries/24/entries/7/name,1,27. Secret Tunnel,27. 秘密隧道
28. House Center,28. 房屋中心,draft-heading-proposed,heading-only,OotA,111,data/5/entries/25/entries/2/name,1,28. House Center,28. 房屋中心
29. Ruined Stockade,29. 毀壞的圍欄,draft-heading-proposed,heading-only,OotA,112,data/5/entries/25/entries/3/name,1,29. Ruined Stockade,29. 毀壞的圍欄
2A. Gnoll Hunters,2A. 鬣狗人獵人,draft-heading-proposed,heading-only,OotA,32,data/1/entries/14/entries/5/name,1,2A. Gnoll Hunters,2A. 鬣狗人獵人
2B. Gnoll Hunters,2B. 鬣狗人獵人,draft-heading-proposed,heading-only,OotA,33,data/1/entries/14/entries/6/name,1,2B. Gnoll Hunters,2B. 鬣狗人獵人
3. Central Basin,3. 中央盆地,draft-heading-proposed,heading-only,OotA,88,data/4/entries/13/name,1,3. Central Basin,3. 中央盆地
3. Cornered,3. 走投無路,draft-heading-proposed,heading-only,OotA,33,data/1/entries/14/entries/7/name,1,3. Cornered,3. 走投無路
3. Glabbagool,3. 格拉巴布林,draft-heading-proposed,heading-only,OotA,35,data/1/entries/15/entries/5/name,1,3. Glabbagool,3. 格拉巴古爾
3. Main Cavern,3. 主洞穴,draft-heading-proposed,heading-only,OotA,136,data/8/entries/15/name,1,3. Main Cavern,3. 主洞穴
3. Main Hall,3. 主廳,draft-heading-proposed,heading-only,OotA,11,data/0/entries/9/entries/5/entries/2/name,1,3. Main Hall,3. 主廳
3. Maze,3. 迷宮,draft-heading-proposed,heading-only,OotA,102,data/5/entries/6/entries/3/name,1,3. Maze,3. 迷宮
3. Ossuary,3. 骨灰堂,draft-heading-proposed,heading-only,OotA,172,data/12/entries/5/entries/6/name,1,3. Ossuary,3. 骨灰堂
3. Parade of Fools,3. 愚人行,draft-heading-proposed,heading-only,OotA,72,data/3/entries/15/entries/7/entries/4/name,1,3. Parade of Fools,3. 愚人行
3. Rise,3. 上升,draft-heading-proposed,heading-only,OotA,168,data/12/entries/3/entries/10/name,1,3. Rise,3. 上升
3. Servants' Sarcophagi,3. 僕人的石棺,draft-heading-proposed,heading-only,OotA,37,data/1/entries/16/entries/8/name,1,3. Servants' Sarcophagi,3. 僕人的石棺
3. Shrine of the Sea Mother,3. 海洋之母神殿,draft-heading-proposed,heading-only,OotA,46,data/2/entries/15/name,1,3. Shrine of the Sea Mother,3. 海洋之母神殿
30. Throne Room,30. 寶座室,draft-heading-proposed,heading-only,OotA,112,data/5/entries/25/entries/4/name,1,30. Throne Room,30. 寶座室
3a. West Marketplace,3a. 西市場,draft-heading-proposed,heading-only,OotA,136,data/8/entries/15/entries/3/name,1,3a. West Marketplace,3a. 西市場
3b. East Marketplace,3b. 東部市場,draft-heading-proposed,heading-only,OotA,136,data/8/entries/15/entries/4/name,1,3b. East Marketplace,3b. 東部市場
4. Altar of the Deep Father,4. 深父祭壇,draft-heading-proposed,heading-only,OotA,47,data/2/entries/16/name,1,4. Altar of the Deep Father,4. 深父祭壇
4. Basin,4. 盆地,draft-heading-proposed,heading-only,OotA,168,data/12/entries/3/entries/11/name,1,4. Basin,4. 盆地
4. Chasm,4. 裂谷,draft-heading-proposed,heading-only,OotA,172,data/12/entries/5/entries/7/name,1,4. Chasm,4. 裂谷
4. Drow Enclave,4. 卓爾飛地,draft-heading-proposed,heading-only,OotA,137,data/8/entries/16/name,1,4. Drow Enclave,4. 卓爾飛地
4. Elite Barracks,4. 精英兵營,draft-heading-proposed,heading-only,OotA,12,data/0/entries/9/entries/5/entries/3/name,1,4. Elite Barracks,4. 精英兵營
4. False Tomb,4. 假墓,draft-heading-proposed,heading-only,OotA,38,data/1/entries/16/entries/9/name,1,4. False Tomb,4. 假墓
4. Fungi Thicket,4. 真菌叢,draft-heading-proposed,heading-only,OotA,73,data/3/entries/15/entries/7/entries/5/name,1,4. Fungi Thicket,4. 真菌叢
4. Gauntlet,4. 障礙賽,draft-heading-proposed,heading-only,OotA,102,data/5/entries/6/entries/4/name,1,4. Gauntlet,4. 障礙賽
4. Hook Horror Nest,4. 恐爪怪巢穴,draft-heading-proposed,heading-only,OotA,33,data/1/entries/14/entries/8/name,1,4. Hook Horror Nest,4. 恐爪怪巢穴
4. Pudding Pits,4. 布丁坑,draft-heading-proposed,heading-only,OotA,35,data/1/entries/15/entries/6/name,1,4. Pudding Pits,4. 布丁坑
4. Southern Terraces,4. 南部梯田,draft-heading-proposed,heading-only,OotA,90,data/4/entries/14/name,1,4. Southern Terraces,4. 南部梯田
4a. Drow Fungi Grove,4a. 卓爾真菌林,draft-heading-proposed,heading-only,OotA,137,data/8/entries/16/entries/2/name,1,4a. Drow Fungi Grove,4a. 黑暗精靈真菌林
4b. Drow Warehouse,4b. 卓爾倉庫,draft-heading-proposed,heading-only,OotA,138,data/8/entries/16/entries/3/name,1,4b. Drow Warehouse,4b. 黑暗精靈倉庫
5. Duergar Enclave,5. 灰矮人聚居地,draft-heading-proposed,heading-only,OotA,138,data/8/entries/17/name,1,5. Duergar Enclave,5. 灰矮人聚居地
5. Echo Chambers,5. 回聲室,draft-heading-proposed,heading-only,OotA,172,data/12/entries/5/entries/8/name,1,5. Echo Chambers,5. 回聲室
5. Fountain of Madness,5. 瘋狂之泉,draft-heading-proposed,heading-only,OotA,36,data/1/entries/15/entries/7/name,1,5. Fountain of Madness,5. 瘋狂之泉
5. Garden of Welcome,5. 歡迎花園,draft-heading-proposed,heading-only,OotA,90,data/4/entries/15/name,1,5. Garden of Welcome,5. 歡迎花園
5. Gnoll Camp,5. 鬣狗人營地,draft-heading-proposed,heading-only,OotA,34,data/1/entries/14/entries/9/name,1,5. Gnoll Camp,5. 鬣狗人營地
5. Lift,5. 升降機,draft-heading-proposed,heading-only,OotA,12,data/0/entries/9/entries/5/entries/4/name,1,5. Lift,5. 升降機
5. Raucous Mesa,5. 喧鬧的臺地,draft-heading-proposed,heading-only,OotA,74,data/3/entries/15/entries/7/entries/6/name,1,5. Raucous Mesa,5. 喧鬧的臺地
5. Reception Hall,5. 接待大廳,draft-heading-proposed,heading-only,OotA,102,data/5/entries/11/name,1,5. Reception Hall,5. 接待大廳
5. Supplies and Captives,5. 補給和俘虜,draft-heading-proposed,heading-only,OotA,169,data/12/entries/3/entries/12/name,1,5. Supplies and Captives,5. 補給和俘虜
5. True Tomb,5. 真正墓室,draft-heading-proposed,heading-only,OotA,38,data/1/entries/16/entries/10/name,1,5. True Tomb,5. 真正墓室
5a. Duergar Fungi Grove,5a. 灰矮人真菌林,draft-heading-proposed,heading-only,OotA,138,data/8/entries/17/entries/1/name,1,5a. Duergar Fungi Grove,5a. 灰矮人爾真菌林
5b. Duergar Warehouse,5b. 灰矮人倉庫,draft-heading-proposed,heading-only,OotA,138,data/8/entries/17/entries/2/name,1,5b. Duergar Warehouse,5b. 灰矮人倉庫
6. Barracks,6. 兵營,draft-heading-proposed,heading-only,OotA,102,data/5/entries/12/name,1,6. Barracks,6. 兵營
6. Caretaker's Quarters,6. 管理員宿舍,draft-heading-proposed,heading-only,OotA,172,data/12/entries/5/entries/9/name,1,6. Caretaker's Quarters,6. 管理員宿舍
6. Dire Den,6. 險惡巢穴,draft-heading-proposed,heading-only,OotA,74,data/3/entries/15/entries/7/entries/7/name,1,6. Dire Den,6. 險惡巢穴
6. Shrine to Lolth,6. 羅絲神龕,draft-heading-proposed,heading-only,OotA,12,data/0/entries/9/entries/5/entries/5/name,1,6. Shrine to Lolth,6. 羅絲神龕
6. Steam Vent,6. 蒸汽噴口,draft-heading-proposed,heading-only,OotA,170,data/12/entries/3/entries/13/name,1,6. Steam Vent,6. 蒸汽噴口
6. Svirfneblin Enclave,6. 地底侏儒聚居地,draft-heading-proposed,heading-only,OotA,139,data/8/entries/18/name,1,6. Svirfneblin Enclave,6. 斯涅布力聚居地
6. Water Chamber,6. 水室,draft-heading-proposed,heading-only,OotA,36,data/1/entries/15/entries/8/name,1,6. Water Chamber,6. 水室
6a. Svirfneblin Fungi Grove,6a. 地底侏儒真菌林,draft-heading-proposed,heading-only,OotA,140,data/8/entries/18/entries/1/name,1,6a. Svirfneblin Fungi Grove,6a. 斯涅布力真菌林
6b. Svirfneblin Warehouse,6b. 地底侏儒倉庫,draft-heading-proposed,heading-only,OotA,140,data/8/entries/18/entries/2/name,1,6b. Svirfneblin Warehouse,6b. 斯涅布力倉庫
7. Entry Chamber,7. 入口室,draft-heading-proposed,heading-only,OotA,173,data/12/entries/5/entries/10/name,1,7. Entry Chamber,7. 入口室
7. Gray Ghost Garden,7. 灰影花園,draft-heading-proposed,heading-only,OotA,75,data/3/entries/15/entries/7/entries/8/name,1,7. Gray Ghost Garden,7. 灰影花園
7. Ilvara's Quarters,7. 伊爾瓦拉的住處,draft-heading-proposed,heading-only,OotA,12,data/0/entries/9/entries/5/entries/6/name,1,7. Ilvara's Quarters,7. 伊爾瓦拉的住處
7. Traders' Grotto,7. 商人之洞,draft-heading-proposed,heading-only,OotA,103,data/5/entries/13/name,1,7. Traders' Grotto,7. 商人之洞
7. Troglodyte Outpost,7. 穴蜥人前哨站,draft-heading-proposed,heading-only,OotA,170,data/12/entries/3/entries/14/name,1,7. Troglodyte Outpost,7. 穴蜥人前哨站
7. Zhentarim Enclave,7. 散塔林會聚居地,draft-heading-proposed,heading-only,OotA,140,data/8/entries/19/name,1,7. Zhentarim Enclave,7. 散塔林會聚居地
7a. Zhentarim Encampment,7a. 散塔林會營地,draft-heading-proposed,heading-only,OotA,140,data/8/entries/19/entries/1/name,1,7a. Zhentarim Encampment,7a. 散塔林會營地
7b. Zhentarim Warehouse,7b. 散塔林會倉庫,draft-heading-proposed,heading-only,OotA,141,data/8/entries/19/entries/2/name,1,7b. Zhentarim Warehouse,7b. 散塔林會倉庫
8. Egg Chamber,8. 卵室,draft-heading-proposed,heading-only,OotA,173,data/12/entries/5/entries/11/name,1,8. Egg Chamber,8. 卵室
8. Gray Alchemist,8. 灰袍鍊金術士,draft-heading-proposed,heading-only,OotA,76,data/3/entries/15/entries/7/entries/9/name,1,8. Gray Alchemist,8. 灰袍鍊金術士
8. Roper Lair,8. 石繩怪巢穴,draft-heading-proposed,heading-only,OotA,170,data/12/entries/3/entries/15/name,1,8. Roper Lair,8. 石繩怪巢穴
8. Shoor's Quarters,8. 修爾的住處,draft-heading-proposed,heading-only,OotA,14,data/0/entries/9/entries/5/entries/7/name,1,8. Shoor's Quarters,8. 舒爾的住處
8. The Ruby in the Rough,8. 粗獷的紅寶石,draft-heading-proposed,heading-only,OotA,103,data/5/entries/14/name,1,8. The Ruby in the Rough,8. 粗獷的紅寶石
9. Bat Cave,9. 蝙蝠洞,draft-heading-proposed,heading-only,OotA,174,data/12/entries/5/entries/12/name,1,9. Bat Cave,9. 蝙蝠洞
9. Cultivation Cave,9. 培育洞穴,draft-heading-proposed,heading-only,OotA,105,data/5/entries/15/name,1,9. Cultivation Cave,9. 培育洞穴
9. Fountain of Evil,9. 邪惡之泉,draft-heading-proposed,heading-only,OotA,77,data/3/entries/15/entries/7/entries/10/name,1,9. Fountain of Evil,9. 邪惡之泉
9. Sunken Pool,9. 沉沒池塘,draft-heading-proposed,heading-only,OotA,170,data/12/entries/3/entries/16/name,1,9. Sunken Pool,9. 沉沒池塘
9. Waterfall,9. 瀑布,draft-heading-proposed,heading-only,OotA,14,data/0/entries/9/entries/5/entries/8/name,1,9. Waterfall,9. 瀑布
A Change of Heart,心靈的轉變,draft-heading-proposed,heading-only,OotA,190,data/14/entries/4/entries/2/entries/1,2,"If the characters read Grin's thoughts or compel him to speak using magic or torture, Grin reveals that he has misgivings about Vizeran's plan. Though he has no affection for the matron mothers and priestesses that govern Menzoberranzan, Grin has no wish to see his birthplace—and its people—destroyed. If Grin sees firsthand the destruction wrought by Demogorgon's rampage through the city, he becomes even more reluctant to see Vizeran's plan through (see ""{@area A Change of Heart|55d|x}"" later in this chapter).",心靈的轉變
A City Divided,分裂之城,draft-heading-proposed,heading-only,OotA,54,data/3/entries/4/entries/9/entries/4/entries/1/entries/2/name,1,A City Divided,分裂之城
A Day in Neverlight Grove,無光林地的一天,draft-heading-proposed,heading-only,OotA,85,data/4/entries/5/entries/5/name,1,A Day in Neverlight Grove,永不熄滅之林的一天
A Flight of Demons,惡魔的飛行,draft-heading-proposed,heading-only,OotA,16,data/0/entries/10/entries/3/name,2,A Flight of Demons,惡魔的飛行
A Kuo-Toan Koan,寇濤魚人的禪宗公案,draft-heading-proposed,heading-only,OotA,46,data/2/entries/12/entries/2/entries/3/name,1,A Kuo-Toan Koan,寇濤魚人的禪宗公案
A Motley Crew,一群雜牌軍,draft-heading-proposed,heading-only,OotA,8,data/0/entries/7/entries/3/entries/10/entries/2/name,3,A Motley Crew,一群雜牌軍
A Place of Peace,和平之地,draft-heading-proposed,heading-only,OotA,154,data/10/entries/5/entries/5/entries/1/entries/5/name,2,A Place of Peace,和平之地
A Task for the Keepers,守護者的任務,draft-heading-proposed,heading-only,OotA,66,data/3/entries/14/entries/4/entries/6/name,1,A Task for the Keepers,守護者的任務
Abandoned Guardhouses,廢棄的警衛室,draft-heading-proposed,heading-only,OotA,64,data/3/entries/10/entries/2/name,1,Abandoned Guardhouses,廢棄的警衛室
Abundant Fungi,豐富的真菌,draft-heading-proposed,heading-only,OotA,87,data/4/entries/9/entries/2/name,1,Abundant Fungi,豐富的真菌
Abusive Duergar Guards,虐待狂灰矮人守衛,draft-heading-proposed,heading-only,OotA,51,data/3/entries/4/entries/7/entries/2/name,1,Abusive Duergar Guards,虐待狂灰矮人守衛
Abyss,無底深淵,project-proposed,matching-English-source-string-only,OotA,4,data/0/entries/2,61,"The setup of {@i Out of the Abyss} is such that the characters need have no connections with events in the Underdark, or with each other, prior to the start of the adventure. They can meet and get to know each other as prisoners of the drow. Players who would like their characters to have a stronger Underdark connection can choose from the background options in {@adventure appendix A|OotA|17}.",Abyss
Access to the Whorlstone Tunnels,進入渦石隧道的通道,draft-heading-proposed,heading-only,OotA,62,data/3/entries/9/entries/9/entries/3/name,2,Access to the Whorlstone Tunnels,進入漩渦石隧道的通道
Accessing the Records,訪問記錄,draft-heading-proposed,heading-only,OotA,154,data/10/entries/5/entries/6/entries/1/name,1,Accessing the Records,訪問記錄
Achieving Victory,取得勝利,draft-heading-proposed,heading-only,OotA,214,data/15/entries/9/entries/2/name,1,Achieving Victory,取得勝利
Acid Vial,強酸瓶,draft-heading-proposed,heading-only,OotA,76,data/3/entries/15/entries/7/entries/9/entries/5/entries/1/name,1,Acid Vial,強酸瓶
Acquisitions,收購,draft-heading-proposed,heading-only,OotA,15,data/0/entries/10/entries/1/name,1,Acquisitions,收購
Acrobatics,體操,existing-site,heading-only,OotA,31,data/1/entries/13/entries/2/entries/2/items/1,8,Add {@skill Acrobatics} +6 and {@skill Athletics} +3 to the goblins' list of skills.,雜技
Across the Fungal Fields,穿越真菌田野,draft-heading-proposed,heading-only,OotA,211,data/15/entries/5/entries/3/name,1,Across the Fungal Fields,穿越真菌田野
Activating the Engine,啟用引擎,draft-heading-proposed,heading-only,OotA,187,data/13/entries/14/entries/5/name,1,Activating the Engine,啟用引擎
Adamantine Tower,精金塔,draft-heading-proposed,heading-only,OotA,179,data/13/entries/7/entries/0,2,"This chapter features a number of set encounters. Either as the characters journey to the Labyrinth or return to Vizeran's tower, you can run the ""{@area Adamantine Tower|4a0|x}"" encounter. Once the characters reach the edge of the Labyrinth, go to the ""Spiral of the Horned Lord"" encounter.",精金塔
Additional Proofreading,額外校對,draft-heading-proposed,heading-only,OotA,,data/22/entries/1/items/6/name,1,Additional Proofreading,額外校對
Afterword,後記,draft-heading-proposed,heading-only,OotA,250,data/21/name,1,Afterword,後記
Against Demogorgon,對抗狄摩高根,draft-heading-proposed,heading-only,OotA,219,data/16/entries/4/name,1,Against Demogorgon,對抗狄摩高根
Agents of the Wyrmsmith,龍匠的代理人,draft-heading-proposed,heading-only,OotA,66,data/3/entries/14/entries/4/name,1,Agents of the Wyrmsmith,龍匠的代理人
Air,氣,existing-site,heading-only,OotA,34,data/1/entries/15/entries/0,41,"A tremor causes a cave-in and traps the adventurers in a maze of tunnels with no obvious way out. With a dwindling air supply and water rising in the tunnels, the characters are forced to find a means of escape. Complicating matters, part of the maze belongs to a forgotten temple that now serves as the lair of servants of the demon lord Juiblex.",空氣
Alchemist's Fire,熾火膠,existing-site,heading-only,OotA,76,data/3/entries/15/entries/7/entries/9/entries/5/entries/0,5,A {@creature duergar alchemist|OotA} carries two vials of acid and two flasks of alchemist's fire. It uses the normal {@creature duergar} stat block but replaces the Javelin attack option with the following attack options:,熾火膠
Aljanor,阿爾詹諾,project-proposed,matching-English-source-string-only,OotA,149,data/9/entries/8/entries/4/entries/1/entries/4,8,"The leaders of the drow force are a female {@creature drow elite warrior} named Ryzliir Symryvvin and her consort, a male {@creature drow mage} named Velgor Zolond. They are joined by a prisoner in manacles—an unarmed and unarmored male human {@creature knight} of the Order of the Gauntlet named {@creature Aljanor Keenblade|OotA}. Sir Aljanor was captured during a surface raid months ago, and the drow have beaten him such that he has only 3 hit points remaining. Members of the order traveling in the party's expeditionary force recognize Sir Aljanor instantly and are {@status surprised}; they assumed he had been killed.",Aljanor;阿爾賈諾
Aljanor Keenblade,阿爾詹諾·基恩布萊德,existing-site,matching-English-source-string-only,OotA,149,data/9/entries/8/entries/4/entries/1/entries/4,1,"The leaders of the drow force are a female {@creature drow elite warrior} named Ryzliir Symryvvin and her consort, a male {@creature drow mage} named Velgor Zolond. They are joined by a prisoner in manacles—an unarmed and unarmored male human {@creature knight} of the Order of the Gauntlet named {@creature Aljanor Keenblade|OotA}. Sir Aljanor was captured during a surface raid months ago, and the drow have beaten him such that he has only 3 hit points remaining. Members of the order traveling in the party's expeditionary force recognize Sir Aljanor instantly and are {@status surprised}; they assumed he had been killed.",Aljanor Keenblade
All Roads Lead Here,條條大路通羅馬,draft-heading-proposed,heading-only,OotA,122,data/7/entries/2/entries/8/entries/3/name,1,All Roads Lead Here,條條大路通羅馬
Allied Forces,聯盟力量,draft-heading-proposed,heading-only,OotA,217,data/16/entries/2/entries/5/entries/1/name,1,Allied Forces,聯盟力量
Alternative Showdown,替代對決,draft-heading-proposed,heading-only,OotA,219,data/16/entries/4/entries/7/entries/2/name,1,Alternative Showdown,替代對決
Alustriel,艾拉斯卓,project-proposed,matching-English-source-string-only,OotA,153,data/10/entries/5/entries/3/entries/6/entries/0/rows/0/1,2,Alustriel Silverhand,Alustriel;阿魯絲翠;阿盧斯特瑞爾;阿盧絲翠;阿露絲翠;阿露絲緹爾
Alustriel Silverhand,艾拉斯卓·銀手,existing-site,matching-English-source-string-only,OotA,153,data/10/entries/5/entries/3/entries/6/entries/0/rows/0/1,2,Alustriel Silverhand,Alustriel Silverhand;艾拉斯卓·銀手
Amarith,阿瑪瑞斯,project-proposed,matching-English-source-string-only,OotA,142,data/8/entries/20/entries/3/entries/2/name,9,Amarith's Zoo,Amarith;阿瑪麗斯
Amarith Coppervein,阿瑪瑞斯·銅脈,existing-site,matching-English-source-string-only,OotA,142,data/8/entries/20/entries/3/entries/2/entries/0,2,"If {@creature Sladis Vadir|OotA} joined the party and is still around when the characters are ready to leave Mantol-Derith, he offers to guide them to a cavern roughly eight days' travel west of Mantol-Derith, along the same route the characters must travel to reach Gravenhollow. Sladis claims that the cave is home to another member of the Emerald Enclave: a dwarf named {@creature Amarith Coppervein|OotA}. This news will interest characters searching for Amarith on behalf of Morista Malkin (see {@area chapter 8|346|x}).",Amarith Coppervein
Amarith's Zoo,阿瑪瑞斯的動物園,draft-heading-proposed,heading-only,OotA,142,data/8/entries/20/entries/3/entries/2/name,1,Amarith's Zoo,阿瑪麗斯的動物園
Ambusher Lair Discoveries,伏擊者巢穴發現,draft-heading-proposed,heading-only,OotA,28,data/1/entries/10/entries/4/entries/3/name,1,Ambusher Lair Discoveries,伏擊者巢穴發現
Ambushers,伏擊者,existing-site,matching-English-source-string-only,OotA,27,data/1/entries/10/entries/4/entries/1/rows/0/1,3,Ambushers; reroll this encounter if the characters are resting,Ambushers;伏擊者
Amnian,安姆的,project-proposed,matching-English-source-string-only,OotA,141,data/8/entries/19/entries/2/entries/5,1,"Born into a wealthy family, Ghazrim has the typically smarmy demeanor of the Amnian aristocracy coupled with a biting sense of humor that he uses to diffuse tense situations. He's not afraid of a good fight but is averse to attacking a superior force. If he realizes the characters are in league with the Black Network, he offers them food, wine, and whatever else they need to complete their mission (see ""Treasure"").",Amnian
Anaya,阿納亞,draft-heading-proposed,heading-only,OotA,185,data/13/entries/13/entries/5/entries/2/name,1,Anaya,阿納亞
Andarin Zarith,安達林·札瑞斯,project-proposed,matching-English-source-string-only,OotA,153,data/10/entries/5/entries/3/entries/6/entries/0/rows/1/1,2,Andarin Zarith,Andarin Zarith
Animated Drow Statues,活化卓爾雕像,draft-heading-proposed,heading-only,OotA,96,data/5/entries/4/entries/5/entries/1/entries/0/rows/1/1,2,{@dice 1d4 + 1} {@creature Animated Armor||animated drow statues},活化卓爾雕像
Annals of History,歷史年鑑,draft-heading-proposed,heading-only,OotA,155,data/10/entries/5/entries/6/entries/2/entries/3/name,1,Annals of History,歷史年鑑
Appendix A: Modifying Backgrounds,附錄A：修改背景,draft-heading-proposed,heading-only,OotA,221,data/17/name,1,Appendix A: Modifying Backgrounds,附錄A：修改背景
Appendix B: Magic Items,附錄B：魔法物品,draft-heading-proposed,heading-only,OotA,222,data/18/name,1,Appendix B: Magic Items,附錄B：魔法物品
Appendix C: Creatures,附錄C：生物,draft-heading-proposed,heading-only,OotA,224,data/19/name,1,Appendix C: Creatures,附錄C：生物
Appendix D: Demon Lords,附錄D：惡魔領主,draft-heading-proposed,heading-only,OotA,234,data/20/name,1,Appendix D: Demon Lords,附錄D：惡魔領主
Approaching the Librarians,接近圖書館管理員,draft-heading-proposed,heading-only,OotA,156,data/10/entries/6/entries/9/name,1,Approaching the Librarians,接近圖書館管理員
Aquatic Troll,水生巨魔,existing-site,heading-only,OotA,42,data/2/entries/5/entries/3/entries/2/name,1,Aquatic Troll,水生巨魔
Araj,阿拉傑,project-proposed,matching-English-source-string-only,OotA,143,data/9/entries/1,30,"Much of this middle section of the adventure is free-form, dictated largely by the characters' decisions and tactics. The adventurers' immediate destination is the legendary library of Gravenhollow (see {@area chapter 11|3cb|x}), where they gain information that likely takes them to the tower of Araj, home of the mysterious drow archmage {@creature Vizeran DeVir|OotA}. However, the characters are free to explore and visit different places before and after they explore Gravenhollow and unlock its secrets.",Araj;阿拉吉
Araj: Vizeran's Tower,阿拉傑：維茲蘭之塔,draft-heading-proposed,heading-only,OotA,161,data/11/entries/3/name,1,Araj: Vizeran's Tower,阿拉吉：維澤蘭之塔
Araumycos,阿勞麥柯,project-proposed,matching-English-source-string-only,OotA,87,data/4/entries/12/entries/2/entries/1/entries/1,93,"If Gasbide interacts with the characters using rapport spores, it demands descriptions of surface-world structures, bristling with an excitement seldom seen in myconids. It asks for exasperatingly minor details such as the precise dimensions of bricks or the density of lumber. Gasbide reveals through the rapport that it dreams of building a fungal tower ""even greater than Yggmorgus."" It hopes to break through the Underdark to the surface world, possibly ""with the aid of Araumycos."" Gasbide has no conscious knowledge of what Araumycos is, sensing only that it is part of the great celebration to come. See ""{@area Yggmorgus|257|x}"" (at the end of this chapter) and chapter 16, ""{@adventure The Fetid Wedding|OotA|15},"" for more information.",Araumycos;阿勞麥柯;阿拉米科斯;阿勞米科斯;阿拉米克斯;阿拉繆寇斯
Araumycos Encounters,阿勞麥柯遭遇,draft-heading-proposed,heading-only,OotA,210,data/15/entries/4/entries/1/entries/1,3,"Once the characters enter Araumycos's territory, use the Araumycos Encounters table instead of the random encounter tables in {@area chapter 2|07f|x}. While the characters are in Araumycos's domain, check for a random encounter twice per day: once while they are traveling, and again while they are camped or resting.",阿拉米科斯遭遇
Araumycos: General Features,阿勞麥柯：一般特徵,draft-heading-proposed,heading-only,OotA,209,data/15/entries/3/entries/3/entries/2/name,1,Araumycos: General Features,阿拉米科斯：一般特徵
Arcane Brotherhood,奧法兄弟會,project-proposed,matching-English-source-string-only,OotA,123,data/7/entries/2/entries/9/entries/4/entries/2,2,"When the mages of the Arcane Brotherhood first tapped into Maegera's power, they used water magic to bind elementals that cooled the primordial's rage and kept it asleep. This bond lasted for centuries until the channels of water were closed through trickery by agents of Thay. With the pit's cooling mechanism shut down, Maegera stirred in its slumber, and its dream of ruination was enough to destroy Gauntlgrym.",Arcane Brotherhood;奧術兄弟會;秘法學派;奧秘兄弟會
Archives,檔案館,draft-heading-proposed,heading-only,OotA,152,data/10/entries/5/entries/1,15,"Each room on each level of Gravenhollow is part of either the Archives of the Past, the Archives of the Present, or the Archives of the Future. Galeb duhr assistants pick up tablets as Gravenhollow's three stone giant librarians carve and catalog them, but the classification system the giants use to organize the library's information is known only to them.",檔案館
Archives of the Future,未來檔案館,draft-heading-proposed,heading-only,OotA,152,data/10/entries/5/entries/1,4,"Each room on each level of Gravenhollow is part of either the Archives of the Past, the Archives of the Present, or the Archives of the Future. Galeb duhr assistants pick up tablets as Gravenhollow's three stone giant librarians carve and catalog them, but the classification system the giants use to organize the library's information is known only to them.",未來檔案館
Archives of the Past,過去的檔案館,draft-heading-proposed,heading-only,OotA,152,data/10/entries/5/entries/1,3,"Each room on each level of Gravenhollow is part of either the Archives of the Past, the Archives of the Present, or the Archives of the Future. Galeb duhr assistants pick up tablets as Gravenhollow's three stone giant librarians carve and catalog them, but the classification system the giants use to organize the library's information is known only to them.",過去的檔案館
Archives of the Present,當前檔案館,draft-heading-proposed,heading-only,OotA,152,data/10/entries/5/entries/1,4,"Each room on each level of Gravenhollow is part of either the Archives of the Past, the Archives of the Present, or the Archives of the Future. Galeb duhr assistants pick up tablets as Gravenhollow's three stone giant librarians carve and catalog them, but the classification system the giants use to organize the library's information is known only to them.",當前檔案館
Areas of Velkynvelve,維爾京維爾夫區域,draft-heading-proposed,heading-only,OotA,11,data/0/entries/9/entries/5/name,1,Areas of Velkynvelve,維爾金維爾夫區域
Areas of the Tunnels,隧道區域,draft-heading-proposed,heading-only,OotA,69,data/3/entries/15/entries/7/name,1,Areas of the Tunnels,隧道區域
Armor,護甲,existing-site,heading-only,OotA,14,data/0/entries/9/entries/5/entries/9/entries/3,37,"The tower's upper chamber stores extra arms and armor for the outpost. Characters who gain entrance to the armory can easily loot it (see ""Treasure"").",護甲
Arrival,抵達,draft-heading-proposed,heading-only,OotA,15,data/0/entries/9/entries/5/entries/13/entries/2,28,"The inhabitants of Velkynvelve remain unaware that the recent arrival of the demon lord Juiblex in the Underdark has made this ooze particularly aggressive and malevolent. In addition to attacking any creature in the pool, the ooze surges up to 10 feet out of the pool to attack creatures at its edge. When it does so, creatures within 30 feet of the ooze telepathically sense a voice cry out, ""Flesh for the Faceless Lord!""",抵達
Arriving at Blingdenstone,抵達布靈登石城,draft-heading-proposed,heading-only,OotA,96,data/5/entries/4/entries/4/name,1,Arriving at Blingdenstone,抵達布靈登石
Arriving at the Grove,抵達林間空地,draft-heading-proposed,heading-only,OotA,84,data/4/entries/5/name,1,Arriving at the Grove,抵達林間空地
Arriving in Gracklstugh,到達格拉克斯圖格,draft-heading-proposed,heading-only,OotA,51,data/3/entries/4/entries/6/name,2,Arriving in Gracklstugh,到達格拉克斯特夫
Art Directors,藝術指導,draft-heading-proposed,heading-only,OotA,,data/22/entries/1/items/9/name,1,Art Directors,藝術指導
Art Objects,藝術品,draft-heading-proposed,heading-only,OotA,43,data/2/entries/5/entries/3/entries/15/entries/0/rows/2/1,3,"Sunken, sealed sarcophagus containing a {@creature mummy} and {@dice 1d4} art objects (roll on the 250 gp Art Objects table in {@book chapter 7|DMG|7|Random Treasure} of the {@i Dungeon Master's Guide})",藝術品
Asha,阿莎,project-proposed,matching-English-source-string-only,OotA,8,data/0/entries/7/entries/4/entries/3/items/0,24,"There are nineteen drow at the outpost, including Ilvara, Shoor, and Jorlan, as well as another priestess named Asha. There are also a dozen quaggoths and a number of giant spiders.",Asha
Asha Vandree,阿莎·範德里,existing-site,matching-English-source-string-only,OotA,9,data/0/entries/8/entries/0,6,"The garrison at Velkynvelve consists of twelve {@creature drow}, five {@creature Drow Elite Warrior||drow elite warriors}, a junior drow priestess named {@creature Asha Vandree|OotA|Asha} (use the {@creature priest} stat block in the {@i Monster Manual}, but add the Fey Ancestry, Innate Spellcasting, and Sunlight Sensitivity features of the {@creature drow} stat block), and the outpost's commander, a senior {@creature drow priestess of Lolth} named Ilvara. The drow have the assistance of a pack of twelve {@creature Quaggoth||quaggoths} and six trained {@creature Giant Spider||giant spiders}.",Asha Vandree;阿莎·範德里
Assassins Interrupted,刺客被打斷,draft-heading-proposed,heading-only,OotA,62,data/3/entries/9/entries/9/entries/2/name,1,Assassins Interrupted,刺客被打斷
Attacking in Force,集體進攻,draft-heading-proposed,heading-only,OotA,144,data/9/entries/4/entries/2/name,1,Attacking in Force,集體進攻
Audience with Bruenor,與布魯諾會面,draft-heading-proposed,heading-only,OotA,121,data/7/entries/1/entries/5/entries/0,3,"Once the characters arrive at the gates of Gauntlgrym, they are welcomed as the king's guests and escorted into the underground city, through the Vault of Kings (see below), and shown to guest quarters. The dwarves of Gauntlgrym take matters of hospitality seriously, ensuring that the adventurers are offered food, drink, and a chance to rest and refresh themselves before their audience with the king (see ""Audience with Bruenor"" under ""Events in Gauntlgrym"").",與布魯諾會面
Audience with Karazikar,與卡拉茲卡爾會面,draft-heading-proposed,heading-only,OotA,176,data/12/entries/7/entries/3/entries/4/name,1,Audience with Karazikar,與卡拉茲卡爾會面
Audience with the Deepking,與深王的會面,draft-heading-proposed,heading-only,OotA,82,data/3/entries/17/entries/4/name,2,Audience with the Deepking,與深王的會面
Audience with the Stonespeaker,與石語者會面,draft-heading-proposed,heading-only,OotA,65,data/3/entries/13/entries/2/name,1,Audience with the Stonespeaker,與石語者會面
Awakened Zurkhwoods,覺醒的扎爾克林地生物,draft-heading-proposed,heading-only,OotA,84,data/4/entries/4/entries/4/entries/3/entries/0/rows/10/1,8,{@dice 1d4} {@creature Awakened Zurkhwood|OotA|awakened zurkhwoods}* (see {@adventure appendix C|OotA|19}),覺醒的扎爾克林地生物
Baatral,巴特瑞爾,draft-heading-proposed,heading-only,OotA,185,data/13/entries/13/entries/5/entries/3/name,1,Baatral,巴特瑞爾
Back in Operation,重新運營,draft-heading-proposed,heading-only,OotA,124,data/7/entries/2/entries/9/entries/5/name,1,Back in Operation,重新運營
Bad Dreams,噩夢,draft-heading-proposed,heading-only,OotA,9,data/0/entries/7/entries/6/name,1,Bad Dreams,噩夢
Baenre,班瑞,project-proposed,matching-English-source-string-only,OotA,52,data/3/entries/4/entries/7/entries/6/entries/0/rows/0/1,67,House Baenre,Baenre;貝恩雷;巴恩瑞;拜恩;拜爾;巴恩
Baiting the Hook,設定誘餌,draft-heading-proposed,heading-only,OotA,46,data/2/entries/12/entries/2/name,1,Baiting the Hook,設定誘餌
Bandersnatches,班德斯納奇,draft-heading-proposed,heading-only,OotA,202,data/14/entries/9/entries/12/entries/3/entries/0/rows/0/1,5,Bandersnatches,班德斯納奇
Bane,班恩,project-proposed,heading-only,OotA,96,data/5/entries/4/entries/5/entries/2/entries/0,24,"Once part of a expedition from Menzoberranzan, these drow were {@condition petrified} by a medusa and later animated by Ogrémoch's Bane (see ""{@area Settlers, Squatters, and Invaders|27a|x}"" later in this chapter). They have the statistics of {@creature animated armor}, except they are elementals instead of constructs.",
Baphomet,巴弗滅,existing-site,matching-English-source-string-only,OotA,155,data/10/entries/5/entries/6/entries/3/entries/3/entries/0,15,"Reading the tablets in these archives provides a good overview of what is going on in the Underdark at the present time. The latest news has a delay of a few days and is often incomplete, becoming more detailed as Urmas obtains more information from his messengers and informants. The reports about the demons' invasion are sketchy and incomplete, but characters can still get a rough idea about which demon lord arrived where. They can learn that Zuggtmoy might be on the move to an undisclosed location, or follow the ravaging paths of Yeenoghu and Baphomet as they gather and rally the races that worship them. Unlike the bits and pieces of news about the other demon lords, a significant amount of information is known about the cults of Demogorgon festering under Gracklstugh, as events there directly affect the resident stone giant clan.",Baphomet;巴弗梅特;巴菲門特;巴菲米特
"Baphomet, the Horned King",巴弗滅，有角之王,draft-heading-proposed,heading-only,OotA,158,data/10/entries/7/entries/5/entries/8/name,2,"Baphomet, the Horned King",巴菲門特，有角之王
Bar Fight,酒吧打鬥,draft-heading-proposed,heading-only,OotA,63,data/3/entries/9/entries/11/entries/2/name,1,Bar Fight,酒吧打鬥
Barrelstalk,桶柄菇,project-proposed,matching-English-source-string-only,OotA,22,data/1/entries/7/entries/2/entries/1/name,4,Barrelstalk,Barrelstalk
Basidia,巴斯狄亞,project-proposed,matching-English-source-string-only,OotA,83,data/4/entries/4/entries/1,88,"{@creature Stool|OotA}, the characters' fellow prisoner from {@area chapter 1|008|x}, is a myconid sprout from the grove, captured by the drow before Zuggtmoy began exerting her influence over the myconids here. Although not knowledgeable about the Underdark, {@creature Stool|OotA} has an innate sense of where its home lies and can guide the party toward it. Upon its return, {@creature Stool|OotA} is greatly disturbed by the changes it encounters in the grove. It isn't well acquainted with either sovereign, but finds itself drawn toward Basidia.",Basidia;巴西迪亞;巴斯迪亞
Basidia's Aid,巴斯狄亞的援助,draft-heading-proposed,heading-only,OotA,211,data/15/entries/5/entries/1/name,1,Basidia's Aid,Basidia的援助
Basilisk Maturation,蜥蜴人成熟期,draft-heading-proposed,heading-only,OotA,100,data/5/entries/5/entries/4/entries/4/entries/1,2,"Once the basilisks are defeated, characters can resume their exploration of the cave and find three basilisk eggs in a nest made of pulverized stone. Each egg is a 6-inch-diameter, 20-pound sphere with a pebbled-gray shell as hard as stone. Left alone, the eggs hatch in {@dice 1d4 + 1} months. An {@creature infant basilisk|OotA} that emerges imprints on the first creature it sees. It thereafter follows that creature around like its parent, demanding to be fed. If the characters manage to keep the basilisk alive, it reaches adulthood after twelve months. Track its growth using the Basilisk Maturation table.",蜥蜴人成熟期
Battle Aftermath,戰鬥後果,draft-heading-proposed,heading-only,OotA,145,data/9/entries/6/entries/2/rows/0/1,2,Battle aftermath,戰鬥後果
Battle for Blingdenstone,布靈登石城之戰,draft-heading-proposed,heading-only,OotA,110,data/5/entries/23/entries/12/entries/4/entries/0,5,"A wide, descending staircase ends before a wall of collapsed stone that blocks access to the tunnels and caves that constitute the Pudding Court. The debris can be cleared with a few days of work. However, if the characters want to use this passage as an entry point to attack {@creature the Pudding King|OotA}, they can use a volatile concoction brewed by Kazook Pickshine to quickly clear the debris (see ""{@area Battle for Blingdenstone|2f2|x}"" later in this chapter).",布林登斯通之戰
Battle of Blingdenstone Encounters,布靈登石城之戰遭遇戰,draft-heading-proposed,heading-only,OotA,114,data/5/entries/26/entries/6/entries/2,2,"To reach {@creature the Pudding King|OotA}, the characters must face {@dice 1d4 + 2} encounters, minus one encounter per goal achieved in the ""Task List"" section. Roll a {@dice d6} and consult the Battle of Blingdenstone Encounters table to determine each encounter.",Blingdenstone之戰遭遇戰
Battlements,城垛,draft-heading-proposed,heading-only,OotA,82,data/3/entries/17/entries/1/entries/0,4,"The Hold of the Deepking is a dark and foreboding edifice lodged between two great columns that rise up into thick clouds of smoke that conceal the cavern ceiling. Giant basalt braziers filled with molten lava bathe the palace facade in a hellish glow, and the thick stone walls bristle with iron turrets and battlements.",城垛
Behir,青足龍蛇,existing-site,heading-only,OotA,141,data/8/entries/19/entries/2/entries/2,6,"{@creature Lorthuun|OotA}, a maimed {@creature beholder}, also guards the warehouse. Years ago, {@creature Lorthuun|OotA} got into a terrible fight with a behir and lost four of its eyestalks. Its spherical body is also covered with scars from the behir's claws and breath weapon. {@creature Lorthuun|OotA} has the statistics of a normal beholder, except that it no longer has its sleep, petrification, disintegration, or death rays. The beholder's adjusted challenge rating is 9 (5,000 XP).",青足龍蛇
Beholder,眼魔,existing-site,heading-only,OotA,28,data/1/entries/10/entries/4/entries/6/entries/2,68,"There's a 25 percent chance that a gas spore carries a memory fragment from a dead beholder in its spores (see the gas spore's description in the ""Fungi"" entry of {@i Monster Manual}). This memory can be of anything you wish, or you can roll a {@dice d4} and consult the Beholder Memories table.",眼魔
Beholder Eyestalks,眼魔眼梗,draft-heading-proposed,heading-only,OotA,141,data/8/entries/20/entries/2/name,2,Beholder Eyestalks,眼魔眼梗
Beholder Memories,眼魔記憶,draft-heading-proposed,heading-only,OotA,28,data/1/entries/10/entries/4/entries/6/entries/2,2,"There's a 25 percent chance that a gas spore carries a memory fragment from a dead beholder in its spores (see the gas spore's description in the ""Fungi"" entry of {@i Monster Manual}). This memory can be of anything you wish, or you can roll a {@dice d4} and consult the Beholder Memories table.",眼魔記憶
Beneath the Yellow Mold,在黃黴菌之下,draft-heading-proposed,heading-only,OotA,68,data/3/entries/15/entries/5/entries/9/entries/0,2,"The characters notice a patch of yellow mold (see ""{@book Dungeon Hazards|DMG|5|Dungeon Hazards}"" in chapter 5 of the {@book Dungeon Master's Guide|DMG}) growing on something of interest, determined by rolling a {@dice d4} and consulting the Beneath the Yellow Mold table. Tampering with the mold-encrusted object causing the yellow mold to release its deadly spores.",在黃黴菌之下
Benefits for Completing Tasks,完成任務的好處,draft-heading-proposed,heading-only,OotA,113,data/5/entries/26/entries/5/entries/3,2,"See the ""Benefits for Completing Tasks"" sidebar for benefits that the characters gain during the Battle of Blingdenstone if they complete certain tasks.",完成任務的好處
Bidding Farewell,告別,draft-heading-proposed,heading-only,OotA,117,data/6/entries/5/name,2,Bidding Farewell,告別
Bigby,畢格比,project-proposed,matching-English-source-string-only,OotA,114,data/5/entries/26/entries/7/entries/4/entries/5/entries/0,1,"5th level: {@spell Bigby's hand}, {@spell cloudkill}, {@spell hold monster}, {@spell legend lore}, {@spell passwall}, {@spell Rary's telepathic bond}, {@spell telekinesis}, {@spell wall of stone}",Bigby
Bigger on the Inside,內部更大,draft-heading-proposed,heading-only,OotA,154,data/10/entries/5/entries/5/entries/1/entries/2/name,1,Bigger on the Inside,內部更大
Bigwig,巨冠菇,draft-heading-proposed,matching-English-source-string-only,OotA,67,data/3/entries/15/entries/3/entries/5/entries/0,8,Edible fungi (including pygmywort and bigwig) are abundant in the Whorlstone Tunnels. Characters can attempt {@dc 10} Wisdom ({@skill Survival}) checks to forage here.,Bigwig;大人物蘑菇;大鬍子;大蘑菇;大人物
Black Network,黑網,project-proposed,matching-English-source-string-only,OotA,129,data/7/entries/4/entries/27/entries/1,11,"Members of the shadowy Black Network consider themselves part of an extended family, and rely on the larger organization for resources and security. The Zhentarim recognizes and rewards ambition, granting its members autonomy to pursue their own interests and gain some measure of personal power or influence. In this way, the organization is a meritocracy. The Zhentarim welcomes dangerous times as opportunities. When a merchant caravan needs an escort, a noble needs bodyguards, or a city needs trained soldiers, the Zhentarim provides the best-trained fighting forces money can buy.",Black Network;黑暗網路
Black Pudding,黑布丁,existing-site,matching-English-source-string-only,OotA,10,data/0/entries/8/entries/1/entries/4/entries/1,21,"Jorlan thought that Lolth favored him, or at least that his charms had deflected her malice, until he had the misfortune of a run-in with a black pudding on an otherwise routine raid. Ilvara's healing magic saved his life but couldn't undo the terrible damage wrought by the ooze's acid. With his once-handsome face melted and scarred, and his sword hand twisted and missing two fingers, Jorlan was no longer the warrior he once was.",Black Pudding;黑布丁
Blade Bazaar,刀刃市集,project-proposed,matching-English-source-string-only,OotA,50,data/3/entries/4/entries/2,14,"{@creature Buppido|OotA} (see {@area chapter 1|008|x}) and Hemeth (see {@area chapter 3|12a|x}) are the only NPCs who actively suggest going to Gracklstugh. They know that duergar have no love for the drow, and their draconian laws keep all foreigners in check, which should provide some measure of sanctuary from drow pursuit. Gracklstugh is as good a place as any in the Underdark to sell stolen gear and buy more useful equipment. Additionally, the duergar trade actively with other subterranean and surface-dwelling races. Gracklstugh's Blade Bazaar might be the ideal place to find traders or explorers heading to the surface world.",Blade Bazaar;刀劍市場;刀劍市集;刃市集;刀鋒集市;劍刃集市;劍市
Blades,刀刃,existing-site,heading-only,OotA,50,data/3/entries/0,9,"Visitors to the duergar city of Gracklstugh are greeted by its hot and acrid air, followed by the angry red glare of the eternally burning smelters fueling the city's metal works, its clanging heart, and the forges kept alive by the flames of {@creature Themberchaud|OotA}, the red dragon that holds the title of Wyrmsmith. Gracklstugh toils endlessly, its smiths churning out the best armor and weapons among the Underdark races. Those who do business here refer to Gracklstugh as ""the City of Blades.""",刀刃
Blingdenstone,布靈登石城,project-proposed,matching-English-source-string-only,OotA,8,data/0/entries/7/entries/3/entries/10/entries/0,205,"Twin deep gnomes, {@creature Topsy|OotA} and her brother {@creature Turvy|OotA} are originally from Blingdenstone in the Underdark. They were captured by the drow while out gathering mushrooms in the tunnels near their home. Like most other svirfneblin, {@creature Topsy|OotA} has a stringy mop of hair while {@creature Turvy|OotA} only has a few tufts of hair atop his otherwise bald head. {@creature Topsy|OotA} is by far the more social of the two. {@creature Turvy|OotA} constantly mumbles and mutters darkly, with {@creature Topsy|OotA} repeating or translating what her brother says.",Blingdenstone;布靈登石城;布靈登石;布林登石;布靈登斯通;布林登斯通;布林德斯通;布林德斯頓;布林頓斯通
Blingdenstone Encounters,布靈登石城遭遇,draft-heading-proposed,heading-only,OotA,96,data/5/entries/4/entries/5/entries/0,4,"Once per day while the characters are exploring the deep gnome settlement, roll a {@dice d20} and consult the Blingdenstone Encounters table to determine what, if anything, they encounter.",布靈登石遭遇
Blingdenstone Factions,布靈登石城派系,draft-heading-proposed,heading-only,OotA,100,data/5/entries/5/entries/4/entries/3/entries/0,3,"Locating the tunnel that leads to Entémoch's Boon is a great service for the svirfneblin, and might be a quest set for the adventurers (see ""{@area Blingdenstone Factions|2f6|x}"" later in this chapter). Despite how close the cavern is to Blingdenstone, finding it is no easy task.",Blingdenstone派系
Blingdenstone NPCs,布靈登石城非玩家角色,draft-heading-proposed,heading-only,OotA,97,data/5/entries/4/entries/6/entries/1/name,1,Blingdenstone NPCs,布林德斯通非玩家角色
Blingdenstone Outskirts,布靈登石城郊區,draft-heading-proposed,heading-only,OotA,97,data/5/entries/4/entries/5/entries/6/entries/0,4,"A {@creature dust mephit} guides an {@creature earth elemental} through the caverns and passages of Blingdenstone. If approached peacefully, they can point the way to Entémoch's Boon (see ""{@area Blingdenstone Outskirts|283|x}"" later in this chapter).",布靈登石郊區
Bloppblippodd,布洛普布利波德,project-proposed,matching-English-source-string-only,OotA,43,data/2/entries/6/entries/0/entries/0/items/1,9,"{@b Government}: The archpriest Ploopploopeen once ruled in the name of the Sea Mother, the goddess Blibdoolpoolp. He was recently challenged and displaced by his daughter Bloppblippodd, archpriest of Leemooggoogoon the Deep Father.",Bloppblippodd;布洛普布里波德
Bluecap,藍帽,draft-heading-proposed,heading-only,OotA,22,data/1/entries/7/entries/2/entries/2/name,3,Bluecap,藍帽
Blurg,布勒格,existing-site,matching-English-source-string-only,OotA,29,data/1/entries/10/entries/4/entries/16/entries/1/rows/1/1,1,{@creature Blurg|OotA} the {@creature orog},Blurg
Boat,船,draft-heading-proposed,heading-only,OotA,40,data/2/entries/4/entries/1/entries/1,23,"Since there is no wind in the Underdark, all water travel involves either rowing at 1½ miles per hour, or floating with prevailing currents at 1 mile per hour. Characters can work in shifts to row more than 8 hours per day, but crewing a boat for longer than that is considered a forced march (see {@book chapter 8|PHB|8|Travel Pace} of the {@i Player's Handbook}).",船
Boneyard,骨場,draft-heading-proposed,heading-only,OotA,25,data/1/entries/10/entries/3/entries/1/rows/0/1,4,Boneyard,骨場
Boneyard Encounter,骨場遭遇,draft-heading-proposed,heading-only,OotA,25,data/1/entries/10/entries/3/entries/3/name,1,Boneyard Encounter,骨場遭遇
Brand and Marketing,品牌與市場營銷,draft-heading-proposed,heading-only,OotA,,data/22/entries/1/items/16/name,1,Brand and Marketing,品牌與市場營銷
Bregan D'aerthe,布雷甘·達耶,project-proposed,matching-English-source-string-only,OotA,191,data/14/entries/5/entries/0/entries/0/items/4,37,"{@b Organizations}: The Ruling Council (comprised of the matron mothers of the eight most powerful {@creature drow noble|OotA} houses in the city), the Church of Lolth (based in Arach-Tinilith), Bregan D'aerthe (company of drow spies, mercenaries, and assassins)",Bregan D'aerthe;佈雷甘·達特;佈雷根·達特;佈雷根·達爾特;佈雷根·達厄特;佈雷根·德爾特;布雷甘·達特;佈雷甘·達爾特;布勒根·達爾特;佈雷甘·達厄斯;佈雷甘·達耶
Bregan D'aerthe Mercenaries,布雷甘·達耶僱傭兵,draft-heading-proposed,heading-only,OotA,198,data/14/entries/9/entries/8/entries/3/entries/0/rows/1/1,3,Bregan D'aerthe mercenaries,佈雷甘·達特僱傭兵
Bregan D'aerthe Spy,布雷甘·達耶間諜,draft-heading-proposed,heading-only,OotA,195,data/14/entries/9/entries/4/entries/2/entries/0/rows/0/1,7,Bregan D'aerthe spy,佈雷甘·達爾特間諜
Bridges,橋,draft-heading-proposed,heading-only,OotA,11,data/0/entries/9/entries/0,26,"The drow outpost is located high in a cavern, built 100 feet above the rocky floor. The outpost consists of a series of small caves in the cavern walls and four ""hanging towers""—hollowed-out stalactites connected by walkways, stairs, and rope bridges. The towers are concealed by the thick webs of giant spiders stretched below them, so that only the lowermost parts of the stalactites are visible from the cavern floor.",橋
Bridges and Platforms,橋樑和平臺,draft-heading-proposed,heading-only,OotA,44,data/2/entries/9/entries/2/name,2,Bridges and Platforms,橋樑和平臺
Broken Heart,破碎的心,draft-heading-proposed,heading-only,OotA,217,data/16/entries/2/entries/4/entries/7/entries/1/name,1,Broken Heart,破碎的心
Bruenor,布魯諾,project-proposed,matching-English-source-string-only,OotA,119,data/6/entries/7/entries/0,58,"The end of this chapter of {@i Out of the Abyss} forms a break between the first half of the adventure and the second half, which begins when the characters are summoned to an audience with King Bruenor Battlehammer of Gauntlgrym (see {@adventure chapter 8|OotA|7}). You can use the break between the two halves of the adventure to deal with any or all of the following.",Bruenor;布盧諾
Bruenor Battlehammer,布魯諾·戰錘,project-proposed,matching-English-source-string-only,OotA,119,data/6/entries/7/entries/0,10,"The end of this chapter of {@i Out of the Abyss} forms a break between the first half of the adventure and the second half, which begins when the characters are summoned to an audience with King Bruenor Battlehammer of Gauntlgrym (see {@adventure chapter 8|OotA|7}). You can use the break between the two halves of the adventure to deal with any or all of the following.",Bruenor Battlehammer;布魯諾·戰錘
Bruenor's Plan,布魯諾的計劃,draft-heading-proposed,heading-only,OotA,125,data/7/entries/3/entries/4/name,1,Bruenor's Plan,布魯諾的計劃
Brysis,布莉西絲,project-proposed,matching-English-source-string-only,OotA,37,data/1/entries/16/entries/0,17,"In ages past, at the height of Faerûn's great empires of magic, the half-elf sorcerer Brysis of Khaem was interred in a floating tomb. After the fall of the empire of Netheril and its flying cities, Brysis's tomb plummeted into a crevasse and wound up in the Underdark, where it has remained for centuries. The rise of the demon lords has awakened Brysis from the eternal sleep of death as a wraith, served by specters who were once her loyal retainers. Brysis yearns to accumulate enough life force to leave the confines of her tomb, to which her spirit is bound.",Brysis;布賴西斯;布瑞西斯;布瑞希斯;布萊西絲
Bugbears,熊地精,existing-site,heading-only,OotA,192,data/14/entries/8/entries/2/entries/0/rows/0/1,10,{@dice 2d4} {@creature Bugbear||bugbears},熊地精
Buppido,布皮多,existing-site,matching-English-source-string-only,OotA,5,data/0/entries/7/entries/3/entries/1/entries/0/rows/0/0,33,{@creature Buppido|OotA},Buppido;布皮多
Buppido's Escape,布皮多的逃脫,draft-heading-proposed,heading-only,OotA,58,data/3/entries/8/entries/2/entries/11/name,1,Buppido's Escape,布皮多的逃脫
Burrow Warden Jadger,地道守望者賈傑爾,project-proposed,matching-English-source-string-only,OotA,97,data/5/entries/4/entries/6/entries/1/entries/0/rows/6/0,12,{@b Burrow Warden Jadger},Burrow Warden Jadger;地穴守衛賈傑;洞穴守衛賈德格;守衛者賈格;地穴守衛者賈傑
Burrow Wardens,地穴守衛,draft-heading-proposed,heading-only,OotA,97,data/5/entries/4/entries/6/entries/1/entries/0/rows/6/1,5,Undead leader of the burrow wardens,地穴守衛
Cairngorm,凱恩戈姆,project-proposed,matching-English-source-string-only,OotA,55,data/3/entries/4/entries/9/entries/7/name,16,Clan Cairngorm,Cairngorm;卡恩戈爾姆;凱恩格姆
Cairngorm Cavern,凱恩戈姆洞穴,draft-heading-proposed,heading-only,OotA,59,data/3/entries/9/entries/5/entries/2,6,A {@creature stone giant} from Cairngorm Cavern has succumbed to a demonic curse that has caused him to grow a disfigured second head. A successful {@dc 12} Wisdom ({@skill Insight}) check reveals that the giant is crazed and terrified. Use the stone giant stat block with the following modifications:,凱恩戈姆洞穴
Cairngorm Crown,凱恩戈姆王冠,project-proposed,matching-English-source-string-only,OotA,65,data/3/entries/13/entries/0,2,"A long tunnel opens in Southfurrow District, extending several hundred feet and into the home of the stone giants of Clan Cairngorm. The tribe is named after the ancient oath of fealty their ancestors swore to the bearers of the Cairngorm Crown, the traditional regalia of Deepkingdom monarchs. The giants lead simple, uncomplicated lives, and their dwellings reflect this.",Cairngorm Crown
Camouflage,偽裝,existing-site,heading-only,OotA,28,data/1/entries/10/entries/4/entries/9/entries/0,7,"This creature is a {@creature giant octopus} that has evolved to live and thrive on land. It can alter its coloration to appear as a rock formation, and it tends to lurk in crevices and fissures, attacking smaller creatures that wander near. It has a walking speed of 20 feet and a climbing speed of 10 feet, loses its Hold Breath feature, and replaces its Underwater Camouflage feature with the following feature:",偽裝
Capture,被捕,draft-heading-proposed,heading-only,OotA,6,data/0/entries/7/entries/3/entries/2/entries/0,19,"A male {@creature derro|OotA}, {@creature Buppido|OotA} is surprisingly gregarious and talkative, demonstrating a keen mind and a disarming manner. This pleasant facade conceals the soul of an insane killer. {@creature Buppido|OotA} secretly believes he is the living incarnation of the derro god Diinkarazan—an avatar of murder offering bloody sacrifices to create a path of carnage through the Underdark for his people to follow to glory. He rationalizes any setbacks (including his capture and imprisonment) as part of his ""divine plan."" His killings are carefully ritualized, following an exacting process of cutting open the victims and arranging their organs.",被捕
Carrion Crawler,食腐蟲,existing-site,heading-only,OotA,27,data/1/entries/10/entries/4/entries/1/rows/1/1,13,Carrion crawler,食腐蟲
Cartographers,製圖師,draft-heading-proposed,heading-only,OotA,,data/22/entries/1/items/12/name,1,Cartographers,製圖師
Catching Up,趕上,draft-heading-proposed,heading-only,OotA,24,data/1/entries/9/entries/3/entries/0,2,"The closeness of the drow pursuit is measured by a pursuit level. It begins at 4, with the drow not far behind the characters. If the pursuit level reaches 5, the drow forward scouts catch up to them, and the drow leaders arrive not long thereafter (see ""{@area Catching Up|07b|x}""). If the pursuit level drops to 0, the party has eluded the drow until circumstances bring both factions into contact again (see ""{@area Eluding Pursuit|07c|x}"").",趕上
Cave Badgers,洞穴獾,draft-heading-proposed,heading-only,OotA,96,data/5/entries/4/entries/5/entries/1/entries/0/rows/2/1,4,{@dice 1d4 + 2} {@creature Cave Badger|OotA|cave badgers},洞穴獾
Caverns and Corridors,洞穴和走廊,draft-heading-proposed,heading-only,OotA,107,data/5/entries/23/entries/6/entries/2/name,1,Caverns and Corridors,洞穴和走廊
Caves,洞穴,draft-heading-proposed,heading-only,OotA,11,data/0/entries/9/entries/0,26,"The drow outpost is located high in a cavern, built 100 feet above the rocky floor. The outpost consists of a series of small caves in the cavern walls and four ""hanging towers""—hollowed-out stalactites connected by walkways, stairs, and rope bridges. The towers are concealed by the thick webs of giant spiders stretched below them, so that only the lowermost parts of the stalactites are visible from the cavern floor.",洞穴
Caves and Tunnels,洞穴和隧道,draft-heading-proposed,heading-only,OotA,40,data/2/entries/4/entries/1/entries/5/entries/2/entries/2/name,3,Caves and Tunnels,洞穴和隧道
Ceilings,天花板,existing-site,matching-English-source-string-only,OotA,28,data/1/entries/10/entries/4/entries/4/entries/1,12,"There is a 25 percent chance that the crawler is domesticated and outfitted with a leather saddle and harness, though there's no sign of the rider. A character can approach and mount the carrion crawler without being attacked by succeeding on a {@dc 13} Wisdom ({@skill Animal Handling}) check. While in the saddle and harness, a rider can remain mounted on the carrion crawler as it crawls across walls and ceilings.",Ceilings;天花板
Ceilings and Floors,天花板和地板,draft-heading-proposed,heading-only,OotA,67,data/3/entries/15/entries/3/entries/1/name,1,Ceilings and Floors,天花板和地板
Chain of Command,指揮鏈,draft-heading-proposed,heading-only,OotA,145,data/9/entries/5/entries/6/entries/1/name,3,Chain of Command,指揮鏈
Chambers,房間,draft-heading-proposed,heading-only,OotA,12,data/0/entries/9/entries/5/entries/3/entries/0,40,"The two hanging towers flanking the platform are the quarters of the elite warriors of the outpost, except for the commander's lieutenant (currently Shoor Vandree) who has his own quarters in the priestess's tower. Each hanging tower has two chambers, with a rope ladder running between the upper and lower chamber through a zurkhwood trapdoor. The elite warriors have finer furniture, including zurkhwood chairs and small tables around which they sit.",房間
Changing Svirfneblin Attitudes,改變地底侏儒的態度,draft-heading-proposed,heading-only,OotA,96,data/5/entries/4/entries/4/entries/3/name,6,Changing Svirfneblin Attitudes,改變斯涅布力的態度
Chaos in the City,城市中的混亂,draft-heading-proposed,heading-only,OotA,78,data/3/entries/15/entries/7/entries/12/entries/4/entries/0,2,"If the characters manage to capture and interrogate a quasit, the creature readily surrenders the name of {@creature Narrak|OotA}—the {@creature derro savant|OotA} leading the cultists in the Whorlstone Tunnels (see area 12). In exchange for its life, the quasit reveals that the cult plans to curse Gracklstugh's stone giants with madness as a means to sowing chaos in the city.",城市中的混亂
Chaotic Magic,混亂魔法,draft-heading-proposed,heading-only,OotA,37,data/1/entries/16/entries/4/entries/4/name,1,Chaotic Magic,混亂魔法
Chapter 10: Descent into the Depths,第10章：深入地底,draft-heading-proposed,heading-only,OotA,143,data/9/name,1,Chapter 10: Descent into the Depths,第10章：深入地底
Chapter 11: Gravenhollow,第11章：刻文谷,draft-heading-proposed,heading-only,OotA,150,data/10/name,1,Chapter 11: Gravenhollow,第11章：格蘭霍洛
Chapter 12: The Tower of Vengeance,第12章：復仇之塔,draft-heading-proposed,heading-only,OotA,160,data/11/name,1,Chapter 12: The Tower of Vengeance,第12章：復仇之塔
Chapter 13: The Wormwrithings,第13章：蠕蟲扭道,draft-heading-proposed,heading-only,OotA,166,data/12/name,1,Chapter 13: The Wormwrithings,第13章：蠕蟲之語
Chapter 14: The Labyrinth,第14章：迷宮,draft-heading-proposed,heading-only,OotA,178,data/13/name,1,Chapter 14: The Labyrinth,第14章：迷宮
Chapter 15: The City of Spiders,第十五章：蜘蛛之城,draft-heading-proposed,heading-only,OotA,190,data/14/name,1,Chapter 15: The City of Spiders,第十五章：蜘蛛之城
Chapter 16: The Fetid Wedding,第十六章：惡臭的婚禮,draft-heading-proposed,heading-only,OotA,208,data/15/name,1,Chapter 16: The Fetid Wedding,第十六章：惡臭的婚禮
Chapter 17: Against the Demon Lords,第17章：對抗惡魔領主,draft-heading-proposed,heading-only,OotA,215,data/16/name,1,Chapter 17: Against the Demon Lords,第17章：對抗惡魔領主
Chapter 1: Prisoners of the Drow,第一章：卓爾的囚徒,draft-heading-proposed,heading-only,OotA,4,data/0/name,1,Chapter 1: Prisoners of the Drow,第一章：黑暗精靈的囚徒
Chapter 2: Into Darkness,第二章：進入黑暗,draft-heading-proposed,heading-only,OotA,17,data/1/name,1,Chapter 2: Into Darkness,第二章：進入黑暗
Chapter 3: The Darklake,第三章：黑暗湖,draft-heading-proposed,heading-only,OotA,39,data/2/name,1,Chapter 3: The Darklake,第三章：黑暗之湖
Chapter 4: Gracklstugh,第四章：格拉克斯圖格,draft-heading-proposed,heading-only,OotA,50,data/3/name,1,Chapter 4: Gracklstugh,第四章：格拉克斯圖格
Chapter 5: Neverlight Grove,第5章：無光林地,draft-heading-proposed,heading-only,OotA,83,data/4/name,1,Chapter 5: Neverlight Grove,第5章：永不之光樹林
Chapter 6: Blingdenstone,第6章：布靈登石城,draft-heading-proposed,heading-only,OotA,95,data/5/name,1,Chapter 6: Blingdenstone,第6章：布林德斯頓
Chapter 7: Escape from the Underdark,第七章：逃離幽暗地域,draft-heading-proposed,heading-only,OotA,116,data/6/name,1,Chapter 7: Escape from the Underdark,第七章：逃離地下黑暗
Chapter 8: Audience in Gauntlgrym,第8章：在岡特格瑞姆的覲見,draft-heading-proposed,heading-only,OotA,120,data/7/name,1,Chapter 8: Audience in Gauntlgrym,第8章：在高恩特林的覲見
Chapter 9: Mantol-Derith,第9章：曼塔-岱瑞絲,draft-heading-proposed,heading-only,OotA,132,data/8/name,1,Chapter 9: Mantol-Derith,第9章：曼託-德爾瑞斯
Charisma,魅力,project-proposed,matching-English-source-string-only,OotA,8,data/0/entries/7/entries/4/entries/1,39,"You might wish to consult the social interaction rules in the {@i Dungeon Master's Guide}, in which case the other prisoners are initially indifferent toward the characters. Handle the interactions using roleplaying, Charisma checks, or a balance of the two as best suits your group and the way the adventure unfolds.",Charisma
Chase Complications,追逐中的意外,draft-heading-proposed,heading-only,OotA,118,data/6/entries/6/entries/2/entries/1/name,3,Chase Complications,追逐中的意外
Chasing Droki,追逐卓奇,draft-heading-proposed,heading-only,OotA,61,data/3/entries/9/entries/7/entries/4/entries/3/name,1,Chasing Droki,追逐德羅基
Chasm,大裂谷,draft-heading-proposed,heading-only,OotA,31,data/1/entries/13/entries/0,39,"The Silken Paths are a network of spider webs crisscrossing a 500-foot-deep, 2,000-foot-wide chasm that stretches for nearly five miles. The major strands of the webs are traversable but, due to the fact that old webs disintegrate over time and the giant spiders inhabiting the chasm are constantly spinning new ones, the Silken Paths are ever-changing.",大裂谷
Chipgrin,奇普格林,project-proposed,matching-English-source-string-only,OotA,97,data/5/entries/4/entries/6/entries/1/entries/0/rows/5/0,18,{@b Chipgrin Goldwhisker},Chipgrin
Chipgrin Goldwhisker,奇普格林·金鬚,project-proposed,matching-English-source-string-only,OotA,97,data/5/entries/4/entries/6/entries/1/entries/0/rows/5/0,2,{@b Chipgrin Goldwhisker},Chipgrin Goldwhisker
Chosen,選民,project-proposed,heading-only,OotA,16,data/0/entries/10/entries/3/entries/4,6,"If you want to provide an additional challenge for the characters, a {@creature vrock} tumbles almost in front of them as they reach the cavern floor or move toward their chosen exit. The demon is badly wounded, but even with only 11 hit points remaining and having expended its spores and stunning screech abilities, it is still quite dangerous. It screeches at the characters, but if they do nothing to threaten it for 1 round, the demon takes wing and launches itself back into the fight overhead.",
Chuul Spore Servants,甲伏怪孢子僕從,draft-heading-proposed,heading-only,OotA,90,data/4/entries/13/entries/4/entries/2/name,3,Chuul Spore Servants,甲伏怪孢子僕從
Circle of Builders,建造者之環,draft-heading-proposed,heading-only,OotA,86,data/4/entries/5/entries/7/entries/1,2,"The circles in Neverlight Grove are divided by specialized function, with each circle performing a specific role in the colony. Seven circles are present in the grove, each containing an average of twenty myconids—the Circle of Hunters, the Circle of Explorers, the Circle of Sowers, the Circle of Builders, the Circle of Growers, plus the recently formed Inner Circle and Circle of Masters. Each circle gathers around a circle mound—a pile of rocks and soil upon which mold, lichen, and mushrooms are encouraged to grow. The myconids of a circle gather around their own mound to meld and sleep.",建造者之環
Circle of Explorers,探險者之環,draft-heading-proposed,heading-only,OotA,85,data/4/entries/5/entries/4/entries/1/entries/0/rows/3/1,3,Leader of the Circle of Explorers and loyal to Basidia; knows of routes to the surface world,探險者之環
Circle of Growers,種植者圈子,draft-heading-proposed,heading-only,OotA,86,data/4/entries/5/entries/7/entries/1,2,"The circles in Neverlight Grove are divided by specialized function, with each circle performing a specific role in the colony. Seven circles are present in the grove, each containing an average of twenty myconids—the Circle of Hunters, the Circle of Explorers, the Circle of Sowers, the Circle of Builders, the Circle of Growers, plus the recently formed Inner Circle and Circle of Masters. Each circle gathers around a circle mound—a pile of rocks and soil upon which mold, lichen, and mushrooms are encouraged to grow. The myconids of a circle gather around their own mound to meld and sleep.",種植者圈子
Circle of Hunters,獵人之環,draft-heading-proposed,heading-only,OotA,85,data/4/entries/5/entries/4/entries/1/entries/0/rows/2/1,5,"Leader of the Circle of Hunters, loyal to Basidia, with tasks for the party",獵人之環
Circle of Masters,大師之環,draft-heading-proposed,heading-only,OotA,85,data/4/entries/5/entries/4/entries/1/entries/0/rows/4/1,11,Mutated leader of the Circle of Masters and Zuggtmoy's monstrous servant,大師之環
Circle of Sporers,孢子者之環,draft-heading-proposed,heading-only,OotA,89,data/4/entries/13/entries/4/name,1,Circle of Sporers,孢子者之環
Circles,圓形,existing-site,heading-only,OotA,16,data/0/entries/10/entries/3/entries/1,21,"The drow rush to defend the outpost from a possible attack. The demons initially buzz past the hanging towers, leaving the walkways and caverns out of range of the effects of their droning and screeching. However, drow and quaggoths in the towers are close enough to be affected. The aerial battle eventually circles around the platform and the towers of the elite warriors as the demons savagely tear into each other.",圓形
City Gates,城門,draft-heading-proposed,heading-only,OotA,57,data/3/entries/8/entries/2/name,1,City Gates,城門
City Locations,城市地點,draft-heading-proposed,heading-only,OotA,193,data/14/entries/9/name,1,City Locations,城市地點
Clan Cairngorm,凱恩戈姆氏族,draft-heading-proposed,heading-only,OotA,55,data/3/entries/4/entries/9/entries/7/name,6,Clan Cairngorm,卡恩戈爾姆氏族
Clan Goldwhisker,金鬚族,draft-heading-proposed,heading-only,OotA,97,data/5/entries/4/entries/5/entries/12/entries/0,5,These wererats belong to Clan Goldwhisker and are searching for new places to settle within the ruins of the former city. They're always hostile and attack the party if they can't flee. Use the {@creature wererat} stat block in the {@i Monster Manual} with a few modifications: {@creature svirfneblin wererat|OotA|svirfneblin wererats} are Small and have the following additional features.,金須族
Clandestine Meeting,秘密會面,draft-heading-proposed,heading-only,OotA,126,data/7/entries/4/entries/1,3,"To play out these meetings, use the social interaction rules provided in chapter 8, ""{@book Running the Game|DMG|8},"" of the {@i Dungeon Master's Guide}. Some representatives are fine with meeting the adventurers in the Vault of Kings, but you might have others request a private or even clandestine meeting—perhaps in the characters' quarters, in an out-of-the-way alcove of the Iron Tabernacle, or in the Great Forge.",秘密會面
Clawrift,爪裂,draft-heading-proposed,heading-only,OotA,195,data/14/entries/9/entries/4/entries/0,7,"Known commonly as ""Manyfolk,"" the area surrounding the Bazaar and bordered by the Clawrift to the east is home to Menzoberranzan's merchants, tradesfolk, and crafters. Duthcloim features small inns, taprooms, and pleasure houses catering to locals, visitors, and high-status drow seeking distraction. Parts of Duthcloim were damaged or destroyed after Demogorgon emerged from the Clawrift. Nevertheless, business has been booming as drow celebrate the deaths of rivals.",爪裂
Cleanse the Steadfast Stone,淨化堅定石,draft-heading-proposed,heading-only,OotA,106,data/5/entries/19/entries/1/name,2,Cleanse the Steadfast Stone,淨化堅定石
Cleansing the Temple,淨化神廟,draft-heading-proposed,heading-only,OotA,109,data/5/entries/23/entries/12/entries/3/name,1,Cleansing the Temple,淨化神廟
Cliff and Ladder,懸崖和梯子,draft-heading-proposed,heading-only,OotA,25,data/1/entries/10/entries/3/entries/1/rows/1/1,2,Cliff and ladder,懸崖和梯子
Climate,氣候,draft-heading-proposed,heading-only,OotA,133,data/8/entries/5/entries/6/entries/1/name,1,Climate,氣候
Cocooned Halfling,被繭包裹的半身人,draft-heading-proposed,heading-only,OotA,32,data/1/entries/13/entries/3/entries/2/name,1,Cocooned Halfling,被繭包裹的半身人
Collision,碰撞,draft-heading-proposed,heading-only,OotA,41,data/2/entries/5/entries/2/entries/1/rows/0/1,4,Collision,碰撞
Common Drow Phrases,常見的卓爾短語,draft-heading-proposed,heading-only,OotA,196,data/14/entries/9/entries/4/entries/7/entries/2/name,1,Common Drow Phrases,常見的黑暗精靈短語
Components,成分,existing-site,heading-only,OotA,4,data/0/entries/5/entries/1/entries/1,35,"In addition to being manacled, spellcasters don't have any spell components or focuses, initially limiting their spellcasting ability. (Wizard characters don't need their spellbooks to cast spells, but will be unable to change their prepared spells without them. As such, give wizard characters some leeway in determining which spells they had previously prepared before being captured.) Moreover, spellcasting isn't possible inside the slave pen because of its magical wards (see area 11).",成分
Confronting the Demon Lords,面對惡魔領主,draft-heading-proposed,heading-only,OotA,217,data/16/entries/2/entries/5/name,1,Confronting the Demon Lords,面對惡魔領主
Confronting the Drow,面對卓爾,draft-heading-proposed,heading-only,OotA,118,data/6/entries/6/name,1,Confronting the Drow,面對黑暗精靈
Connecting Tunnels,連線隧道,draft-heading-proposed,heading-only,OotA,103,data/5/entries/12/entries/1/entries/1/entries/1,5,It is rare for cavern walls to be bare in Blingdenstone. The walls of large caverns are studded with stairs and ramps leading to balconies and hollows serving as storage or shops. The largest caverns are crisscrossed by walkways allowing svirfneblin and visitors to reach connecting tunnels high above the floor.,連線隧道
Conscripted by the Stone Guard,被石衛徵召,draft-heading-proposed,heading-only,OotA,62,data/3/entries/9/entries/10/entries/1/name,1,Conscripted by the Stone Guard,被石衛徵召
Cornered Rats,走投無路的老鼠,draft-heading-proposed,heading-only,OotA,97,data/5/entries/4/entries/5/entries/13/entries/1/name,1,Cornered Rats,走投無路的老鼠
Corpse,屍體,existing-site,heading-only,OotA,22,data/1/entries/6/entries/1/items/2,16,"If a fallen character's body is lost or left behind, the party's drow pursuers find it. The drow high priestess casts {@spell raise dead} on the corpse so that the character can be questioned. The character might escape later, or can be reunited with the other adventurers in a later chapter of the adventure when the drow catch up to them.",屍體
Corpses,屍體,existing-site,matching-English-source-string-only,OotA,80,data/3/entries/15/entries/7/entries/14/entries/0,10,Victims of {@creature Narrak|OotA}'s experiments are dumped here. Exposure to the {@i faerzress} has begun to animate the corpses.,Corpses;屍體
Council of Lairds,領主議會,draft-heading-proposed,heading-only,OotA,54,data/3/entries/4/entries/9/entries/2/name,3,Council of Lairds,領主議會
Council of Savants,智者議會,project-proposed,matching-English-source-string-only,OotA,53,data/3/entries/4/entries/8/entries/1/entries/0/rows/6/1,16,"Male derro courier in the employ of both the Gray Ghosts and the Council of Savants, and the subject of different possible side quests",Council of Savants;智者議會;賢者議會;學者議會;博學者議會
Council of Spiders,蜘蛛議會,draft-heading-proposed,heading-only,OotA,162,data/11/entries/6/entries/6/entries/0,8,"The only other person in Araj is Grin Ousstyl, Vizeran's {@creature drow mage} apprentice. A clever troublemaker from an out-of-favor house, Grin worked his way into the outlawed alliance of drow mages known as the Council of Spiders, but was careless and nearly executed for his ambition. Exiled from Menzoberranzan, he was taken in by Vizeran, who plays the role of a shadowy patron of the council. The young drow has continued his magical training under the archmage's tutelage.",蜘蛛議會
Cover Illustrator,封面插畫師,draft-heading-proposed,heading-only,OotA,,data/22/entries/1/items/10/name,1,Cover Illustrator,封面插畫師
Crafting,手作,draft-heading-proposed,heading-only,OotA,21,data/1/entries/4/entries/1/name,16,Crafting,手作
Crates,板條箱,draft-heading-proposed,heading-only,OotA,43,data/2/entries/5/entries/3/entries/5/entries/0/rows/2/1,6,{@dice 1d4} zurkhwood crates filled with mining tools,板條箱
Creature Encounter,生物遭遇,draft-heading-proposed,heading-only,OotA,22,data/1/entries/6/entries/3/items/1,12,"A creature encounter could reveal a potential new party member, such as a surface dweller lost in the Underdark or sent there to investigate rumors of strange happenings. An escaped slave from another Underdark settlement is another possibility.",生物遭遇
Creature Encounters,生物遭遇,draft-heading-proposed,heading-only,OotA,25,data/1/entries/10/entries/2/rows/2/1,14,One or more creatures (roll once on the Creature Encounters table),生物遭遇
Creature Food Yield,生物食物產量,draft-heading-proposed,heading-only,OotA,20,data/1/entries/3/entries/7/entries/2/name,1,Creature Food Yield,生物食物產量
Credits,製作組,draft-heading-proposed,heading-only,OotA,6,data/0/entries/7/entries/3/entries/5/entries/1,2,"{@creature Jimjar|OotA} is always true to his word, and he manages to keep exact track of his debits and credits in his head, paying up on his bets (or demanding payment) as soon as possible. He's not above pocketing a little extra coin when no one is watching, and he has an amazing ability to secret significant wealth on his person.",製作組
Cricket Catcher,捕蟀者,draft-heading-proposed,heading-only,OotA,142,data/8/entries/20/entries/3/entries/1/name,1,Cricket Catcher,捕蟀者
Cry Havoc,戰爭號令,project-proposed,matching-English-source-string-only,OotA,114,data/5/entries/26/entries/6/name,2,Cry Havoc!,Cry Havoc;製造混亂！
Cry Havoc!,戰爭號令,draft-heading-proposed,heading-only,OotA,114,data/5/entries/26/entries/6/name,2,Cry Havoc!,製造混亂！
Crystal Clusters,水晶簇,draft-heading-proposed,heading-only,OotA,25,data/1/entries/10/entries/3/entries/1/rows/2/1,2,Crystal clusters,水晶簇
"Cult of ""Y""","""歪""教團",draft-heading-proposed,heading-only,OotA,196,data/14/entries/9/entries/5/entries/4/name,1,"Cult of ""Y""","""Y""教團"
Current Affairs,時事,draft-heading-proposed,heading-only,OotA,155,data/10/entries/5/entries/6/entries/3/entries/3/name,1,Current Affairs,時事
Curse,詛咒,existing-site,heading-only,OotA,6,data/0/entries/7/entries/3/entries/3/entries/0,27,"This hulking {@creature quaggoth} is the most menacing-looking prisoner in the slave pens, and the other prisoners give him a wide berth. If any of the characters speak to him, however, the quaggoth replies in urbane Elvish. He explains that he is not, in fact, a quaggoth, but a gold elf prince polymorphed into quaggoth form by a curse. He claims to be {@creature Prince Derendil|OotA} of the kingdom of Nelrindenvane in the High Forest. His crown was usurped by the evil wizard Terrestor, who trapped him in this form and exiled him from his people.",詛咒
Cyrog,賽羅格,project-proposed,matching-English-source-string-only,OotA,154,data/10/entries/5/entries/3/entries/15/entries/0,6,"This mind flayer regards the characters with interest. Xetzirbor refuses to disclose its timeline but hints that it knows about the demonic incursion. The mind flayer tries to entice the characters into telling it what they have discovered, but of its own purpose, Xetzirbor reveals only that it came to Gravenhollow to find a way to save a dying elder brain it calls Cyrog.",Cyrog
Cyrog Lives! Hail Orcus!,賽羅格還活著！向奧喀斯致敬！,draft-heading-proposed,heading-only,OotA,158,data/10/entries/7/entries/5/entries/7/name,1,Cyrog Lives! Hail Orcus!,賽羅格還活著！向奧喀斯致敬！
D&D Lead Designers,D&D首席設計師,draft-heading-proposed,heading-only,OotA,,data/22/entries/1/items/8/name,1,D&D Lead Designers,D&D首席設計師
Dalfred,達爾弗雷德,project-proposed,matching-English-source-string-only,OotA,196,data/14/entries/9/entries/5/entries/6/entries/1/entries/0,4,"Narbondel's Shadow, which wasn't damaged during Demogorgon's rampage, offers some of the best food and lodging money can buy, but the cost is high: 25 gp per night, per person. A strongheart halfling {@creature commoner} named Dalfred Noakes owns and runs the establishment. Dalfred had a violent encounter with a young Hunzrin noble, which left him scarred and without his left ear. He has never forgotten nor forgiven the noble. To this day, he uses a small cave system that doesn't connect with the Dark Dominion to smuggle goods and hide people fleeing angry drow nobles. If the characters look like they could use his help, Dalfred does whatever he can to assist them.",Dalfred
Dalfred Noakes,達爾弗雷德·諾克斯,project-proposed,matching-English-source-string-only,OotA,196,data/14/entries/9/entries/5/entries/6/entries/1/entries/0,1,"Narbondel's Shadow, which wasn't damaged during Demogorgon's rampage, offers some of the best food and lodging money can buy, but the cost is high: 25 gp per night, per person. A strongheart halfling {@creature commoner} named Dalfred Noakes owns and runs the establishment. Dalfred had a violent encounter with a young Hunzrin noble, which left him scarred and without his left ear. He has never forgotten nor forgiven the noble. To this day, he uses a small cave system that doesn't connect with the Dark Dominion to smuggle goods and hide people fleeing angry drow nobles. If the characters look like they could use his help, Dalfred does whatever he can to assist them.",Dalfred Noakes
Dark Dominion Encounters,黑暗主宰遭遇戰,draft-heading-proposed,heading-only,OotA,192,data/14/entries/8/entries/1,2,"The Dark Dominion is a great place for random encounters. When it suits you, roll a {@dice d20} and consult the Dark Dominion Encounters table to determine what the party encounters, or choose an encounter that you like.",黑暗主宰遭遇戰
Dark Plots,黑暗陰謀,draft-heading-proposed,heading-only,OotA,148,data/9/entries/8/entries/3/entries/2/name,1,Dark Plots,黑暗陰謀
Darkhafts,黑暗使者,draft-heading-proposed,heading-only,OotA,54,data/3/entries/4/entries/9/entries/6/entries/2/name,3,Darkhafts,黑暗使者
Darklake,黑暗湖,project-proposed,matching-English-source-string-only,OotA,7,data/0/entries/7/entries/3/entries/8/entries/2,126,"Shuushar is familiar with Sloobludop, the kuo-toa town near the Darklake, and has navigated the twisting routes of the Darklake for many years. He hopes to share his enlightenment with his fellow kuo-toa, although he isn't aware of recent events in Sloobludop (see {@area chapter 3|112|x} for details).",Darklake;黑暗之湖;暗湖;黑湖
Darklake Brewery,黑暗湖釀酒廠,draft-heading-proposed,heading-only,OotA,62,data/3/entries/9/entries/8/name,1,Darklake Brewery,暗湖釀酒廠
Darklake Creature Encounters,黑暗湖生物遭遇,draft-heading-proposed,heading-only,OotA,40,data/2/entries/5/entries/1/entries/0/entries/0/rows/2/1,5,One or more creatures (roll a {@dice d12} and consult the Darklake Creature Encounters table),黑暗之湖生物遭遇
Darklake District,黑暗湖區,draft-heading-proposed,heading-only,OotA,51,data/3/entries/4/entries/6/entries/0,20,"The Darklake District is a likely entry point to the city for the characters, whether they arrive via the water or travel one of the many tunnels leading to the district's gates. Non-duergar arriving from tunnels that lead to other districts are stopped and escorted to the Darklake District under heavy guard, as every other district is normally off limits to outsiders, and trespassers risk being confronted by an {@condition invisible} patrol of four duergar.",黑暗湖區
Darklake Docks,黑暗湖碼頭,draft-heading-proposed,heading-only,OotA,51,data/3/entries/4/entries/6/entries/2,8,"Arriving by way of the Darklake Docks is easier and more discreet. If the characters are traveling by boat, {@creature Buppido|OotA} can guide them to a deserted pier where they can dock quietly. He warns them that they have to keep a low profile and head directly to the only inn in the city devoted to outsiders. The Ghohlbrorn's Lair is frequented by merchants, mercenaries, and other foreigners who can offer information about traveling elsewhere in the Underdark—or perhaps even to the surface world.",黑暗湖碼頭
Darklake Random Encounters,黑暗湖隨機遭遇,draft-heading-proposed,heading-only,OotA,40,data/2/entries/5/entries/0,2,"Every 4 hours that the characters are on the Darklake, roll a {@dice d20} and consult the Darklake Random Encounters table to determine what, if anything, they encounter. If the characters aren't moving—anchored or ashore, for example—any encounter is automatically a creature encounter.",黑暗湖隨機遭遇
Darklake Terrain Encounters,黑暗湖地形遭遇,draft-heading-proposed,heading-only,OotA,40,data/2/entries/5/entries/1/entries/0/entries/0/rows/1/1,3,Terrain (roll a {@dice d10} and consult the Darklake Terrain Encounters table),黑暗湖地形遭遇
Darkmantles,暗幕魔獸,draft-heading-proposed,heading-only,OotA,32,data/1/entries/13/entries/3/entries/1/rows/1/1,4,{@dice 1d4} {@creature Darkmantle||darkmantles},暗幕魔獸
Darkness,黑暗術,existing-site,heading-only,OotA,4,data/0/entries/0,36,"Deep beneath the surface of the world lies the Underdark, a realm of endless labyrinthine tunnels and caverns where the sun never shines. The Underdark is filled with races and creatures too numerous to count or list, and foremost among these are the dark elves—the drow. Hated and feared even by their fellow dwellers in darkness, the drow raid other settlements in the Underdark as well as the surface world, taking prisoners back with them. Rendered {@condition unconscious} with {@item drow poison}, then collared and shackled, these prisoners are eventually sold as slaves or entertainment in the dark elves' subterranean cities.",黑暗術
Dauthorn Brightmantle,道索恩·亮篷,project-proposed,matching-English-source-string-only,OotA,169,data/12/entries/3/entries/12/entries/1,1,"The cave floor is strewn with gnawed bones—the remains of dead dwarves and drow. A circular pit, nine feet deep, holds six captives—two {@creature drow} and four shield dwarf {@creature Commoner||commoners}. These unfortunates were separated from larger groups (see ""{@area Random Encounters|42d|x}"" earlier in this chapter) and captured by the troglodytes. Every couple of days, one of them is eaten by the tribe. The captives are filthy and weak; each has four levels of {@condition exhaustion} and 1 hit point remaining. Any of the captives can explain the nature of the conflict between H'slaat and S'slaar. If freed, the drow immediately flee into the Underdark, but the dwarves offer to join the expeditionary force if the adventurers liberate them. The drow are male members of House Melarn and are named Rinil and Xol. The shield dwarves hail from the Silver Marches and are named Dauthorn Brightmantle (male), Traldak Xornbane (male), Zulia Stonewhisper (female), and Hargritt Hammerhome (female).",Dauthorn Brightmantle
Davra Jassur,達芙拉·賈瑟,project-proposed,matching-English-source-string-only,OotA,129,data/7/entries/4/entries/27/entries/4/name,5,Davra Jassur,Davra Jassur;達夫拉·賈蘇爾;達芙拉·賈蘇爾
Death,死亡,existing-site,heading-only,OotA,5,data/0/entries/7/entries/3/entries/0,53,"The characters are held with ten other prisoners, captured during various raids and likewise awaiting transportation to Menzoberranzan. Some can expect to be sold as slaves, while others await death at the hands of the drow or their pets. Regardless of what they might think of the adventurers—and each other—outside the slave pens, all the NPCs have good reason to cooperate in order to escape and survive.",死亡
Death Tyrant,亡眼暴君,existing-site,heading-only,OotA,210,data/15/entries/4/entries/1/entries/2/entries/0/rows/0/1,5,{@creature Death tyrant},亡眼暴君
Deception,欺瞞,existing-site,heading-only,OotA,6,data/0/entries/7/entries/3/entries/3/entries/2,4,"In fact, Derendil is simply mad, touched by the delusions of the demon lord Fraz-Urb'luu. The kingdom of Nelrindenvane doesn't exist, and all of ""Derendil's"" recollections and personality are an illusion created by the Demon Prince of Deception. The quaggoth refuses to believe the truth, and any incontrovertible evidence as to his real nature sends him into a murderous rage.",欺騙
Deep Duerra,深地·杜拉,existing-site,heading-only,OotA,56,data/3/entries/4/entries/10/entries/5/entries/2/name,2,Deep Duerra,深地·杜拉
Deep Gnome Merchant,地底侏儒商人,draft-heading-proposed,heading-only,OotA,52,data/3/entries/4/entries/7/entries/3/name,1,Deep Gnome Merchant,地底侏儒商人
Deepking,深王,project-proposed,matching-English-source-string-only,OotA,50,data/3/entries/2,31,"Built within the walls of a deep cavern southwest of the Darklake, Gracklstugh is the commercial, political, and spiritual center of the duergar, all of whom look to the Deepking with respect. The city has an open shore along the Darklake, while several caverns and passages connect Gracklstugh to other parts of the Underdark to facilitate travel and trade.",Deepking;深地之王;深地王;深地國王
Deepking Horgar Steelshadow V,深王霍加·鋼影五世,existing-site,matching-English-source-string-only,OotA,52,data/3/entries/4/entries/7/entries/8/entries/1/rows/2/1,3,"A cloaked guard who thinks he's {@creature Deepking Horgar Steelshadow V|OotA} drafts the party to help him slay {@creature Themberchaud|OotA}, convinced that the dragon is possessed by a demon lord.",Deepking Horgar Steelshadow V;深王霍加·鋼影五世
Delivery to the Cultists,向邪教徒交付,draft-heading-proposed,heading-only,OotA,68,data/3/entries/15/entries/6/entries/3,2,"{@creature Droki|OotA}'s route takes him all around the Whorlstone Tunnels, and he's too scatterbrained to notice anyone following him. {@creature Droki|OotA}'s route is marked with red arrows on the map of the Whorlstone Tunnels. He eats a pygmywort mushroom whenever he needs to navigate a narrow tunnel. As he approaches areas 7 and 8, he eats a bigwig mushroom, reverts to normal size, delivers the Gray Ghost parcel (see ""Treasure""), and collects his payment from Lorthio the {@creature duergar alchemist|OotA} (see area 8). {@creature Droki|OotA} then heads north to area 9, where he sneaks quietly around the central pool so as not to disturb its occupant. Upon reaching area 11, he greets the derro there before eating another pygmywort mushroom and traveling through the narrow tunnel leading to area 12. He eats another bigwig and reverts to normal size before making his delivery to the cultists in that area. After visiting the cultists, {@creature Droki|OotA} makes his way out of the Whorlstone Tunnels.",向邪教徒交付
Delivery to the Gray Ghosts,向灰鬼交付,draft-heading-proposed,heading-only,OotA,69,data/3/entries/15/entries/6/entries/7/entries/4/name,1,Delivery to the Gray Ghosts,向灰鬼交付
Delzoun,德爾宗,project-proposed,matching-English-source-string-only,OotA,121,data/7/entries/2/entries/0,6,"In ages past, the subterranean city of Gauntlgrym was the capital of the ancient dwarven Delzoun Empire. Its cavernous halls—some large enough to contain entire surface villages—were carved with unerring precision, their ceilings soaring scores of feet overhead. Towering statues of dwarven gods and heroes stood vigil over chambers and thoroughfares, the least of which was wide enough to march fifty dwarves standing abreast.",Delzoun;德爾祖恩
Demogorgon,狄摩高根,existing-site,matching-English-source-string-only,OotA,43,data/2/entries/5/entries/3/entries/11/entries/0,74,"These worshipers of Demogorgon have been driven into a frenzy by his arrival in the Underdark. They immediately attack, trying to capsize or wreck boats as they utter the war cry, ""Blood and salt for the Prince of Demons!"" in Abyssal.",Demogorgon
Demogorgon Rises!,狄摩高根崛起！,draft-heading-proposed,heading-only,OotA,48,data/2/entries/19/name,1,Demogorgon Rises!,狄摩高根崛起！
Demogorgon's Altar,狄摩高根的祭壇,draft-heading-proposed,heading-only,OotA,158,data/10/entries/7/entries/5/entries/5/name,1,Demogorgon's Altar,狄摩高根的祭壇
Demon Encounter,惡魔遭遇,draft-heading-proposed,heading-only,OotA,145,data/9/entries/6/entries/2/rows/2/1,2,Demon encounter,惡魔遭遇
Demon Encounters,惡魔遭遇,draft-heading-proposed,heading-only,OotA,146,data/9/entries/6/entries/3/entries/2/entries/0,2,"Roll a {@dice d20} and consult the Demon Encounters table to determine what appears. If the characters stumble upon Juiblex and flee immediately, the demon lord doesn't pursue or attack them.",惡魔遭遇
Demon Lords Triumphant,惡魔領主的勝利,draft-heading-proposed,heading-only,OotA,219,data/16/entries/4/entries/7/entries/1,2,"If the characters fail to destroy Demogorgon, see ""Demon Lords Triumphant.""",惡魔領主的勝利
Demon Pack,惡魔群,draft-heading-proposed,heading-only,OotA,67,data/3/entries/15/entries/5/entries/1/entries/0/rows/2/1,3,Demon pack,惡魔群
Demon Showdown,惡魔對決,draft-heading-proposed,heading-only,OotA,218,data/16/entries/3/entries/6/name,1,Demon Showdown,惡魔對決
Demon Sortie,惡魔突擊,draft-heading-proposed,heading-only,OotA,218,data/16/entries/3/entries/6/entries/1/name,5,Demon Sortie,惡魔突擊
Demon Sortie Force,惡魔突擊隊,draft-heading-proposed,heading-only,OotA,218,data/16/entries/3/entries/6/entries/2/name,1,Demon Sortie Force,惡魔突擊隊
Demon Thief,惡魔小偷,draft-heading-proposed,heading-only,OotA,218,data/16/entries/3/entries/6/entries/3/name,1,Demon Thief,惡魔小偷
Demons,惡魔,existing-site,heading-only,OotA,16,data/0/entries/10/entries/3/name,87,A Flight of Demons,惡魔
Demonweb,魔網深坑,project-proposed,matching-English-source-string-only,OotA,159,data/10/entries/7/entries/5/entries/10/entries/0,4,"If the characters inquire about Lolth, they receive a vision of her home in the Demonweb Pits, confirming that at least one demon lord didn't escape the Abyss.",Demonweb;惡魔網坑;惡魔之網坑;惡魔網
Derendil,德倫迪爾,project-proposed,matching-English-source-string-only,OotA,5,data/0/entries/7/entries/3/entries/1/entries/0/rows/1/0,16,{@creature Prince Derendil|OotA},Derendil;德里恩迪爾
Derro Rioters,迪洛矮人狂暴者,draft-heading-proposed,heading-only,OotA,52,data/3/entries/4/entries/7/entries/4/name,1,Derro Rioters,德魯狂暴者
Designers,設計師,draft-heading-proposed,heading-only,OotA,,data/22/entries/1/items/3/name,2,Designers,設計師
Destroying Demogorgon,摧毀狄摩高根,draft-heading-proposed,heading-only,OotA,219,data/16/entries/4/entries/7/name,1,Destroying Demogorgon,摧毀狄摩高根
Development,發展,draft-heading-proposed,heading-only,OotA,32,data/1/entries/14/entries/5/entries/2/name,42,Development,發展
Developments,發展,draft-heading-proposed,heading-only,OotA,90,data/4/entries/14/entries/4/name,4,Developments,發展
Difficult Terrain,困難地形,existing-site,heading-only,OotA,11,data/0/entries/9/entries/3/entries/4/entries/0,26,Bridges of spider silk rope connect the walkways to the guard tower and the entrance to the priestess's tower. The swaying bridges are {@quickref difficult terrain||3} for non-drow.,困難地形
Diggermattock,掘鋤,project-proposed,matching-English-source-string-only,OotA,97,data/5/entries/4/entries/6/entries/1/entries/0/rows/0/0,16,{@b Dorbo Diggermattock},Diggermattock;挖掘者馬托克;迪格馬托克;迪格瑪托克;挖掘者馬特克斯;挖掘者馬特克
Diggermattocks,掘鋤家族,project-proposed,matching-English-source-string-only,OotA,98,data/5/entries/4/entries/7/entries/1/entries/1,16,"After a decade of careful and determined planning, the Diggermattocks led a force back to Blingdenstone to reclaim it. While they have not yet been crowned, everybody treats them as the de facto rulers of the settlement.",Diggermattocks;挖掘者馬特克斯;迪格馬托克家族;Diggermattock家族;迪格瑪托克斯;挖掘者;迪格馬托克;迪格瑪托克家族
Diirinka,迪林卡,project-proposed,matching-English-source-string-only,OotA,56,data/3/entries/4/entries/10/entries/5/entries/3/name,3,Diirinka,Diirinka;迪林卡
Discipline Problem,紀律問題,draft-heading-proposed,heading-only,OotA,145,data/9/entries/6/entries/2/rows/3/1,3,Discipline problem,紀律問題
Discipline Problems,紀律問題,draft-heading-proposed,heading-only,OotA,146,data/9/entries/6/entries/3/entries/3/entries/0,2,A discipline problem is revealed among the NPCs. Roll a {@dice d6} and consult the Discipline Problems table to determine what transpires.,紀律問題
Disease,疾病,draft-heading-proposed,heading-only,OotA,54,data/3/entries/4/entries/9/entries/6/entries/4/entries/2/entries/2,11,"If a creature's {@condition exhaustion} level drops below 1, it no longer suffers the effects of grackle-lung and becomes immune to it for the next week. Duergar and derro are inured to grackle-lung, making Constitution checks against it with advantage. Any spell or effect that cures disease also cures grackle-lung, effectively removing all levels of {@condition exhaustion} brought on by the affliction.",疾病
Diseases,疾病,draft-heading-proposed,heading-only,OotA,72,data/3/entries/15/entries/7/entries/3/entries/2,6,"The water is heated by a thermal spring and pleasantly warm. However, the pool is disease-ridden. Any creature that starts its turn in the water must make a {@dc 13} Constitution saving throw. On a failed save, the creature is infected with cackle fever (see ""{@book Diseases|DMG|8|Diseases}"" in chapter 8 of the {@book Dungeon Master's Guide|DMG}). Gnomes are immune.",疾病
Do'Urden,杜堊登,project-proposed,matching-English-source-string-only,OotA,95,data/5/entries/1,13,"For centuries, Blingdenstone remained hidden and isolated from the rest of the Underdark, thanks to a combination of misdirection and magic. It wasn't until they provided shelter to a drow exile named Drizzt Do'Urden that the deep gnomes began to take a more active interest in the world outside their caverns. Perceiving the threat the drow represented to all the peoples of the Underdark, the deep gnomes abandoned their isolation when they came to the defense of the dwarves of Mithral Hall, defeating an invading drow force from Menzoberranzan.",Do'Urden;杜爾登
Donigarten,多尼加騰,project-proposed,matching-English-source-string-only,OotA,194,data/14/entries/9/entries/3/name,7,Donigarten,Donigarten;多尼加滕;多尼加藤
Donigarten Encounters,多尼加騰遭遇戰,draft-heading-proposed,heading-only,OotA,194,data/14/entries/9/entries/3/entries/2,2,"Donigarten was spared from Demogorgon's rampage. Although it is sparsely populated, the area is so vital to the city's survival that drow patrols are common here. Roll for random encounters as the characters cross this district. You can roll a {@dice d20} and consult the Donigarten Encounters table, or choose an encounter that you like. The party can avoid random encounters in Donigarten by succeeding on a {@dc 11} Dexterity ({@skill Stealth}) group check.",多尼加滕遭遇戰
Doors,門,existing-site,matching-English-source-string-only,OotA,37,data/1/entries/16/entries/4/entries/2/name,45,Doors,Doors;門
Doors of Blingdenstone,布靈登石城之門,draft-heading-proposed,heading-only,OotA,101,data/5/entries/5/entries/7/entries/2/entries/1/name,2,Doors of Blingdenstone,布靈登石之門
Dorbo,多爾博,project-proposed,matching-English-source-string-only,OotA,97,data/5/entries/4/entries/6/entries/1/entries/0/rows/0/0,17,{@b Dorbo Diggermattock},Dorbo;多波;多爾波
Dorbo Diggermattock,多爾博·掘鋤,project-proposed,matching-English-source-string-only,OotA,97,data/5/entries/4/entries/6/entries/1/entries/0/rows/0/0,7,{@b Dorbo Diggermattock},Dorbo Diggermattock;多波·迪格馬托克
Dorhun,多爾洪,project-proposed,matching-English-source-string-only,OotA,60,data/3/entries/9/entries/5/entries/7/entries/2,6,"The guards who fought alongside the characters explain the situation, neither downplaying nor exalting the characters' actions. The characters can speak to the newly arrived giant while the duergar confer. The giant introduces himself as Dorhun, apprentice to Stonespeaker Hgraam. He reveals that the fallen giant's name is Rihuud, and that he was another of the Stonespeaker's apprentices. Rihuud was ""communing with the stone"" in Cairngorm Cavern when he went mad, sprouted a second head, and stormed out.",Dorhun;多倫
Drider,蛛化卓爾,existing-site,heading-only,OotA,123,data/7/entries/2/entries/8/entries/6/entries/0/rows/2/1,7,{@dice 1d2} {@creature Drider||driders},蛛化卓爾
Driders,蛛化卓爾,draft-heading-proposed,heading-only,OotA,123,data/7/entries/2/entries/8/entries/6/entries/0/rows/2/1,3,{@dice 1d2} {@creature Drider||driders},蛛化卓爾
Drizzt Do'Urden,崔斯特·杜堊登,project-proposed,matching-English-source-string-only,OotA,95,data/5/entries/1,3,"For centuries, Blingdenstone remained hidden and isolated from the rest of the Underdark, thanks to a combination of misdirection and magic. It wasn't until they provided shelter to a drow exile named Drizzt Do'Urden that the deep gnomes began to take a more active interest in the world outside their caverns. Perceiving the threat the drow represented to all the peoples of the Underdark, the deep gnomes abandoned their isolation when they came to the defense of the dwarves of Mithral Hall, defeating an invading drow force from Menzoberranzan.",Drizzt Do'Urden;德里茲特·杜恩登
Droki,卓奇,existing-site,matching-English-source-string-only,OotA,53,data/3/entries/4/entries/8/entries/1/entries/0/rows/6/0,64,{@creature Droki|OotA},Droki;卓奇;德羅基
Drow Acolytes,卓爾侍僧,draft-heading-proposed,heading-only,OotA,201,data/14/entries/9/entries/11/entries/4/entries/0/rows/0/1,3,Drow acolytes,黑暗精靈侍僧
Drow Adolescents,卓爾青少年,draft-heading-proposed,heading-only,OotA,194,data/14/entries/9/entries/2/entries/3/entries/0/rows/1/1,2,Drow adolescents,黑暗精靈青少年
Drow Chase,卓爾追逐,draft-heading-proposed,heading-only,OotA,118,data/6/entries/6/entries/2/name,3,Drow Chase,黑暗精靈追逐
Drow Chase Complications,卓爾追逐的複雜情況,draft-heading-proposed,heading-only,OotA,118,data/6/entries/6/entries/2/entries/1/entries/0,2,Each participant in the chase rolls a {@dice d20} at the end of its turn and consults the Drow Chase Complications table. The result (if any) affects the next chase participant in initiative order.,黑暗精靈追逐的複雜情況
Drow Defenses,卓爾防禦,draft-heading-proposed,heading-only,OotA,190,data/14/entries/4/entries/3/entries/2/name,1,Drow Defenses,黑暗精靈防禦
Drow Emissary,卓爾使者,draft-heading-proposed,heading-only,OotA,52,data/3/entries/4/entries/7/entries/5/name,3,Drow Emissary,卓爾使者
Drow Foot Patrol,卓爾徒步巡邏隊,draft-heading-proposed,heading-only,OotA,195,data/14/entries/9/entries/4/entries/2/entries/0/rows/1/1,9,Drow foot patrol,黑暗精靈徒步巡邏隊
Drow House Loyalty,卓爾家族忠誠,draft-heading-proposed,heading-only,OotA,52,data/3/entries/4/entries/7/entries/5/entries/0,2,A {@creature drow} proudly wearing the insignia of a drow house travels with an entourage of {@dice 1d4 + 1} {@creature quaggoth} slaves. The drow is in Gracklstugh to retrieve a cargo of duergar metalwork and knows nothing about the recent events in Velkynvelve. Roll a {@dice d6} and consult the Drow House Loyalty table to determine the house to which the drow is affiliated.,黑暗精靈家族忠誠
Drow House Slaves,卓爾家族奴隸,draft-heading-proposed,heading-only,OotA,199,data/14/entries/9/entries/8/entries/7/entries/0,2,"The characters encounter a {@creature drow noble|OotA} traveling with eight {@creature drow} warriors bearing the symbol and colors of their noble house. There is a 25 percent chance that a {@creature succubus} or {@creature incubus} accompanies the noble in drow form, and a 75 percent chance that the noble is being carried around in a palanquin by unarmed slaves. Roll a {@dice d6} and consult the Drow House Slaves table to determine what kind of slaves and how many.",卓爾家族奴隸
Drow Hunting Party,卓爾狩獵隊,draft-heading-proposed,heading-only,OotA,167,data/12/entries/2/entries/3/entries/4/name,1,Drow Hunting Party,黑暗精靈狩獵隊
Drow Mages,卓爾魔法師,draft-heading-proposed,heading-only,OotA,162,data/11/entries/6/entries/6/entries/0,9,"The only other person in Araj is Grin Ousstyl, Vizeran's {@creature drow mage} apprentice. A clever troublemaker from an out-of-favor house, Grin worked his way into the outlawed alliance of drow mages known as the Council of Spiders, but was careless and nearly executed for his ambition. Exiled from Menzoberranzan, he was taken in by Vizeran, who plays the role of a shadowy patron of the council. The young drow has continued his magical training under the archmage's tutelage.",卓爾魔法師
Drow Patrol,卓爾巡邏隊,draft-heading-proposed,heading-only,OotA,88,data/4/entries/13/entries/2/entries/3/entries/1,24,"If the adventurers ask the sovereigns about any drow in the area, Basidia tells them about a drow patrol that just recently arrived. However, Phylo immediately interrupts, telling the characters that the drow were here a few days ago, but left shortly after Phylo showed them the Garden of Welcome. A successful {@dc 12} Wisdom ({@skill Insight}) check reveals that Basidia seems puzzled by Phylo's answer. If pressed, Basidia simply says it didn't know the drow had already left.",黑暗精靈巡邏隊
Drow Patrol A,卓爾巡邏隊A,draft-heading-proposed,heading-only,OotA,190,data/14/entries/4/entries/3/entries/2/entries/0/rows/1/1,3,Drow patrol A,黑暗精靈巡邏隊A
Drow Patrol B,卓爾巡邏隊B,draft-heading-proposed,heading-only,OotA,190,data/14/entries/4/entries/3/entries/2/entries/0/rows/2/1,2,Drow patrol B,黑暗精靈巡邏隊B
Drow Patrol C,卓爾巡邏隊C,draft-heading-proposed,heading-only,OotA,190,data/14/entries/4/entries/3/entries/2/entries/0/rows/3/1,2,Drow patrol C,黑暗精靈巡邏隊C
Drow Patrol D,卓爾巡邏隊D,draft-heading-proposed,heading-only,OotA,190,data/14/entries/4/entries/3/entries/2/entries/0/rows/4/1,2,Drow patrol D,黑暗精靈巡邏隊D
Drow Pickpocket,卓爾扒手,draft-heading-proposed,heading-only,OotA,194,data/14/entries/9/entries/2/entries/3/entries/0/rows/2/1,2,Drow pickpocket,黑暗精靈扒手
Drow Priestess of Lolth,卓爾羅絲女祭司,existing-site,heading-only,OotA,9,data/0/entries/8/entries/0,10,"The garrison at Velkynvelve consists of twelve {@creature drow}, five {@creature Drow Elite Warrior||drow elite warriors}, a junior drow priestess named {@creature Asha Vandree|OotA|Asha} (use the {@creature priest} stat block in the {@i Monster Manual}, but add the Fey Ancestry, Innate Spellcasting, and Sunlight Sensitivity features of the {@creature drow} stat block), and the outpost's commander, a senior {@creature drow priestess of Lolth} named Ilvara. The drow have the assistance of a pack of twelve {@creature Quaggoth||quaggoths} and six trained {@creature Giant Spider||giant spiders}.",卓爾羅絲女祭司
Drow Pursuers,卓爾族追擊者,draft-heading-proposed,heading-only,OotA,18,data/1/entries/2/entries/3/entries/0,9,"In the event that none of the prisoners who manage to escape with the party can navigate in the Underdark—or none that the characters are willing to heed at any rate—the adventurers will be forced to wander. The party remains lost until the characters encounter creatures able to give them directions or intent on capturing them. Such creatures can include kuo-toa from Sloobludop, duergar slavers or merchants from Gracklstugh, the goblins from the Silken Paths encounter, or even their drow pursuers intent on dragging them back to Velkynvelve.",卓爾族追擊者
Drow Pursuit,卓爾追擊,draft-heading-proposed,heading-only,OotA,17,data/1/entries/1,23,"This chapter presents guidelines for the characters' travels between the various Underdark locales detailed in the other chapters of {@i Out of the Abyss}. Specific areas (including the Darklake region in {@adventure chapter 3|OotA|2}) offer modifications to these guidelines to suit those areas' particular qualities. This chapter also offers guidelines for the drow pursuit of the escaped prisoners, along with additional encounters you can place along the adventurers' route as they travel.",黑暗精靈追擊
Drow Pursuit in Neverlight Grove,在無光林地的卓爾追擊,draft-heading-proposed,heading-only,OotA,85,data/4/entries/5/entries/3/entries/0/name,1,Drow Pursuit in Neverlight Grove,在永不熄滅之林的黑暗精靈追擊
Drow Ruling Houses,卓爾統治家族,draft-heading-proposed,heading-only,OotA,198,data/14/entries/9/entries/6/entries/8/entries/0,3,"The characters happen upon a group of {@dice 1d4 + 2} {@creature drow} from one of the eight ruling houses that live atop the plateau. These ""lesser nobles"" wear the insignia of their house and are hunting gricks for sport. They try to make short work of any trespassers they encounter. Roll a {@dice d8} and consult the Drow Ruling Houses table to determine which house they belong to. If the result is House Do'Urden, the drow are actually Bregan D'aerthe initiates on a training exercise (see ""{@adventure House Do'Urden|OotA|14}"" later in this chapter).",黑暗精靈統治家族
Drow Ruling Houses of Menzoberranzan,魔索布萊城的卓爾統治家族,draft-heading-proposed,heading-only,OotA,198,data/14/entries/9/entries/7/entries/1/name,1,Drow Ruling Houses of Menzoberranzan,梅恩卓伯然扎的黑暗精靈統治家族
Drow Slaves,卓爾奴隸,draft-heading-proposed,heading-only,OotA,15,data/0/entries/10/entries/0,3,"Unless they want to spend the rest of their lives as drow slaves, the characters should quickly begin looking for ways they can escape. Though the task will not be easy, the characters can take advantage of certain opportunities if they use their heads.",黑暗精靈奴隸
Drow Spore Servants,卓爾孢子僕從,draft-heading-proposed,heading-only,OotA,30,data/1/entries/10/entries/4/entries/17/entries/1/rows/0/1,15,{@dice 1d4} {@creature Drow Spore Servant|OotA|drow spore servants} (see {@adventure appendix C|OotA|19}),黑暗精靈孢子僕從
Drow Warriors,卓爾戰士,draft-heading-proposed,heading-only,OotA,7,data/0/entries/7/entries/3/entries/7/entries/0,15,"A male {@creature drow}, Sarith is sullen and keeps to himself, rebuffing attempts to talk to him. He is disgraced by his imprisonment but is resigned to his fate, since there doesn't appear to be anything he can do about it. Sarith is accused of murdering one of his fellow drow warriors in a fit of madness, but he has no memory of it. He varies between believing the whole thing is a setup to discredit and destroy him, and fearing that it is all true—which, in fact, it is. He is being held until he can be sent back to Menzoberranzan as a sacrifice to Lolth and an example to others.",卓爾戰士
Drow and Quaggoth Slaves,卓爾和幽邃熊怪奴隸,draft-heading-proposed,heading-only,OotA,32,data/1/entries/13/entries/3/entries/4/name,1,Drow and Quaggoth Slaves,卓爾精靈和幽邃熊怪奴隸
Drow and Quaggoth Spore Servants,卓爾和幽邃熊怪孢子奴僕,draft-heading-proposed,heading-only,OotA,84,data/4/entries/4/entries/4/entries/3/entries/1/name,1,Drow and Quaggoth Spore Servants,黑暗精靈和幽邃熊怪孢子奴僕
Druu'giir,德魯吉爾,project-proposed,matching-English-source-string-only,OotA,132,data/8/entries/5/entries/1,6,"Anyone who touches the gem risks falling prey to delusional madness. A duergar ale merchant named Krimgol Muzgardt found the gem and took it to Mantol-Derith. By the time he arrived, Krimgol had succumbed to the delusion that he was a {@i calassabrak}—a duergar without honor. He paid Yantha Coaxrock, an honest svirfneblin mage, to appraise the jewel, hoping that he could use it to buy back the goodwill of his clan. Touched by the gem's madness, Yantha lied to Krimgol and told him the gem was worthless. She offered a lump of gold in exchange, whereupon Krimgol suspected treachery and demanded the gem's immediate return. While Krimgol and Yantha argued, one of Yantha's apprentices tried to hide the gem for his mistress but succumbed to its evil power. The apprentice, Flink, took the gem to the drow enclave, hoping to trade it for some rare spell components that he imagined Yantha needing to make Krimgol go away. A gargoyle assigned to watch for thieves spotted the gem and wrested it from Flink, who hid for fear of incurring Yantha's wrath. Soon thereafter, the delusional gargoyle laid eyes on a drow assassin named {@creature Kinyel Druu'giir|OotA} and was instantly smitten by her. The gargoyle gave her the black gem as a token of its devotion, which she, in her madness, mistook as a payment from the drow enclave to assassinate {@creature Lorthuun|OotA}, a maimed beholder allied with the Zhentarim.",Druu'giir
DuLoc,杜洛克,project-proposed,matching-English-source-string-only,OotA,125,data/7/entries/3/entries/4/entries/1/entries/1,15,"""The Zhentarim have a stake in a secret Underdark trading post called Mantol-Derith. If ye can get them on our side, they'll guide ye there, where ye can meet with one of their agents, {@creature Ghazrim DuLoc|OotA}. He can provide ye with a map to Gravenhollow. It's a legendary place built by the stone giants long ago, said to contain all the knowledge of the depths. If there's answers to be found for what has happened, ye might find them there. If ye are willing to go back, that is.",DuLoc
Duergar,灰矮人,existing-site,heading-only,OotA,6,data/0/entries/7/entries/3/entries/4/entries/0,302,"A female shield dwarf {@creature scout} from Gauntlgrym, Eldeth is high spirited and proud of both her heritage and her people's achievement in reclaiming the ancient dwarven kingdom; she suggests Gauntlgrym as a destination to escape from the Underdark. Eldeth is stubborn and hates the drow and all other ""corrupt dark dwellers"" such as the derro and duergar.",灰矮人
Duergar Alchemist,灰矮人鍊金術士,existing-site,heading-only,OotA,68,data/3/entries/15/entries/6/entries/3,8,"{@creature Droki|OotA}'s route takes him all around the Whorlstone Tunnels, and he's too scatterbrained to notice anyone following him. {@creature Droki|OotA}'s route is marked with red arrows on the map of the Whorlstone Tunnels. He eats a pygmywort mushroom whenever he needs to navigate a narrow tunnel. As he approaches areas 7 and 8, he eats a bigwig mushroom, reverts to normal size, delivers the Gray Ghost parcel (see ""Treasure""), and collects his payment from Lorthio the {@creature duergar alchemist|OotA} (see area 8). {@creature Droki|OotA} then heads north to area 9, where he sneaks quietly around the central pool so as not to disturb its occupant. Upon reaching area 11, he greets the derro there before eating another pygmywort mushroom and traveling through the narrow tunnel leading to area 12. He eats another bigwig and reverts to normal size before making his delivery to the cultists in that area. After visiting the cultists, {@creature Droki|OotA} makes his way out of the Whorlstone Tunnels.",灰矮人鍊金術士
Duergar Clans,灰矮人氏族,draft-heading-proposed,heading-only,OotA,54,data/3/entries/4/entries/9/entries/3/name,3,Duergar Clans,灰矮人爾氏族
Duergar Keelboat Cargo,灰矮人龍骨船貨物,draft-heading-proposed,heading-only,OotA,42,data/2/entries/5/entries/3/entries/4/entries/1,2,"Roll a {@dice d20} and consult the Duergar Keelboat Cargo table to determine what, if anything, the duergar are transporting in their keelboat.",灰矮人矮人平底船貨物
Duergar Patrol,灰矮人巡邏隊,project-proposed,matching-English-source-string-only,OotA,51,data/3/entries/4/entries/7/entries/0,7,"With routine patrols of heavily armed gray dwarves who can turn {@condition invisible}, Gracklstugh is a relatively safe place for those who know where they belong and stay there. However, tensions are rising because of the influence of Demogorgon, and the characters have many opportunities to participate in events unfolding in the city. At the end of each long rest, roll a {@dice d20}; on a roll of 17–20, an encounter takes place. Roll another {@dice d20} and consult the Random Encounters in Gracklstugh table; if the characters are outside the Darklake District, treat any entry marked with an asterisk as a ""Duergar Patrol"" encounter instead.",Duergar Patrol;灰矮人巡邏隊
Duergar Spy,灰矮人間諜,existing-site,heading-only,OotA,192,data/14/entries/8/entries/4/entries/2/name,1,Duergar Spy,灰矮人間諜
Dungeon Hazard,地下城危險,draft-heading-proposed,heading-only,OotA,96,data/5/entries/4/entries/5/entries/1/entries/0/rows/3/1,2,Dungeon hazard,地下城危險
Dungeon Hazards,地城危害物,draft-heading-proposed,heading-only,OotA,27,data/1/entries/10/entries/3/entries/18/entries/0,32,"As the adventurers pass through a small cavern, they encounter a patch of slime or mold. Roll a {@dice d6} and consult the table to determine what type of slime or mold is present (see ""{@book Dungeon Hazards|DMG|5|Dungeon Hazards}"" in chapter 5 of the {@i Dungeon Master's Guide} for details on these threats).",地城危害物
Duthcloim,杜斯克萊姆,draft-heading-proposed,heading-only,OotA,195,data/14/entries/9/entries/4/name,15,Duthcloim,杜斯克萊姆
Duthcloim Encounters,杜斯克萊姆遭遇戰,draft-heading-proposed,heading-only,OotA,195,data/14/entries/9/entries/4/entries/1,2,"If you want a random encounter to occur as the characters make their way through the Duthcloim district, roll a {@dice d20} and consult the Duthcloim Encounters table, or choose an encounter that you like. The party can avoid random encounters in Duthcloim by succeeding on a {@dc 13} Dexterity ({@skill Stealth}) group check.",杜斯克萊姆遭遇戰
Dwarf Commoners,矮人平民,draft-heading-proposed,heading-only,OotA,167,data/12/entries/2/entries/3/entries/5/name,1,Dwarf Commoners,矮人平民
Eastmyr,東米爾,draft-heading-proposed,heading-only,OotA,196,data/14/entries/9/entries/5/name,8,Eastmyr,東米爾
Eastmyr Encounters,東米爾遭遇戰,draft-heading-proposed,heading-only,OotA,196,data/14/entries/9/entries/5/entries/1,2,"If you want a random encounter to occur as the characters make their way through the Eastmyr district, roll a {@dice d20} and consult the Eastmyr Encounters table, or choose an encounter that you like. The party can avoid random encounters in Eastmyr by succeeding on a {@dc 15} Dexterity ({@skill Stealth}) group check.",東米爾遭遇戰
Echoes,回聲,draft-heading-proposed,heading-only,OotA,51,data/3/entries/4/entries/6/entries/3/entries/2/entries/0,36,The clanging and clacking of hammers and machinery echoes constantly throughout the city. Wisdom ({@skill Perception}) checks made to listen in Gracklstugh have disadvantage.,回聲
Echoes in Gravenhollow,刻文谷的回聲,draft-heading-proposed,heading-only,OotA,153,data/10/entries/5/entries/3/entries/1,4,"The time-displaced echoes in Gravenhollow are a prime opportunity to introduce great NPCs of Faerûn in a way that will not negatively impact the story you want to tell, nor steal the spotlight from the characters. The echoes offer characters the chance to receive advice from experienced adventurers and heroes, and for the players to interact with some of their favorite characters from the Forgotten Realms.",格瑞文霍洛的回聲
Edible Fungi,可食用真菌,draft-heading-proposed,heading-only,OotA,22,data/1/entries/7/entries/2/name,13,Edible Fungi,可食用真菌
Editors,編輯,draft-heading-proposed,heading-only,OotA,,data/22/entries/1/items/5/name,1,Editors,編輯
Egg Chamber Encounters,卵室遭遇戰,draft-heading-proposed,heading-only,OotA,173,data/12/entries/5/entries/11/entries/3,2,"For every five minutes the adventurers spend in this room, check for a random encounter by rolling a {@dice d20} and consulting the Egg Chamber Encounters table.",卵室遭遇戰
Eldeth,艾爾德絲,project-proposed,matching-English-source-string-only,OotA,5,data/0/entries/7/entries/3/entries/1/entries/0/rows/2/0,21,{@creature Eldeth Feldrun|OotA},Eldeth;艾爾德斯;埃爾德絲;埃爾迪斯
Eldeth Feldrun,艾爾德絲·費爾德倫,existing-site,matching-English-source-string-only,OotA,5,data/0/entries/7/entries/3/entries/1/entries/0/rows/2/0,7,{@creature Eldeth Feldrun|OotA},Eldeth Feldrun;艾爾德絲·費爾德倫
Elemental Healing,元素治癒,draft-heading-proposed,heading-only,OotA,101,data/5/entries/5/entries/7/entries/2/name,1,Elemental Healing,元素治癒
Elemental Vagabonds,元素流浪者,draft-heading-proposed,heading-only,OotA,96,data/5/entries/4/entries/5/entries/1/entries/0/rows/4/1,2,Elemental vagabonds,元素流浪者
Elite Drow Foot Patrol,精英卓爾徒步巡邏隊,draft-heading-proposed,heading-only,OotA,197,data/14/entries/9/entries/6/entries/1/entries/0/rows/3/1,2,Elite drow foot patrol,精英黑暗精靈徒步巡邏隊
Elite Drow Patrol,精英卓爾巡邏隊,draft-heading-proposed,heading-only,OotA,198,data/14/entries/9/entries/8/entries/3/entries/0/rows/2/1,5,Elite drow patrol,精英卓爾巡邏隊
Elminster,伊爾明斯特,project-proposed,matching-English-source-string-only,OotA,153,data/10/entries/5/entries/3/entries/6/entries/0/rows/3/1,5,Elminster,Elminster;埃爾明斯特;埃魯曼斯特;艾爾明斯特
Eluding Pursuit,逃避追擊,draft-heading-proposed,heading-only,OotA,24,data/1/entries/9/entries/3/entries/0,2,"The closeness of the drow pursuit is measured by a pursuit level. It begins at 4, with the drow not far behind the characters. If the pursuit level reaches 5, the drow forward scouts catch up to them, and the drow leaders arrive not long thereafter (see ""{@area Catching Up|07b|x}""). If the pursuit level drops to 0, the party has eluded the drow until circumstances bring both factions into contact again (see ""{@area Eluding Pursuit|07c|x}"").",逃避追擊
Emerald Enclave,翠綠閒庭,project-proposed,matching-English-source-string-only,OotA,98,data/5/entries/4/entries/7/entries/3/entries/0,16,"This group of svirfneblin spellcasters once trained under the Emerald Enclave but eventually splintered off, choosing to focus solely on earth elemental magic. After doing so, they absorbed the surviving priesthood serving the deep gnome deities Segojan Earthcaller (the god of deep earth and nature) and Callarduran Smoothhands (the god of stone and mining).",Emerald Enclave;綠寶石結社;綠寶石聯盟;翠綠之境;翠綠閒庭;翡翠結社;翡翠聯盟;翡翠庭院;翡翠庇護所;翡翠飛地;翡翠結界;翡翠密會
Empty-Scabbard Killers,空鞘殺手,draft-heading-proposed,heading-only,OotA,53,data/3/entries/4/entries/9/entries/1/entries/0,5,"Deepking Horgar V ascended to the throne in 1372 DR. He is a ruthless and canny ruler who engages in secret meetings with all the city's councils and clans to keep their members guessing what he's up to, hands out favors out of the blue, and lets it be known that he'll use any trick to maintain his hold on power. This includes hiring assassins through third parties to take care of potential troublemakers (see ""Empty-Scabbard Killers,"" below). This strategy keeps all the city's factions at each other's throats and out of Horgar's way.",空鞘殺手
Enacting the Plan,實施計劃,draft-heading-proposed,heading-only,OotA,215,data/16/entries/2/name,1,Enacting the Plan,實施計劃
Encounter,遭遇,existing-site,heading-only,OotA,18,data/1/entries/2/entries/3/entries/0,276,"In the event that none of the prisoners who manage to escape with the party can navigate in the Underdark—or none that the characters are willing to heed at any rate—the adventurers will be forced to wander. The party remains lost until the characters encounter creatures able to give them directions or intent on capturing them. Such creatures can include kuo-toa from Sloobludop, duergar slavers or merchants from Gracklstugh, the goblins from the Silken Paths encounter, or even their drow pursuers intent on dragging them back to Velkynvelve.",遭遇
Encounter Setup,遭遇設定,draft-heading-proposed,heading-only,OotA,20,data/1/entries/3/entries/3/name,1,Encounter Setup,遭遇設定
Encounters around Neverlight Grove,無光林地周圍的遭遇,draft-heading-proposed,heading-only,OotA,84,data/4/entries/4/entries/4/entries/0,2,"Characters traveling to and from Neverlight Grove encounter evidence of Zuggtmoy's growing influence in the region. Whenever the party is within four days of Neverlight Grove, use the Encounters around Neverlight Grove table instead of the random encounter tables in chapter 2 to determine what, if anything, they encounter.",永不之光樹林周圍的遭遇
Encounters in the Braeryn,在佈雷林的遭遇,draft-heading-proposed,heading-only,OotA,193,data/14/entries/9/entries/2/entries/2,3,"The Braeryn is a great place to find allies or meet an untimely end. Roll for random encounters as the characters explore this district. You can roll a {@dice d20} and consult the Encounters in the Braeryn table, or choose an encounter that you like. The party can avoid random encounters in the Braeryn by succeeding on a {@dc 15} Dexterity ({@skill Stealth}) group check.",在佈雷林的遭遇
Endangered Allies,瀕危盟友,draft-heading-proposed,heading-only,OotA,218,data/16/entries/3/entries/6/entries/4/name,1,Endangered Allies,瀕危盟友
Enemies Among Us,我們中的敵人,draft-heading-proposed,heading-only,OotA,124,data/7/entries/3/entries/3/entries/3,2,"If you want to add some intrigue or action, consider having one of the options from ""Enemies Among Us"" interrupt the feast, giving the characters an opportunity to demonstrate their abilities in front of their potential patron and allies. Rogue {@creature Fire Elemental||fire elementals} roaring out of the hearth or a disguised {@creature assassin} poisoning one or more of the representatives can completely change the scene.",我們中的敵人
Enter the Groom,新郎入場,draft-heading-proposed,heading-only,OotA,211,data/15/entries/5/name,1,Enter the Groom,新郎入場
Entering Derro Territory,進入迪洛矮人領地,draft-heading-proposed,heading-only,OotA,64,data/3/entries/11/entries/2/name,1,Entering Derro Territory,進入德羅領地
Entémoch's Boon,恩特莫克之恩,draft-heading-proposed,matching-English-source-string-only,OotA,97,data/5/entries/4/entries/5/entries/6/entries/0,11,"A {@creature dust mephit} guides an {@creature earth elemental} through the caverns and passages of Blingdenstone. If approached peacefully, they can point the way to Entémoch's Boon (see ""{@area Blingdenstone Outskirts|283|x}"" later in this chapter).",Entémoch's Boon;Entémoch的祝福;恩特莫克的恩賜;恩特莫克之賜;恩特莫克恩賜
Equipment,裝備,existing-site,heading-only,OotA,11,data/0/entries/9/entries/5/entries/1/entries/1,29,"The two southernmost caves serve as barracks for the rank-and-file drow warriors of the outpost. Six warriors dwell in each barracks, each set up with a pallet, a small zurkhwood chest for holding personal possessions and equipment, and a side table. Spider silk rope webbing on the cavern walls is set with hooks for hanging lanterns and other items, but the barracks are rarely lit.",裝備
Errde,艾德,project-proposed,matching-English-source-string-only,OotA,53,data/3/entries/4/entries/8/entries/1/entries/0/rows/2/0,27,{@b Errde Blackskull},Errde;埃爾德;埃德
Errde Blackskull,艾德·黑顱,project-proposed,matching-English-source-string-only,OotA,53,data/3/entries/4/entries/8/entries/1/entries/0/rows/2/0,13,{@b Errde Blackskull},Errde Blackskull;埃德·布萊克斯庫爾
Escape by Land,陸地逃脫,draft-heading-proposed,heading-only,OotA,49,data/2/entries/19/entries/4/entries/1/name,1,Escape by Land,陸地逃脫
Escape by Water,水上逃脫,draft-heading-proposed,heading-only,OotA,49,data/2/entries/19/entries/4/entries/2/name,1,Escape by Water,水上逃脫
Escape!,逃生！,draft-heading-proposed,heading-only,OotA,4,data/0/entries/5/name,1,Escape!,逃生！
Escaped Slaves,逃脫的奴隸,draft-heading-proposed,heading-only,OotA,27,data/1/entries/10/entries/4/entries/1/rows/2/1,9,Escaped slaves,逃脫的奴隸
Escaping Defeat,逃離失敗,draft-heading-proposed,heading-only,OotA,214,data/15/entries/9/entries/1/name,1,Escaping Defeat,逃離失敗
Escaping the Demon Lord,逃離惡魔領主,draft-heading-proposed,heading-only,OotA,49,data/2/entries/19/entries/4/name,1,Escaping the Demon Lord,逃離惡魔領主
Ettins,雙頭巨人,draft-heading-proposed,heading-only,OotA,167,data/12/entries/2/entries/3/entries/2/entries/0/rows/4/1,3,{@dice 1d6} {@creature Ettin||ettins},雙頭巨人
Evening the Odds,平衡機會,draft-heading-proposed,heading-only,OotA,118,data/6/entries/6/entries/2/entries/1/entries/2,2,"If you want to extend the chase, the drow could pursue the characters onto the surface, which places them at a disadvantage once the sun comes up (see ""Evening the Odds"").",平衡機會
Events in Gauntlgrym,岡特格瑞姆的事件,draft-heading-proposed,heading-only,OotA,121,data/7/entries/1/entries/5/entries/0,3,"Once the characters arrive at the gates of Gauntlgrym, they are welcomed as the king's guests and escorted into the underground city, through the Vault of Kings (see below), and shown to guest quarters. The dwarves of Gauntlgrym take matters of hospitality seriously, ensuring that the adventurers are offered food, drink, and a chance to rest and refresh themselves before their audience with the king (see ""Audience with Bruenor"" under ""Events in Gauntlgrym"").",高恩特萊姆的事件
Exit,出口,draft-heading-proposed,heading-only,OotA,16,data/0/entries/10/entries/3/entries/4,12,"If you want to provide an additional challenge for the characters, a {@creature vrock} tumbles almost in front of them as they reach the cavern floor or move toward their chosen exit. The demon is badly wounded, but even with only 11 hit points remaining and having expended its spores and stunning screech abilities, it is still quite dangerous. It screeches at the characters, but if they do nothing to threaten it for 1 round, the demon takes wing and launches itself back into the fight overhead.",出口
Exotic Fungi,異國真菌,draft-heading-proposed,heading-only,OotA,23,data/1/entries/7/entries/3/name,11,Exotic Fungi,異國真菌
Factions of Gracklstugh,格拉克斯圖格的派系,draft-heading-proposed,heading-only,OotA,53,data/3/entries/4/entries/9/name,3,Factions of Gracklstugh,格拉克斯特格的派系
Faerzress,妖光,draft-heading-proposed,heading-only,OotA,20,data/1/entries/3/entries/3/entries/2/entries/0,77,"Roll a {@dice d6} to determine how an encounter area is illuminated. On a roll of 1–3, the area is dimly lit by the phosphorescent moss and lichen common in the Underdark, or by {@i faerzress} (see ""{@area Faerzress|05f|x}""). On a roll of 4–6, the area is dark except for whatever light sources the characters might have.",費爾茲瑞斯
Faerzress-Suffused Fungi,充滿妖光的真菌,draft-heading-proposed,heading-only,OotA,67,data/3/entries/15/entries/4/name,1,Faerzress-Suffused Fungi,充滿faerzress的真菌
Faerûn,費倫,project-proposed,matching-English-source-string-only,OotA,18,data/1/entries/3/entries/0,18,"The Underdark is a vast network of caverns, tunnels, vaults, and passages stretching from one end of Faerûn to the other. Its physical features are even more varied than those of the surface world. Subterranean rivers, fungus fields, deep gorges, underground cities, yawning chasms—the adventurers will have to deal with all these features and more.",Faerûn;法恩
Fallen Angels,墮落天使,existing-site,heading-only,OotA,185,data/13/entries/13/entries/2,3,"This chamber houses the {@condition petrified} remains of eight fallen angels, condemned by the gods to pass the ages in the dark depths. Each appears to have been carved from stone in some position of fear, suffering, hatred, or longing. Each statue is spotted with lichen and marred by mineral deposits, which have crystallized out of the water dripping from the ceiling over uncounted years.",墮落天使
Fallen Sloobludop,墮落的斯盧布多普,draft-heading-proposed,heading-only,OotA,147,data/9/entries/8/entries/2/entries/2/name,1,Fallen Sloobludop,墮落的斯盧布多普
Falling,墜落,existing-site,heading-only,OotA,4,data/0/entries/1,33,"The adventurers have all had the misfortune of falling to such a fate. Captured by the drow, they are prisoners at one of the dark elves' outposts, awaiting transportation to Menzoberranzan, the City of Spiders. Whether they came into the Underdark seeking knowledge or fortune, or were just in the wrong place at the wrong time, they were ripe prey for a drow raid.",墜落
Falls or Locks,瀑布或水閘,draft-heading-proposed,heading-only,OotA,41,data/2/entries/5/entries/2/entries/1/rows/1/1,2,Falls or locks,瀑布或水閘
Farther Afield,更遠的地方,draft-heading-proposed,heading-only,OotA,117,data/6/entries/4/entries/1/entries/4/name,1,Farther Afield,更遠的地方
Feeding Time,餵食時間,draft-heading-proposed,heading-only,OotA,9,data/0/entries/7/entries/8/name,1,Feeding Time,餵食時間
Feldrun,費爾德倫,project-proposed,matching-English-source-string-only,OotA,5,data/0/entries/7/entries/3/entries/1/entries/0/rows/2/0,8,{@creature Eldeth Feldrun|OotA},Feldrun
Fellow Prisoners,同獄囚犯,draft-heading-proposed,heading-only,OotA,5,data/0/entries/6/entries/3,8,"Feel free to play out any interaction between the drow, the player characters, and the other prisoners. This is an opportunity to reveal who the characters are and to flesh out their backgrounds and personalities through roleplaying, even as you introduce some of their fellow prisoners. Ilvara's newest consort, Shoor, wants to impress his mistress, while Jorlan, her former consort, sullenly does his duty but casts a curious eye over the prisoners. Any hostile move is met with poisoned crossbow bolts from the drow, and possibly a strike from Ilvara's scourge or a {@spell ray of sickness} spell. The giant spiders attack and poison anyone who attacks the drow. The drow don't kill any of the prisoners (leaving them {@condition unconscious} at 0 hit points) but have no compunction about beating them.",同獄囚犯
Fellow Travelers,同行旅伴,draft-heading-proposed,heading-only,OotA,143,data/9/entries/4/name,1,Fellow Travelers,同行旅伴
Fey Ancestry,妖精血統,existing-site,heading-only,OotA,9,data/0/entries/8/entries/0,10,"The garrison at Velkynvelve consists of twelve {@creature drow}, five {@creature Drow Elite Warrior||drow elite warriors}, a junior drow priestess named {@creature Asha Vandree|OotA|Asha} (use the {@creature priest} stat block in the {@i Monster Manual}, but add the Fey Ancestry, Innate Spellcasting, and Sunlight Sensitivity features of the {@creature drow} stat block), and the outpost's commander, a senior {@creature drow priestess of Lolth} named Ilvara. The drow have the assistance of a pack of twelve {@creature Quaggoth||quaggoths} and six trained {@creature Giant Spider||giant spiders}.",妖精血統
Fiendish Giant Spiders,惡魔型巨型蜘蛛,draft-heading-proposed,heading-only,OotA,96,data/5/entries/4/entries/5/entries/1/entries/0/rows/5/1,2,{@dice 1d4 + 2} {@creature Fiendish Giant Spider|OotA|fiendish giant spiders},惡魔型巨型蜘蛛
Fight!,戰鬥！,draft-heading-proposed,heading-only,OotA,9,data/0/entries/7/entries/7/name,1,Fight!,戰鬥！
Fighting the Faceless Lord,與無面領主戰鬥,draft-heading-proposed,heading-only,OotA,214,data/15/entries/8/name,1,Fighting the Faceless Lord,與無面領主戰鬥
Fiirnel'ther Vandree,費爾內瑟·範德里,project-proposed,matching-English-source-string-only,OotA,198,data/14/entries/9/entries/7/entries/1/entries/0/rows/6/2,1,Fiirnel'ther Vandree,Fiirnel'ther Vandree
Filthriddens,汙穢聚落,project-proposed,matching-English-source-string-only,OotA,179,data/13/entries/7/entries/1,10,"Within the Labyrinth, the characters take on the encounters ""{@area Filthriddens|4b2|x},"" ""{@area March to Nowhere|4b5|x},"" ""{@area Yeenoghu's Hunt|4b8|x},"" and ""{@area Gallery of Angels|4bc|x}"" (their intended destination). They might also take on ""{@area The Maze Engine|4c8|x}"" encounter, inspired by knowledge gained in {@area chapter 13|47d|x} and an encounter with some modrons in the Labyrinth.",Filthriddens;汙穢者;汙穢騎士;汙穢之地
Finding Droki,尋找卓奇,draft-heading-proposed,heading-only,OotA,68,data/3/entries/15/entries/6/name,1,Finding Droki,尋找德羅基
Finding Entémoch's Boon,尋找恩特莫克之恩,draft-heading-proposed,heading-only,OotA,100,data/5/entries/5/entries/4/entries/3/name,2,Finding Entémoch's Boon,尋找恩特莫克的恩賜
Finding the Way,找到道路,draft-heading-proposed,heading-only,OotA,116,data/6/entries/4/entries/1/name,3,Finding the Way,找到道路
Fire,火焰,existing-site,heading-only,OotA,11,data/0/entries/9/entries/3/entries/6/entries/0,66,"The dense webs of giant spiders kept by the drow conceal the outpost from below. A creature falling into the webs becomes {@condition restrained}. As an action, a {@condition restrained} creature can attempt a {@dc 12} Strength check to break free from the webs. The webs can also be attacked and destroyed (AC 10, 15 hp per 10-foot section, vulnerability to fire, and immunity to bludgeoning, poison, and psychic damage). Each foot of movement in the webs costs 1 extra foot, and any creature other than a spider that enters the webs or starts its turn there must succeed on a {@dc 12} Strength or Dexterity check to avoid becoming {@condition restrained}. Any movement in the webs attracts the attention of the giant spiders, which attack and feed on trapped creatures.",火焰
Fire Lichen,火苔,draft-heading-proposed,heading-only,OotA,22,data/1/entries/7/entries/2/entries/3/name,7,Fire Lichen,火苔
First Floor,一樓,draft-heading-proposed,heading-only,OotA,180,data/13/entries/8/entries/2,3,"No ordinary structure, the tower is a {@item Daern's instant fortress} (see chapter 7, ""{@book Treasure|DMG|7},"" of the {@i Dungeon Master's Guide}). Made entirely of adamantine, the two-story tower has remained sealed since its last owner retreated inside and locked the door behind her—but not before a pair of shadow demons slipped in as well. The demons killed the owner and left her remains on the first floor. The tower can't be tipped over or otherwise moved from its position, and the arrow slits on each level are too narrow for anything bigger than a Tiny creature to squeeze through.",一樓
Flagonfist,酒壺拳,project-proposed,matching-English-source-string-only,OotA,134,data/8/entries/12/entries/1/entries/0/rows/7/0,7,{@b Ghuldur Flagonfist},Flagonfist;弗拉貢拳;弗拉貢菲斯特
Flashing Badges,出示徽章,draft-heading-proposed,heading-only,OotA,60,data/3/entries/9/entries/5/entries/7/entries/5/name,2,Flashing Badges,出示徽章
Flight,飛翔,existing-site,heading-only,OotA,16,data/0/entries/10/entries/3/name,4,A Flight of Demons,飛行
Flink,弗林克,project-proposed,matching-English-source-string-only,OotA,132,data/8/entries/5/entries/1,14,"Anyone who touches the gem risks falling prey to delusional madness. A duergar ale merchant named Krimgol Muzgardt found the gem and took it to Mantol-Derith. By the time he arrived, Krimgol had succumbed to the delusion that he was a {@i calassabrak}—a duergar without honor. He paid Yantha Coaxrock, an honest svirfneblin mage, to appraise the jewel, hoping that he could use it to buy back the goodwill of his clan. Touched by the gem's madness, Yantha lied to Krimgol and told him the gem was worthless. She offered a lump of gold in exchange, whereupon Krimgol suspected treachery and demanded the gem's immediate return. While Krimgol and Yantha argued, one of Yantha's apprentices tried to hide the gem for his mistress but succumbed to its evil power. The apprentice, Flink, took the gem to the drow enclave, hoping to trade it for some rare spell components that he imagined Yantha needing to make Krimgol go away. A gargoyle assigned to watch for thieves spotted the gem and wrested it from Flink, who hid for fear of incurring Yantha's wrath. Soon thereafter, the delusional gargoyle laid eyes on a drow assassin named {@creature Kinyel Druu'giir|OotA} and was instantly smitten by her. The gargoyle gave her the black gem as a token of its devotion, which she, in her madness, mistook as a payment from the drow enclave to assassinate {@creature Lorthuun|OotA}, a maimed beholder allied with the Zhentarim.",Flink
Flink Thunderbonk,弗林克·雷擊,project-proposed,matching-English-source-string-only,OotA,134,data/8/entries/12/entries/1/entries/0/rows/5/0,3,{@b Flink Thunderbonk},Flink Thunderbonk;弗林克·桑德邦克
Flumph,呋嚕,existing-site,heading-only,OotA,67,data/3/entries/15/entries/5/entries/1/entries/0/rows/3/1,7,1 {@creature flumph},呋嚕
Flumphs,呋嚕,draft-heading-proposed,heading-only,OotA,167,data/12/entries/2/entries/3/entries/2/entries/0/rows/5/1,7,{@dice 3d6} {@creature Flumph||flumphs},呋嚕
Follow-Up Encounters,後續遭遇,draft-heading-proposed,heading-only,OotA,141,data/8/entries/20/entries/2/entries/0,3,"If {@creature Lorthuun|OotA} is killed, {@dice 1d4} of its eyestalks survive intact. Should {@creature Peebles|OotA} the svirfneblin happen upon the beholder's remains, he uses a flint knife to remove the intact eyestalks, then tucks them in his bag for safe delivery to Xazaz the Eyemonger (see ""Follow-Up Encounters"").",後續遭遇
Foraging,覓食,draft-heading-proposed,heading-only,OotA,18,data/1/entries/3/entries/2/entries/1/entries/0/rows/0/2,18,−5 penalty to passive Wisdom ({@skill Perception}) scores; no foraging,覓食
Forak-Erach-Naek,弗拉克－艾拉克－奈克,project-proposed,matching-English-source-string-only,OotA,55,data/3/entries/4/entries/9/entries/11/entries/0,1,"The {@i Forak-Erach-Naek} (""Empty-Scabbard Killers"" in Common) are a folktale in Gracklstugh, their name derived from an ancient, obscure Dwarvish dialect. They are an order of psionic assassins practicing disciplines unknown to even the savviest derro or the wisest priest. More than a myth, these killers have been plying their trade for centuries, their motives unknown and their methods inscrutable.",Forak-Erach-Naek
Forging an Alliance,建立聯盟,draft-heading-proposed,heading-only,OotA,120,data/7/entries/1/entries/3,5,"Characters belonging to any of the factions involved in the meeting at Gauntlgrym (see ""Forging an Alliance"") might receive a summons from their faction as well, and could even travel with the representative of that faction to the dwarf hold if circumstances permit. Otherwise, the choice to make the journey is up to the characters, although ignoring Bruenor's request leads the dwarf king to send ever more insistent messages.",建立聯盟
Foul Water,腐化水源,existing-site,heading-only,OotA,67,data/3/entries/15/entries/3/entries/4/name,6,Foul Water,腐化水源
Fountain,噴泉,existing-site,heading-only,OotA,36,data/1/entries/15/entries/7/name,4,5. Fountain of Madness,噴泉
Fraz-Urb'luu,弗拉茲厄魯,existing-site,matching-English-source-string-only,OotA,6,data/0/entries/7/entries/3/entries/3/entries/2,21,"In fact, Derendil is simply mad, touched by the delusions of the demon lord Fraz-Urb'luu. The kingdom of Nelrindenvane doesn't exist, and all of ""Derendil's"" recollections and personality are an illusion created by the Demon Prince of Deception. The quaggoth refuses to believe the truth, and any incontrovertible evidence as to his real nature sends him into a murderous rage.",Fraz-Urb'luu;弗拉茲-烏布盧;弗拉茲-烏爾布盧;弗祖-烏布盧
Fraz-Urb'luu and the Gem,弗拉茲厄魯（弗拉茲厄魯）和寶石,draft-heading-proposed,heading-only,OotA,158,data/10/entries/7/entries/5/entries/6/name,1,Fraz-Urb'luu and the Gem,弗拉茲厄魯（Fraz-Urb'luu）和寶石
Fraz-Urb'luu's Gem,弗拉茲厄魯的寶石,draft-heading-proposed,heading-only,OotA,132,data/8/entries/5/name,6,Fraz-Urb'luu's Gem,弗拉茲厄魯的寶石
Freed Slaves,解放的奴隸,draft-heading-proposed,heading-only,OotA,177,data/12/entries/7/entries/3/entries/5/name,2,Freed Slaves,解放的奴隸
Frugal and Monolithic,節儉且單一,draft-heading-proposed,heading-only,OotA,54,data/3/entries/4/entries/9/entries/4/entries/1/entries/3/name,1,Frugal and Monolithic,節儉且單一
Fungi,真菌,existing-site,heading-only,OotA,7,data/0/entries/7/entries/3/entries/7/entries/1,222,"Unknown even to the other drow, Sarith is infected with tainted spores from myconids corrupted by Zuggtmoy, the Demon Queen of Fungi. The initial infestation of the spores caused Sarith's bout of madness, and his health and sanity continue to deteriorate as the spores grow within his brain.",真菌
Fungi Patch,真菌區,draft-heading-proposed,heading-only,OotA,84,data/4/entries/4/entries/4/entries/1/entries/0/rows/1/1,9,Fungi patch (see below),真菌區
Fungi Patch Discoveries,真菌區發現,draft-heading-proposed,heading-only,OotA,84,data/4/entries/4/entries/4/entries/2/entries/0,2,"If the characters are camped or resting, treat this encounter as ""no encounter."" Otherwise, the characters stumble upon a large fungi patch growing in a damp cave or tunnel. The fungi patch is {@quickref difficult terrain||3} and consists of many common but inedible species of giant fungi. Roll a {@dice d10} and consult the Fungi Patch Discoveries table to determine what else the characters find here.",真菌區發現
Fungi Patches,真菌區,draft-heading-proposed,heading-only,OotA,78,data/3/entries/15/entries/7/entries/13/entries/1,3,"West of the cavern is a shrieker that serves as an alarm system (see ""Fungi Patches"") and a pit trap (see ""Trap"").",真菌區
Fungi Pit,真菌坑,draft-heading-proposed,heading-only,OotA,75,data/3/entries/15/entries/7/entries/8/entries/4,3,"Three {@creature duergar} work here. They are members of the Gray Ghosts who have been assigned gardening duty. They attack as soon as they see intruders. If the characters arrive through the crack in the east wall (see ""Fungi Pit""), they can hide among the fungi and try to catch the duergar by surprise. If the characters make a lot of noise in area 6 or force their way through the doors to the west, the duergar turn {@condition invisible} and attack as soon as the characters arrive.",真菌坑
Fungi of the Underdark,幽暗地域的真菌,draft-heading-proposed,heading-only,OotA,11,data/0/entries/9/entries/5/entries/1/entries/0,29,"Stone steps lead from the watch post to a 1-foot-thick platform of zurkhwood (see ""{@adventure Fungi of the Underdark|OotA|0|Fungi of the Underdark}"" earlier in chapter 2) extending between two of the hanging towers and into three adjoining caverns.",幽暗地域的真菌
Fungus Cavern,真菌洞穴,draft-heading-proposed,heading-only,OotA,25,data/1/entries/10/entries/3/entries/1/rows/3/1,2,Fungus cavern,真菌洞穴
Further Adventures,更多冒險,draft-heading-proposed,heading-only,OotA,119,data/6/entries/7/name,1,Further Adventures,更多冒險
Gabble,加布爾,project-proposed,matching-English-source-string-only,OotA,134,data/8/entries/12/entries/1/entries/0/rows/6/0,7,{@b Gabble Dripskillet},Gabble;加布林
Gabble Dripskillet,加布爾·滴鍋,project-proposed,matching-English-source-string-only,OotA,134,data/8/entries/12/entries/1/entries/0/rows/6/0,4,{@b Gabble Dripskillet},Gabble Dripskillet;加布林·滴漏技巧
Gaining Access,獲得入口,draft-heading-proposed,heading-only,OotA,117,data/6/entries/4/entries/2/name,1,Gaining Access,獲得入口
Galeb Duhr Assistants,石人助手,draft-heading-proposed,heading-only,OotA,152,data/10/entries/5/entries/1,2,"Each room on each level of Gravenhollow is part of either the Archives of the Past, the Archives of the Present, or the Archives of the Future. Galeb duhr assistants pick up tablets as Gravenhollow's three stone giant librarians carve and catalog them, but the classification system the giants use to organize the library's information is known only to them.",石人助手
Gallery of Angels,天使畫廊,draft-heading-proposed,heading-only,OotA,178,data/13/entries/2,4,"Vizeran tells the characters to find the Gallery of Angels, a location in the heart of the Labyrinth lies some three hundred miles from Araj. It is the one place where Vizeran knows the characters can find the angel feathers required for his ritual's talisman. The Maze Engine lies forty-eight miles deeper into the Labyrinth if the characters choose to follow up on clues leading there (see the ""{@area March to Nowhere|4b5|x}"" and ""{@area Maze Engine|4c8|x}"" sections for details). The adventurers will also find a few unexpected opportunities to aid in the fight against the demon lords along the way.",天使畫廊
Garden,種植園,existing-site,heading-only,OotA,67,data/3/entries/15/entries/2,32,"There are currently two factions using the tunnels for their own ends. The Gray Ghosts have an alchemical laboratory and a fungal garden supplying them with poisons, and the leaders of the guild conceal a secret in the form of a mysterious black obelisk in the farthest cave (see area 16). The other group is a budding cult of derro demon worshipers led by a renegade member of the Council of Savants. Sensing that the demon lords are somehow using {@i faerzress} to spread chaos and madness, the demon worshipers have begun conducting rituals to infect Gracklstugh. Intent on weakening the city and breaking the power of King Horgar Steelshadow V, the cultists plan to inflict a curse on the stone giants of Clan Cairngorm that causes them to grow second heads, driving them insane.",種植園
Garden of Horror,恐怖花園,draft-heading-proposed,heading-only,OotA,91,data/4/entries/15/entries/3/name,1,Garden of Horror,恐怖花園
Gargoyles,石像鬼,draft-heading-proposed,heading-only,OotA,108,data/5/entries/23/entries/8/entries/1,18,"The ""winged statues"" on the ledge are two {@creature Gargoyle||gargoyles}. If the characters attack the gargoyles or move within 30 feet of them, the monsters swoop down and attack. In the second round of combat, an insane {@creature earth elemental} rises from the stone floor and joins the fight.",石像鬼
Gartokkar,加爾托卡,project-proposed,matching-English-source-string-only,OotA,53,data/3/entries/4/entries/8/entries/1/entries/0/rows/4/0,18,{@b Gartokkar Xundorn},Gartokkar;加託卡爾;加託卡
Gartokkar Xundorn,加爾托卡·桑多恩,project-proposed,matching-English-source-string-only,OotA,53,data/3/entries/4/entries/8/entries/1/entries/0/rows/4/0,8,{@b Gartokkar Xundorn},Gartokkar Xundorn;加託卡·松多恩
Gas Leak,氣體洩漏,draft-heading-proposed,heading-only,OotA,25,data/1/entries/10/entries/3/entries/1/rows/4/1,3,Gas leak,氣體洩漏
Gasbide,加斯拜德,draft-heading-proposed,heading-only,OotA,87,data/4/entries/12/entries/2/entries/1/name,5,Gasbide,加斯拜德
Gash,撕裂,existing-site,matching-English-source-string-only,OotA,140,data/8/entries/19/entries/1/entries/4/entries/1,20,"If the characters confront the drow before Ghazrim and {@creature Lorthuun|OotA} arrive, Sirak orders them to leave at once. If they refuse, she and her warriors attack as Kinyel cuts a {@creature gash|OotA} in the back wall of the pavilion with her sword and finds a place to hide until the beholder appears. If the characters pursue Kinyel, the gargoyle attacks them to protect her. Ghazrim and his entourage arrive {@dice 1d4 + 2} rounds after the battle is joined.",Gash;加什
Gash the Gnoll,鬣狗人撕裂,draft-heading-proposed,heading-only,OotA,181,data/13/entries/9/entries/5/name,2,Gash the Gnoll,鬣狗人加什
Gate Towers,門塔,draft-heading-proposed,heading-only,OotA,102,data/5/entries/6/entries/4/entries/1/name,1,Gate Towers,門塔
Gates of Gravenhollow,刻文谷之門,draft-heading-proposed,heading-only,OotA,151,data/10/entries/4/entries/3/entries/3,2,"After his initial greeting, {@creature Veldyskar|OotA} speaks only if spoken to, and his answers are brief. With the basilisk as their guide, it takes the characters another eight hours to reach the gates of Gravenhollow.",格瑞文霍洛之門
Gauntlgrym,岡特格瑞姆,project-proposed,matching-English-source-string-only,OotA,5,data/0/entries/7/entries/3/entries/1/entries/0/rows/2/1,107,Shield dwarf scout from Gauntlgrym,Gauntlgrym;岡特格瑞姆;高特格林;Gauntlgryhm;Gauntlgryym;岡特格林;高特格里姆;高爾特格萊姆;高恩特林;高恩特萊姆;高瑟格萊姆;高索林;高爾特格林;高姆萊姆;鋼鑄鐵城;高杆堡;高特格萊姆;崗特爾格里姆;鐵拳城
Gauntlgrym Connections,岡特格瑞姆的聯絡,draft-heading-proposed,heading-only,OotA,120,data/7/entries/1/entries/1,2,"King Bruenor has learned of the characters' exploits from dwarf merchants and couriers recently returned from the Underdark. (If {@creature Eldeth Feldrun|OotA} was part of the adventurers' successful escape and returned safely to Gauntlgrym, word of the party's heroics came to Bruenor through her. See ""Gauntlgrym Connections."") King Bruenor's summons reaches the characters by whatever method best suits the story, depending on where they go and what they are doing following their return to the surface world. It can be in the form of a messenger carrying a handwritten letter bearing the king's seal, or even an {@spell animal messenger} or {@spell sending} spell focused on one or more of the adventurers. Regardless of how it gets to them, the message is simple and clear:",高恩特林的聯絡
Gauntlgrym: General Features,岡特格瑞姆：總體特徵,draft-heading-proposed,heading-only,OotA,121,data/7/entries/2/entries/6/name,1,Gauntlgrym: General Features,高爾特格萊姆：總體特徵
Gelatinous Cube Incursion,凝膠立方體入侵,draft-heading-proposed,heading-only,OotA,103,data/5/entries/13/entries/2/name,1,Gelatinous Cube Incursion,凝膠立方體入侵
General Features,通用特徵,draft-heading-proposed,heading-only,OotA,11,data/0/entries/9/entries/3/name,43,Velkynvelve: General Features,通用特徵
Getting Captured,被抓,draft-heading-proposed,heading-only,OotA,57,data/3/entries/8/entries/2/entries/4,5,"The guard grudgingly lets the characters pass if the check succeeds, and refuses them entrance if it fails. If the check fails by 5 or more, the guard gives the order to arrest the characters, announcing that they are now slaves of the duergar (see ""Getting Captured"" below).",被抓
Ghazrim,加茲裡姆,project-proposed,matching-English-source-string-only,OotA,125,data/7/entries/3/entries/4/entries/1/entries/1,25,"""The Zhentarim have a stake in a secret Underdark trading post called Mantol-Derith. If ye can get them on our side, they'll guide ye there, where ye can meet with one of their agents, {@creature Ghazrim DuLoc|OotA}. He can provide ye with a map to Gravenhollow. It's a legendary place built by the stone giants long ago, said to contain all the knowledge of the depths. If there's answers to be found for what has happened, ye might find them there. If ye are willing to go back, that is.",Ghazrim
Ghazrim DuLoc,加茲裡姆·杜洛克,existing-site,matching-English-source-string-only,OotA,125,data/7/entries/3/entries/4/entries/1/entries/1,14,"""The Zhentarim have a stake in a secret Underdark trading post called Mantol-Derith. If ye can get them on our side, they'll guide ye there, where ye can meet with one of their agents, {@creature Ghazrim DuLoc|OotA}. He can provide ye with a map to Gravenhollow. It's a legendary place built by the stone giants long ago, said to contain all the knowledge of the depths. If there's answers to be found for what has happened, ye might find them there. If ye are willing to go back, that is.",Ghazrim DuLoc
Ghazrim's Ring,加茲裡姆的戒指,draft-heading-proposed,heading-only,OotA,151,data/10/entries/4/entries/2/entries/1/name,2,Ghazrim's Ring,加茲裡姆的戒指
Ghazrim's Shed,加茲裡姆的棚屋,draft-heading-proposed,heading-only,OotA,141,data/8/entries/19/entries/2/entries/6/name,1,Ghazrim's Shed,加茲裡姆的棚屋
Ghohlbrorn,戈爾布隆,project-proposed,matching-English-source-string-only,OotA,51,data/3/entries/4/entries/6/entries/2,6,"Arriving by way of the Darklake Docks is easier and more discreet. If the characters are traveling by boat, {@creature Buppido|OotA} can guide them to a deserted pier where they can dock quietly. He warns them that they have to keep a low profile and head directly to the only inn in the city devoted to outsiders. The Ghohlbrorn's Lair is frequented by merchants, mercenaries, and other foreigners who can offer information about traveling elsewhere in the Underdark—or perhaps even to the surface world.",Ghohlbrorn;格霍爾霍恩;格霍爾勃恩
Ghohlbrorn's Lair,戈爾布隆巢穴,project-proposed,matching-English-source-string-only,OotA,51,data/3/entries/4/entries/6/entries/2,5,"Arriving by way of the Darklake Docks is easier and more discreet. If the characters are traveling by boat, {@creature Buppido|OotA} can guide them to a deserted pier where they can dock quietly. He warns them that they have to keep a low profile and head directly to the only inn in the city devoted to outsiders. The Ghohlbrorn's Lair is frequented by merchants, mercenaries, and other foreigners who can offer information about traveling elsewhere in the Underdark—or perhaps even to the surface world.",Ghohlbrorn's Lair;格霍爾霍恩的巢穴;格霍爾勃恩的巢穴
Ghost,幽魂,existing-site,heading-only,OotA,66,data/3/entries/14/entries/4/entries/6/entries/3,34,"In his paranoia, Gartokkar wants the characters to confirm the Gray Ghosts' involvement and to bring back whatever powerful magic the thieves used to cause the disturbance. The Keepers have identified a Gray Ghost agent—a derro called {@creature Droki|OotA}, who carries messages and supplies for the thieves' guild (see ""{@creature Droki|OotA}"" in the ""Blade Bazaar"" section). {@creature Droki|OotA} uses the West Cleft to contact his employers, and Gartokkar wants the party to follow this derro and locate the Gray Ghosts.",幽魂
Ghost's Attitude,鬼魂的態度,draft-heading-proposed,heading-only,OotA,97,data/5/entries/4/entries/5/entries/8/entries/0,2,"Some of the svirfneblin who perished during the drow invasion didn't go easily, and their {@creature Ghost||ghosts} linger. When the characters encounter one of these ghosts, roll a {@dice d20} and consult the Ghost's Attitude table to determine the attitude of the ghost.",鬼魂的態度
Ghosts,幽魂,draft-heading-proposed,heading-only,OotA,53,data/3/entries/4/entries/8/entries/1/entries/0/rows/6/1,45,"Male derro courier in the employ of both the Gray Ghosts and the Council of Savants, and the subject of different possible side quests",幽魂
Ghosts of Blingdenstone,布靈登石城的幽靈,draft-heading-proposed,heading-only,OotA,99,data/5/entries/4/entries/7/entries/5/name,2,Ghosts of Blingdenstone,布靈登石的幽靈
Ghuldur,古爾杜,project-proposed,matching-English-source-string-only,OotA,134,data/8/entries/12/entries/1/entries/0/rows/7/0,11,{@b Ghuldur Flagonfist},Ghuldur;古爾杜爾
Ghuldur Flagonfist,古爾杜·酒壺拳,project-proposed,matching-English-source-string-only,OotA,134,data/8/entries/12/entries/1/entries/0/rows/7/0,5,{@b Ghuldur Flagonfist},Ghuldur Flagonfist;古爾杜爾·弗拉貢拳;古爾杜爾·弗拉貢菲斯特
"Giant ""Rocktopus""","巨型""岩石章魚""",draft-heading-proposed,heading-only,OotA,27,data/1/entries/10/entries/4/entries/1/rows/5/1,2,"Giant ""rocktopus""","巨型""岩石章魚"""
Giant Fire Beetles,巨火甲蟲,draft-heading-proposed,heading-only,OotA,27,data/1/entries/10/entries/4/entries/1/rows/4/1,6,Giant fire beetles,巨火甲蟲
Giant Mushroom Tower,巨型蘑菇塔,draft-heading-proposed,heading-only,OotA,93,data/4/entries/17/entries/3/name,1,Giant Mushroom Tower,巨型蘑菇塔
Giant Spider,巨蜘蛛,existing-site,heading-only,OotA,9,data/0/entries/8/entries/0,33,"The garrison at Velkynvelve consists of twelve {@creature drow}, five {@creature Drow Elite Warrior||drow elite warriors}, a junior drow priestess named {@creature Asha Vandree|OotA|Asha} (use the {@creature priest} stat block in the {@i Monster Manual}, but add the Fey Ancestry, Innate Spellcasting, and Sunlight Sensitivity features of the {@creature drow} stat block), and the outpost's commander, a senior {@creature drow priestess of Lolth} named Ilvara. The drow have the assistance of a pack of twelve {@creature Quaggoth||quaggoths} and six trained {@creature Giant Spider||giant spiders}.",巨蜘蛛
Giant Spiders,巨蜘蛛,draft-heading-proposed,heading-only,OotA,5,data/0/entries/6/entries/3,36,"Feel free to play out any interaction between the drow, the player characters, and the other prisoners. This is an opportunity to reveal who the characters are and to flesh out their backgrounds and personalities through roleplaying, even as you introduce some of their fellow prisoners. Ilvara's newest consort, Shoor, wants to impress his mistress, while Jorlan, her former consort, sullenly does his duty but casts a curious eye over the prisoners. Any hostile move is met with poisoned crossbow bolts from the drow, and possibly a strike from Ilvara's scourge or a {@spell ray of sickness} spell. The giant spiders attack and poison anyone who attacks the drow. The drow don't kill any of the prisoners (leaving them {@condition unconscious} at 0 hit points) but have no compunction about beating them.",巨蜘蛛
Giant Wolf Spiders,巨狼蛛,draft-heading-proposed,heading-only,OotA,97,data/5/entries/4/entries/5/entries/7/entries/0,7,"Former servants of the drow, these {@creature Fiendish Giant Spider|OotA|spiders} burn with baleful energy. Treat them as {@creature Giant Wolf Spider||giant wolf spiders} with a challenge rating of 1/2 (100 XP), resistance to cold, fire, and lightning damage, and immunity to poison damage. They are also immune to the {@condition poisoned} condition.",巨狼蛛
Glabbagool,格拉巴布林,existing-site,matching-English-source-string-only,OotA,35,data/1/entries/15/entries/5/name,17,3. Glabbagool,Glabbagool;格拉巴古爾
Glooglugogg,格魯格魯戈,project-proposed,matching-English-source-string-only,OotA,44,data/2/entries/11/entries/1/entries/0/rows/2/0,4,"{@b Glooglugogg (""Gloog""})",Glooglugogg
Glyph of Warding,守衛刻文,existing-site,matching-English-source-string-only,OotA,138,data/8/entries/16/entries/3/entries/3,7,"The drow sleep in cots arranged in neat rows, while the merchants store their valuable wares in three stone buildings. The door to each building is protected by a {@spell glyph of warding} (save {@dc 14}) that triggers an explosive runes effect ({@dice 5d8} thunder damage) when a creature other than a drow opens it.",Glyph of Warding;守衛刻文
Glyphic Shroomlight,符文蘑菇燈,existing-site,matching-English-source-string-only,OotA,103,data/5/entries/14/entries/0,1,"The Stoneheart Enclave agreed to join the Diggermattock effort to resettle Blingdenstone in exchange for help reclaiming this temple known as the Ruby in the Rough. The temple is dedicated to Segojan Earthcaller, the svirfneblin god of deep earth and nature. The rituals and day-to-day duties of the temple are overseen by a deep gnome named {@creature Glyphic Shroomlight|OotA}, a nervous young novice doing his best in a situation requiring a much older and more experienced cleric (use the {@creature acolyte} statistics in the {@i Monster Manual}, but also give Glyphic the Stone Camouflage, Gnome Cunning, and Innate Spellcasting features of a {@creature Deep Gnome (Svirfneblin)||deep gnome}).",Glyphic Shroomlight
Gnawed Bones,啃咬過的骨頭,draft-heading-proposed,heading-only,OotA,169,data/12/entries/3/entries/12/entries/1,4,"The cave floor is strewn with gnawed bones—the remains of dead dwarves and drow. A circular pit, nine feet deep, holds six captives—two {@creature drow} and four shield dwarf {@creature Commoner||commoners}. These unfortunates were separated from larger groups (see ""{@area Random Encounters|42d|x}"" earlier in this chapter) and captured by the troglodytes. Every couple of days, one of them is eaten by the tribe. The captives are filthy and weak; each has four levels of {@condition exhaustion} and 1 hit point remaining. Any of the captives can explain the nature of the conflict between H'slaat and S'slaar. If freed, the drow immediately flee into the Underdark, but the dwarves offer to join the expeditionary force if the adventurers liberate them. The drow are male members of House Melarn and are named Rinil and Xol. The shield dwarves hail from the Silver Marches and are named Dauthorn Brightmantle (male), Traldak Xornbane (male), Zulia Stonewhisper (female), and Hargritt Hammerhome (female).",啃咬過的骨頭
Gnoll Pack,鬣狗人群體,draft-heading-proposed,heading-only,OotA,32,data/1/entries/14/entries/0,9,"The characters enter an area where a band of gnolls lured to the Underdark by the demon lord Yeenoghu are hunting a mated pair of hook horrors. Having left guards at the main entrance to the lair (area 5), the gnoll pack lord has split its remaining hunters into two groups, both of which are attempting to flush out the hook horrors to win the right to tear them apart.",鬣狗人群體
Gnome Cunning,侏儒狡黠,existing-site,heading-only,OotA,97,data/5/entries/4/entries/5/entries/12/entries/1/entries/0/name,4,Gnome Cunning,侏儒狡黠
Goals,目標,existing-site,matching-English-source-string-only,OotA,7,data/0/entries/7/entries/3/entries/8/entries/1,14,"Although Shuushar is by far the most sane, stable, and honest of the adventurers' fellow prisoners, he is also the most useless to their immediate goals. The kuo-toa hermit is a complete pacifist. He doesn't fight or cause harm to any other creature, even refusing to defend himself or others. He gladly accompanies the party if permitted to do so, however, helping them in any way he can other than violating his most sacred vow.",Goals;目標
Goblin Tunnel,地精隧道,draft-heading-proposed,heading-only,OotA,192,data/14/entries/8/entries/9/entries/0,2,"The goblins beg for food. If the characters give them food or otherwise treat the goblins well, they show the party a secret door that opens into a forgotten tunnel. Roll a {@dice d10} and consult the Goblin Tunnel table to determine where the tunnel leads.",地精隧道
Goblins,地精,existing-site,matching-English-source-string-only,OotA,18,data/1/entries/2/entries/3/entries/0,23,"In the event that none of the prisoners who manage to escape with the party can navigate in the Underdark—or none that the characters are willing to heed at any rate—the adventurers will be forced to wander. The party remains lost until the characters encounter creatures able to give them directions or intent on capturing them. Such creatures can include kuo-toa from Sloobludop, duergar slavers or merchants from Gracklstugh, the goblins from the Silken Paths encounter, or even their drow pursuers intent on dragging them back to Velkynvelve.",Goblins;地精;哥布林
Going to Blingdenstone,前往布靈登石城,draft-heading-proposed,heading-only,OotA,95,data/5/entries/4/name,1,Going to Blingdenstone,前往布林登斯通
Going to Gracklstugh,前往格拉克斯圖格,draft-heading-proposed,heading-only,OotA,50,data/3/entries/4/name,2,Going to Gracklstugh,前往格拉克斯圖格
Going to Gravenhollow,前往刻文谷,draft-heading-proposed,heading-only,OotA,150,data/10/entries/4/name,1,Going to Gravenhollow,前往格雷文霍洛
Going to Menzoberranzan,前往魔索布萊城,draft-heading-proposed,heading-only,OotA,190,data/14/entries/4/name,1,Going to Menzoberranzan,前往梅茲羅伯蘭贊
Going to Neverlight Grove,前往無光林地,draft-heading-proposed,heading-only,OotA,83,data/4/entries/4/name,1,Going to Neverlight Grove,前往永不光明的樹林
Goldwhisker,金鬚,project-proposed,matching-English-source-string-only,OotA,97,data/5/entries/4/entries/5/entries/12/entries/0,25,These wererats belong to Clan Goldwhisker and are searching for new places to settle within the ruins of the former city. They're always hostile and attack the party if they can't flee. Use the {@creature wererat} stat block in the {@i Monster Manual} with a few modifications: {@creature svirfneblin wererat|OotA|svirfneblin wererats} are Small and have the following additional features.,Goldwhisker;金須
Goldwhisker Warrens,金鬚族地穴,draft-heading-proposed,heading-only,OotA,102,data/5/entries/11/entries/0,6,"This busy cavern welcomes visitors to Blingdenstone and connects the most important chambers of the new settlement. Two sealed tunnels here lead to the Goldwhisker Warrens. One is closed off by a deliberately caused cave-in to the south, and the other by reinforced, locked, and guarded gates.",金須族地穴
Goldwhisker Warrens: General Features,金鬚族巢穴：一般特徵,draft-heading-proposed,heading-only,OotA,110,data/5/entries/24/entries/2/name,2,Goldwhisker Warrens: General Features,金須族巢穴：一般特徵
Gorath,戈拉斯,project-proposed,heading-only,OotA,126,data/7/entries/4/entries/30,1,"In addition to access to the hidden trading post of Mantol-Derith, Davra Jassur can provide Zhentarim mercenaries to fill out the expedition. These eight human thugs proudly wear the crest of the Black Network on their armor. If these NPCs join the party, make eight photocopies of the {@creature Zhentarim Thug|OotA} stat card at the end of this chapter. If you don't want to control these NPCs yourself, you can distribute their stat cards among the players and let them run the NPCs. The thugs' names are Nero Kelvane, Lenora Haskur, Aligor Moonwhisper, Gorath Torn, Saliyra Dalnor, Primwin Halk, Iandro Alathar, and Lhytris Ilgarn. All of them know the route to Mantol-Derith.",
Gorge,峽谷,draft-heading-proposed,heading-only,OotA,25,data/1/entries/10/entries/3/entries/1/rows/5/1,5,Gorge,峽谷
Gorglak,戈格拉克,project-proposed,matching-English-source-string-only,OotA,53,data/3/entries/4/entries/8/entries/1/entries/0/rows/0/0,17,{@b Gorglak},Gorglak;格洛克;戈爾格拉克;戈爾拉克
Grackle-Lung,格萊克肺,existing-site,heading-only,OotA,51,data/3/entries/4/entries/6/entries/3/entries/3/entries/0,8,"Despite vents dug into the walls and ceiling of the city's great cavern, fumes from smelters and forges linger at ground level (as does the gas tapped in Laduguer's Furrow). Visitors might contract the illness known as grackle-lung (see the Grackle-lung sidebar).",格萊克肺
Gracklstugh,格拉克斯圖格,project-proposed,matching-English-source-string-only,OotA,16,data/0/entries/11/entries/2/entries/0,165,"This leads most directly toward the Darklake (see {@adventure chapter 3|OotA|2}), although the party could eventually veer south toward Gracklstugh (see {@adventure chapter 4|OotA|3}).",Gracklstugh;格拉克斯圖格;格拉克斯塔夫;格拉克斯塔格;格拉克斯塔;格拉克斯圖;格拉克斯特夫;格拉克斯特格;格拉克斯特;格拉卡斯圖格;格拉克爾斯圖;格拉希斯特格;格萊克斯圖格;格拉斯特格;格拉克洛斯圖;格拉克盧斯特;格拉施塔格;克斯塔;葛拉格拉克斯圖格
Gracklstugh Military,格拉克斯圖格軍事,draft-heading-proposed,heading-only,OotA,54,data/3/entries/4/entries/9/entries/6/name,1,Gracklstugh Military,格拉克斯特夫軍事
Gracklstugh NPCs,格拉克斯圖格的NPC,draft-heading-proposed,heading-only,OotA,53,data/3/entries/4/entries/8/entries/1/name,1,Gracklstugh NPCs,格拉克斯特格的NPC
Gracklstugh and Drow Pursuit,格拉克斯圖格與卓爾追擊,draft-heading-proposed,heading-only,OotA,51,data/3/entries/4/entries/5/name,2,Gracklstugh and Drow Pursuit,格拉克斯特夫與黑暗精靈追擊
Gracklstugh: General Features,格拉克斯圖格: 總體特徵,draft-heading-proposed,heading-only,OotA,51,data/3/entries/4/entries/6/entries/3/name,1,Gracklstugh: General Features,格拉克斯特夫: 總體特徵
Graphic Designer,平面設計師,draft-heading-proposed,heading-only,OotA,,data/22/entries/1/items/13/name,1,Graphic Designer,平面設計師
Gravenhollow,刻文谷,project-proposed,matching-English-source-string-only,OotA,65,data/3/entries/13/entries/2/entries/4/entries/1,83,"The {@item stonespeaker crystal|OotA} (see {@adventure appendix B|OotA|18}) resonates strongly with conjuration and divination magic. If the characters keep the crystal after escaping the Underdark, it will be of use if they return to deal with the demonic incursion, as it is linked to the mysterious library of Gravenhollow and has additional properties when used there (see {@adventure chapter 11|OotA|10}).",Gravenhollow;刻文谷;雕文谷;格雷文霍洛;刻印洞穴;墓穴谷;格瑞文霍洛;格拉芙霍洛;格蘭霍洛;格拉文霍洛
Gravenhollow: General Features,刻文谷：一般特徵,draft-heading-proposed,heading-only,OotA,152,data/10/entries/5/entries/0,5,"When the characters first enter Gravenhollow, the library appears to be a simple arrangement of great cavernous halls carved out from the stone of the Underdark. However, the library is suffused with magic that warps the space within it, and which makes navigating and exploration a unique challenge (see the ""{@area Gravenhollow: General Features|3e2|x}"" sidebar).",格瑞文霍洛：一般特徵
Gray Ghosts,灰鬼,project-proposed,matching-English-source-string-only,OotA,53,data/3/entries/4/entries/8/entries/1/entries/0/rows/6/1,32,"Male derro courier in the employ of both the Gray Ghosts and the Council of Savants, and the subject of different possible side quests",Gray Ghosts;灰鬼;灰幽靈;灰色幽靈;灰影幫;灰影會;灰靈
Gray Ooze,灰泥怪,existing-site,heading-only,OotA,8,data/0/entries/7/entries/4/entries/5/items/0,22,"A gray ooze lives in the pool. It's harmless, feeding off waste unless disturbed.",灰泥怪
Graz'zt,格拉茲特,existing-site,matching-English-source-string-only,OotA,82,data/3/entries/17/entries/4/entries/6,7,"The Deepking's royal consort is a {@creature succubus} in the guise of Shal, a female duergar. The succubus is a loyal servant of the demon lord Graz'zt (see {@area appendix D|5e4|x}). Her only task is to make sure no one tries to rid Horgar of his madness. The gown she wears was a gift from Horgar. It weighs 75 pounds and is worth 750 gp.",Graz'zt;格拉茲特
Grazilaxx,格拉齊拉克斯,existing-site,matching-English-source-string-only,OotA,29,data/1/entries/10/entries/4/entries/16/entries/1/rows/2/1,2,{@creature Grazilaxx|OotA} the {@creature mind flayer},Grazilaxx
Grazillax,格拉齊拉克斯,project-proposed,matching-English-source-string-only,,,,0,,Grazillax
Great Forge Encounters,大熔爐遭遇,draft-heading-proposed,heading-only,OotA,124,data/7/entries/2/entries/9/entries/6/entries/0,2,"The Great Forge is always occupied by either Helgrim or Rollo, their apprentices and assistants ({@dice 2d4} shield dwarf {@creature Commoner||commoners}), and shield dwarf {@creature Veteran||veterans} working in squads of six to guard the active furnaces. The characters might also encounter other creatures if they explore the unoccupied areas of the Great Forge. Check for such an encounter once per hour of travel or rest outside the protected areas of the forge by rolling a {@dice d20} and consulting the Great Forge Encounters table to determine what, if anything, comes out of the darkness. If the heroes call for help, four shield dwarf {@creature Veteran||veterans} arrive in {@dice 1d4 + 1} rounds to aid them.",大熔爐遭遇
Great Forge Random Encounters,大熔爐隨機遭遇,draft-heading-proposed,heading-only,OotA,124,data/7/entries/2/entries/9/entries/6/name,1,Great Forge Random Encounters,大熔爐隨機遭遇
Great Gates,宏偉之門,draft-heading-proposed,heading-only,OotA,64,data/3/entries/10/entries/3/name,1,Great Gates,宏偉之門
Great Palace,宏偉宮殿,draft-heading-proposed,heading-only,OotA,94,data/4/entries/17/entries/3/entries/9/name,1,Great Palace,宏偉宮殿
Green Hag,綠鬼婆,existing-site,heading-only,OotA,42,data/2/entries/5/entries/3/entries/1/rows/3/1,3,1 {@creature green hag},綠鬼婆
Grell,觸鬚怪,existing-site,heading-only,OotA,28,data/1/entries/10/entries/4/entries/2/entries/1/rows/2/1,6,1 {@creature grell} floating near the high ceiling,觸鬚怪
Grells,觸鬚怪,draft-heading-proposed,heading-only,OotA,179,data/13/entries/7/entries/2/entries/2/entries/0/rows/4/1,3,{@dice 1d4} {@creature Grell||grells},觸鬚怪
Grick Nest,穴居攫怪巢穴,draft-heading-proposed,heading-only,OotA,142,data/8/entries/20/entries/3/entries/1/entries/3/entries/0,2,On a 30-foot-high shelf overlooking the cave is an old grick nest. Hidden here are three {@item Potion of Vitality||potions of vitality}. Climbing the wall to reach the shelf requires a successful {@dc 10} Strength ({@skill Athletics}) check.,穴居攫怪巢穴
Gricks,穴居攫怪們,existing-site,heading-only,OotA,28,data/1/entries/10/entries/4/entries/2/entries/1/rows/3/1,12,{@dice 1d4} {@creature Grick||gricks} hiding in a crevice or fissure,穴居攫怪們
Grin,格林,project-proposed,matching-English-source-string-only,OotA,160,data/11/entries/1,36,"If the characters rebuffed Vizeran's overtures to an alliance in Gravenhollow (see {@area chapter 11|40e|x}), the drow archmage subsequently sends Grin Ousstyl (see later in this chapter) as a peace envoy, renewing the offer and leading the characters to Araj if they accept it. Further exploration of the Underdark on their own might convince the adventurers to at least hear what Vizeran has to say. If they find the means to communicate his offer to their allies on the surface world, those allies encourage the characters to forge an alliance with the drow archmage.",Grin;格里恩
Grin Ousstyl,格林·奧斯提爾,project-proposed,matching-English-source-string-only,OotA,160,data/11/entries/1,19,"If the characters rebuffed Vizeran's overtures to an alliance in Gravenhollow (see {@area chapter 11|40e|x}), the drow archmage subsequently sends Grin Ousstyl (see later in this chapter) as a peace envoy, renewing the offer and leading the characters to Araj if they accept it. Further exploration of the Underdark on their own might convince the adventurers to at least hear what Vizeran has to say. If they find the means to communicate his offer to their allies on the surface world, those allies encourage the characters to forge an alliance with the drow archmage.",Grin Ousstyl;格林·奧斯蒂爾;格林·烏斯特爾;格里恩·烏斯提爾;格林·烏斯提爾;格林·烏斯泰爾
Grisha,格里沙,existing-site,matching-English-source-string-only,OotA,182,data/13/entries/10/entries/0,9,"Filthriddens was, until recently, a shanty town of Underdark exiles and refugees. The greatest threat to inhabitants—apart from food shortages—was the minotaurs that raided the settlement from time to time, dragging off screaming prisoners to meet a grisly fate. The recent arrival of the demon lords changed things. A group of minotaurs was on its way to raid Filthriddens when Yeenoghu and a pack of his frenzied followers tore through this part of the Labyrinth, catching the minotaurs off guard and slaughtering them. The sole witness to this carnage was {@creature Grisha|OotA}, an escaped human slave of the drow. Yeenoghu's intercession saved him from the minotaurs.",Grisha;格里莎
Grisha's Greeting,格里沙的問候,draft-heading-proposed,heading-only,OotA,182,data/13/entries/10/entries/2/name,1,Grisha's Greeting,格里莎的問候
Gromph,貢夫,project-proposed,matching-English-source-string-only,OotA,132,data/8/entries/5/entries/0,92,"Having previously been imprisoned for many mortal lifetimes on the Material Plane, Fraz-Urb'luu had taken steps to bind himself to his layer of the Abyss. As soon as he felt the tug of Gromph's spell, Fraz-Urb'luu transferred his evil life force to a specially crafted, magically protected receptacle—a black jewel. However, the spell proved irresistible, and the precious receptacle was cast into the Underdark. As a further indignity, Fraz-Urb'luu found himself trapped within the gem, unable to escape while on the Material Plane.",Gromph;格羅姆夫;格羅姆;葛羅姆夫;葛拉佛;葛里芬;格林普;貢夫菲
Gromph Baenre,貢夫·班瑞,project-proposed,matching-English-source-string-only,OotA,153,data/10/entries/5/entries/3/entries/10/entries/0,25,"This echo of the future claims to be searching for a long-forgotten spell. If the characters ask the venerable human archmage about the demonic incursion, Elminster reveals that the demonic incursion was the unintended result of a spell cast by Gromph Baenre, a former Archmage of Menzoberranzan. Elminster doesn't reveal what happened to Gromph, for he's reluctant to divulge too much information about the future. If the characters press him for details, Elminster says only that many great heroes were lost to the demonic tide, but several powerful demon lords were driven back to the Abyss.",Gromph Baenre;葛拉佛·拜恩;葛里芬·拜爾;格林普·班瑞;貢夫菲·班瑞
Gromph's Folly,貢夫的愚行,draft-heading-proposed,heading-only,OotA,157,data/10/entries/7/entries/5/entries/1/name,1,Gromph's Folly,格羅姆夫的愚行
Gromph's Grimoire,貢夫的魔法書,draft-heading-proposed,heading-only,OotA,190,data/14/entries/3/entries/2/name,12,Obtaining Gromph's Grimoire,葛羅姆夫的魔法書
Gromph's Inner Sanctum,貢夫的內聖所,draft-heading-proposed,heading-only,OotA,206,data/14/entries/13/entries/4/entries/6/entries/0,3,"Any party member with a passive Wisdom ({@skill Perception}) score of 20 or higher notices a secret door in the wall, while a character searching the room for secret doors must succeed on a {@dc 15} Wisdom ({@skill Perception}) check to find it. Any creature with 12 Hit Dice or fewer that approaches within 5 feet of the secret door without speaking the word {@i khaless} (""trust"") triggers an {@spell imprisonment} spell (save {@dc 17}). On a failed save, the creature is trapped in minimus containment inside a gemstone in Gromph's inner sanctum (described in the next section). The trap ceases to exist once a creature becomes imprisoned. A successful {@spell dispel magic} ({@dc 19}) cast on the secret door removes the trap.",格羅姆夫的內聖所
Gromph's Outer Sanctum,貢夫的外聖所,draft-heading-proposed,heading-only,OotA,206,data/14/entries/13/entries/4/name,3,Gromph's Outer Sanctum,格羅姆夫的外聖所
Groundskeepers,園丁,draft-heading-proposed,heading-only,OotA,199,data/14/entries/9/entries/9/entries/4/entries/0/rows/3/1,3,Groundskeepers,園丁
Grula-Munga,格魯拉－蒙加,project-proposed,matching-English-source-string-only,OotA,78,data/3/entries/15/entries/7/entries/13/entries/5,2,"The cage by the tunnel holds a {@creature death dog}, watched over by a nervous {@creature derro|OotA} cultist. Atop the platform, {@creature Narrak|OotA} and four more {@creature derro|OotA} cultists are performing a ritual around the statue at its center. (Statistics for {@creature Narrak|OotA} and the derro can be found in {@adventure appendix C|OotA|19}.) The cultists' chanting is punctuated with {@creature Narrak|OotA} calling out the name ""Demogorgon!"" Also atop the platform, resting comfortably in an fungi-filled alcove (and initially out of the party's view), is {@creature Narrak|OotA}'s bodyguard—a female {@creature ettin} named Grula-Munga.",Grula-Munga;格魯拉-蒙加
Guards and Wards,銅牆鐵壁,existing-site,heading-only,OotA,161,data/11/entries/5/entries/2/name,7,Guards and Wards,銅牆鐵壁
Guest Quarters,客房區,draft-heading-proposed,heading-only,OotA,121,data/7/entries/1/entries/5/entries/0,3,"Once the characters arrive at the gates of Gauntlgrym, they are welcomed as the king's guests and escorted into the underground city, through the Vault of Kings (see below), and shown to guest quarters. The dwarves of Gauntlgrym take matters of hospitality seriously, ensuring that the adventurers are offered food, drink, and a chance to rest and refresh themselves before their audience with the king (see ""Audience with Bruenor"" under ""Events in Gauntlgrym"").",客房區
Guests at the Feast,宴會上的賓客,draft-heading-proposed,heading-only,OotA,124,data/7/entries/3/entries/3/name,1,Guests at the Feast,宴會上的賓客
Guests of the Stone Guard,石衛的客人,draft-heading-proposed,heading-only,OotA,60,data/3/entries/9/entries/6/name,1,Guests of the Stone Guard,石衛的客人
Gurnik,古爾尼克,project-proposed,matching-English-source-string-only,OotA,97,data/5/entries/4/entries/6/entries/1/entries/0/rows/3/0,11,{@b Gurnik Tapfinger},Gurnik;古尼克;加尼克
Gurnik Tapfinger,古爾尼克·叩指,project-proposed,matching-English-source-string-only,OotA,97,data/5/entries/4/entries/6/entries/1/entries/0/rows/3/0,5,{@b Gurnik Tapfinger},Gurnik Tapfinger;古爾尼克·塔普芬格
H'hoort,赫霍爾特,project-proposed,matching-English-source-string-only,OotA,168,data/12/entries/3/entries/10/entries/3,3,"H'hoort, a {@creature troglodyte} and Chieftain S'slaar's mate, is lashed between two stalagmites here. Another {@creature troglodyte} stands guard next to her. Releasing H'hoort won't earn the adventurers a respite from the opportunistic troglodytes, but if the characters hold her captive, both sides are reluctant to attack them.",H'hoort
H'slaat,赫斯拉特,project-proposed,matching-English-source-string-only,OotA,168,data/12/entries/3/entries/3,15,"Any character who understands the troglodytes quickly learns what drives the conflict. Otherwise, a successful {@dc 13} Wisdom ({@skill Insight}) check can provide a general sense of what's going on. The troglodytes ambushed and killed a drow scouting party whose leader wielded a magic sword that S'slaar, the troglodyte chieftain, claimed as a trophy. However, S'slaar's war marshal, H'slaat, was the one who killed the drow leader, and who now claims the right to wield the blade.",H'slaat
Halls of Sacred Spells,神聖咒語大廳,draft-heading-proposed,heading-only,OotA,65,data/3/entries/12/name,3,Halls of Sacred Spells,神聖咒語大廳
Hanne,漢娜,project-proposed,matching-English-source-string-only,OotA,171,data/12/entries/4/entries/2,20,"The voice is actually a {@spell minor illusion} cantrip. If no one in the party understands Undercommon, the dire warning is just loud gibberish to them. The cantrip was cast by {@creature Hanne Hallen|OotA}, a young drow allied with House Mizzrym. Hanne has the statistics of a {@creature drow}, with the following modifications:",Hanne;漢內;漢妮
Hanne Hallen,漢娜·哈倫,existing-site,matching-English-source-string-only,OotA,171,data/12/entries/4/entries/2,2,"The voice is actually a {@spell minor illusion} cantrip. If no one in the party understands Undercommon, the dire warning is just loud gibberish to them. The cantrip was cast by {@creature Hanne Hallen|OotA}, a young drow allied with House Mizzrym. Hanne has the statistics of a {@creature drow}, with the following modifications:",Hanne Hallen
Hanne's Help,漢娜的幫助,draft-heading-proposed,heading-only,OotA,173,data/12/entries/5/entries/10/entries/1/entries/1/name,1,Hanne's Help,Hanne的幫助
Harajin,哈拉金,draft-heading-proposed,heading-only,OotA,185,data/13/entries/13/entries/5/entries/4/name,1,Harajin,哈拉金
Hard Labor,艱苦勞動,draft-heading-proposed,heading-only,OotA,5,data/0/entries/6/entries/2,2,"Assume that each player character has been a prisoner in Velkynvelve for {@dice 1d10} days. (Roll separately for each character.) The characters spend most of this time locked in the slave pen, emerging occasionally under heavy guard to perform menial chores for their captors' amusement (see ""Hard Labor"").",艱苦勞動
Hargritt Hammerhome,哈格里特·錘家,project-proposed,matching-English-source-string-only,OotA,169,data/12/entries/3/entries/12/entries/1,1,"The cave floor is strewn with gnawed bones—the remains of dead dwarves and drow. A circular pit, nine feet deep, holds six captives—two {@creature drow} and four shield dwarf {@creature Commoner||commoners}. These unfortunates were separated from larger groups (see ""{@area Random Encounters|42d|x}"" earlier in this chapter) and captured by the troglodytes. Every couple of days, one of them is eaten by the tribe. The captives are filthy and weak; each has four levels of {@condition exhaustion} and 1 hit point remaining. Any of the captives can explain the nature of the conflict between H'slaat and S'slaar. If freed, the drow immediately flee into the Underdark, but the dwarves offer to join the expeditionary force if the adventurers liberate them. The drow are male members of House Melarn and are named Rinil and Xol. The shield dwarves hail from the Silver Marches and are named Dauthorn Brightmantle (male), Traldak Xornbane (male), Zulia Stonewhisper (female), and Hargritt Hammerhome (female).",Hargritt Hammerhome
Harpers,豎琴手聯盟,project-proposed,matching-English-source-string-only,OotA,126,data/7/entries/4/entries/0,6,"King Bruenor has called representatives of the Harpers, the Order of the Gauntlet, the Emerald Enclave, the Lords' Alliance, and the Zhentarim to Gauntlgrym to hear about the state of things in the Underdark and to court their aid in finding out more about the situation. The representatives of each faction receive a briefing on what the characters told Bruenor, and all have an opportunity to converse with the adventurers before making their decisions as to whether they will support Bruenor's plans.",Harpers;豎琴手;哈珀組織;哈珀
Healing Support,治療支援,draft-heading-proposed,heading-only,OotA,217,data/16/entries/2/entries/5/entries/1/entries/2/name,1,Healing Support,治療支援
Heart of Darkness,黑暗之心,draft-heading-proposed,heading-only,OotA,144,data/9/entries/5/entries/2/name,2,Heart of Darkness,黑暗之心
Hebopbe,赫波貝,project-proposed,matching-English-source-string-only,OotA,88,data/4/entries/12/entries/3/entries/1/name,3,Hebopbe,Hebopbe;希博普比
Helgrim Candlewick,赫爾格林·燭芯,project-proposed,matching-English-source-string-only,OotA,124,data/7/entries/2/entries/9/entries/5/entries/1,1,The king has left the day-to-day running of the Great Forge to a pair of experienced smiths: Helgrim Candlewick and Rollo Summergold (both shield dwarf {@creature Veteran||veterans}).,Helgrim Candlewick
Heroic Sacrifice,英勇犧牲,draft-heading-proposed,heading-only,OotA,217,data/16/entries/2/entries/5/entries/2/name,1,Heroic Sacrifice,英勇犧牲
Hezrous,狂蟾魔,draft-heading-proposed,heading-only,OotA,146,data/9/entries/6/entries/3/entries/2/entries/1/entries/0/rows/2/1,5,{@dice 1d2} {@creature Hezrou||hezrous},狂蟾魔
Hgraam,哈格拉姆,project-proposed,matching-English-source-string-only,OotA,53,data/3/entries/4/entries/8/entries/1/entries/0/rows/8/0,24,{@b Stonespeaker Hgraam},Hgraam;格拉姆
Hidden from Magic,隱藏於魔法之外,draft-heading-proposed,heading-only,OotA,154,data/10/entries/5/entries/5/entries/1/entries/4/name,1,Hidden from Magic,隱藏於魔法之外
High Ledge,高崖,draft-heading-proposed,heading-only,OotA,25,data/1/entries/10/entries/3/entries/1/rows/6/1,3,High ledge,高崖
History,歷史,existing-site,heading-only,OotA,9,data/0/entries/8/entries/1/entries/1/entries/2,14,"A member of a drow house with a long history as slavers, Ilvara is a cruel mistress who enjoys taunting and tormenting enemies and underlings alike. In addition to a scourge, she wields a {@item tentacle rod}. Although she has taken Shoor Vandree as her lover, Ilvara cares no more about him than she did about Jorlan Duskryn, the lover she discarded due to his crippling injuries.",歷史
Hold of the Deepking,深王堡,project-proposed,matching-English-source-string-only,OotA,82,data/3/entries/17/name,3,Hold of the Deepking,Hold of the Deepking;深海王之領;深王之殿
Hook Horror Hunt,恐爪怪狩獵,draft-heading-proposed,heading-only,OotA,32,data/1/entries/14/name,1,Hook Horror Hunt,恐爪怪狩獵
Hook Horror Lair: General Features,恐爪怪巢穴：一般特徵,draft-heading-proposed,heading-only,OotA,33,data/1/entries/14/entries/2/name,1,Hook Horror Lair: General Features,恐爪怪巢穴：一般特徵
Hook Horror Maturation,恐爪怪成熟過程,draft-heading-proposed,heading-only,OotA,33,data/1/entries/14/entries/8/entries/1,2,"Each hour, there is a 10 percent chance that one of the eggs hatches. The {@creature infant hook horror|OotA} that emerges imprints on the first creature it sees. It thereafter follows that creature around like its parent, demanding to be fed. If the characters manage to keep the hook horror alive, it eventually reaches adulthood after six months. Track its growth using the Hook Horror Maturation table.",恐爪怪成熟過程
Horgar,霍加,project-proposed,matching-English-source-string-only,OotA,52,data/3/entries/4/entries/7/entries/8/entries/1/rows/2/1,15,"A cloaked guard who thinks he's {@creature Deepking Horgar Steelshadow V|OotA} drafts the party to help him slay {@creature Themberchaud|OotA}, convinced that the dragon is possessed by a demon lord.",Horgar;霍加爾;霍格
Horgar Steelshadow V,霍加·鋼影五世,project-proposed,matching-English-source-string-only,OotA,52,data/3/entries/4/entries/7/entries/8/entries/1/rows/2/1,6,"A cloaked guard who thinks he's {@creature Deepking Horgar Steelshadow V|OotA} drafts the party to help him slay {@creature Themberchaud|OotA}, convinced that the dragon is possessed by a demon lord.",Horgar Steelshadow V;霍加爾·鋼影五世
Horrid Sounds,可怕的聲音,draft-heading-proposed,heading-only,OotA,25,data/1/entries/10/entries/3/entries/1/rows/7/1,2,Horrid sounds,可怕的聲音
Hourm,霍爾姆,project-proposed,matching-English-source-string-only,OotA,151,data/10/entries/4/entries/4/entries/1/entries/3,2,"A stout, rocky creature detaches from the perfectly smooth wall to your left, leaving an imprint of its body in the wall that quickly smooths out and fades from sight. ""Trravelerrrrsss. I am Hourm. The masterrrsss arre occupied. Therre arre rroomsss forr all of you. Choose yourr own. The rresourrcesss of Grravenhollow arre at yourr disssposssal. You need only asssk.""",Hourm
House Baenre,班瑞家族,draft-heading-proposed,heading-only,OotA,52,data/3/entries/4/entries/7/entries/6/entries/0/rows/0/1,17,House Baenre,班瑞家族
Human Assassin,人類刺客,draft-heading-proposed,heading-only,OotA,129,data/7/entries/4/entries/27/entries/4/entries/0,2,{@i Lawful evil human assassin},人類刺客
Humidity,溼度,draft-heading-proposed,heading-only,OotA,107,data/5/entries/23/entries/6/entries/3/name,1,Humidity,溼度
Hunted by Yeenoghu,被耶諾古追捕,draft-heading-proposed,heading-only,OotA,184,data/13/entries/12/entries/7/name,1,Hunted by Yeenoghu,被耶諾戈追捕
Hunting Party,狩獵隊伍,draft-heading-proposed,heading-only,OotA,24,data/1/entries/9/entries/1,11,"The drow party consists of Ilvara ({@creature drow priestess of Lolth}), the {@creature Drow Elite Warrior||drow elite warriors} Jorlan and Shoor, and the junior priestess {@creature Asha Vandree|OotA} (use the {@creature priest} stat block in the {@i Monster Manual}, but add the Fey Ancestry, Innate Spellcasting, and Sunlight Sensitivity features of the {@creature drow} stat block). The hunting party also includes four {@creature drow} warriors who serve as forward scouts. If any of the drow NPCs did not survive chapter 1, replace them with newly arrived reinforcements from Menzoberranzan under the command of Ilvara, or another priestess of her caliber.",狩獵隊伍
Hunzrin,洪茲林,project-proposed,matching-English-source-string-only,OotA,196,data/14/entries/9/entries/5/entries/6/entries/1/entries/0,1,"Narbondel's Shadow, which wasn't damaged during Demogorgon's rampage, offers some of the best food and lodging money can buy, but the cost is high: 25 gp per night, per person. A strongheart halfling {@creature commoner} named Dalfred Noakes owns and runs the establishment. Dalfred had a violent encounter with a young Hunzrin noble, which left him scarred and without his left ear. He has never forgotten nor forgiven the noble. To this day, he uses a small cave system that doesn't connect with the Dark Dominion to smuggle goods and hide people fleeing angry drow nobles. If the characters look like they could use his help, Dalfred does whatever he can to assist them.",Hunzrin
Illumination,照明,existing-site,heading-only,OotA,20,data/1/entries/3/entries/3/entries/2/name,5,Illumination,照明
Illusk,伊路斯克,project-proposed,matching-English-source-string-only,OotA,121,data/7/entries/2/entries/3,1,"It was humans from nearby Illusk who finally drove the orcs from Gauntlgrym, but their hold on the city proved just as short-lived, as foul creatures from the Underdark swarmed from the depths to claim Gauntlgrym as their own. Over the next thousand years, history turned to legend, and mighty Gauntlgrym was all but forgotten on the surface world. Illithids, duergar, drow, and aboleths vied for control of the fallen city, its treasures, and the primordial still bound within its core. The drow House Xorlarrin eventually took Gauntlgrym, establishing a new city they called Q'Xorlarrin, producing weapons at the forge that they traded and used to pay tribute to Menzoberranzan.",Illusk
Illustrious Visitors,傑出訪客,draft-heading-proposed,heading-only,OotA,153,data/10/entries/5/entries/3/entries/5/name,1,Illustrious Visitors,傑出訪客
Ilvara,伊爾瓦拉,project-proposed,matching-English-source-string-only,OotA,5,data/0/entries/6/entries/1/entries/0,74,"Captured by the drow! You wouldn't wish this fate upon anyone, yet here you are—locked in a dark cave, the cold, heavy weight of metal tight around your throat and wrists. You are not alone. Other prisoners are trapped in here with you, in an underground outpost far from the light of the sun. Your captors include a cruel drow priestess who calls herself Mistress Ilvara of House Mizzrym. Over the past several days, you've met her several times, robed in silken garments and flanked by two male drow, one of whom has a mass of scars along one side of his face and neck. Mistress Ilvara likes to impress her will with scourge in hand and remind you that your life now belongs to her. ""Accept your fate, learn to obey, and you may survive."" Her words echo in your memory, even as you plot your escape.",Ilvara;伊瓦拉
Ilvara Mizzrym,伊爾瓦拉·米茲瑞姆,existing-site,matching-English-source-string-only,OotA,9,data/0/entries/8/entries/1/entries/0/entries/0/rows/0/0,3,{@creature Ilvara Mizzrym|OotA},Ilvara Mizzrym;伊爾瓦拉·米茲瑞姆
Important NPCs,重要NPC,draft-heading-proposed,heading-only,OotA,53,data/3/entries/4/entries/8/name,4,Important NPCs,重要NPC
In Command,指揮中,draft-heading-proposed,heading-only,OotA,144,data/9/entries/5/name,3,In Command,指揮中
In the Slave Pen,在奴隸圍欄,draft-heading-proposed,heading-only,OotA,5,data/0/entries/6/entries/2,6,"Assume that each player character has been a prisoner in Velkynvelve for {@dice 1d10} days. (Roll separately for each character.) The characters spend most of this time locked in the slave pen, emerging occasionally under heavy guard to perform menial chores for their captors' amusement (see ""Hard Labor"").",在奴隸圍欄
Indefinite Madness,永久性瘋狂,project-proposed,matching-English-source-string-only,OotA,21,data/1/entries/5/entries/4/entries/0/entries/0/rows/2/1,25,Bout of indefinite madness (lasts until cured),Indefinite Madness;不確定的瘋狂;不確定瘋狂;不定瘋狂
Infected Drow,被感染的卓爾,draft-heading-proposed,heading-only,OotA,194,data/14/entries/9/entries/2/entries/3/entries/0/rows/4/1,2,Infected drow,被感染的黑暗精靈
Inhabitants,居民,draft-heading-proposed,heading-only,OotA,15,data/0/entries/9/entries/5/entries/13/entries/2,20,"The inhabitants of Velkynvelve remain unaware that the recent arrival of the demon lord Juiblex in the Underdark has made this ooze particularly aggressive and malevolent. In addition to attacking any creature in the pool, the ooze surges up to 10 feet out of the pool to attack creatures at its edge. When it does so, creatures within 30 feet of the ooze telepathically sense a voice cry out, ""Flesh for the Faceless Lord!""",居民
Innate Spellcasting,天生施法,existing-site,heading-only,OotA,9,data/0/entries/8/entries/0,12,"The garrison at Velkynvelve consists of twelve {@creature drow}, five {@creature Drow Elite Warrior||drow elite warriors}, a junior drow priestess named {@creature Asha Vandree|OotA|Asha} (use the {@creature priest} stat block in the {@i Monster Manual}, but add the Fey Ancestry, Innate Spellcasting, and Sunlight Sensitivity features of the {@creature drow} stat block), and the outpost's commander, a senior {@creature drow priestess of Lolth} named Ilvara. The drow have the assistance of a pack of twelve {@creature Quaggoth||quaggoths} and six trained {@creature Giant Spider||giant spiders}.",天生施法
Inner Blingdenstone,內布靈登石城,draft-heading-proposed,heading-only,OotA,96,data/5/entries/4/entries/4/entries/1,13,"The characters must prove their goodwill to the deep gnomes before they are allowed inside. Once the characters win the gnomes' trust, they are welcomed into Inner Blingdenstone, and to what food and comfort the locals can readily provide.",內布靈登石
Inner Blingdenstone: General Features,內布靈登石城：總體特徵,draft-heading-proposed,heading-only,OotA,103,data/5/entries/12/entries/1/name,1,Inner Blingdenstone: General Features,內布靈登石：總體特徵
Inner Circle,內環,draft-heading-proposed,heading-only,OotA,86,data/4/entries/5/entries/7/entries/1,6,"The circles in Neverlight Grove are divided by specialized function, with each circle performing a specific role in the colony. Seven circles are present in the grove, each containing an average of twenty myconids—the Circle of Hunters, the Circle of Explorers, the Circle of Sowers, the Circle of Builders, the Circle of Growers, plus the recently formed Inner Circle and Circle of Masters. Each circle gathers around a circle mound—a pile of rocks and soil upon which mold, lichen, and mushrooms are encouraged to grow. The myconids of a circle gather around their own mound to meld and sleep.",內環
Insight,洞悉,existing-site,heading-only,OotA,51,data/3/entries/4/entries/5/entries/0,15,"Taking refuge in Gracklstugh has its advantages. Each day they spend in the duergar capital, the characters can attempt a {@dc 16} group Dexterity ({@skill Stealth}) check to move around cautiously, with success indicating that they avoid drawing attention to themselves. The characters can also attempt a {@dc 13} group Wisdom ({@skill Insight}) check to assess the mood in the city, with success allowing them to avoid trouble before it starts. Characters who lie low for the day have advantage on this Wisdom check.",洞察
Intellect Devourers,噬腦怪,draft-heading-proposed,heading-only,OotA,192,data/14/entries/8/entries/2/entries/0/rows/8/1,5,{@dice 1d4} {@creature Intellect Devourer||intellect devourers},噬腦怪
Interior Illustrators,內頁插畫師,draft-heading-proposed,heading-only,OotA,,data/22/entries/1/items/11/name,1,Interior Illustrators,內頁插畫師
Intimidation,威嚇,existing-site,heading-only,OotA,57,data/3/entries/8/entries/2/entries/3,5,"The duergar are hostile, and the guard who spoke follows up on every answer the characters give. One character can take the lead in the interrogation by speaking for the party and making a {@dc 15} Charisma check ({@skill Deception} and {@skill Persuasion} apply; {@skill Intimidation} or {@skill Performance} are met with scorn). Depending on how believable the party's story is and how the other adventurers behave during the questioning, you might allow the character to make the check with advantage or impose disadvantage.",恐嚇
Into the Demonweb Pits,進入魔網深坑,draft-heading-proposed,heading-only,OotA,219,data/16/entries/5/entries/2/entries/1,2,"Finding a means to get rid of Gromph's grimoire once and for all could be the basis for continued adventures, perhaps even leading characters into the Abyss (see ""Into the Demonweb Pits""). Alternatively, if you arrange for the book to be stolen from Vizeran before the characters can deal with it, they might need to recover it to ensure its powers are never misused again.",進入惡魔網坑
Into the Gray Dream,進入灰色夢境,draft-heading-proposed,heading-only,OotA,211,data/15/entries/5/entries/3/entries/5,2,"A successful {@dc 13} Intelligence ({@skill Arcana} or {@skill Nature}) check confirms that the characters are in no physical danger but are entering rapport with Araumycos. The adventurers are {@condition paralyzed} as the myconid spores fully take effect. Even creatures immune to sleep and paralysis are affected as the spores seep into mind and body. The characters collapse harmlessly to the soft surface of Araumycos, its fungus quickly spreading across them as the rapport begins. When this happens, continue with ""Into the Gray Dream.""",進入灰色夢境
Into the Maze,進入迷宮,draft-heading-proposed,heading-only,OotA,181,data/13/entries/9/entries/5/entries/7,4,"Any aggressive action sends {@creature Gash|OotA} skittering back into the maze and to his masters. If the characters capture him, he shrieks and screams, drawing one {@creature minotaur} to investigate the racket.",進入迷宮
Investigation,調查,existing-site,heading-only,OotA,14,data/0/entries/9/entries/5/entries/6/entries/3/entries/0,13,"The chest is locked, and Ilvara keeps the key in a hidden pocket on the inside of her belt. The lock is trapped with a poison needle tipped with {@item drow poison} (see ""{@book Poisons|DMG|8|Poisons}"" in chapter 8 of the {@i Dungeon Master's Guide}), which is activated if any attempt is made to open the lock without the proper key. The victim takes 1 piercing damage and must succeed on a {@dc 13} Constitution saving throw or be {@condition poisoned} for 1 hour. If the saving throw fails by 5 or more, the target is also {@condition unconscious} while {@condition poisoned} in this way. A successful {@dc 20} Intelligence ({@skill Investigation}) check reveals the trap. A character using thieves' tools can make a successful {@dc 15} Dexterity check to disarm it. Picking the lock requires thieves' tools and another successful {@dc 15} Dexterity check.",
Invisible Quasit,隱形小惡魔,draft-heading-proposed,heading-only,OotA,206,data/14/entries/13/entries/3/entries/6/name,1,Invisible Quasit,隱形小惡魔
Iron Tabernacle Encounters,鐵製聖所遭遇,draft-heading-proposed,heading-only,OotA,123,data/7/entries/2/entries/8/entries/6/name,1,Iron Tabernacle Encounters,鐵製聖所遭遇
Iron Tabernacle Random Encounters,鐵製聖所隨機遭遇,draft-heading-proposed,heading-only,OotA,123,data/7/entries/2/entries/8/entries/5/name,1,Iron Tabernacle Random Encounters,鐵製聖所隨機遭遇
Island,島嶼,draft-heading-proposed,heading-only,OotA,41,data/2/entries/5/entries/2/entries/1/rows/2/1,8,Island,島嶼
Ixitxachitl,伊希鰩魚,draft-heading-proposed,heading-only,OotA,42,data/2/entries/5/entries/3/entries/1/rows/5/1,8,{@dice 1d6 + 2} {@creature ixitxachitl|OotA} (see {@adventure appendix C|OotA|19}),伊希鰩魚
Jaal,賈爾,project-proposed,matching-English-source-string-only,OotA,151,data/10/entries/4/entries/2/entries/3/entries/0,2,"If the characters don't have the ring to guide them, a duergar NPC (for example, Ghuldur Flagonfist in Mantol-Derith) might suggest that they talk to Stonespeaker Hgraam in Gracklstugh. If the characters helped the stone giants by putting an end to the horrid derro rituals in the Whorlstone Tunnels (see chapter 4), Stonespeaker Hgraam is willing to assign them a guide—a {@creature stone giant} named Jaal—who can lead them to Gravenhollow. As he guides the expeditionary force through the Underdark, Jaal periodically stops to press his hands against ancient stone, as though communing with the rock itself. His mystical connection to the Underdark allows him to find the safest, shortest route to the stone library.",Jaal
Jadger,賈傑爾,project-proposed,matching-English-source-string-only,OotA,97,data/5/entries/4/entries/6/entries/1/entries/0/rows/6/0,20,{@b Burrow Warden Jadger},Jadger;賈格;賈德格;賈傑
Jalynfein Oblodra,賈林費因·歐布羅卓,project-proposed,matching-English-source-string-only,OotA,153,data/10/entries/5/entries/3/entries/6/entries/0/rows/6/1,2,Jalynfein Oblodra,Jalynfein Oblodra
Jarlaxle,賈拉索,existing-site-short-form,matching-English-source-string-only,OotA,123,data/7/entries/2/entries/9/entries/4/entries/3,27,"In the years following, Maegera groggily awoke from time to time, causing earthquakes throughout the region. Eventually, the primordial was returned to its slumber through the efforts of Bruenor, Drizzt Do'Urden, Jarlaxle, and other heroes. Where Maegera sleeps now, the intense heat it generates once again fires the Great Forge of Gauntlgrym.",Jarlaxle;賈拉克斯;賈拉克西爾;賈拉克索;賈拉克斯勒;賈拉克西;賈拉克賽爾;賈拉克斯爾
Jarlaxle Baenre,賈拉索·班瑞,existing-site,matching-English-source-string-only,OotA,204,data/14/entries/11/entries/2/name,5,Jarlaxle Baenre of Bregan D'aerthe,Jarlaxle Baenre;賈拉索·班瑞;賈拉索·貝恩雷;賈拉索·巴恩瑞
Jarlaxle Baenre of Bregan D'aerthe,布雷甘·達耶的賈拉索·班瑞,draft-heading-proposed,heading-only,OotA,204,data/14/entries/11/entries/2/name,1,Jarlaxle Baenre of Bregan D'aerthe,佈雷甘·達特的賈拉克西·貝恩雷
Javelin,標槍,existing-site,heading-only,OotA,76,data/3/entries/15/entries/7/entries/9/entries/5/entries/0,2,A {@creature duergar alchemist|OotA} carries two vials of acid and two flasks of alchemist's fire. It uses the normal {@creature duergar} stat block but replaces the Javelin attack option with the following attack options:,標槍
Jimjar,吉姆賈爾,existing-site,matching-English-source-string-only,OotA,5,data/0/entries/7/entries/3/entries/1/entries/0/rows/3/0,22,{@creature Jimjar|OotA},Jimjar;吉姆賈爾
Jorlan,喬蘭,project-proposed,matching-English-source-string-only,OotA,5,data/0/entries/6/entries/3,40,"Feel free to play out any interaction between the drow, the player characters, and the other prisoners. This is an opportunity to reveal who the characters are and to flesh out their backgrounds and personalities through roleplaying, even as you introduce some of their fellow prisoners. Ilvara's newest consort, Shoor, wants to impress his mistress, while Jorlan, her former consort, sullenly does his duty but casts a curious eye over the prisoners. Any hostile move is met with poisoned crossbow bolts from the drow, and possibly a strike from Ilvara's scourge or a {@spell ray of sickness} spell. The giant spiders attack and poison anyone who attacks the drow. The drow don't kill any of the prisoners (leaving them {@condition unconscious} at 0 hit points) but have no compunction about beating them.",Jorlan;喬爾蘭;約蘭
Jorlan Duskryn,喬蘭·杜斯克林,draft-heading-proposed,heading-only,OotA,9,data/0/entries/8/entries/1/entries/0/entries/0/rows/3/0,7,{@b Jorlan Duskryn},喬蘭·杜斯克林
Jorlan's Gambit,喬蘭的計劃,draft-heading-proposed,heading-only,OotA,16,data/0/entries/10/entries/2/name,2,Jorlan's Gambit,喬蘭的計劃
Juiblex,朱庇萊克斯,existing-site,matching-English-source-string-only,OotA,15,data/0/entries/9/entries/5/entries/13/entries/2,55,"The inhabitants of Velkynvelve remain unaware that the recent arrival of the demon lord Juiblex in the Underdark has made this ooze particularly aggressive and malevolent. In addition to attacking any creature in the pool, the ooze surges up to 10 feet out of the pool to attack creatures at its edge. When it does so, creatures within 30 feet of the ooze telepathically sense a voice cry out, ""Flesh for the Faceless Lord!""",Juiblex;朱伊布萊克斯;朱伊布列克斯;尤布萊克斯;祖布萊克斯;朱布萊克斯;朱布林克斯;朱依比利克斯;朱比列克斯;朱布勒斯
Juiblex and the Pudding King,朱庇萊克斯和布丁王,draft-heading-proposed,heading-only,OotA,157,data/10/entries/7/entries/5/entries/3/name,1,Juiblex and the Pudding King,祖布萊克斯和布丁國王
Karazikar the Eye Tyrant,卡拉茲卡爾，眼魔暴君,draft-heading-proposed,heading-only,OotA,175,data/12/entries/7/entries/2/entries/1/name,1,Karazikar the Eye Tyrant,卡拉茲卡爾，眼魔暴君
Kavalrachni,卡瓦爾拉奇尼,draft-heading-proposed,heading-only,OotA,30,data/1/entries/10/entries/4/entries/18/entries/2,5,"Deep gnome and drow traders have a 50 percent chance of having half their number in {@creature Giant Lizard||giant lizards} as mounts and pack animals. Duergar traders have a 50 percent chance of having half their number in {@creature Male Steeder|MTF|male steeders} (see {@adventure appendix C|OotA|19}) as pack animals. If there are male steeders present, there is a 50 percent chance that the traders are escorted by a {@creature duergar kavalrachni|MTF} astride a {@creature female steeder|MTF} (see {@adventure appendix C|OotA|19} for both).",卡瓦爾拉奇尼
Kazook,卡祖克,project-proposed,matching-English-source-string-only,OotA,63,data/3/entries/9/entries/11/entries/1/entries/0,13,"If the characters rescued Werz Saltbaron from the assassins (see ""Darklake Docks""), he meets them at the Shattered Spire at the designated date and time. As modest thanks for saving him, he gives each character an obsidian gemstone worth 10 gp. He then offers them a job, delivering a sack full of raw gemstones (worth 100 gp total) to a svirfneblin named Kazook Pickshine in Blingdenstone, no questions asked.",Kazook
Kazook Pickshine,卡祖克·閃鎬,project-proposed,matching-English-source-string-only,OotA,63,data/3/entries/9/entries/11/entries/1/entries/0,11,"If the characters rescued Werz Saltbaron from the assassins (see ""Darklake Docks""), he meets them at the Shattered Spire at the designated date and time. As modest thanks for saving him, he gives each character an obsidian gemstone worth 10 gp. He then offers them a job, delivering a sack full of raw gemstones (worth 100 gp total) to a svirfneblin named Kazook Pickshine in Blingdenstone, no questions asked.",Kazook Pickshine;卡祖克·皮克沙因;卡祖克·挑光
Keelboat Cargo,龍骨船貨物,project-proposed,matching-English-source-string-only,OotA,42,data/2/entries/5/entries/3/entries/4/entries/1,4,"Roll a {@dice d20} and consult the Duergar Keelboat Cargo table to determine what, if anything, the duergar are transporting in their keelboat.",Keelboat Cargo;凱爾船貨物;平底船貨物;船貨
Keepers of the Flame,火焰守護者,project-proposed,matching-English-source-string-only,OotA,55,data/3/entries/4/entries/9/entries/8/name,20,Keepers of the Flame,Keepers of the Flame;火焰守護者;火焰守衛;守護者之焰;烈焰守護者;守護火焰者
Keyed Encounters,關鍵遭遇,draft-heading-proposed,heading-only,OotA,135,data/8/entries/12/entries/2/name,1,Keyed Encounters,關鍵遭遇
Khalessa,卡萊莎,project-proposed,matching-English-source-string-only,OotA,149,data/9/entries/8/entries/4/entries/1/entries/1,10,"If the characters advance their expeditionary force toward the drow city, word of their approach reaches Menzoberranzan two days before their arrival, and the drow dispatch a well-armed defense force to destroy the surface dwellers. Racing ahead of this drow force is a high elf from Silverymoon named {@creature Khalessa Draga|OotA}. A deep cover agent of the Lords' Alliance, Khalessa has been spying on the drow for years—so long, in fact, that her superiors are beginning to wonder if she's a defector. {@creature Khalessa Draga|OotA|Khalessa} is a loyal alliance {@creature spy} with the following statistical modifications:",Khalessa
Khalessa Draga,卡萊莎·德拉加,existing-site,matching-English-source-string-only,OotA,149,data/9/entries/8/entries/4/entries/1/entries/1,4,"If the characters advance their expeditionary force toward the drow city, word of their approach reaches Menzoberranzan two days before their arrival, and the drow dispatch a well-armed defense force to destroy the surface dwellers. Racing ahead of this drow force is a high elf from Silverymoon named {@creature Khalessa Draga|OotA}. A deep cover agent of the Lords' Alliance, Khalessa has been spying on the drow for years—so long, in fact, that her superiors are beginning to wonder if she's a defector. {@creature Khalessa Draga|OotA|Khalessa} is a loyal alliance {@creature spy} with the following statistical modifications:",Khalessa Draga;卡萊莎·德拉加
Kinyel,金耶爾,project-proposed,matching-English-source-string-only,OotA,132,data/8/entries/5/entries/1,10,"Anyone who touches the gem risks falling prey to delusional madness. A duergar ale merchant named Krimgol Muzgardt found the gem and took it to Mantol-Derith. By the time he arrived, Krimgol had succumbed to the delusion that he was a {@i calassabrak}—a duergar without honor. He paid Yantha Coaxrock, an honest svirfneblin mage, to appraise the jewel, hoping that he could use it to buy back the goodwill of his clan. Touched by the gem's madness, Yantha lied to Krimgol and told him the gem was worthless. She offered a lump of gold in exchange, whereupon Krimgol suspected treachery and demanded the gem's immediate return. While Krimgol and Yantha argued, one of Yantha's apprentices tried to hide the gem for his mistress but succumbed to its evil power. The apprentice, Flink, took the gem to the drow enclave, hoping to trade it for some rare spell components that he imagined Yantha needing to make Krimgol go away. A gargoyle assigned to watch for thieves spotted the gem and wrested it from Flink, who hid for fear of incurring Yantha's wrath. Soon thereafter, the delusional gargoyle laid eyes on a drow assassin named {@creature Kinyel Druu'giir|OotA} and was instantly smitten by her. The gargoyle gave her the black gem as a token of its devotion, which she, in her madness, mistook as a payment from the drow enclave to assassinate {@creature Lorthuun|OotA}, a maimed beholder allied with the Zhentarim.",Kinyel;基尼爾
Kinyel Druu'giir,金耶爾·德魯吉爾,existing-site,matching-English-source-string-only,OotA,132,data/8/entries/5/entries/1,4,"Anyone who touches the gem risks falling prey to delusional madness. A duergar ale merchant named Krimgol Muzgardt found the gem and took it to Mantol-Derith. By the time he arrived, Krimgol had succumbed to the delusion that he was a {@i calassabrak}—a duergar without honor. He paid Yantha Coaxrock, an honest svirfneblin mage, to appraise the jewel, hoping that he could use it to buy back the goodwill of his clan. Touched by the gem's madness, Yantha lied to Krimgol and told him the gem was worthless. She offered a lump of gold in exchange, whereupon Krimgol suspected treachery and demanded the gem's immediate return. While Krimgol and Yantha argued, one of Yantha's apprentices tried to hide the gem for his mistress but succumbed to its evil power. The apprentice, Flink, took the gem to the drow enclave, hoping to trade it for some rare spell components that he imagined Yantha needing to make Krimgol go away. A gargoyle assigned to watch for thieves spotted the gem and wrested it from Flink, who hid for fear of incurring Yantha's wrath. Soon thereafter, the delusional gargoyle laid eyes on a drow assassin named {@creature Kinyel Druu'giir|OotA} and was instantly smitten by her. The gargoyle gave her the black gem as a token of its devotion, which she, in her madness, mistook as a payment from the drow enclave to assassinate {@creature Lorthuun|OotA}, a maimed beholder allied with the Zhentarim.",Kinyel Druu'giir
Kleve,克勒維,project-proposed,matching-English-source-string-only,OotA,155,data/10/entries/6/entries/0,12,"As the characters explore the library, ideally after encountering an echo or two, they meet the venerable drow archmage {@creature Vizeran DeVir|OotA}, accompanied by Kleve, a {@creature death slaad} bodyguard in its natural form. Vizeran is an {@creature archmage} with the following statistical modifications:",Kleve;克萊夫
Krilelyn H'Kar,克莉蕾琳·哈卡,project-proposed,matching-English-source-string-only,OotA,195,data/14/entries/9/entries/4/entries/3/entries/2/entries/1,2,"If the characters agree to a meeting with Jarlaxle, the Bregan D'aerthe spy tells them that a drow operative named Krilelyn H'Kar will fetch them when the time comes (see ""{@area Private Meetings|556|x}""). The spy then leaves the characters alone.",Krilelyn H'Kar;克里琳·哈卡爾
Krimgol,克林戈,project-proposed,matching-English-source-string-only,OotA,132,data/8/entries/5/entries/1,17,"Anyone who touches the gem risks falling prey to delusional madness. A duergar ale merchant named Krimgol Muzgardt found the gem and took it to Mantol-Derith. By the time he arrived, Krimgol had succumbed to the delusion that he was a {@i calassabrak}—a duergar without honor. He paid Yantha Coaxrock, an honest svirfneblin mage, to appraise the jewel, hoping that he could use it to buy back the goodwill of his clan. Touched by the gem's madness, Yantha lied to Krimgol and told him the gem was worthless. She offered a lump of gold in exchange, whereupon Krimgol suspected treachery and demanded the gem's immediate return. While Krimgol and Yantha argued, one of Yantha's apprentices tried to hide the gem for his mistress but succumbed to its evil power. The apprentice, Flink, took the gem to the drow enclave, hoping to trade it for some rare spell components that he imagined Yantha needing to make Krimgol go away. A gargoyle assigned to watch for thieves spotted the gem and wrested it from Flink, who hid for fear of incurring Yantha's wrath. Soon thereafter, the delusional gargoyle laid eyes on a drow assassin named {@creature Kinyel Druu'giir|OotA} and was instantly smitten by her. The gargoyle gave her the black gem as a token of its devotion, which she, in her madness, mistook as a payment from the drow enclave to assassinate {@creature Lorthuun|OotA}, a maimed beholder allied with the Zhentarim.",Krimgol;克林姆戈爾;克里姆戈爾
Krimgol Muzgardt,克林戈·穆茲加特,project-proposed,matching-English-source-string-only,OotA,132,data/8/entries/5/entries/1,5,"Anyone who touches the gem risks falling prey to delusional madness. A duergar ale merchant named Krimgol Muzgardt found the gem and took it to Mantol-Derith. By the time he arrived, Krimgol had succumbed to the delusion that he was a {@i calassabrak}—a duergar without honor. He paid Yantha Coaxrock, an honest svirfneblin mage, to appraise the jewel, hoping that he could use it to buy back the goodwill of his clan. Touched by the gem's madness, Yantha lied to Krimgol and told him the gem was worthless. She offered a lump of gold in exchange, whereupon Krimgol suspected treachery and demanded the gem's immediate return. While Krimgol and Yantha argued, one of Yantha's apprentices tried to hide the gem for his mistress but succumbed to its evil power. The apprentice, Flink, took the gem to the drow enclave, hoping to trade it for some rare spell components that he imagined Yantha needing to make Krimgol go away. A gargoyle assigned to watch for thieves spotted the gem and wrested it from Flink, who hid for fear of incurring Yantha's wrath. Soon thereafter, the delusional gargoyle laid eyes on a drow assassin named {@creature Kinyel Druu'giir|OotA} and was instantly smitten by her. The gargoyle gave her the black gem as a token of its devotion, which she, in her madness, mistook as a payment from the drow enclave to assassinate {@creature Lorthuun|OotA}, a maimed beholder allied with the Zhentarim.",Krimgol Muzgardt;克林姆戈爾·穆茲加德特;克里姆戈爾·穆茲加特
Kuo-toa,寇濤,existing-site,matching-English-source-string-only,OotA,5,data/0/entries/7/entries/3/entries/1/entries/0/rows/6/1,132,Kuo-toa hermit and mystic,Kuo-toa;寇濤
Kuo-toa Keelboat Cargo,寇濤龍骨船貨物,draft-heading-proposed,heading-only,OotA,43,data/2/entries/5/entries/3/entries/9/entries/1,2,"Roll a {@dice d20} and consult the Kuo-toa Keelboat Cargo table to determine what, if anything, the Kuo-toa are transporting in their keelboat.",寇濤凱爾船貨物
Kurr,庫爾,existing-site,matching-English-source-string-only,OotA,179,data/13/entries/7/entries/2/entries/5/entries/1,12,"A {@creature gnoll fang of Yeenoghu} named {@creature Kurr|OotA} made his way into the Labyrinth shortly after Yeenoghu was summoned to the Underdark. {@creature Kurr|OotA} brought with him a pack of hyenas and had them feast on the corpses of his slain victims. This heinous act transformed the hyenas into ten {@creature Gnoll||gnolls}. {@creature Kurr|OotA|Kurr's} pack now prowls the Labyrinth in search of Yeenoghu, slaughtering anything and anyone they happen upon.",Kurr
Kyorbblivvin,奇奧布利文,project-proposed,matching-English-source-string-only,OotA,192,data/14/entries/8/entries/10/entries/0/rows/0/1,11,"Kyorbblivvin (see ""{@area Kyorbblivvin|51f|x}"")",Kyorbblivvin;克約布林賓;凱奧爾布利文
Kyorbblivvin Encounters,奇奧布利文遭遇戰,draft-heading-proposed,heading-only,OotA,197,data/14/entries/9/entries/6/entries/0,3,"Kyorbblivvin is a spider-haunted forest of giant mushrooms that spreads across the northern portion of the Qu'ellarz'orl plateau. Members of the great houses use Kyorbblivvin as a private hunting domain. Drow warriors patrol the forest, alert for poachers and intruders. Check for random encounters in Kyorbblivvin once every hour. Roll a {@dice d20} and consult the Kyorbblivvin Encounters table to determine what, if anything, the characters encounter. The party can avoid random encounters in Kyorbblivvin by succeeding on a {@dc 15} Dexterity ({@skill Stealth}) group check.",Kyorbblivvin遭遇戰
Labyrinth,迷宮,project-proposed,matching-English-source-string-only,OotA,40,data/2/entries/4/entries/1/entries/5/entries/2/entries/2/entries/0,57,"The Darklake is a giant labyrinth of lakes, waterways, and canals that connect myriad caverns and chambers. Some of these caverns are massive, with immeasurably deep water and vaulted ceilings far outside the range of any light. Others are narrow, with only a few feet of space between the ceiling and the surface of the water. Some are completely submerged, navigable only by those able to breathe underwater.",Labyrinth
Labyrinth Encounters,迷宮遭遇,draft-heading-proposed,heading-only,OotA,179,data/13/entries/7/name,4,Labyrinth Encounters,迷宮遭遇
Ladder,梯子,existing-site,matching-English-source-string-only,OotA,12,data/0/entries/9/entries/5/entries/3/entries/0,12,"The two hanging towers flanking the platform are the quarters of the elite warriors of the outpost, except for the commander's lieutenant (currently Shoor Vandree) who has his own quarters in the priestess's tower. Each hanging tower has two chambers, with a rope ladder running between the upper and lower chamber through a zurkhwood trapdoor. The elite warriors have finer furniture, including zurkhwood chairs and small tables around which they sit.",Ladder;梯子
Laduguer,拉杜格,existing-site,heading-only,OotA,51,data/3/entries/4/entries/6/entries/3/entries/3/entries/0,16,"Despite vents dug into the walls and ceiling of the city's great cavern, fumes from smelters and forges linger at ground level (as does the gas tapped in Laduguer's Furrow). Visitors might contract the illness known as grackle-lung (see the Grackle-lung sidebar).",拉杜格
Laduguer's Furrow,拉杜格溝壑,draft-heading-proposed,matching-English-source-string-only,OotA,51,data/3/entries/4/entries/6/entries/3/entries/3/entries/0,10,"Despite vents dug into the walls and ceiling of the city's great cavern, fumes from smelters and forges linger at ground level (as does the gas tapped in Laduguer's Furrow). Visitors might contract the illness known as grackle-lung (see the Grackle-lung sidebar).",Laduguer's Furrow;Ladugueur's Furrow;拉杜格的犁溝;拉杜格爾的溝壑;拉杜格的溝壑;拉杜格爾溝;拉杜格爾的犁溝;拉杜格的溝渠;拉杜格爾的溝渠
Language,語言,existing-site,heading-only,OotA,7,data/0/entries/7/entries/3/entries/9/entries/1,11,"{@creature Stool|OotA} uses rapport spores to establish telepathic communication with other creatures, and it does so to communicate with characters who are kind and friendly toward it. The myconid will also help establish communication with Underdark denizens with whom the characters don't share a language. Once it becomes attached to one or more of the adventurers, {@creature Stool|OotA} behaves somewhat like an enthusiastic and curious younger sibling, sticking close to the characters and asking all kinds of questions.",語言
Lava Swell,熔岩高地,draft-heading-proposed,heading-only,OotA,25,data/1/entries/10/entries/3/entries/1/rows/8/1,3,Lava swell,熔岩高地
Law and Order,律法與秩序,draft-heading-proposed,heading-only,OotA,56,data/3/entries/4/entries/10/entries/6/name,1,Law and Order,律法與秩序
Lead Adventure Designer,首席冒險設計師,draft-heading-proposed,heading-only,OotA,,data/22/entries/1/items/2/name,1,Lead Adventure Designer,首席冒險設計師
Leaders of Blingdenstone,布靈登石城的領袖,draft-heading-proposed,heading-only,OotA,98,data/5/entries/4/entries/7/entries/1/name,1,Leaders of Blingdenstone,布靈登石的領袖
Leaving Blingdenstone,離開布靈登石城,draft-heading-proposed,heading-only,OotA,115,data/5/entries/27/name,1,Leaving Blingdenstone,離開布林登斯通
Leaving Gracklstugh,離開格拉克斯圖格,draft-heading-proposed,heading-only,OotA,56,data/3/entries/4/entries/10/entries/4/entries/1,2,"Another kind of outcasts are those duergar who dishonor their clans so grievously they are stripped of all but their lives: the {@i calassabrak}, meaning ""the flawed who aren't to be trusted"" in Dwarvish. They are shunned by other duergar, many eventually taking their lives rather than face an existence apart from family and clan. Those who live on become bitter and tough, with many leaving Gracklstugh as hermits or adventurers, or turning to crime and a life in the shadows. Members of both the Gray Ghosts and the Empty-Scabbard Killers include a significant number of calassabrak, no longer bound by oath, honor, and duty.",離開格拉克斯圖格
Leaving Gravenhollow,離開刻文谷,draft-heading-proposed,heading-only,OotA,159,data/10/entries/9/name,1,Leaving Gravenhollow,離開格雷文霍洛
Leaving Mantol-Derith,離開曼塔-岱瑞絲,draft-heading-proposed,heading-only,OotA,141,data/8/entries/20/name,1,Leaving Mantol-Derith,離開曼塔-岱瑞絲
Leaving Neverlight Grove,離開無光林地,draft-heading-proposed,heading-only,OotA,94,data/4/entries/18/name,1,Leaving Neverlight Grove,離開永不光明的樹林
Leaving Velkynvelve,離開維爾京維爾夫,draft-heading-proposed,heading-only,OotA,16,data/0/entries/11/name,2,Leaving Velkynvelve,離開維爾京維爾夫
Leemooggoogoon,利穆格古恩,project-proposed,matching-English-source-string-only,OotA,43,data/2/entries/6/entries/0/entries/0/items/1,8,"{@b Government}: The archpriest Ploopploopeen once ruled in the name of the Sea Mother, the goddess Blibdoolpoolp. He was recently challenged and displaced by his daughter Bloppblippodd, archpriest of Leemooggoogoon the Deep Father.",Leemooggoogoon;利莫戈戈;利穆勾貢
Lesla Carrowil,蕾絲拉·卡羅威爾,project-proposed,matching-English-source-string-only,OotA,114,data/5/entries/26/entries/7/entries/4/entries/1,1,A svirfneblin archmage named Lesla Carrowil authored both spellbooks. The wizard spells contained in each book are listed below; feel free to swap out any spell with another of the same level.,Lesla Carrowil
Let Them Speak Now...,讓他們現在說吧...,draft-heading-proposed,heading-only,OotA,213,data/15/entries/7/name,1,Let Them Speak Now...,讓他們現在說吧...
Let This Be Their Battlefield,讓這裡成為他們的戰場,draft-heading-proposed,heading-only,OotA,215,data/16/entries/1/entries/2,2,"After {@creature Vizeran DeVir|OotA} uses these components to create the talisman known as the {@i dark heart} to draw forth the exiled demon lords from across the Underdark, he expects the adventurers to plant it in Menzoberranzan. Having learned from Vizeran's apprentice Grin Ousstyl of the archmage's secret goal to see the city destroyed, the characters might decide to place the {@i dark heart} talisman elsewhere, determining the battlefield for their confrontation with the demon lords (see ""Let This Be Their Battlefield"").",讓這裡成為他們的戰場
Level Advancement,等級提升,draft-heading-proposed,heading-only,OotA,119,data/6/entries/7/entries/5/name,1,Level Advancement,等級提升
Levitation Shaft,浮力井,draft-heading-proposed,heading-only,OotA,161,data/11/entries/5/entries/3/name,1,Levitation Shaft,浮力井
Librarians' Quarters,圖書管理員區,draft-heading-proposed,heading-only,OotA,154,data/10/entries/5/entries/4/entries/1/name,1,Librarians' Quarters,圖書管理員區
Life in the City of Blades,在刃城的生活,draft-heading-proposed,heading-only,OotA,55,data/3/entries/4/entries/10/name,1,Life in the City of Blades,在刃城的生活
Light,光線,draft-heading-proposed,heading-only,OotA,5,data/0/entries/6/entries/1/entries/0,130,"Captured by the drow! You wouldn't wish this fate upon anyone, yet here you are—locked in a dark cave, the cold, heavy weight of metal tight around your throat and wrists. You are not alone. Other prisoners are trapped in here with you, in an underground outpost far from the light of the sun. Your captors include a cruel drow priestess who calls herself Mistress Ilvara of House Mizzrym. Over the past several days, you've met her several times, robed in silken garments and flanked by two male drow, one of whom has a mass of scars along one side of his face and neck. Mistress Ilvara likes to impress her will with scourge in hand and remind you that your life now belongs to her. ""Accept your fate, learn to obey, and you may survive."" Her words echo in your memory, even as you plot your escape.",光線
Lingering Evil,殘留的邪惡,draft-heading-proposed,heading-only,OotA,220,data/16/entries/5/entries/3/name,1,Lingering Evil,殘留的邪惡
Living Quarters,生活區,draft-heading-proposed,heading-only,OotA,151,data/10/entries/4/entries/4/entries/2,3,"Hourm, a friendly {@creature galeb duhr}, answers any questions the characters have about Gravenhollow to the best of its ability, including how navigate its levels, and how to access the library's knowledge. After leading the party to living quarters one level below the library's main level, it merges into another wall and disappears.",生活區
Lolth,羅絲,existing-site,matching-English-source-string-only,OotA,7,data/0/entries/7/entries/3/entries/7/entries/0,84,"A male {@creature drow}, Sarith is sullen and keeps to himself, rebuffing attempts to talk to him. He is disgraced by his imprisonment but is resigned to his fate, since there doesn't appear to be anything he can do about it. Sarith is accused of murdering one of his fellow drow warriors in a fit of madness, but he has no memory of it. He varies between believing the whole thing is a setup to discredit and destroy him, and fearing that it is all true—which, in fact, it is. He is being held until he can be sent back to Menzoberranzan as a sacrifice to Lolth and an example to others.",Lolth;洛斯;洛絲;羅斯;羅斯女神;蘿絲
"Lolth, Demon Queen of Spiders",羅絲，蜘蛛的惡魔女王,draft-heading-proposed,heading-only,OotA,159,data/10/entries/7/entries/5/entries/10/name,1,"Lolth, Demon Queen of Spiders",洛斯，蜘蛛的惡魔女王
Loobamub,盧巴姆布,draft-heading-proposed,heading-only,OotA,85,data/4/entries/5/entries/4/entries/1/entries/0/rows/2/0,5,{@b Loobamub},盧巴姆布
Loose Threads,鬆散的線索,draft-heading-proposed,heading-only,OotA,217,data/16/entries/2/entries/4/entries/7/entries/1/entries/0,3,"If the characters lose or destroy the {@i dark heart}, they either have to go through the process of gathering the necessary components to make a replacement, or abandon Vizeran's plan. See ""{@area Loose Threads|5c6|x}"" later in this chapter for ideas about what to do if the plan never gets off the ground.",鬆散的線索
Lorabelios,洛拉貝利奧斯,draft-heading-proposed,heading-only,OotA,185,data/13/entries/13/entries/5/entries/5/name,1,Lorabelios,洛拉貝利奧斯
Lord Eravien Haund,埃拉維恩·哈恩德勳爵,draft-heading-proposed,heading-only,OotA,128,data/7/entries/4/entries/20/entries/4/name,1,Lord Eravien Haund,埃拉維恩·哈恩德勳爵
Lord Zelraun Roaringhorn,澤爾朗·咆哮號角勳爵,draft-heading-proposed,heading-only,OotA,126,data/7/entries/4/entries/4/entries/4/name,1,Lord Zelraun Roaringhorn,Zelraun Roaringhorn勳爵
Lords' Alliance,領主聯盟,project-proposed,matching-English-source-string-only,OotA,126,data/7/entries/4/entries/0,18,"King Bruenor has called representatives of the Harpers, the Order of the Gauntlet, the Emerald Enclave, the Lords' Alliance, and the Zhentarim to Gauntlgrym to hear about the state of things in the Underdark and to court their aid in finding out more about the situation. The representatives of each faction receive a briefing on what the characters told Bruenor, and all have an opportunity to converse with the adventurers before making their decisions as to whether they will support Bruenor's plans.",Lords' Alliance;領主同盟;貴族聯盟;聯盟領主
Lorthio,洛希歐,project-proposed,matching-English-source-string-only,OotA,68,data/3/entries/15/entries/6/entries/3,5,"{@creature Droki|OotA}'s route takes him all around the Whorlstone Tunnels, and he's too scatterbrained to notice anyone following him. {@creature Droki|OotA}'s route is marked with red arrows on the map of the Whorlstone Tunnels. He eats a pygmywort mushroom whenever he needs to navigate a narrow tunnel. As he approaches areas 7 and 8, he eats a bigwig mushroom, reverts to normal size, delivers the Gray Ghost parcel (see ""Treasure""), and collects his payment from Lorthio the {@creature duergar alchemist|OotA} (see area 8). {@creature Droki|OotA} then heads north to area 9, where he sneaks quietly around the central pool so as not to disturb its occupant. Upon reaching area 11, he greets the derro there before eating another pygmywort mushroom and traveling through the narrow tunnel leading to area 12. He eats another bigwig and reverts to normal size before making his delivery to the cultists in that area. After visiting the cultists, {@creature Droki|OotA} makes his way out of the Whorlstone Tunnels.",Lorthio;洛西奧
Lorthio Bukbukken,洛希歐·布克布肯,project-proposed,matching-English-source-string-only,OotA,76,data/3/entries/15/entries/7/entries/9/entries/2,1,"Unless he is drawn to sounds of combat in area 7, a {@creature duergar alchemist|OotA} (see the sidebar) named Lorthio Bukbukken works on the upper level of this area. Lorthio's laboratory contains a work table, a desk, a case of shelves lined with vials, and a dome-shaped oven. All furnishings are made of zurkhwood except the oven, which is made of stone.",Lorthio Bukbukken
Lorthuun,洛瑟恩,existing-site,matching-English-source-string-only,OotA,132,data/8/entries/5/entries/1,14,"Anyone who touches the gem risks falling prey to delusional madness. A duergar ale merchant named Krimgol Muzgardt found the gem and took it to Mantol-Derith. By the time he arrived, Krimgol had succumbed to the delusion that he was a {@i calassabrak}—a duergar without honor. He paid Yantha Coaxrock, an honest svirfneblin mage, to appraise the jewel, hoping that he could use it to buy back the goodwill of his clan. Touched by the gem's madness, Yantha lied to Krimgol and told him the gem was worthless. She offered a lump of gold in exchange, whereupon Krimgol suspected treachery and demanded the gem's immediate return. While Krimgol and Yantha argued, one of Yantha's apprentices tried to hide the gem for his mistress but succumbed to its evil power. The apprentice, Flink, took the gem to the drow enclave, hoping to trade it for some rare spell components that he imagined Yantha needing to make Krimgol go away. A gargoyle assigned to watch for thieves spotted the gem and wrested it from Flink, who hid for fear of incurring Yantha's wrath. Soon thereafter, the delusional gargoyle laid eyes on a drow assassin named {@creature Kinyel Druu'giir|OotA} and was instantly smitten by her. The gargoyle gave her the black gem as a token of its devotion, which she, in her madness, mistook as a payment from the drow enclave to assassinate {@creature Lorthuun|OotA}, a maimed beholder allied with the Zhentarim.",Lorthuun
Lost Friends,失散的朋友,draft-heading-proposed,heading-only,OotA,177,data/12/entries/7/entries/3/entries/5/entries/6/name,1,Lost Friends,失散的朋友
Lost Tomb of Khaem,遺失的卡姆墓,draft-heading-proposed,heading-only,OotA,32,data/1/entries/13/entries/3/entries/2/entries/1,5,"Fargas Rumblefoot was a member of an adventuring band looking for a long-lost tomb when they were attacked by a pack of mad gnolls. Fargas escaped, got lost in the Silken Paths, and was attacked by the spiders. If rescued, he promises to show the characters the way to the tomb in exchange for a share of its treasures (see ""{@area Lost Tomb of Khaem|0d9|x}"" later in this chapter). Fargas is a chaotic good halfling {@creature spy}. In addition to his armor and weapons, he carries a {@item potion of invisibility}.",遺失的卡姆墓
Lost Tomb of Khaem: General Features,卡姆的失落墓穴：一般特徵,draft-heading-proposed,heading-only,OotA,37,data/1/entries/16/entries/3,2,"The characters receive an impression of the direction to the entrance of the tomb, but the mysterious voice doesn't respond to any queries. As they follow the voice, a narrow side passage takes them to a dirty marble wall with a deep-set door made of bronze-encased stone, green with age (see the ""Lost Tomb of Khaem: General Features"" sidebar).",卡姆的失落墓穴：一般特徵
Low Ceiling,低矮的天花板,draft-heading-proposed,heading-only,OotA,41,data/2/entries/5/entries/2/entries/1/rows/3/1,2,Low ceiling,低矮的天花板
Loyalty,忠誠,existing-site,heading-only,OotA,10,data/0/entries/8/entries/1/entries/2/entries/0,15,"A junior drow priestess under Ilvara's guidance, Asha initially considered Ilvara an example to emulate. That changed after she saw how Ilvara treated Jorlan Duskryn, a seasoned drow warrior who was the commander's lover up until he was badly wounded. Ilvara discarded Jorlan without a second thought, showing Asha the foolishness of expecting any reward for loyalty.",忠誠
Luskan,路斯坎,project-proposed,matching-English-source-string-only,OotA,204,data/14/entries/11/entries/2/entries/1,1,"In addition to witnessing first hand the destruction wrought in Menzoberranzan, Jarlaxle understands the terrible implications of the demon lords' arrival in the Underdark, and he knows that his brother Gromph is responsible. Jarlaxle knows that Gromph is hiding in the city of Luskan on the Sword Coast, but he doesn't share this information under any circumstances. Jarlaxle has eyes and ears everywhere in Menzoberranzan, and he takes an interest in the adventurers—particularly if they travel with Grin Ousstyl.",Luskan;盧斯坎
Lying,撒謊,draft-heading-proposed,heading-only,OotA,38,data/1/entries/16/entries/10/entries/4/entries/0,7,"The thin gold sheath covering Brysis's sarcophagus can be pried loose and is worth 250 gp. Inside the stone sarcophagus, lying atop Brysis's withered and mummified corpse, is a magic sword called {@item Dawnbringer|OotA} (see {@adventure appendix B|OotA|18}). This intelligent weapon is the source of the telepathic messages.",撒謊
Mad Creature,瘋狂的生物,draft-heading-proposed,heading-only,OotA,27,data/1/entries/10/entries/4/entries/1/rows/6/1,4,Mad creature,瘋狂的生物
Mad Creature Possessions,瘋狂生物的所有物,draft-heading-proposed,heading-only,OotA,29,data/1/entries/10/entries/4/entries/11/name,1,Mad Creature Possessions,瘋狂生物的所有物
Mad Dance,瘋狂之舞,draft-heading-proposed,heading-only,OotA,94,data/4/entries/17/entries/3/entries/8/name,3,Mad Dance,瘋狂之舞
Mad Drow,瘋狂的卓爾,draft-heading-proposed,heading-only,OotA,194,data/14/entries/9/entries/2/entries/3/entries/0/rows/5/1,4,Mad drow,瘋狂的黑暗精靈
Mad Drow Mage,瘋狂的卓爾法師,draft-heading-proposed,heading-only,OotA,206,data/14/entries/13/entries/3/entries/7/name,1,Mad Drow Mage,瘋狂的卓爾法師
Mad Duergar,瘋狂的灰矮人,draft-heading-proposed,heading-only,OotA,52,data/3/entries/4/entries/7/entries/8/name,2,Mad Duergar,瘋狂的灰矮人
Madness,瘋狂,existing-site,heading-only,OotA,7,data/0/entries/7/entries/3/entries/7/entries/0,208,"A male {@creature drow}, Sarith is sullen and keeps to himself, rebuffing attempts to talk to him. He is disgraced by his imprisonment but is resigned to his fate, since there doesn't appear to be anything he can do about it. Sarith is accused of murdering one of his fellow drow warriors in a fit of madness, but he has no memory of it. He varies between believing the whole thing is a setup to discredit and destroy him, and fearing that it is all true—which, in fact, it is. He is being held until he can be sent back to Menzoberranzan as a sacrifice to Lolth and an example to others.",瘋狂
Madness Levels,瘋狂等級,draft-heading-proposed,heading-only,OotA,21,data/1/entries/5/entries/4/entries/0/name,2,Madness Levels,瘋狂等級
Magic Items,魔法物品,existing-site,heading-only,OotA,14,data/0/entries/9/entries/5/entries/6/entries/4/entries/2,16,"Additionally, the chest contains any valuables once held by the characters and NPCs, including any spellbooks, components, focuses, and magic items lost to the adventurers.",魔法物品
Magical Wards,魔法結界,draft-heading-proposed,heading-only,OotA,4,data/0/entries/5/entries/1/entries/1,6,"In addition to being manacled, spellcasters don't have any spell components or focuses, initially limiting their spellcasting ability. (Wizard characters don't need their spellbooks to cast spells, but will be unable to change their prepared spells without them. As such, give wizard characters some leeway in determining which spells they had previously prepared before being captured.) Moreover, spellcasting isn't possible inside the slave pen because of its magical wards (see area 11).",魔法結界
Maintaining Order,維護秩序,draft-heading-proposed,heading-only,OotA,145,data/9/entries/5/entries/6/name,1,Maintaining Order,維護秩序
Makeshift Raft,臨時筏子,draft-heading-proposed,heading-only,OotA,40,data/2/entries/4/entries/1/entries/3/name,1,Makeshift Raft,臨時筏子
Managing Editor,主管編輯,draft-heading-proposed,heading-only,OotA,,data/22/entries/1/items/4/name,1,Managing Editor,主管編輯
Manes,原魔,existing-site,heading-only,OotA,179,data/13/entries/7/entries/2/entries/2/entries/0/rows/6/1,5,{@dice 4d8} {@creature manes},原魔
Mantol-Derith,曼塔-岱瑞絲,project-proposed,matching-English-source-string-only,OotA,63,data/3/entries/9/entries/11/entries/1/entries/1,81,"{@creature Jimjar|OotA}, {@creature Topsy|OotA}, and {@creature Turvy|OotA} know of Kazook Pickshine and can provide basic information about the gnome alchemist (see {@adventure chapter 6|OotA|5}). The deep gnomes also recognize that Werz's gems resemble empty {@i spell gems}, similar to those used in the defense of Blingdenstone. The gems, mundane in their current form, are actually raw stones used in the crafting of {@i spell gems}. Werz met Kazook in Mantol-Derith (see {@adventure chapter 9|OotA|8}), and the two have been trading recently behind their superiors' backs. He declines to mention this, though, deflecting any questions by mentioning that Blingdenstone is a good place to find a way out of the Underdark.",Mantol-Derith;曼塔-岱瑞絲;曼託-德爾瑞斯;曼託爾-德里斯;曼托德瑞斯;曼託-德瑞斯;曼託-德里斯;曼託-德里思;曼託爾-德里特
Mantol-Derith NPCs,曼托爾-德里斯NPC,draft-heading-proposed,heading-only,OotA,134,data/8/entries/12/entries/1/name,1,Mantol-Derith NPCs,曼托爾-德里斯NPC
Mantol-Derith: General Features,曼托爾-德里斯：一般特徵,draft-heading-proposed,heading-only,OotA,133,data/8/entries/5/entries/6/name,1,Mantol-Derith: General Features,曼托爾-德里斯：一般特徵
Mapping,繪製地圖,draft-heading-proposed,heading-only,OotA,20,data/1/entries/3/entries/6/name,1,Mapping,繪製地圖
March on Menzoberranzan,向魔索布萊城進軍,draft-heading-proposed,heading-only,OotA,149,data/9/entries/8/entries/4/entries/1/name,3,March on Menzoberranzan,向梅佐博朗贊進軍
March to Nowhere,走向虛無,draft-heading-proposed,heading-only,OotA,178,data/13/entries/2,6,"Vizeran tells the characters to find the Gallery of Angels, a location in the heart of the Labyrinth lies some three hundred miles from Araj. It is the one place where Vizeran knows the characters can find the angel feathers required for his ritual's talisman. The Maze Engine lies forty-eight miles deeper into the Labyrinth if the characters choose to follow up on clues leading there (see the ""{@area March to Nowhere|4b5|x}"" and ""{@area Maze Engine|4c8|x}"" sections for details). The adventurers will also find a few unexpected opportunities to aid in the fight against the demon lords along the way.",走向虛無
Marching Orders,行軍指令,draft-heading-proposed,heading-only,OotA,20,data/1/entries/3/entries/3/entries/1/entries/0,3,"Ask the players to establish two marching orders for the characters—one for moving single file and one for moving two abreast. Then when an encounter occurs, roll a {@dice d6}. On a roll of 1–2, the party is traveling through a narrow passageway, so position the adventurers in the single-file marching order. On a roll of 3–4, the characters are traveling through a standard passageway and can use the two-abreast marching order. On a roll of 5–6, the encounter occurs in a large open area, so allow the players to position the characters wherever they like.",行軍指令
Matron Mother Quenthel Baenre,族長母親奎恩瑟·班瑞,draft-heading-proposed,heading-only,OotA,203,data/14/entries/11/entries/1/name,1,Matron Mother Quenthel Baenre,族長母親Quenthel Baenre
Maze,迷宮術,draft-heading-proposed,heading-only,OotA,17,data/1/entries/0,70,"Once the adventurers escape from Velkynvelve, they'll want to escape the Underdark. Already miles beneath the surface, they must make their way through an endless maze of passages and caverns, avoid pursuit by the drow, and find a route to the world above—all the while dealing with the dangers of the Underdark and struggling to find the resources they need to survive.",迷宮術
Maze Encounters,迷宮遭遇,draft-heading-proposed,heading-only,OotA,182,data/13/entries/9/entries/6/entries/3,2,"The longer it takes the characters to navigate through the maze, the greater the risk of encountering the creatures within it. Every 30 minutes the party spends in the maze, roll a {@dice d20} and consult the Maze Encounters table to see what, if anything, the characters meet.",迷宮遭遇
Maze Engine,迷宮引擎,project-proposed,matching-English-source-string-only,OotA,158,data/10/entries/7/entries/5/entries/8/entries/2,35,"This vision provides a brief glimpse of the Maze Engine, an arcane device located in the heart of the Labyrinth (see {@area chapter 14|4c8|x}).",Maze Engine
Maze Engine Effects,迷宮引擎效果,draft-heading-proposed,heading-only,OotA,188,data/13/entries/14/entries/8/name,3,Maze Engine Effects,迷宮引擎效果
Means of Escape,逃生手段,draft-heading-proposed,heading-only,OotA,15,data/0/entries/10/name,2,Means of Escape,逃生手段
Mechanus,機械境,project-proposed,matching-English-source-string-only,OotA,183,data/13/entries/11/entries/3,4,"Twelve {@creature Monodrone||monodrones} and a {@creature tridrone} have been wandering the Labyrinth since the last Great Modron March. The modrons became separated from their fellows and trapped here. Unable to find their way back to Mechanus, the modrons have been pressing on (and on), knowing that they must find their way back or be destroyed in the process.",Mechanus
Meeting Werz,遇見沃茲,draft-heading-proposed,heading-only,OotA,63,data/3/entries/9/entries/11/entries/1/name,1,Meeting Werz,遇見韋爾茲
Meeting with Vizeran,與維茲蘭會面,draft-heading-proposed,heading-only,OotA,161,data/11/entries/6/name,1,Meeting with Vizeran,與Vizeran會面
Melding,融合,draft-heading-proposed,heading-only,OotA,85,data/4/entries/5/entries/5/entries/0,8,"The myconid way of life is simple, contemplative, and cyclical. Myconids work for eight hours farming their fungi fields, scouting for resources, and maintaining their defenses. After their labors, they spend eight hours in telepathic communion with each other in what they call ""melding."" They then rest for eight hours before starting the cycle anew.",融合
Menzoberranzan,魔索布萊城,project-proposed,matching-English-source-string-only,OotA,4,data/0/entries/1,127,"The adventurers have all had the misfortune of falling to such a fate. Captured by the drow, they are prisoners at one of the dark elves' outposts, awaiting transportation to Menzoberranzan, the City of Spiders. Whether they came into the Underdark seeking knowledge or fortune, or were just in the wrong place at the wrong time, they were ripe prey for a drow raid.",Menzoberranzan;魔索布萊城;梅恩佐伯蘭贊;梅恩佐伯蘭讚;梅恩佐伯朗讚;梅恩多伯蘭贊;墨索布蘭贊;梅恩卓伯然扎;墨索博拉瑞贊;梅佐博朗贊;梅茲羅伯蘭贊;梅茲堡;墨索布拉蘭贊;墨索布拉茲班;墨索布拉;梅索博德蘭讚;梅索博德蘭贊;梅恩佐布蘭讚;梅恩佐布蘭贊;梅佐博朗讚;墨索博拉瑞讚;梅佐博蘭贊;梅茲羅伯蘭讚;梅佐博蘭讚;梅卓伯蘭城;蒙卓班;門佐貝蘭贊
Menzoberranzan: General Features,魔索布萊城: 一般特徵,draft-heading-proposed,heading-only,OotA,193,data/14/entries/8/entries/12/entries/1/name,1,Menzoberranzan: General Features,Menzoberranzan: 一般特徵
Mephit Gang,魔蝠幫派,draft-heading-proposed,heading-only,OotA,96,data/5/entries/4/entries/5/entries/1/entries/0/rows/7/1,3,Mephit gang,魔蝠幫派
Mephit Madness,魔蝠狂潮,draft-heading-proposed,heading-only,OotA,187,data/13/entries/14/entries/6/entries/2/name,1,Mephit Madness,魔蝠狂潮
Merchant Council,商人議會,draft-heading-proposed,heading-only,OotA,54,data/3/entries/4/entries/9/entries/5/name,3,Merchant Council,商人議會
Merchant Madness,商人瘋狂,draft-heading-proposed,heading-only,OotA,61,data/3/entries/9/entries/7/entries/2/name,1,Merchant Madness,商人瘋狂
Merrow,邁羅人魚,existing-site,heading-only,OotA,42,data/2/entries/5/entries/3/entries/1/rows/7/1,6,{@dice 1d4} {@creature merrow},邁羅人魚
Mev Flintknapper,梅夫·弗林特納普,existing-site,matching-English-source-string-only,OotA,103,data/5/entries/13/entries/2/entries/3,1,"The trapped svirfneblin is named {@creature Mev Flintknapper|OotA} (use the {@creature veteran} statistics in the {@i Monster Manual}, but also give Mev the Stone Camouflage, Gnome Cunning, and Innate Spellcasting features of a {@creature Deep Gnome (Svirfneblin)||deep gnome}). He has already taken 10 acid damage and takes another 21 ({@dice 6d6}) acid damage at the start of each of the cube's turns until pulled free with a successful {@dc 12} Strength check. The attempt requires an action, and any creature making the attempt takes 10 ({@dice 3d6}) acid damage is it reaches into the cube.",Mev Flintknapper
Mill,風車,draft-heading-proposed,heading-only,OotA,46,data/2/entries/15/entries/1/entries/0,2,"A nine-foot-tall statue stands here. Its body is roughly carved from some kind of wood in the shape of a humanoid female, its head and forearms formed from the severed head and claws of a giant albino crayfish. These parts are lashed on with strands of gut, and emit an overpowering stench of rotting shellfish. Shells, brightly colored stones, mushrooms, and rotting fish are piled at the statue's feet and strung in garlands around its neck. Four stern kuo-toa slowly circle the statue, alert and on guard, while a few others mill about, gazing up at the statue and bowing repeatedly while chanting.",風車
Mimic,擬身怪,existing-site,heading-only,OotA,32,data/1/entries/13/entries/3/entries/1/rows/4/1,3,1 {@creature mimic},擬身怪
Mind Flayer,奪心魔,existing-site,matching-English-source-string-only,OotA,29,data/1/entries/10/entries/4/entries/16/entries/1/rows/2/1,6,{@creature Grazilaxx|OotA} the {@creature mind flayer},Mind Flayer;奪心魔;靈吸怪鱝;靈吸怪
Mine Carts,礦車,draft-heading-proposed,heading-only,OotA,121,data/7/entries/2/entries/6/entries/0,3,"Gauntlgrym is a city carved out of the living rock, with halls and passages wide enough for the largest dragons to walk through. There are hundreds of levels, twisting stairs, functioning elevators, and a system of mine carts crossing in and out of the central hub of the Iron Tabernacle. The players should feel their characters are in a place of great antiquity, poised on the edge of reclaiming its ancient glory. By no means is the city fully occupied. Indeed, given the relatively small size of Bruenor's occupying force, keeping track of anyone within Gauntlgrym is nearly impossible.",礦車
Miners' Guild,礦工公會,draft-heading-proposed,heading-only,OotA,98,data/5/entries/4/entries/7/entries/2/name,7,Miners' Guild,礦工公會
Minotaurs,牛頭人,draft-heading-proposed,heading-only,OotA,179,data/13/entries/7/entries/2/entries/2/entries/0/rows/7/1,24,{@dice 2d4} {@creature Minotaur||minotaurs},牛頭人
Mirror,鏡子,existing-site,matching-English-source-string-only,OotA,14,data/0/entries/9/entries/5/entries/6/entries/4/entries/0,2,"The side table holds a small silver-framed mirror worth 10 gp. The small shrine to Lolth is carved of zurkhwood and bone, and inlaid with semiprecious stones. It is worth 50 gp if the characters can find a buyer for it.",Mirror;鏡子
Mistrift,迷霧裂谷,draft-heading-proposed,heading-only,OotA,201,data/14/entries/9/entries/10/entries/2/name,2,Mistrift,迷霧裂谷
Mizzrym,米茲瑞姆,project-proposed,matching-English-source-string-only,OotA,5,data/0/entries/6/entries/1/entries/0,13,"Captured by the drow! You wouldn't wish this fate upon anyone, yet here you are—locked in a dark cave, the cold, heavy weight of metal tight around your throat and wrists. You are not alone. Other prisoners are trapped in here with you, in an underground outpost far from the light of the sun. Your captors include a cruel drow priestess who calls herself Mistress Ilvara of House Mizzrym. Over the past several days, you've met her several times, robed in silken garments and flanked by two male drow, one of whom has a mass of scars along one side of his face and neck. Mistress Ilvara likes to impress her will with scourge in hand and remind you that your life now belongs to her. ""Accept your fate, learn to obey, and you may survive."" Her words echo in your memory, even as you plot your escape.",Mizzrym;密茲瑞姆
Modes of Travel,旅行方式,draft-heading-proposed,heading-only,OotA,40,data/2/entries/4/entries/1/name,2,Modes of Travel,旅行方式
Modron Prisoner,魔冢囚犯,draft-heading-proposed,heading-only,OotA,177,data/12/entries/7/entries/3/entries/5/entries/4/items/2,3,"The beholder recently captured a strange mechanical creature that might know where the Maze Engine is located (see ""{@area Modron Prisoner|48c|x}"" below). The creature is locked in a room sealed with a rolling stone door. The beholder used its telekinesis eye ray to open and close the door.",魔冢囚犯
Mold Pit,黴菌坑,draft-heading-proposed,heading-only,OotA,210,data/15/entries/4/entries/1/entries/3/entries/0/rows/2/1,2,Mold pit,黴菌坑
Moldy Quaggoth Spore Servants,發黴的幽邃熊怪孢子奴僕,draft-heading-proposed,heading-only,OotA,68,data/3/entries/15/entries/5/entries/6/name,1,Moldy Quaggoth Spore Servants,發黴的幽邃熊怪孢子奴僕
Monodrone,單元冢,existing-site,heading-only,OotA,179,data/13/entries/7/entries/2/entries/2/entries/0/rows/8/1,6,1 {@creature monodrone},單元冢
Monsters and NPCs by Challenge Rating,按挑戰等級分類的怪物和非玩家角色,draft-heading-proposed,heading-only,OotA,224,data/19/entries/1/name,1,Monsters and NPCs by Challenge Rating,按挑戰等級分類的怪物和非玩家角色
Mordenkainen,魔鄧肯,project-proposed,matching-English-source-string-only,OotA,114,data/5/entries/26/entries/7/entries/4/entries/5/entries/2,1,"7th level: {@spell forcecage}, {@spell mirage arcane}, {@spell Mordenkainen's magnificent mansion}, {@spell prismatic spray}, {@spell reverse gravity}, {@spell teleport}",Mordenkainen;魔鄧肯;莫登凱南;摩登凱南;莫德凱恩;莫德凱南
Morista Malkin,莫瑞斯塔·馬爾金,project-proposed,matching-English-source-string-only,OotA,128,data/7/entries/4/entries/15/entries/5/name,5,Morista Malkin,Morista Malkin;莫莉斯塔·馬爾金
Movement,移動,draft-heading-proposed,heading-only,OotA,4,data/0/entries/5/entries/1/entries/0,16,"All the drow's prisoners, including the characters, wear iron slave collars along with manacles connected to iron belts by a short length of chain. This leaves the prisoners {@condition restrained}, but doesn't affect their movement or speed.",移動
Muck Pit,泥潭,draft-heading-proposed,heading-only,OotA,25,data/1/entries/10/entries/3/entries/1/rows/9/1,2,Muck pit,泥潭
Multiattack,多重攻擊,existing-site,heading-only,OotA,206,data/14/entries/13/entries/4/entries/3,3,"If anyone tampers with the desk or the shelves' contents, or attempts to remove anything from the room, the {@creature four-armed statue|OotA} animates and attacks. It has the statistics of a {@creature stone golem}, but replace its Multiattack and Slam action options with the following:",多重攻擊
Myconid Adults,菌人成體,draft-heading-proposed,heading-only,OotA,29,data/1/entries/10/entries/4/entries/15/entries/1/rows/1/1,10,{@dice 1d4} {@creature Myconid Adult||myconid adults},蕈人成體
Myconid March,菌人行進,draft-heading-proposed,heading-only,OotA,209,data/15/entries/3/name,2,Myconid March,蕈人行進
Myconid Parade,菌人遊行,draft-heading-proposed,heading-only,OotA,210,data/15/entries/4/entries/1/entries/2/entries/0/rows/4/1,4,Myconid parade,蕈人遊行
NPCs,NPC,project-proposed,matching-English-source-string-only,OotA,5,data/0/entries/7/entries/3/entries/0,77,"The characters are held with ten other prisoners, captured during various raids and likewise awaiting transportation to Menzoberranzan. Some can expect to be sold as slaves, while others await death at the hands of the drow or their pets. Regardless of what they might think of the adventurers—and each other—outside the slave pens, all the NPCs have good reason to cooperate in order to escape and survive.",NPCs
Narbondel,納邦德爾,draft-heading-proposed,heading-only,OotA,196,data/14/entries/9/entries/5/entries/2/entries/0/rows/3/1,9,Scroll from Narbondel's Shadow,納邦德爾
Narbondellyn,納邦德爾林,draft-heading-proposed,heading-only,OotA,196,data/14/entries/9/entries/5/entries/4/entries/2/entries/0,10,"The {@creature drow noble|OotA} offers no reward to his or her rescuers and chastises the drow patrol for not arriving sooner. If the characters demand a reward, the noble frowns and gives them an insignia bearing the mark of his or her house, then instructs the characters to visit the noble's estate ""when the light of Narbondel reaches its zenith"" to receive their ""reward."" If the characters visit the noble's estate in Narbondellyn at the appointed time, they are set upon by the house guards, who have orders to eliminate them and dispose of the remains (see ""{@area Narbondellyn|52e|x}"" for more information on {@creature drow noble|OotA} estates).",納邦德爾林
Narbondellyn Encounters,納邦德爾林遭遇,draft-heading-proposed,heading-only,OotA,198,data/14/entries/9/entries/8/entries/2,2,"If you want a random encounter to occur as the characters make their way through the Narbondellyn district, roll a {@dice d20} and consult the Narbondellyn Encounters table, or choose an encounter that you like. The party can avoid random encounters in Narbondellyn by succeeding on a {@dc 13} Dexterity ({@skill Stealth}) group check.",納邦德爾林遭遇
Narrak,納拉克,existing-site,matching-English-source-string-only,OotA,53,data/3/entries/4/entries/8/entries/1/entries/0/rows/9/0,17,{@creature Narrak|OotA},Narrak
Narrating the Journey,敘述旅程,draft-heading-proposed,heading-only,OotA,24,data/1/entries/8/name,1,Narrating the Journey,敘述旅程
Narrow Escapes,險惡的逃脫,draft-heading-proposed,heading-only,OotA,25,data/1/entries/9/entries/3/entries/6/entries/1/name,1,Narrow Escapes,險惡的逃脫
Narrow Tunnels,狹窄隧道,draft-heading-proposed,heading-only,OotA,67,data/3/entries/15/entries/3/entries/1/entries/0,8,"The average ceiling height is 50 feet, dropping to 25 feet in narrow tunnels.",狹窄隧道
Navigating,導航,draft-heading-proposed,heading-only,OotA,20,data/1/entries/3/entries/4/entries/1/items/1,14,"The characters aren't engaged in other activities, including navigating or foraging.",導航
Navigation,導航,draft-heading-proposed,heading-only,OotA,40,data/2/entries/4/entries/1/entries/5/entries/2/entries/3/name,4,Navigation,導航
Near Miss,千鈞一髮,draft-heading-proposed,heading-only,OotA,49,data/2/entries/19/entries/4/entries/2/entries/0,3,"The adventurers can steal boats from the docks and paddle them along the shore away from the attacking demon lord. The {@creature ixitxachitl|OotA} attack anyone in the water, but most are occupied with slaughtering kuo-toa fleeing into the Darklake. A near miss from one of Demogorgon's tentacles might require each character to make a {@dc 10} Strength or Dexterity saving throw (player's choice), with failure indicating that the character has been thrown overboard by a wave.",千鈞一髮
Neheedra,妮希德拉,project-proposed,matching-English-source-string-only,OotA,99,data/5/entries/4/entries/7/entries/6/entries/1,15,"The cloud's origin remains a mystery, but it is known to have something to do with Ogrémoch, Prince of Evil Earth. A medusa named Neheedra serves Ogrémoch's Bane and leads some of the elemental creatures that have become enslaved by the evil cloud (see the ""Rockblight"" section and area 19 in particular).",Neheedra;尼希德拉
Neheedra Duskryn,妮希德拉·達斯克林,project-proposed,matching-English-source-string-only,OotA,107,data/5/entries/23/entries/2,2,"Ogrémoch's Bane haunted the drow with the same relentless cruelty it did the svirfneblin, turning their elemental servants against them. Eventually, the drow armies departed the city, but when they did, a drow priestess of Lolth named Neheedra Duskryn stayed behind. Neheedra was obsessed with collecting {@item Spell Gem|OotA|spell gems} for their power and beauty, intent on making herself the regal and powerful master of her own underground realm. She commanded a force of drow servants and soldiers with unabashed cruelty, relentlessly driving them to seek out {@item Spell Gem|OotA|spell gems} and increase her own wealth and power.",Neheedra Duskryn
Nelrindenvane,奈林登凡,project-proposed,matching-English-source-string-only,OotA,6,data/0/entries/7/entries/3/entries/3/entries/0,2,"This hulking {@creature quaggoth} is the most menacing-looking prisoner in the slave pens, and the other prisoners give him a wide berth. If any of the characters speak to him, however, the quaggoth replies in urbane Elvish. He explains that he is not, in fact, a quaggoth, but a gold elf prince polymorphed into quaggoth form by a curse. He claims to be {@creature Prince Derendil|OotA} of the kingdom of Nelrindenvane in the High Forest. His crown was usurped by the evil wizard Terrestor, who trapped him in this form and exiled him from his people.",Nelrindenvane;內林登瓦內
Nemevon,奈梅馮,project-proposed,matching-English-source-string-only,OotA,185,data/13/entries/13/entries/5/entries/6/name,1,Nemevon,Nemevon
Neverlight Grove,無光林地,project-proposed,matching-English-source-string-only,OotA,7,data/0/entries/7/entries/3/entries/9/entries/0,74,"{@creature Stool|OotA} is a {@creature myconid sprout} captured by {@creature Sarith Kzekarit|OotA}. {@creature Stool|OotA} is lonely and {@condition frightened}, wanting only to return to its home in Neverlight Grove. If befriended by the characters, {@creature Stool|OotA} gladly offers to guide them to its home, promising them sanctuary with its folk, although it isn't aware of the dangers posed by Zuggtmoy's influence on the myconids (see {@adventure chapter 5|OotA|4}).",Neverlight Grove;永不光明的樹林;永不之光樹林;永不熄滅之林;永光林地;無光林地;永不熄滅的林;永不之光林地;永光林
Neverlight Grove NPCs,無光林地NPC,draft-heading-proposed,heading-only,OotA,85,data/4/entries/5/entries/4/entries/1/name,1,Neverlight Grove NPCs,永不之光樹林NPC
Neverlight Grove: General Features,無光林地：通用特性,draft-heading-proposed,heading-only,OotA,87,data/4/entries/9/name,2,Neverlight Grove: General Features,永不之光樹林：通用特性
New Downtime Activity: Establish an Outpost,新的休整期活動：建立一個前哨站,draft-heading-proposed,heading-only,OotA,147,data/9/entries/7/entries/2/name,1,New Downtime Activity: Establish an Outpost,新的休整期活動：建立一個前哨站
Nightlight,夜光菌,draft-heading-proposed,heading-only,OotA,23,data/1/entries/7/entries/3/entries/1/name,6,Nightlight,夜光菌
Nilhogg's Nose,尼爾霍格之鼻,draft-heading-proposed,heading-only,OotA,23,data/1/entries/7/entries/3/entries/2/name,2,Nilhogg's Nose,尼爾霍格之鼻
Noble Entourage,貴族隨從,draft-heading-proposed,heading-only,OotA,198,data/14/entries/9/entries/8/entries/3/entries/0/rows/3/1,2,Noble entourage,貴族隨從
Noise,響聲,draft-heading-proposed,heading-only,OotA,11,data/0/entries/9/entries/3/entries/2/entries/0,12,"A small waterfall pouring into the cavern creates a constant background noise, negating the cave's tendency to amplify and carry sounds. Checks made to hear things in the cavern are made normally.",響聲
Nomi,諾米,project-proposed,matching-English-source-string-only,OotA,97,data/5/entries/4/entries/6/entries/1/entries/0/rows/2/0,7,{@b Nomi Pathshutter},Nomi
Nomi Pathshutter,諾米·封徑,project-proposed,matching-English-source-string-only,OotA,97,data/5/entries/4/entries/6/entries/1/entries/0/rows/2/0,6,{@b Nomi Pathshutter},Nomi Pathshutter;諾米·帕斯夏特;諾米·帕斯舒特
North Passage,北通道,draft-heading-proposed,heading-only,OotA,16,data/0/entries/11/entries/1/name,1,North Passage,北通道
Notable Kuo-toa in Sloobludop,斯盧布多普的著名寇濤魚人,draft-heading-proposed,heading-only,OotA,44,data/2/entries/11/name,1,Notable Kuo-toa in Sloobludop,斯盧布杜普的著名寇濤魚人
Notes,備註,draft-heading-proposed,heading-only,OotA,34,data/1/entries/14/entries/8/entries/2/entries/0/colLabels/2,11,Notes,備註
Noticing Threats,發覺威脅,existing-site,heading-only,OotA,20,data/1/entries/3/entries/4/name,2,Noticing Threats,發覺威脅
Obelisk,方尖碑,draft-heading-proposed,heading-only,OotA,67,data/3/entries/15/entries/2,22,"There are currently two factions using the tunnels for their own ends. The Gray Ghosts have an alchemical laboratory and a fungal garden supplying them with poisons, and the leaders of the guild conceal a secret in the form of a mysterious black obelisk in the farthest cave (see area 16). The other group is a budding cult of derro demon worshipers led by a renegade member of the Council of Savants. Sensing that the demon lords are somehow using {@i faerzress} to spread chaos and madness, the demon worshipers have begun conducting rituals to infect Gracklstugh. Intent on weakening the city and breaking the power of King Horgar Steelshadow V, the cultists plan to inflict a curse on the stone giants of Clan Cairngorm that causes them to grow second heads, driving them insane.",方尖碑
Oblodra,歐布羅卓,project-proposed,matching-English-source-string-only,OotA,153,data/10/entries/5/entries/3/entries/6/entries/0/rows/6/1,4,Jalynfein Oblodra,Oblodra;奧布羅德拉
Obtaining Gromph's Grimoire,獲得貢夫的魔法書,draft-heading-proposed,heading-only,OotA,190,data/14/entries/3/entries/2/name,1,Obtaining Gromph's Grimoire,獲得Gromph的魔法書
Ochre Jelly,赭果凍,existing-site,heading-only,OotA,27,data/1/entries/10/entries/4/entries/1/rows/7/1,9,Ochre jelly,赭果凍
Ogrémoch,歐雷莫克,existing-site,matching-English-source-string-only,OotA,96,data/5/entries/4/entries/5/entries/2/entries/0,25,"Once part of a expedition from Menzoberranzan, these drow were {@condition petrified} by a medusa and later animated by Ogrémoch's Bane (see ""{@area Settlers, Squatters, and Invaders|27a|x}"" later in this chapter). They have the statistics of {@creature animated armor}, except they are elementals instead of constructs.",Ogrémoch;奧格莫克;奧格羅莫克;奧格瑞莫克
Ogrémoch's Bane,歐雷莫克之災,project-proposed,matching-English-source-string-only,OotA,96,data/5/entries/4/entries/5/entries/2/entries/0,24,"Once part of a expedition from Menzoberranzan, these drow were {@condition petrified} by a medusa and later animated by Ogrémoch's Bane (see ""{@area Settlers, Squatters, and Invaders|27a|x}"" later in this chapter). They have the statistics of {@creature animated armor}, except they are elementals instead of constructs.",Ogrémoch's Bane;歐格瑪克之災;奧格莫克的禍根;奧格莫克之禍;奧格莫克之災;歐雷莫克的詛咒;歐雷莫克的Bane;奧格羅莫克的仇敵;Ogrémoch的Bane;奧格瑞莫克的禍根;Ogrémoch的詛咒
Old Enemies,老對手,draft-heading-proposed,heading-only,OotA,200,data/14/entries/9/entries/9/entries/5/entries/1/name,1,Old Enemies,老對手
On Their Own,自力更生,draft-heading-proposed,heading-only,OotA,17,data/1/entries/2/entries/2/items/8,15,"{@creature Topsy|OotA} and {@creature Turvy|OotA} can navigate to Blingdenstone, but they're reluctant to do so. As such, they are likely to support any suggestion that will not take them to their former home. Once they feel safer, they're likely to strike out on their own, just as they were before the drow captured them.",自力更生
Ooze Spies,軟泥怪間諜,draft-heading-proposed,heading-only,OotA,211,data/15/entries/5/entries/2/name,1,Ooze Spies,軟泥怪間諜
Oozes,泥怪,existing-site,heading-only,OotA,34,data/1/entries/15/entries/1/entries/2/entries/0,61,"The air is stale and perceptibly thin. The temple contains enough air for the oozes, plus 160 hours of breathable air for one creature, divided by the number of creatures present. For example, a party of four adventurers has 40 hours of air. Characters who are at rest and not undertaking activities such as moving or fighting consume half as much air.",泥怪
Oozing Royalty,流淌的王權,draft-heading-proposed,heading-only,OotA,114,data/5/entries/26/entries/7/name,1,Oozing Royalty,流淌的王權
Option: Jimjar's Last Gamble,選項：吉姆賈爾的最後賭博,draft-heading-proposed,heading-only,OotA,218,data/16/entries/3/entries/5/name,1,Option: Jimjar's Last Gamble,選項：吉姆賈爾的最後賭博
Option: Playing Out the Battle Option,選項：展開戰鬥,draft-heading-proposed,heading-only,OotA,218,data/16/entries/3/entries/6/entries/4/entries/1/name,1,Option: Playing Out the Battle Option,選項：展開戰鬥
Option: The Lesser of Two Evils,選項：兩害相權取其輕,draft-heading-proposed,heading-only,OotA,216,data/16/entries/2/entries/3/name,1,Option: The Lesser of Two Evils,選項：兩害相權取其輕
Optional Feature: Deep Delver,可選特性：深挖者,draft-heading-proposed,heading-only,OotA,221,data/17/entries/1/entries/2/entries/0/name,1,Optional Feature: Deep Delver,可選特性：深挖者
Optional Feature: Underdark Experience,可選特性：幽暗地域經驗,draft-heading-proposed,heading-only,OotA,221,data/17/entries/1/entries/2/entries/1/name,1,Optional Feature: Underdark Experience,可選特性：幽暗地域經驗
Orc Mercenaries,獸人僱傭兵,draft-heading-proposed,heading-only,OotA,53,data/3/entries/4/entries/7/entries/9/name,1,Orc Mercenaries,獸人僱傭兵
Orc Slave Farmers,獸人奴隸農夫,draft-heading-proposed,heading-only,OotA,195,data/14/entries/9/entries/3/entries/8/name,1,Orc Slave Farmers,獸人奴隸農夫
Orcus,奧喀斯,existing-site,matching-English-source-string-only,OotA,158,data/10/entries/7/entries/5/entries/7/name,10,Cyrog Lives! Hail Orcus!,Orcus
Order of the Gauntlet,鐵手套教團,user-approved,matching-English-source-string-only,OotA,126,data/7/entries/4/entries/0,8,"King Bruenor has called representatives of the Harpers, the Order of the Gauntlet, the Emerald Enclave, the Lords' Alliance, and the Zhentarim to Gauntlgrym to hear about the state of things in the Underdark and to court their aid in finding out more about the situation. The representatives of each faction receive a briefing on what the characters told Bruenor, and all have an opportunity to converse with the adventurers before making their decisions as to whether they will support Bruenor's plans.",Order of the Gauntlet;Gauntlet秩序;劍鞘騎士團;戰拳教團;戰拳會;戰錘會;戰錘秩序;戰錘騎士團;戰錘骑士團;手套教團;手套騎士團;手甲會;拳套秩序;盾牌秩序;臂鎧之序;臂鎧教團;護手之令;護手之序;護手教團;護手教會;護手會;護手秩序;護手騎士;護手騎士團;鐵手套騎士團;鐵拳騎士團;戰旗秩序;聖拳之誓;鐵拳團;鐵手會;拳套之令;戰斧秩序
Ormu,歐姆苔,project-proposed,matching-English-source-string-only,OotA,23,data/1/entries/7/entries/3/entries/3/name,3,Ormu,Ormu
Ossuary,骨灰堂,draft-heading-proposed,heading-only,OotA,172,data/12/entries/5/entries/6/name,1,3. Ossuary,骨灰堂
Other Inhabitants,其他居民,draft-heading-proposed,heading-only,OotA,162,data/11/entries/7/name,2,Other Inhabitants,其他居民
Other Options,其他選項,draft-heading-proposed,heading-only,OotA,40,data/2/entries/4/entries/1/entries/5/name,2,Other Options,其他選項
Other Routes,其他路線,draft-heading-proposed,heading-only,OotA,181,data/13/entries/9/entries/2,2,"The cleft leads to the Spiral of the Horned King—a maze of tunnels and caves along the outer edge of the Labyrinth. Though other routes can be found into the Labyrinth, this entrance is the easiest to find.",其他路線
Other Visions,其他版本,draft-heading-proposed,heading-only,OotA,159,data/10/entries/7/entries/5/entries/11/name,2,Other Visions,其他版本
Otherworldly Light,超凡之光,draft-heading-proposed,heading-only,OotA,87,data/4/entries/9/entries/4/name,1,Otherworldly Light,超凡之光
Ougalop,歐加洛普,existing-site,matching-English-source-string-only,OotA,142,data/8/entries/20/entries/3/entries/1/entries/2,2,"Zilch's cave lies one day's travel west of Mantol-Derith, along the same route the characters must travel to reach Gravenhollow. The cave is swarming with bats and infested with dozens of giant albino cave crickets that feed on the bat guano. The crickets are as big as halflings yet harmless. A happy-go-lucky {@creature kuo-toa} named {@creature Ougalop|OotA} is also here, trying to catch the giant crickets in a homespun net. When he sees other intruders, {@creature Ougalop|OotA} waves at them and continues with his cricket catching. He poses no threat and has no interest in joining the party. The kuo-toa lives in Sloobludop (see {@area chapter 3|112|x}) and is blissfully unaware of recent events there.",Ougalop
Out of the Abyss,逃離深淵,project-proposed,matching-English-source-string-only,OotA,4,data/0/entries/2,11,"The setup of {@i Out of the Abyss} is such that the characters need have no connections with events in the Underdark, or with each other, prior to the start of the adventure. They can meet and get to know each other as prisoners of the drow. Players who would like their characters to have a stronger Underdark connection can choose from the background options in {@adventure appendix A|OotA|17}.",Out of the Abyss;逃離無底深淵
Outcasts,邊緣棄兒,existing-site,heading-only,OotA,55,data/3/entries/4/entries/9/entries/10/entries/0,4,"The Gray Ghosts are the only true thieves' guild in Gracklstugh and the Deepkingdom. Its members are duergar and derro outcasts, plus the odd escaped slave.",邊緣棄兒
Outer Blingdenstone,外圍布靈登石城,draft-heading-proposed,heading-only,OotA,101,data/5/entries/6/name,5,Outer Blingdenstone,外圍布林德斯通
Outskirts,郊外,project-proposed,heading-only,OotA,97,data/5/entries/4/entries/5/entries/6/entries/0,5,"A {@creature dust mephit} guides an {@creature earth elemental} through the caverns and passages of Blingdenstone. If approached peacefully, they can point the way to Entémoch's Boon (see ""{@area Blingdenstone Outskirts|283|x}"" later in this chapter).",Outskirts
Overlake Hold,湖上堡,project-proposed,matching-English-source-string-only,OotA,59,data/3/entries/8/entries/3/entries/0,13,"Arriving at the Darklake Docks requires a combination of skill, ingenuity, and luck. Vigilance is a little more relaxed here because the guards at Overlake Hold can spot any obvious threat coming from the waters.",Overlake Hold;奧弗雷克要塞;奧弗萊克要塞;奧弗湖堡;守望湖堡壘;上湖區;湖畔要塞
Overland Travel,陸上旅行,draft-heading-proposed,heading-only,OotA,18,data/1/entries/3/entries/2/entries/0,3,"Travel pace in the Underdark is significantly slower than for overland travel. Not only are the tunnels and passages often {@quickref difficult terrain||3} with uneven surfaces, but routes in the Underdark are rarely direct, and the characters must follow available passages and their various twists and turns, climbs and descents. Creatures that can burrow through solid rock (such as purple worms) move at their normal burrowing speed, but this isn't likely an option for the party.",陸上旅行
Peebles,皮布林斯,existing-site,matching-English-source-string-only,OotA,134,data/8/entries/12/entries/1/entries/0/rows/2/0,19,{@creature Peebles|OotA},Peebles;皮布林斯
Pelek,佩勒克,project-proposed,matching-English-source-string-only,OotA,70,data/3/entries/15/entries/7/entries/2/entries/7/entries/0,14,"When the monsters are defeated, the {@creature ghost} of a deep gnome named Pelek pokes its head up out of the ground, blinks, and then emerges fully. The ghost is friendly and tells the adventurers that {@creature Buppido|OotA} killed him not too long ago, then chopped him into pieces to join the other body parts in the shrine. Pelek explains how he was traveling from Blingdenstone when he fell in with {@creature Buppido|OotA}. He knows little about the Whorlstone Tunnels, but he has observed a shrunken derro with a funny hat ({@creature Droki|OotA}) entering and leaving the narrow tunnels. Pelek doesn't know about the pygmywort mushrooms.",Pelek;佩萊克
Perception,感知,existing-site,heading-only,OotA,11,data/0/entries/9/entries/5/entries/0/entries/1,74,"Two {@creature drow} are stationed here at all times, keeping watch over the passage and noting the approach of any creatures. The duty is long and dull, so the watchers are sometimes distracted. A successful Dexterity ({@skill Stealth}) check made against the guards' passive Wisdom ({@skill Perception}) score of 12 allows characters to pass unnoticed. Any light from the passage or the cavern below automatically draws the guards' attention, however.",察覺
Personalities,個性,draft-heading-proposed,heading-only,OotA,5,data/0/entries/6/entries/3,9,"Feel free to play out any interaction between the drow, the player characters, and the other prisoners. This is an opportunity to reveal who the characters are and to flesh out their backgrounds and personalities through roleplaying, even as you introduce some of their fellow prisoners. Ilvara's newest consort, Shoor, wants to impress his mistress, while Jorlan, her former consort, sullenly does his duty but casts a curious eye over the prisoners. Any hostile move is met with poisoned crossbow bolts from the drow, and possibly a strike from Ilvara's scourge or a {@spell ray of sickness} spell. The giant spiders attack and poison anyone who attacks the drow. The drow don't kill any of the prisoners (leaving them {@condition unconscious} at 0 hit points) but have no compunction about beating them.",個性
Personality,個性,existing-site,heading-only,OotA,6,data/0/entries/7/entries/3/entries/3/entries/2,7,"In fact, Derendil is simply mad, touched by the delusions of the demon lord Fraz-Urb'luu. The kingdom of Nelrindenvane doesn't exist, and all of ""Derendil's"" recollections and personality are an illusion created by the Demon Prince of Deception. The quaggoth refuses to believe the truth, and any incontrovertible evidence as to his real nature sends him into a murderous rage.",個性
Phylo,菲洛,project-proposed,matching-English-source-string-only,OotA,84,data/4/entries/4/entries/4/entries/3/entries/2/entries/0,52,"These gentle creatures tend to the fungi patch and mind their own business, attacking only in self-defense. If the characters establish communication with the fungus folk and ask for directions to Neverlight Grove, the myconids offer to escort them to the grove and introduce them to their exalted leader, Sovereign Phylo.",Phylo;菲羅;費洛;弗洛;芙洛
Phymlo,菲姆洛,project-proposed,matching-English-source-string-only,,,,0,,Phymlo
Pickshine Mines,光採礦場,draft-heading-proposed,heading-only,OotA,101,data/5/entries/5/entries/6/name,2,Pickshine Mines,光採礦場
"Placing the ""Dark Heart""",放置'黑暗之心',draft-heading-proposed,heading-only,OotA,190,data/14/entries/3/entries/1/name,1,"Placing the ""Dark Heart""",放置'黑暗之心'
Platform,平臺,draft-heading-proposed,heading-only,OotA,11,data/0/entries/9/entries/2,28,"Three caves and two hanging towers surrounding a platform make up the main part of the outpost for the drow warriors. The largest of the hanging towers is reserved for the priestesses and the shrine of Lolth, while the other is a guard tower opposite the cave used to hold slaves. North of the slave pen is the den of the outpost's quaggoth servants. Watch posts lie at either end of the outpost, near the northern and southern entrances to the cavern.",平臺
Playtesters,測試玩家,draft-heading-proposed,heading-only,OotA,,data/22/entries/1/items/17/name,1,Playtesters,測試玩家
Pliinki,普林基,project-proposed,matching-English-source-string-only,OotA,80,data/3/entries/15/entries/7/entries/15/entries/4,4,"The different levels of the mesa are separated by 10-foot-high cliffs. Climbing a cliff requires a successful {@dc 12} Strength ({@skill Athletics}) check. Pliinki, a mad {@creature derro savant|OotA} (see {@adventure appendix C|OotA|19}), stands atop of the mesa. Hidden on a shelf above the cavern's entrance, a {@creature spectator} tasked with guarding this area sees the characters as soon as they walk 15 feet into the cavern. The spectator screeches an alarm and attacks, killing non-derro with glee. As it fights, it projects telepathic ramblings into the characters' minds, mostly dealing with how exciting it is to have intruders to kill and how even more exciting things will be when the obelisk is complete.",Pliinki
Ploop,普魯普,project-proposed,matching-English-source-string-only,OotA,44,data/2/entries/11/entries/1/entries/0/rows/0/0,1,"{@b Ploopploopeen (""Ploop""})",Ploop
Ploopploopeen,普魯普魯平,project-proposed,matching-English-source-string-only,OotA,43,data/2/entries/6/entries/0/entries/0/items/1,18,"{@b Government}: The archpriest Ploopploopeen once ruled in the name of the Sea Mother, the goddess Blibdoolpoolp. He was recently challenged and displaced by his daughter Bloppblippodd, archpriest of Leemooggoogoon the Deep Father.",Ploopploopeen;普盧普盧皮恩;普嚕普嚕品
Poisoned NPCs,中毒的NPC,draft-heading-proposed,heading-only,OotA,146,data/9/entries/6/entries/3/entries/6/name,1,Poisoned NPCs,中毒的NPC
Pool,水池,draft-heading-proposed,heading-only,OotA,5,data/0/entries/7/entries/1,54,"The prisoners are provided with clay chamber pots, and one of the duties of slaves is to empty them into the pool during their shift. There are no other comforts in the slave pen. Prisoners must sit or lie on the stone floor, and are fed only once each day—a thin mushroom broth served in small clay bowls passed through gaps in the bars of the gate.",水池
Pool and Waterfall,池塘和瀑布,draft-heading-proposed,heading-only,OotA,108,data/5/entries/23/entries/7/entries/4/name,1,Pool and Waterfall,池塘和瀑布
Portals,傳送門,draft-heading-proposed,heading-only,OotA,117,data/6/entries/4/entries/1/entries/5/name,5,Portals,傳送門
Possible Visions,可能的幻象,draft-heading-proposed,heading-only,OotA,157,data/10/entries/7/entries/5/name,1,Possible Visions,可能的幻象
Power Node,能量節點,draft-heading-proposed,heading-only,OotA,154,data/10/entries/5/entries/5/entries/1/entries/1/name,1,Power Node,能量節點
Prince Derendil,德倫迪爾王子,existing-site,matching-English-source-string-only,OotA,5,data/0/entries/7/entries/3/entries/1/entries/0/rows/1/0,5,{@creature Prince Derendil|OotA},Prince Derendil;德倫迪爾王子
Prince Livid,青灰王子,project-proposed,matching-English-source-string-only,OotA,99,data/5/entries/4/entries/7/entries/8/entries/1,7,"The shunned deep gnome eventually struck out on his own. He spent years living among the oozes of the region, eventually subjugating a black pudding he calls ""{@creature Princess Ebonmire|OotA}"" and a gray ooze he calls ""Prince Livid."" When the demon lords arrived in the Underdark, he followed the oozes drawn by Juiblex's presence, immediately throwing himself down before the Faceless Lord and pledging his eternal loyalty. His previous name and existence ended in that moment, and now there is only {@creature the Pudding King|OotA}.",Prince Livid;利維德王子
Princess Ebonmire,烏木公主,existing-site,matching-English-source-string-only,OotA,99,data/5/entries/4/entries/7/entries/8/entries/1,7,"The shunned deep gnome eventually struck out on his own. He spent years living among the oozes of the region, eventually subjugating a black pudding he calls ""{@creature Princess Ebonmire|OotA}"" and a gray ooze he calls ""Prince Livid."" When the demon lords arrived in the Underdark, he followed the oozes drawn by Juiblex's presence, immediately throwing himself down before the Faceless Lord and pledging his eternal loyalty. His previous name and existence ended in that moment, and now there is only {@creature the Pudding King|OotA}.",Princess Ebonmire
Prisoner,囚犯,existing-site,heading-only,OotA,5,data/0/entries/6/entries/2,16,"Assume that each player character has been a prisoner in Velkynvelve for {@dice 1d10} days. (Roll separately for each character.) The characters spend most of this time locked in the slave pen, emerging occasionally under heavy guard to perform menial chores for their captors' amusement (see ""Hard Labor"").",囚犯
Prisoners of the Drow,卓爾的囚徒,draft-heading-proposed,heading-only,OotA,4,data/0/name,4,Chapter 1: Prisoners of the Drow,黑暗精靈的囚徒
Private Meetings,私人會面,draft-heading-proposed,heading-only,OotA,195,data/14/entries/9/entries/4/entries/3/entries/2/entries/1,5,"If the characters agree to a meeting with Jarlaxle, the Bregan D'aerthe spy tells them that a drow operative named Krilelyn H'Kar will fetch them when the time comes (see ""{@area Private Meetings|556|x}""). The spy then leaves the characters alone.",私人會面
Problems Cubed,問題立方,draft-heading-proposed,heading-only,OotA,100,data/5/entries/5/entries/3/name,1,Problems Cubed,問題立方
Producer,出品人,draft-heading-proposed,heading-only,OotA,,data/22/entries/1/items/7/name,1,Producer,出品人
Production Services,製作服務,draft-heading-proposed,heading-only,OotA,,data/22/entries/1/items/15/name,1,Production Services,製作服務
Project Management,專案管理,draft-heading-proposed,heading-only,OotA,,data/22/entries/1/items/14/name,1,Project Management,專案管理
Prominent Drow,顯赫的卓爾,draft-heading-proposed,heading-only,OotA,9,data/0/entries/8/entries/1/entries/0/name,1,Prominent Drow,顯赫的卓爾精靈
Prominent Kuo-toa,顯赫的寇濤魚人,draft-heading-proposed,heading-only,OotA,44,data/2/entries/11/entries/1/name,1,Prominent Kuo-toa,顯赫的寇濤魚人
Prophetic Visions,預言幻象,draft-heading-proposed,heading-only,OotA,155,data/10/entries/5/entries/6/entries/4/entries/3/name,1,Prophetic Visions,預言幻象
Provisions,供應品,draft-heading-proposed,heading-only,OotA,20,data/1/entries/3/entries/7/entries/1,5,"In addition to foraging, spells such as {@spell create food and water} and {@spell goodberry} can help provision the party, and there's always a chance for the characters to encounter others from whom they can buy or steal provisions. Additionally, many creatures the adventurers might meet and kill can be butchered, but the meat they yield spoils after a single day if uneaten. Eating spoiled meat might require a Constitution saving throw to keep the meal down, a Wisdom saving throw to avoid acquiring a level of madness from the awful experience (see ""{@area Madness|063|x}"" later in this chapter), or both.",供應品
Purple Worm,紫蟲,existing-site,heading-only,OotA,25,data/1/entries/9/entries/3/entries/6/entries/1/entries/1,52,"For example, a wandering stone giant, a purple worm, or a pack of savage gnolls whipped into a frenzy by Yeenoghu might show up just as the drow have the characters cornered, giving them a chance to run. Likewise, a minor earthquake (caused by instability from the demonic incursion or a wild magic surge) might cause a cave-in, cutting off a tunnel between the party and their pursuers, and dropping the pursuit level by 1 or 2.",紫蟲
Purple Worm Direction,紫蟲方向,draft-heading-proposed,heading-only,OotA,167,data/12/entries/2/entries/3/entries/10/name,1,Purple Worm Direction,紫蟲方向
Purple Worm Tunnels,紫蟲隧道,draft-heading-proposed,heading-only,OotA,172,data/12/entries/5/entries/5/entries/2/entries/2/name,1,Purple Worm Tunnels,紫蟲隧道
Pursuit Level,追擊等級,draft-heading-proposed,heading-only,OotA,24,data/1/entries/9/entries/3/name,43,Pursuit Level,追擊等級
Pygmywort,縮身菇,draft-heading-proposed,matching-English-source-string-only,OotA,67,data/3/entries/15/entries/3/entries/5/entries/0,13,Edible fungi (including pygmywort and bigwig) are abundant in the Whorlstone Tunnels. Characters can attempt {@dc 10} Wisdom ({@skill Survival}) checks to forage here.,Pygmywort;侏儒wort;侏儒草
Pygmyworts,縮身菇,project-proposed,matching-English-source-string-only,OotA,67,data/3/entries/15/entries/4/entries/0,6,"The Whorlstone Tunnels are home to two unique kinds of {@i faerzress}-suffused mushrooms: bigwigs and pygmyworts. Any character who studies these mushrooms can identify their magical effects with a successful {@dc 15} Intelligence ({@skill Nature}) check, an {@spell identify} spell, or by trial and error. A single nibble of a mushroom alters a character's size by a few inches for 5 minutes, so characters foraging for food might discover the mushrooms' magic by accident. The size-altering effects of eating multiple bigwigs or pygmyworts aren't cumulative, although their durations are. These mushrooms lose their properties if they are taken outside the Whorlstone Tunnels for 1 hour or more.",Pygmyworts;矮人草;侏儒草;小頭
Q'Xorlarrin,奎索拉林,project-proposed,matching-English-source-string-only,OotA,121,data/7/entries/2/entries/3,1,"It was humans from nearby Illusk who finally drove the orcs from Gauntlgrym, but their hold on the city proved just as short-lived, as foul creatures from the Underdark swarmed from the depths to claim Gauntlgrym as their own. Over the next thousand years, history turned to legend, and mighty Gauntlgrym was all but forgotten on the surface world. Illithids, duergar, drow, and aboleths vied for control of the fallen city, its treasures, and the primordial still bound within its core. The drow House Xorlarrin eventually took Gauntlgrym, establishing a new city they called Q'Xorlarrin, producing weapons at the forge that they traded and used to pay tribute to Menzoberranzan.",Q'Xorlarrin
Qu'ellarz'orl,奎拉佐爾,project-proposed,matching-English-source-string-only,OotA,197,data/14/entries/9/entries/6/entries/0,10,"Kyorbblivvin is a spider-haunted forest of giant mushrooms that spreads across the northern portion of the Qu'ellarz'orl plateau. Members of the great houses use Kyorbblivvin as a private hunting domain. Drow warriors patrol the forest, alert for poachers and intruders. Check for random encounters in Kyorbblivvin once every hour. Roll a {@dice d20} and consult the Kyorbblivvin Encounters table to determine what, if anything, the characters encounter. The party can avoid random encounters in Kyorbblivvin by succeeding on a {@dc 15} Dexterity ({@skill Stealth}) group check.",Qu'ellarz'orl;望族高地;奎拉爾佐爾
Qu'ellarz'orl Encounters,奎拉佐爾遭遇,draft-heading-proposed,heading-only,OotA,199,data/14/entries/9/entries/9/entries/2,2,"Roll for random encounters as the characters cross this district. You can roll a {@dice d20} and consult the Qu'ellarz'orl Encounters table, or choose an encounter that you like. The party can avoid random encounters in Qu'ellarz'orl by succeeding on a {@dc 15} Dexterity ({@skill Stealth}) group check.",奎拉爾佐爾遭遇
Quaggoths,幽邃熊怪們,existing-site,heading-only,OotA,8,data/0/entries/7/entries/4/entries/3/items/0,25,"There are nineteen drow at the outpost, including Ilvara, Shoor, and Jorlan, as well as another priestess named Asha. There are also a dozen quaggoths and a number of giant spiders.",幽邃熊怪們
Quenthel,奎恩瑟,project-proposed,matching-English-source-string-only,OotA,196,data/14/entries/9/entries/4/entries/5/entries/1,28,"If the characters approach the priestess claiming to have vital information about the demon attack, they can, with a successful {@dc 20} Charisma ({@skill Persuasion}) check, convince the priestess to escort them to Matron Mother {@creature Quenthel Baenre|OotA} (see ""{@area Private Meetings|556|x}"" later in this chapter). If the check fails by 5 or more, the priestess and her escort attack the party.",Quenthel;昆特爾
Quenthel Baenre,奎恩瑟·班瑞,existing-site,matching-English-source-string-only,OotA,196,data/14/entries/9/entries/4/entries/5/entries/1,18,"If the characters approach the priestess claiming to have vital information about the demon attack, they can, with a successful {@dc 20} Charisma ({@skill Persuasion}) check, convince the priestess to escort them to Matron Mother {@creature Quenthel Baenre|OotA} (see ""{@area Private Meetings|556|x}"" later in this chapter). If the check fails by 5 or more, the priestess and her escort attack the party.",Quenthel Baenre
Quest: Into the Garden,任務：進入花園,draft-heading-proposed,heading-only,OotA,89,data/4/entries/13/entries/2/entries/4/name,1,Quest: Into the Garden,任務：進入花園
Questions for the Sovereigns,向君主提問,draft-heading-proposed,heading-only,OotA,88,data/4/entries/13/entries/2/entries/2/entries/1,2,"When alone with the characters, Basidia warns them about staying in Neverlight Grove too long. It tells them another group of ""softers"" (the name myconids use for fleshy creatures) arrived not too many cycles ago and accepted Phylo's offer. They were taken to the Garden of Welcome and Basidia hasn't seen them since, nor has Phylo made any further mention of them (see ""Questions for the Sovereigns""). Basidia also tells the characters that the Circle of Masters is taking most of the carcasses the Circle of Hunters bring in, and are sending groups of myconids outside the grove without telling anybody.",向君主提問
Quiet Cacophony,寧靜的嘈雜,draft-heading-proposed,heading-only,OotA,87,data/4/entries/9/entries/3/name,1,Quiet Cacophony,寧靜的嘈雜
Rage of Demons,惡魔之怒,draft-heading-proposed,heading-only,OotA,218,data/16/entries/3/name,3,Rage of Demons,惡魔之怒
Raider Leader Possessions,襲擊者領袖的財物,draft-heading-proposed,heading-only,OotA,29,data/1/entries/10/entries/4/entries/14/name,1,Raider Leader Possessions,襲擊者領袖的財物
Raiders,襲擊者,draft-heading-proposed,heading-only,OotA,27,data/1/entries/10/entries/4/entries/1/rows/8/1,5,Raiders,襲擊者
Rampaging Giant,肆虐巨人,draft-heading-proposed,heading-only,OotA,59,data/3/entries/8/entries/4/entries/1,3,"If the characters get arrested, you can interrupt their transfer with a random encounter or lead them to other planned encounters. The ""Rampaging Giant"" encounter (which takes place in the Darklake District) is the most likely event to interrupt a prisoner transfer. Alternatively, an agent of the Keepers of the Flame can stop the guards before they take the characters to Overlake Hold (see ""{@creature Themberchaud|OotA}'s Lair"" for information regarding the keepers' interest in foreign mercenaries).",肆虐巨人
Random Encounter Locations,隨機遭遇地點,draft-heading-proposed,heading-only,OotA,179,data/13/entries/7/entries/2/entries/1/name,1,Random Encounter Locations,隨機遭遇地點
Random Encounters,隨機遭遇,existing-site,heading-only,OotA,24,data/1/entries/9/entries/3/entries/2/items/3,58,Decrease the pursuit level by 1 if the party splits into two or more groups. Each group becomes a separate party for purposes of determining random encounters and whether or not the group becomes lost.,隨機遭遇
Random Encounters in Blingdenstone,布靈登石城的隨機遭遇,draft-heading-proposed,heading-only,OotA,96,data/5/entries/4/entries/5/name,3,Random Encounters in Blingdenstone,布林德斯頓的隨機遭遇
Random Encounters in Gracklstugh,格拉克斯圖格的隨機遭遇,draft-heading-proposed,heading-only,OotA,51,data/3/entries/4/entries/7/entries/0,2,"With routine patrols of heavily armed gray dwarves who can turn {@condition invisible}, Gracklstugh is a relatively safe place for those who know where they belong and stay there. However, tensions are rising because of the influence of Demogorgon, and the characters have many opportunities to participate in events unfolding in the city. At the end of each long rest, roll a {@dice d20}; on a roll of 17–20, an encounter takes place. Roll another {@dice d20} and consult the Random Encounters in Gracklstugh table; if the characters are outside the Darklake District, treat any entry marked with an asterisk as a ""Duergar Patrol"" encounter instead.",格拉克斯特夫的隨機遭遇
Random Encounters in Sorcere,索瑟瑞中的隨機遭遇,draft-heading-proposed,heading-only,OotA,205,data/14/entries/13/entries/3/name,1,Random Encounters in Sorcere,索瑟爾中的隨機遭遇
Random Events,隨機事件,draft-heading-proposed,heading-only,OotA,6,data/0/entries/7/entries/3/entries/5/entries/0,5,"A male deep gnome {@creature spy}, {@creature Jimjar|OotA} is a feckless rogue with a devil-may-care attitude, a fondness for coin, and an obsession with betting on virtually anything and everything. Once he knows the characters, {@creature Jimjar|OotA} regularly offers them bets on things from their own efforts (""I bet you ten gold you can't get past that sentry without being seen"") to the outcomes of random events (""I bet you twenty gold this tunnel is the right way""). He sometimes uses betting to goad others into doing things, but characters can easily turn the tables knowing that {@creature Jimjar|OotA} finds it difficult to refuse a wager. His behavior is unusual for the dour deep gnomes, and others of his kind (including {@creature Topsy|OotA} and {@creature Turvy|OotA}) find {@creature Jimjar|OotA} annoying at best, and unstable and potentially mad at worst.",隨機事件
Rasharoo,拉沙魯,draft-heading-proposed,heading-only,OotA,85,data/4/entries/5/entries/4/entries/1/entries/0/rows/3/0,7,{@b Rasharoo},拉沙魯
Reaching Mantol-Derith,抵達曼塔-岱瑞絲,draft-heading-proposed,heading-only,OotA,133,data/8/entries/6/name,1,Reaching Mantol-Derith,抵達曼塔-岱瑞絲
Reaching the Engine,到達引擎,draft-heading-proposed,heading-only,OotA,187,data/13/entries/14/entries/4/name,1,Reaching the Engine,到達引擎
Reaching the Tower,到達塔樓,draft-heading-proposed,heading-only,OotA,160,data/11/entries/2/name,1,Reaching the Tower,到達塔樓
Readying the Plan,準備計劃,draft-heading-proposed,heading-only,OotA,215,data/16/entries/1/name,1,Readying the Plan,準備計劃
Rebuilding Faith,重建信仰,draft-heading-proposed,heading-only,OotA,122,data/7/entries/2/entries/8/entries/2/name,1,Rebuilding Faith,重建信仰
Recovery and Downtime,恢復與休整,draft-heading-proposed,heading-only,OotA,119,data/6/entries/7/entries/2/name,1,Recovery and Downtime,恢復與休整
Red Dragon Egg,紅龍蛋,draft-heading-proposed,heading-only,OotA,55,data/3/entries/4/entries/9/entries/9/entries/0,6,"This {@creature adult red dragon} keeps the city's smelters and forges ablaze, receiving treasure, free meals, and constant pampering in exchange. {@creature Themberchaud|OotA} doesn't know that, like other Wyrmsmiths before him, he is doomed to be slain before he grows too strong, replaced by a new red hatchling. However, the line of succession was interrupted when the Gray Ghosts stole a red dragon egg from the Keepers of the Flame.",紅龍蛋
Regeneration,復生,existing-site,heading-only,OotA,211,data/15/entries/5/entries/2/entries/4/entries/0/name,1,Regeneration,再生
Reinforcements,援軍,draft-heading-proposed,heading-only,OotA,24,data/1/entries/9/entries/1,20,"The drow party consists of Ilvara ({@creature drow priestess of Lolth}), the {@creature Drow Elite Warrior||drow elite warriors} Jorlan and Shoor, and the junior priestess {@creature Asha Vandree|OotA} (use the {@creature priest} stat block in the {@i Monster Manual}, but add the Fey Ancestry, Innate Spellcasting, and Sunlight Sensitivity features of the {@creature drow} stat block). The hunting party also includes four {@creature drow} warriors who serve as forward scouts. If any of the drow NPCs did not survive chapter 1, replace them with newly arrived reinforcements from Menzoberranzan under the command of Ilvara, or another priestess of her caliber.",援軍
Religion,宗教,existing-site,heading-only,OotA,46,data/2/entries/15/entries/2,7,"All creatures that come here are expected to make an offering to the Great Sea Mother Blibdoolpoolp. A successful {@dc 13} Intelligence ({@skill Religion}) check recalls that Blibdoolpoolp is a scavenger goddess, meaning that discarded and recovered items are worthy offerings—and the more personal the better. Regurgitating at the goddess's feet is considered a sincere show of faith (and a behavior faithful kuo-toa might display if the characters wait long enough).",宗教
Residents,居民,draft-heading-proposed,heading-only,OotA,105,data/5/entries/14/entries/4/entries/1/items/0,12,"Destroy Vazuk, a deep gnome who is mad with grief and a threat to the other residents of Blingdenstone. His specter can be found haunting his old home in area 12a.",居民
Resolving the Standoff,解決對峙,draft-heading-proposed,heading-only,OotA,168,data/12/entries/3/entries/5,3,"The characters can turn back without being spotted and find an alternate route bypassing the troglodytes, but doing so adds forty-eight miles (and an increased chance of random encounters) to the distance they must travel before they reach the purple worm nursery. If the characters simply watch the standoff unfold, see ""{@area Resolving the Standoff|45b|x}"" later in this section.",解決對峙
Restraints,束縛,draft-heading-proposed,heading-only,OotA,4,data/0/entries/5/entries/1/name,2,Restraints,束縛
Resupply,補給,draft-heading-proposed,heading-only,OotA,83,data/4/entries/1,2,"The relative isolation of Neverlight Grove, its abundance of food and water, and the welcoming nature of its inhabitants might bring the characters here to rest, recuperate, and resupply. While in the grove, they can consult with the colony's myconid sovereigns about possible ways back to the surface world, while enjoying a much-needed respite from the brutal and harrowing conditions of the Underdark.",補給
Retracing Steps,追溯步驟,draft-heading-proposed,heading-only,OotA,147,data/9/entries/8/name,1,Retracing Steps,追溯步驟
Retreat!,撤退！,draft-heading-proposed,heading-only,OotA,213,data/15/entries/7/entries/3/name,1,Retreat!,撤退！
Returning to Vizeran,返回維茲蘭,draft-heading-proposed,heading-only,OotA,159,data/10/entries/8/name,1,Returning to Vizeran,返回維澤蘭
Rewards,獎勵,existing-site,matching-English-source-string-only,OotA,63,data/3/entries/9/entries/10/entries/1/entries/3/entries/0,13,"Errde's suspicions of conspiracy have her looking for signs of corruption creeping among the people of Gracklstugh. She rewards the characters if they bring her evidence of such corruption that has escaped the eyes of her warriors. The characters can build a case if they witness odd events throughout Gracklstugh, such as some of the random encounters and the behavior of merchants in the Blade Bazaar. For every three such events they report, the characters can attempt a {@dc 15} group Charisma ({@skill Persuasion}) check, but they only need to succeed once to convince Errde and complete this quest. Errde then promises to outfit the characters with supplies and gear when they leave Gracklstugh, from the Stone Guards' own armory. Each character can claim a total of 350 gp worth of equipment, including weapons, armor, and common potions and scrolls.",Rewards;獎勵
Rifts,裂縫,draft-heading-proposed,heading-only,OotA,157,data/10/entries/7/entries/5/entries/1/entries/1/entries/1,7,"And then, madness! Rifts open in the web of energy around him. These cracks stretch and widen, and through them come horrific fiends that scream, shriek, and howl as they are wrenched from the Abyss and cast into the Underdark.",裂縫
Rihuud,裡胡德,existing-site,matching-English-source-string-only,OotA,60,data/3/entries/9/entries/5/entries/7/entries/2,8,"The guards who fought alongside the characters explain the situation, neither downplaying nor exalting the characters' actions. The characters can speak to the newly arrived giant while the duergar confer. The giant introduces himself as Dorhun, apprentice to Stonespeaker Hgraam. He reveals that the fallen giant's name is Rihuud, and that he was another of the Stonespeaker's apprentices. Rihuud was ""communing with the stone"" in Cairngorm Cavern when he went mad, sprouted a second head, and stormed out.",Rihuud
Rinil,瑞尼爾,project-proposed,matching-English-source-string-only,OotA,169,data/12/entries/3/entries/12/entries/1,1,"The cave floor is strewn with gnawed bones—the remains of dead dwarves and drow. A circular pit, nine feet deep, holds six captives—two {@creature drow} and four shield dwarf {@creature Commoner||commoners}. These unfortunates were separated from larger groups (see ""{@area Random Encounters|42d|x}"" earlier in this chapter) and captured by the troglodytes. Every couple of days, one of them is eaten by the tribe. The captives are filthy and weak; each has four levels of {@condition exhaustion} and 1 hit point remaining. Any of the captives can explain the nature of the conflict between H'slaat and S'slaar. If freed, the drow immediately flee into the Underdark, but the dwarves offer to join the expeditionary force if the adventurers liberate them. The drow are male members of House Melarn and are named Rinil and Xol. The shield dwarves hail from the Silver Marches and are named Dauthorn Brightmantle (male), Traldak Xornbane (male), Zulia Stonewhisper (female), and Hargritt Hammerhome (female).",Rinil
Ripplebark,漣漪樹皮,draft-heading-proposed,heading-only,OotA,22,data/1/entries/7/entries/2/entries/4/name,6,Ripplebark,漣漪樹皮
Roaming Ooze,漫遊軟泥,draft-heading-proposed,heading-only,OotA,96,data/5/entries/4/entries/5/entries/1/entries/0/rows/8/1,3,Roaming ooze,漫遊軟泥
Rockblight,岩石疫病,draft-heading-proposed,heading-only,OotA,97,data/5/entries/4/entries/5/entries/10/entries/0,14,"A mephit gang consists of {@dice 1d4} {@creature Dust Mephit||dust mephits} and {@dice 1d4} {@creature Mud Mephit||mud mephits}. If encountered in Inner Blingdenstone or Rockblight, they are insane and attack immediately. Otherwise, they mock the party but don't fight except in self-defense.",岩石疫病
Rockblight: General Features,巖疫：總體特徵,draft-heading-proposed,heading-only,OotA,107,data/5/entries/23/entries/6/name,1,Rockblight: General Features,巖疫：總體特徵
Rockfall,巖崩,draft-heading-proposed,heading-only,OotA,25,data/1/entries/10/entries/3/entries/1/rows/10/1,7,Rockfall,巖崩
Roleplaying Droki,扮演卓奇,existing-site,heading-only,OotA,69,data/3/entries/15/entries/6/entries/6/name,1,Roleplaying Droki,扮演德羅基
Roleplaying Rumpadump,角色扮演 蘭帕丹普,draft-heading-proposed,heading-only,OotA,72,data/3/entries/15/entries/7/entries/4/entries/8/name,1,Roleplaying Rumpadump,角色扮演 Rumpadump
Roleplaying the Drow,扮演卓爾,draft-heading-proposed,heading-only,OotA,10,data/0/entries/8/entries/1/entries/5/entries/1/name,1,Roleplaying the Drow,扮演黑暗精靈
Roleplaying the Duergar and Derro,扮演灰矮人和迪洛矮人,draft-heading-proposed,heading-only,OotA,52,data/3/entries/4/entries/7/entries/6/entries/3/name,1,Roleplaying the Duergar and Derro,扮演灰矮人和德羅
Roleplaying the Kuo-Toa,扮演寇濤魚人,draft-heading-proposed,heading-only,OotA,44,data/2/entries/11/entries/1/entries/1/name,1,Roleplaying the Kuo-Toa,扮演寇濤魚人
Roleplaying the Modrons,扮演魔冢,draft-heading-proposed,heading-only,OotA,183,data/13/entries/11/entries/4,2,"The extended march has taxed the modrons to their limit. Most show signs of the frustration of being unable to fulfill their mission. The tridrone has managed to keep the group together, but it feels responsible for their collective fate and their failure to return home. Even if the characters have the ability to communicate with the modrons, the monodrones' ability to communicate is all but spent (see the ""{@adventure Roleplaying the Modrons|OotA|13}"" sidebar).",扮演魔冢
Roleplaying the Myconids,扮演菌人,draft-heading-proposed,heading-only,OotA,86,data/4/entries/5/entries/7/entries/5/name,1,Roleplaying the Myconids,扮演菌類人
Roleplaying the Svirfneblin,扮演地底侏儒,draft-heading-proposed,heading-only,OotA,96,data/5/entries/4/entries/4/entries/2/name,1,Roleplaying the Svirfneblin,扮演斯涅布力
Rollo Summergold,羅洛·夏金,project-proposed,matching-English-source-string-only,OotA,124,data/7/entries/2/entries/9/entries/5/entries/1,1,The king has left the day-to-day running of the Great Forge to a pair of experienced smiths: Helgrim Candlewick and Rollo Summergold (both shield dwarf {@creature Veteran||veterans}).,Rollo Summergold
Ront,榮特,existing-site,matching-English-source-string-only,OotA,5,data/0/entries/7/entries/3/entries/1/entries/0/rows/4/0,10,{@creature Ront|OotA},Ront;榮特
Rope Bridge,繩橋,draft-heading-proposed,heading-only,OotA,8,data/0/entries/7/entries/4/entries/3/items/1,5,"Three drow guards watch the slave pen from the hanging guard tower across the rope bridge, visible through the locked gate.",繩橋
Rough Current,急流,draft-heading-proposed,heading-only,OotA,41,data/2/entries/5/entries/2/entries/1/rows/5/1,2,Rough current,急流
Royal Oozes,皇家軟泥怪,draft-heading-proposed,heading-only,OotA,111,data/5/entries/25/entries/0,4,"{@creature The Pudding King|OotA} set up his court in the northwest corner of Blingdenstone, slipping through the wererat warrens with his beloved ""children,"" {@creature Princess Ebonmire|OotA} and Prince Livid (see the ""Royal Oozes"" sidebar). Since his return, {@creature the Pudding King|OotA} has been using the power granted him by Juiblex to summon and command every ooze in the region.",皇家軟泥怪
Royal Sphere,皇家球體,draft-heading-proposed,heading-only,OotA,112,data/5/entries/25/entries/2/entries/6/name,1,Royal Sphere,皇家球體
Ruins,功虧一簣,draft-heading-proposed,heading-only,OotA,25,data/1/entries/10/entries/3/entries/1/rows/12/1,13,Ruins,功虧一簣
Rumor Mill,謠言工廠,existing-site,heading-only,OotA,64,data/3/entries/9/entries/12/entries/1/name,1,Rumor Mill,謠言工廠
Rumor and Hearsay,謠言與傳聞,draft-heading-proposed,heading-only,OotA,107,data/5/entries/22/entries/2/name,1,Rumor and Hearsay,謠言與傳聞
Rumpadump,蘭帕丹普,existing-site,matching-English-source-string-only,OotA,72,data/3/entries/15/entries/7/entries/4/entries/2,16,"Characters who know anything about myconids know that myconids don't dance. If {@creature Stool|OotA} is with the party, it points this out. This group is composed of three {@creature Myconid Adult||myconid adults} and five {@creature Myconid Sprout||myconid sprouts}. {@creature Stool|OotA} recognizes one of the sprouts—the one not dancing—as his buddy, {@creature Rumpadump|OotA} (see ""Development""). The ape-like creatures are two {@creature Quaggoth Spore Servant||quaggoth spore servants}, and each one is covered with a patch of yellow mold (see ""{@book Dungeon Hazards|DMG|5|Dungeon Hazards}"" in chapter 5 of the {@book Dungeon Master's Guide|DMG}). Whenever a quaggoth spore servant is touched or takes damage, it releases a cloud of yellow mold spores until its mold patch is destroyed.",Rumpadump
Run Aground,擱淺,draft-heading-proposed,heading-only,OotA,41,data/2/entries/5/entries/2/entries/1/rows/6/1,2,Run aground,擱淺
Rystia,瑞斯蒂亞,project-proposed,matching-English-source-string-only,OotA,134,data/8/entries/12/entries/1/entries/0/rows/1/0,6,{@creature Rystia Zav|OotA},Rystia
Rystia Zav,瑞斯蒂亞·扎夫,existing-site,matching-English-source-string-only,OotA,134,data/8/entries/12/entries/1/entries/0/rows/1/0,2,{@creature Rystia Zav|OotA},Rystia Zav
Ryzliir,瑞茲利爾,project-proposed,matching-English-source-string-only,OotA,149,data/9/entries/8/entries/4/entries/1/entries/4,5,"The leaders of the drow force are a female {@creature drow elite warrior} named Ryzliir Symryvvin and her consort, a male {@creature drow mage} named Velgor Zolond. They are joined by a prisoner in manacles—an unarmed and unarmored male human {@creature knight} of the Order of the Gauntlet named {@creature Aljanor Keenblade|OotA}. Sir Aljanor was captured during a surface raid months ago, and the drow have beaten him such that he has only 3 hit points remaining. Members of the order traveling in the party's expeditionary force recognize Sir Aljanor instantly and are {@status surprised}; they assumed he had been killed.",Ryzliir
Ryzliir Symryvvin,瑞茲利爾·辛瑞文,project-proposed,matching-English-source-string-only,OotA,149,data/9/entries/8/entries/4/entries/1/entries/4,1,"The leaders of the drow force are a female {@creature drow elite warrior} named Ryzliir Symryvvin and her consort, a male {@creature drow mage} named Velgor Zolond. They are joined by a prisoner in manacles—an unarmed and unarmored male human {@creature knight} of the Order of the Gauntlet named {@creature Aljanor Keenblade|OotA}. Sir Aljanor was captured during a surface raid months ago, and the drow have beaten him such that he has only 3 hit points remaining. Members of the order traveling in the party's expeditionary force recognize Sir Aljanor instantly and are {@status surprised}; they assumed he had been killed.",Ryzliir Symryvvin
S'slaar,斯斯拉爾,project-proposed,matching-English-source-string-only,OotA,168,data/12/entries/3/entries/3,15,"Any character who understands the troglodytes quickly learns what drives the conflict. Otherwise, a successful {@dc 13} Wisdom ({@skill Insight}) check can provide a general sense of what's going on. The troglodytes ambushed and killed a drow scouting party whose leader wielded a magic sword that S'slaar, the troglodyte chieftain, claimed as a trophy. However, S'slaar's war marshal, H'slaat, was the one who killed the drow leader, and who now claims the right to wield the blade.",S'slaar
Sarith,薩里斯,project-proposed,matching-English-source-string-only,OotA,5,data/0/entries/7/entries/3/entries/1/entries/0/rows/5/0,23,{@creature Sarith Kzekarit|OotA},Sarith
Sarith Kzekarit,薩里斯·克澤卡里特,existing-site,matching-English-source-string-only,OotA,5,data/0/entries/7/entries/3/entries/1/entries/0/rows/5/0,9,{@creature Sarith Kzekarit|OotA},Sarith Kzekarit;薩里斯·克澤卡里特
Sark,薩克,project-proposed,matching-English-source-string-only,OotA,105,data/5/entries/16/entries/1/entries/0,5,"The leader of the guards is a wryly cynical svirfneblin named Sark Axebarrel, who warns the characters of reports of a medusa lurking in the caverns beyond the doors, in a section of the old city that the gnome refers to as Rockblight. If they decide to explore Rockblight, Sark asks them to find out whatever they can about the medusa and kill her if they are able. He offers a payment of 50 gp per character for useful information, plus a diamond worth 1,000 gp if they bring back proof that the medusa is dead.",Sark
Sark Axebarrel,薩克·斧桶,project-proposed,matching-English-source-string-only,OotA,105,data/5/entries/16/entries/1/entries/0,2,"The leader of the guards is a wryly cynical svirfneblin named Sark Axebarrel, who warns the characters of reports of a medusa lurking in the caverns beyond the doors, in a section of the old city that the gnome refers to as Rockblight. If they decide to explore Rockblight, Sark asks them to find out whatever they can about the medusa and kill her if they are able. He offers a payment of 50 gp per character for useful information, plus a diamond worth 1,000 gp if they bring back proof that the medusa is dead.",Sark Axebarrel
Scavenged Possessions,搜尋到的財物,draft-heading-proposed,heading-only,OotA,5,data/0/entries/7/entries/2/name,3,Scavenged Possessions,搜尋到的財物
Scavengers,清道夫,draft-heading-proposed,heading-only,OotA,107,data/5/entries/23/entries/0,5,"When the drow attacked Blingdenstone, Ogrémoch's Bane retreated to the far corners of the ruined city, waiting for the time to reemerge and seek out earth elementals to corrupt. The malevolent entity didn't have to wait long, as the drow sent teams of scavengers to loot the treasures the deep gnomes left behind, bringing their own elemental creatures with them.",清道夫
Scouting,偵察,draft-heading-proposed,heading-only,OotA,85,data/4/entries/5/entries/5/entries/0,14,"The myconid way of life is simple, contemplative, and cyclical. Myconids work for eight hours farming their fungi fields, scouting for resources, and maintaining their defenses. After their labors, they spend eight hours in telepathic communion with each other in what they call ""melding."" They then rest for eight hours before starting the cycle anew.",偵察
Scouts,斥候們,existing-site,heading-only,OotA,24,data/1/entries/9/entries/1,32,"The drow party consists of Ilvara ({@creature drow priestess of Lolth}), the {@creature Drow Elite Warrior||drow elite warriors} Jorlan and Shoor, and the junior priestess {@creature Asha Vandree|OotA} (use the {@creature priest} stat block in the {@i Monster Manual}, but add the Fey Ancestry, Innate Spellcasting, and Sunlight Sensitivity features of the {@creature drow} stat block). The hunting party also includes four {@creature drow} warriors who serve as forward scouts. If any of the drow NPCs did not survive chapter 1, replace them with newly arrived reinforcements from Menzoberranzan under the command of Ilvara, or another priestess of her caliber.",斥候們
Scroll from Narbondel's Shadow,來自納邦德爾陰影的卷軸,draft-heading-proposed,heading-only,OotA,196,data/14/entries/9/entries/5/entries/2/entries/0/rows/3/1,2,Scroll from Narbondel's Shadow,來自納邦德爾陰影的卷軸
Search for Corruption,尋找腐敗,draft-heading-proposed,heading-only,OotA,63,data/3/entries/9/entries/10/entries/1/entries/3/name,1,Search for Corruption,尋找腐敗
Search for Droki,尋找卓奇,draft-heading-proposed,heading-only,OotA,63,data/3/entries/9/entries/10/entries/1/entries/2/name,1,Search for Droki,尋找Droki
Second Floor,第二層,draft-heading-proposed,heading-only,OotA,181,data/13/entries/8/entries/7/name,1,Second Floor,第二層
Secret Door,暗門,draft-heading-proposed,heading-only,OotA,57,data/3/entries/8/entries/2/entries/5,35,"The first time the characters are allowed inside the city or turned away from a gate, a secret door on the wall opens, revealing Gorglak, a {@creature duergar Stone Guard|MTF} (see {@adventure appendix C|OotA|19}).",暗門
Secrets of Gracklstugh,格拉克斯圖格的秘密,draft-heading-proposed,heading-only,OotA,54,data/3/entries/4/entries/9/entries/4/entries/1/name,1,Secrets of Gracklstugh,格拉克斯特夫的秘密
Senni,森妮,project-proposed,matching-English-source-string-only,OotA,97,data/5/entries/4/entries/6/entries/1/entries/0/rows/1/0,13,{@b Senni Diggermattock},Senni;塞尼;森尼
Senni Diggermattock,森妮·掘鋤,project-proposed,matching-English-source-string-only,OotA,97,data/5/entries/4/entries/6/entries/1/entries/0/rows/1/0,5,{@b Senni Diggermattock},Senni Diggermattock;塞尼·迪格馬托克;塞尼·迪格瑪托克
Sentinel Mushrooms,哨兵蘑菇,draft-heading-proposed,heading-only,OotA,87,data/4/entries/9/entries/5/name,1,Sentinel Mushrooms,哨兵蘑菇
Servan,瑟凡,project-proposed,matching-English-source-string-only,OotA,149,data/9/entries/8/entries/6/entries/0,2,"If the adventurers return to the drow outpost where they were imprisoned, they find Velkynvelve under the command of a {@creature drow mage} named Servan Llarabbar. Six male {@creature drow} report to him, while three more male {@creature drow} and one female {@creature drow elite warrior} have been locked in the slave pen. The prisoners are afflicted with various forms of indefinite madness (roll on the Indefinite Madness table in {@book chapter 8|DMG|8|Madness} of the {@i Dungeon Master's Guide}). Even Servan is beginning to show heightened megalomania and paranoia, seeing enemies everywhere. He has delusions of grandeur and fantasies about declaring Velkynvelve independent of Menzoberranzan, rallying followers to his side and eventually toppling the matriarchs of the great houses.",Servan
Servan Llarabbar,瑟凡·拉拉巴,project-proposed,matching-English-source-string-only,OotA,149,data/9/entries/8/entries/6/entries/0,1,"If the adventurers return to the drow outpost where they were imprisoned, they find Velkynvelve under the command of a {@creature drow mage} named Servan Llarabbar. Six male {@creature drow} report to him, while three more male {@creature drow} and one female {@creature drow elite warrior} have been locked in the slave pen. The prisoners are afflicted with various forms of indefinite madness (roll on the Indefinite Madness table in {@book chapter 8|DMG|8|Madness} of the {@i Dungeon Master's Guide}). Even Servan is beginning to show heightened megalomania and paranoia, seeing enemies everywhere. He has delusions of grandeur and fantasies about declaring Velkynvelve independent of Menzoberranzan, rallying followers to his side and eventually toppling the matriarchs of the great houses.",Servan Llarabbar
Set Encounters,設定遭遇,draft-heading-proposed,heading-only,OotA,31,data/1/entries/12/name,2,Set Encounters,設定遭遇
"Settlers, Squatters, and Invaders",定居者、擅自佔地者和入侵者,draft-heading-proposed,heading-only,OotA,96,data/5/entries/4/entries/5/entries/2/entries/0,2,"Once part of a expedition from Menzoberranzan, these drow were {@condition petrified} by a medusa and later animated by Ogrémoch's Bane (see ""{@area Settlers, Squatters, and Invaders|27a|x}"" later in this chapter). They have the statistics of {@creature animated armor}, except they are elementals instead of constructs.",定居者、擅自佔地者和入侵者
Shadow Demon,幽影惡魔,existing-site,heading-only,OotA,27,data/1/entries/10/entries/3/entries/23/entries/0/rows/3/1,7,{@dice 1d2} {@creature Shadow Demon||shadow demons},幽影惡魔
Shafts,豎井,draft-heading-proposed,heading-only,OotA,80,data/3/entries/15/entries/7/entries/15/entries/1/entries/0,7,"After a steady upward climb, the tunnel opens into a huge, well-lit chamber. The glow of {@i faerzress} and bioluminescent fungi compete with shafts of white light that fall upon naturally formed shelves along the walls as well as a rocky mesa at the center of the cavern. Crudely formed ramps connect the different levels of the mesa up to the height of its two topmost tiers, which are linked by a sturdy bridge. Atop one of those tiers sits a large red egg. Atop the other stands a 50-foot-tall obelisk made of smooth black metal with a few noticeable imperfections, as though small parts of it were somehow chipped away.",豎井
"Shake, Rattle, and Roll",搖，晃，滾,draft-heading-proposed,heading-only,OotA,187,data/13/entries/14/entries/6/entries/3/name,1,"Shake, Rattle, and Roll",搖，晃，滾
Shaking Loose,震動鬆脫,project-proposed,matching-English-source-string-only,OotA,187,data/13/entries/14/entries/6/name,1,Shaking Loose,Shaking Loose
Shedrak of the Eyes,眼睛之沙德拉克,existing-site,matching-English-source-string-only,OotA,175,data/12/entries/7/entries/2/entries/2/name,2,Shedrak of the Eyes,Shedrak of the Eyes;眼睛之沙德拉克
Shelter,避難所,draft-heading-proposed,heading-only,OotA,17,data/1/entries/2/entries/2/items/7,12,"{@creature Stool|OotA} can't navigate and has no knowledge of the local area, but it desperately wants to return home to Neverlight Grove, pleading with the characters to take it there. It claims that its people will be grateful and offer the party shelter and aid, and describes its sovereign as wise in the hidden ways of the Underdark.",避難所
Shield Dwarf Berserker,盾矮人狂戰士,draft-heading-proposed,heading-only,OotA,194,data/14/entries/9/entries/2/entries/10/name,1,Shield Dwarf Berserker,盾矮人狂戰士
Shielded City,護盾城市,draft-heading-proposed,heading-only,OotA,193,data/14/entries/8/entries/12/entries/1/entries/2/name,1,Shielded City,護盾城市
Shoor,修爾,project-proposed,matching-English-source-string-only,OotA,5,data/0/entries/6/entries/3,27,"Feel free to play out any interaction between the drow, the player characters, and the other prisoners. This is an opportunity to reveal who the characters are and to flesh out their backgrounds and personalities through roleplaying, even as you introduce some of their fellow prisoners. Ilvara's newest consort, Shoor, wants to impress his mistress, while Jorlan, her former consort, sullenly does his duty but casts a curious eye over the prisoners. Any hostile move is met with poisoned crossbow bolts from the drow, and possibly a strike from Ilvara's scourge or a {@spell ray of sickness} spell. The giant spiders attack and poison anyone who attacks the drow. The drow don't kill any of the prisoners (leaving them {@condition unconscious} at 0 hit points) but have no compunction about beating them.",Shoor;舒爾;肖爾
Shoor Vandree,修爾·範德里,draft-heading-proposed,heading-only,OotA,9,data/0/entries/8/entries/1/entries/0/entries/0/rows/2/0,7,{@b Shoor Vandree},舒爾·範德里
Shrieker,尖叫菌,existing-site,heading-only,OotA,28,data/1/entries/10/entries/4/entries/6/entries/1/rows/1/1,11,{@dice 1d4} {@creature Shrieker||shriekers},尖叫菌
Shriekers,尖叫菌,draft-heading-proposed,heading-only,OotA,28,data/1/entries/10/entries/4/entries/6/entries/1/rows/1/1,6,{@dice 1d4} {@creature Shrieker||shriekers},尖叫菌
Shrine Activity,神殿活動,draft-heading-proposed,heading-only,OotA,12,data/0/entries/9/entries/5/entries/5/entries/3/name,1,Shrine Activity,神殿活動
Shutting Down the Engine,關閉引擎,draft-heading-proposed,heading-only,OotA,187,data/13/entries/14/entries/7/name,1,Shutting Down the Engine,關閉引擎
Shuushar,舒沙爾,project-proposed,matching-English-source-string-only,OotA,5,data/0/entries/7/entries/3/entries/1/entries/0/rows/6/0,21,{@creature Shuushar the Awakened|OotA},Shuushar;舒沙
Shuushar Connection,舒沙爾連線,draft-heading-proposed,heading-only,OotA,44,data/2/entries/11/entries/2/name,1,Shuushar Connection,舒沙爾連線
Shuushar the Awakened,覺醒者舒沙爾,existing-site,matching-English-source-string-only,OotA,5,data/0/entries/7/entries/3/entries/1/entries/0/rows/6/0,5,{@creature Shuushar the Awakened|OotA},Shuushar the Awakened;覺醒者舒沙爾
Signs of Pursuit,追擊的跡象,draft-heading-proposed,heading-only,OotA,52,data/3/entries/4/entries/7/entries/6/entries/1,4,"House Faen Tlabbar and House Mizzrym are bitter rivals. If the drow emissary belongs to House Faen Tlabbar and the characters divulge that they are enemies or former prisoners of House Mizzrym, the drow warns the party about Xalith (see ""{@area Signs of Pursuit|184|x}"" later in the chapter).",追擊的跡象
Silken Path Encounters,絲綢之路遭遇戰,draft-heading-proposed,heading-only,OotA,32,data/1/entries/13/entries/3/name,1,Silken Path Encounters,絲綢之路遭遇戰
Silken Paths,絲綢之路,project-proposed,matching-English-source-string-only,OotA,18,data/1/entries/2/entries/3/entries/0,19,"In the event that none of the prisoners who manage to escape with the party can navigate in the Underdark—or none that the characters are willing to heed at any rate—the adventurers will be forced to wander. The party remains lost until the characters encounter creatures able to give them directions or intent on capturing them. Such creatures can include kuo-toa from Sloobludop, duergar slavers or merchants from Gracklstugh, the goblins from the Silken Paths encounter, or even their drow pursuers intent on dragging them back to Velkynvelve.",Silken Paths;絲之路徑;絲路;絲之徑
Silken Paths: General Features,絲綢之路：一般特徵,draft-heading-proposed,heading-only,OotA,31,data/1/entries/13/entries/2/entries/7/name,2,Silken Paths: General Features,絲路：一般特徵
Silnia,希爾妮雅,project-proposed,matching-English-source-string-only,OotA,186,data/13/entries/13/entries/5/entries/7/name,1,Silnia,Silnia
Silver Marches,銀月聯邦,project-proposed,matching-English-source-string-only,OotA,126,data/7/entries/4/entries/16,2,"Morista Malkin is the only faction representative who currently resides in Gauntlgrym. Originally from the Silver Marches, she heard Bruenor's call to reclaim the glory of the ancient line of Delzoun and followed him to Gauntlgrym. Here, she balances her work with the Emerald Enclave and her loyalty to her people and their cause. Stern and stubborn, Morista sees it as her duty to protect the people of Gauntlgrym from the often savage nature of the Underdark and to remind them of its natural beauty. She serves King Bruenor as an advisor and both admires and respects him.",Silver Marches;銀行軍;銀邊地區
Sinkhole,陷坑,draft-heading-proposed,heading-only,OotA,25,data/1/entries/10/entries/3/entries/1/rows/14/1,3,Sinkhole,陷坑
Sir Lanniver Strayl,蘭尼弗·斯特雷爾爵士,draft-heading-proposed,heading-only,OotA,127,data/7/entries/4/entries/10/entries/4/name,2,Sir Lanniver Strayl,蘭尼弗·斯特雷爾爵士
Sirak,西拉克,project-proposed,matching-English-source-string-only,OotA,134,data/8/entries/12/entries/1/entries/0/rows/8/0,8,{@b Sirak Mazelor},Sirak;希拉剋
Sirak Mazelor,西拉克·馬澤洛,project-proposed,matching-English-source-string-only,OotA,134,data/8/entries/12/entries/1/entries/0/rows/8/0,6,{@b Sirak Mazelor},Sirak Mazelor;希拉剋·瑪澤洛
Skoraeus Stonebones,司寇雷烏斯·巖骨,existing-site,heading-only,OotA,55,data/3/entries/4/entries/9/entries/7/entries/1,2,"The leader of the stone giants is Stonespeaker Hgraam, a priest of Skoraeus Stonebones, the god of his people. Hgraam is wise and knowledgeable. He has sensed that some great evil has broken into the Underdark, but isn't aware of the threat's danger or extent. The giants will rise to defend Gracklstugh if any demons dare to invade, but they are unaware of the danger creeping into the city from within.",司寇雷烏斯·巖骨
Skriss,斯克里斯,existing-site,matching-English-source-string-only,OotA,29,data/1/entries/10/entries/4/entries/16/entries/1/rows/3/1,1,{@creature Skriss|OotA} the {@creature troglodyte},Skriss
Sladis,斯拉迪斯,project-proposed,matching-English-source-string-only,OotA,126,data/7/entries/4/entries/17,13,"Morista spends some of her time training elite scouts to reconnoiter the Underdark passages near the city. A few months ago, one of her scouts—a wood elf named {@creature Sladis Vadir|OotA}—disappeared while on a mission in the Underdark. Hopeful that the characters might stumble upon Sladis and see him safely back to Gauntlgrym, Morista pledges a team of three shield dwarf scouts to accompany them, along with a giant lizard mount for each enclave scout and each player character. The scouts are named Brim Coppervein, Thargus Forkbeard, and Griswalla Stonehammer.",Sladis
Sladis Vadir,斯拉迪斯·瓦迪爾,existing-site,matching-English-source-string-only,OotA,126,data/7/entries/4/entries/17,7,"Morista spends some of her time training elite scouts to reconnoiter the Underdark passages near the city. A few months ago, one of her scouts—a wood elf named {@creature Sladis Vadir|OotA}—disappeared while on a mission in the Underdark. Hopeful that the characters might stumble upon Sladis and see him safely back to Gauntlgrym, Morista pledges a team of three shield dwarf scouts to accompany them, along with a giant lizard mount for each enclave scout and each player character. The scouts are named Brim Coppervein, Thargus Forkbeard, and Griswalla Stonehammer.",Sladis Vadir
Slaughtertusk,屠殺之牙,project-proposed,matching-English-source-string-only,OotA,187,data/13/entries/14/entries/4/entries/2/name,5,Slaughtertusk,Slaughtertusk;屠戮之牙;屠戮獠牙;殺戮長牙
Slave Abuse,奴隸虐待,draft-heading-proposed,heading-only,OotA,202,data/14/entries/9/entries/12/entries/3/entries/0/rows/3/1,2,Slave abuse,奴隸虐待
Slave Caravan,奴隸商隊,draft-heading-proposed,heading-only,OotA,51,data/3/entries/4/entries/7/entries/1/entries/0/rows/7/1,2,Slave caravan,奴隸商隊
Slave Parade,奴隸遊行,draft-heading-proposed,heading-only,OotA,199,data/14/entries/9/entries/9/entries/4/entries/0/rows/4/1,3,Slave parade,奴隸遊行
Slaves,奴隸,draft-heading-proposed,heading-only,OotA,4,data/0/entries/0,114,"Deep beneath the surface of the world lies the Underdark, a realm of endless labyrinthine tunnels and caverns where the sun never shines. The Underdark is filled with races and creatures too numerous to count or list, and foremost among these are the dark elves—the drow. Hated and feared even by their fellow dwellers in darkness, the drow raid other settlements in the Underdark as well as the surface world, taking prisoners back with them. Rendered {@condition unconscious} with {@item drow poison}, then collared and shackled, these prisoners are eventually sold as slaves or entertainment in the dark elves' subterranean cities.",奴隸
Slime or Mold,粘液或黴菌,draft-heading-proposed,heading-only,OotA,25,data/1/entries/10/entries/3/entries/1/rows/15/1,5,Slime or mold,粘液或黴菌
Slime or Mold Encounter,粘液或黴菌遭遇,draft-heading-proposed,heading-only,OotA,27,data/1/entries/10/entries/3/entries/19/name,1,Slime or Mold Encounter,粘液或黴菌遭遇
Sloobludop,斯盧布多普,project-proposed,matching-English-source-string-only,OotA,7,data/0/entries/7/entries/3/entries/8/entries/2,42,"Shuushar is familiar with Sloobludop, the kuo-toa town near the Darklake, and has navigated the twisting routes of the Darklake for many years. He hopes to share his enlightenment with his fellow kuo-toa, although he isn't aware of recent events in Sloobludop (see {@area chapter 3|112|x} for details).",Sloobludop;斯盧布多普;斯盧布杜普;斯洛布多普;斯洛布路多普;斯魯布羅多普;斯魯布洛普
Sloobludop: General Features,斯盧布多普：一般特徵,draft-heading-proposed,heading-only,OotA,44,data/2/entries/9/name,1,Sloobludop: General Features,斯盧布多普：一般特徵
Sloopidoop,斯盧皮杜普,existing-site,matching-English-source-string-only,OotA,29,data/1/entries/10/entries/4/entries/16/entries/1/rows/4/1,1,{@creature Sloopidoop|OotA} the {@creature kuo-toa archpriest},Sloopidoop
Slouching Toward Sloobludop,向斯盧布多普傾斜,draft-heading-proposed,heading-only,OotA,44,data/2/entries/10/name,1,Slouching Toward Sloobludop,向斯盧布多普傾斜
Slumber of Ancients,古代的沉睡,draft-heading-proposed,heading-only,OotA,123,data/7/entries/2/entries/8/entries/4/name,1,Slumber of Ancients,古代的沉睡
Smoke and Haze,煙霧和霾,draft-heading-proposed,heading-only,OotA,51,data/3/entries/4/entries/6/entries/3/entries/3/name,1,Smoke and Haze,煙霧和霾
Society of Brilliance,光輝協會,project-proposed,matching-English-source-string-only,OotA,27,data/1/entries/10/entries/4/entries/1/rows/10/1,16,Society of Brilliance,Society of Brilliance;光輝協會;輝煌協會;光輝學會
Sorcere,索瑟瑞,project-proposed,matching-English-source-string-only,OotA,190,data/14/entries/3/entries/1/entries/1,25,"Vizeran's plan calls for the adventurers to place the {@i dark heart} in Menzoberranzan. Vizeran would prefer for the {@i dark heart} to be left wherever the characters find Gromph Baenre's grimoire in Sorcere—the center of wizardly training in Menzoberranzan. However, Vizeran tells the characters that placing the talisman anywhere in the City of Spiders will do.",Sorcere;索瑟瑞;索瑟爾
Sorcere Encounters,索瑟瑞遭遇,draft-heading-proposed,heading-only,OotA,205,data/14/entries/13/entries/3/entries/1,2,Have the characters make four {@dc 13} Dexterity ({@skill Stealth}) group checks from the moment they enter the tower to when they reach the archmage's sanctum. Each failed group check results in an encounter from the Sorcere Encounters table. The characters make the same checks while exiting the tower.,索瑟爾遭遇
Sorn,索恩,project-proposed,matching-English-source-string-only,OotA,10,data/0/entries/8/entries/1/entries/5/entries/0,1,"The remaining drow males garrisoning Velkynvelve are named Balok, Bemeril, Guldor, Honemmeth, Imbros, Jaezred, Jevan, Kalannar, Malagar, Nadal, Nym, and Sorn.",Sorn
Sound,聲音,existing-site,heading-only,OotA,11,data/0/entries/9/entries/3/entries/2/name,31,Sound,聲音
South Passage,南通道,draft-heading-proposed,heading-only,OotA,16,data/0/entries/11/entries/3/name,1,South Passage,南通道
Southfurrow District,南溝區,project-proposed,matching-English-source-string-only,OotA,50,data/3/entries/7,2,"Twelve stone bridges lead to Southfurrow District, and then farther south to Flowstone District. These boroughs are reserved for the more prestigious clans and the largest smelters and forges {@creature Themberchaud|OotA} ignites during his flights. The Wyrmsmith's lair and the cavern complex the stone giants of Cairngorm Clan call home both connect to these districts.",Southfurrow District
Sovereign Basidia,君主巴斯狄亞,existing-site,matching-English-source-string-only,OotA,85,data/4/entries/5/entries/4/entries/1/entries/0/rows/1/0,13,{@creature Sovereign Basidia|OotA},Sovereign Basidia;君主巴斯狄亞
Sovereign Phylo,君主菲洛,project-proposed,matching-English-source-string-only,OotA,84,data/4/entries/4/entries/4/entries/3/entries/2/entries/0,12,"These gentle creatures tend to the fungi patch and mind their own business, attacking only in self-defense. If the characters establish communication with the fungus folk and ask for directions to Neverlight Grove, the myconids offer to escort them to the grove and introduce them to their exalted leader, Sovereign Phylo.",Sovereign Phylo;統治者費洛;費洛統治者;菲洛君主;至高菲洛;領主菲洛;至高之芙洛
Space and Marching Order,空間和行進順序,draft-heading-proposed,heading-only,OotA,20,data/1/entries/3/entries/3/entries/1/name,1,Space and Marching Order,空間和行進順序
Spawn of Yeenoghu,耶諾古衍體,existing-site,heading-only,OotA,158,data/10/entries/7/entries/5/entries/9/name,1,Spawn of Yeenoghu,耶諾古衍體
Spectator,觀察者眼魔,existing-site,heading-only,OotA,32,data/1/entries/13/entries/3/entries/1/rows/5/1,7,1 {@creature spectator},觀察者眼魔
Spellcasting,施法,existing-site,heading-only,OotA,4,data/0/entries/5/entries/1/entries/1,22,"In addition to being manacled, spellcasters don't have any spell components or focuses, initially limiting their spellcasting ability. (Wizard characters don't need their spellbooks to cast spells, but will be unable to change their prepared spells without them. As such, give wizard characters some leeway in determining which spells they had previously prepared before being captured.) Moreover, spellcasting isn't possible inside the slave pen because of its magical wards (see area 11).",施法
Spider King,蜘蛛王,existing-site,matching-English-source-string-only,OotA,74,data/3/entries/15/entries/7/entries/7/entries/0,8,"This small network of tiny grottos leads into one of the dens of the Gray Ghosts, but it is the current residence of a warped creature called the {@creature Spider King|OotA}. The characters must travel through narrow tunnels to reach this area (see the ""Whorlstone Tunnels: General Features"" sidebar).",Spider King
Spider Nest,蜘蛛巢穴,draft-heading-proposed,heading-only,OotA,174,data/12/entries/5/entries/14/name,3,11. Spider Nest,蜘蛛巢穴
Spiderbait,蜘蛛誘餌,existing-site,matching-English-source-string-only,OotA,31,data/1/entries/13/entries/2/entries/1,2,"The Web Runners are a pair of thrill-seeking {@creature Goblin||goblins} named {@creature Yuk Yuk|OotA} and {@creature Spiderbait|OotA}. They have lived in the Underdark for as long as either can remember, with much of their time spent treasure hunting and surviving in the Silken Paths. The goblins are prone to daring (and often foolish) stunts. That either of them is still alive is a testament to their luck and skill. Modify their statistics as follows:",Spiderbait
Spiral Path,螺旋路徑,draft-heading-proposed,heading-only,OotA,77,data/3/entries/15/entries/7/entries/11/entries/2/entries/0,2,"The first thing you notice as you enter the room is a heavy, unpleasant musk in the air, coming from cages assembled from scrap iron on both sides of the chamber. A spiral path circles into the center of the room, marked off by small stone pylons.",螺旋路徑
Spiral of the Horned King,角冠王的螺旋,draft-heading-proposed,heading-only,OotA,181,data/13/entries/9/name,3,Spiral of the Horned King,角冠王的螺旋
Splitting the Party,分隊,draft-heading-proposed,heading-only,OotA,145,data/9/entries/5/entries/6/entries/1/entries/2/name,1,Splitting the Party,分隊
Spoiled Supplies,腐敗的物資,draft-heading-proposed,heading-only,OotA,145,data/9/entries/6/entries/2/rows/7/1,2,Spoiled supplies,腐敗的物資
Spore Servants,孢子僕從,draft-heading-proposed,heading-only,OotA,27,data/1/entries/10/entries/4/entries/1/rows/11/1,53,Spore servants,孢子僕從
Sprinkler Tank,灑水罐,draft-heading-proposed,heading-only,OotA,75,data/3/entries/15/entries/7/entries/8/entries/7/name,1,Sprinkler Tank,灑水罐
Staircase and Landing,樓梯和平臺,draft-heading-proposed,heading-only,OotA,37,data/1/entries/16/entries/6/entries/1/name,1,Staircase and Landing,樓梯和平臺
Stairs,樓梯,existing-site,heading-only,OotA,11,data/0/entries/9/entries/0,25,"The drow outpost is located high in a cavern, built 100 feet above the rocky floor. The outpost consists of a series of small caves in the cavern walls and four ""hanging towers""—hollowed-out stalactites connected by walkways, stairs, and rope bridges. The towers are concealed by the thick webs of giant spiders stretched below them, so that only the lowermost parts of the stalactites are visible from the cavern floor.",樓梯
Stand and Fight,停下來戰鬥,draft-heading-proposed,heading-only,OotA,24,data/1/entries/9/entries/3/entries/5/entries/0,5,"When the pursuit level reaches 5, the drow forward scouts spot the party. At this point, the pursuit might become an encounter if the characters spot the drow and engage them. The characters might try to run, at which point a chase ensues (see ""{@book Chases|DMG|8|Chases}"" in chapter 8 of the {@i Dungeon Master's Guide}), or they might stand and fight. They might even try to set up some sort of ambush, since the front ranks of the party are likely out of sight of the drow when they first catch up.",停下來戰鬥
Statistical Modifications for Drow NPCs,卓爾NPC的統計資料修改,draft-heading-proposed,heading-only,OotA,190,data/14/entries/3/entries/2/entries/2/name,1,Statistical Modifications for Drow NPCs,黑暗精靈NPC的統計資料修改
Statue,雕像,existing-site,matching-English-source-string-only,OotA,12,data/0/entries/9/entries/5/entries/5/entries/4/entries/1,44,"The eight ""eyes"" of the spider statue are eight pieces of polished jet—four small ones worth 5 gp each and four larger ones worth 10 gp each. Any non-drow who possesses these gems falls under a curse from Lolth. All spiders and spiderlike creatures attack the bearer of the stones on sight, and such creatures have advantage on checks to detect the possessor of the stones. The curse lasts until all the stones are given into the safekeeping of a drow worshiper of Lolth or the gems are subject to a {@spell remove curse} spell.",Statue;雕像
Statue of Lolth,羅絲雕像,draft-heading-proposed,heading-only,OotA,195,data/14/entries/9/entries/4/entries/2/entries/0/rows/4/1,7,Statue of Lolth,洛斯雕像
Staying Behind,留下,draft-heading-proposed,heading-only,OotA,216,data/16/entries/2/entries/4/entries/2/name,1,Staying Behind,留下
Stealing into Araj,潛入阿拉傑,draft-heading-proposed,heading-only,OotA,161,data/11/entries/5/entries/2/entries/0,3,"The interior of the tower is under the effect of a permanent {@spell guards and wards} spell to thwart intruders. Vizeran suspends the spell's effects for his guests, allowing them to enter unhindered, but those trying to sneak into the tower must deal with the spell's effects (see ""Stealing into Araj""). Additionally, the tower is warded against scrying. Divination spells cast from outside cannot cross the tower's walls unless Vizeran allows it, and he immediately knows if the tower's wards thwart a divination spell.",潛入阿拉傑
Steam Vent,蒸汽噴口,draft-heading-proposed,heading-only,OotA,25,data/1/entries/10/entries/3/entries/1/rows/16/1,6,Steam vent,蒸汽噴口
Steeder Handlers,騎蛛馴獸師,draft-heading-proposed,heading-only,OotA,51,data/3/entries/4/entries/7/entries/1/entries/0/rows/8/1,2,Steeder handlers,騎蛛馴獸師
Stench,惡臭,existing-site,heading-only,OotA,46,data/2/entries/15/entries/1/entries/0,8,"A nine-foot-tall statue stands here. Its body is roughly carved from some kind of wood in the shape of a humanoid female, its head and forearms formed from the severed head and claws of a giant albino crayfish. These parts are lashed on with strands of gut, and emit an overpowering stench of rotting shellfish. Shells, brightly colored stones, mushrooms, and rotting fish are piled at the statue's feet and strung in garlands around its neck. Four stern kuo-toa slowly circle the statue, alert and on guard, while a few others mill about, gazing up at the statue and bowing repeatedly while chanting.",惡臭
Stirges,蚊蝠們,existing-site,heading-only,OotA,42,data/2/entries/5/entries/3/entries/1/rows/8/1,12,{@dice 3d6} {@creature Stirge||stirges},蚊蝠們
Stone Camouflage,巖地偽裝,existing-site,heading-only,OotA,97,data/5/entries/4/entries/5/entries/12/entries/1/entries/2/name,5,Stone Camouflage,巖地偽裝
Stone Giant Guide,石巨人嚮導,draft-heading-proposed,heading-only,OotA,151,data/10/entries/4/entries/2/entries/3/name,1,Stone Giant Guide,石巨人嚮導
Stone Giants,石巨人,project-proposed,matching-English-source-string-only,OotA,55,data/3/entries/4/entries/9/entries/7/entries/0,22,"The stone giants of Clan Cairngorm lead quiet lives of art and contemplation in Gracklstugh. Although reclusive and averse to conflict, the giants have sworn an ancient oath of loyalty to the Deepking, and have been serving his line for as long as any can remember. This oath, however, was given only to the Steelshadow clan. If the throne passes to another dynasty, the stone giants will cease to be the city's allies.",Stone Giants
Stone Guard,石衛,draft-heading-proposed,heading-only,OotA,53,data/3/entries/4/entries/8/entries/1/entries/0/rows/2/1,15,Female duergar captain of the Stone Guard with a side quest for the party,石衛
Stone Guards,岩石衛隊,project-proposed,matching-English-source-string-only,OotA,54,data/3/entries/4/entries/9/entries/6/entries/4/entries/1,17,"Despite reports that the darkhafts and the Stone Guards have received about the growing crisis outside the city's walls, hubris and the onset of madness prevents them from mounting any sort of response or campaign, blind to the corruption that festers around them.",Stone Guards;石衛;石守衛
Stone Teeth,石牙,draft-heading-proposed,heading-only,OotA,41,data/2/entries/5/entries/2/entries/1/rows/7/1,4,Stone teeth,石牙
Stoneheart Enclave,石心聚落,draft-heading-proposed,heading-only,OotA,98,data/5/entries/4/entries/7/entries/3/name,20,Stoneheart Enclave,石心聚落
Stoneheart Quarry,石心採石場,project-proposed,matching-English-source-string-only,OotA,101,data/5/entries/5/entries/7/name,2,Stoneheart Quarry,Stoneheart Quarry;石心採石場
Stonespeaker Crystals,石語者水晶,draft-heading-proposed,heading-only,OotA,156,data/10/entries/6/entries/9/entries/2,2,"Ulthar offers the characters one of the library's {@item Stonespeaker Crystal|OotA|stonespeaker crystals}. if they don't have their own, instructing them on how to attune to it. He warns the characters to not let themselves become lost in the visions they will experience.",石語者水晶
Stonespeaker Hgraam,石語者哈格拉姆,project-proposed,matching-English-source-string-only,OotA,53,data/3/entries/4/entries/8/entries/1/entries/0/rows/8/0,15,{@b Stonespeaker Hgraam},Stonespeaker Hgraam;石頭語者哈格拉姆
Stool,圓凳,existing-site,matching-English-source-string-only,OotA,5,data/0/entries/7/entries/3/entries/1/entries/0/rows/7/0,30,{@creature Stool|OotA},Stool;圓凳
Storage Sheds,儲藏棚,draft-heading-proposed,heading-only,OotA,141,data/8/entries/19/entries/2/entries/1,3,The Zhentarim warehouse contains a dozen iron storage sheds filled with neatly sorted merchandise. Two more sheds serve as quarters for {@creature Ghazrim DuLoc|OotA} (a human {@creature noble}) and his guards. Ten human {@creature Thug||thugs} (minus any killed in area 7a) are asleep in their bunks but rise quickly if the warehouse comes under attack.,儲藏棚
Story Consultants,故事顧問,draft-heading-proposed,heading-only,OotA,,data/22/entries/1/items/1/name,1,Story Consultants,故事顧問
Story Creators,故事創作者,draft-heading-proposed,heading-only,OotA,,data/22/entries/1/items/0/name,1,Story Creators,故事創作者
Strict Hierarchy,嚴格的等級制度,draft-heading-proposed,heading-only,OotA,55,data/3/entries/4/entries/10/entries/2/name,1,Strict Hierarchy,嚴格的等級制度
Stronk,斯特朗克,project-proposed,matching-English-source-string-only,OotA,172,data/12/entries/5/entries/9/entries/0,5,"Phosphorescent lichen clings to the walls of this 30-foot-high cavern. Stronk, a brutish {@creature fomorian}, lairs here. Somehow the giant formed a bond with the purple worms, becoming a caretaker of their eggs. He regularly checks the eggs, brushes fungus off them, and defends them against predators.",Stronk
Subsistence,生計,draft-heading-proposed,heading-only,OotA,56,data/3/entries/4/entries/10/entries/3/name,2,Subsistence,生計
Substitute Bonds,替代紐帶,draft-heading-proposed,heading-only,OotA,221,data/17/entries/2/name,1,Substitute Bonds,替代紐帶
Substitute Features,替代特性,draft-heading-proposed,heading-only,OotA,221,data/17/entries/1/name,1,Substitute Features,替代特性
Succubus or Incubus,魅魔或夢魘,draft-heading-proposed,heading-only,OotA,206,data/14/entries/13/entries/3/entries/10/name,1,Succubus or Incubus,魅魔或夢魘
Summarizing Travel,旅行總結,draft-heading-proposed,heading-only,OotA,24,data/1/entries/9/entries/3/entries/4,2,"If you choose to skip over a few days of travel (as described under ""{@area Summarizing Travel|0ac|x}"" later in this chapter), the pursuit level doesn't change during that time.",旅行總結
Summoned by Bruenor,被布魯諾召喚,draft-heading-proposed,heading-only,OotA,120,data/7/entries/1/name,1,Summoned by Bruenor,被布魯諾召喚
Summoning,召喚,draft-heading-proposed,heading-only,OotA,86,data/4/entries/5/entries/8/entries/1/entries/0,23,"Initially weakened by the summoning ritual that wrenched her from the Abyss, Zuggtmoy found her way to Neverlight Grove, drawn by the strength of its fungal vitality. Upon her arrival, she quickly assessed the situation, realizing the shortest path to gain control of the grove would be to sway and corrupt its original sovereign to serve her until she recovered her strength.",召喚
Sundered Blades,斷裂之刃,draft-heading-proposed,heading-only,OotA,157,data/10/entries/7/entries/5/entries/4/name,1,Sundered Blades,斷裂之刃
Sunlight,陽光,existing-site,heading-only,OotA,9,data/0/entries/8/entries/0,17,"The garrison at Velkynvelve consists of twelve {@creature drow}, five {@creature Drow Elite Warrior||drow elite warriors}, a junior drow priestess named {@creature Asha Vandree|OotA|Asha} (use the {@creature priest} stat block in the {@i Monster Manual}, but add the Fey Ancestry, Innate Spellcasting, and Sunlight Sensitivity features of the {@creature drow} stat block), and the outpost's commander, a senior {@creature drow priestess of Lolth} named Ilvara. The drow have the assistance of a pack of twelve {@creature Quaggoth||quaggoths} and six trained {@creature Giant Spider||giant spiders}.",陽光
Sunlight Sensitivity,日照敏感,existing-site,heading-only,OotA,9,data/0/entries/8/entries/0,6,"The garrison at Velkynvelve consists of twelve {@creature drow}, five {@creature Drow Elite Warrior||drow elite warriors}, a junior drow priestess named {@creature Asha Vandree|OotA|Asha} (use the {@creature priest} stat block in the {@i Monster Manual}, but add the Fey Ancestry, Innate Spellcasting, and Sunlight Sensitivity features of the {@creature drow} stat block), and the outpost's commander, a senior {@creature drow priestess of Lolth} named Ilvara. The drow have the assistance of a pack of twelve {@creature Quaggoth||quaggoths} and six trained {@creature Giant Spider||giant spiders}.",日照敏感
Surbrin Hills,瑟布林丘陵,project-proposed,matching-English-source-string-only,OotA,133,data/8/entries/6/entries/0,1,"If the characters reached an agreement with Davra Jassur in {@adventure chapter 8|OotA|7}, they can travel to Mantol-Derith along one of the many routes the Zhentarim use to move merchandise to the trade hub from the surface world. The Black Network doesn't reveal the shortest route for security reasons. Instead, its representatives lead the adventurers to a remote cave in the Surbrin Hills, about 180 miles east of Gauntlgrym. Black Network sentries (six human {@creature Veteran||veterans}) guard the cave, which leads to a series of tunnels. These tunnels descend sharply as they wind their way east for another 200 miles. Check for random encounters as the party's expedition makes its way to Mantol-Derith, using the tables in {@area chapter 2|07f|x}.",Surbrin Hills
Surface Dwellers,地表居民,draft-heading-proposed,heading-only,OotA,29,data/1/entries/10/entries/4/entries/15/entries/4,9,Shield dwarf scouts are friendly if the party includes one or more surface dwellers. They are willing to give the party a day or two's worth of food and water rations.,地表居民
Surprise,出其不意,existing-site,heading-only,OotA,18,data/1/entries/3/entries/2/entries/1/entries/1,12,"A fast pace makes it harder to spot ambushes or items of interest and prevents the characters from foraging, while a slow pace allows the characters to travel stealthily enough to surprise or sneak past creatures they encounter, and improves their chances of successful foraging for food and water.",突襲
Survival,求生,existing-site,heading-only,OotA,8,data/0/entries/7/entries/3/entries/10/entries/1,22,"{@creature Topsy|OotA} and {@creature Turvy|OotA} hide the fact that they are {@creature Wererat||wererats}. Infected with the curse of lycanthropy, neither deep gnome has entirely embraced it yet, and they struggle to control their wererat instincts and urges. They are fearful of what potential allies might do if they learn the truth, and are looking out for each other and their own survival. With their transformations controlled by the unseen cycle of the moon, you can use the twins' impending change as a wild card in the adventure. They've been prisoners for less than a month, meaning the full moon is coming.",生存
Svirfneblin Lure,地底侏儒誘餌,draft-heading-proposed,heading-only,OotA,194,data/14/entries/9/entries/2/entries/3/entries/0/rows/7/1,2,Svirfneblin lure,斯涅布力誘餌
Svirfneblin Spirits,侏儒精神,draft-heading-proposed,heading-only,OotA,105,data/5/entries/14/entries/4/entries/0,2,"Jadger's {@creature ghost} greets the characters but disappears through a wall if they attack. (Word quickly gets around the settlement of the adventurers' rudeness, negatively shifting the gnomes' attitude toward the characters.) Jadger speaks candidly about who he is and what happened to him. After gaining any sense that the characters are seeking information from the svirfneblin, he asks them to perform two tasks involving laying other svirfneblin spirits to rest:",侏儒精神
Svirfneblin Wererats,地底侏儒鼠人,draft-heading-proposed,heading-only,OotA,96,data/5/entries/4/entries/5/entries/1/entries/0/rows/9/1,8,{@dice 1d4 + 1} {@creature svirfneblin wererat|OotA|svirfneblin wererats},斯涅布力狼人
Swarm of Quippers,食人魚群,existing-site,heading-only,OotA,42,data/2/entries/5/entries/3/entries/1/rows/9/1,5,1 {@creature swarm of quippers},食人魚群
Swimming,游泳,existing-site,heading-only,OotA,40,data/2/entries/4/entries/1/entries/4/name,10,Swimming,游泳
Sword,劍,existing-site,heading-only,OotA,10,data/0/entries/8/entries/1/entries/4/entries/1,13,"Jorlan thought that Lolth favored him, or at least that his charms had deflected her malice, until he had the misfortune of a run-in with a black pudding on an otherwise routine raid. Ilvara's healing magic saved his life but couldn't undo the terrible damage wrought by the ooze's acid. With his once-handsome face melted and scarred, and his sword hand twisted and missing two fingers, Jorlan was no longer the warrior he once was.",劍
Tactical Losses,戰術損失,draft-heading-proposed,heading-only,OotA,217,data/16/entries/2/entries/5/entries/1/entries/3/name,1,Tactical Losses,戰術損失
Tamiel,塔米爾,project-proposed,matching-English-source-string-only,OotA,186,data/13/entries/13/entries/5/entries/8/name,1,Tamiel,Tamiel
Tasha,塔莎,project-proposed,matching-English-source-string-only,OotA,114,data/5/entries/26/entries/7/entries/4/entries/3/entries/0,1,"1st level: {@spell alarm}, {@spell color spray}, {@spell comprehend languages}, {@spell find familiar}, {@spell grease}, {@spell identify}, {@spell jump}, {@spell Tasha's hideous laughter}, {@spell unseen servant}",Tasha;塔莎
Task List,任務列表,draft-heading-proposed,heading-only,OotA,113,data/5/entries/26/entries/5/name,2,Task List,任務列表
Tenser,譚森,project-proposed,matching-English-source-string-only,OotA,69,data/3/entries/15/entries/6/entries/7/entries/2/items/4,2,"Pages of lizard-skin parchment held together between two leather covers from two different books. The pages are full of mad scribbles and arcane formulas, but a character proficient in Intelligence ({@skill Arcana}) can study them for 1 hour to discover that they constitute a spellbook containing the {@spell Tenser's floating disk} and {@spell feign death} spells.",Tenser
Terrain,地形,draft-heading-proposed,heading-only,OotA,11,data/0/entries/9/entries/3/entries/4/entries/0,51,Bridges of spider silk rope connect the walkways to the guard tower and the entrance to the priestess's tower. The swaying bridges are {@quickref difficult terrain||3} for non-drow.,地形
Terrain Encounters,地形遭遇,draft-heading-proposed,heading-only,OotA,24,data/1/entries/9/entries/3/entries/2/items/6,7,"Certain terrain encounters increase or decrease the pursuit level. See the individual descriptions in the ""Random Encounters"" section.",地形遭遇
Terrestor,特瑞斯托,project-proposed,matching-English-source-string-only,OotA,6,data/0/entries/7/entries/3/entries/3/entries/0,1,"This hulking {@creature quaggoth} is the most menacing-looking prisoner in the slave pens, and the other prisoners give him a wide berth. If any of the characters speak to him, however, the quaggoth replies in urbane Elvish. He explains that he is not, in fact, a quaggoth, but a gold elf prince polymorphed into quaggoth form by a curse. He claims to be {@creature Prince Derendil|OotA} of the kingdom of Nelrindenvane in the High Forest. His crown was usurped by the evil wizard Terrestor, who trapped him in this form and exiled him from his people.",Terrestor
Thay,賽爾,existing-site,matching-English-source-string-only,OotA,123,data/7/entries/2/entries/9/entries/4/entries/2,3,"When the mages of the Arcane Brotherhood first tapped into Maegera's power, they used water magic to bind elementals that cooled the primordial's rage and kept it asleep. This bond lasted for centuries until the channels of water were closed through trickery by agents of Thay. With the pit's cooling mechanism shut down, Maegera stirred in its slumber, and its dream of ruination was enough to destroy Gauntlgrym.",Thay;泰雅;泰伊;泰爾;塞爾;泰族;塔亞
The Adventure Begins,冒險開始,draft-heading-proposed,heading-only,OotA,5,data/0/entries/6/name,2,The Adventure Begins,冒險開始
The Astral Plane,星光位面,draft-heading-proposed,heading-only,OotA,188,data/13/entries/14/entries/8/entries/2/rows/0/1,9,"The engine emits a flash of golden light. All magic items within 300 feet of the engine are destroyed, except for artifacts, which are cast into the Astral Plane.",星光位面
The Bazaar,佈雷什美術博物館大使塔區，中層中央高地,draft-heading-proposed,heading-only,OotA,61,data/3/entries/9/entries/7/entries/2/entries/0,7,Characters who look around the bazaar notice a number of odd things:,佈雷什美術博物館大使塔區，中層中央高地
The Beasts of Entémoch's Boon,恩特莫克之恩的野獸,draft-heading-proposed,heading-only,OotA,100,data/5/entries/5/entries/4/entries/4/name,1,The Beasts of Entémoch's Boon,恩特莫克恩賜的野獸
The Braeryn,布里爾林區,draft-heading-proposed,heading-only,OotA,193,data/14/entries/9/entries/2/name,8,The Braeryn,布里爾林區
The Dark Dominion,黑暗主宰,draft-heading-proposed,heading-only,OotA,192,data/14/entries/8/name,6,The Dark Dominion,黑暗主宰
The Dark Hunters,黑暗獵手,draft-heading-proposed,heading-only,OotA,171,data/12/entries/4/entries/6,4,"Hanne's mother, Zhora Hallen, leads the Dark Hunters—drow explorers who steal purple worm eggs. These eggs are prized by wizards, who use them in various arcane rituals. Hanne was on her first egg run with her mother's team when a passing purple worm burst into the tunnel they were traveling through, separating her from the rest of the group. Convinced that her mother and the rest of the Dark Hunters were killed by the purple worm, the headstrong and half-starved young mage-in-training is attempting to make her way back to Menzoberranzan.",黑暗獵手
The Darklake,黑暗湖,draft-heading-proposed,heading-only,OotA,7,data/0/entries/7/entries/3/entries/8/entries/2,108,"Shuushar is familiar with Sloobludop, the kuo-toa town near the Darklake, and has navigated the twisting routes of the Darklake for many years. He hopes to share his enlightenment with his fellow kuo-toa, although he isn't aware of recent events in Sloobludop (see {@area chapter 3|112|x} for details).",黑暗之湖
The Darklake: General Features,黑暗湖：一般特徵,draft-heading-proposed,heading-only,OotA,40,data/2/entries/4/entries/1/entries/5/entries/2/name,1,The Darklake: General Features,黑暗湖：一般特徵
The Day's Catch,一天的收穫,draft-heading-proposed,heading-only,OotA,43,data/2/entries/5/entries/3/entries/9/entries/0,2,"These {@creature kuo-toa} pole a keelboat toward Sloobludop (or away from the town if it has been attacked; see the end of this chapter). If the characters have not been to Sloobludop, the kuo-toa might try to capture them and bring them there. See ""{@area The Day's Catch|11d|x}"" for details.",一天的收穫
The Diggermattocks,掘鋤家族,draft-heading-proposed,heading-only,OotA,98,data/5/entries/4/entries/7/entries/1/entries/1,16,"After a decade of careful and determined planning, the Diggermattocks led a force back to Blingdenstone to reclaim it. While they have not yet been crowned, everybody treats them as the de facto rulers of the settlement.",挖掘者
The Downward Spiral,向下螺旋,draft-heading-proposed,heading-only,OotA,56,data/3/entries/4/entries/10/entries/4/entries/2/name,1,The Downward Spiral,向下螺旋
The Drow,卓爾,draft-heading-proposed,heading-only,OotA,4,data/0/name,336,Chapter 1: Prisoners of the Drow,卓爾
The Emerald Enclave,翠綠閒庭,project-proposed,matching-English-source-string-only,OotA,98,data/5/entries/4/entries/7/entries/3/entries/0,14,"This group of svirfneblin spellcasters once trained under the Emerald Enclave but eventually splintered off, choosing to focus solely on earth elemental magic. After doing so, they absorbed the surviving priesthood serving the deep gnome deities Segojan Earthcaller (the god of deep earth and nature) and Callarduran Smoothhands (the god of stone and mining).",The Emerald Enclave
The Enemy of My Enemy,我的敵人的敵人,draft-heading-proposed,heading-only,OotA,45,data/2/entries/12/entries/1/name,1,The Enemy of My Enemy,我的敵人的敵人
The Enemy of Our Enemy,敵人的敵人,draft-heading-proposed,heading-only,OotA,155,data/10/entries/6/name,1,The Enemy of Our Enemy,敵人的敵人
The Fiery Pit,火坑,draft-heading-proposed,heading-only,OotA,123,data/7/entries/2/entries/9/entries/4/name,3,The Fiery Pit,火坑
The Ghohlbrorn's Lair,戈爾布隆巢穴,draft-heading-proposed,heading-only,OotA,51,data/3/entries/4/entries/6/entries/2,5,"Arriving by way of the Darklake Docks is easier and more discreet. If the characters are traveling by boat, {@creature Buppido|OotA} can guide them to a deserted pier where they can dock quietly. He warns them that they have to keep a low profile and head directly to the only inn in the city devoted to outsiders. The Ghohlbrorn's Lair is frequented by merchants, mercenaries, and other foreigners who can offer information about traveling elsewhere in the Underdark—or perhaps even to the surface world.",格霍爾霍恩的巢穴
The Goldwhisker Clan,金鬚族,draft-heading-proposed,heading-only,OotA,97,data/5/entries/4/entries/5/entries/13/entries/1/entries/0,10,"If they are with the party, {@creature Topsy|OotA} and {@creature Turvy|OotA} do their best to conceal and resist their lycanthropic curse if the adventurers have not already learned of it. In the time since they were imprisoned in Velkynvelve, the two have likely undergone their wererat transformation at least once. When the decision is made to go to Blingdenstone, the twins might come clean about leaving home because of their curse, or they could abandon the adventurers and strike out on their own. In any event, they might fall in with the Goldwhisker clan of wererats, either on their own or with the adventurers' help.",金須族
The Gray Ghosts,灰鬼,project-proposed,matching-English-source-string-only,OotA,53,data/3/entries/4/entries/8/entries/1/entries/0/rows/6/1,31,"Male derro courier in the employ of both the Gray Ghosts and the Council of Savants, and the subject of different possible side quests",The Gray Ghosts;灰色幽靈;灰影幫;灰影會
The Great Forge,大熔爐,draft-heading-proposed,heading-only,OotA,121,data/7/entries/2/entries/1,19,"The mines of Gauntlgrym produced endless tides of iron, silver, gold, and mithral, and booming trade brought goods and wealth to the city from across Faerûn. But it was the Great Forge that was the burning heart and true treasure of the city. Deep beneath the settled levels of Gauntlgrym, dwarven crafting and elven magic bound the slumbering primordial Maegera, a being of fire and destruction, harnessing its incredible powers to heat the forge. On anvils of adamantine blessed by priests of Moradin, great items of power were forged, their base material infused with a splinter of Maegera's essence. The unceasing wonders flowing from these forges helped make Gauntlgrym into one of the most magnificent cities Faerûn has ever known.",大熔爐
The Harpers,豎琴手聯盟,project-proposed,matching-English-source-string-only,OotA,126,data/7/entries/4/entries/0,5,"King Bruenor has called representatives of the Harpers, the Order of the Gauntlet, the Emerald Enclave, the Lords' Alliance, and the Zhentarim to Gauntlgrym to hear about the state of things in the Underdark and to court their aid in finding out more about the situation. The representatives of each faction receive a briefing on what the characters told Bruenor, and all have an opportunity to converse with the adventurers before making their decisions as to whether they will support Bruenor's plans.",The Harpers;豎琴手同盟;豎琴手會;豎琴手聯會
The Iron Tabernacle,鐵製聖堂,draft-heading-proposed,heading-only,OotA,121,data/7/entries/2/entries/6/entries/0,16,"Gauntlgrym is a city carved out of the living rock, with halls and passages wide enough for the largest dragons to walk through. There are hundreds of levels, twisting stairs, functioning elevators, and a system of mine carts crossing in and out of the central hub of the Iron Tabernacle. The players should feel their characters are in a place of great antiquity, poised on the edge of reclaiming its ancient glory. By no means is the city fully occupied. Indeed, given the relatively small size of Bruenor's occupying force, keeping track of anyone within Gauntlgrym is nearly impossible.",鐵製聖堂
The Labyrinth,迷宮,project-proposed,matching-English-source-string-only,OotA,81,data/3/entries/16/entries/2,53,"Deciding the next step for the characters depends on what information or quests the characters picked up in Gracklstugh. Heading for Neverlight Grove (see {@adventure chapter 5|OotA|4}) or Blingdenstone (see {@adventure chapter 6|OotA|5}) are the obvious next steps, as both places hold the promise of a route to the surface world. Alternatively, the characters can try their luck in the Labyrinth or the Wormwrithings.",The Labyrinth
The Lords' Alliance,領主聯盟,existing-site,heading-only,OotA,126,data/7/entries/4/entries/0,13,"King Bruenor has called representatives of the Harpers, the Order of the Gauntlet, the Emerald Enclave, the Lords' Alliance, and the Zhentarim to Gauntlgrym to hear about the state of things in the Underdark and to court their aid in finding out more about the situation. The representatives of each faction receive a briefing on what the characters told Bruenor, and all have an opportunity to converse with the adventurers before making their decisions as to whether they will support Bruenor's plans.",領主聯盟
The Maze Engine,迷宮引擎,draft-heading-proposed,heading-only,OotA,158,data/10/entries/7/entries/5/entries/8/entries/2,32,"This vision provides a brief glimpse of the Maze Engine, an arcane device located in the heart of the Labyrinth (see {@area chapter 14|4c8|x}).",迷宮引擎
The Mind of Araumycos,阿勞麥柯的心靈,draft-heading-proposed,heading-only,OotA,212,data/15/entries/6/entries/4/name,4,The Mind of Araumycos,Araumycos的心靈
The Miners' Guild,礦工公會,draft-heading-proposed,heading-only,OotA,98,data/5/entries/4/entries/7/entries/2/entries/1,6,"Because the Blingdenstone economy depends on mining, the Miners' Guild holds a lot of power in Blingdenstone. Led by the Pickshine family, the Miners' Guild oversees all of Blingdenstone's mines, as well as the mining, cutting, and enchanting of {@item Spell Gem|OotA|spell gems} (see {@adventure appendix B|OotA|18}), both for the settlement's defense and for trade export.",礦工公會
The Offering,供品,draft-heading-proposed,heading-only,OotA,47,data/2/entries/16/entries/4,2,"Bloppblippodd, a female {@creature kuo-toa archpriest} of the Deep Father, lives on the bottom floor of a squat hovel near the altar. She is a bloodthirsty sadist absolutely assured that her divine vision will raise her in glory to rule her people. Bound and gagged against the far wall is a duergar prisoner (see ""{@area The Offering|12a|x}"").",供品
The Oozing Temple,流動的神廟,draft-heading-proposed,heading-only,OotA,34,data/1/entries/15/name,5,The Oozing Temple,流動的神廟
The Oozing Temple: General Features,軟泥寺廟：一般特徵,draft-heading-proposed,heading-only,OotA,34,data/1/entries/15/entries/1/name,1,The Oozing Temple: General Features,軟泥寺廟：一般特徵
The Order of the Gauntlet,鐵手套教團,project-proposed,matching-English-source-string-only,OotA,126,data/7/entries/4/entries/0,7,"King Bruenor has called representatives of the Harpers, the Order of the Gauntlet, the Emerald Enclave, the Lords' Alliance, and the Zhentarim to Gauntlgrym to hear about the state of things in the Underdark and to court their aid in finding out more about the situation. The representatives of each faction receive a briefing on what the characters told Bruenor, and all have an opportunity to converse with the adventurers before making their decisions as to whether they will support Bruenor's plans.",The Order of the Gauntlet;聖拳之誓;鐵拳團;拳套之令
The Pudding Court,布丁宮廷,project-proposed,matching-English-source-string-only,OotA,97,data/5/entries/4/entries/5/entries/11/entries/0,7,"The presence of {@creature the Pudding King|OotA} (see ""{@area The Pudding Court|2e8|x}"" later in this chapter) is drawing oozes to Blingdenstone. Roll a {@dice d4} and consult the Roaming Ooze table to determine what appears.",The Pudding Court;布丁廣場;布丁王的宮廷
The Pudding King,布丁王,existing-site,matching-English-source-string-only,OotA,95,data/5/entries/3,53,"Within the past decade or so, the deep gnomes have returned to reclaim, resettle, and rebuild their city. The ultimate success of their efforts, however, hangs by a slender thread. Most of the ruined city is a dangerous place and remains closed off, with tunnels and chambers barricaded with gates or deliberately caused cave-ins. The svirfneblin must contend with incursions by wererat squatters, insane elementals, ghosts, and a plague of invading oozes controlled by {@creature the Pudding King|OotA}—a mad deep gnome under the influence of the demon lord Juiblex. Before they can offer the party any help, the deep gnomes likely need some themselves.",The Pudding King;布丁王;布丁國王
"The Pudding King's ""Court""","布丁王的""宮廷""",draft-heading-proposed,heading-only,OotA,99,data/5/entries/4/entries/7/entries/8/name,1,"The Pudding King's ""Court""","布丁國王的""宮廷"""
The Rifts,裂隙,draft-heading-proposed,heading-only,OotA,178,data/13/entries/5,2,"Abandoned settlements within the Labyrinth are common, marked out by rusting iron rails and scattered ore carts. Dark mine shafts descend into the unknown depths, while tunnels stretch off in random directions. Rifts both small and large also appear throughout. Many a tunnel ends abruptly at a rift, as if the way ahead was simply sheared off to leave a vast, yawning chasm. Some of these rifts run to depths of a few hundred feet. Others ascend and descend for miles. Many of the rifts show their age by the presence of carved switchback staircases along their walls, or weathered bridges spanning their gaps.",裂隙
The Ritual,儀式,draft-heading-proposed,heading-only,OotA,48,data/2/entries/18/name,42,The Ritual,儀式
The Shattered Spire,破碎的尖塔,draft-heading-proposed,heading-only,OotA,59,data/3/entries/9/entries/3,4,"Guards posted at the gates make it clear to the characters that non-duergar are restricted to the Darklake District, and the characters have better luck asking other outsiders for directions rather than trying to engage the duergar locals. They are directed to the Blade Bazaar if they wish to sell anything they might be carrying with them. For gossip and a meal, the Shattered Spire tavern is recommended, while lodging for non-duergar can be had at the Ghohlbrorn's Lair inn.",破碎的尖塔
The Silken Paths,絲綢之路,draft-heading-proposed,heading-only,OotA,18,data/1/entries/2/entries/3/entries/0,17,"In the event that none of the prisoners who manage to escape with the party can navigate in the Underdark—or none that the characters are willing to heed at any rate—the adventurers will be forced to wander. The party remains lost until the characters encounter creatures able to give them directions or intent on capturing them. Such creatures can include kuo-toa from Sloobludop, duergar slavers or merchants from Gracklstugh, the goblins from the Silken Paths encounter, or even their drow pursuers intent on dragging them back to Velkynvelve.",絲之路徑
The Sleeper Wakes,沉睡者甦醒,draft-heading-proposed,heading-only,OotA,213,data/15/entries/6/entries/6/name,1,The Sleeper Wakes,沉睡者甦醒
The Stone Curse,石化詛咒,draft-heading-proposed,heading-only,OotA,193,data/14/entries/8/entries/12/entries/1/entries/3/name,1,The Stone Curse,石化詛咒
The Stone Library,石質圖書館,draft-heading-proposed,heading-only,OotA,150,data/10/entries/4/entries/1,3,"The stone library lies west of the Wormwrithings, 360 miles from Mantol-Derith and 120 miles from Gauntlgrym. Only one tunnel leads to the library, and the magic surrounding Gravenhollow can change where the tunnel's entrance appears among the surrounding passageways, even as that magic allows visitors to locate its entrance. Fortunately for the characters, the library's awareness—in tune with all events in the Underdark—knows that they are coming. As such, the ring obtained from the Zhentarim in Mantol-Derith (see {@adventure chapter 9|OotA|8}) allows them to find the secret site. The journey from Mantol-Derith to Gravenhollow takes 60 days. If the characters {@spell teleport} back to Gauntlgrym and start there, the trip takes 20 days. See {@area chapters 2|051|x} and {@area 10|397|x} for information on traveling in the Underdark.",石質圖書館
The Stoneheart Enclave,石心飛地,draft-heading-proposed,heading-only,OotA,98,data/5/entries/4/entries/7/entries/3/entries/1,19,"The Stoneheart Enclave is in charge of summoning earth elementals to help defend Blingdenstone. They also use their magic to aid in various engineering tasks, such as widening burrows, closing off tunnels, or establishing {@item spell gem|OotA} emplacements and defensive measures. When needed, the spellcasters of the Stoneheart Enclave serve as extraplanar diplomats, forging occasional agreements with xorn and galeb duhr to aid Blingdenstone.",石心飛地
The Vast Oblivium,廣袤的遺忘之地,draft-heading-proposed,heading-only,OotA,28,data/1/entries/10/entries/4/entries/7/entries/0/rows/0/1,17,"A tense negotiation with drow, ending with the beholder agreeing to allow the drow safe passage through ""the Vast Oblivium"" in exchange for help ridding its lair of a deep gnome infestation",廣袤的遺忘之地
The Vast Oblivium: General Features,廣漠遺忘之隙：一般特徵,draft-heading-proposed,heading-only,OotA,175,data/12/entries/7/entries/2/entries/3/entries/2/name,2,The Vast Oblivium: General Features,廣漠遺忘之隙：一般特徵
The Vault of Kings,國王的金庫,draft-heading-proposed,heading-only,OotA,121,data/7/entries/1/entries/5/entries/0,10,"Once the characters arrive at the gates of Gauntlgrym, they are welcomed as the king's guests and escorted into the underground city, through the Vault of Kings (see below), and shown to guest quarters. The dwarves of Gauntlgrym take matters of hospitality seriously, ensuring that the adventurers are offered food, drink, and a chance to rest and refresh themselves before their audience with the king (see ""Audience with Bruenor"" under ""Events in Gauntlgrym"").",國王的金庫
The Way Ahead,前方之路,draft-heading-proposed,heading-only,OotA,129,data/7/entries/5/name,2,The Way Ahead,前方之路
The Way Home,回家的路,draft-heading-proposed,heading-only,OotA,104,data/5/entries/14/entries/5/entries/1/name,1,The Way Home,回家的路
The Way Out,出路,draft-heading-proposed,heading-only,OotA,116,data/6/entries/4/name,3,The Way Out,出路
The Way of Lolth,羅絲之路,draft-heading-proposed,heading-only,OotA,190,data/14/entries/4/entries/2/entries/2,5,"If the characters prod Grin for information about Menzoberranzan and what they can expect to find there, he relates the information contained in ""{@area The Way of Lolth|50d|x}"" section. He can also describe the major districts of the city.",洛斯之路
The Web Runners,蛛網行者,draft-heading-proposed,heading-only,OotA,31,data/1/entries/13/entries/2/name,4,The Web Runners,蛛網行者
The Whorlstone Tunnels,渦石隧道,project-proposed,matching-English-source-string-only,OotA,58,data/3/entries/8/entries/2/entries/11/entries/0,36,"{@creature Buppido|OotA} has a secret agenda in Gracklstugh. If he is still with the party, the derro looks for the first opportunity to slip away and return to his hidden lair and ""shrine"" in the Whorlstone Tunnels (see ""Whorlstone Tunnels"").",The Whorlstone Tunnels;旋石隧道;漩渦石隧道
The Worm Tunnels,蠕蟲隧道,draft-heading-proposed,heading-only,OotA,166,data/12/entries/2/name,1,The Worm Tunnels,蠕蟲隧道
The Wormwrithings,蠕蟲扭道,project-proposed,matching-English-source-string-only,OotA,61,data/3/entries/9/entries/7/entries/3/entries/1,28,"Ylsa invites the characters into her well-guarded office, where she shows them a pile of coins and jewelry from all over the surface world. The hoard consists of 80 gp in mixed coinage, three gold rings worth 25 gp each, and two gem-inlaid necklaces worth 250 gp each. She has tracked the pieces to derro, who use them to pay for food. If the characters can figure out how the derro are getting surface currency and jewelry, Ylsa will provide the adventurers with directions for at least the next stage of their journey, including valuable advice on routes to Blingdenstone (see {@adventure chapter 6|OotA|5}) and the Wormwrithings (see {@adventure chapter 12|OotA|11}).",The Wormwrithings;蠕蟲之語;蠕動之巢;蠕蟲之巢
The Zhentarim,散塔林會,existing-site,heading-only,OotA,51,data/3/entries/4/entries/6/entries/1,36,"The party's fellow escapees know that trying to enter through the main entrances is a sure way to get enslaved, unless one of the characters is an epic liar who can convince the guards the party is a legitimate diplomatic or trade delegation. Anyone with a merchant or criminal background has heard rumors that the Zhentarim trade in the Underdark, but posing as Zhentarim has its own risks, as such claims are bound to be questioned. A character who is actually a member of the Zhentarim can buy the adventurers a couple of days inside the city before the duergar slavers start taking their measure.",散塔林會
Themberchaud,瑟姆貝爾喬德,existing-site,matching-English-source-string-only,OotA,50,data/3/entries/0,43,"Visitors to the duergar city of Gracklstugh are greeted by its hot and acrid air, followed by the angry red glare of the eternally burning smelters fueling the city's metal works, its clanging heart, and the forges kept alive by the flames of {@creature Themberchaud|OotA}, the red dragon that holds the title of Wyrmsmith. Gracklstugh toils endlessly, its smiths churning out the best armor and weapons among the Underdark races. Those who do business here refer to Gracklstugh as ""the City of Blades.""",Themberchaud;瑟姆貝爾喬德;瑟姆貝肖
Themberchaud the Wyrmsmith,瑟姆貝爾喬德，龍匠,draft-heading-proposed,heading-only,OotA,55,data/3/entries/4/entries/9/entries/9/name,1,Themberchaud the Wyrmsmith,瑟姆貝爾喬德，龍族鐵匠
Themberchaud's Lair,瑟姆貝爾喬德的巢穴,draft-heading-proposed,heading-only,OotA,53,data/3/entries/4/entries/7/entries/13/entries/0,2,"The {@creature adult red dragon} is out on his regular rounds, keeping the city's forges aflame. {@creature Themberchaud|OotA} has long been keeping his eye out for mercenaries in the city that could be bent to his service. If he spots the characters, he might take an interest in them. See ""{@area Themberchaud's Lair|1a0|x}"" for information on the Wyrmsmith's motivations and possible setups for an additional encounter with the red dragon.",瑟姆貝肖的巢穴
Threatened Bystanders,受威脅的旁觀者,draft-heading-proposed,heading-only,OotA,219,data/16/entries/3/entries/6/entries/6/name,1,Threatened Bystanders,受威脅的旁觀者
Tier Breche,提爾布雷契,project-proposed,matching-English-source-string-only,OotA,198,data/14/entries/9/entries/7/entries/1/entries/0/rows/0/3,5,"Controls all three branches of the Academy (see ""{@area Tier Breche|545|x}"")",Tier Breche;提爾·布歇;提爾佈雷契
Tier Breche Encounters,提爾布雷契遭遇,draft-heading-proposed,heading-only,OotA,201,data/14/entries/9/entries/11/entries/3,2,"Roll for random encounters as the characters explore the Academy grounds. You can roll a {@dice d20} and consult the Tier Breche Encounters table, or choose an encounter that you like. The party can avoid random encounters by succeeding on a {@dc 17} Dexterity ({@skill Stealth}) group check. Sounds of battle are common at the Academy; however, drow guards are trained to tell the difference between training exercises and the sound of real combat. The latter attracts reinforcements in the form of {@dice 1d4} {@creature Drow Elite Warrior||drow elite warriors} every round until the perceived threat is eliminated.",提爾·布歇遭遇
Tight Passage,狹窄通道,draft-heading-proposed,heading-only,OotA,41,data/2/entries/5/entries/2/entries/1/rows/8/1,3,Tight passage,狹窄通道
Tight Passages,狹窄通道,draft-heading-proposed,heading-only,OotA,32,data/1/entries/14/entries/2/entries/2/name,1,Tight Passages,狹窄通道
Time-Keeping,時間記錄,draft-heading-proposed,heading-only,OotA,20,data/1/entries/3/entries/8/name,1,Time-Keeping,時間記錄
Timmask,提馬斯克,draft-heading-proposed,heading-only,OotA,23,data/1/entries/7/entries/3/entries/4/name,5,Timmask,提馬斯克
To Battle!,戰鬥！,draft-heading-proposed,heading-only,OotA,213,data/15/entries/7/entries/4/name,1,To Battle!,戰鬥！
Tongue of Madness,瘋狂之舌,draft-heading-proposed,heading-only,OotA,23,data/1/entries/7/entries/3/entries/5/name,3,Tongue of Madness,瘋狂之舌
Topsy,託普西,existing-site,matching-English-source-string-only,OotA,5,data/0/entries/7/entries/3/entries/1/entries/0/rows/8/0,19,{@creature Topsy|OotA} and {@creature Turvy|OotA},Topsy
Topsy and Turvy,託普西和特威,draft-heading-proposed,heading-only,OotA,8,data/0/entries/7/entries/3/entries/10/name,1,Topsy and Turvy,託普西和圖爾維
Torchstalk,火把草,draft-heading-proposed,heading-only,OotA,23,data/1/entries/7/entries/3/entries/6/name,6,Torchstalk,火把草
Tower of Vengeance,復仇之塔,project-proposed,matching-English-source-string-only,OotA,155,data/10/entries/6/entries/8,4,"If the characters threaten Vizeran, Kleve looms menacingly nearby even as the archmage tries to keep things civil, pointing out that there is nothing to be gained by fighting. If the adventurers attack him or Kleve, Vizeran casts {@spell time stop} and departs before {@creature Veldyskar|OotA} shows up (see ""A Place of Peace"" in the ""{@area Gravenhollow: General Features|3e2|x}"" sidebar). Kleve becomes {@condition invisible} and follows his master out of Gravenhollow. Despite their attack upon him, the archmage contacts the characters again in an attempt to forge an alliance (see chapter 12, ""{@adventure The Tower of Vengeance|OotA|11}"").",Tower of Vengeance
Tracking the Party,追蹤隊伍,draft-heading-proposed,heading-only,OotA,24,data/1/entries/9/entries/2/name,2,Tracking the Party,追蹤隊伍
Traders,交易者,draft-heading-proposed,heading-only,OotA,21,data/1/entries/4/entries/2/entries/0,18,"Spellcasters might be without material components for their spells (see ""{@book Components|PHB|10|Components}"" in chapter 10 of the {@i Player's Handbook}). They can acquire component pouches and spellcasting focuses from defeated enemy spellcasters, settlements, and traders, or they can craft such items during their downtime activities while traveling.",交易者
Traldak,特拉爾達克,project-proposed,matching-English-source-string-only,OotA,169,data/12/entries/3/entries/12/entries/1,1,"The cave floor is strewn with gnawed bones—the remains of dead dwarves and drow. A circular pit, nine feet deep, holds six captives—two {@creature drow} and four shield dwarf {@creature Commoner||commoners}. These unfortunates were separated from larger groups (see ""{@area Random Encounters|42d|x}"" earlier in this chapter) and captured by the troglodytes. Every couple of days, one of them is eaten by the tribe. The captives are filthy and weak; each has four levels of {@condition exhaustion} and 1 hit point remaining. Any of the captives can explain the nature of the conflict between H'slaat and S'slaar. If freed, the drow immediately flee into the Underdark, but the dwarves offer to join the expeditionary force if the adventurers liberate them. The drow are male members of House Melarn and are named Rinil and Xol. The shield dwarves hail from the Silver Marches and are named Dauthorn Brightmantle (male), Traldak Xornbane (male), Zulia Stonewhisper (female), and Hargritt Hammerhome (female).",Traldak
Trap,陷阱,existing-site,matching-English-source-string-only,OotA,8,data/0/entries/7/entries/4/entries/3/items/4,30,"Jorlan used to have a wand that shot globs of sticky material able to trap targets. Now Shoor carries it, as another sign of their change in status.",Trap;陷阱
Trapped Secret Door,陷阱密門,draft-heading-proposed,heading-only,OotA,206,data/14/entries/13/entries/4/entries/6/name,1,Trapped Secret Door,陷阱密門
Traps,陷阱,existing-site,heading-only,OotA,24,data/1/entries/9/entries/3/entries/3,27,"The players might come up with additional ways of evading pursuit. Adjudicate these as you see fit. For example, if the characters convince a randomly encountered creature to let them pass by telling them about the wealthy drow following them, you might reduce the pursuit level by 1 as the drow are forced to deal with the encounter before they can resume tracking the party. Similarly, the adventurers could lay traps to slow down their pursuers, or they might convince a friendly creature to lie to the drow about which way the party went.",陷阱
Travel Pace,旅行步調,existing-site,heading-only,OotA,18,data/1/entries/3/entries/1,12,"Much of the party's travel through the Underdark is handled abstractly, using the rules and advice in chapter 8, ""{@book Adventuring|PHB|8|Travel Pace},"" of the {@i Player's Handbook}. The following specific guidelines apply to travel in the Underdark during this adventure.",旅行步調
Traveling,旅行,draft-heading-proposed,heading-only,OotA,20,data/1/entries/3/entries/3/entries/1/entries/0,52,"Ask the players to establish two marching orders for the characters—one for moving single file and one for moving two abreast. Then when an encounter occurs, roll a {@dice d6}. On a roll of 1–2, the party is traveling through a narrow passageway, so position the adventurers in the single-file marching order. On a roll of 3–4, the characters are traveling through a standard passageway and can use the two-abreast marching order. On a roll of 5–6, the encounter occurs in a large open area, so allow the players to position the characters wherever they like.",旅行
Traversing the Darklake,穿越黑暗湖,draft-heading-proposed,heading-only,OotA,40,data/2/entries/4/name,3,Traversing the Darklake,穿越黑暗湖
Treasure,寶藏,existing-site,heading-only,OotA,11,data/0/entries/9/entries/5/entries/1/entries/3/name,114,Treasure,寶藏
Trench,特倫奇,project-proposed,heading-only,OotA,135,data/8/entries/13/entries/2/entries/0,11,"The password to open this secret door is ""belaern,"" a drow word meaning ""wealth."" If the characters are being guided by members of the Black Network, they are led through this secret door into the trench that bisects Mantol-Derith (area 2).",
Trillimac,崔利馬克,draft-heading-proposed,heading-only,OotA,22,data/1/entries/7/entries/2/entries/5/name,10,Trillimac,崔利馬克
Trisk Adamantelpiece,特里斯克·精金披肩,project-proposed,matching-English-source-string-only,OotA,98,data/5/entries/4/entries/7/entries/4/entries/1,2,"In the last year, a handful of svirfneblin youths have been training in secret under the rather terrifying care of the veteran Burrow Warden Jadger, who lingers on as a ghost. In life, Jadger was an expert in the Underdark and its many denizens, as well as how to fight them. He is grooming his brightest student, Trisk Adamantelpiece, to command the new burrow wardens, who are preparing to announce their existence to the Diggermattocks and demand recognition as the new Burrow Wardens of Blingdenstone.",Trisk Adamantelpiece;特里斯克·金剛石
Troglodyte Lair,穴蜥人巢穴,draft-heading-proposed,heading-only,OotA,167,data/12/entries/2/entries/3/entries/11/entries/0,6,"These {@creature Troglodyte||troglodytes} are heading toward their lair (see ""{@area Troglodyte Lair|43c|x}"") and attack any other creatures they come across.",穴蜥人巢穴
Troglodyte Lair: General Features,穴蜥人巢穴：一般特徵,draft-heading-proposed,heading-only,OotA,168,data/12/entries/3/entries/6/name,1,Troglodyte Lair: General Features,穴蜥人巢穴：一般特徵
Troglodytes,穴蜥人,draft-heading-proposed,heading-only,OotA,22,data/1/entries/6/entries/3/items/2,37,"A monster encountered by the party might be holding other victims or hostages (a giant spider with a still-living victim wrapped up in its web, or troglodytes holding prisoners destined for their larder, for example). Once the monsters are defeated, a former captive might join the group.",穴蜥人
Trolls,巨魔,existing-site,heading-only,OotA,167,data/12/entries/2/entries/3/entries/2/entries/0/rows/9/1,8,{@dice 1d4} {@creature Troll||trolls},巨魔
Tunnel,隧道,draft-heading-proposed,heading-only,OotA,6,data/0/entries/7/entries/3/entries/5/entries/0,141,"A male deep gnome {@creature spy}, {@creature Jimjar|OotA} is a feckless rogue with a devil-may-care attitude, a fondness for coin, and an obsession with betting on virtually anything and everything. Once he knows the characters, {@creature Jimjar|OotA} regularly offers them bets on things from their own efforts (""I bet you ten gold you can't get past that sentry without being seen"") to the outcomes of random events (""I bet you twenty gold this tunnel is the right way""). He sometimes uses betting to goad others into doing things, but characters can easily turn the tables knowing that {@creature Jimjar|OotA} finds it difficult to refuse a wager. His behavior is unusual for the dour deep gnomes, and others of his kind (including {@creature Topsy|OotA} and {@creature Turvy|OotA}) find {@creature Jimjar|OotA} annoying at best, and unstable and potentially mad at worst.",隧道
Tunnels,隧道,draft-heading-proposed,heading-only,OotA,4,data/0/entries/0,186,"Deep beneath the surface of the world lies the Underdark, a realm of endless labyrinthine tunnels and caverns where the sun never shines. The Underdark is filled with races and creatures too numerous to count or list, and foremost among these are the dark elves—the drow. Hated and feared even by their fellow dwellers in darkness, the drow raid other settlements in the Underdark as well as the surface world, taking prisoners back with them. Rendered {@condition unconscious} with {@item drow poison}, then collared and shackled, these prisoners are eventually sold as slaves or entertainment in the dark elves' subterranean cities.",隧道
Turvy,特威,existing-site,matching-English-source-string-only,OotA,5,data/0/entries/7/entries/3/entries/1/entries/0/rows/8/0,18,{@creature Topsy|OotA} and {@creature Turvy|OotA},Turvy;圖爾維
Two Sovereigns,兩位君主,draft-heading-proposed,heading-only,OotA,85,data/4/entries/5/entries/6/name,2,Two Sovereigns,兩位君主
Two-Headed Grimlocks,雙頭幽邃盲族,draft-heading-proposed,heading-only,OotA,68,data/3/entries/15/entries/5/entries/7/name,1,Two-Headed Grimlocks,雙頭幽邃盲族
Two-Headed Trolls,雙頭巨魔,draft-heading-proposed,heading-only,OotA,210,data/15/entries/4/entries/1/entries/2/entries/0/rows/6/1,2,Two-headed trolls,雙頭巨魔
Udhask,烏達斯克,project-proposed,matching-English-source-string-only,OotA,105,data/5/entries/14/entries/4/entries/1/items/1,6,"Recover the remains of a deep gnome named Udhask and bring them to the catacombs. Jadger knows that the deep gnome died somewhere in Rockblight, the northeast section of Blingdenstone.",Udhask
Ulthar,烏爾薩,project-proposed,matching-English-source-string-only,OotA,152,data/10/entries/5/entries/2/entries/3/name,9,Ulthar,Ulthar
Umber Hulk,掘土巨怪,draft-heading-proposed,heading-only,OotA,28,data/1/entries/10/entries/4/entries/2/entries/1/rows/6/1,5,1 {@creature umber hulk} bursting out of a nearby wall,掘土巨怪
Underdark,幽暗地域,existing-site,matching-English-source-string-only,OotA,4,data/0/entries/0,470,"Deep beneath the surface of the world lies the Underdark, a realm of endless labyrinthine tunnels and caverns where the sun never shines. The Underdark is filled with races and creatures too numerous to count or list, and foremost among these are the dark elves—the drow. Hated and feared even by their fellow dwellers in darkness, the drow raid other settlements in the Underdark as well as the surface world, taking prisoners back with them. Rendered {@condition unconscious} with {@item drow poison}, then collared and shackled, these prisoners are eventually sold as slaves or entertainment in the dark elves' subterranean cities.",Underdark;幽暗地域;地下世界;地下黑暗;地底黑暗;地底深淵;地底暗道;地底世界;下層黑暗;地下國度
Underdark Natives,幽暗地域原住民,draft-heading-proposed,heading-only,OotA,117,data/6/entries/5/entries/1/name,1,Underdark Natives,幽暗地域原住民
Underdark Outposts,幽暗地域前哨站,draft-heading-proposed,heading-only,OotA,147,data/9/entries/7/name,1,Underdark Outposts,幽暗地域前哨站
Underdark Travel,幽暗地域旅行,draft-heading-proposed,heading-only,OotA,18,data/1/entries/3/name,6,Underdark Travel,幽暗地域旅行
Underdark Travel Pace,幽暗地域行進速度,draft-heading-proposed,heading-only,OotA,18,data/1/entries/3/entries/2/entries/1/name,1,Underdark Travel Pace,幽暗地域行進速度
Underdark Travel Times,幽暗地域旅行時間,draft-heading-proposed,heading-only,OotA,18,data/1/entries/3/entries/2/entries/1/entries/2,2,"The Underdark Travel Times table shows the time to travel between the locations in chapters 1 through 6 of the adventure. These times assume that the party moves at a normal pace without stopping (other than for time spent resting or becoming lost). For a fast pace, reduce the travel times by one third; for a slow pace, increase them by one third.",地下世界旅行時間
Underground Marsh,地下沼澤,draft-heading-proposed,heading-only,OotA,87,data/4/entries/9/entries/1/name,2,Underground Marsh,地下沼澤
Underground Stream,地下溪流,draft-heading-proposed,heading-only,OotA,25,data/1/entries/10/entries/3/entries/1/rows/17/1,6,Underground stream,地下溪流
Unexpected Allies,意外盟友,existing-site,heading-only,OotA,195,data/14/entries/9/entries/4/entries/3/entries/1,2,"The drow is a member of Bregan D'aerthe (see ""{@area Unexpected Allies|552|x}"" later in this chapter) and reveals as much if the characters confront him. If the characters reveal that they're trying to banish the demon lords back to the Abyss, he offers Bregan D'aerthe's assistance. If they're amenable, he leads them to a Bregan D'aerthe safe house until a meeting with Jarlaxle, the leader of Bregan D'aerthe, can be arranged. While escorted by the spy, the characters have no hostile random encounters.",意外盟友
Uninvited Guests,不速之客,draft-heading-proposed,heading-only,OotA,209,data/15/entries/3/entries/3/name,1,Uninvited Guests,不速之客
Universal Language,通用語言,draft-heading-proposed,heading-only,OotA,154,data/10/entries/5/entries/5/entries/1/entries/3/name,1,Universal Language,通用語言
Unseen Evil,不可見的邪惡,draft-heading-proposed,heading-only,OotA,105,data/5/entries/16/entries/1/name,1,Unseen Evil,不可見的邪惡
Unseen Sentries,無形哨兵,draft-heading-proposed,heading-only,OotA,54,data/3/entries/4/entries/9/entries/4/entries/1/entries/1/name,1,Unseen Sentries,無形哨兵
Urmas,烏爾馬斯,project-proposed,matching-English-source-string-only,OotA,152,data/10/entries/5/entries/2/entries/4/name,13,Urmas,Urmas
Using the Lift,使用升降機,draft-heading-proposed,heading-only,OotA,12,data/0/entries/9/entries/5/entries/4/entries/2/name,1,Using the Lift,使用升降機
Ustova,烏斯托瓦,project-proposed,matching-English-source-string-only,OotA,152,data/10/entries/5/entries/2/entries/5/name,10,Ustova,Ustova
Vanishing NPCs,消失的NPC,draft-heading-proposed,heading-only,OotA,145,data/9/entries/6/entries/2/rows/8/1,2,Vanishing NPCs,消失的NPCs
Veldyskar,維爾迪斯卡爾,existing-site,matching-English-source-string-only,OotA,151,data/10/entries/4/entries/3/name,14,Veldyskar the Basilisk,Veldyskar
Veldyskar the Basilisk,石化蜥蜴維爾迪斯卡爾,existing-site-name-with-translated-heading,heading-only,OotA,151,data/10/entries/4/entries/3/name,1,Veldyskar the Basilisk,
Velgor,維爾戈,project-proposed,matching-English-source-string-only,OotA,149,data/9/entries/8/entries/4/entries/1/entries/4,3,"The leaders of the drow force are a female {@creature drow elite warrior} named Ryzliir Symryvvin and her consort, a male {@creature drow mage} named Velgor Zolond. They are joined by a prisoner in manacles—an unarmed and unarmored male human {@creature knight} of the Order of the Gauntlet named {@creature Aljanor Keenblade|OotA}. Sir Aljanor was captured during a surface raid months ago, and the drow have beaten him such that he has only 3 hit points remaining. Members of the order traveling in the party's expeditionary force recognize Sir Aljanor instantly and are {@status surprised}; they assumed he had been killed.",Velgor
Velgor Zolond,維爾戈·佐隆德,project-proposed,matching-English-source-string-only,OotA,149,data/9/entries/8/entries/4/entries/1/entries/4,1,"The leaders of the drow force are a female {@creature drow elite warrior} named Ryzliir Symryvvin and her consort, a male {@creature drow mage} named Velgor Zolond. They are joined by a prisoner in manacles—an unarmed and unarmored male human {@creature knight} of the Order of the Gauntlet named {@creature Aljanor Keenblade|OotA}. Sir Aljanor was captured during a surface raid months ago, and the drow have beaten him such that he has only 3 hit points remaining. Members of the order traveling in the party's expeditionary force recognize Sir Aljanor instantly and are {@status surprised}; they assumed he had been killed.",Velgor Zolond
Velkynvelve,維爾京維爾夫,project-proposed,matching-English-source-string-only,OotA,4,data/0/entries/5/entries/0,53,"The characters' goal in this chapter of the adventure is straightforward: escape from the drow outpost of Velkynvelve, with an eye toward escaping from the Underdark. However, this goal is complicated by the adventurers' lack of familiarity with their surroundings. Even if the prisoners can get away from the drow, where will they go and how will they survive?",Velkynvelve;維爾京維爾夫;維爾金維爾夫;維肯維爾夫;維爾肯維爾;維爾金維爾;維爾文維爾沃;維爾凱維爾夫;維爾肯維夫;威爾克維爾夫
Velkynvelve: General Features,維爾京維爾夫：總體特徵,draft-heading-proposed,heading-only,OotA,11,data/0/entries/9/entries/3/name,1,Velkynvelve: General Features,維爾金維爾夫：總體特徵
Victory or Defeat,勝利或失敗,draft-heading-proposed,heading-only,OotA,214,data/15/entries/9/name,1,Victory or Defeat,勝利或失敗
Victory without Vizeran,沒有維茲蘭的勝利,draft-heading-proposed,heading-only,OotA,165,data/11/entries/10/name,1,Victory without Vizeran,沒有Vizeran的勝利
Viln,維爾恩,project-proposed,matching-English-source-string-only,OotA,202,data/14/entries/9/entries/12/entries/4/entries/1/entries/1,4,The leader of the Bandersnatches is a capricious and nihilistic female drow named {@creature Viln Tirin|OotA}. She has the statistics of a {@creature bandit captain} with the following modifications:,Viln
Viln Tirin,維爾恩·提林,existing-site,matching-English-source-string-only,OotA,202,data/14/entries/9/entries/12/entries/4/entries/1/entries/1,1,The leader of the Bandersnatches is a capricious and nihilistic female drow named {@creature Viln Tirin|OotA}. She has the statistics of a {@creature bandit captain} with the following modifications:,Viln Tirin
Violet Fungi,紫腐菌,draft-heading-proposed,heading-only,OotA,28,data/1/entries/10/entries/4/entries/6/entries/1/rows/2/1,6,{@dice 1d4} {@creature Violet Fungus||violet fungi},紫腐菌
Vizeran,維茲蘭,project-proposed,matching-English-source-string-only,OotA,143,data/9/entries/1,222,"Much of this middle section of the adventure is free-form, dictated largely by the characters' decisions and tactics. The adventurers' immediate destination is the legendary library of Gravenhollow (see {@area chapter 11|3cb|x}), where they gain information that likely takes them to the tower of Araj, home of the mysterious drow archmage {@creature Vizeran DeVir|OotA}. However, the characters are free to explore and visit different places before and after they explore Gravenhollow and unlock its secrets.",Vizeran;維澤蘭;維澤朗
Vizeran DeVir,維茲蘭·迪威爾,existing-site,matching-English-source-string-only,OotA,143,data/9/entries/1,31,"Much of this middle section of the adventure is free-form, dictated largely by the characters' decisions and tactics. The adventurers' immediate destination is the legendary library of Gravenhollow (see {@area chapter 11|3cb|x}), where they gain information that likely takes them to the tower of Araj, home of the mysterious drow archmage {@creature Vizeran DeVir|OotA}. However, the characters are free to explore and visit different places before and after they explore Gravenhollow and unlock its secrets.",Vizeran DeVir;Vizeran DeVir
Vizeran's Plan,維茲蘭的計劃,draft-heading-proposed,heading-only,OotA,163,data/11/entries/8/entries/4/entries/1/items/7,12,"Vizeran knows of no means by which Gromph Baenre's ritual can be reversed. However, he believes there might be a different means of sending the demon lords back to the Abyss (see ""Vizeran's Plan"").",Vizeran的計劃
Vizeran's Scheme,維茲蘭的計劃,draft-heading-proposed,heading-only,OotA,163,data/11/entries/8/name,2,Vizeran's Scheme,Vizeran的計劃
Vizeran's Secret Route,維茲蘭的秘密路線,draft-heading-proposed,heading-only,OotA,190,data/14/entries/4/entries/0,4,"Seventy-two miles of twisting passageways separate Araj from Menzoberranzan. Vizeran has a secret route between the two, which he allows the characters to use if they agree to follow his plan. Otherwise, the characters must travel to Menzoberranzan by commonly known routes monitored by drow scouts, patrols, and outposts. If the characters opt to use Vizeran's secret route, the drow archmage's apprentice, Grin Ousstyl (see {@area chapter 12|41b|x}), accompanies the characters at Vizeran's behest, serving as their guide.",Vizeran的秘密路線
Vizeran's Tower: General Features,維茲蘭的塔樓：一般特徵,draft-heading-proposed,heading-only,OotA,161,data/11/entries/5/name,2,Vizeran's Tower: General Features,維澤蘭的塔樓：一般特徵
Voice in the Dark,黑暗中的聲音,draft-heading-proposed,heading-only,OotA,171,data/12/entries/4/name,3,Voice in the Dark,黑暗中的聲音
Voosbur,沃斯布爾,project-proposed,matching-English-source-string-only,OotA,72,data/3/entries/15/entries/7/entries/4/entries/5,8,"If the characters try to communicate with the myconids, they release rapport spores so that everyone can speak telepathically. The leader of the myconids is an adult named Voosbur, who speaks on behalf of the others. Sharing thoughts with these sentient mushrooms is an odd and strangely intoxicating experience (and feels quite different than the rapport the characters might have shared with {@creature Stool|OotA}). Voosbur happily tells the party how its ""troupe"" was attracted by the special mushrooms in these tunnels, and it tells the characters about the magical properties of the pygmywort and bigwig mushrooms. Voosbur further explains that the myconids didn't wander into this area, but arrived here by traveling ""through the Lady's dream."" Voosbur describes ""the Lady"" as a powerful being that loves and guides all myconids. He offers to share ""the Lady's gift"" with the characters, allowing them to travel ""through the Lady's dream"" as the myconids do. Characters who accept the offer gain Zuggtmoy's gift (see the sidebar).",Voosbur;沃斯布林
Vort,沃特,project-proposed,matching-English-source-string-only,OotA,108,data/5/entries/23/entries/9/entries/2,1,"The statue is actually a {@creature Deep Gnome (Svirfneblin)||deep gnome} named Vort, who was turned to stone by Neheedra the medusa. He tried to use one of the crystals to block the medusa's gaze but failed. Anyone examining the statue notices that the gnome seems to be raising the crystal toward his face, as if to look through it.",Vort
Walkways,走道,draft-heading-proposed,heading-only,OotA,11,data/0/entries/9/entries/0,11,"The drow outpost is located high in a cavern, built 100 feet above the rocky floor. The outpost consists of a series of small caves in the cavern walls and four ""hanging towers""—hollowed-out stalactites connected by walkways, stairs, and rope bridges. The towers are concealed by the thick webs of giant spiders stretched below them, so that only the lowermost parts of the stalactites are visible from the cavern floor.",走道
Wand of Orcus,奧喀斯之杖,existing-site,heading-only,OotA,219,data/16/entries/4/entries/6/name,3,Wand of Orcus,奧喀斯之杖
Wards,大區,draft-heading-proposed,heading-only,OotA,4,data/0/entries/5/entries/1/entries/1,19,"In addition to being manacled, spellcasters don't have any spell components or focuses, initially limiting their spellcasting ability. (Wizard characters don't need their spellbooks to cast spells, but will be unable to change their prepared spells without them. As such, give wizard characters some leeway in determining which spells they had previously prepared before being captured.) Moreover, spellcasting isn't possible inside the slave pen because of its magical wards (see area 11).",大區
Warning Sign,警告標誌,draft-heading-proposed,heading-only,OotA,25,data/1/entries/10/entries/3/entries/1/rows/18/1,5,Warning sign,警告標誌
Warning Sign Encounter,警告標誌遭遇,draft-heading-proposed,heading-only,OotA,27,data/1/entries/10/entries/3/entries/23/name,1,Warning Sign Encounter,警告標誌遭遇
Warnings,先兆,draft-heading-proposed,heading-only,OotA,119,data/6/entries/7/entries/4/name,1,Warnings,先兆
Water,水,existing-site,heading-only,OotA,9,data/0/entries/7/entries/5/entries/0,157,"The drow divide their prisoners into three roughly equal-sized groups and put them to work for a third of the day, supervised by the quaggoths. Their menial tasks include filling and hauling water barrels, operating the lift, cleaning any or all parts of the outpost (whether they need it or not), emptying chamber pots, food preparation and service, washing dishes, and laundry. The prisoners are also given cruel or pointless tasks to occupy them, and for the dark elves' amusement. Such labors include moving or stacking rocks, coiling ropes, and organizing supplies, with prisoners forced to redo work that doesn't meet the drow's arbitrary standards.",水
Water Weird,水詭,existing-site,heading-only,OotA,42,data/2/entries/5/entries/3/entries/1/rows/10/1,11,1 {@creature water weird},水詭
Waterdeep,深水城,project-proposed,matching-English-source-string-only,OotA,126,data/7/entries/4/entries/21,1,"The representative of the Lords' Alliance is a noble of Tethyrian and moon elf heritage, his youthful looks belying his actual age and experience. Although he hails from Waterdeep, Lord Eravien often travels to other alliance settlements. He's a charming and sly courtier, able to immediately size up any social situation, but his fondness for socializing often distracts him from what's important. As a result, Eravien has heard relatively little of the recent events in the Underdark, and he is initially unconvinced of the importance of the party's mission.",Waterdeep
Waterorb,水球菌,draft-heading-proposed,heading-only,OotA,22,data/1/entries/7/entries/2/entries/6/name,3,Waterorb,水球菌
Web Break,蛛網斷裂,draft-heading-proposed,heading-only,OotA,32,data/1/entries/13/entries/3/entries/1/rows/6/1,2,Web break,蛛網斷裂
Webs,蛛網,draft-heading-proposed,heading-only,OotA,9,data/0/entries/7/entries/8/entries/0,45,"If a prisoner becomes too much trouble, or if the drow need to mete out a lesson on the price of disobedience, they make a gruesome spectacle of feeding a malcontent to the giant spiders in the webs beneath Velkynvelve. Drow guards or quaggoth servants throw the bound prisoner over the edge into the webs, where the spiders quickly converge to bite the victim, injecting their venom. Once the victim is {@condition paralyzed}, the spiders wrap their meal up in webbing.",蛛網
Wedding Crashers,婚禮破壞者,draft-heading-proposed,heading-only,OotA,213,data/15/entries/6/entries/5/name,1,Wedding Crashers,婚禮破壞者
Wedding Invitation,婚禮邀請函,draft-heading-proposed,heading-only,OotA,208,data/15/entries/2/name,1,Wedding Invitation,婚禮邀請函
Wedding Rehearsal,婚禮彩排,draft-heading-proposed,heading-only,OotA,91,data/4/entries/15/entries/3/entries/5/entries/1,4,"""Welcome, travelers."" The aberrant myconid's voice gurgles and spits as it speaks both aloud and in your minds at once. ""Are you here for the wedding rehearsal? Friends of the bride or her intended? No matter! Let the love of the Great Seeder embrace you as you become one with her chosen, the Great Body!""",婚禮彩排
Weird Discoveries,怪異的發現,draft-heading-proposed,heading-only,OotA,43,data/2/entries/5/entries/3/entries/14/entries/1,2,Roll a {@dice d6} and consult the Weird Discoveries table to determine what the {@creature water weird} is guarding.,怪異的發現
Welcome to Karazikar's Maw,歡迎來到卡拉茲卡爾之喉,draft-heading-proposed,heading-only,OotA,176,data/12/entries/7/entries/3/entries/3/name,1,Welcome to Karazikar's Maw,歡迎來到卡拉茲卡爾之喉
Welcome to the City of Blades,歡迎來到刃城,draft-heading-proposed,heading-only,OotA,57,data/3/entries/8/name,1,Welcome to the City of Blades,歡迎來到刃城
Werz,沃茲,project-proposed,matching-English-source-string-only,OotA,53,data/3/entries/4/entries/8/entries/1/entries/0/rows/7/0,14,{@b Werz Saltbaron},Werz;維爾茨;維爾茲;韋爾茲
Werz Saltbaron,沃茲·鹽爵,project-proposed,matching-English-source-string-only,OotA,53,data/3/entries/4/entries/8/entries/1/entries/0/rows/7/0,7,{@b Werz Saltbaron},Werz Saltbaron;維爾茲·鹽爵;維爾茨·鹽巴倫
West Cleft and East Cleft Districts,西裂谷和東裂谷區,draft-heading-proposed,heading-only,OotA,64,data/3/entries/11/name,1,West Cleft and East Cleft Districts,西裂谷和東裂谷區
West Passage,西通道,draft-heading-proposed,heading-only,OotA,16,data/0/entries/11/entries/2/name,1,West Passage,西通道
West Wall,西牆,draft-heading-proposed,heading-only,OotA,38,data/1/entries/16/entries/10/entries/0,17,"Brysis's true tomb is hidden below area 3 and has murals on the walls decorated with rich pigments and inlays of semiprecious stones. A gilded sarcophagus stands atop a stone bier along the west wall. An {@condition invisible} stone chest rests at the foot of the sarcophagus. Characters searching the area thoroughly locate the chest. The chest becomes visible within an {@spell antimagic field}, and a successful {@spell dispel magic} ({@dc 19}) also ends the {@spell invisibility} effect.",西牆
West Wall Encounters,西牆遭遇,draft-heading-proposed,heading-only,OotA,202,data/14/entries/9/entries/12/entries/2,2,"Roll for random encounters as the characters cross this district. You can roll a {@dice d20} and consult the West Wall Encounters table, or choose an encounter that you like. The party can avoid random encounters in West Wall by succeeding on a {@dc 13} Dexterity ({@skill Stealth}) group check.",西牆遭遇
Westrift,西裂谷,draft-heading-proposed,heading-only,OotA,190,data/14/entries/4/entries/2/entries/0,4,"Grin Ousstyl shows the characters a secret door in the cavern wall outside of Vizeran's tower. Beyond this door is a long and winding tunnel that took Vizeran centuries to create using stone-shaping spells. The passage, which is free of monsters and hazards, ends at a secret door at the bottom of the Westrift in Menzoberranzan. The trip from Araj to the city takes twelve days on foot, during which time Grin says very little. Any character who succeeds on a {@dc 15} Wisdom ({@skill Insight}) check can tell that the drow mage is troubled by something, although he refuses to share his private thoughts and concerns.",西裂谷
What Vizeran Knows,維茲蘭所知道的,draft-heading-proposed,heading-only,OotA,163,data/11/entries/8/entries/4/name,1,What Vizeran Knows,Vizeran所知道的
What Vizeran Offers,維茲蘭所提供的,draft-heading-proposed,heading-only,OotA,163,data/11/entries/8/entries/6/name,2,What Vizeran Offers,Vizeran所提供的
What Vizeran Wants,維茲蘭所想要的,draft-heading-proposed,heading-only,OotA,163,data/11/entries/8/entries/5/name,1,What Vizeran Wants,Vizeran所想要的
What the Prisoners Know,囚犯們所知道的,draft-heading-proposed,heading-only,OotA,8,data/0/entries/7/entries/4/name,1,What the Prisoners Know,囚犯們所知道的
Wheel,輪子,existing-site,heading-only,OotA,186,data/13/entries/14/entries/1,2,"The engine looks like a working model of the Great Wheel (see chapter 2, ""{@book Creating a Multiverse|DMG|2|The Great Wheel},"" in the {@i Dungeon Master's Guide}). It's a 20-foot-diameter sphere built of 1-foot-wide bands of magically hardened and shaped bronze, engraved with arcane symbols. Gaps in the bands show various gears and articulation arms within the sphere, which rotate and shift to represent the relationships between the various known planes of existence.",輪子
Where to Go?,去哪裡？,draft-heading-proposed,heading-only,OotA,17,data/1/entries/2/name,1,Where to Go?,去哪裡？
Whirlpool,漩渦,existing-site,heading-only,OotA,41,data/2/entries/5/entries/2/entries/1/rows/9/1,4,Whirlpool,漩渦
Whiteshell Mine,白殼礦場,draft-heading-proposed,heading-only,OotA,100,data/5/entries/5/entries/5/name,2,Whiteshell Mine,白殼礦場
Whorlstone,渦石,project-proposed,matching-English-source-string-only,OotA,58,data/3/entries/8/entries/2/entries/11/entries/0,54,"{@creature Buppido|OotA} has a secret agenda in Gracklstugh. If he is still with the party, the derro looks for the first opportunity to slip away and return to his hidden lair and ""shrine"" in the Whorlstone Tunnels (see ""Whorlstone Tunnels"").",Whorlstone;旋石;漩渦石
Whorlstone Tunnels,渦石隧道,project-proposed,matching-English-source-string-only,OotA,58,data/3/entries/8/entries/2/entries/11/entries/0,54,"{@creature Buppido|OotA} has a secret agenda in Gracklstugh. If he is still with the party, the derro looks for the first opportunity to slip away and return to his hidden lair and ""shrine"" in the Whorlstone Tunnels (see ""Whorlstone Tunnels"").",Whorlstone Tunnels;渦石隧道;旋石隧道;漩渦石隧道
Whorlstone Tunnels Encounters,渦石隧道遭遇,draft-heading-proposed,heading-only,OotA,67,data/3/entries/15/entries/5/entries/0,2,"As the characters explore the Whorlstone Tunnels, they can run into various creatures or hazards. Check for an encounter whenever the characters are moving along a stretch of tunnel or at the end of a long rest. Roll a {@dice d20} and consult the Whorlstone Tunnels Encounters table to determine what, if anything, they encounter.",渦石隧道遭遇
Whorlstone Tunnels: General Features,渦石隧道：一般特徵,draft-heading-proposed,heading-only,OotA,67,data/3/entries/15/entries/3/name,10,Whorlstone Tunnels: General Features,渦石隧道：一般特徵
Willful Navigation,有意識的導航,draft-heading-proposed,heading-only,OotA,154,data/10/entries/5/entries/5/entries/1/entries/6/name,1,Willful Navigation,有意識的導航
Wisdom,感知,existing-site,heading-only,OotA,11,data/0/entries/9/entries/5/entries/0/entries/1,133,"Two {@creature drow} are stationed here at all times, keeping watch over the passage and noting the approach of any creatures. The duty is long and dull, so the watchers are sometimes distracted. A successful Dexterity ({@skill Stealth}) check made against the guards' passive Wisdom ({@skill Perception}) score of 12 allows characters to pass unnoticed. Any light from the passage or the cavern below automatically draws the guards' attention, however.",
With Friends Like These...,有這樣朋友......,draft-heading-proposed,heading-only,OotA,117,data/6/entries/5/entries/3/name,1,With Friends Like These...,有這樣朋友......
Worm Nursery,蠕蟲育嬰室,draft-heading-proposed,heading-only,OotA,167,data/12/entries/2/entries/3/entries/4/entries/0,16,"A {@creature drow mage} of House Melarn leads a group of {@dice 1d6} {@creature drow} and {@dice 2d6} {@creature bugbear} slaves through the tunnels in search of a purple worm nursery, where they hope to find a purple worm egg as a gift for their matron mother. If the characters have an egg clearly in their possession, the drow party tries to take it. Otherwise, the drow mage is happy to let the characters and their expeditionary force pass by unchallenged.",蠕蟲育嬰室
Worm Nursery: General Features,蠕蟲託兒所：一般特徵,draft-heading-proposed,heading-only,OotA,172,data/12/entries/5/entries/5/entries/2/name,3,Worm Nursery: General Features,蠕蟲託兒所：一般特徵
Wormwrithings,蠕蟲扭道,project-proposed,matching-English-source-string-only,OotA,61,data/3/entries/9/entries/7/entries/3/entries/1,29,"Ylsa invites the characters into her well-guarded office, where she shows them a pile of coins and jewelry from all over the surface world. The hoard consists of 80 gp in mixed coinage, three gold rings worth 25 gp each, and two gem-inlaid necklaces worth 250 gp each. She has tracked the pieces to derro, who use them to pay for food. If the characters can figure out how the derro are getting surface currency and jewelry, Ylsa will provide the adventurers with directions for at least the next stage of their journey, including valuable advice on routes to Blingdenstone (see {@adventure chapter 6|OotA|5}) and the Wormwrithings (see {@adventure chapter 12|OotA|11}).",Wormwrithings;蠕蟲扭曲;蠕蟲扭動;蠕蟲之語;蠕動之巢;蠕蟲之巢;蠕蟲文字;蠕蟲之徑;蟲語之地;蠕蟲迷宮;蠕蟲編織者;蠕蟲之地
Wormwrithings Encounters,蠕蟲扭道遭遇,draft-heading-proposed,heading-only,OotA,166,data/12/entries/2/entries/0,3,"The nearest purple worm nesting area mapped out for the characters by {@creature Vizeran DeVir|OotA} lies forty-eight miles west of the archmage's tower. The Vast Oblivium lies some twelve miles south of this nursery. Use the guidelines in {@area chapters 2|051|x} and {@area 10|397|x} as the party travels through the Underdark, but use the Wormwrithings Encounters table instead of the random encounter tables in chapter 2. Foraging is more difficult in the Wormwrithings, requiring successful {@dc 20} Wisdom ({@skill Survival}) checks.",蠕蟲之語遭遇
Wyrmsmith,龍匠,project-proposed,matching-English-source-string-only,OotA,50,data/3/entries/0,10,"Visitors to the duergar city of Gracklstugh are greeted by its hot and acrid air, followed by the angry red glare of the eternally burning smelters fueling the city's metal works, its clanging heart, and the forges kept alive by the flames of {@creature Themberchaud|OotA}, the red dragon that holds the title of Wyrmsmith. Gracklstugh toils endlessly, its smiths churning out the best armor and weapons among the Underdark races. Those who do business here refer to Gracklstugh as ""the City of Blades.""",Wyrmsmith;龍族鐵匠;鑄龍者;龍焰匠;鑄匠大師;龍形匠人
XP Awards,經驗值獎勵,draft-heading-proposed,heading-only,OotA,16,data/0/entries/12/name,29,XP Awards,經驗值獎勵
Xalith,札莉絲,project-proposed,matching-English-source-string-only,OotA,52,data/3/entries/4/entries/7/entries/6/entries/1,9,"House Faen Tlabbar and House Mizzrym are bitter rivals. If the drow emissary belongs to House Faen Tlabbar and the characters divulge that they are enemies or former prisoners of House Mizzrym, the drow warns the party about Xalith (see ""{@area Signs of Pursuit|184|x}"" later in the chapter).",Xalith;夏利斯;希莉絲;沙利絲
Xardelvar,札德爾瓦,project-proposed,matching-English-source-string-only,OotA,54,data/3/entries/4/entries/9/entries/3/entries/0/rows/2/1,3,"Clan Coalhewer (coal miners), Clan Xardelvar (gas miners), Clan Saltbaron (salt miners)",Xardelvar;加德爾瓦爾;夏德爾瓦
Xarrorn,扎羅恩,draft-heading-proposed,heading-only,OotA,54,data/3/entries/4/entries/9/entries/6/entries/4/name,5,Xarrorn,扎羅恩
Xazax,札札克斯,project-proposed,matching-English-source-string-only,OotA,134,data/8/entries/12/entries/1/entries/0/rows/2/1,13,Svirfneblin spy working for {@creature Xazax the Eyemonger|OotA},Xazax;扎薩克
Xazax the Eyemonger,眼商札札克斯,existing-site,matching-English-source-string-only,OotA,134,data/8/entries/12/entries/1/entries/0/rows/2/1,5,Svirfneblin spy working for {@creature Xazax the Eyemonger|OotA},Xazax the Eyemonger;Xazax the Eyemonger
Xetzirbor,澤茲爾博,project-proposed,matching-English-source-string-only,OotA,153,data/10/entries/5/entries/3/entries/6/entries/0/rows/8/1,4,Xetzirbor,Xetzirbor
Xinaya,希娜雅,project-proposed,matching-English-source-string-only,OotA,85,data/4/entries/5/entries/4/entries/1/entries/0/rows/5/0,7,{@b Xinaya},Xinaya;西娜雅;辛納婭
Xol,佐爾,project-proposed,matching-English-source-string-only,OotA,169,data/12/entries/3/entries/12/entries/1,1,"The cave floor is strewn with gnawed bones—the remains of dead dwarves and drow. A circular pit, nine feet deep, holds six captives—two {@creature drow} and four shield dwarf {@creature Commoner||commoners}. These unfortunates were separated from larger groups (see ""{@area Random Encounters|42d|x}"" earlier in this chapter) and captured by the troglodytes. Every couple of days, one of them is eaten by the tribe. The captives are filthy and weak; each has four levels of {@condition exhaustion} and 1 hit point remaining. Any of the captives can explain the nature of the conflict between H'slaat and S'slaar. If freed, the drow immediately flee into the Underdark, but the dwarves offer to join the expeditionary force if the adventurers liberate them. The drow are male members of House Melarn and are named Rinil and Xol. The shield dwarves hail from the Silver Marches and are named Dauthorn Brightmantle (male), Traldak Xornbane (male), Zulia Stonewhisper (female), and Hargritt Hammerhome (female).",Xol
Xorlarrin,索拉林,project-proposed,matching-English-source-string-only,OotA,52,data/3/entries/4/entries/7/entries/6/entries/0/rows/2/1,4,House Xorlarrin,Xorlarrin;肖拉林
Xorn,石鼎獸,existing-site,heading-only,OotA,67,data/3/entries/15/entries/5/entries/1/entries/0/rows/8/1,13,1 {@creature xorn},石鼎獸
Y,歪,existing-site,matching-English-source-string-only,OotA,29,data/1/entries/10/entries/4/entries/16/entries/1/rows/0/1,8,{@creature Y|OotA} the {@creature derro savant|OotA} (see {@adventure appendix C|OotA|19}),Y
Y'lara,伊拉拉,project-proposed,matching-English-source-string-only,OotA,207,data/14/entries/13/entries/5/entries/3,2,"A {@creature yochlol} demon in drow form—Lolth's messenger to Gromph—is imprisoned within the magic circle. It pretends to be a drow priestess named Y'lara for as long as the disguise is useful, claiming to have been trapped in the circle by the archmage after failing to convince Gromph not to cast his spell (a lie). The demon tries to get the characters to free it by breaking the circle, whereupon it attacks and tries to kill them. As long as the circle is intact, the demon can't leave it and doesn't have line of effect to anything outside of the circle. The yochlol does whatever it can to prevent the adventurers from leaving with Gromph's grimoire (see ""Treasure"").",Y'lara;伊拉娜
Yantha,揚薩,project-proposed,matching-English-source-string-only,OotA,98,data/5/entries/4/entries/7/entries/3/entries/2,30,"The enclave's leader is Yantha Coaxrock, a young female mage who splits her time and energy between conducting magical research in Blingdenstone, aiding the svirfneblin enclave in Mantol-Derith (see {@adventure chapter 9|OotA|8}), and working with the rest of the Stoneheart Enclave.",Yantha;揚塔;揚莎;雅莎
Yantha Coaxrock,揚薩·寇克斯洛克,existing-site,matching-English-source-string-only,OotA,98,data/5/entries/4/entries/7/entries/3/entries/2,11,"The enclave's leader is Yantha Coaxrock, a young female mage who splits her time and energy between conducting magical research in Blingdenstone, aiding the svirfneblin enclave in Mantol-Derith (see {@adventure chapter 9|OotA|8}), and working with the rest of the Stoneheart Enclave.",Yantha Coaxrock;雅莎·考克斯洛克;揚莎·科克斯洛克;揚薩·科克斯洛克
Yartar,亞塔,project-proposed,matching-English-source-string-only,OotA,126,data/7/entries/4/entries/23/items/1,1,"Three human spies from the alliance city of Yartar. Their names are Farryl Kilmander, Zilna Oakshadow, and Hilvius Haever.",Yartar;雅塔;雅爾塔
Yauln,尤恩,project-proposed,matching-English-source-string-only,OotA,153,data/10/entries/5/entries/3/entries/6/entries/0/rows/9/1,3,Yauln,Yauln
Yeenoghu,耶諾古,existing-site,matching-English-source-string-only,OotA,25,data/1/entries/9/entries/3/entries/6/entries/1/entries/1,50,"For example, a wandering stone giant, a purple worm, or a pack of savage gnolls whipped into a frenzy by Yeenoghu might show up just as the drow have the characters cornered, giving them a chance to run. Likewise, a minor earthquake (caused by instability from the demonic incursion or a wild magic surge) might cause a cave-in, cutting off a tunnel between the party and their pursuers, and dropping the pursuit level by 1 or 2.",Yeenoghu;耶諾格;耶諾戈
Yeenoghu's Hunt,耶諾古的狩獵,draft-heading-proposed,heading-only,OotA,179,data/13/entries/7/entries/1,2,"Within the Labyrinth, the characters take on the encounters ""{@area Filthriddens|4b2|x},"" ""{@area March to Nowhere|4b5|x},"" ""{@area Yeenoghu's Hunt|4b8|x},"" and ""{@area Gallery of Angels|4bc|x}"" (their intended destination). They might also take on ""{@area The Maze Engine|4c8|x}"" encounter, inspired by knowledge gained in {@area chapter 13|47d|x} and an encounter with some modrons in the Labyrinth.",耶諾格的狩獵
Yellow Mold,黃黴菌,draft-heading-proposed,heading-only,OotA,27,data/1/entries/10/entries/3/entries/19/entries/0/rows/1/1,13,Patch of yellow mold,黃黴菌
Yestabrod,葉斯塔布朗,existing-site,matching-English-source-string-only,OotA,85,data/4/entries/5/entries/4/entries/1/entries/0/rows/4/0,15,{@creature Yestabrod|OotA},Yestabrod;葉斯塔布朗
Yggmorgus,伊格莫格斯,project-proposed,matching-English-source-string-only,OotA,83,data/4/entries/2,17,"However, this particular myconid haven isn't as safe as it might appear. One of their sovereigns has fallen under the sway of Zuggtmoy, the Demon Queen of Fungi, who wasted no time building herself a stronghold in a colossal mushroom called Yggmorgus. There, she works on a malevolent scheme to claim all the Underdark as her domain. More and more myconids are slowly becoming unwitting thralls under her control, and characters who linger in Neverlight Grove might find themselves in great peril.",Yggmorgus;伊格莫加斯;伊格莫格斯;伊格摩格斯
Ylsa,伊爾莎,project-proposed,matching-English-source-string-only,OotA,53,data/3/entries/4/entries/8/entries/1/entries/0/rows/5/0,7,{@b Ylsa Henstak},Ylsa
Ylsa Henstak,伊爾莎·亨斯塔克,project-proposed,matching-English-source-string-only,OotA,53,data/3/entries/4/entries/8/entries/1/entries/0/rows/5/0,3,{@b Ylsa Henstak},Ylsa Henstak
Ylsa's Deal,伊爾莎的交易,draft-heading-proposed,heading-only,OotA,61,data/3/entries/9/entries/7/entries/3/name,1,Ylsa's Deal,伊爾莎的交易
Yrberop,伊爾貝羅普,project-proposed,matching-English-source-string-only,OotA,90,data/4/entries/13/entries/4/entries/1/name,6,Yrberop,Yrberop;伊伯羅普;尤貝洛浦
Yuk Yuk,育克育克,existing-site,matching-English-source-string-only,OotA,31,data/1/entries/13/entries/2/entries/1,4,"The Web Runners are a pair of thrill-seeking {@creature Goblin||goblins} named {@creature Yuk Yuk|OotA} and {@creature Spiderbait|OotA}. They have lived in the Underdark for as long as either can remember, with much of their time spent treasure hunting and surviving in the Silken Paths. The goblins are prone to daring (and often foolish) stunts. That either of them is still alive is a testament to their luck and skill. Modify their statistics as follows:",Yuk Yuk
Zarod,扎羅德,draft-heading-proposed,heading-only,OotA,186,data/13/entries/13/entries/5/entries/9/name,1,Zarod,扎羅德
Zelraun,澤爾朗,project-proposed,matching-English-source-string-only,OotA,126,data/7/entries/4/entries/4/entries/4/name,8,Lord Zelraun Roaringhorn,Zelraun
Zelraun Roaringhorn,澤爾朗·咆哮號角,project-proposed,matching-English-source-string-only,OotA,126,data/7/entries/4/entries/4/entries/4/name,1,Lord Zelraun Roaringhorn,Zelraun Roaringhorn
Zhaun'ol'leal,札恩歐利爾,project-proposed,matching-English-source-string-only,OotA,207,data/14/entries/13/entries/5/entries/7/entries/0,1,"Gromph's grimoire rests atop the lectern near the circle and bears the title {@i Zhaun'ol'leal} (""The Book of the Eight"" in Elvish) and describes rituals for summoning and binding powerful demons. It's open to a chapter that talks about the summoning of Demogorgon.",Zhaun'ol'leal
Zhentarim,散塔林會,existing-project,matching-English-source-string-only,OotA,51,data/3/entries/4/entries/6/entries/1,59,"The party's fellow escapees know that trying to enter through the main entrances is a sure way to get enslaved, unless one of the characters is an epic liar who can convince the guards the party is a legitimate diplomatic or trade delegation. Anyone with a merchant or criminal background has heard rumors that the Zhentarim trade in the Underdark, but posing as Zhentarim has its own risks, as such claims are bound to be questioned. A character who is actually a member of the Zhentarim can buy the adventurers a couple of days inside the city before the duergar slavers start taking their measure.",Zhentarim;澤恩特;贊塔會;扎哈塔姆;散提爾會;扎塔林;散提爾;贊特;散塔林組織;渣爾塔姆;散塔林
Zhents,散塔林會成員,project-proposed,matching-English-source-string-only,OotA,136,data/8/entries/13/entries/5/entries/1,2,"The tunnel leading away from Mantol-Derith winds steadily upward, and branches leading to other areas of the Underdark have been sealed off with {@spell wall of stone} spells, leaving a single navigable passage. This passage is clear of monsters, but the Zhents have installed trip wires and pressure plates at irregular intervals. These are triggering mechanisms for collapsing roofs, poison darts, and rolling spheres (see ""{@book Sample Traps|DMG|5|Sample Traps}"" in chapter 5 of the {@i Dungeon Master's Guide}). The passage ends at a dungeon complex under a ruined watchtower overlooking the Surbrin River, north of the Evermoors. The Zhentarim have guards stationed throughout the dungeon to keep surface dwellers from finding their way to Mantol-Derith via this route. If the characters find this secret door and use it to make their way back to the surface world, design and populate the Zhentarim dungeon as you see fit.",Zhents;散提爾人;扎恩特
Zhindia Melarn,辛迪雅·梅拉恩,project-proposed,matching-English-source-string-only,OotA,198,data/14/entries/9/entries/7/entries/1/entries/0/rows/5/2,1,Zhindia Melarn,Zhindia Melarn
Zhora,佐拉,project-proposed,matching-English-source-string-only,OotA,171,data/12/entries/4/entries/6,9,"Hanne's mother, Zhora Hallen, leads the Dark Hunters—drow explorers who steal purple worm eggs. These eggs are prized by wizards, who use them in various arcane rituals. Hanne was on her first egg run with her mother's team when a passing purple worm burst into the tunnel they were traveling through, separating her from the rest of the group. Convinced that her mother and the rest of the Dark Hunters were killed by the purple worm, the headstrong and half-starved young mage-in-training is attempting to make her way back to Menzoberranzan.",Zhora;卓拉
Zhora Hallen,佐拉·哈倫,project-proposed,matching-English-source-string-only,OotA,171,data/12/entries/4/entries/6,3,"Hanne's mother, Zhora Hallen, leads the Dark Hunters—drow explorers who steal purple worm eggs. These eggs are prized by wizards, who use them in various arcane rituals. Hanne was on her first egg run with her mother's team when a passing purple worm burst into the tunnel they were traveling through, separating her from the rest of the group. Convinced that her mother and the rest of the Dark Hunters were killed by the purple worm, the headstrong and half-starved young mage-in-training is attempting to make her way back to Menzoberranzan.",Zhora Hallen;卓拉·哈倫
Zilch,齊爾欽,project-proposed,matching-English-source-string-only,OotA,137,data/8/entries/16/entries/2/entries/3/entries/0,11,"Sitting on a zurkhwood bench under the giant zurkhwood mushroom is a male {@creature drow mage} named {@creature Zilchyn Q'Leptin|OotA}. Trained as a wizard in Menzoberranzan, ""Zilch"" was forced to flee the drow city after a rash of spell component thefts was traced back to him. He can't control his kleptomania, which is considered a form of indefinite madness (see ""{@book Madness|DMG|8|Madness}"" in chapter 8 of the {@i Dungeon Master's Guide}). This madness befell Zilch long before the demon lords arrived, and has only gotten worse since.",Zilch;基爾希
Zilchyn Q'Leptin,齊爾欽·奎普廷,existing-site,matching-English-source-string-only,OotA,134,data/8/entries/12/entries/1/entries/0/rows/3/0,5,{@creature Zilchyn Q'Leptin|OotA},Zilchyn Q'Leptin;齊爾欽·奎普廷
Zuggtmoy,祖格莫伊,existing-site,matching-English-source-string-only,OotA,7,data/0/entries/7/entries/3/entries/7/entries/1,151,"Unknown even to the other drow, Sarith is infected with tainted spores from myconids corrupted by Zuggtmoy, the Demon Queen of Fungi. The initial infestation of the spores caused Sarith's bout of madness, and his health and sanity continue to deteriorate as the spores grow within his brain.",Zuggtmoy;祖格特莫伊;祖格摩伊;朱格託莫伊;祖格托米;祖格姆伊
Zuggtmoy's Arrival,祖格莫伊的到來,draft-heading-proposed,heading-only,OotA,157,data/10/entries/7/entries/5/entries/2/name,1,Zuggtmoy's Arrival,祖格摩伊的到來
Zuggtmoy's Gift,祖格莫伊的禮物,draft-heading-proposed,heading-only,OotA,72,data/3/entries/15/entries/7/entries/4/entries/5,7,"If the characters try to communicate with the myconids, they release rapport spores so that everyone can speak telepathically. The leader of the myconids is an adult named Voosbur, who speaks on behalf of the others. Sharing thoughts with these sentient mushrooms is an odd and strangely intoxicating experience (and feels quite different than the rapport the characters might have shared with {@creature Stool|OotA}). Voosbur happily tells the party how its ""troupe"" was attracted by the special mushrooms in these tunnels, and it tells the characters about the magical properties of the pygmywort and bigwig mushrooms. Voosbur further explains that the myconids didn't wander into this area, but arrived here by traveling ""through the Lady's dream."" Voosbur describes ""the Lady"" as a powerful being that loves and guides all myconids. He offers to share ""the Lady's gift"" with the characters, allowing them to travel ""through the Lady's dream"" as the myconids do. Characters who accept the offer gain Zuggtmoy's gift (see the sidebar).",祖格莫伊的禮物
Zuggtmoy's Influence,祖格莫伊的影響,draft-heading-proposed,heading-only,OotA,7,data/0/entries/7/entries/3/entries/9/entries/0,6,"{@creature Stool|OotA} is a {@creature myconid sprout} captured by {@creature Sarith Kzekarit|OotA}. {@creature Stool|OotA} is lonely and {@condition frightened}, wanting only to return to its home in Neverlight Grove. If befriended by the characters, {@creature Stool|OotA} gladly offers to guide them to its home, promising them sanctuary with its folk, although it isn't aware of the dangers posed by Zuggtmoy's influence on the myconids (see {@adventure chapter 5|OotA|4}).",祖格莫伊的影響
Zuggtmoy's Spores,祖格莫伊的孢子,draft-heading-proposed,heading-only,OotA,9,data/0/entries/7/entries/7/entries/0,22,"Most of the other prisoners aren't looking for trouble, and even killers such as {@creature Buppido|OotA} are careful to bide their time. Still, both Derendil and {@creature Ront|OotA} have quick tempers, and Sarith the drow is prone to bouts of violence as Zuggtmoy's spores take over his mind. It's possible the characters could provoke a fight. If they do, some of the prisoners (including the deep gnomes) egg on the fighters while others keep their distance or even try to break up the brawl.",祖格莫伊的孢子
Zulia Stonewhisper,祖莉亞·石語,project-proposed,matching-English-source-string-only,OotA,169,data/12/entries/3/entries/12/entries/1,1,"The cave floor is strewn with gnawed bones—the remains of dead dwarves and drow. A circular pit, nine feet deep, holds six captives—two {@creature drow} and four shield dwarf {@creature Commoner||commoners}. These unfortunates were separated from larger groups (see ""{@area Random Encounters|42d|x}"" earlier in this chapter) and captured by the troglodytes. Every couple of days, one of them is eaten by the tribe. The captives are filthy and weak; each has four levels of {@condition exhaustion} and 1 hit point remaining. Any of the captives can explain the nature of the conflict between H'slaat and S'slaar. If freed, the drow immediately flee into the Underdark, but the dwarves offer to join the expeditionary force if the adventurers liberate them. The drow are male members of House Melarn and are named Rinil and Xol. The shield dwarves hail from the Silver Marches and are named Dauthorn Brightmantle (male), Traldak Xornbane (male), Zulia Stonewhisper (female), and Hargritt Hammerhome (female).",Zulia Stonewhisper
Zurkhwood,祖克木,project-proposed,matching-English-source-string-only,OotA,11,data/0/entries/9/entries/5/entries/1/entries/0,59,"Stone steps lead from the watch post to a 1-foot-thick platform of zurkhwood (see ""{@adventure Fungi of the Underdark|OotA|0|Fungi of the Underdark}"" earlier in chapter 2) extending between two of the hanging towers and into three adjoining caverns.",Zurkhwood;扎克木
Zurkhwoods,祖爾克森林,draft-heading-proposed,heading-only,OotA,84,data/4/entries/4/entries/4/entries/3/entries/0/rows/10/1,11,{@dice 1d4} {@creature Awakened Zurkhwood|OotA|awakened zurkhwoods}* (see {@adventure appendix C|OotA|19}),祖爾克森林
bigwigs,巨冠菇,project-proposed,matching-English-source-string-only,OotA,67,data/3/entries/15/entries/4/entries/0,6,"The Whorlstone Tunnels are home to two unique kinds of {@i faerzress}-suffused mushrooms: bigwigs and pygmyworts. Any character who studies these mushrooms can identify their magical effects with a successful {@dc 15} Intelligence ({@skill Nature}) check, an {@spell identify} spell, or by trial and error. A single nibble of a mushroom alters a character's size by a few inches for 5 minutes, so characters foraging for food might discover the mushrooms' magic by accident. The size-altering effects of eating multiple bigwigs or pygmyworts aren't cumulative, although their durations are. These mushrooms lose their properties if they are taken outside the Whorlstone Tunnels for 1 hour or more.",bigwigs;大鬍子菌;大人物蘑菇;大蘑菇;重要人物;大頭
calassabrak,卡拉薩布拉克,project-proposed,matching-English-source-string-only,OotA,55,data/3/entries/4/entries/9/entries/11/entries/1,4,"The Empty-Scabbard Killers are {@creature Duergar Soulblade|MTF|duergar soulblades} (see {@adventure appendix C|OotA|19}) who roam the streets of Gracklstugh searching for psionically gifted children to abduct and train. They also keep an eye out for worthy {@i calassabrak} (see below), offering them a chance to join a new community from which they can strike back at those who cast them out.",calassabrak
chaotic good,混亂善良,project-proposed,matching-English-source-string-only,OotA,32,data/1/entries/13/entries/3/entries/2/entries/1,2,"Fargas Rumblefoot was a member of an adventuring band looking for a long-lost tomb when they were attacked by a pack of mad gnolls. Fargas escaped, got lost in the Silken Paths, and was attacked by the spiders. If rescued, he promises to show the characters the way to the tomb in exchange for a share of its treasures (see ""{@area Lost Tomb of Khaem|0d9|x}"" later in this chapter). Fargas is a chaotic good halfling {@creature spy}. In addition to his armor and weapons, he carries a {@item potion of invisibility}.",chaotic good
derro,迪洛矮人,project-proposed,matching-English-source-string-only,OotA,5,data/0/entries/7/entries/3/entries/1/entries/0/rows/0/1,121,Talkative and cunning derro,derro;德羅;德洛爾;德魯;德羅爾;德洛
driftglobes,漂浮光球,project-proposed,matching-English-source-string-only,OotA,121,data/7/entries/2/entries/6/entries/1/entries/0,2,"In the upper levels and around the Iron Tabernacle and Vault of Kings, Gauntlgrym is brightly lit. {@i Driftglobes}, phosphorescent fungi, and huge braziers and troughs of burning coals fill most hallways and chambers. Lights in many parts of the city are dimmed somewhat during the nighttime hours, so that its residents can mark the passage of time on the surface world. In the lower reaches, around the Great Forge, light isn't as ubiquitous. Farther down, and in parts of the city yet to be reclaimed from the ruins of the past, there is no light other than whatever visitors bring with them.",driftglobes
drow,卓爾,project-proposed,matching-English-source-string-only,OotA,4,data/0/name,925,Chapter 1: Prisoners of the Drow,drow;黑暗精靈;卓爾精靈;地底精靈;暗精靈
duergar,灰矮人,project-proposed,matching-English-source-string-only,OotA,6,data/0/entries/7/entries/3/entries/4/entries/0,302,"A female shield dwarf {@creature scout} from Gauntlgrym, Eldeth is high spirited and proud of both her heritage and her people's achievement in reclaiming the ancient dwarven kingdom; she suggests Gauntlgrym as a destination to escape from the Underdark. Eldeth is stubborn and hates the drow and all other ""corrupt dark dwellers"" such as the derro and duergar.",duergar;灰矮人爾;杜加矮人;杜爾加矮人;杜爾加人
ettins,雙頭巨人,project-proposed,matching-English-source-string-only,OotA,167,data/12/entries/2/entries/3/entries/2/entries/0/rows/4/1,3,{@dice 1d6} {@creature Ettin||ettins},ettins
faerzress,妖光,project-proposed,matching-English-source-string-only,OotA,20,data/1/entries/3/entries/3/entries/2/entries/0,77,"Roll a {@dice d6} to determine how an encounter area is illuminated. On a roll of 1–3, the area is dimly lit by the phosphorescent moss and lichen common in the Underdark, or by {@i faerzress} (see ""{@area Faerzress|05f|x}""). On a roll of 4–6, the area is dark except for whatever light sources the characters might have.",faerzress;法爾茲瑞斯;費爾茲瑞斯
lawful evil,守序邪惡,project-proposed,matching-English-source-string-only,OotA,82,data/3/entries/17/entries/4/entries/5/items/0,2,Horgar is lawful evil.,lawful evil
myconid,菌人,project-proposed,matching-English-source-string-only,OotA,5,data/0/entries/7/entries/3/entries/1/entries/0/rows/7/1,91,Myconid sprout,myconid;麥康尼德;麥康尼人;蘑菇族;菌類人;蕈人;菌類生物;真菌族群
myconids,菌人,project-proposed,matching-English-source-string-only,OotA,7,data/0/entries/7/entries/3/entries/7/entries/1,129,"Unknown even to the other drow, Sarith is infected with tainted spores from myconids corrupted by Zuggtmoy, the Demon Queen of Fungi. The initial infestation of the spores caused Sarith's bout of madness, and his health and sanity continue to deteriorate as the spores grow within his brain.",myconids;麥康尼德;麥康尼人;蘑菇族;菌類人;蕈人;菌類居民;菌類生物;蘑菇人;菌類們
nothics,諾斯怪,project-proposed,matching-English-source-string-only,OotA,84,data/4/entries/4/entries/4/entries/1/entries/0/rows/2/1,3,{@dice 1d4} {@creature Nothic||nothics},nothics;諾斯人;諾斯異怪
otyughs,食腐獸,project-proposed,matching-English-source-string-only,OotA,211,data/15/entries/5/entries/3/entries/2,2,"Two fungal creatures resembling {@creature Otyugh||otyughs} rise up and attack the characters. Created by Araumycos to perfectly duplicate the abilities, traits, and actions of otyughs, these creatures are plants rather than aberrations. They attack until slain, whereupon each bursts into a cloud of sweet-smelling spores as its body dissolves back into the larger mass of fungi filling the cavern.",otyughs
quaggoth,幽邃熊怪,project-proposed,matching-English-source-string-only,OotA,5,data/0/entries/7/entries/3/entries/1/entries/0/rows/1/1,54,Quaggoth who claims to be a cursed elf prince,quaggoth;誇格米;誇格特
quaggoths,幽邃熊怪,project-proposed,matching-English-source-string-only,OotA,8,data/0/entries/7/entries/4/entries/3/items/0,25,"There are nineteen drow at the outpost, including Ilvara, Shoor, and Jorlan, as well as another priestess named Asha. There are also a dozen quaggoths and a number of giant spiders.",quaggoths;誇格米
rothé,洛斯獸,existing-site,matching-English-source-string-only,OotA,63,data/3/entries/9/entries/11/entries/0,5,"A broken stalagmite juts out from the Darklake about forty feet from the shore, forming the foundation of a tavern built with fungi stalks in a manner similar to a log cabin. A bridge woven of rothé wool allows patrons to cross the water to visit.",rothé
shilmaer,希爾梅爾,project-proposed,matching-English-source-string-only,OotA,81,data/3/entries/15/entries/7/entries/15/entries/8/entries/0,1,"The {@creature derro savant|OotA} carries a single gold coin, a stick of charcoal, and a battered notebook with pages made from trillimac (see ""{@area Fungi of the Underdark|067|x}"" in chapter 2). The coin is a shilmaer, an ancient gold coin traded among surface elves. The notebook contains Dwarvish writing, specifically a long list of random items, mostly coins and jewelry. There are no dates, but some entries appear in different handwriting. The last entry describes the ""miraculous"" appearance of the gold coin.",shilmaer
shriekers,尖叫菌,project-proposed,matching-English-source-string-only,OotA,28,data/1/entries/10/entries/4/entries/6/entries/1/rows/1/1,6,{@dice 1d4} {@creature Shrieker||shriekers},shriekers
svirfneblin,地底侏儒,project-proposed,matching-English-source-string-only,OotA,8,data/0/entries/7/entries/3/entries/10/entries/0,200,"Twin deep gnomes, {@creature Topsy|OotA} and her brother {@creature Turvy|OotA} are originally from Blingdenstone in the Underdark. They were captured by the drow while out gathering mushrooms in the tunnels near their home. Like most other svirfneblin, {@creature Topsy|OotA} has a stringy mop of hair while {@creature Turvy|OotA} only has a few tufts of hair atop his otherwise bald head. {@creature Topsy|OotA} is by far the more social of the two. {@creature Turvy|OotA} constantly mumbles and mutters darkly, with {@creature Topsy|OotA} repeating or translating what her brother says.",svirfneblin;深地侏儒;深侏儒;深斯涅布力;斯涅布力人;斯涅布力;斯維爾弗布林;斯涅布林;斯維爾夫涅布林;斯涅布利;斯里布涅布林;斯芬克格布林;斯維爾夫奈布林;斯維爾弗布洛布林
trillimac,褶扇菇,project-proposed,matching-English-source-string-only,OotA,22,data/1/entries/7/entries/2/entries/5/name,10,Trillimac,trillimac;特里米拉克;三葉樹;三葉草帽
wererats,鼠人,project-proposed,matching-English-source-string-only,OotA,8,data/0/entries/7/entries/3/entries/10/entries/1,35,"{@creature Topsy|OotA} and {@creature Turvy|OotA} hide the fact that they are {@creature Wererat||wererats}. Infected with the curse of lycanthropy, neither deep gnome has entirely embraced it yet, and they struggle to control their wererat instincts and urges. They are fearful of what potential allies might do if they learn the truth, and are looking out for each other and their own survival. With their transformations controlled by the unseen cycle of the moon, you can use the twins' impending change as a wild card in the adventure. They've been prisoners for less than a month, meaning the full moon is coming.",wererats;地精鼠人;狼鼠;狼人鼠;狼人
xarrorn,火矛戰士,project-proposed,matching-English-source-string-only,OotA,54,data/3/entries/4/entries/9/entries/6/entries/4/name,5,Xarrorn,xarrorn;夏隆人
