book,context,english,zh_tw,status
VNotEE,/data/0/name,Vecna: Nest of the Eldritch Eye,維克那：妖眼魔窟,project-proposed
VNotEE,/data/0/entries/3/name,Running the Adventure,運作冒險,project-proposed
VNotEE,/data/0/entries/4/name,Beginning the Adventure,開始冒險,project-proposed
VNotEE,/data/0/entries/5/name,Dead Man's Message,死者的訊息,project-proposed
VNotEE,/data/0/entries/5/entries/4/entries/0/entries/0/name,Investigators for Hire,僱來的調查員,project-proposed
VNotEE,/data/0/entries/5/entries/4/entries/0/entries/1/name,Rendezvous Gone Wrong,接頭失敗,project-proposed
VNotEE,/data/0/entries/5/entries/4/entries/0/entries/2/name,What She Knows,她知道什麼,project-proposed
VNotEE,/data/0/entries/5/entries/5/name,Investigating the Eyeball,調查眼球,project-proposed
VNotEE,/data/0/entries/6/name,Into Neverwinter's Catacombs,進入無冬城地下墓穴,project-proposed
VNotEE,/data/0/entries/6/entries/4/name,Area Features,區域特徵,project-proposed
VNotEE,/data/0/entries/6/entries/4/entries/1/items/0/name,Ceilings,天花板,existing-site
VNotEE,/data/0/entries/6/entries/4/entries/1/items/1/name,Eyeball Compass,眼球指南針,project-proposed
VNotEE,/data/0/entries/6/entries/4/entries/1/items/2/name,Light,光線,existing-site
VNotEE,/data/0/entries/6/entries/4/entries/1/items/3/name,Walls and Floors,牆壁和地板,project-proposed
VNotEE,/data/0/entries/6/entries/5/name,Area Locations,區域地點,project-proposed
VNotEE,/data/0/entries/6/entries/5/entries/2/name,N1: Entrance Tunnel,N1: 入口隧道,project-proposed
VNotEE,/data/0/entries/6/entries/5/entries/3/name,N2: Half-Collapsed Chamber,N2: 半毀的房間,project-proposed
VNotEE,/data/0/entries/6/entries/5/entries/3/entries/2/name,Making a Skiff,製作木筏,project-proposed
VNotEE,/data/0/entries/6/entries/5/entries/4/name,N3: Flooded Tunnel,N3: 被淹沒的隧道,project-proposed
VNotEE,/data/0/entries/6/entries/5/entries/4/entries/1/name,Water Weird,水詭,existing-site
VNotEE,/data/0/entries/6/entries/5/entries/5/name,N4: Cinerary Rotunda,N4: 圓頂骨灰堂,project-proposed
VNotEE,/data/0/entries/6/entries/5/entries/5/entries/2/name,Discovering the Ghost's Identity,揭露幽魂的身份,project-proposed
VNotEE,/data/0/entries/6/entries/5/entries/5/entries/3/name,What the Ghost Knows,幽魂知道什麼,project-proposed
VNotEE,/data/0/entries/6/entries/5/entries/5/entries/3/entries/1/items/0/name,Catacomb Invaders,地下墓穴入侵者,project-proposed
VNotEE,/data/0/entries/6/entries/5/entries/5/entries/3/entries/1/items/1/name,Delvin,戴爾文,project-proposed
VNotEE,/data/0/entries/6/entries/5/entries/5/entries/3/entries/1/items/2/name,Zombie Infestation,殭屍侵擾,project-proposed
VNotEE,/data/0/entries/6/entries/5/entries/6/name,N5: Tomb of the Mage,N5: 魔法師之墓,project-proposed
VNotEE,/data/0/entries/6/entries/5/entries/6/entries/2/name,Discovering the Ghost's Identity,揭露幽魂的身份,project-proposed
VNotEE,/data/0/entries/6/entries/5/entries/6/entries/2/entries/1/items/0/name,Golden Locket,黃金吊墜,project-proposed
VNotEE,/data/0/entries/6/entries/5/entries/6/entries/2/entries/1/items/1/name,Relief Details,浮雕細節,project-proposed
VNotEE,/data/0/entries/6/entries/5/entries/6/entries/3/name,Treasure,寶藏,existing-site
VNotEE,/data/0/entries/6/entries/5/entries/7/name,N6: Tomb of the Knight,N6: 騎士之墓,project-proposed
VNotEE,/data/0/entries/6/entries/5/entries/7/entries/2/name,Discovering the Ghost's Identity,揭露幽魂的身份,project-proposed
VNotEE,/data/0/entries/6/entries/5/entries/7/entries/2/entries/1/items/0/name,Family Crest,家族紋章,project-proposed
VNotEE,/data/0/entries/6/entries/5/entries/7/entries/2/entries/1/items/1/name,Relief Details,浮雕細節,project-proposed
VNotEE,/data/0/entries/6/entries/5/entries/7/entries/3/name,Treasure,寶藏,existing-site
VNotEE,/data/0/entries/6/entries/5/entries/7/entries/4/name,Secret Passage,秘密通道,project-proposed
VNotEE,/data/0/entries/6/entries/5/entries/8/name,N7: Crawlspace,N7: 爬行空間,project-proposed
VNotEE,/data/0/entries/6/entries/5/entries/8/entries/1/name,Disturbed Rubble,碎石坍塌,project-proposed
VNotEE,/data/0/entries/6/entries/5/entries/9/name,N8: Forked Tunnel,N8: 岔道,project-proposed
VNotEE,/data/0/entries/6/entries/5/entries/10/name,N9: Sewerage Chamber,N9: 下水道房間,project-proposed
VNotEE,/data/0/entries/6/entries/5/entries/11/name,N10: Crypt of the Silenced Singers,N10: 寂靜歌者的墓室,project-proposed
VNotEE,/data/0/entries/6/entries/5/entries/11/entries/2/name,Shrine to Oghma,歐格瑪的神龕,project-proposed
VNotEE,/data/0/entries/6/entries/5/entries/12/name,N11: Door of the Eldritch Eye,N11: 妖眼之門,project-proposed
VNotEE,/data/0/entries/6/entries/5/entries/13/name,N12: Hall of the Whispered One,N12: 耳語者的廳堂,project-proposed
VNotEE,/data/0/entries/6/entries/5/entries/14/name,N13: Cultist Quarters,N13: 邪教徒的宿舍,project-proposed
VNotEE,/data/0/entries/6/entries/5/entries/14/entries/3/name,Being Sneaky,悄無聲息,project-proposed
VNotEE,/data/0/entries/6/entries/5/entries/14/entries/4/name,Interrogating the Cultists,審問邪教徒,project-proposed
VNotEE,/data/0/entries/6/entries/5/entries/14/entries/4/entries/1/items/0/name,Cult Leader,邪教頭目,project-proposed
VNotEE,/data/0/entries/6/entries/5/entries/14/entries/4/entries/1/items/1/name,Cult Worship,邪教的信仰,project-proposed
VNotEE,/data/0/entries/6/entries/5/entries/14/entries/4/entries/1/items/2/name,Delvin's Fate,戴爾文的命運,project-proposed
VNotEE,/data/0/entries/6/entries/5/entries/14/entries/5/name,Treasure,寶藏,existing-site
VNotEE,/data/0/entries/6/entries/5/entries/15/name,N14: Eldritch Library,N14: 詭秘書屋,project-proposed
VNotEE,/data/0/entries/6/entries/5/entries/15/entries/2/items/0/name,Cult Experiments,邪教的實驗,project-proposed
VNotEE,/data/0/entries/6/entries/5/entries/15/entries/2/items/1/name,Others?,別的呢？,project-proposed
VNotEE,/data/0/entries/6/entries/5/entries/15/entries/3/name,Trapped Lockbox,陷阱與鎖盒,project-proposed
VNotEE,/data/0/entries/6/entries/5/entries/16/name,N15: Ritual Chamber,N15: 儀式廳,project-proposed
VNotEE,/data/0/entries/6/entries/5/entries/16/entries/4/name,Vecna Appears,維克那登場,project-proposed
VNotEE,/data/0/entries/6/entries/6/name,Vecna's Supernatural Gifts,維克那的超自然贈禮,project-proposed
VNotEE,/data/0/entries/7/name,Concluding the Adventure,結束冒險,project-proposed
VNotEE,/data/0/entries/7/entries/1/name,Continuing the Campaign,繼續戰役,project-proposed
VNotEE,/data/0/entries/8/name,Credits,製作組,project-proposed
VNotEE,/data/0/entries/8/entries/0/entries/0/items/0/items/0/name,Lead Designer:,首席設計師：,project-proposed
VNotEE,/data/0/entries/8/entries/0/entries/0/items/0/items/1/name,Art Director:,藝術總監：,project-proposed
VNotEE,/data/0/entries/8/entries/0/entries/0/items/0/items/2/name,Designer:,設計師：,project-proposed
VNotEE,/data/0/entries/8/entries/0/entries/0/items/0/items/3/name,Rules Developer:,規則開發：,project-proposed
VNotEE,/data/0/entries/8/entries/0/entries/0/items/0/items/4/name,Editors:,編輯：,project-proposed
VNotEE,/data/0/entries/8/entries/0/entries/0/items/0/items/5/name,Graphic Designer:,平面設計師：,project-proposed
VNotEE,/data/0/entries/8/entries/0/entries/0/items/0/items/6/name,Cover Illustrator:,封面插畫師：,project-proposed
VNotEE,/data/0/entries/8/entries/0/entries/0/items/0/items/7/name,Cartographer:,地圖作者：,project-proposed
VNotEE,/data/0/entries/8/entries/0/entries/0/items/0/items/8/name,Illustrator:,插畫師：,project-proposed
VNotEE,/data/0/entries/8/entries/0/entries/0/items/0/items/9/name,Consultants:,顧問：,project-proposed
VNotEE,/data/0/entries/8/entries/0/entries/0/items/0/items/10/name,Game Architects:,遊戲設計師：,project-proposed
VNotEE,/data/0/entries/8/entries/0/entries/0/items/0/items/11/name,Studio Art Director:,工作室藝術總監：,project-proposed
VNotEE,/data/0/entries/8/entries/0/entries/0/items/0/items/12/name,Senior Producer:,總出品人：,project-proposed
VNotEE,/data/0/entries/8/entries/0/entries/0/items/0/items/13/name,Producer:,出品人：,project-proposed
VNotEE,/data/0/entries/8/entries/0/entries/0/items/0/items/14/name,Product Manager:,產品經理：,project-proposed
VNotEE,/data/0/entries/8/entries/0/entries/0/items/1/name,D&D Beyond,D&D Beyond,project-proposed
VNotEE,/data/0/entries/8/entries/0/entries/0/items/1/entries/0/items/0/name,Product Manager,產品經理,project-proposed
VNotEE,/data/0/entries/8/entries/0/entries/0/items/1/entries/0/items/1/name,Digital Design Team,數字設計團隊,project-proposed
VEoR,/data/0/name,Introduction: Danger to the Multiverse,介紹：對多元宇宙的威脅,project-proposed
VEoR,/data/0/entries/5/name,Existence in Peril,存在受到威脅,project-proposed
VEoR,/data/0/entries/5/entries/1/name,The Ritual of Remaking,重塑儀式,project-proposed
VEoR,/data/0/entries/6/name,Vecna's History,維克那的歷史,project-proposed
VEoR,/data/0/entries/6/entries/2/name,Kas and Vecna,凱斯和維克那,project-proposed
VEoR,/data/0/entries/7/name,Kas's Plan,凱斯的計劃,project-proposed
VEoR,/data/0/entries/7/entries/3/name,Domain of Dread Parolee,恐懼領域：假釋者之域,project-proposed
VEoR,/data/0/entries/7/entries/4/name,The Wizards Three,三巫師,project-proposed
VEoR,/data/0/entries/7/entries/4/entries/6/name,Kas's Sword,凱斯之劍,project-proposed
VEoR,/data/0/entries/7/entries/5/name,Confronting Vecna,面對維克那,project-proposed
VEoR,/data/0/entries/7/entries/5/entries/1/name,The Rod's Pieces,魔杖的碎片,project-proposed
VEoR,/data/0/entries/8/name,Adventure Summary,冒險摘要,project-proposed
VEoR,/data/0/entries/8/entries/1/items/0/name,Discovering Vecna's Activity,發現維克那的活動,project-proposed
VEoR,/data/0/entries/8/entries/1/items/1/name,Seeking the Rod,尋找法杖,project-proposed
VEoR,/data/0/entries/8/entries/1/items/2/name,Stopping the Ritual of Remaking,阻止重塑儀式,project-proposed
VEoR,/data/0/entries/8/entries/2/name,Chapter 1 Summary,第一章摘要,project-proposed
VEoR,/data/0/entries/8/entries/3/name,Chapter 2 Summary,第二章摘要,project-proposed
VEoR,/data/0/entries/8/entries/4/name,Chapter 3 Summary,第三章摘要,project-proposed
VEoR,/data/0/entries/8/entries/5/name,Chapter 4 Summary,第四章摘要,project-proposed
VEoR,/data/0/entries/8/entries/6/name,Chapter 5 Summary,第五章摘要,project-proposed
VEoR,/data/0/entries/8/entries/7/name,Chapter 6 Summary,第六章摘要,project-proposed
VEoR,/data/0/entries/8/entries/8/name,Chapter 7 Summary,第七章摘要,project-proposed
VEoR,/data/0/entries/8/entries/9/name,Chapter 8 Summary,第八章摘要,project-proposed
VEoR,/data/0/entries/8/entries/10/name,Chapter 9 Summary,第9章摘要,project-proposed
VEoR,/data/0/entries/8/entries/11/name,Chapter 10 Summary,第10章概要,project-proposed
VEoR,/data/0/entries/8/entries/12/name,Chapter 11 Summary,第11章概要,project-proposed
VEoR,/data/0/entries/9/name,Running the Adventure,運作冒險,project-proposed
VEoR,/data/0/entries/9/entries/6/name,Using the Maps,使用地圖,project-proposed
VEoR,/data/0/entries/9/entries/6/entries/1/name,Interior Maps,內頁地圖,project-proposed
VEoR,/data/0/entries/9/entries/7/name,Nondeadly Resolutions,非致命解決方式,project-proposed
VEoR,/data/0/entries/10/name,Character Creation,建立角色,project-proposed
VEoR,/data/0/entries/10/entries/1/name,Existing Characters,現有角色,project-proposed
VEoR,/data/0/entries/10/entries/2/name,New Characters,新角色,project-proposed
VEoR,/data/0/entries/11/name,The Power of Secrets,秘密的力量,project-proposed
VEoR,/data/0/entries/11/entries/3/name,Learning Secrets,學習秘密,project-proposed
VEoR,/data/0/entries/11/entries/3/entries/1/name,Revealing Secrets,揭示秘密,project-proposed
VEoR,/data/0/entries/11/entries/3/entries/2/name,Keeping Secrets,保守秘密,project-proposed
VEoR,/data/0/entries/11/entries/4/name,Linked to Vecna,與維克那相連,project-proposed
VEoR,/data/0/entries/12/name,Challenge Ratings,挑戰等級,project-proposed
VEoR,/data/1/name,Chapter 1: Return from Neverdeath Graveyard,第1章：從無冬墓園歸來,project-proposed
VEoR,/data/1/entries/4/name,Running This Chapter,運作本章,project-proposed
VEoR,/data/1/entries/4/entries/1/name,Character Advancement,角色升級,existing-site
VEoR,/data/1/entries/4/entries/2/name,Power of Secrets,秘密的力量,project-proposed
VEoR,/data/1/entries/4/entries/2/entries/1/items/0/name,Indrina's Secret,因德里娜的秘密,project-proposed
VEoR,/data/1/entries/4/entries/2/entries/1/items/1/name,Sarcelle's Secret,薩塞勒的秘密,project-proposed
VEoR,/data/1/entries/4/entries/2/entries/1/items/2/name,Umberto's Secret,翁貝托的秘密,project-proposed
VEoR,/data/1/entries/4/entries/3/name,Lower-Level and Higher-Level Characters,低等級和高等級角色,project-proposed
VEoR,/data/1/entries/5/name,Getting Started,開始,project-proposed
VEoR,/data/1/entries/5/entries/11/name,Neverdeath Graveyard,無冬墓園,project-proposed
VEoR,/data/1/entries/6/name,In the Graveyard,在墓地,project-proposed
VEoR,/data/1/entries/6/entries/1/name,General Features,通用特徵,project-proposed
VEoR,/data/1/entries/6/entries/1/entries/1/name,Broken Stone,殘破石,project-proposed
VEoR,/data/1/entries/6/entries/1/entries/2/name,Ceilings,天花板,existing-site
VEoR,/data/1/entries/6/entries/1/entries/3/name,Doors,門,existing-site
VEoR,/data/1/entries/6/entries/1/entries/4/name,Lighting,光照,existing-site
VEoR,/data/1/entries/6/entries/1/entries/5/name,Vestiges of the Waterclock Guild,水鍾公會的遺蹟,project-proposed
VEoR,/data/1/entries/6/entries/2/name,Neverdeath Catacomb Locations,無冬墓園地下墓穴位置,project-proposed
VEoR,/data/1/entries/6/entries/2/entries/2/name,C1: Hallix Mausoleum,C1: 哈利克斯陵墓,project-proposed
VEoR,/data/1/entries/6/entries/2/entries/2/entries/3/name,Noisy Investigations,嘈雜的調查,project-proposed
VEoR,/data/1/entries/6/entries/2/entries/3/name,C2: Lower Mausoleum,C2: 下層陵墓,project-proposed
VEoR,/data/1/entries/6/entries/2/entries/3/entries/4/name,Secret Door,暗門,project-proposed
VEoR,/data/1/entries/6/entries/2/entries/3/entries/5/name,Treasure,寶藏,existing-site
VEoR,/data/1/entries/6/entries/2/entries/4/name,C3: Uneven Chamber,C3: 不均勻的房間,project-proposed
VEoR,/data/1/entries/6/entries/2/entries/5/name,C4: Trapped Grate,C4: 困住的格柵,project-proposed
VEoR,/data/1/entries/6/entries/2/entries/5/entries/3/name,Grate Trap,格柵陷阱,project-proposed
VEoR,/data/1/entries/6/entries/2/entries/5/entries/4/name,Notes,備註,project-proposed
VEoR,/data/1/entries/6/entries/2/entries/5/entries/5/name,Treasure,寶藏,existing-site
VEoR,/data/1/entries/6/entries/2/entries/6/name,C5: Sarcelle's Cell,C5: 薩塞勒的牢房,project-proposed
VEoR,/data/1/entries/6/entries/2/entries/6/entries/6/name,Sarcelle's Secret,薩塞勒的秘密,project-proposed
VEoR,/data/1/entries/6/entries/2/entries/7/name,C6: Supply Room,C6: 補給室,project-proposed
VEoR,/data/1/entries/6/entries/2/entries/7/entries/2/name,Treasure,寶藏,existing-site
VEoR,/data/1/entries/6/entries/2/entries/8/name,C7: Fountain Room,C7: 噴泉室,project-proposed
VEoR,/data/1/entries/6/entries/2/entries/8/entries/5/items/0/name,Cult Activity,邪教活動,project-proposed
VEoR,/data/1/entries/6/entries/2/entries/8/entries/5/items/1/name,Neighbor,鄰居,project-proposed
VEoR,/data/1/entries/6/entries/2/entries/8/entries/5/items/2/name,Prisoner,囚犯,existing-site
VEoR,/data/1/entries/6/entries/2/entries/8/entries/6/name,Treasure,寶藏,existing-site
VEoR,/data/1/entries/6/entries/2/entries/9/name,C8: East Pressure Room,C8: 東壓力室,project-proposed
VEoR,/data/1/entries/6/entries/2/entries/9/entries/3/name,Minimum Pressure,最小壓力,project-proposed
VEoR,/data/1/entries/6/entries/2/entries/9/entries/4/name,Maximum Pressure,最大壓力,project-proposed
VEoR,/data/1/entries/6/entries/2/entries/10/name,C9: Clockwork Alcove,C9: 發條壁龕,project-proposed
VEoR,/data/1/entries/6/entries/2/entries/10/entries/2/name,Secret Door,暗門,project-proposed
VEoR,/data/1/entries/6/entries/2/entries/11/name,C10: Improvised Workshop,C10: 臨時工作室,project-proposed
VEoR,/data/1/entries/6/entries/2/entries/11/entries/4/name,Shanzezim's Lore,珊澤辛的傳說,project-proposed
VEoR,/data/1/entries/6/entries/2/entries/11/entries/4/entries/1/items/0/name,Clock Assembly,鐘錶組裝,project-proposed
VEoR,/data/1/entries/6/entries/2/entries/11/entries/4/entries/1/items/1/name,Cult Activity,邪教活動,project-proposed
VEoR,/data/1/entries/6/entries/2/entries/11/entries/4/entries/1/items/2/name,Pipe System,管道系統,project-proposed
VEoR,/data/1/entries/6/entries/2/entries/11/entries/4/entries/1/items/3/name,Waterclock Guild,水鍾公會,project-proposed
VEoR,/data/1/entries/6/entries/2/entries/11/entries/5/name,Beyond the Rubble,瓦礫之外,project-proposed
VEoR,/data/1/entries/6/entries/2/entries/11/entries/6/name,Treasure,寶藏,existing-site
VEoR,/data/1/entries/6/entries/2/entries/12/name,C11: Umberto's Cell,C11: 翁貝托的牢房,project-proposed
VEoR,/data/1/entries/6/entries/2/entries/12/entries/4/name,Umberto's Secret,翁貝托的秘密,project-proposed
VEoR,/data/1/entries/6/entries/2/entries/13/name,C12: West Pressure Room,C12: 西側壓力室,project-proposed
VEoR,/data/1/entries/6/entries/2/entries/13/entries/2/name,Minimum Pressure,最小壓力,project-proposed
VEoR,/data/1/entries/6/entries/2/entries/13/entries/3/name,Maximum Pressure,最大壓力,project-proposed
VEoR,/data/1/entries/6/entries/2/entries/14/name,C13: Wall Crossing,C13: 牆壁穿越,project-proposed
VEoR,/data/1/entries/6/entries/2/entries/15/name,C14: Common Room,C14: 公共休息室,project-proposed
VEoR,/data/1/entries/6/entries/2/entries/15/entries/3/name,A Noisy Fight,一場喧鬧的戰鬥,project-proposed
VEoR,/data/1/entries/6/entries/2/entries/15/entries/4/name,Unholy Basin,不潔之盆,project-proposed
VEoR,/data/1/entries/6/entries/2/entries/16/name,C15: Kitchen,C15: 廚房,project-proposed
VEoR,/data/1/entries/6/entries/2/entries/17/name,C16: Subleader Quarters,C16: 副領導宿舍,project-proposed
VEoR,/data/1/entries/6/entries/2/entries/17/entries/3/name,Secret Door,暗門,project-proposed
VEoR,/data/1/entries/6/entries/2/entries/18/name,C17: Library,C17: 圖書館,project-proposed
VEoR,/data/1/entries/6/entries/2/entries/18/entries/5/name,Secret Door,暗門,project-proposed
VEoR,/data/1/entries/6/entries/2/entries/18/entries/6/name,Treasure,寶藏,existing-site
VEoR,/data/1/entries/6/entries/2/entries/19/name,C18: Vacant Cell,C18: 空置牢房,project-proposed
VEoR,/data/1/entries/6/entries/2/entries/19/entries/3/name,Eldon's Notebook,埃爾登的筆記本,project-proposed
VEoR,/data/1/entries/6/entries/2/entries/20/name,C19: Demon Lair,C19: 惡魔巢穴,project-proposed
VEoR,/data/1/entries/6/entries/2/entries/20/entries/2/name,Secret Door,暗門,project-proposed
VEoR,/data/1/entries/6/entries/2/entries/21/name,C20: Indrina's Cell,C20: 因德里娜的牢房,project-proposed
VEoR,/data/1/entries/6/entries/2/entries/21/entries/4/name,Secret Door,暗門,project-proposed
VEoR,/data/1/entries/6/entries/2/entries/21/entries/5/name,Indrina's Secret,因德里娜的秘密,project-proposed
VEoR,/data/1/entries/6/entries/2/entries/22/name,C21: Haunted Room,C21: 鬧鬼的房間,project-proposed
VEoR,/data/1/entries/6/entries/2/entries/23/name,C22: Latrine,C22: 廁所,project-proposed
VEoR,/data/1/entries/6/entries/2/entries/23/entries/1/name,Secret Door,暗門,project-proposed
VEoR,/data/1/entries/6/entries/2/entries/24/name,C23: Corridor,C23: 走廊,project-proposed
VEoR,/data/1/entries/6/entries/2/entries/24/entries/2/name,Made an Example,樹立了榜樣,project-proposed
VEoR,/data/1/entries/6/entries/2/entries/25/name,C24: Empty Crypts,C24: 空墓穴,project-proposed
VEoR,/data/1/entries/6/entries/2/entries/26/name,C25: Leader's Room,C25: 領袖的房間,project-proposed
VEoR,/data/1/entries/6/entries/2/entries/26/entries/5/name,Jerot's Papers,傑羅特的檔案,project-proposed
VEoR,/data/1/entries/6/entries/2/entries/26/entries/6/name,Secret Door,暗門,project-proposed
VEoR,/data/1/entries/6/entries/2/entries/27/name,C26: Sacrifice Gallery,C26: 獻祭畫廊,project-proposed
VEoR,/data/1/entries/6/entries/2/entries/27/entries/5/name,The Cage,籠子,project-proposed
VEoR,/data/1/entries/6/entries/2/entries/28/name,Fight's End,戰鬥的結束,project-proposed
VEoR,/data/1/entries/7/name,Escaping Evernight,逃離永夜城,project-proposed
VEoR,/data/1/entries/7/entries/3/name,Link to Vecna,與維克那的連結,project-proposed
VEoR,/data/1/entries/7/entries/3/entries/1/entries/0/name,Vecna's Link,維克那的連結,project-proposed
VEoR,/data/1/entries/7/entries/4/name,Evernight,永夜城,project-proposed
VEoR,/data/1/entries/7/entries/5/name,Evernight Awakening,永夜城覺醒,project-proposed
VEoR,/data/1/entries/7/entries/5/entries/3/entries/0/name,Eldon's Latest Imprisonment,埃爾登的最新囚禁,project-proposed
VEoR,/data/1/entries/7/entries/5/entries/3/entries/1/name,Eldon's Notebook,埃爾登的筆記本,project-proposed
VEoR,/data/1/entries/7/entries/6/name,The Corpse Market,屍體市場,project-proposed
VEoR,/data/1/entries/7/entries/6/entries/2/name,The Market's Goods,市場的商品,project-proposed
VEoR,/data/1/entries/7/entries/6/entries/3/name,Market Clientele,市場顧客,project-proposed
VEoR,/data/1/entries/7/entries/6/entries/4/name,Meeting Sangora,遇見桑戈拉,project-proposed
VEoR,/data/1/entries/7/entries/6/entries/4/entries/7/items/0/name,Evernight,永夜城,project-proposed
VEoR,/data/1/entries/7/entries/6/entries/4/entries/7/items/1/name,Neverwinter,無冬城,project-proposed
VEoR,/data/1/entries/7/entries/6/entries/4/entries/7/items/2/name,Crevices of Dusk,黃昏的裂縫,project-proposed
VEoR,/data/1/entries/7/entries/6/entries/4/entries/7/items/3/name,Stable Crevice of Dusk,穩定的黃昏裂縫,project-proposed
VEoR,/data/1/entries/7/entries/6/entries/4/entries/7/items/4/name,Dolindars,多林達爾,project-proposed
VEoR,/data/1/entries/8/name,Dolindar Tomb,多林達爾墓穴,project-proposed
VEoR,/data/1/entries/8/entries/1/name,General Features,通用特徵,project-proposed
VEoR,/data/1/entries/8/entries/1/entries/1/name,Unending Isolation,無盡的孤獨,project-proposed
VEoR,/data/1/entries/8/entries/1/entries/2/name,Stone Construction,石質結構,project-proposed
VEoR,/data/1/entries/8/entries/1/entries/3/name,Lighting,光照,existing-site
VEoR,/data/1/entries/8/entries/1/entries/4/name,Doors,門,existing-site
VEoR,/data/1/entries/8/entries/1/entries/5/name,Ceilings,天花板,existing-site
VEoR,/data/1/entries/8/entries/2/name,Dolindar Tomb Locations,多林達爾墓穴位置,project-proposed
VEoR,/data/1/entries/8/entries/2/entries/2/name,B1: Portico,B1: 門廊,project-proposed
VEoR,/data/1/entries/8/entries/2/entries/3/name,B2: Hall,B2: 大廳,project-proposed
VEoR,/data/1/entries/8/entries/2/entries/3/entries/5/name,Talking with Newmy,與紐米交談,project-proposed
VEoR,/data/1/entries/8/entries/2/entries/3/entries/5/entries/1/items/0/name,Crypt Cleaner,墓穴清潔工,project-proposed
VEoR,/data/1/entries/8/entries/2/entries/3/entries/5/entries/1/items/1/name,Lonely Family,孤獨的家族,project-proposed
VEoR,/data/1/entries/8/entries/2/entries/3/entries/5/entries/1/items/2/name,Puzzle Buttons,謎題按鈕,project-proposed
VEoR,/data/1/entries/8/entries/2/entries/3/entries/5/entries/1/items/3/name,Restless Dead,不眠亡者,project-proposed
VEoR,/data/1/entries/8/entries/2/entries/3/entries/6/name,Newmy's Room,紐米的房間,project-proposed
VEoR,/data/1/entries/8/entries/2/entries/4/name,B3: Lost Dolindars,B3: 迷失的多林達爾,project-proposed
VEoR,/data/1/entries/8/entries/2/entries/4/entries/2/name,Treasure,寶藏,existing-site
VEoR,/data/1/entries/8/entries/2/entries/5/name,B4: Vault,B4: 金庫,project-proposed
VEoR,/data/1/entries/8/entries/2/entries/5/entries/2/name,Treasure,寶藏,existing-site
VEoR,/data/1/entries/8/entries/2/entries/6/name,B5: Puzzle Door,B5: 謎題門,project-proposed
VEoR,/data/1/entries/8/entries/2/entries/7/name,B6: Matriarch's Chamber,B6: 女族長的房間,project-proposed
VEoR,/data/1/entries/8/entries/2/entries/7/entries/3/name,Blades,刀刃,existing-site
VEoR,/data/1/entries/8/entries/2/entries/7/entries/4/name,In the Coffin,在棺材裡,project-proposed
VEoR,/data/1/entries/8/entries/3/name,The Cult Scatters,邪教四散,project-proposed
VEoR,/data/1/entries/9/name,What's Next?,後續？,project-proposed
VEoR,/data/2/name,Chapter 2: The Wizards Three,第2章：三巫師,project-proposed
VEoR,/data/2/entries/2/name,Running This Chapter,運作本章,project-proposed
VEoR,/data/2/entries/2/entries/3/name,Character Advancement,角色升級,existing-site
VEoR,/data/2/entries/2/entries/4/name,Power of Secrets,秘密的力量,project-proposed
VEoR,/data/2/entries/2/entries/4/entries/1/items/0/name,Gertrude's Secret,格特魯德的秘密,project-proposed
VEoR,/data/2/entries/2/entries/4/entries/1/items/1/name,Mordenkainen's Secret,魔鄧肯的秘密,project-proposed
VEoR,/data/2/entries/2/entries/5/name,First Rod Piece,第一部分法杖,project-proposed
VEoR,/data/2/entries/3/name,After Neverdeath,無冬墓園事件之後,project-proposed
VEoR,/data/2/entries/3/entries/1/name,Vecna's Link,維克那的連結,project-proposed
VEoR,/data/2/entries/3/entries/2/name,During the Interim,在過渡期間,project-proposed
VEoR,/data/2/entries/4/name,Rise of the Lich-God,巫妖神的崛起,project-proposed
VEoR,/data/2/entries/4/entries/2/name,The Archmages' Desperation,大法師們的絕望,project-proposed
VEoR,/data/2/entries/5/name,The Sigil Sanctum,法印城聖所,project-proposed
VEoR,/data/2/entries/5/entries/2/name,Magic in the Sanctum,聖所中的魔法,project-proposed
VEoR,/data/2/entries/5/entries/2/entries/2/items/0/name,Banishment,放逐術,existing-site
VEoR,/data/2/entries/5/entries/2/entries/2/items/1/name,Extradimensional Space,異次元空間,project-proposed
VEoR,/data/2/entries/5/entries/2/entries/2/items/2/name,Planar Travel,位面旅行,project-proposed
VEoR,/data/2/entries/5/entries/2/entries/2/items/3/name,Summoning,召喚,project-proposed
VEoR,/data/2/entries/5/entries/2/entries/2/items/4/name,Teleportation,傳送,existing-site
VEoR,/data/2/entries/5/entries/2/entries/2/items/5/name,Teleportation Circles,傳送法陣,project-proposed
VEoR,/data/2/entries/5/entries/3/name,General Features,通用特徵,project-proposed
VEoR,/data/2/entries/5/entries/3/entries/1/name,Ceilings,天花板,existing-site
VEoR,/data/2/entries/5/entries/3/entries/2/name,Doors,門,existing-site
VEoR,/data/2/entries/5/entries/3/entries/3/name,Lighting,光照,existing-site
VEoR,/data/2/entries/5/entries/3/entries/4/name,Safe from Prying Eyes,免受窺探的安全,project-proposed
VEoR,/data/2/entries/5/entries/3/entries/5/name,Walls,牆壁,project-proposed
VEoR,/data/2/entries/5/entries/4/name,Sanctum Locations,聖所地點,project-proposed
VEoR,/data/2/entries/5/entries/4/entries/2/name,S1: Library,S1: 圖書館,project-proposed
VEoR,/data/2/entries/5/entries/4/entries/3/name,S2: Parlor,S2: 客廳,project-proposed
VEoR,/data/2/entries/5/entries/4/entries/3/entries/2/name,Dais,講臺,project-proposed
VEoR,/data/2/entries/5/entries/4/entries/3/entries/3/name,Garden,種植園,existing-site
VEoR,/data/2/entries/5/entries/4/entries/4/name,S3: Workspace,S3: 工作區,project-proposed
VEoR,/data/2/entries/5/entries/4/entries/4/entries/2/name,Curio Cabinets,古董櫃,project-proposed
VEoR,/data/2/entries/5/entries/4/entries/5/name,S4: Lounge,S4: 休息室,project-proposed
VEoR,/data/2/entries/5/entries/4/entries/6/name,S5–S8: Bedrooms,S5–S8: 臥室,project-proposed
VEoR,/data/2/entries/6/name,The Wizards Three,三巫師,project-proposed
VEoR,/data/2/entries/6/entries/1/name,Alustriel Silverhand,艾拉斯卓·銀手,existing-site
VEoR,/data/2/entries/6/entries/2/name,Mordenkainen,魔鄧肯,project-proposed
VEoR,/data/2/entries/6/entries/3/name,Tasha,塔莎,project-proposed
VEoR,/data/2/entries/7/name,Kas the Destroyer,毀滅者凱斯,project-proposed
VEoR,/data/2/entries/7/entries/1/name,Manipulation in Motion,操縱在行動,project-proposed
VEoR,/data/2/entries/7/entries/1/entries/3/name,Kas in the Sanctum,聖所中的凱斯,project-proposed
VEoR,/data/2/entries/7/entries/1/entries/4/name,Evidence of Deception,欺騙的證據,project-proposed
VEoR,/data/2/entries/7/entries/1/entries/4/entries/4/name,Mordenkainen's Secret,魔鄧肯的秘密,project-proposed
VEoR,/data/2/entries/7/entries/1/entries/5/name,If They Find Out?,如果他們發現了？,project-proposed
VEoR,/data/2/entries/7/entries/1/entries/5/entries/2/name,Kas Defeats the Characters,凱斯擊敗角色們,project-proposed
VEoR,/data/2/entries/7/entries/1/entries/5/entries/3/name,The Characters Defeat Kas,角色們擊敗凱斯,project-proposed
VEoR,/data/2/entries/8/name,Surprise Development,意外發展,project-proposed
VEoR,/data/2/entries/8/entries/3/name,Some Answers,一些答案,project-proposed
VEoR,/data/2/entries/8/entries/3/entries/3/name,Aftermath of a Wish,願望的後果,project-proposed
VEoR,/data/2/entries/8/entries/4/name,A New Plan,新計劃,project-proposed
VEoR,/data/2/entries/8/entries/4/entries/9/name,A Significant Lie,一個重大的謊言,project-proposed
VEoR,/data/2/entries/8/entries/5/name,Sending Vecna Back,將維克那送回,project-proposed
VEoR,/data/2/entries/8/entries/5/entries/1/name,Chime of Exile,放逐鐘琴,existing-site
VEoR,/data/2/entries/9/name,Toward Web's Edge,向蛛網邊緣,project-proposed
VEoR,/data/2/entries/9/entries/3/name,Web's Edge Entrance,蛛網邊緣入口,project-proposed
VEoR,/data/2/entries/10/name,Web's Edge,蛛網邊緣,project-proposed
VEoR,/data/2/entries/10/entries/4/name,General Features,通用特徵,project-proposed
VEoR,/data/2/entries/10/entries/4/entries/1/name,Agents and Cultists,特工與邪教徒,project-proposed
VEoR,/data/2/entries/10/entries/4/entries/2/name,Ceilings,天花板,existing-site
VEoR,/data/2/entries/10/entries/4/entries/3/name,Doors,門,existing-site
VEoR,/data/2/entries/10/entries/4/entries/4/name,Lighting,光照,existing-site
VEoR,/data/2/entries/10/entries/4/entries/5/name,Safe from Prying Eyes,免受窺探的安全,project-proposed
VEoR,/data/2/entries/10/entries/4/entries/6/name,Walls,牆壁,project-proposed
VEoR,/data/2/entries/10/entries/5/name,Infiltrating Web's Edge,潛入蛛網邊緣,project-proposed
VEoR,/data/2/entries/10/entries/5/entries/2/name,Being Sneaky,悄無聲息,project-proposed
VEoR,/data/2/entries/10/entries/5/entries/3/name,Impersonating Worshipers,冒充信徒,project-proposed
VEoR,/data/2/entries/10/entries/6/name,Web's Edge Locations,蛛網邊緣地點,project-proposed
VEoR,/data/2/entries/10/entries/6/entries/2/name,W1: False Front,W1: 假門面,project-proposed
VEoR,/data/2/entries/10/entries/6/entries/2/entries/2/name,Traps,陷阱,existing-site
VEoR,/data/2/entries/10/entries/6/entries/3/name,W2: Lolth Shrine,W2: 羅絲神殿,project-proposed
VEoR,/data/2/entries/10/entries/6/entries/3/entries/3/name,Makubli and Torkner,馬庫布利和托克納,project-proposed
VEoR,/data/2/entries/10/entries/6/entries/4/name,W3: Summoning Chamber,W3: 召喚室,project-proposed
VEoR,/data/2/entries/10/entries/6/entries/4/entries/2/name,Summoning in Progress,正在進行召喚,project-proposed
VEoR,/data/2/entries/10/entries/6/entries/4/entries/3/name,Treasure,寶藏,existing-site
VEoR,/data/2/entries/10/entries/6/entries/5/name,W4: Corridor,W4: 走廊,project-proposed
VEoR,/data/2/entries/10/entries/6/entries/6/name,W5: Guardian Chamber,W5: 守衛室,project-proposed
VEoR,/data/2/entries/10/entries/6/entries/6/entries/3/name,Cell Keys,牢房鑰匙,project-proposed
VEoR,/data/2/entries/10/entries/6/entries/7/name,W6: Holding Cells,W6: 拘留室,project-proposed
VEoR,/data/2/entries/10/entries/6/entries/7/entries/2/name,Treasure,寶藏,existing-site
VEoR,/data/2/entries/10/entries/6/entries/8/name,W6a: Holding Cell A,W6a: 拘留室 A,project-proposed
VEoR,/data/2/entries/10/entries/6/entries/8/entries/2/name,Recruiting Gertrude,招募格特魯德,project-proposed
VEoR,/data/2/entries/10/entries/6/entries/8/entries/3/name,Gertrude's Secret,格特魯德的秘密,project-proposed
VEoR,/data/2/entries/10/entries/6/entries/9/name,W6b: Holding Cell B,W6b: 拘留室B,project-proposed
VEoR,/data/2/entries/10/entries/6/entries/9/entries/2/name,Treasure,寶藏,existing-site
VEoR,/data/2/entries/10/entries/6/entries/10/name,W6c: Holding Cell C,W6c: 拘留室 C,project-proposed
VEoR,/data/2/entries/10/entries/6/entries/11/name,W6d: Holding Cell D,W6d: 拘留室D,project-proposed
VEoR,/data/2/entries/10/entries/6/entries/11/entries/2/name,Recruiting Sril,招募斯里爾,project-proposed
VEoR,/data/2/entries/10/entries/6/entries/12/name,W7: Meeting Room,W7: 會議室,project-proposed
VEoR,/data/2/entries/10/entries/6/entries/13/name,W8: Mission Hall,W8: 任務大廳,project-proposed
VEoR,/data/2/entries/10/entries/6/entries/14/name,W9: Fodder Chamber,W9: 飼料室,project-proposed
VEoR,/data/2/entries/10/entries/6/entries/14/entries/2/name,Releasing the Lizards,釋放蜥蜴,project-proposed
VEoR,/data/2/entries/10/entries/6/entries/15/name,W10: Barrack of the Faithful,W10: 忠誠者營房,project-proposed
VEoR,/data/2/entries/10/entries/6/entries/15/entries/2/name,Chests,寶箱,project-proposed
VEoR,/data/2/entries/10/entries/6/entries/15/entries/3/name,Desk,書桌,project-proposed
VEoR,/data/2/entries/10/entries/6/entries/15/entries/4/name,Dining Area,用餐區,project-proposed
VEoR,/data/2/entries/10/entries/6/entries/16/name,W11: Passageway,W11: 通道,project-proposed
VEoR,/data/2/entries/10/entries/6/entries/17/name,W12: Sacred Web Hall,W12: 聖網大廳,project-proposed
VEoR,/data/2/entries/10/entries/6/entries/17/entries/4/name,Ker-arach's Web,凱拉赫克的網,project-proposed
VEoR,/data/2/entries/10/entries/6/entries/17/entries/5/name,Retrieving the Rod Piece,取回權杖部件,project-proposed
VEoR,/data/2/entries/11/name,Next Steps,下一步,project-proposed
VEoR,/data/3/name,Chapter 3: The Lambent Zenith's Last Voyage,第3章：輝耀天頂號的最後航行,project-proposed
VEoR,/data/3/entries/3/name,Running the Adventure,運作冒險,project-proposed
VEoR,/data/3/entries/3/entries/1/name,Features of the Astral Sea,星界海的特徵,project-proposed
VEoR,/data/3/entries/3/entries/1/entries/2/name,Air,氣,existing-site
VEoR,/data/3/entries/3/entries/1/entries/3/name,Gravity,重力,project-proposed
VEoR,/data/3/entries/3/entries/1/entries/4/name,Movement,移動,project-proposed
VEoR,/data/3/entries/3/entries/2/name,Character Advancement,角色升級,existing-site
VEoR,/data/3/entries/3/entries/3/name,Power of Secrets,秘密的力量,project-proposed
VEoR,/data/3/entries/3/entries/3/entries/1/items/0/name,Figaro's Secret,費加羅的秘密,project-proposed
VEoR,/data/3/entries/3/entries/3/entries/1/items/1/name,Ikasa's Secret,伊卡莎的秘密,project-proposed
VEoR,/data/3/entries/3/entries/4/name,Second Rod Piece,第二權杖部件,project-proposed
VEoR,/data/3/entries/4/name,A Doorway to Space,通往太空的門戶,project-proposed
VEoR,/data/3/entries/4/entries/1/name,The Astral Plane,星光位面,project-proposed
VEoR,/data/3/entries/4/entries/1/entries/1/items/0/name,Planar Nature,位面本質,project-proposed
VEoR,/data/3/entries/4/entries/1/entries/1/items/1/name,Dead Gods,神屍,project-proposed
VEoR,/data/3/entries/4/entries/1/entries/3/items/0/name,Havock,哈沃克,project-proposed
VEoR,/data/3/entries/4/entries/1/entries/3/items/1/name,Timelessness,永恆之境,existing-site
VEoR,/data/3/entries/5/name,Into the Astral Sea,進入星界海,project-proposed
VEoR,/data/3/entries/5/entries/5/name,Stalkers in the Stars,星際追蹤者,project-proposed
VEoR,/data/3/entries/6/name,Wreck of the Lambent Zenith,輝耀天頂號號的殘骸,project-proposed
VEoR,/data/3/entries/6/entries/7/name,Accessing the Rod Piece,獲取權杖部件,project-proposed
VEoR,/data/3/entries/6/entries/7/entries/1/name,Ward Runes,防護符文,project-proposed
VEoR,/data/3/entries/6/entries/8/name,Arcane Portals,奧術傳送門,project-proposed
VEoR,/data/3/entries/6/entries/9/name,Traversing Wreck Segments,穿越殘骸區段,project-proposed
VEoR,/data/3/entries/6/entries/9/entries/3/name,Stern Segment,船尾部分,project-proposed
VEoR,/data/3/entries/6/entries/9/entries/4/name,Starboard Segment,右舷部分,project-proposed
VEoR,/data/3/entries/6/entries/9/entries/5/name,Prow Segment,船首段,project-proposed
VEoR,/data/3/entries/6/entries/10/name,General Features,通用特徵,project-proposed
VEoR,/data/3/entries/6/entries/10/entries/1/items/0/name,Gravity,重力,project-proposed
VEoR,/data/3/entries/6/entries/10/entries/1/items/1/name,Lighting,光照,existing-site
VEoR,/data/3/entries/6/entries/10/entries/1/items/2/name,"Walls, Ceilings, and Floors",牆壁、天花板和地板,project-proposed
VEoR,/data/3/entries/6/entries/11/name,Lambent Zenith Locations,輝耀天頂號號地點,project-proposed
VEoR,/data/3/entries/6/entries/11/entries/2/name,Z1a–Z1b: Sterncastle Deck and Below,Z1a–Z1b: 船尾樓甲板及以下,project-proposed
VEoR,/data/3/entries/6/entries/11/entries/2/entries/4/name,Talking with Lysan and Zastra,與利桑和扎斯特拉對話,project-proposed
VEoR,/data/3/entries/6/entries/11/entries/2/entries/4/entries/1/items/0/name,Last Voyage,最後的航行,project-proposed
VEoR,/data/3/entries/6/entries/11/entries/2/entries/4/entries/1/items/1/name,Strange Magic,奇怪的魔法,project-proposed
VEoR,/data/3/entries/6/entries/11/entries/2/entries/4/entries/1/items/2/name,Terrors of Space,太空的恐怖,project-proposed
VEoR,/data/3/entries/6/entries/11/entries/2/entries/5/name,Talking with Ilren,與伊爾倫交談,project-proposed
VEoR,/data/3/entries/6/entries/11/entries/3/name,Z2: Upper Crew Quarters,Z2: 上層船員艙,project-proposed
VEoR,/data/3/entries/6/entries/11/entries/4/name,Z3: Galley and Pantry,Z3: 廚房和食品儲藏室,project-proposed
VEoR,/data/3/entries/6/entries/11/entries/4/entries/3/name,Talking with Kycera,與凱瑟拉交談,project-proposed
VEoR,/data/3/entries/6/entries/11/entries/4/entries/3/entries/1/items/0/name,Precious Cargo,珍貴貨物,project-proposed
VEoR,/data/3/entries/6/entries/11/entries/4/entries/3/entries/1/items/1/name,Safe Room,安全房間,project-proposed
VEoR,/data/3/entries/6/entries/11/entries/4/entries/3/entries/1/items/2/name,Ward Runes,防護符文,project-proposed
VEoR,/data/3/entries/6/entries/11/entries/4/entries/4/name,Treasure,寶藏,existing-site
VEoR,/data/3/entries/6/entries/11/entries/5/name,Z4: Mess Hall,Z4: 食堂,project-proposed
VEoR,/data/3/entries/6/entries/11/entries/5/entries/4/name,Talking with Daveras,與達維拉斯交談,project-proposed
VEoR,/data/3/entries/6/entries/11/entries/5/entries/4/entries/1/items/0/name,Missing Camp Member,失蹤的營地成員,project-proposed
VEoR,/data/3/entries/6/entries/11/entries/5/entries/4/entries/1/items/1/name,Paranoid Leader,偏執的領袖,project-proposed
VEoR,/data/3/entries/6/entries/11/entries/5/entries/4/entries/1/items/2/name,Personal History,個人歷史,project-proposed
VEoR,/data/3/entries/6/entries/11/entries/6/name,Z5: Companionway,Z5: 同伴通道,project-proposed
VEoR,/data/3/entries/6/entries/11/entries/6/entries/3/name,Gaining Figaro's Trust,獲得菲加羅的信任,project-proposed
VEoR,/data/3/entries/6/entries/11/entries/7/name,Z6: Lower Crew Quarters,Z6: 下層船員艙,project-proposed
VEoR,/data/3/entries/6/entries/11/entries/8/name,Z7: Storage,Z7: 儲藏室,project-proposed
VEoR,/data/3/entries/6/entries/11/entries/8/entries/2/name,Secret Entrance,秘密入口,project-proposed
VEoR,/data/3/entries/6/entries/11/entries/9/name,Z8: Stateroom,Z8: 客艙,project-proposed
VEoR,/data/3/entries/6/entries/11/entries/9/entries/3/name,Talking with Figaro,與菲加羅交談,project-proposed
VEoR,/data/3/entries/6/entries/11/entries/9/entries/3/entries/1/items/0/name,Experiments with the Rod,權杖實驗,project-proposed
VEoR,/data/3/entries/6/entries/11/entries/9/entries/3/entries/1/items/1/name,Emergency Security Protocol,緊急安全協議,project-proposed
VEoR,/data/3/entries/6/entries/11/entries/9/entries/3/entries/1/items/2/name,Ward Runes,防護符文,project-proposed
VEoR,/data/3/entries/6/entries/11/entries/9/entries/4/name,Mending Figaro's Memories,修復菲加羅的記憶,project-proposed
VEoR,/data/3/entries/6/entries/11/entries/9/entries/5/name,Figaro's Secret,費加羅的秘密,project-proposed
VEoR,/data/3/entries/6/entries/11/entries/9/entries/6/name,Ward Rune,防護符文,project-proposed
VEoR,/data/3/entries/6/entries/11/entries/10/name,Z9: Brig,Z9: 禁閉室,project-proposed
VEoR,/data/3/entries/6/entries/11/entries/10/entries/4/name,Talking with Cirit,與西里特交談,project-proposed
VEoR,/data/3/entries/6/entries/11/entries/10/entries/4/entries/1/items/0/name,Ilren's Aberrant Nature,伊爾倫的畸變本質,project-proposed
VEoR,/data/3/entries/6/entries/11/entries/10/entries/4/entries/1/items/1/name,What Happened,發生了什麼,project-proposed
VEoR,/data/3/entries/6/entries/11/entries/11/name,Z10: Starboard Top Deck,Z10: 右舷頂層甲板,project-proposed
VEoR,/data/3/entries/6/entries/11/entries/11/entries/2/name,Interacting with Redbud,與紫荊樹互動,project-proposed
VEoR,/data/3/entries/6/entries/11/entries/12/name,Z11: Grell Nest,Z11: 觸鬚怪巢穴,project-proposed
VEoR,/data/3/entries/6/entries/11/entries/12/entries/2/name,Redbud's Roots,紫荊的根,project-proposed
VEoR,/data/3/entries/6/entries/11/entries/13/name,Z12: Lifeboat Wreck,Z12: 生命艇殘骸,project-proposed
VEoR,/data/3/entries/6/entries/11/entries/13/entries/3/name,Ikasa's Secret,伊卡莎的秘密,project-proposed
VEoR,/data/3/entries/6/entries/11/entries/13/entries/4/name,Treasure,寶藏,existing-site
VEoR,/data/3/entries/6/entries/11/entries/14/name,Z13: Study,Z13: 書房,project-proposed
VEoR,/data/3/entries/6/entries/11/entries/14/entries/1/name,Secret Strongbox,秘密保險箱,project-proposed
VEoR,/data/3/entries/6/entries/11/entries/14/entries/2/name,Ward Rune,防護符文,project-proposed
VEoR,/data/3/entries/6/entries/11/entries/15/name,Z14a–Z14b: Forecastle and Top Deck,Z14a–Z14b: 前甲板和頂層甲板,project-proposed
VEoR,/data/3/entries/6/entries/11/entries/16/name,Z15: Captain's Quarters,Z15: 船長的艙室,project-proposed
VEoR,/data/3/entries/6/entries/11/entries/16/entries/4/name,Talking with Inda,與印達交談,project-proposed
VEoR,/data/3/entries/6/entries/11/entries/16/entries/4/entries/2/items/0/name,Location of the Rod Piece,杆件的位置,project-proposed
VEoR,/data/3/entries/6/entries/11/entries/16/entries/4/entries/2/items/1/name,Deactivating the Ward Runes,停用守衛符文,project-proposed
VEoR,/data/3/entries/6/entries/11/entries/16/entries/4/entries/2/items/2/name,What's in the Heart,核心裡有什麼,project-proposed
VEoR,/data/3/entries/6/entries/11/entries/16/entries/5/name,Treasure,寶藏,existing-site
VEoR,/data/3/entries/6/entries/11/entries/17/name,Z16: Navigation Room,Z16: 導航室,project-proposed
VEoR,/data/3/entries/6/entries/11/entries/17/entries/1/name,Inda's Prosthetic Wing,印達的義肢翅膀,project-proposed
VEoR,/data/3/entries/6/entries/11/entries/18/name,Z17: Bridge,Z17: 艦橋,project-proposed
VEoR,/data/3/entries/6/entries/11/entries/18/entries/2/name,Treasure,寶藏,existing-site
VEoR,/data/3/entries/6/entries/11/entries/19/name,Z18: Forward Cargo Hold,Z18: 前貨物艙,project-proposed
VEoR,/data/3/entries/6/entries/11/entries/20/name,Z19: Safe Room,Z19: 保險箱室,project-proposed
VEoR,/data/3/entries/6/entries/11/entries/20/entries/2/name,Heart Entryway,心臟入口,project-proposed
VEoR,/data/3/entries/7/name,Heart of Havock,浩劫之心,project-proposed
VEoR,/data/3/entries/7/entries/1/name,General Features,通用特徵,project-proposed
VEoR,/data/3/entries/7/entries/1/entries/1/items/0/name,Foul Air,汙穢空氣,project-proposed
VEoR,/data/3/entries/7/entries/1/entries/1/items/1/name,Lighting,光照,existing-site
VEoR,/data/3/entries/7/entries/1/entries/1/items/2/name,"Walls, Ceiling, and Floor",牆壁、天花板和地板,project-proposed
VEoR,/data/3/entries/7/entries/2/name,Areas of the Heart,心臟區域,project-proposed
VEoR,/data/3/entries/7/entries/2/entries/2/name,A1: Entry Atrium,A1: 入口大廳,project-proposed
VEoR,/data/3/entries/7/entries/2/entries/2/entries/2/name,Treasure,寶藏,existing-site
VEoR,/data/3/entries/7/entries/2/entries/3/name,A2: Ventricle Chamber,A2: 心室室,project-proposed
VEoR,/data/3/entries/7/entries/2/entries/3/entries/3/name,Retrieving the Rod Piece,取回權杖部件,project-proposed
VEoR,/data/3/entries/7/entries/2/entries/3/entries/4/name,Caved-In Artery,塌陷的動脈,project-proposed
VEoR,/data/3/entries/7/entries/2/entries/4/name,A3: Flooded Atrium,A3: 淹沒的中庭,project-proposed
VEoR,/data/3/entries/7/entries/2/entries/4/entries/2/name,Caved-In Artery,塌陷的動脈,project-proposed
VEoR,/data/3/entries/8/name,Next Steps,下一步,project-proposed
VEoR,/data/4/name,Chapter 4: The Ruined Colossus,第4章：毀滅的巨像,project-proposed
VEoR,/data/4/entries/3/name,Running This Chapter,運作本章,project-proposed
VEoR,/data/4/entries/3/entries/3/name,Character Advancement,角色升級,existing-site
VEoR,/data/4/entries/3/entries/4/name,Power of Secrets,秘密的力量,project-proposed
VEoR,/data/4/entries/3/entries/4/entries/1/items/0/name,Mercy's Secret,仁慈的秘密,project-proposed
VEoR,/data/4/entries/3/entries/4/entries/1/items/1/name,Kalyth's Secret,卡利思的秘密,project-proposed
VEoR,/data/4/entries/3/entries/5/name,Third Rod Piece,第三根法杖部件,project-proposed
VEoR,/data/4/entries/4/name,Doorway to Eberron,通往艾伯倫的門戶,project-proposed
VEoR,/data/4/entries/4/entries/1/items/0/name,Ruins of War,戰爭廢墟,project-proposed
VEoR,/data/4/entries/4/entries/1/items/1/name,Warforged,戰俑,existing-site
VEoR,/data/4/entries/4/entries/1/items/2/name,Unreliable Magic,不穩定的魔法,project-proposed
VEoR,/data/4/entries/5/name,An Important Detail,一個重要細節,project-proposed
VEoR,/data/4/entries/5/entries/3/name,About Docents,關於指導附件,project-proposed
VEoR,/data/4/entries/6/name,Mount Ironrot,鐵鏽山,project-proposed
VEoR,/data/4/entries/6/entries/1/name,Running Mount Ironrot,穿越鐵鏽山,project-proposed
VEoR,/data/4/entries/6/entries/2/name,Exploring Mount Ironrot,探索鐵鏽山,project-proposed
VEoR,/data/4/entries/6/entries/2/entries/1/name,Regional Effects,區域效應,project-proposed
VEoR,/data/4/entries/6/entries/2/entries/1/entries/1/items/0/name,Impeded Navigation,受阻導航,project-proposed
VEoR,/data/4/entries/6/entries/2/entries/1/entries/1/items/1/name,Lightly Obscured,輕度遮蔽,existing-site
VEoR,/data/4/entries/6/entries/2/entries/1/entries/1/items/2/name,Muddled Magic,混亂魔法,project-proposed
VEoR,/data/4/entries/6/entries/2/entries/2/name,Traveling,旅行,project-proposed
VEoR,/data/4/entries/6/entries/2/entries/3/name,Dangers,危險,project-proposed
VEoR,/data/4/entries/6/entries/3/name,Mount Ironrot Locations,鐵鏽山地點,project-proposed
VEoR,/data/4/entries/6/entries/3/entries/2/name,Oval Portal,橢圓形傳送門,project-proposed
VEoR,/data/4/entries/6/entries/3/entries/3/name,Ruined Colossi,廢墟巨像,project-proposed
VEoR,/data/4/entries/6/entries/3/entries/3/entries/4/items/0/name,Deep Tracks,深深的足跡,project-proposed
VEoR,/data/4/entries/6/entries/3/entries/3/entries/4/items/1/name,Second Party,第二方,project-proposed
VEoR,/data/4/entries/6/entries/3/entries/3/entries/4/items/2/name,Skilled Extractor,熟練的提取者,project-proposed
VEoR,/data/4/entries/6/entries/3/entries/4/name,Landro,蘭德羅,project-proposed
VEoR,/data/4/entries/6/entries/3/entries/5/name,Veterans' Camp,老兵營地,project-proposed
VEoR,/data/4/entries/6/entries/3/entries/5/entries/3/name,Kalyth's Secret,卡利思的秘密,project-proposed
VEoR,/data/4/entries/6/entries/3/entries/5/entries/4/name,Treasure,寶藏,existing-site
VEoR,/data/4/entries/6/entries/3/entries/6/name,Ialos,伊阿洛斯,project-proposed
VEoR,/data/4/entries/6/entries/3/entries/6/entries/5/items/0/name,Founder's Statue,創始人雕像,project-proposed
VEoR,/data/4/entries/6/entries/3/entries/6/entries/5/items/1/name,Mill,風車,project-proposed
VEoR,/data/4/entries/6/entries/3/entries/6/entries/5/items/2/name,Ossuary,骨灰堂,project-proposed
VEoR,/data/4/entries/6/entries/3/entries/6/entries/5/items/3/name,Ruins,功虧一簣,project-proposed
VEoR,/data/4/entries/6/entries/3/entries/6/entries/5/items/4/name,Storeroom,儲藏室,project-proposed
VEoR,/data/4/entries/6/entries/3/entries/6/entries/6/name,Treasure,寶藏,existing-site
VEoR,/data/4/entries/6/entries/3/entries/6/entries/6/entries/1/items/0/name,Art Objects,藝術品,project-proposed
VEoR,/data/4/entries/6/entries/3/entries/6/entries/6/entries/1/items/1/name,Docents,指導附件,project-proposed
VEoR,/data/4/entries/6/entries/3/entries/6/entries/6/entries/1/items/2/name,Magic Ring,魔法戒指,existing-site
VEoR,/data/4/entries/6/entries/4/name,Mount Ironrot Encounters,鐵鏽山遭遇戰,project-proposed
VEoR,/data/4/entries/6/entries/4/entries/1/name,Warforged Pilgrims,戰俑朝聖者,project-proposed
VEoR,/data/4/entries/6/entries/4/entries/2/name,Pilgrims' Problems,朝聖者的問題,project-proposed
VEoR,/data/4/entries/6/entries/4/entries/2/entries/2/name,Mercy's Secret,仁慈的秘密,project-proposed
VEoR,/data/4/entries/6/entries/4/entries/3/name,Cyran Veterans,塞爾老兵,project-proposed
VEoR,/data/4/entries/6/entries/4/entries/4/name,Blade Scouting Party,刀刃偵察隊,project-proposed
VEoR,/data/4/entries/7/name,Finding a Docent,尋找指導附件,project-proposed
VEoR,/data/4/entries/7/entries/1/name,The Dispute,爭端,project-proposed
VEoR,/data/4/entries/7/entries/1/entries/1/items/0/name,What Kalyth Wants,卡利思想要,project-proposed
VEoR,/data/4/entries/7/entries/1/entries/1/items/1/name,What Mercy Wants,仁慈想要,project-proposed
VEoR,/data/4/entries/7/entries/1/entries/1/items/2/name,What They'll Settle For,他們願意接受,project-proposed
VEoR,/data/4/entries/7/entries/1/entries/2/name,Settling the Dispute,解決爭端,project-proposed
VEoR,/data/4/entries/7/entries/1/entries/3/name,Helpful Information,有用的資訊,project-proposed
VEoR,/data/4/entries/7/entries/2/name,Tuning the Rod,調整魔杖,project-proposed
VEoR,/data/4/entries/7/entries/2/entries/2/name,Docent,指導附件,existing-site
VEoR,/data/4/entries/8/name,Landro,蘭德羅,project-proposed
VEoR,/data/4/entries/8/entries/2/name,Lord of Blades' Strike Squad,刀鋒領主的突擊隊,project-proposed
VEoR,/data/4/entries/8/entries/2/entries/3/name,Glaive,長柄刀,existing-site
VEoR,/data/4/entries/8/entries/3/name,Entering Landro,進入蘭德羅,project-proposed
VEoR,/data/4/entries/8/entries/4/name,Landro Features,蘭德羅特徵,project-proposed
VEoR,/data/4/entries/8/entries/4/entries/1/name,Antigravity Magic,反重力魔法,project-proposed
VEoR,/data/4/entries/8/entries/4/entries/1/entries/1/items/0/name,Antigravity Wells,反重力井,project-proposed
VEoR,/data/4/entries/8/entries/4/entries/1/entries/1/items/1/name,Gravity Tiles,重力瓦片,project-proposed
VEoR,/data/4/entries/8/entries/4/entries/2/name,Ceilings,天花板,existing-site
VEoR,/data/4/entries/8/entries/4/entries/3/name,Graymatter Fluid,灰質流體,project-proposed
VEoR,/data/4/entries/8/entries/4/entries/3/entries/2/items/0/name,Altered Speech,改變的言語,project-proposed
VEoR,/data/4/entries/8/entries/4/entries/3/entries/2/items/1/name,Psychic Damage,心靈傷害,project-proposed
VEoR,/data/4/entries/8/entries/4/entries/4/name,Invisible Barrier,隱形屏障,project-proposed
VEoR,/data/4/entries/8/entries/4/entries/5/name,Lighting,光照,existing-site
VEoR,/data/4/entries/8/entries/4/entries/6/name,Walls,牆壁,project-proposed
VEoR,/data/4/entries/8/entries/5/name,Landro Locations,蘭德羅地點,project-proposed
VEoR,/data/4/entries/8/entries/5/entries/2/name,L1: Cave Entrance,L1: 山洞入口,project-proposed
VEoR,/data/4/entries/8/entries/5/entries/3/name,L2: Cave Graveyard,L2: 洞穴墓地,project-proposed
VEoR,/data/4/entries/8/entries/5/entries/4/name,L3: Cave Shack,L3: 山洞小屋,project-proposed
VEoR,/data/4/entries/8/entries/5/entries/5/name,L4: Bottleneck,L4: 瓶頸,project-proposed
VEoR,/data/4/entries/8/entries/5/entries/6/name,L5: Right Foot,L5: 右腳,project-proposed
VEoR,/data/4/entries/8/entries/5/entries/7/name,L6: Left Foot,L6: 左腳,project-proposed
VEoR,/data/4/entries/8/entries/5/entries/8/name,L7: Leg Shafts,L7: 腿部通道,project-proposed
VEoR,/data/4/entries/8/entries/5/entries/9/name,L8: Armory,L8: 軍械庫,project-proposed
VEoR,/data/4/entries/8/entries/5/entries/9/entries/1/name,Treasure,寶藏,existing-site
VEoR,/data/4/entries/8/entries/5/entries/10/name,L9: Blocked Antigravity Well,L9: 阻塞的反重力井,project-proposed
VEoR,/data/4/entries/8/entries/5/entries/11/name,L10: Artificer Quarters,L10: 奇械師宿舍,project-proposed
VEoR,/data/4/entries/8/entries/5/entries/11/entries/2/name,Aura of Slumber,沉睡之光,project-proposed
VEoR,/data/4/entries/8/entries/5/entries/11/entries/3/name,Sleeping Ghost,沉睡的幽靈,project-proposed
VEoR,/data/4/entries/8/entries/5/entries/12/name,L11: Workshop,L11: 工作室,project-proposed
VEoR,/data/4/entries/8/entries/5/entries/12/entries/2/name,Repair Paste,修復膏,project-proposed
VEoR,/data/4/entries/8/entries/5/entries/13/name,L12: Lost Soldier,L12: 失蹤的士兵,project-proposed
VEoR,/data/4/entries/8/entries/5/entries/14/name,L13: Dragonshard Pool,L13: 龍晶池,project-proposed
VEoR,/data/4/entries/8/entries/5/entries/14/entries/3/name,Enchanted Pool,魔法池塘,project-proposed
VEoR,/data/4/entries/8/entries/5/entries/14/entries/4/name,Treasure,寶藏,existing-site
VEoR,/data/4/entries/8/entries/5/entries/15/name,L14: Blazebear Den,L14: 焰熊巢穴,project-proposed
VEoR,/data/4/entries/8/entries/5/entries/16/name,L15: Overhang,L15: 懸垂部分,project-proposed
VEoR,/data/4/entries/8/entries/5/entries/17/name,L16: Ruined Chamber,L16: 毀壞的房間,project-proposed
VEoR,/data/4/entries/8/entries/5/entries/18/name,L17: Bridge,L17: 橋,project-proposed
VEoR,/data/4/entries/8/entries/5/entries/18/entries/2/name,Broken Control Helmet,損壞的控制頭盔,project-proposed
VEoR,/data/4/entries/8/entries/5/entries/19/name,L18: Collapsed Antigravity Well,L18: 塌陷的反重力井,project-proposed
VEoR,/data/4/entries/8/entries/5/entries/20/name,L19: Muster Point,L19: 集結點,project-proposed
VEoR,/data/4/entries/8/entries/5/entries/21/name,L20: War Room,L20: 戰爭室,project-proposed
VEoR,/data/4/entries/8/entries/5/entries/21/entries/2/name,Treasure,寶藏,existing-site
VEoR,/data/4/entries/8/entries/5/entries/22/name,L21: Shoulders,L21: 肩膀,project-proposed
VEoR,/data/4/entries/8/entries/5/entries/23/name,L22: Walkway,L22: 走道,project-proposed
VEoR,/data/4/entries/8/entries/5/entries/24/name,L23: Holding Cells,L23: 拘留室,project-proposed
VEoR,/data/4/entries/8/entries/5/entries/25/name,L24: Intake Chamber,L24: 進氣室,project-proposed
VEoR,/data/4/entries/8/entries/5/entries/26/name,L25: Vault,L25: 金庫,project-proposed
VEoR,/data/4/entries/8/entries/5/entries/27/name,L26: Throat,L26: 咽喉,project-proposed
VEoR,/data/4/entries/8/entries/5/entries/28/name,L27: Weapons System,L27: 武器系統,project-proposed
VEoR,/data/4/entries/8/entries/5/entries/29/name,L28: Graymatter Engine,L28: 灰質引擎,project-proposed
VEoR,/data/4/entries/8/entries/5/entries/29/entries/3/name,Hidden Sentinels,隱藏的哨兵,project-proposed
VEoR,/data/4/entries/8/entries/5/entries/29/entries/4/name,Retrieving the Rod Piece,取回權杖部件,project-proposed
VEoR,/data/4/entries/8/entries/6/name,Graymatter Guardian,灰質守護者,project-proposed
VEoR,/data/4/entries/8/entries/6/entries/4/name,Landro the Host,蘭德羅，主人,project-proposed
VEoR,/data/4/entries/8/entries/6/entries/5/name,Sharing Secrets,分享秘密,project-proposed
VEoR,/data/4/entries/8/entries/6/entries/5/entries/5/name,Secrets Revealed,秘密被揭露,project-proposed
VEoR,/data/4/entries/8/entries/6/entries/6/name,The Engine's Aid,引擎的援助,project-proposed
VEoR,/data/4/entries/8/entries/6/entries/7/name,Crystal Companion,水晶夥伴,project-proposed
VEoR,/data/4/entries/8/entries/6/entries/8/name,Shutdown Sequence,關閉序列,project-proposed
VEoR,/data/4/entries/8/entries/6/entries/8/entries/1/items/0/name,Antigravity Deactivated,反重力停用,project-proposed
VEoR,/data/4/entries/8/entries/6/entries/8/entries/1/items/1/name,Barrier Dropped,屏障解除,project-proposed
VEoR,/data/4/entries/8/entries/6/entries/8/entries/1/items/2/name,Self-Destruct Initiated,自毀啟動,project-proposed
VEoR,/data/4/entries/9/name,Next Steps,下一步,project-proposed
VEoR,/data/5/name,Chapter 5: Death House,第5章：死亡之屋,project-proposed
VEoR,/data/5/entries/2/name,Running This Chapter,運作本章,project-proposed
VEoR,/data/5/entries/2/entries/3/name,Character Advancement,角色升級,existing-site
VEoR,/data/5/entries/2/entries/4/name,Power of Secrets,秘密的力量,project-proposed
VEoR,/data/5/entries/2/entries/4/entries/1/items/0/name,Sarusanda's Secret,薩魯桑達的秘密,project-proposed
VEoR,/data/5/entries/2/entries/5/name,Fourth Rod Piece,第四根法杖部件,project-proposed
VEoR,/data/5/entries/3/name,Barovia,巴洛維亞,project-proposed
VEoR,/data/5/entries/3/entries/2/name,Knowledge of Barovia,巴洛維亞的知識,project-proposed
VEoR,/data/5/entries/3/entries/2/entries/1/items/0/name,Domain of Dread,恐懼領域,project-proposed
VEoR,/data/5/entries/3/entries/2/entries/1/items/1/name,The Mists,迷霧,project-proposed
VEoR,/data/5/entries/3/entries/2/entries/1/items/2/name,Strahd the Vampire,施特拉德吸血鬼,project-proposed
VEoR,/data/5/entries/4/name,Arriving in Barovia,抵達巴羅維亞,project-proposed
VEoR,/data/5/entries/4/entries/5/name,Unwelcome Party,不受歡迎的聚會,project-proposed
VEoR,/data/5/entries/4/entries/6/name,The Ulmist Inquisition,烏爾米斯特審問局,project-proposed
VEoR,/data/5/entries/4/entries/6/entries/2/name,Sarusanda's Mission,薩魯桑達的任務,project-proposed
VEoR,/data/5/entries/4/entries/6/entries/3/name,Cultists in Death House,死亡之屋的邪教徒,project-proposed
VEoR,/data/5/entries/4/entries/6/entries/3/entries/1/name,Unexpected Discovery,意外發現,project-proposed
VEoR,/data/5/entries/4/entries/6/entries/4/name,Priests of Osybus,奧西布斯祭司,project-proposed
VEoR,/data/5/entries/4/entries/6/entries/5/name,Strahd Watches,施特拉德監視,project-proposed
VEoR,/data/5/entries/4/entries/6/entries/6/name,Sarusanda's Plan,薩魯桑達的計劃,project-proposed
VEoR,/data/5/entries/4/entries/7/name,Approaching Death House,接近死亡之屋,project-proposed
VEoR,/data/5/entries/4/entries/7/entries/6/name,Sarusanda Splits Off,薩魯桑達分開行動,project-proposed
VEoR,/data/5/entries/5/name,Death House,死亡之屋,project-proposed
VEoR,/data/5/entries/5/entries/1/name,Death House Objective,死亡之屋目標,project-proposed
VEoR,/data/5/entries/5/entries/2/name,Death House Encounters,死亡之屋遭遇,project-proposed
VEoR,/data/5/entries/5/entries/3/name,Meetings with Sarusanda,與薩魯桑達的會面,project-proposed
VEoR,/data/5/entries/5/entries/3/entries/1/name,Wounded Pride,受傷的自尊,project-proposed
VEoR,/data/5/entries/5/entries/3/entries/1/entries/2/name,Development,發展,project-proposed
VEoR,/data/5/entries/5/entries/3/entries/2/name,Séance,降神會,project-proposed
VEoR,/data/5/entries/5/entries/3/entries/2/entries/3/name,Interrogating the Skull,審問骷髏,project-proposed
VEoR,/data/5/entries/5/entries/3/entries/3/name,Crisis of Faith,信仰危機,project-proposed
VEoR,/data/5/entries/5/entries/3/entries/3/entries/4/name,Sarusanda's Secret,薩魯桑達的秘密,project-proposed
VEoR,/data/5/entries/5/entries/4/name,Death House Features,死亡之屋特點,project-proposed
VEoR,/data/5/entries/5/entries/4/entries/1/name,Ceilings,天花板,existing-site
VEoR,/data/5/entries/5/entries/4/entries/2/name,Haunted Doors,鬧鬼的門,project-proposed
VEoR,/data/5/entries/5/entries/4/entries/3/name,Lighting,光照,existing-site
VEoR,/data/5/entries/5/entries/4/entries/4/name,The Mists,迷霧,project-proposed
VEoR,/data/5/entries/5/entries/4/entries/5/name,Self-Repair,自我修復,project-proposed
VEoR,/data/5/entries/5/entries/4/entries/6/name,Walls,牆壁,project-proposed
VEoR,/data/5/entries/5/entries/5/name,Death House Locations,死亡之屋地點,project-proposed
VEoR,/data/5/entries/5/entries/5/entries/2/name,D1a–D1b: Portico and Antechamber,D1a–D1b: 門廊和前廳,project-proposed
VEoR,/data/5/entries/5/entries/5/entries/3/name,D2a–D2b: Main Hall and Cloakroom,D2a–D2b: 主廳和衣帽間,project-proposed
VEoR,/data/5/entries/5/entries/5/entries/3/entries/2/name,Encounter,遭遇,existing-site
VEoR,/data/5/entries/5/entries/5/entries/4/name,D3: Den of Wolves,D3: 狼窩,project-proposed
VEoR,/data/5/entries/5/entries/5/entries/4/entries/1/name,Trapdoor,活板門,project-proposed
VEoR,/data/5/entries/5/entries/5/entries/5/name,D4a–D4b: Kitchen and Pantry,D4a–D4b: 廚房和食品儲藏室,project-proposed
VEoR,/data/5/entries/5/entries/5/entries/5/entries/2/name,Dumbwaiter,升降機,project-proposed
VEoR,/data/5/entries/5/entries/5/entries/6/name,D5: Dining Room,D5: 餐廳,project-proposed
VEoR,/data/5/entries/5/entries/5/entries/6/entries/2/name,Treasure,寶藏,existing-site
VEoR,/data/5/entries/5/entries/5/entries/7/name,D6: Upper Hall,D6: 上層大廳,project-proposed
VEoR,/data/5/entries/5/entries/5/entries/8/name,D7a–D7b: Servants' Room and Closet,D7a-D7b: 僕人室和小儲藏室,project-proposed
VEoR,/data/5/entries/5/entries/5/entries/8/entries/2/name,Dumbwaiter,升降機,project-proposed
VEoR,/data/5/entries/5/entries/5/entries/9/name,D8: Library,D8: 圖書館,project-proposed
VEoR,/data/5/entries/5/entries/5/entries/9/entries/3/name,Encounter,遭遇,existing-site
VEoR,/data/5/entries/5/entries/5/entries/9/entries/4/name,Secret Door,暗門,project-proposed
VEoR,/data/5/entries/5/entries/5/entries/10/name,D9: Secret Room,D9: 密室,project-proposed
VEoR,/data/5/entries/5/entries/5/entries/10/entries/1/name,Trapped Chest,陷阱寶箱,project-proposed
VEoR,/data/5/entries/5/entries/5/entries/10/entries/2/name,Treasure,寶藏,existing-site
VEoR,/data/5/entries/5/entries/5/entries/11/name,D10: Conservatory,D10: 溫室,project-proposed
VEoR,/data/5/entries/5/entries/5/entries/11/entries/1/name,Encounter,遭遇,existing-site
VEoR,/data/5/entries/5/entries/5/entries/12/name,D11: Balcony,D11: 陽臺,project-proposed
VEoR,/data/5/entries/5/entries/5/entries/12/entries/1/name,Secret Door,暗門,project-proposed
VEoR,/data/5/entries/5/entries/5/entries/13/name,D12a–D12c: Master Suite,D12a–D12c: 主人套房,project-proposed
VEoR,/data/5/entries/5/entries/5/entries/13/entries/2/name,Dumbwaiter,升降機,project-proposed
VEoR,/data/5/entries/5/entries/5/entries/13/entries/3/name,Treasure,寶藏,existing-site
VEoR,/data/5/entries/5/entries/5/entries/14/name,D13: Bathroom,D13: 浴室,project-proposed
VEoR,/data/5/entries/5/entries/5/entries/15/name,D14: Storage Room,D14: 儲藏室,project-proposed
VEoR,/data/5/entries/5/entries/5/entries/16/name,D15a–D15c: Nursemaid's Suite,D15a–D15c: 保姆套房,project-proposed
VEoR,/data/5/entries/5/entries/5/entries/16/entries/3/name,Encounter,遭遇,existing-site
VEoR,/data/5/entries/5/entries/5/entries/16/entries/4/name,Signs of Abduction,綁架跡象,project-proposed
VEoR,/data/5/entries/5/entries/5/entries/16/entries/5/name,Secret Door,暗門,project-proposed
VEoR,/data/5/entries/5/entries/5/entries/17/name,D16: Attic Hall,D16: 閣樓大廳,project-proposed
VEoR,/data/5/entries/5/entries/5/entries/18/name,D17: Spare Bedroom,D17: 備用臥室,project-proposed
VEoR,/data/5/entries/5/entries/5/entries/19/name,D18: Storage Room,D18: 儲藏室,project-proposed
VEoR,/data/5/entries/5/entries/5/entries/19/entries/1/name,Secret Door,暗門,project-proposed
VEoR,/data/5/entries/5/entries/5/entries/20/name,D19: Spare Bedroom,D19: 備用臥室,project-proposed
VEoR,/data/5/entries/5/entries/5/entries/21/name,D20: Children's Room,D20: 兒童房,project-proposed
VEoR,/data/5/entries/5/entries/5/entries/21/entries/2/name,Encounter,遭遇,existing-site
VEoR,/data/5/entries/5/entries/5/entries/21/entries/3/name,Treasure,寶藏,existing-site
VEoR,/data/5/entries/5/entries/5/entries/22/name,D21: Secret Stairs,D21: 秘密樓梯,project-proposed
VEoR,/data/5/entries/5/entries/5/entries/23/name,D22: Dungeon Level Access,D22: 地牢層入口,project-proposed
VEoR,/data/5/entries/5/entries/5/entries/23/entries/1/name,Chanting,吟唱聲,project-proposed
VEoR,/data/5/entries/5/entries/5/entries/24/name,D23c–D23f: Family Crypts,D23c–D23f: 家族墓穴,project-proposed
VEoR,/data/5/entries/5/entries/5/entries/25/name,D24: Cult Initiates' Quarters,D24: 邪教新信徒宿舍,project-proposed
VEoR,/data/5/entries/5/entries/5/entries/26/name,D25: Cultist Quarters and Well,D25: 邪教徒宿舍與井,project-proposed
VEoR,/data/5/entries/5/entries/5/entries/26/entries/2/name,Encounter,遭遇,existing-site
VEoR,/data/5/entries/5/entries/5/entries/26/entries/3/name,Treasure,寶藏,existing-site
VEoR,/data/5/entries/5/entries/5/entries/27/name,D26: Hidden Spiked Pit,D26: 隱藏的尖刺坑,project-proposed
VEoR,/data/5/entries/5/entries/5/entries/28/name,D27: Dining Hall,D27: 餐廳,project-proposed
VEoR,/data/5/entries/5/entries/5/entries/29/name,D28: Larder,D28: 食品儲藏室,project-proposed
VEoR,/data/5/entries/5/entries/5/entries/30/name,D29: Intersection,D29: 交叉路口,project-proposed
VEoR,/data/5/entries/5/entries/5/entries/31/name,D30: Stairs Down,D30: 向下樓梯,project-proposed
VEoR,/data/5/entries/5/entries/5/entries/32/name,D31: Darklord's Shrine,D31: 黑暗領主的神龕,project-proposed
VEoR,/data/5/entries/5/entries/5/entries/32/entries/2/name,Encounter,遭遇,existing-site
VEoR,/data/5/entries/5/entries/5/entries/32/entries/3/name,Secret Door,暗門,project-proposed
VEoR,/data/5/entries/5/entries/5/entries/33/name,D32: Hidden Trapdoor,D32: 隱藏的活板門,project-proposed
VEoR,/data/5/entries/5/entries/5/entries/34/name,D33: Cult Leaders' Den,D33: 邪教領袖的巢穴,project-proposed
VEoR,/data/5/entries/5/entries/5/entries/35/name,D34: Cult Leaders' Quarters,D34: 邪教領袖的住處,project-proposed
VEoR,/data/5/entries/5/entries/5/entries/36/name,D35: Reliquary,D35: 聖物室,project-proposed
VEoR,/data/5/entries/5/entries/5/entries/37/name,D36: Prison,D36: 監獄,project-proposed
VEoR,/data/5/entries/5/entries/5/entries/37/entries/2/name,Secret Door,暗門,project-proposed
VEoR,/data/5/entries/5/entries/5/entries/38/name,D37: Tunnel to Portcullis,D37: 通往吊閘的隧道,project-proposed
VEoR,/data/5/entries/5/entries/5/entries/39/name,D38: Ritual Chamber,D38: 儀式室,project-proposed
VEoR,/data/5/entries/5/entries/5/entries/39/entries/4/name,Cult's Ritual,邪教儀式,project-proposed
VEoR,/data/5/entries/5/entries/5/entries/39/entries/5/name,Retrieving the Rod Piece,取回權杖部件,project-proposed
VEoR,/data/5/entries/5/entries/5/entries/39/entries/6/name,Development,發展,project-proposed
VEoR,/data/5/entries/5/entries/6/name,Sarusanda's Company,薩魯桑達的公司,project-proposed
VEoR,/data/5/entries/6/name,Strahd's Presence,施特拉德的存在,project-proposed
VEoR,/data/5/entries/6/entries/3/name,Haunted Zones,鬧鬼區域,project-proposed
VEoR,/data/5/entries/6/entries/3/entries/1/name,Entering a Haunted Zone,進入鬧鬼區域,project-proposed
VEoR,/data/5/entries/6/entries/3/entries/1/entries/3/name,Haunted Doorways,鬧鬼的門道,project-proposed
VEoR,/data/5/entries/6/entries/3/entries/2/name,Exiting a Haunted Zone,退出鬧鬼區域,project-proposed
VEoR,/data/5/entries/6/entries/3/entries/2/entries/1/name,Finding the Correct Exit,找到正確的出口,project-proposed
VEoR,/data/5/entries/6/entries/3/entries/2/entries/2/name,Leaving a Haunted Zone,離開鬧鬼區域,project-proposed
VEoR,/data/5/entries/6/entries/4/name,Death House Hauntings,死亡之屋的鬼魂現象,project-proposed
VEoR,/data/5/entries/6/entries/4/entries/2/name,Castle Dining Hall,城堡餐廳,project-proposed
VEoR,/data/5/entries/6/entries/4/entries/2/entries/3/name,Correct Exit,正確的出口,project-proposed
VEoR,/data/5/entries/6/entries/4/entries/2/entries/4/name,Failed Exit,錯誤的出口,project-proposed
VEoR,/data/5/entries/6/entries/4/entries/3/name,Endless Graveyard,無盡墓地,project-proposed
VEoR,/data/5/entries/6/entries/4/entries/3/entries/2/name,Correct Exit,正確的出口,project-proposed
VEoR,/data/5/entries/6/entries/4/entries/3/entries/3/name,Failed Exit,錯誤的出口,project-proposed
VEoR,/data/5/entries/6/entries/4/entries/4/name,Ghostly Recital,幽靈般的朗誦,project-proposed
VEoR,/data/5/entries/6/entries/4/entries/4/entries/3/name,Correct Exit,正確的出口,project-proposed
VEoR,/data/5/entries/6/entries/4/entries/4/entries/4/name,Failed Exit,錯誤的出口,project-proposed
VEoR,/data/5/entries/6/entries/4/entries/5/name,The Crying Room,哭泣之室,project-proposed
VEoR,/data/5/entries/6/entries/4/entries/5/entries/3/name,Correct Exit,正確的出口,project-proposed
VEoR,/data/5/entries/6/entries/4/entries/5/entries/4/name,Failed Exit,錯誤的出口,project-proposed
VEoR,/data/5/entries/7/name,Leaving the House,離開房子,project-proposed
VEoR,/data/5/entries/7/entries/2/name,Reuniting with Sarusanda,與薩魯桑達重聚,project-proposed
VEoR,/data/5/entries/7/entries/3/name,Facing Strahd,面對施特拉德,project-proposed
VEoR,/data/5/entries/7/entries/3/entries/4/name,Sarusanda's Influence,薩魯桑達的影響,project-proposed
VEoR,/data/5/entries/7/entries/3/entries/4/entries/2/name,Sarusanda's Answer,薩魯桑達的回答,project-proposed
VEoR,/data/5/entries/8/name,Next Steps,下一步,project-proposed
VEoR,/data/6/name,Chapter 6: Night of Blue Fire,第6章：藍色火焰之夜,project-proposed
VEoR,/data/6/entries/2/name,Running This Chapter,運作本章,project-proposed
VEoR,/data/6/entries/2/entries/3/name,Character Advancement,角色升級,existing-site
VEoR,/data/6/entries/2/entries/4/name,Power of Secrets,秘密的力量,project-proposed
VEoR,/data/6/entries/2/entries/4/entries/1/items/0/name,Gazaia's Secret,加扎雅的秘密,project-proposed
VEoR,/data/6/entries/2/entries/4/entries/1/items/1/name,Valendar's Secret,瓦倫達爾的秘密,project-proposed
VEoR,/data/6/entries/2/entries/5/name,Fifth Rod Piece,第五根杆件,project-proposed
VEoR,/data/6/entries/3/name,Krynn,克萊恩,project-proposed
VEoR,/data/6/entries/3/entries/1/name,Knowledge of Krynn,克萊恩的知識,project-proposed
VEoR,/data/6/entries/3/entries/1/entries/1/items/0/name,Dragons of Krynn,克萊恩的龍,project-proposed
VEoR,/data/6/entries/3/entries/1/entries/1/items/1/name,Ruins of the Cataclysm,災變廢墟,project-proposed
VEoR,/data/6/entries/3/entries/1/entries/1/items/2/name,War Torn,飽受戰爭蹂躪,project-proposed
VEoR,/data/6/entries/4/name,Arriving on Krynn,抵達克萊恩,project-proposed
VEoR,/data/6/entries/5/name,The Peylon Tree,佩隆樹,project-proposed
VEoR,/data/6/entries/5/entries/3/name,Tree Features,樹的特徵,project-proposed
VEoR,/data/6/entries/5/entries/3/entries/1/items/0/name,Light,光線,existing-site
VEoR,/data/6/entries/5/entries/3/entries/1/items/1/name,Trunk,象鼻,existing-site
VEoR,/data/6/entries/5/entries/4/name,Peylon Tree Locations,佩隆樹位置,project-proposed
VEoR,/data/6/entries/5/entries/4/entries/2/name,P1: Rotted Roots,P1: 腐爛的根,project-proposed
VEoR,/data/6/entries/5/entries/4/entries/2/entries/2/name,Alternative Entrance,替代入口,project-proposed
VEoR,/data/6/entries/5/entries/4/entries/3/name,P2: Hollow,P2: 空洞,project-proposed
VEoR,/data/6/entries/5/entries/4/entries/3/entries/3/name,Grotto Entrance,洞穴入口,project-proposed
VEoR,/data/6/entries/5/entries/4/entries/4/name,P3: Ledge,P3: 巖架,project-proposed
VEoR,/data/6/entries/5/entries/4/entries/4/entries/5/name,What the Treant Knows,樹精所知,project-proposed
VEoR,/data/6/entries/5/entries/4/entries/5/name,P4: Grotto,P4: 巖洞,project-proposed
VEoR,/data/6/entries/5/entries/4/entries/5/entries/3/name,Riffel's Quest,裡費爾的任務,project-proposed
VEoR,/data/6/entries/5/entries/5/name,The Deadbark Dryad,枯皮樹精,project-proposed
VEoR,/data/6/entries/5/entries/5/entries/1/entries/0/name,The Last Peylon Fruit,最後的佩隆果,project-proposed
VEoR,/data/6/entries/5/entries/5/entries/1/entries/0/entries/1/name,Kender,坎德人,existing-site
VEoR,/data/6/entries/5/entries/5/entries/2/name,Bargaining with Gazaia,與加扎雅討價還價,project-proposed
VEoR,/data/6/entries/5/entries/5/entries/2/entries/1/items/0/name,Corruption of Soth,索思的墮落,project-proposed
VEoR,/data/6/entries/5/entries/5/entries/2/entries/1/items/1/name,Gazaia's Anger,加扎雅的憤怒,project-proposed
VEoR,/data/6/entries/5/entries/5/entries/2/entries/1/items/2/name,Gazaia's Secret,加扎雅的秘密,project-proposed
VEoR,/data/6/entries/5/entries/5/entries/3/name,Gazaia's Death,加扎雅之死,project-proposed
VEoR,/data/6/entries/5/entries/6/name,Leaving the Peylon Tree,離開佩隆樹,project-proposed
VEoR,/data/6/entries/6/name,Bittergrass Fen,苦草沼澤,project-proposed
VEoR,/data/6/entries/6/entries/1/name,Journey to Bittergrass Fen,前往苦草沼澤的旅程,project-proposed
VEoR,/data/6/entries/6/entries/1/entries/1/items/0/name,Teremini's Vault,特雷米尼的金庫,project-proposed
VEoR,/data/6/entries/6/entries/1/entries/1/items/1/name,The Stolen Shard,被盜的碎片,project-proposed
VEoR,/data/6/entries/6/entries/1/entries/1/items/2/name,The Blue Fire Wardens,藍火守衛者,project-proposed
VEoR,/data/6/entries/6/entries/2/name,Approaching the Fen,接近沼澤,project-proposed
VEoR,/data/6/entries/6/entries/3/name,Distracting the Borthak,分散博薩克的注意力,project-proposed
VEoR,/data/6/entries/6/entries/4/name,Bittergrass Fen Features,苦草沼澤特徵,project-proposed
VEoR,/data/6/entries/6/entries/4/entries/1/items/0/name,Floating Boulders,漂浮巨石,project-proposed
VEoR,/data/6/entries/6/entries/4/entries/1/items/1/name,Muddy Bank,泥濘的河岸,project-proposed
VEoR,/data/6/entries/6/entries/5/name,Escaping the Fen,逃離沼澤,project-proposed
VEoR,/data/6/entries/7/name,The Blue Fire Wardens,藍火守衛者,project-proposed
VEoR,/data/6/entries/7/entries/2/items/0/name,Blue Fire Attack,藍火攻擊,project-proposed
VEoR,/data/6/entries/7/entries/2/items/1/name,Mage's Ritual,法師的儀式,project-proposed
VEoR,/data/6/entries/7/entries/2/items/2/name,Stopping the Ritual,停止儀式,project-proposed
VEoR,/data/6/entries/7/entries/3/name,Wardens' Aid,守衛者的幫助,project-proposed
VEoR,/data/6/entries/8/name,Three Moons Vault,三月亮金庫,project-proposed
VEoR,/data/6/entries/8/entries/3/name,Teremini Nightsedge,特雷米尼·奈特斯吉德,existing-site
VEoR,/data/6/entries/8/entries/4/name,The Characters' Goals,角色們的目標,project-proposed
VEoR,/data/6/entries/8/entries/4/entries/1/name,Rescue Valendar,救援瓦倫達爾,project-proposed
VEoR,/data/6/entries/8/entries/4/entries/2/name,Stop Teremini's Ritual,停止特雷米尼的儀式,project-proposed
VEoR,/data/6/entries/8/entries/4/entries/3/name,Get the Rod Piece,獲取法杖碎片,project-proposed
VEoR,/data/6/entries/8/entries/5/name,Environmental Effects,環境效應,project-proposed
VEoR,/data/6/entries/8/entries/5/entries/1/name,Forced Transformation,強制變形,project-proposed
VEoR,/data/6/entries/8/entries/5/entries/2/name,Reduced Gravity,低重力,project-proposed
VEoR,/data/6/entries/8/entries/6/name,Entering the Vault,進入儲藏室,project-proposed
VEoR,/data/6/entries/8/entries/7/name,Vault Features,寶庫特點,project-proposed
VEoR,/data/6/entries/8/entries/7/entries/1/name,Ceilings,天花板,existing-site
VEoR,/data/6/entries/8/entries/7/entries/2/name,Doors,門,existing-site
VEoR,/data/6/entries/8/entries/7/entries/3/name,Lighting,光照,existing-site
VEoR,/data/6/entries/8/entries/7/entries/4/name,Moonlight Mirrors,月光鏡,project-proposed
VEoR,/data/6/entries/8/entries/8/name,Vault Locations,金庫位置,project-proposed
VEoR,/data/6/entries/8/entries/8/entries/2/name,V1: Entrance,V1: 入口,project-proposed
VEoR,/data/6/entries/8/entries/8/entries/2/entries/3/name,Trapped Doorway,陷阱門道,project-proposed
VEoR,/data/6/entries/8/entries/8/entries/3/name,V2: Anteroom,V2: 前廳,project-proposed
VEoR,/data/6/entries/8/entries/8/entries/3/entries/2/name,Treasure,寶藏,existing-site
VEoR,/data/6/entries/8/entries/8/entries/4/name,V3: Escape Tunnel,V3: 逃生隧道,project-proposed
VEoR,/data/6/entries/8/entries/8/entries/5/name,V4: Halls,V4: 廳堂,project-proposed
VEoR,/data/6/entries/8/entries/8/entries/5/entries/2/name,Raising the Alarm,拉響警報,project-proposed
VEoR,/data/6/entries/8/entries/8/entries/6/name,V5: Scrying Chamber,V5: 窺視室,project-proposed
VEoR,/data/6/entries/8/entries/8/entries/6/entries/1/name,Scrying Sphere,水晶球,project-proposed
VEoR,/data/6/entries/8/entries/8/entries/7/name,V6: Empty Cells,V6: 空牢房,project-proposed
VEoR,/data/6/entries/8/entries/8/entries/8/name,V7: Valendar's Cell,V7: 瓦倫達爾的牢房,project-proposed
VEoR,/data/6/entries/8/entries/8/entries/8/entries/3/name,Red Moonlight Mirror,紅月光鏡,project-proposed
VEoR,/data/6/entries/8/entries/8/entries/8/entries/4/name,Saving Valendar,拯救瓦倫達爾,project-proposed
VEoR,/data/6/entries/8/entries/8/entries/8/entries/5/name,What Valendar Knows,瓦倫達爾所知道的,project-proposed
VEoR,/data/6/entries/8/entries/8/entries/8/entries/5/entries/2/items/0/name,General Layout,通常佈局,project-proposed
VEoR,/data/6/entries/8/entries/8/entries/8/entries/5/entries/2/items/1/name,Lunariums and Crystals,月石和水晶,project-proposed
VEoR,/data/6/entries/8/entries/8/entries/8/entries/5/entries/2/items/2/name,Magic Balance,魔法平衡,project-proposed
VEoR,/data/6/entries/8/entries/8/entries/8/entries/5/entries/2/items/3/name,Moonlight Mirrors,月光鏡,project-proposed
VEoR,/data/6/entries/8/entries/8/entries/8/entries/6/name,Valendar's Secret,瓦倫達爾的秘密,project-proposed
VEoR,/data/6/entries/8/entries/8/entries/9/name,V8: Garrison,V8: 衛戍區,project-proposed
VEoR,/data/6/entries/8/entries/8/entries/10/name,V9: Winding Staircase,V9: 螺旋樓梯,project-proposed
VEoR,/data/6/entries/8/entries/8/entries/11/name,V10: Trapped Black Rose Bearer,V10: 被困的黑玫瑰使者,project-proposed
VEoR,/data/6/entries/8/entries/8/entries/12/name,V11: Vault Access,V11: 金庫入口,project-proposed
VEoR,/data/6/entries/8/entries/8/entries/13/name,V12: Treasure Vaults,V12: 寶藏庫,project-proposed
VEoR,/data/6/entries/8/entries/8/entries/13/entries/1/name,V12a: Treasures,V12a: 寶藏,project-proposed
VEoR,/data/6/entries/8/entries/8/entries/13/entries/2/name,V12b: Guardian Chamber,V12b: 守衛室,project-proposed
VEoR,/data/6/entries/8/entries/8/entries/13/entries/3/name,V12c: Empty Vault,V12c: 空金庫,project-proposed
VEoR,/data/6/entries/8/entries/8/entries/13/entries/4/name,V12d: Leader's Gear,V12d: 領袖裝備,project-proposed
VEoR,/data/6/entries/8/entries/8/entries/14/name,V13: Ruined Vault,V13: 毀壞的金庫,project-proposed
VEoR,/data/6/entries/8/entries/8/entries/15/name,V14: Flooded Basement,V14: 水淹地下室,project-proposed
VEoR,/data/6/entries/8/entries/8/entries/16/name,V15: Lunar Shrine,V15: 月神殿,project-proposed
VEoR,/data/6/entries/8/entries/8/entries/16/entries/2/name,White Moonlight Mirror,白月光鏡,project-proposed
VEoR,/data/6/entries/8/entries/8/entries/16/entries/3/name,Shrine's Guardian,神殿的守衛,project-proposed
VEoR,/data/6/entries/8/entries/8/entries/16/entries/3/entries/2/items/0/name,Position of the Moons,月亮的位置,project-proposed
VEoR,/data/6/entries/8/entries/8/entries/16/entries/3/entries/2/items/1/name,Stairwell Passphrase,樓梯井口令,project-proposed
VEoR,/data/6/entries/8/entries/8/entries/17/name,V16: Locked Stairwell,V16: 鎖住的樓梯間,project-proposed
VEoR,/data/6/entries/8/entries/8/entries/18/name,V17: White Tower Ruins,V17: 白塔遺蹟,project-proposed
VEoR,/data/6/entries/8/entries/8/entries/19/name,V18: Veteran Camp,V18: 老兵營地,project-proposed
VEoR,/data/6/entries/8/entries/8/entries/20/name,V19: White Tower Lookout,V19: 白塔瞭望臺,project-proposed
VEoR,/data/6/entries/8/entries/8/entries/21/name,V20: Ruined Shrine,V20: 廢墟神龕,project-proposed
VEoR,/data/6/entries/8/entries/8/entries/21/entries/2/name,White Moonlight Mirror,白月光鏡,project-proposed
VEoR,/data/6/entries/8/entries/8/entries/22/name,V21: Drawbridge,V21: 吊橋,project-proposed
VEoR,/data/6/entries/8/entries/8/entries/22/entries/2/name,Drawbridge,吊橋,project-proposed
VEoR,/data/6/entries/8/entries/8/entries/22/entries/3/name,Moat,護城河,project-proposed
VEoR,/data/6/entries/8/entries/8/entries/23/name,V22: Lookout Turret,V22: 瞭望塔,project-proposed
VEoR,/data/6/entries/8/entries/8/entries/24/name,V23: Wall Walk,V23: 牆道,project-proposed
VEoR,/data/6/entries/8/entries/8/entries/25/name,V24: Rookery,V24: 鳥巢,project-proposed
VEoR,/data/6/entries/8/entries/8/entries/26/name,V25: Courtyard,V25: 庭院,project-proposed
VEoR,/data/6/entries/8/entries/8/entries/27/name,V26: Barrack,V26: 兵營,project-proposed
VEoR,/data/6/entries/8/entries/8/entries/28/name,V27: Armory,V27: 軍械庫,project-proposed
VEoR,/data/6/entries/8/entries/8/entries/28/entries/1/name,Treasure,寶藏,existing-site
VEoR,/data/6/entries/8/entries/8/entries/29/name,V28: Royal Quarters,V28: 皇家住所,project-proposed
VEoR,/data/6/entries/8/entries/8/entries/29/entries/2/name,Black Moonlight Mirror,黑月光鏡,project-proposed
VEoR,/data/6/entries/8/entries/8/entries/30/name,V29: Orrery,V29: 天文儀,project-proposed
VEoR,/data/6/entries/8/entries/8/entries/30/entries/3/name,Deciphering the Orrery,解讀天球儀,project-proposed
VEoR,/data/6/entries/8/entries/8/entries/31/name,V30: Red Mirror Stairwell,V30: 紅鏡樓梯間,project-proposed
VEoR,/data/6/entries/8/entries/8/entries/31/entries/1/name,Red Moonlight Mirror,紅月光鏡,project-proposed
VEoR,/data/6/entries/8/entries/8/entries/32/name,V31: Teremini's Quarters,V31: 特雷米尼的住處,project-proposed
VEoR,/data/6/entries/8/entries/8/entries/32/entries/2/name,Mimic,擬身怪,existing-site
VEoR,/data/6/entries/8/entries/8/entries/32/entries/3/name,Logbook,航海日誌,project-proposed
VEoR,/data/6/entries/8/entries/8/entries/33/name,V32: Stairwell,V32: 樓梯井,project-proposed
VEoR,/data/6/entries/8/entries/8/entries/34/name,V33: Muster Yard,V33: 集結場,project-proposed
VEoR,/data/6/entries/8/entries/8/entries/35/name,V34. Circle of Undeath,V34: 不死之環,project-proposed
VEoR,/data/6/entries/8/entries/8/entries/36/name,V35: Temple,V35: 神廟,project-proposed
VEoR,/data/6/entries/8/entries/8/entries/36/entries/2/name,Secret Door,暗門,project-proposed
VEoR,/data/6/entries/8/entries/8/entries/36/entries/3/name,Treasure,寶藏,existing-site
VEoR,/data/6/entries/8/entries/8/entries/37/name,V36: Akaazi's Quarters,V36: 阿卡茲宿舍,project-proposed
VEoR,/data/6/entries/8/entries/8/entries/37/entries/1/name,Black Moonlight Mirror,黑月光鏡,project-proposed
VEoR,/data/6/entries/8/entries/8/entries/38/name,V37: Aviary,V37: 鳥舍,project-proposed
VEoR,/data/6/entries/8/entries/9/name,Upper-Level Features,高層特徵,project-proposed
VEoR,/data/6/entries/8/entries/9/entries/2/name,Colored Glass,彩色玻璃,project-proposed
VEoR,/data/6/entries/8/entries/9/entries/3/name,Lunar Crystals,月晶石,project-proposed
VEoR,/data/6/entries/8/entries/9/entries/4/name,Solid Moonlight,堅固月光,project-proposed
VEoR,/data/6/entries/8/entries/10/name,Upper-Level Locations,上層地點,project-proposed
VEoR,/data/6/entries/8/entries/10/entries/2/name,U1: White Lunarium,U1: 白色月晶石,project-proposed
VEoR,/data/6/entries/8/entries/10/entries/3/name,U2: Red Lunarium,U2: 紅色月石,project-proposed
VEoR,/data/6/entries/8/entries/10/entries/4/name,U3: Black Lunarium,U3: 黑色月長石,project-proposed
VEoR,/data/6/entries/8/entries/10/entries/5/name,U4: Moonbridges,U4: 月橋,project-proposed
VEoR,/data/6/entries/8/entries/10/entries/6/name,U5: Moondisk,U5: 月盤,project-proposed
VEoR,/data/6/entries/8/entries/11/name,Disrupting the Ritual,擾亂儀式,project-proposed
VEoR,/data/6/entries/8/entries/11/entries/3/name,Ritual Duration,儀式持續時間,project-proposed
VEoR,/data/6/entries/8/entries/11/entries/4/name,Moonlight Shifts,月光變化,project-proposed
VEoR,/data/6/entries/8/entries/11/entries/5/name,Orinix Arrives,奧里尼克斯到達,project-proposed
VEoR,/data/6/entries/9/name,Next Steps,下一步,project-proposed
VEoR,/data/7/name,Chapter 7: Tomb of Wayward Souls,第7章：迷失靈魂之墓,project-proposed
VEoR,/data/7/entries/2/name,Running This Chapter,運作本章,project-proposed
VEoR,/data/7/entries/2/entries/3/name,Character Advancement,角色升級,existing-site
VEoR,/data/7/entries/2/entries/4/name,Power of Secrets,秘密的力量,project-proposed
VEoR,/data/7/entries/2/entries/4/entries/1/items/0/name,Marian's Secret,瑪莉安的秘密,project-proposed
VEoR,/data/7/entries/2/entries/4/entries/1/items/1/name,Rerak's Secret,瑞拉克的秘密,project-proposed
VEoR,/data/7/entries/2/entries/5/name,Sixth Rod Piece,第六塊法杖部件,project-proposed
VEoR,/data/7/entries/3/name,Oerth,奧斯,project-proposed
VEoR,/data/7/entries/3/entries/1/name,Isle of Serpents,蛇島,project-proposed
VEoR,/data/7/entries/3/entries/1/entries/1/items/0/name,Acererak's Machinations,阿瑟瑞克的陰謀,project-proposed
VEoR,/data/7/entries/3/entries/1/entries/1/items/1/name,Geography,地理位置,project-proposed
VEoR,/data/7/entries/3/entries/1/entries/1/items/2/name,Inhabitants,居民,project-proposed
VEoR,/data/7/entries/3/entries/1/entries/1/items/3/name,Legends,傳說,project-proposed
VEoR,/data/7/entries/4/name,Down to Oerth,下降到奧斯,project-proposed
VEoR,/data/7/entries/4/entries/2/name,Kraken Attack!,克拉肯怪攻擊！,project-proposed
VEoR,/data/7/entries/4/entries/2/entries/5/name,Meeting Laysa Matulin,遇見萊莎·馬圖林,project-proposed
VEoR,/data/7/entries/4/entries/3/name,Archaeologist Camp,考古學家營地,project-proposed
VEoR,/data/7/entries/4/entries/3/entries/3/name,Laysa's Goals,萊莎的目標,project-proposed
VEoR,/data/7/entries/4/entries/3/entries/3/entries/1/items/0/name,Foreign Complex,外國建築群,project-proposed
VEoR,/data/7/entries/4/entries/3/entries/3/entries/3/items/0/name,Some Progress,一些進展,project-proposed
VEoR,/data/7/entries/4/entries/3/entries/3/entries/3/items/1/name,Stolen Treasures,被盜的寶藏,project-proposed
VEoR,/data/7/entries/4/entries/3/entries/3/entries/6/name,Stolen Treasures,被盜的寶藏,project-proposed
VEoR,/data/7/entries/4/entries/3/entries/4/name,"Talo Yieria and Vogren Starcloak, Priests and Healers",塔洛·伊耶里亞和沃格倫·星袍，牧師和治療者,project-proposed
VEoR,/data/7/entries/4/entries/3/entries/4/entries/2/items/0/name,Reciprocity,互惠,project-proposed
VEoR,/data/7/entries/4/entries/3/entries/4/entries/2/items/1/name,Respect,尊重,project-proposed
VEoR,/data/7/entries/4/entries/3/entries/5/name,"Marian Xavere, Resident Mage",瑪莉安·澤維爾，常駐法師,project-proposed
VEoR,/data/7/entries/4/entries/3/entries/5/entries/2/name,Magic Items,魔法物品,existing-site
VEoR,/data/7/entries/4/entries/3/entries/5/entries/3/name,Marian's Secret,瑪莉安的秘密,project-proposed
VEoR,/data/7/entries/5/name,Into the Tomb,進入墓穴,project-proposed
VEoR,/data/7/entries/5/entries/2/name,Features of the Tomb,墳墓的特徵,project-proposed
VEoR,/data/7/entries/5/entries/2/entries/1/name,"Ceilings, Doors, Floors, and Walls",天花板、門、地板和牆壁,project-proposed
VEoR,/data/7/entries/5/entries/2/entries/2/name,Hidden Doors,隱藏門,project-proposed
VEoR,/data/7/entries/5/entries/2/entries/3/name,Lighting,光照,existing-site
VEoR,/data/7/entries/5/entries/2/entries/4/name,Planar Trammels,位面牽引,project-proposed
VEoR,/data/7/entries/5/entries/2/entries/5/name,The Rod Piece and Its Guardian,法杖碎片及其守護者,project-proposed
VEoR,/data/7/entries/5/entries/2/entries/5/entries/2/name,Corrupted Mirages,腐化的幻象,project-proposed
VEoR,/data/7/entries/5/entries/3/name,Tomb Locations,墳墓位置,project-proposed
VEoR,/data/7/entries/5/entries/3/entries/2/name,T1: False Entrance,T1: 假入口,project-proposed
VEoR,/data/7/entries/5/entries/3/entries/2/entries/2/name,Explosion Trap,爆炸陷阱,project-proposed
VEoR,/data/7/entries/5/entries/3/entries/3/name,T2: False Entrance,T2: 假入口,project-proposed
VEoR,/data/7/entries/5/entries/3/entries/3/entries/1/name,Arrow Trap,箭矢陷阱,project-proposed
VEoR,/data/7/entries/5/entries/3/entries/3/entries/2/name,Doors' Secret,門的秘密,project-proposed
VEoR,/data/7/entries/5/entries/3/entries/4/name,T3: Tomb Entrance,T3: 墓穴入口,project-proposed
VEoR,/data/7/entries/5/entries/3/entries/5/name,T4: Face of the Great Blue Devil,T4: 巨大藍魔的面孔,project-proposed
VEoR,/data/7/entries/5/entries/3/entries/5/entries/2/name,Mouth Portal,口部傳送門,project-proposed
VEoR,/data/7/entries/5/entries/3/entries/5/entries/3/name,Opening the Devil's Door,開啟惡魔之門,project-proposed
VEoR,/data/7/entries/5/entries/3/entries/6/name,T5: Cave of Seven Casks,T5: 七個桶的洞穴,project-proposed
VEoR,/data/7/entries/5/entries/3/entries/6/entries/6/items/0/name,Green Star,綠星,project-proposed
VEoR,/data/7/entries/5/entries/3/entries/6/entries/6/items/1/name,Blue Square,藍色方塊,project-proposed
VEoR,/data/7/entries/5/entries/3/entries/6/entries/6/items/2/name,Green Crescent Moon,綠月牙,project-proposed
VEoR,/data/7/entries/5/entries/3/entries/6/entries/6/items/3/name,Red Square,紅色方塊,project-proposed
VEoR,/data/7/entries/5/entries/3/entries/6/entries/6/items/4/name,Blue Circle,藍色圓圈,project-proposed
VEoR,/data/7/entries/5/entries/3/entries/6/entries/6/items/5/name,Green Circle,綠色圓圈,project-proposed
VEoR,/data/7/entries/5/entries/3/entries/6/entries/6/items/6/name,Red Star,紅色星星,project-proposed
VEoR,/data/7/entries/5/entries/3/entries/6/entries/8/name,Tunnel to Area T8,通往區域 T8 的隧道,project-proposed
VEoR,/data/7/entries/5/entries/3/entries/7/name,T6: Hall of Gemstones,T6: 寶石大廳,project-proposed
VEoR,/data/7/entries/5/entries/3/entries/7/entries/2/name,Gemstone Puzzle,寶石謎題,project-proposed
VEoR,/data/7/entries/5/entries/3/entries/8/name,T7: Skeleton Closet,T7: 骷髏壁櫥,project-proposed
VEoR,/data/7/entries/5/entries/3/entries/8/entries/2/name,Necklace Trap,項鍊陷阱,project-proposed
VEoR,/data/7/entries/5/entries/3/entries/9/name,T8: Room of Myriad Archways,T8: 千門之室,project-proposed
VEoR,/data/7/entries/5/entries/3/entries/9/entries/2/name,Archways,拱道,project-proposed
VEoR,/data/7/entries/5/entries/3/entries/9/entries/2/entries/1/items/0/name,North Archway,北拱門,project-proposed
VEoR,/data/7/entries/5/entries/3/entries/9/entries/2/entries/1/items/1/name,Northeast Archway,東北拱道,project-proposed
VEoR,/data/7/entries/5/entries/3/entries/9/entries/2/entries/1/items/2/name,East Archway,東拱門,project-proposed
VEoR,/data/7/entries/5/entries/3/entries/9/entries/2/entries/1/items/3/name,Southeast Archway,東南拱門,project-proposed
VEoR,/data/7/entries/5/entries/3/entries/9/entries/2/entries/1/items/4/name,South Archway,南拱道,project-proposed
VEoR,/data/7/entries/5/entries/3/entries/9/entries/2/entries/1/items/5/name,Southwest Archway,西南拱門,project-proposed
VEoR,/data/7/entries/5/entries/3/entries/9/entries/2/entries/1/items/6/name,West Archway,西拱道,project-proposed
VEoR,/data/7/entries/5/entries/3/entries/9/entries/2/entries/1/items/7/name,Northwest Archway,西北拱門,project-proposed
VEoR,/data/7/entries/5/entries/3/entries/10/name,T9: Forest of Spirits Mirage,T9: 靈魂森林的幻象,project-proposed
VEoR,/data/7/entries/5/entries/3/entries/10/entries/2/name,Piercing the Illusion,穿透幻象,project-proposed
VEoR,/data/7/entries/5/entries/3/entries/10/entries/3/name,Befriending Abalahin,與阿巴拉欣結友,project-proposed
VEoR,/data/7/entries/5/entries/3/entries/10/entries/4/name,Bobbing Spirit Lights,飄動的靈光,project-proposed
VEoR,/data/7/entries/5/entries/3/entries/10/entries/5/name,Treasure,寶藏,existing-site
VEoR,/data/7/entries/5/entries/3/entries/11/name,T10: Crushing Room Trap,T10: 壓碎房間陷阱,project-proposed
VEoR,/data/7/entries/5/entries/3/entries/12/name,T11: Strange Altar,T11: 奇異祭壇,project-proposed
VEoR,/data/7/entries/5/entries/3/entries/12/entries/2/items/0/name,Gold Chest,黃金寶箱,project-proposed
VEoR,/data/7/entries/5/entries/3/entries/12/entries/2/items/1/name,Silver Chest,銀色箱子,project-proposed
VEoR,/data/7/entries/5/entries/3/entries/12/entries/2/items/2/name,Lead Chest,鉛製箱子,project-proposed
VEoR,/data/7/entries/5/entries/3/entries/12/entries/3/name,Altar Trap,祭壇陷阱,project-proposed
VEoR,/data/7/entries/5/entries/3/entries/12/entries/3/entries/1/items/0/name,Gold Chest,黃金寶箱,project-proposed
VEoR,/data/7/entries/5/entries/3/entries/12/entries/3/entries/1/items/1/name,Silver Chest,銀色箱子,project-proposed
VEoR,/data/7/entries/5/entries/3/entries/12/entries/3/entries/1/items/2/name,Lead Chest,鉛製箱子,project-proposed
VEoR,/data/7/entries/5/entries/3/entries/13/name,T12: Room of Respite,T12: 休息室,project-proposed
VEoR,/data/7/entries/5/entries/3/entries/13/entries/2/name,Fountain,噴泉,existing-site
VEoR,/data/7/entries/5/entries/3/entries/14/name,T13: Celestial Sky Mirage,T13: 天界天空的幻象,project-proposed
VEoR,/data/7/entries/5/entries/3/entries/14/entries/3/name,Observing the Night Sky,觀察夜空,project-proposed
VEoR,/data/7/entries/5/entries/3/entries/14/entries/4/name,Box Trap,盒子陷阱,project-proposed
VEoR,/data/7/entries/5/entries/3/entries/14/entries/5/name,Treasure,寶藏,existing-site
VEoR,/data/7/entries/5/entries/3/entries/15/name,T14: Juggernaut Arena,T14: 巨型戰車競技場,project-proposed
VEoR,/data/7/entries/5/entries/3/entries/16/name,T15: Juggernaut Control Room,T15: 巨型戰車控制室,project-proposed
VEoR,/data/7/entries/5/entries/3/entries/16/entries/3/name,Destroying the Stone,摧毀此石,existing-site
VEoR,/data/7/entries/5/entries/3/entries/16/entries/4/name,Treasure,寶藏,existing-site
VEoR,/data/7/entries/5/entries/3/entries/17/name,T16: Acid Pit Crossing,T16: 酸性坑道穿越,project-proposed
VEoR,/data/7/entries/5/entries/3/entries/17/entries/2/name,Gust Nozzles,噴射口,project-proposed
VEoR,/data/7/entries/5/entries/3/entries/18/name,T17: Jade Serpent Guardians' Chamber,T17: 翡翠蛇守衛室,project-proposed
VEoR,/data/7/entries/5/entries/3/entries/18/entries/5/name,Appeasing the Statues,安撫雕像,project-proposed
VEoR,/data/7/entries/5/entries/3/entries/18/entries/6/name,Treasure,寶藏,existing-site
VEoR,/data/7/entries/5/entries/3/entries/19/name,T18: Hall of Discordance,T18: 不和大廳,project-proposed
VEoR,/data/7/entries/5/entries/3/entries/19/entries/2/name,Mask Door,面具門,project-proposed
VEoR,/data/7/entries/5/entries/3/entries/20/name,T19: Library,T19: 圖書館,project-proposed
VEoR,/data/7/entries/5/entries/3/entries/20/entries/2/name,Guardians,守衛,project-proposed
VEoR,/data/7/entries/5/entries/3/entries/20/entries/3/name,Treasure,寶藏,existing-site
VEoR,/data/7/entries/5/entries/3/entries/21/name,T20a–T20b: Void Closets,T20a–T20b: 虛空壁櫥,project-proposed
VEoR,/data/7/entries/5/entries/3/entries/21/entries/3/name,Spheres of Annihilation,湮滅法球,project-proposed
VEoR,/data/7/entries/5/entries/3/entries/22/name,T21: Phantasmal Mirage,T21: 幻象幻境,project-proposed
VEoR,/data/7/entries/5/entries/3/entries/22/entries/3/name,Piercing the Illusion,穿透幻象,project-proposed
VEoR,/data/7/entries/5/entries/3/entries/23/name,T22: Vortex Bridge,T22: 漩渦橋,project-proposed
VEoR,/data/7/entries/5/entries/3/entries/23/entries/3/name,Bridge Puzzle,橋謎題,project-proposed
VEoR,/data/7/entries/5/entries/3/entries/24/name,T23: Arcane Laboratory,T23: 奧術實驗室,project-proposed
VEoR,/data/7/entries/5/entries/3/entries/24/entries/2/name,Secret Desk Compartment,秘密書桌隔間,project-proposed
VEoR,/data/7/entries/5/entries/3/entries/24/entries/3/name,Treasure,寶藏,existing-site
VEoR,/data/7/entries/5/entries/3/entries/25/name,T24: Underwater Trench Mirage,T24: 水下溝渠幻象,project-proposed
VEoR,/data/7/entries/5/entries/3/entries/25/entries/4/name,Piercing the Illusion,穿透幻象,project-proposed
VEoR,/data/7/entries/5/entries/3/entries/26/name,T25: Crypt Doors,T25: 墓穴之門,project-proposed
VEoR,/data/7/entries/5/entries/3/entries/26/entries/3/name,Knockout-Gas Trap,昏迷氣體陷阱,project-proposed
VEoR,/data/7/entries/5/entries/3/entries/27/name,T26: Crypt,T26: 墓穴,project-proposed
VEoR,/data/7/entries/5/entries/3/entries/27/entries/2/name,Appeasing Rerak,安撫雷拉克,project-proposed
VEoR,/data/7/entries/5/entries/3/entries/27/entries/3/name,Rerak's Secret,瑞拉克的秘密,project-proposed
VEoR,/data/7/entries/5/entries/3/entries/27/entries/4/name,False Treasures,假寶藏,project-proposed
VEoR,/data/7/entries/5/entries/3/entries/27/entries/5/name,Keys,鑰匙,project-proposed
VEoR,/data/7/entries/5/entries/3/entries/28/name,T27: Crypt Vault,T27: 墓穴金庫,project-proposed
VEoR,/data/7/entries/5/entries/3/entries/28/entries/4/name,Treasure,寶藏,existing-site
VEoR,/data/7/entries/5/entries/3/entries/28/entries/5/name,Exit,出口,project-proposed
VEoR,/data/7/entries/6/name,Next Steps,下一步,project-proposed
VEoR,/data/8/name,Chapter 8: The Dragon Queen's Pride,第8章：龍后之傲,project-proposed
VEoR,/data/8/entries/2/name,Running This Chapter,運作本章,project-proposed
VEoR,/data/8/entries/2/entries/2/name,Character Advancement,角色升級,existing-site
VEoR,/data/8/entries/2/entries/3/name,Power of Secrets,秘密的力量,project-proposed
VEoR,/data/8/entries/2/entries/4/name,Seventh Rod Piece,第七部分法杖,project-proposed
VEoR,/data/8/entries/3/name,Avernus,阿弗納斯,project-proposed
VEoR,/data/8/entries/3/entries/1/name,Knowledge of Avernus,阿弗納斯的知識,project-proposed
VEoR,/data/8/entries/3/entries/1/entries/1/items/0/name,Blood War,血戰,project-proposed
VEoR,/data/8/entries/3/entries/1/entries/1/items/1/name,Environment,環境,project-proposed
VEoR,/data/8/entries/3/entries/1/entries/1/items/2/name,History,歷史,existing-site
VEoR,/data/8/entries/3/entries/1/entries/1/items/3/name,Queen of Dragons,龍之女王,project-proposed
VEoR,/data/8/entries/3/entries/2/name,Spell Modifications,法術修改,project-proposed
VEoR,/data/8/entries/3/entries/3/name,Traversing Avernus,穿越阿弗納斯,project-proposed
VEoR,/data/8/entries/4/name,Descending into Avernus,降臨阿弗納斯,project-proposed
VEoR,/data/8/entries/4/entries/4/name,Hell of a Ride,地獄之旅,project-proposed
VEoR,/data/8/entries/4/entries/4/entries/9/name,Driving the Venatrix,駕駛捕食者,project-proposed
VEoR,/data/8/entries/4/entries/4/entries/9/entries/1/name,Driving,駕駛,project-proposed
VEoR,/data/8/entries/4/entries/4/entries/9/entries/2/name,Soul Fuel,靈魂燃料,project-proposed
VEoR,/data/8/entries/4/entries/4/entries/9/entries/3/name,Vehicle Statistics,車輛具體數值,project-proposed
VEoR,/data/8/entries/4/entries/4/entries/9/entries/4/name,Weapon Stations,武器操作檯,project-proposed
VEoR,/data/8/entries/4/entries/5/name,Goristro Raid,巨牛魔突襲,project-proposed
VEoR,/data/8/entries/4/entries/5/entries/6/entries/0/name,True Treasure Revealed,真寶藏揭示,project-proposed
VEoR,/data/8/entries/4/entries/6/name,Stop for Directions,停下來問路,project-proposed
VEoR,/data/8/entries/5/name,The Red Belvedere,紅亭臺,project-proposed
VEoR,/data/8/entries/5/entries/5/name,Casino Lobby,賭場大堂,project-proposed
VEoR,/data/8/entries/5/entries/6/name,Meeting Windfall,遇見意外之財,project-proposed
VEoR,/data/8/entries/5/entries/6/entries/2/items/0/name,Casino,賭場,project-proposed
VEoR,/data/8/entries/5/entries/6/entries/2/items/1/name,Currency,貨幣,project-proposed
VEoR,/data/8/entries/5/entries/6/entries/2/items/2/name,Dragon Queen Dedication,龍後奉獻,project-proposed
VEoR,/data/8/entries/5/entries/6/entries/2/items/3/name,Rod Piece,杆件,project-proposed
VEoR,/data/8/entries/5/entries/7/name,Where's the Rod Piece?,權杖部件在哪裡？,project-proposed
VEoR,/data/8/entries/5/entries/8/name,Casino Currency,賭場貨幣,project-proposed
VEoR,/data/8/entries/5/entries/8/entries/2/items/0/name,Curse,詛咒,existing-site
VEoR,/data/8/entries/5/entries/8/entries/3/entries/0/name,Soul Coins,靈魂幣,project-proposed
VEoR,/data/8/entries/5/entries/8/entries/4/name,Soul Coin,靈魂幣,existing-site
VEoR,/data/8/entries/5/entries/9/name,Casino Security,賭場安保,project-proposed
VEoR,/data/8/entries/5/entries/10/name,Casino Pit Masters,賭場賭檯主管,project-proposed
VEoR,/data/8/entries/5/entries/10/entries/1/name,Kaylan Renaudon,凱蘭·雷諾頓,existing-site
VEoR,/data/8/entries/5/entries/10/entries/1/entries/3/name,Gaining Kaylan's Favor,贏得凱蘭的青睞,project-proposed
VEoR,/data/8/entries/5/entries/10/entries/1/entries/3/entries/1/name,Cheating in the Red Belvedere,在紅亭臺作弊,project-proposed
VEoR,/data/8/entries/5/entries/10/entries/2/name,Khai Kiroth,凱基羅特,existing-site
VEoR,/data/8/entries/5/entries/10/entries/2/entries/2/name,Gaining Khai's Favor,贏得凱的青睞,project-proposed
VEoR,/data/8/entries/5/entries/10/entries/3/name,Nyssa Otellion,妮莎·歐泰利昂,existing-site
VEoR,/data/8/entries/5/entries/10/entries/3/entries/2/name,Gaining Nyssa's Favor,贏得妮莎的青睞,project-proposed
VEoR,/data/8/entries/5/entries/10/entries/4/name,"Rezran ""Snake Eyes"" Agrodro",雷茲蘭「蛇眼」阿格羅卓,existing-site
VEoR,/data/8/entries/5/entries/10/entries/4/entries/2/name,Gaining Rezran's Favor,贏得雷茲蘭的青睞,project-proposed
VEoR,/data/8/entries/5/entries/10/entries/5/name,Uvashar,烏瓦沙爾,existing-site
VEoR,/data/8/entries/5/entries/10/entries/5/entries/3/name,Gaining Uvashar's Favor,贏得烏瓦沙爾的青睞,project-proposed
VEoR,/data/8/entries/6/name,Casino Rooms,賭場房間,project-proposed
VEoR,/data/8/entries/6/entries/1/name,Alabaster Racetrack,雪花石膏賽車場,project-proposed
VEoR,/data/8/entries/6/entries/1/entries/3/name,To Cheat or Not to Cheat,作弊還是不作弊,project-proposed
VEoR,/data/8/entries/6/entries/1/entries/3/entries/4/name,Uvashar Unmasked,揭開烏瓦沙爾的真面目,project-proposed
VEoR,/data/8/entries/6/entries/1/entries/4/name,Stables,馬廄,project-proposed
VEoR,/data/8/entries/6/entries/1/entries/4/entries/5/name,Rigging the Race,操縱比賽,project-proposed
VEoR,/data/8/entries/6/entries/1/entries/4/entries/5/entries/1/items/0/name,Step 1,第一步,project-proposed
VEoR,/data/8/entries/6/entries/1/entries/4/entries/5/entries/1/items/1/name,Step 2,第二步,project-proposed
VEoR,/data/8/entries/6/entries/1/entries/4/entries/5/entries/1/items/2/name,Step 3,第三步,project-proposed
VEoR,/data/8/entries/6/entries/1/entries/4/entries/5/entries/1/items/3/name,Step 4,第四步,project-proposed
VEoR,/data/8/entries/6/entries/1/entries/5/name,Pit Master's Confrontation,賭檯主管的對峙,project-proposed
VEoR,/data/8/entries/6/entries/1/entries/5/entries/3/name,Telling the Truth,說出真相,project-proposed
VEoR,/data/8/entries/6/entries/1/entries/5/entries/4/name,Lying,撒謊,project-proposed
VEoR,/data/8/entries/6/entries/2/name,Cerulean Hall,蔚藍大廳,project-proposed
VEoR,/data/8/entries/6/entries/2/entries/2/name,Games in the Cerulean Hall,天藍大廳的遊戲,project-proposed
VEoR,/data/8/entries/6/entries/2/entries/3/name,A Contest of Wits,智慧的較量,project-proposed
VEoR,/data/8/entries/6/entries/2/entries/3/entries/3/name,Nyssa's Cheating,妮莎的作弊,project-proposed
VEoR,/data/8/entries/6/entries/2/entries/3/entries/4/name,End of the Match,比賽結束,project-proposed
VEoR,/data/8/entries/6/entries/3/name,Scarlet Coliseum,猩紅鬥獸場,project-proposed
VEoR,/data/8/entries/6/entries/3/entries/3/name,Entering the Coliseum,進入競技場,project-proposed
VEoR,/data/8/entries/6/entries/3/entries/3/entries/4/items/0/name,Tier 1,第一階段(T1),project-proposed
VEoR,/data/8/entries/6/entries/3/entries/3/entries/4/items/1/name,Tier 2,第二階段(T2),project-proposed
VEoR,/data/8/entries/6/entries/3/entries/3/entries/4/items/2/name,Tier 3,第三階段(T3),project-proposed
VEoR,/data/8/entries/6/entries/3/entries/4/name,Pit Master's Challenge,賭檯主管的挑戰,project-proposed
VEoR,/data/8/entries/6/entries/3/entries/4/entries/3/name,Final Showdown,最終決戰,project-proposed
VEoR,/data/8/entries/6/entries/4/name,Stygian Maze,冥河迷宮,project-proposed
VEoR,/data/8/entries/6/entries/4/entries/2/items/0/name,Maze,迷宮術,existing-site
VEoR,/data/8/entries/6/entries/4/entries/2/items/1/name,Participation,參與,project-proposed
VEoR,/data/8/entries/6/entries/4/entries/2/items/2/name,Treasure,寶藏,existing-site
VEoR,/data/8/entries/6/entries/4/entries/5/name,Maze Features,迷宮特性,project-proposed
VEoR,/data/8/entries/6/entries/4/entries/5/entries/1/items/0/name,Ceilings,天花板,existing-site
VEoR,/data/8/entries/6/entries/4/entries/5/entries/1/items/1/name,Floor and Walls,地板和牆壁,project-proposed
VEoR,/data/8/entries/6/entries/4/entries/5/entries/1/items/2/name,Lighting,光照,existing-site
VEoR,/data/8/entries/6/entries/4/entries/5/entries/1/items/3/name,Room Size,房間尺寸,project-proposed
VEoR,/data/8/entries/6/entries/4/entries/6/name,Navigating the Maze,穿越迷宮,project-proposed
VEoR,/data/8/entries/6/entries/5/name,Viridian Den,翠綠巢穴,project-proposed
VEoR,/data/8/entries/6/entries/5/entries/2/entries/0/name,Pit Master's Favor,賭檯主管的青睞,project-proposed
VEoR,/data/8/entries/6/entries/5/entries/3/name,Games in the Viridian Den,翠綠色小窩的遊戲,project-proposed
VEoR,/data/8/entries/6/entries/5/entries/3/entries/1/name,Drake's Auction,幼龍的拍賣,project-proposed
VEoR,/data/8/entries/6/entries/5/entries/3/entries/2/name,Triple Hydra,三頭蛇,project-proposed
VEoR,/data/8/entries/7/name,Dragon's Pride,龍后之傲,project-proposed
VEoR,/data/8/entries/7/entries/2/name,Entering Dragon's Pride,進入龍后之傲,project-proposed
VEoR,/data/8/entries/7/entries/3/name,Features of Dragon's Pride,龍后之傲的特點,project-proposed
VEoR,/data/8/entries/7/entries/3/entries/1/name,"Ceilings, Floors, and Walls",天花板、地板和牆壁,project-proposed
VEoR,/data/8/entries/7/entries/3/entries/2/name,Lighting,光照,existing-site
VEoR,/data/8/entries/7/entries/3/entries/3/name,Security,安全,project-proposed
VEoR,/data/8/entries/7/entries/3/entries/4/name,Wards,大區,project-proposed
VEoR,/data/8/entries/7/entries/4/name,Dragon's Pride Locations,龍后之傲的地點,project-proposed
VEoR,/data/8/entries/7/entries/4/entries/2/name,N1: Wyrmsong Cantina,N1: 龍吟酒館,project-proposed
VEoR,/data/8/entries/7/entries/4/entries/2/entries/2/name,Oganath's Cocktails,奧加納斯的雞尾酒,project-proposed
VEoR,/data/8/entries/7/entries/4/entries/2/entries/2/entries/1/items/0/name,Blazing Bloody Jack (Costs 100 Talons),熾熱血腥傑克（花費100爪幣）,project-proposed
VEoR,/data/8/entries/7/entries/4/entries/2/entries/2/entries/1/items/1/name,Joker's Sky (Costs 125 Talons),小丑的天空（花費125爪幣）,project-proposed
VEoR,/data/8/entries/7/entries/4/entries/2/entries/2/entries/1/items/2/name,Salubra Slinger (Costs 50 Talons),健康射手（花費50爪幣）,project-proposed
VEoR,/data/8/entries/7/entries/4/entries/3/name,N2: Enchanting Arcana,N2: 迷人奧秘,project-proposed
VEoR,/data/8/entries/7/entries/4/entries/3/entries/3/name,Forged in Hell,地獄鍛造,project-proposed
VEoR,/data/8/entries/7/entries/4/entries/3/entries/3/entries/1/items/0/name,Curse,詛咒,existing-site
VEoR,/data/8/entries/7/entries/4/entries/4/name,N3: Virtuous Vices,N3: 美德的惡習,project-proposed
VEoR,/data/8/entries/7/entries/4/entries/4/entries/2/items/0/name,Brimstone Springs (Costs 100 Talons),硫磺泉（花費100爪幣）,project-proposed
VEoR,/data/8/entries/7/entries/4/entries/4/entries/2/items/1/name,Luxe Reawakening (Costs 450 Talons),豪華覺醒（花費450爪幣）,project-proposed
VEoR,/data/8/entries/7/entries/4/entries/5/name,N4: Windfall's Office,N4: 意外之財的辦公室,project-proposed
VEoR,/data/8/entries/7/entries/4/entries/5/entries/5/items/0/name,The First World,第一世界,project-proposed
VEoR,/data/8/entries/7/entries/4/entries/5/entries/5/items/1/name,The Ruby Dragon,紅寶石龍,project-proposed
VEoR,/data/8/entries/7/entries/4/entries/5/entries/5/items/2/name,The Simulacrum Project,模擬像計劃,project-proposed
VEoR,/data/8/entries/7/entries/4/entries/5/entries/6/name,Secret Entrance,秘密入口,project-proposed
VEoR,/data/8/entries/7/entries/4/entries/5/entries/7/name,Treasure,寶藏,existing-site
VEoR,/data/8/entries/7/entries/4/entries/6/name,N5: Ruby Sanctum,N5: 紅寶石聖所,project-proposed
VEoR,/data/8/entries/7/entries/4/entries/6/entries/4/name,Draconic Intervention,龍族幹預,project-proposed
VEoR,/data/8/entries/7/entries/4/entries/6/entries/5/name,Retrieving the Rod Piece,取回權杖部件,project-proposed
VEoR,/data/8/entries/7/entries/4/entries/6/entries/6/name,To Tiamat's Lair,前往提亞馬特的巢穴,project-proposed
VEoR,/data/8/entries/8/name,Next Steps,下一步,project-proposed
VEoR,/data/9/name,Chapter 9: The Betrayer Revealed,第9章：背叛者揭露,project-proposed
VEoR,/data/9/entries/3/name,Running This Chapter,運作本章,project-proposed
VEoR,/data/9/entries/3/entries/3/name,Character Advancement,角色升級,existing-site
VEoR,/data/9/entries/3/entries/4/name,Power of Secrets,秘密的力量,project-proposed
VEoR,/data/9/entries/3/entries/4/entries/1/items/0/name,Malaina's Secret,瑪萊娜的秘密,project-proposed
VEoR,/data/9/entries/4/name,Returning from Avernus,從阿弗納斯返回,project-proposed
VEoR,/data/9/entries/4/entries/5/name,If the Characters Decline,如果角色拒絕,project-proposed
VEoR,/data/9/entries/4/entries/5/entries/1/name,The Other Wizards,其他法師,project-proposed
VEoR,/data/9/entries/4/entries/5/entries/2/name,Missing Malaina,失蹤的瑪萊娜,project-proposed
VEoR,/data/9/entries/4/entries/5/entries/2/entries/3/name,Following the Lead,跟隨線索,project-proposed
VEoR,/data/9/entries/4/entries/5/entries/3/name,Fighting Kas,對抗凱斯,project-proposed
VEoR,/data/9/entries/5/name,Kas Reveals Himself,凱斯顯露真身,project-proposed
VEoR,/data/9/entries/5/entries/4/name,Reality Dawns,真相大白,project-proposed
VEoR,/data/9/entries/5/entries/4/entries/6/name,Chasing Kas,追逐凱斯,project-proposed
VEoR,/data/9/entries/5/entries/4/entries/7/name,The Way Forward,前進的道路,project-proposed
VEoR,/data/9/entries/5/entries/4/entries/8/name,Malaina's Mistrust,瑪萊娜的不信任,project-proposed
VEoR,/data/9/entries/5/entries/4/entries/8/entries/1/name,Malaina's Secret,瑪萊娜的秘密,project-proposed
VEoR,/data/9/entries/6/name,Pandesmos Outlook,潘德斯莫斯瞭望臺,project-proposed
VEoR,/data/9/entries/6/entries/2/name,Pandemonium,喧癲空隧,existing-site
VEoR,/data/9/entries/6/entries/3/name,General Features,通用特徵,project-proposed
VEoR,/data/9/entries/6/entries/3/entries/1/name,Demons,惡魔,existing-site
VEoR,/data/9/entries/6/entries/3/entries/2/name,Doorway,門口,project-proposed
VEoR,/data/9/entries/6/entries/3/entries/3/name,Elevation,海拔,project-proposed
VEoR,/data/9/entries/6/entries/3/entries/4/name,Geysers,間歇泉,existing-site
VEoR,/data/9/entries/6/entries/3/entries/5/name,Lighting,光照,existing-site
VEoR,/data/9/entries/6/entries/4/name,Tracking Kas,追蹤凱斯,project-proposed
VEoR,/data/9/entries/6/entries/4/entries/2/name,Interrogating Demons,審問惡魔,project-proposed
VEoR,/data/9/entries/6/entries/4/entries/3/name,Investigating the Battlefield,調查戰場,project-proposed
VEoR,/data/9/entries/7/name,Next Steps,下一步,project-proposed
VEoR,/data/10/name,Chapter 10: The War of Pandesmos,第10章：潘德斯莫斯之戰,project-proposed
VEoR,/data/10/entries/2/name,Running This Chapter,運作本章,project-proposed
VEoR,/data/10/entries/2/entries/2/name,Character Advancement,角色升級,existing-site
VEoR,/data/10/entries/2/entries/3/name,Power of Secrets,秘密的力量,project-proposed
VEoR,/data/10/entries/2/entries/3/entries/1/items/0/name,Naxa's Secret,納克薩的秘密,project-proposed
VEoR,/data/10/entries/2/entries/3/entries/1/items/1/name,Kas's Secret,凱斯的秘密,project-proposed
VEoR,/data/10/entries/3/name,Chaos Incarnate,混沌化身,project-proposed
VEoR,/data/10/entries/4/name,Carapace Ridge,甲殼脊,project-proposed
VEoR,/data/10/entries/4/entries/6/name,Vaeve's Offer,薇芙的提議,project-proposed
VEoR,/data/10/entries/4/entries/6/entries/1/name,Talking with Vaeve,與薇芙對話,project-proposed
VEoR,/data/10/entries/4/entries/6/entries/1/entries/2/items/0/name,An Explanation,一個解釋,project-proposed
VEoR,/data/10/entries/4/entries/6/entries/1/entries/2/items/1/name,Assistance Needed,需要幫助,project-proposed
VEoR,/data/10/entries/4/entries/6/entries/1/entries/2/items/2/name,General's Presence,將軍的威嚴,project-proposed
VEoR,/data/10/entries/4/entries/6/entries/1/entries/2/items/3/name,Miska's Location,米斯卡的位置,project-proposed
VEoR,/data/10/entries/4/entries/6/entries/1/entries/2/items/4/name,Vampire's Presence,吸血鬼的存在,project-proposed
VEoR,/data/10/entries/4/entries/6/entries/1/entries/2/items/5/name,Vampire's Home,吸血鬼之家,project-proposed
VEoR,/data/10/entries/4/entries/7/name,Avoiding the War,避免戰爭,project-proposed
VEoR,/data/10/entries/4/entries/7/entries/1/name,Teleportation,傳送,existing-site
VEoR,/data/10/entries/4/entries/7/entries/2/name,Flight,飛翔,existing-site
VEoR,/data/10/entries/4/entries/8/name,The Ruinous Sea,毀滅之海,project-proposed
VEoR,/data/10/entries/4/entries/8/entries/2/name,Swimming the Ruinous Sea,遊過毀滅之海,project-proposed
VEoR,/data/10/entries/5/name,Hurricane Tower,颶風塔,project-proposed
VEoR,/data/10/entries/5/entries/3/name,Camlash,卡姆拉什,existing-site
VEoR,/data/10/entries/5/entries/4/name,Reaching the Tower,到達塔樓,project-proposed
VEoR,/data/10/entries/5/entries/5/name,Hurricane Tower Features,颶風塔特點,project-proposed
VEoR,/data/10/entries/5/entries/5/entries/1/name,Ceilings,天花板,existing-site
VEoR,/data/10/entries/5/entries/5/entries/2/name,Lighting,光照,existing-site
VEoR,/data/10/entries/5/entries/5/entries/3/name,Masking Chittering,遮蔽的啁啾聲,project-proposed
VEoR,/data/10/entries/5/entries/6/name,Tower Locations,塔樓位置,project-proposed
VEoR,/data/10/entries/5/entries/6/entries/2/name,X1: Vestibule,X1: 前廳,project-proposed
VEoR,/data/10/entries/5/entries/6/entries/2/entries/5/name,Cutting the Webs,切斷蛛網,project-proposed
VEoR,/data/10/entries/5/entries/6/entries/2/entries/6/name,Treasure,寶藏,existing-site
VEoR,/data/10/entries/5/entries/6/entries/3/name,X2: Tower Base,X2: 塔基,project-proposed
VEoR,/data/10/entries/5/entries/6/entries/3/entries/3/name,Causing a Rout,引發潰敗,project-proposed
VEoR,/data/10/entries/5/entries/6/entries/3/entries/4/name,Cutting the Webs,切斷蛛網,project-proposed
VEoR,/data/10/entries/5/entries/7/name,The Tower Falls,塔樓倒塌,project-proposed
VEoR,/data/10/entries/5/entries/7/entries/2/items/0/name,Destroyed Citadel Areas,被摧毀的城堡區域,project-proposed
VEoR,/data/10/entries/5/entries/7/entries/2/items/1/name,Forces Disperse,力量分散,project-proposed
VEoR,/data/10/entries/5/entries/7/entries/2/items/2/name,Spyder-Fiends Falter,蜘蛛惡魔動搖,project-proposed
VEoR,/data/10/entries/5/entries/7/entries/2/items/3/name,The Vampire Notices,吸血鬼注意到了,project-proposed
VEoR,/data/10/entries/6/name,Ruinous Citadel,毀滅堡壘,project-proposed
VEoR,/data/10/entries/6/entries/3/name,Miska,米斯卡,project-proposed
VEoR,/data/10/entries/6/entries/4/name,Features of the Ruinous Citadel,毀滅堡壘的特點,project-proposed
VEoR,/data/10/entries/6/entries/4/entries/1/name,Ceilings,天花板,existing-site
VEoR,/data/10/entries/6/entries/4/entries/2/name,Doors,門,existing-site
VEoR,/data/10/entries/6/entries/4/entries/3/name,Lighting,光照,existing-site
VEoR,/data/10/entries/6/entries/4/entries/4/name,Respite from the Winds,遠離風的休息,project-proposed
VEoR,/data/10/entries/6/entries/5/name,Ruinous Citadel Locations,毀滅堡壘的位置,project-proposed
VEoR,/data/10/entries/6/entries/5/entries/2/name,Y1: Drill Field,Y1: 操練場,project-proposed
VEoR,/data/10/entries/6/entries/5/entries/2/entries/2/name,Glowing Signal,發光訊號,project-proposed
VEoR,/data/10/entries/6/entries/5/entries/3/name,Y2: Guard Hall,Y2: 警衛大廳,project-proposed
VEoR,/data/10/entries/6/entries/5/entries/4/name,Y3: Hall,Y3: 大廳,project-proposed
VEoR,/data/10/entries/6/entries/5/entries/5/name,Y4: Vault,Y4: 金庫,project-proposed
VEoR,/data/10/entries/6/entries/5/entries/5/entries/3/name,Meeting Naxa,與納克薩會面,project-proposed
VEoR,/data/10/entries/6/entries/5/entries/5/entries/4/name,Naxa's Secret,納克薩的秘密,project-proposed
VEoR,/data/10/entries/6/entries/5/entries/5/entries/5/name,Piles of Spoils,戰利品堆,project-proposed
VEoR,/data/10/entries/6/entries/5/entries/5/entries/6/name,Treasure,寶藏,existing-site
VEoR,/data/10/entries/6/entries/5/entries/6/name,Y5: Planning Chamber,Y5: 計劃室,project-proposed
VEoR,/data/10/entries/6/entries/5/entries/6/entries/2/name,Reviewing the Map,檢視地圖,project-proposed
VEoR,/data/10/entries/6/entries/5/entries/6/entries/2/entries/1/items/0/name,Glowing Dots,發光點,project-proposed
VEoR,/data/10/entries/6/entries/5/entries/6/entries/2/entries/1/items/1/name,Indication of Status,狀態指示,project-proposed
VEoR,/data/10/entries/6/entries/5/entries/6/entries/2/entries/1/items/2/name,The Cliffside Redoubt,懸崖堡壘,project-proposed
VEoR,/data/10/entries/6/entries/5/entries/6/entries/2/entries/1/items/3/name,Ruinous Citadel,毀滅堡壘,project-proposed
VEoR,/data/10/entries/6/entries/5/entries/6/entries/2/entries/1/items/4/name,Tower of Mystery,神秘之塔,project-proposed
VEoR,/data/10/entries/6/entries/5/entries/6/entries/2/entries/1/items/5/name,Violet Dot,紫點,project-proposed
VEoR,/data/10/entries/6/entries/5/entries/6/entries/3/name,Treasure,寶藏,existing-site
VEoR,/data/10/entries/6/entries/5/entries/7/name,Y6: Food Storage,Y6: 食物儲藏室,project-proposed
VEoR,/data/10/entries/6/entries/5/entries/8/name,Y7: Miska's Prison-Hall,Y7: 米斯卡的監獄大廳,project-proposed
VEoR,/data/10/entries/6/entries/5/entries/8/entries/4/name,Miska Intervenes,米斯卡介入,project-proposed
VEoR,/data/10/entries/6/entries/5/entries/8/entries/5/name,Demiplane Portal,半位面傳送門,project-proposed
VEoR,/data/10/entries/6/entries/5/entries/8/entries/6/name,Miska Freed,米斯卡被釋放,project-proposed
VEoR,/data/10/entries/6/entries/5/entries/8/entries/7/name,Sealing Miska Away,封印米斯卡,project-proposed
VEoR,/data/10/entries/6/entries/5/entries/8/entries/8/name,Treasure,寶藏,existing-site
VEoR,/data/10/entries/6/entries/5/entries/8/entries/8/entries/1/name,A Tougher Battle,一場更艱難的戰鬥,project-proposed
VEoR,/data/10/entries/6/entries/6/name,Removing the Rod,移除法杖,project-proposed
VEoR,/data/10/entries/6/entries/6/entries/1/items/0/name,Spyder-Fiends Flee,蜘蛛惡魔逃跑,project-proposed
VEoR,/data/10/entries/6/entries/6/entries/1/items/1/name,The Vampire Notices,吸血鬼注意到了,project-proposed
VEoR,/data/10/entries/7/name,Cliffside Redoubt,懸崖堡壘,project-proposed
VEoR,/data/10/entries/7/entries/3/name,Redoubt Features,堡壘特點,project-proposed
VEoR,/data/10/entries/7/entries/3/entries/1/name,Ceilings,天花板,existing-site
VEoR,/data/10/entries/7/entries/3/entries/2/name,Forbiddance,禁制術,existing-site
VEoR,/data/10/entries/7/entries/3/entries/3/name,Lighting,光照,existing-site
VEoR,/data/10/entries/7/entries/3/entries/4/name,Respite from the Winds,遠離風的休息,project-proposed
VEoR,/data/10/entries/7/entries/3/entries/5/name,Ventilation Tubes,通風管道,project-proposed
VEoR,/data/10/entries/7/entries/4/name,Cliffside Redoubt Locations,懸崖堡壘地點,project-proposed
VEoR,/data/10/entries/7/entries/4/entries/2/name,F1: Upper Bunker,F1: 上層掩體,project-proposed
VEoR,/data/10/entries/7/entries/4/entries/3/name,F2: Lower Entrance,F2: 下層入口,project-proposed
VEoR,/data/10/entries/7/entries/4/entries/4/name,F3: Central Chamber,F3: 中央室,project-proposed
VEoR,/data/10/entries/7/entries/4/entries/4/entries/3/name,Treasure,寶藏,existing-site
VEoR,/data/10/entries/8/name,Fighting Kas,對抗凱斯,project-proposed
VEoR,/data/10/entries/8/entries/5/entries/0/entries/0/name,Kas's Secret,凱斯的秘密,project-proposed
VEoR,/data/10/entries/9/name,Next Steps,下一步,project-proposed
VEoR,/data/11/name,Chapter 11: Eve of Ruin,第11章：毀滅前夕,project-proposed
VEoR,/data/11/entries/2/name,Running This Chapter,運作本章,project-proposed
VEoR,/data/11/entries/2/entries/3/name,Character Advancement,角色升級,existing-site
VEoR,/data/11/entries/2/entries/4/name,Power of Secrets,秘密的力量,project-proposed
VEoR,/data/11/entries/3/name,Reunion in Sigil,在法印城爾的團聚,project-proposed
VEoR,/data/11/entries/3/entries/2/items/0/name,Demiplanes,半位面,project-proposed
VEoR,/data/11/entries/3/entries/2/items/1/name,Ending Unrealities,終結非現實,project-proposed
VEoR,/data/11/entries/3/entries/2/items/2/name,Teleportation Ward,傳送防護結界,project-proposed
VEoR,/data/11/entries/4/name,Vecna's Grasp,維克那之握,project-proposed
VEoR,/data/11/entries/4/entries/1/name,Unrealities,非現實性,project-proposed
VEoR,/data/11/entries/4/entries/1/entries/2/name,Manifested Secrets,顯現的秘密,project-proposed
VEoR,/data/11/entries/4/entries/1/entries/2/entries/1/name,Locating the Manifested Secret,定位顯現的秘密,project-proposed
VEoR,/data/11/entries/4/entries/1/entries/3/name,Dismantling an Unreality,拆除一個非現實性,project-proposed
VEoR,/data/11/entries/4/entries/2/name,Vecna's Grasp Features,維克那之握特徵,project-proposed
VEoR,/data/11/entries/4/entries/2/entries/1/name,Ceilings,天花板,existing-site
VEoR,/data/11/entries/4/entries/2/entries/2/name,Lighting,光照,existing-site
VEoR,/data/11/entries/4/entries/2/entries/3/name,No Teleportation,無傳送,project-proposed
VEoR,/data/11/entries/4/entries/2/entries/4/name,Walls and Floors,牆壁和地板,project-proposed
VEoR,/data/11/entries/4/entries/3/name,Vecna's Grasp Locations,維克那之握地點,project-proposed
VEoR,/data/11/entries/4/entries/3/entries/2/name,E1: Kaleidoscopic Cavern,E1: 萬花筒洞穴,project-proposed
VEoR,/data/11/entries/4/entries/3/entries/3/name,E2: Unreality Tunnels,E2: 非現實隧道,project-proposed
VEoR,/data/11/entries/4/entries/3/entries/3/entries/2/name,E2a,E2a,project-proposed
VEoR,/data/11/entries/4/entries/3/entries/3/entries/3/name,E2b,E2b,project-proposed
VEoR,/data/11/entries/4/entries/3/entries/3/entries/4/name,E2c,E2c,project-proposed
VEoR,/data/11/entries/5/name,Torment of Kas,凱斯的折磨,project-proposed
VEoR,/data/11/entries/5/entries/9/name,Castle Locations,城堡地點,project-proposed
VEoR,/data/11/entries/5/entries/9/entries/2/name,K1: Ruined Bailey,K1: 荒廢的堡壘,project-proposed
VEoR,/data/11/entries/5/entries/9/entries/3/name,K2: Statues of Vecna,K2: 維克那雕像,project-proposed
VEoR,/data/11/entries/5/entries/9/entries/4/name,K3: Receiving Room,K3: 接待室,project-proposed
VEoR,/data/11/entries/5/entries/9/entries/5/name,K4: Fountain of Blood,K4: 血之泉,project-proposed
VEoR,/data/11/entries/5/entries/9/entries/5/entries/2/name,Vision of Vecna,維克那的幻象,project-proposed
VEoR,/data/11/entries/5/entries/9/entries/6/name,K5: Kas's Chamber,K5: 凱斯的房間,project-proposed
VEoR,/data/11/entries/5/entries/10/name,Manifested Secret,顯現的秘密,project-proposed
VEoR,/data/11/entries/6/name,Neverwinter's New King,無冬城的新國王,project-proposed
VEoR,/data/11/entries/6/entries/10/name,Manifested Secret,顯現的秘密,project-proposed
VEoR,/data/11/entries/7/name,Dead Gods,神屍,project-proposed
VEoR,/data/11/entries/7/entries/7/name,Blue Feather of Habbakuk,哈巴庫克的藍色羽毛,project-proposed
VEoR,/data/11/entries/7/entries/8/name,Arekanz's Donjon Locations,阿雷坎茲的城堡地點,project-proposed
VEoR,/data/11/entries/7/entries/8/entries/3/name,G1: Crumbling Mound,G1: 崩塌的土堆,project-proposed
VEoR,/data/11/entries/7/entries/8/entries/4/name,G2: Sword Bridge,G2: 劍橋,project-proposed
VEoR,/data/11/entries/7/entries/8/entries/5/name,G3: Horror's Fissure,G3: 恐怖之裂隙,project-proposed
VEoR,/data/11/entries/7/entries/8/entries/6/name,G4: Shrine of Habbakuk,G4: 哈巴庫克神祠,project-proposed
VEoR,/data/11/entries/7/entries/9/name,Manifested Secret,顯現的秘密,project-proposed
VEoR,/data/11/entries/8/name,Cave of Shattered Reflection,破碎倒影洞,project-proposed
VEoR,/data/11/entries/8/entries/1/name,Cave Features,洞穴特徵,project-proposed
VEoR,/data/11/entries/8/entries/1/entries/1/name,Crystal Walls,水晶牆壁,project-proposed
VEoR,/data/11/entries/8/entries/1/entries/2/name,Diamond Doors,鑽石門,project-proposed
VEoR,/data/11/entries/8/entries/1/entries/3/name,Lighting,光照,existing-site
VEoR,/data/11/entries/8/entries/1/entries/4/name,Limited Teleportation,有限傳送,project-proposed
VEoR,/data/11/entries/8/entries/1/entries/5/name,Empowered by Secrets,被秘密增強,project-proposed
VEoR,/data/11/entries/8/entries/2/name,Cave Locations,洞穴的地點,project-proposed
VEoR,/data/11/entries/8/entries/2/entries/2/name,R1: Shattered Grotto,R1: 破碎的洞穴,project-proposed
VEoR,/data/11/entries/8/entries/2/entries/3/name,R2: Threshold,R2: 門檻,project-proposed
VEoR,/data/11/entries/8/entries/2/entries/3/entries/2/name,Psychic Hum,心靈嗡鳴,project-proposed
VEoR,/data/11/entries/8/entries/2/entries/3/entries/3/name,Diamond Door,鑽石門,project-proposed
VEoR,/data/11/entries/8/entries/2/entries/4/name,R3: Ritual Chamber,R3: 儀式室,project-proposed
VEoR,/data/11/entries/8/entries/2/entries/4/entries/2/name,Amplified Hum,增強嗡鳴,project-proposed
VEoR,/data/11/entries/8/entries/2/entries/4/entries/3/name,Door Maze,門迷宮,project-proposed
VEoR,/data/11/entries/8/entries/2/entries/4/entries/4/name,Confronting Vecna,面對維克那,project-proposed
VEoR,/data/11/entries/9/name,Conclusion,結局,project-proposed
VEoR,/data/12/name,Appendix A: Bestiary,附錄A：怪物圖鑑,project-proposed
VEoR,/data/13/name,Appendix B: Character Dossier,附錄B：角色檔案,project-proposed
VEoR,/data/13/entries/1/name,Acererak,阿瑟瑞克,existing-site
VEoR,/data/13/entries/1/entries/1/name,History,歷史,existing-site
VEoR,/data/13/entries/1/entries/2/name,Personality,個性,existing-site
VEoR,/data/13/entries/2/name,Alustriel Silverhand,艾拉斯卓·銀手,existing-site
VEoR,/data/13/entries/2/entries/3/name,Personality,個性,existing-site
VEoR,/data/13/entries/2/entries/4/name,History,歷史,existing-site
VEoR,/data/13/entries/3/name,Kas the Betrayer,背叛者凱斯,existing-site
VEoR,/data/13/entries/3/entries/3/name,Personality,個性,existing-site
VEoR,/data/13/entries/4/name,Lolth the Spider Queen,羅絲，蜘蛛女王,project-proposed
VEoR,/data/13/entries/4/entries/1/name,History,歷史,existing-site
VEoR,/data/13/entries/4/entries/2/name,Personality,個性,existing-site
VEoR,/data/13/entries/5/name,Lord Soth,索思爵士,existing-site
VEoR,/data/13/entries/6/name,Miska the Wolf-Spider,米斯卡，狼蛛,existing-site
VEoR,/data/13/entries/6/entries/2/name,History,歷史,existing-site
VEoR,/data/13/entries/7/name,Mordenkainen,魔鄧肯,project-proposed
VEoR,/data/13/entries/7/entries/2/name,History,歷史,existing-site
VEoR,/data/13/entries/7/entries/3/name,Personality,個性,existing-site
VEoR,/data/13/entries/8/name,Strahd von Zarovich,施特拉德·馮·扎洛維奇,existing-site
VEoR,/data/13/entries/8/entries/2/name,History,歷史,existing-site
VEoR,/data/13/entries/9/name,Tasha,塔莎,project-proposed
VEoR,/data/13/entries/9/entries/2/name,Answering the Summons,回應召喚,existing-site
VEoR,/data/13/entries/10/name,Tiamat,提亞馬特,existing-site
VEoR,/data/13/entries/10/entries/1/name,History,歷史,existing-site
VEoR,/data/13/entries/10/entries/2/name,Personality,個性,existing-site
VEoR,/data/13/entries/11/name,Vecna,維克那,existing-site
VEoR,/data/14/name,Appendix C: Secrets Tracker,附錄C：秘密追蹤器,project-proposed
VEoR,/data/15/name,Credits,製作組,project-proposed
VEoR,/data/15/entries/0/items/0/name,Lead Designer:,首席設計師：,project-proposed
VEoR,/data/15/entries/0/items/1/name,Art Director:,藝術總監：,project-proposed
VEoR,/data/15/entries/0/items/2/name,Designers:,設計師：,project-proposed
VEoR,/data/15/entries/0/items/3/name,Rules Developers:,規則開發者：,project-proposed
VEoR,/data/15/entries/0/items/4/name,Lead Editor:,主編：,project-proposed
VEoR,/data/15/entries/0/items/5/name,Editors:,編輯：,project-proposed
VEoR,/data/15/entries/0/items/6/name,Lead Graphic Designer:,首席平面設計師：,project-proposed
VEoR,/data/15/entries/0/items/7/name,Graphic Designers:,平面設計師：,project-proposed
VEoR,/data/15/entries/0/items/8/name,Cover Illustrators:,封面插畫師：,project-proposed
VEoR,/data/15/entries/0/items/9/name,Cartographers:,製圖師：,project-proposed
VEoR,/data/15/entries/0/items/10/name,Interior Illustrators:,內頁插畫師：,project-proposed
VEoR,/data/15/entries/0/items/11/name,Concept Art Director:,概念藝術總監：,project-proposed
VEoR,/data/15/entries/0/items/12/name,Concept Artists:,概念藝術家：,project-proposed
VEoR,/data/15/entries/0/items/13/name,Consultants:,顧問：,project-proposed
VEoR,/data/15/entries/0/items/14/name,Project Engineer:,專案工程師：,project-proposed
VEoR,/data/15/entries/0/items/15/name,Imaging Technicians:,影像技術：,project-proposed
VEoR,/data/15/entries/0/items/16/name,Prepress Specialist:,排版專員：,project-proposed
VEoR,/data/15/entries/0/items/17/name,D&D Studio Executive Producer:,D&D工作室執行製片人：,project-proposed
VEoR,/data/15/entries/0/items/18/name,Game Architects:,遊戲設計師：,project-proposed
VEoR,/data/15/entries/0/items/19/name,Design Department:,設計部門：,project-proposed
VEoR,/data/15/entries/0/items/20/name,Studio Art Director:,工作室藝術總監：,project-proposed
VEoR,/data/15/entries/0/items/21/name,Art Manager:,藝術管理：,project-proposed
VEoR,/data/15/entries/0/items/22/name,Art Department:,藝術部門：,project-proposed
VEoR,/data/15/entries/0/items/23/name,Managing Editor:,主編：,project-proposed
VEoR,/data/15/entries/0/items/24/name,Editorial Department:,編輯部：,project-proposed
VEoR,/data/15/entries/0/items/25/name,Senior Producer:,總出品人：,project-proposed
VEoR,/data/15/entries/0/items/26/name,Producers:,製作人：,project-proposed
VEoR,/data/15/entries/0/items/27/name,Director of Studio Operations:,工作室運營總監：,project-proposed
VEoR,/data/15/entries/0/items/28/name,Director of Product Management:,產品管理總監：,project-proposed
VEoR,/data/15/entries/0/items/29/name,Product Managers:,產品經理：,project-proposed
