book,context,english,zh_tw,status
KftGV,/data/0/name,Introduction–A Collection of Heists,導言：劫案集,project-proposed
KftGV,/data/0/entries/2/name,Using the Adventures,使用冒險,project-proposed
KftGV,/data/0/entries/2/entries/1/items/0/name,Mission Briefing,任務簡報,project-proposed
KftGV,/data/0/entries/2/entries/1/items/1/name,Plan the Heist,策劃搶劫,project-proposed
KftGV,/data/0/entries/2/entries/1/items/2/name,Execute the Heist,執行搶劫,project-proposed
KftGV,/data/0/entries/2/entries/1/items/3/name,Conclude the Heist,完成劫案,project-proposed
KftGV,/data/0/entries/3/name,Running the Adventures,執行冒險,project-proposed
KftGV,/data/0/entries/3/entries/4/name,Creating a Heist Crew,組建盜竊團隊,project-proposed
KftGV,/data/0/entries/3/entries/5/name,A Campaign of Heists,一場劫案行動,project-proposed
KftGV,/data/0/entries/4/name,The Golden Vault,金庫,project-proposed
KftGV,/data/0/entries/4/entries/6/name,Keys from the Golden Vault,金庫之鑰,project-proposed
KftGV,/data/0/entries/4/entries/7/name,Heroes in the Shadows,暗影中的英雄,project-proposed
KftGV,/data/0/entries/4/entries/8/name,Meera Raheer,米拉·拉希爾,existing-site
KftGV,/data/0/entries/5/name,Heist Complications,搶劫複雜情況,project-proposed
KftGV,/data/0/entries/5/entries/2/name,The Moving MacGuffin,移動的麥高芬,project-proposed
KftGV,/data/0/entries/5/entries/3/name,Rival Crew,敵對團隊,project-proposed
KftGV,/data/0/entries/5/entries/3/entries/12/name,Rival Crew in Play,遊戲中的對手團隊,project-proposed
KftGV,/data/0/entries/5/entries/3/entries/13/name,Rival Crew Motivations,競爭對手團隊的動機,project-proposed
KftGV,/data/1/name,The Murkmire Malevolence,穆克米爾的邪惡,project-proposed
KftGV,/data/1/entries/3/name,Adventure Background,冒險背景,project-proposed
KftGV,/data/1/entries/4/name,Using the Golden Vault,使用金庫,project-proposed
KftGV,/data/1/entries/5/name,A Cry for Help,求救的呼聲,project-proposed
KftGV,/data/1/entries/5/entries/2/items/0/name,Dannell Family Friend,丹內爾家族的朋友,project-proposed
KftGV,/data/1/entries/5/entries/2/items/1/name,Museum Enthusiast,博物館愛好者,project-proposed
KftGV,/data/1/entries/5/entries/2/items/2/name,Varkenbluff University Student,瓦肯布盧夫大學學生,project-proposed
KftGV,/data/1/entries/5/entries/5/name,The Clock Is Ticking,時間在滴答作響,project-proposed
KftGV,/data/1/entries/5/entries/5/entries/5/name,What Dr. Dannell Knows,丹內爾博士所知道的,project-proposed
KftGV,/data/1/entries/5/entries/5/entries/5/entries/2/items/0/name,Getting the Egg,獲取卵,project-proposed
KftGV,/data/1/entries/5/entries/5/entries/5/entries/2/items/1/name,Traits of the Egg,蛋的特徵,project-proposed
KftGV,/data/1/entries/5/entries/5/entries/5/entries/2/items/2/name,Containing the Egg,控制卵,project-proposed
KftGV,/data/1/entries/5/entries/5/entries/5/entries/2/items/3/name,What's in the Egg,蛋裡有什麼,project-proposed
KftGV,/data/1/entries/5/entries/5/entries/6/name,Stealing the Murkmire Stone,偷取穆克米爾石,project-proposed
KftGV,/data/1/entries/5/entries/5/entries/7/name,Dr. Dannell's Tools,丹內爾博士的工具,project-proposed
KftGV,/data/1/entries/5/entries/5/entries/7/entries/1/name,Dannell's Map,丹內爾的地圖,project-proposed
KftGV,/data/1/entries/5/entries/5/entries/8/name,Museum Staff,博物館員工,project-proposed
KftGV,/data/1/entries/5/entries/5/entries/9/name,The Reward,回報,project-proposed
KftGV,/data/1/entries/6/name,The Opening Gala,開幕式,project-proposed
KftGV,/data/1/entries/6/entries/4/name,Scouting the Museum,偵查博物館,project-proposed
KftGV,/data/1/entries/6/entries/4/entries/3/name,Entering Nonpublic Areas,進入非公共區域,project-proposed
KftGV,/data/1/entries/6/entries/4/entries/4/name,Encountering Museum Guards,遭遇博物館警衛,project-proposed
KftGV,/data/1/entries/6/entries/4/entries/5/name,Investigating Security Measures,調查安全措施,project-proposed
KftGV,/data/1/entries/6/entries/4/entries/5/entries/1/name,Alarms,警報,project-proposed
KftGV,/data/1/entries/6/entries/4/entries/5/entries/2/name,Animated Statues,活化雕像,existing-site
KftGV,/data/1/entries/6/entries/4/entries/5/entries/3/name,Gemstone Wing,寶石翼,project-proposed
KftGV,/data/1/entries/6/entries/4/entries/5/entries/4/name,Guards,警衛們,existing-site
KftGV,/data/1/entries/6/entries/4/entries/6/name,Guard Locations After Hours,營業時間結束後的警衛位置,project-proposed
KftGV,/data/1/entries/6/entries/4/entries/7/name,Circumventing Security,規避安全措施,project-proposed
KftGV,/data/1/entries/6/entries/4/entries/7/entries/1/items/0/name,Avoiding Statues,避開雕像,project-proposed
KftGV,/data/1/entries/6/entries/4/entries/7/entries/1/items/1/name,Bypassing Alarms,繞過警報,project-proposed
KftGV,/data/1/entries/6/entries/4/entries/7/entries/1/items/2/name,Sneaking Past Guards,悄悄溜過警衛,project-proposed
KftGV,/data/1/entries/6/entries/4/entries/7/entries/1/items/3/name,Stealing Keys,偷鑰匙,project-proposed
KftGV,/data/1/entries/6/entries/4/entries/8/name,Hiding in the Museum,在博物館中隱藏,project-proposed
KftGV,/data/1/entries/6/entries/4/entries/8/entries/1/items/0/name,Cleaning Supply Storage,清潔用品儲藏室,project-proposed
KftGV,/data/1/entries/6/entries/4/entries/8/entries/1/items/1/name,Privies,廁所,project-proposed
KftGV,/data/1/entries/6/entries/4/entries/8/entries/1/items/2/name,Attic or Basement,閣樓或地下室,project-proposed
KftGV,/data/1/entries/6/entries/4/entries/9/name,Reentering the Museum,重新進入博物館,project-proposed
KftGV,/data/1/entries/6/entries/4/entries/9/entries/1/items/0/name,Front Doors,前門,project-proposed
KftGV,/data/1/entries/6/entries/4/entries/9/entries/1/items/1/name,Attic Skylight,閣樓天窗,project-proposed
KftGV,/data/1/entries/6/entries/4/entries/9/entries/1/items/2/name,Basement Doors,地下室門,project-proposed
KftGV,/data/1/entries/6/entries/5/name,Attending the Gala,參加晚會,project-proposed
KftGV,/data/1/entries/6/entries/5/entries/7/name,Curator Alda Arkin,館長阿爾達·阿金,project-proposed
KftGV,/data/1/entries/6/entries/5/entries/7/entries/2/name,Alda's Clutch,阿爾達的緊握,project-proposed
KftGV,/data/1/entries/6/entries/5/entries/8/name,Examining the Murkmire Stone,檢查穆克米爾石,project-proposed
KftGV,/data/1/entries/6/entries/5/entries/8/entries/1/name,Gemstone Wing Security Measures,寶石翅膀安全措施,project-proposed
KftGV,/data/1/entries/7/name,Varkenbluff Museum of Natural History,瓦肯布盧夫自然歷史博物館,project-proposed
KftGV,/data/1/entries/7/entries/1/name,General Features,通用特徵,project-proposed
KftGV,/data/1/entries/7/entries/1/entries/1/items/0/name,Ceilings,天花板,existing-site
KftGV,/data/1/entries/7/entries/1/entries/1/items/1/name,Interior Doors,室內門,project-proposed
KftGV,/data/1/entries/7/entries/1/entries/1/items/2/name,Lighting,光照,existing-site
KftGV,/data/1/entries/7/entries/1/entries/1/items/3/name,Secret Doors,暗門,project-proposed
KftGV,/data/1/entries/7/entries/2/name,Museum Locations,博物館位置,project-proposed
KftGV,/data/1/entries/7/entries/2/entries/2/name,V1: Grand Entrance,V1. 宏偉入口,project-proposed
KftGV,/data/1/entries/7/entries/2/entries/2/entries/2/name,Alarms,警報,project-proposed
KftGV,/data/1/entries/7/entries/2/entries/2/entries/3/name,Front Doors,前門,project-proposed
KftGV,/data/1/entries/7/entries/2/entries/2/entries/4/name,Trap,陷阱,existing-site
KftGV,/data/1/entries/7/entries/2/entries/3/name,V2: Museum Shops,V2. 博物館商店,project-proposed
KftGV,/data/1/entries/7/entries/2/entries/3/entries/2/name,Treasure,寶藏,existing-site
KftGV,/data/1/entries/7/entries/2/entries/4/name,V3: Ancient Plants Exhibit,V3. 古植物展區,project-proposed
KftGV,/data/1/entries/7/entries/2/entries/4/entries/2/name,Alarms,警報,project-proposed
KftGV,/data/1/entries/7/entries/2/entries/4/entries/3/name,Secret Doors,暗門,project-proposed
KftGV,/data/1/entries/7/entries/2/entries/5/name,V4: Ancient Cultures Exhibit,V4. 古代文化展覽,project-proposed
KftGV,/data/1/entries/7/entries/2/entries/5/entries/2/name,Secret Doors,暗門,project-proposed
KftGV,/data/1/entries/7/entries/2/entries/6/name,V5: Curator's Office,V5. 館長的辦公室,project-proposed
KftGV,/data/1/entries/7/entries/2/entries/6/entries/1/name,Alarm,警報術,existing-site
KftGV,/data/1/entries/7/entries/2/entries/6/entries/2/name,Deadly Doll,致命玩偶,project-proposed
KftGV,/data/1/entries/7/entries/2/entries/6/entries/3/name,Guards' Patrol Routes,守衛的巡邏路線,project-proposed
KftGV,/data/1/entries/7/entries/2/entries/7/name,V6: Records Room,V6. 檔案室,project-proposed
KftGV,/data/1/entries/7/entries/2/entries/7/entries/1/name,Alarm,警報術,existing-site
KftGV,/data/1/entries/7/entries/2/entries/7/entries/2/name,Records,檔案,project-proposed
KftGV,/data/1/entries/7/entries/2/entries/8/name,V7: Break Room and Storage,V7. 休息室與儲藏,project-proposed
KftGV,/data/1/entries/7/entries/2/entries/8/entries/1/name,Alarm,警報術,existing-site
KftGV,/data/1/entries/7/entries/2/entries/8/entries/2/name,Pass Card Stash,通行證卡藏匿處,project-proposed
KftGV,/data/1/entries/7/entries/2/entries/8/entries/3/name,Treasure,寶藏,existing-site
KftGV,/data/1/entries/7/entries/2/entries/9/name,V8: Creatures of the Past Exhibit,V8. 古代生物展覽,project-proposed
KftGV,/data/1/entries/7/entries/2/entries/9/entries/2/name,Secret Door,暗門,project-proposed
KftGV,/data/1/entries/7/entries/2/entries/10/name,V9: Underground Wonders Exhibit,V9. 地下奇觀展覽,project-proposed
KftGV,/data/1/entries/7/entries/2/entries/10/entries/3/name,Fake Murkmire Stone,假穆克米爾石,project-proposed
KftGV,/data/1/entries/7/entries/2/entries/10/entries/4/name,Secret Door,暗門,project-proposed
KftGV,/data/1/entries/7/entries/2/entries/11/name,V10: Archaeology Display,V10. 考古學展示,project-proposed
KftGV,/data/1/entries/7/entries/2/entries/11/entries/3/name,Treasure,寶藏,existing-site
KftGV,/data/1/entries/7/entries/2/entries/12/name,V11: Unearthed Café,V11. 挖掘咖啡館,project-proposed
KftGV,/data/1/entries/7/entries/2/entries/12/entries/2/name,Treasure,寶藏,existing-site
KftGV,/data/1/entries/7/entries/2/entries/13/name,V12: Prehistoric Predators Exhibit,V12. 史前掠食者展覽,project-proposed
KftGV,/data/1/entries/7/entries/2/entries/13/entries/3/name,Alarms,警報,project-proposed
KftGV,/data/1/entries/7/entries/2/entries/13/entries/4/name,Allosaurus,異特龍,existing-site
KftGV,/data/1/entries/7/entries/2/entries/13/entries/5/name,Vent,通風口,project-proposed
KftGV,/data/1/entries/7/entries/2/entries/14/name,V13: Gemstone Wing,V13. 寶石翼,project-proposed
KftGV,/data/1/entries/7/entries/2/entries/14/entries/3/name,Light-Green Stone,淺綠色石頭,project-proposed
KftGV,/data/1/entries/7/entries/2/entries/14/entries/4/name,Rigged Pedestal,陷阱基座,project-proposed
KftGV,/data/1/entries/7/entries/2/entries/14/entries/5/name,Vent,通風口,project-proposed
KftGV,/data/1/entries/7/entries/2/entries/14/entries/6/name,Secret Door,暗門,project-proposed
KftGV,/data/1/entries/7/entries/2/entries/15/name,V14: Access Hallway,V14. 通道走廊,project-proposed
KftGV,/data/1/entries/7/entries/2/entries/16/name,V15: Privies,V15. 廁所,project-proposed
KftGV,/data/1/entries/7/entries/2/entries/17/name,V16: Basement,V16. 地下室,project-proposed
KftGV,/data/1/entries/7/entries/2/entries/17/entries/2/name,Loading Docks,裝卸碼頭,project-proposed
KftGV,/data/1/entries/7/entries/2/entries/17/entries/3/name,Secret Door,暗門,project-proposed
KftGV,/data/1/entries/7/entries/2/entries/17/entries/4/name,Treasure,寶藏,existing-site
KftGV,/data/1/entries/7/entries/2/entries/18/name,V17: Attic,V17. 閣樓,project-proposed
KftGV,/data/1/entries/7/entries/2/entries/18/entries/2/name,Skylight,天窗,project-proposed
KftGV,/data/1/entries/8/name,Conclusion,結局,project-proposed
KftGV,/data/1/entries/8/entries/2/name,For the Golden Vault,對於金庫,project-proposed
KftGV,/data/1/entries/8/entries/3/name,Further Adventures,更多冒險,project-proposed
KftGV,/data/1/entries/8/entries/3/entries/1/name,Mission Is Successful,任務成功,project-proposed
KftGV,/data/1/entries/8/entries/3/entries/1/entries/1/name,Another Stone,另一塊石頭,project-proposed
KftGV,/data/1/entries/8/entries/3/entries/1/entries/2/name,Investigate the Hatchling,調查幼獸,project-proposed
KftGV,/data/1/entries/8/entries/3/entries/1/entries/3/name,Reinstate Dr. Dannell,恢復丹內爾博士的職位,project-proposed
KftGV,/data/1/entries/8/entries/3/entries/2/name,Mission Is Unsuccessful,任務未成功,project-proposed
KftGV,/data/1/entries/8/entries/3/entries/2/entries/1/name,A Stolen Stone,一塊被偷的石頭,project-proposed
KftGV,/data/1/entries/8/entries/3/entries/2/entries/2/name,Museum Feeding Frenzy,博物館餵食狂潮,project-proposed
KftGV,/data/1/entries/8/entries/3/entries/2/entries/2/entries/2/entries/0/name,Spellcasting,施法,existing-site
KftGV,/data/1/entries/9/name,The Murkmire Stone,穆爾米爾石,project-proposed
KftGV,/data/2/name,The Stygian Gambit,冥河的謀略,project-proposed
KftGV,/data/2/entries/3/name,Adventure Background,冒險背景,project-proposed
KftGV,/data/2/entries/4/name,Using the Golden Vault,使用金庫,project-proposed
KftGV,/data/2/entries/5/name,Starting the Adventure,開始冒險,project-proposed
KftGV,/data/2/entries/5/entries/1/name,Roleplaying Verity Kye,扮演維莉蒂·凱,project-proposed
KftGV,/data/2/entries/5/entries/2/name,At the Brine Widow,在鹽水寡婦,project-proposed
KftGV,/data/2/entries/5/entries/2/entries/7/name,Verity's Bag of Holding,維莉蒂的收納袋,project-proposed
KftGV,/data/2/entries/5/entries/2/entries/8/name,Verity's Map,維莉蒂的地圖,project-proposed
KftGV,/data/2/entries/5/entries/2/entries/9/name,What Verity Knows about the Casino,維莉蒂對賭場的瞭解,project-proposed
KftGV,/data/2/entries/5/entries/2/entries/9/entries/1/items/0/name,Arrival,抵達,project-proposed
KftGV,/data/2/entries/5/entries/2/entries/9/entries/1/items/1/name,Employees,僱員,project-proposed
KftGV,/data/2/entries/5/entries/2/entries/9/entries/1/items/2/name,Employee-Only Areas,僅限員工區域,project-proposed
KftGV,/data/2/entries/5/entries/2/entries/9/entries/1/items/3/name,Security Mirrors,安全鏡,project-proposed
KftGV,/data/2/entries/5/entries/2/entries/9/entries/1/items/4/name,The Prize,獎品,project-proposed
KftGV,/data/2/entries/5/entries/2/entries/9/entries/2/name,Getting Caught,被抓到,project-proposed
KftGV,/data/2/entries/6/name,Planning the Heist,策劃盜竊,project-proposed
KftGV,/data/2/entries/6/entries/2/name,Disguises,偽裝,existing-site
KftGV,/data/2/entries/6/entries/3/name,Employee Pass Cards,員工通行證卡,project-proposed
KftGV,/data/2/entries/7/name,The Afterlife Casino,來世賭場,project-proposed
KftGV,/data/2/entries/7/entries/2/name,Arriving at the Casino,抵達賭場,project-proposed
KftGV,/data/2/entries/7/entries/2/entries/2/name,Boat Ride,乘船遊覽,project-proposed
KftGV,/data/2/entries/7/entries/3/name,Casino Features,賭場特色,project-proposed
KftGV,/data/2/entries/7/entries/3/entries/1/name,Cashier Stations,收銀臺,project-proposed
KftGV,/data/2/entries/7/entries/3/entries/2/name,Ceilings,天花板,existing-site
KftGV,/data/2/entries/7/entries/3/entries/3/name,Doors,門,existing-site
KftGV,/data/2/entries/7/entries/3/entries/4/name,Employee-Only Areas,僅限員工區域,project-proposed
KftGV,/data/2/entries/7/entries/3/entries/5/name,Lights and Music,燈光與音樂,project-proposed
KftGV,/data/2/entries/7/entries/3/entries/6/name,Security Guards,保安人員,project-proposed
KftGV,/data/2/entries/7/entries/3/entries/7/name,Security Mirrors,安全鏡,project-proposed
KftGV,/data/2/entries/7/entries/3/entries/8/name,Walls and Floors,牆壁和地板,project-proposed
KftGV,/data/2/entries/7/entries/3/entries/8/entries/1/name,Cheating,欺詐,project-proposed
KftGV,/data/2/entries/7/entries/4/name,Games of Chance,機會遊戲,project-proposed
KftGV,/data/2/entries/7/entries/4/entries/1/name,Three-Dragon Ante,三龍牌,project-proposed
KftGV,/data/2/entries/7/entries/4/entries/1/entries/1/items/0/name,Step 1,第一步,project-proposed
KftGV,/data/2/entries/7/entries/4/entries/1/entries/1/items/1/name,Step 2,第二步,project-proposed
KftGV,/data/2/entries/7/entries/4/entries/1/entries/1/items/2/name,Step 3,第三步,project-proposed
KftGV,/data/2/entries/7/entries/4/entries/1/entries/1/items/3/name,Step 4,第四步,project-proposed
KftGV,/data/2/entries/7/entries/4/entries/2/name,Life and Death,生死,project-proposed
KftGV,/data/2/entries/7/entries/4/entries/2/entries/2/name,War,戰爭,project-proposed
KftGV,/data/2/entries/7/entries/4/entries/2/entries/3/name,Push Your Luck,碰碰運氣,project-proposed
KftGV,/data/2/entries/7/entries/4/entries/3/name,Copper Slots,銅幣老虎機,project-proposed
KftGV,/data/2/entries/7/entries/5/name,Quentin Togglepocket,昆汀·托格波克,project-proposed
KftGV,/data/2/entries/7/entries/5/entries/4/name,Roleplaying Quentin,扮演昆汀,project-proposed
KftGV,/data/2/entries/7/entries/5/entries/5/name,Quentin's Location,昆汀的位置,project-proposed
KftGV,/data/2/entries/7/entries/6/name,Casino Patrons,賭場顧客,project-proposed
KftGV,/data/2/entries/7/entries/7/name,Afterlife Casino Locations,來世賭場地點,project-proposed
KftGV,/data/2/entries/7/entries/7/entries/3/name,A1: Docking Area,A1. 碼頭區,project-proposed
KftGV,/data/2/entries/7/entries/7/entries/3/entries/2/name,Rules in the Afterlife:,來世的規則：,project-proposed
KftGV,/data/2/entries/7/entries/7/entries/4/name,A2: Avernus,A2. 阿弗納斯,project-proposed
KftGV,/data/2/entries/7/entries/7/entries/4/entries/1/name,Security Mirrors,安全鏡,project-proposed
KftGV,/data/2/entries/7/entries/7/entries/5/name,A3: Dis,A3. 迪斯,project-proposed
KftGV,/data/2/entries/7/entries/7/entries/6/name,A4: Minauros,A4. 米瑙洛斯,project-proposed
KftGV,/data/2/entries/7/entries/7/entries/6/entries/1/name,Security Mirrors,安全鏡,project-proposed
KftGV,/data/2/entries/7/entries/7/entries/7/name,A5: Bar Malbolge,A5. 巴爾博格酒吧,project-proposed
KftGV,/data/2/entries/7/entries/7/entries/7/entries/1/name,Security Mirror,安全鏡,project-proposed
KftGV,/data/2/entries/7/entries/7/entries/8/name,A6: Phlegethosian Spa & Stygian Baths,A6. 弗萊格索斯溫泉&斯提吉安浴場,project-proposed
KftGV,/data/2/entries/7/entries/7/entries/8/entries/2/items/0/name,Phlegethosian Spa,弗萊格索斯水療中心,project-proposed
KftGV,/data/2/entries/7/entries/7/entries/8/entries/2/items/1/name,Stygian Baths,冥河浴場,project-proposed
KftGV,/data/2/entries/7/entries/7/entries/9/name,A7: Laundry,A7. 洗衣房,project-proposed
KftGV,/data/2/entries/7/entries/7/entries/10/name,A8: Cirque Maladomini,A8. 馬拉多米尼馬戲團,project-proposed
KftGV,/data/2/entries/7/entries/7/entries/10/entries/2/name,Security Mirror,安全鏡,project-proposed
KftGV,/data/2/entries/7/entries/7/entries/11/name,A9: Cania,A9. 卡尼亞,project-proposed
KftGV,/data/2/entries/7/entries/7/entries/11/entries/2/name,Grand Minauros Invitational,米瑙洛斯盛大邀請賽,project-proposed
KftGV,/data/2/entries/7/entries/7/entries/12/name,Tournament Seating,比賽座位,project-proposed
KftGV,/data/2/entries/7/entries/7/entries/12/entries/2/name,Tournament Participants,錦標賽參與者,project-proposed
KftGV,/data/2/entries/7/entries/7/entries/12/entries/3/name,Security Guard and Display Case,保安和展示櫃,project-proposed
KftGV,/data/2/entries/7/entries/7/entries/12/entries/4/name,Security Mirror,安全鏡,project-proposed
KftGV,/data/2/entries/7/entries/7/entries/13/name,A10: Waterfall Overlook,A10. 瀑布觀景臺,project-proposed
KftGV,/data/2/entries/7/entries/7/entries/13/entries/2/name,Security Mirror,安全鏡,project-proposed
KftGV,/data/2/entries/7/entries/7/entries/14/name,A11: Nessus,A11. 內瑟斯,project-proposed
KftGV,/data/2/entries/7/entries/7/entries/14/entries/3/name,Nessus—Menu,內瑟斯—選單,project-proposed
KftGV,/data/2/entries/7/entries/7/entries/14/entries/4/name,Security Mirror,安全鏡,project-proposed
KftGV,/data/2/entries/7/entries/7/entries/15/name,A12: Staging Area and Animal Cages,A12. 集結區與動物籠,project-proposed
KftGV,/data/2/entries/7/entries/7/entries/15/entries/6/name,Wooden Chest,木製箱子,project-proposed
KftGV,/data/2/entries/7/entries/7/entries/16/name,A13: Employee Lounge,A13. 員工休息室,project-proposed
KftGV,/data/2/entries/7/entries/7/entries/16/entries/4/items/0/name,Minotaur Skeleton,骷髏牛頭人,existing-site
KftGV,/data/2/entries/7/entries/7/entries/16/entries/4/items/1/name,Security Office Personnel,保安辦公室人員,project-proposed
KftGV,/data/2/entries/7/entries/7/entries/17/name,A14: Quentin's Office,A14. 昆汀的辦公室,project-proposed
KftGV,/data/2/entries/7/entries/7/entries/17/entries/5/name,Ain't Foolin' No One,不是在愚弄任何人,project-proposed
KftGV,/data/2/entries/7/entries/7/entries/17/entries/6/name,Quentin's Counteroffer,昆汀的反建議,project-proposed
KftGV,/data/2/entries/7/entries/7/entries/17/entries/7/name,Desk Drawers,辦公桌抽屜,project-proposed
KftGV,/data/2/entries/7/entries/7/entries/17/entries/8/name,Treasure,寶藏,existing-site
KftGV,/data/2/entries/7/entries/7/entries/18/name,A15: Clerk's Office,A15. 職員辦公室,project-proposed
KftGV,/data/2/entries/7/entries/7/entries/19/name,A16: Security Office,A16. 安全辦公室,project-proposed
KftGV,/data/2/entries/7/entries/7/entries/19/entries/2/name,Ring of Keys,一串鑰匙,project-proposed
KftGV,/data/2/entries/7/entries/7/entries/20/name,A17: Holding Cells,A17. 拘留室,project-proposed
KftGV,/data/2/entries/7/entries/7/entries/20/entries/2/name,Wooden Chests,木製箱子,project-proposed
KftGV,/data/2/entries/7/entries/7/entries/21/name,A18: Back Hallways,A18. 後走廊,project-proposed
KftGV,/data/2/entries/7/entries/7/entries/21/entries/2/name,Security Mirrors,安全鏡,project-proposed
KftGV,/data/2/entries/7/entries/7/entries/22/name,A19: Vault,A19. 金庫,project-proposed
KftGV,/data/2/entries/7/entries/7/entries/22/entries/5/name,Iron Chests,鐵箱,project-proposed
KftGV,/data/2/entries/7/entries/7/entries/22/entries/6/name,Security Mirror,安全鏡,project-proposed
KftGV,/data/2/entries/7/entries/7/entries/22/entries/7/name,Wardrobes,衣櫃,project-proposed
KftGV,/data/2/entries/8/name,Conclusion,結局,project-proposed
KftGV,/data/2/entries/8/entries/1/items/0/name,Returning with the Loot,帶著戰利品返回,project-proposed
KftGV,/data/2/entries/8/entries/1/items/1/name,Returning Empty-Handed,空手而歸,project-proposed
KftGV,/data/2/entries/8/entries/1/items/2/name,Returning with Quentin's Letter,帶回昆汀的信,project-proposed
KftGV,/data/2/entries/8/entries/2/name,For the Golden Vault,對於金庫,project-proposed
KftGV,/data/3/name,Reach for the Stars,伸手摘星,project-proposed
KftGV,/data/3/entries/4/name,Adventure Background,冒險背景,project-proposed
KftGV,/data/3/entries/5/name,Using the Golden Vault,使用金庫,project-proposed
KftGV,/data/3/entries/6/name,Adventure Hooks,冒險引子,project-proposed
KftGV,/data/3/entries/6/entries/1/name,Hired by Vasil,被瓦西里僱傭,project-proposed
KftGV,/data/3/entries/6/entries/1/entries/2/name,Vasil's Reward,瓦西里的獎賞,project-proposed
KftGV,/data/3/entries/6/entries/2/name,Hired by Markos's Family,被馬寇斯的家族僱傭,project-proposed
KftGV,/data/3/entries/6/entries/2/entries/1/name,Reward,獎勵,project-proposed
KftGV,/data/3/entries/7/name,Meeting Elra,會見埃爾拉,project-proposed
KftGV,/data/3/entries/8/name,Elra's Camp,埃爾拉的營地,project-proposed
KftGV,/data/3/entries/9/name,Delphi Mansion,特爾裴宅邸,project-proposed
KftGV,/data/3/entries/9/entries/1/name,Arriving at the Mansion,到達豪宅,project-proposed
KftGV,/data/3/entries/9/entries/2/name,Delphi Mansion Features,特爾裴宅邸特點,project-proposed
KftGV,/data/3/entries/9/entries/2/entries/1/items/0/name,Ceilings,天花板,existing-site
KftGV,/data/3/entries/9/entries/2/entries/1/items/1/name,Doors,門,existing-site
KftGV,/data/3/entries/9/entries/2/entries/1/items/2/name,Lighting,光照,existing-site
KftGV,/data/3/entries/9/entries/2/entries/1/items/3/name,Windows,窗戶,project-proposed
KftGV,/data/3/entries/9/entries/2/entries/2/name,Eldritch Surges,詭異波動,project-proposed
KftGV,/data/3/entries/9/entries/2/entries/2/entries/1/name,The Entity,實體,project-proposed
KftGV,/data/3/entries/9/entries/3/name,Delphi Mansion Locations,特爾裴宅邸地點,project-proposed
KftGV,/data/3/entries/9/entries/3/entries/2/name,D1: Foyer,D1. 門廳,project-proposed
KftGV,/data/3/entries/9/entries/3/entries/3/name,D2: Dining Hallway,D2. 餐廳走廊,project-proposed
KftGV,/data/3/entries/9/entries/3/entries/4/name,D3: Dining Room,D3. 餐廳,project-proposed
KftGV,/data/3/entries/9/entries/3/entries/4/entries/2/name,Hidden Room,隱藏房間,project-proposed
KftGV,/data/3/entries/9/entries/3/entries/4/entries/3/name,Treasure,寶藏,existing-site
KftGV,/data/3/entries/9/entries/3/entries/5/name,D4: Kitchen,D4. 廚房,project-proposed
KftGV,/data/3/entries/9/entries/3/entries/6/name,D5: Pantry,D5. 食品儲藏室,project-proposed
KftGV,/data/3/entries/9/entries/3/entries/7/name,D6: Parlor,D6. 客廳,project-proposed
KftGV,/data/3/entries/9/entries/3/entries/8/name,D7a: Empty Sitting Room,D7a. 空蕩的客廳,project-proposed
KftGV,/data/3/entries/9/entries/3/entries/9/name,D7b: Room with a Secret,D7b. 有秘密的房間,project-proposed
KftGV,/data/3/entries/9/entries/3/entries/9/entries/2/name,Hidden Room,隱藏房間,project-proposed
KftGV,/data/3/entries/9/entries/3/entries/9/entries/3/name,Treasure,寶藏,existing-site
KftGV,/data/3/entries/9/entries/3/entries/10/name,D8a: Tower Ground Floor,D8a. 塔樓底層,project-proposed
KftGV,/data/3/entries/9/entries/3/entries/11/name,D8b: Tower Stairs,D8b. 塔樓樓梯,project-proposed
KftGV,/data/3/entries/9/entries/3/entries/12/name,D8c: Stargazer's Roost,D8c. 觀星者的巢穴,project-proposed
KftGV,/data/3/entries/9/entries/3/entries/12/entries/5/name,Treasure,寶藏,existing-site
KftGV,/data/3/entries/9/entries/3/entries/13/name,D9: Guest Bedrooms,D9. 客房,project-proposed
KftGV,/data/3/entries/9/entries/3/entries/14/name,D10: Balcony,D10. 陽臺,project-proposed
KftGV,/data/3/entries/9/entries/3/entries/15/name,D11a: Empty Office,D11a. 空辦公室,project-proposed
KftGV,/data/3/entries/9/entries/3/entries/16/name,D11b: Markos's Office,D11b. 馬寇斯的辦公室,project-proposed
KftGV,/data/3/entries/9/entries/3/entries/16/entries/2/name,Correspondence,通訊,project-proposed
KftGV,/data/3/entries/9/entries/3/entries/17/name,D12: Gallery,D12. 畫廊,project-proposed
KftGV,/data/3/entries/9/entries/3/entries/18/name,D13: Alchemy Lab,D13. 鍊金實驗室,project-proposed
KftGV,/data/3/entries/9/entries/3/entries/18/entries/3/name,Treasure,寶藏,existing-site
KftGV,/data/3/entries/9/entries/3/entries/19/name,D14: Meditation Room,D14. 冥想室,project-proposed
KftGV,/data/3/entries/9/entries/3/entries/19/entries/3/name,Trapdoor,活板門,project-proposed
KftGV,/data/3/entries/9/entries/3/entries/20/name,D15: Markos's Bedroom,D15. 馬寇斯的臥室,project-proposed
KftGV,/data/3/entries/9/entries/3/entries/20/entries/3/name,Treasure,寶藏,existing-site
KftGV,/data/3/entries/9/entries/3/entries/21/name,D16: Student Quarters,D16. 學生宿舍,project-proposed
KftGV,/data/3/entries/9/entries/3/entries/21/entries/1/name,Treasure,寶藏,existing-site
KftGV,/data/3/entries/9/entries/3/entries/22/name,D17: Bathroom,D17. 浴室,project-proposed
KftGV,/data/3/entries/9/entries/3/entries/22/entries/2/name,Treasure,寶藏,existing-site
KftGV,/data/3/entries/9/entries/3/entries/23/name,D18: Third-Floor Hall,D18. 三樓走廊,project-proposed
KftGV,/data/3/entries/9/entries/3/entries/24/name,D19: Eldritch Observation Room,D19. 奧術觀察室,project-proposed
KftGV,/data/3/entries/9/entries/3/entries/24/entries/2/name,Circle of Symbols,符號圈,project-proposed
KftGV,/data/3/entries/9/entries/3/entries/24/entries/3/name,Esquire,侍從,project-proposed
KftGV,/data/3/entries/9/entries/3/entries/25/name,D20: Component Storage,D20. 元件儲存室,project-proposed
KftGV,/data/3/entries/9/entries/3/entries/26/name,D21: Star-Map Room,D21. 星圖室,project-proposed
KftGV,/data/3/entries/9/entries/3/entries/27/name,D22: Storage Rooms,D22. 儲藏室,project-proposed
KftGV,/data/3/entries/9/entries/3/entries/28/name,D23: Wine Cellar,D23. 酒窖,project-proposed
KftGV,/data/3/entries/9/entries/3/entries/29/name,D24: Temple,D24. 神廟,project-proposed
KftGV,/data/3/entries/9/entries/3/entries/29/entries/2/name,Cloaked Figures,披著斗篷的人物,project-proposed
KftGV,/data/3/entries/9/entries/3/entries/30/name,D25: Storage,D25. 儲藏,project-proposed
KftGV,/data/3/entries/9/entries/3/entries/30/entries/3/name,Treasure,寶藏,existing-site
KftGV,/data/3/entries/9/entries/3/entries/31/name,D26a: Vestry,D26a. 聖器室,project-proposed
KftGV,/data/3/entries/9/entries/3/entries/32/name,D26b: Ceremony Room,D26b. 儀式室,project-proposed
KftGV,/data/3/entries/9/entries/3/entries/33/name,D27: Ritual Room,D27. 儀式室,project-proposed
KftGV,/data/3/entries/9/entries/3/entries/33/entries/7/name,Helping Markos,幫助馬寇斯,project-proposed
KftGV,/data/3/entries/9/entries/3/entries/33/entries/8/name,Treasure,寶藏,existing-site
KftGV,/data/3/entries/10/name,Conclusion,結局,project-proposed
KftGV,/data/3/entries/10/entries/1/name,Markos Dies,馬寇斯死亡,project-proposed
KftGV,/data/3/entries/10/entries/2/name,Markos Lives,馬寇斯生存,project-proposed
KftGV,/data/3/entries/10/entries/3/name,Dead Adventurers,死去的冒險者,project-proposed
KftGV,/data/3/entries/10/entries/4/name,For the Golden Vault,對於金庫,project-proposed
KftGV,/data/3/entries/11/name,Stat Blocks,資料卡,project-proposed
KftGV,/data/4/name,Prisoner 13,十三號囚犯,existing-site
KftGV,/data/4/entries/3/name,Adventure Background,冒險背景,project-proposed
KftGV,/data/4/entries/4/name,Adventure Hooks,冒險引子,project-proposed
KftGV,/data/4/entries/4/entries/1/items/0/name,By Reputation,以名聲,project-proposed
KftGV,/data/4/entries/4/entries/1/items/1/name,Mutual Acquaintance,共同熟人,project-proposed
KftGV,/data/4/entries/4/entries/1/items/2/name,Trial Run,試執行,project-proposed
KftGV,/data/4/entries/5/name,Using the Golden Vault,使用金庫,project-proposed
KftGV,/data/4/entries/6/name,Varrin's Proposition,瓦林的提議,project-proposed
KftGV,/data/4/entries/6/entries/5/name,The Breaker's Map,破碎者地圖,project-proposed
KftGV,/data/4/entries/6/entries/5/entries/1/items/0/name,Cells,牢房,project-proposed
KftGV,/data/4/entries/6/entries/5/entries/1/items/1/name,Doors and Hatches,門與艙門,project-proposed
KftGV,/data/4/entries/6/entries/5/entries/1/items/2/name,Patrol Route,巡邏路線,project-proposed
KftGV,/data/4/entries/6/entries/6/name,The Devil in the Details,細節中的魔鬼,project-proposed
KftGV,/data/4/entries/6/entries/6/entries/1/items/0/name,Entering the Prison,進入監獄,project-proposed
KftGV,/data/4/entries/6/entries/6/entries/1/items/1/name,Prisoner 13,十三號囚犯,existing-site
KftGV,/data/4/entries/6/entries/6/entries/1/items/2/name,Key,鑰匙,existing-site
KftGV,/data/4/entries/6/entries/6/entries/1/items/3/name,Meeting Prisoner 13,會見囚犯13,project-proposed
KftGV,/data/4/entries/6/entries/6/entries/1/items/4/name,Revel's End Details,享樂之終細節,project-proposed
KftGV,/data/4/entries/6/entries/6/entries/1/items/5/name,Treasure,寶藏,existing-site
KftGV,/data/4/entries/6/entries/6/entries/1/items/6/name,Escape Route,逃生路線,project-proposed
KftGV,/data/4/entries/7/name,Trek to the Prison,前往監獄的旅程,project-proposed
KftGV,/data/4/entries/8/name,Revel's End,享樂之終,project-proposed
KftGV,/data/4/entries/8/entries/4/name,Prison Features,監獄特徵,project-proposed
KftGV,/data/4/entries/8/entries/4/entries/1/items/0/name,Doors and Hatches,門與艙門,project-proposed
KftGV,/data/4/entries/8/entries/4/entries/1/items/1/name,Heating,供暖,project-proposed
KftGV,/data/4/entries/8/entries/4/entries/1/items/2/name,Lighting,光照,existing-site
KftGV,/data/4/entries/8/entries/4/entries/1/items/3/name,Prison Guards,監獄看守,project-proposed
KftGV,/data/4/entries/8/entries/4/entries/1/items/4/name,Prisoners,囚犯,project-proposed
KftGV,/data/4/entries/8/entries/5/name,Approaching the Prison,抵達監獄,project-proposed
KftGV,/data/4/entries/8/entries/5/entries/5/name,Extreme Cold,極度寒冷,project-proposed
KftGV,/data/4/entries/8/entries/5/entries/6/name,Guards on Watch,瞭望塔上的守衛,project-proposed
KftGV,/data/4/entries/8/entries/5/entries/7/name,Getting Inside,進入內部,project-proposed
KftGV,/data/4/entries/8/entries/6/name,Suspicion,懷疑,project-proposed
KftGV,/data/4/entries/8/entries/6/entries/4/name,Distractions,分散注意力,project-proposed
KftGV,/data/4/entries/8/entries/6/entries/5/name,Effects of Suspicion,懷疑的效果,project-proposed
KftGV,/data/4/entries/8/entries/6/entries/6/name,Suspicion,懷疑,project-proposed
KftGV,/data/4/entries/8/entries/6/entries/6/entries/1/name,Level,等級,project-proposed
KftGV,/data/4/entries/8/entries/6/entries/6/entries/2/name,Patrol Die,巡邏骰,project-proposed
KftGV,/data/4/entries/8/entries/6/entries/6/entries/3/name,DC,DC,project-proposed
KftGV,/data/4/entries/8/entries/7/name,High Alert,高度警戒,project-proposed
KftGV,/data/4/entries/8/entries/7/entries/2/items/0/name,High-Alert Signals,高警戒訊號,project-proposed
KftGV,/data/4/entries/8/entries/7/entries/2/items/1/name,Prison Deployment,監獄部署,project-proposed
KftGV,/data/4/entries/8/entries/7/entries/2/items/2/name,See Invisibility,識破隱形,existing-site
KftGV,/data/4/entries/8/entries/8/name,Patrol Routes,巡邏路線,project-proposed
KftGV,/data/4/entries/8/entries/9/name,Revel's End Locations,享樂之終地點,project-proposed
KftGV,/data/4/entries/8/entries/9/entries/2/name,R1: Dock,R1. 碼頭,project-proposed
KftGV,/data/4/entries/8/entries/9/entries/3/name,R2: Elevator,R2. 電梯,project-proposed
KftGV,/data/4/entries/8/entries/9/entries/4/name,R3: Guard Rooms,R3. 警衛室,project-proposed
KftGV,/data/4/entries/8/entries/9/entries/5/name,R4: Hospital,R4. 醫院,project-proposed
KftGV,/data/4/entries/8/entries/9/entries/6/name,R5: Stables,R5. 馬廄,project-proposed
KftGV,/data/4/entries/8/entries/9/entries/7/name,R6: Mess Hall,R6. 食堂,project-proposed
KftGV,/data/4/entries/8/entries/9/entries/8/name,R7: Councilors' Quarters,R7. 議員宿舍,project-proposed
KftGV,/data/4/entries/8/entries/9/entries/8/entries/2/name,Council Members,委員會成員,project-proposed
KftGV,/data/4/entries/8/entries/9/entries/8/entries/2/entries/1/items/0/name,Councilor Voss Anderton,委員沃斯·安德頓,project-proposed
KftGV,/data/4/entries/8/entries/9/entries/8/entries/2/entries/1/items/1/name,Councilor Jil Torbo,委員吉爾·託博,project-proposed
KftGV,/data/4/entries/8/entries/9/entries/8/entries/2/entries/1/items/2/name,Councilor Kriv Norixius,委員克里夫·裡修斯,project-proposed
KftGV,/data/4/entries/8/entries/9/entries/9/name,R8: Kitchen and Side Rooms,R8. 廚房及側房,project-proposed
KftGV,/data/4/entries/8/entries/9/entries/10/name,R9: Guard Towers,R9. 警衛塔,project-proposed
KftGV,/data/4/entries/8/entries/9/entries/11/name,R10: Armory,R10. 軍械庫,project-proposed
KftGV,/data/4/entries/8/entries/9/entries/11/entries/3/name,Hatch,艙門,existing-site
KftGV,/data/4/entries/8/entries/9/entries/12/name,R11: Courtyard,R11. 庭院,project-proposed
KftGV,/data/4/entries/8/entries/9/entries/13/name,R12: Meeting Room,R12. 會議室,project-proposed
KftGV,/data/4/entries/8/entries/9/entries/13/entries/1/name,Hatch,艙門,existing-site
KftGV,/data/4/entries/8/entries/9/entries/14/name,R13: Storeroom,R13. 儲藏室,project-proposed
KftGV,/data/4/entries/8/entries/9/entries/15/name,R14: Privy,R14. 廁所,project-proposed
KftGV,/data/4/entries/8/entries/9/entries/16/name,R15: Hexagon,R15. 六邊形,project-proposed
KftGV,/data/4/entries/8/entries/9/entries/17/name,R16: Panopticon,R16. 全景監獄,project-proposed
KftGV,/data/4/entries/8/entries/9/entries/18/name,R17: Cells,R17. 牢房,project-proposed
KftGV,/data/4/entries/8/entries/9/entries/18/entries/3/name,Prisoners,囚犯,project-proposed
KftGV,/data/4/entries/8/entries/9/entries/19/name,R18: Surveillance Hub,R18. 監控中心,project-proposed
KftGV,/data/4/entries/8/entries/9/entries/19/entries/2/name,Console,控制檯,project-proposed
KftGV,/data/4/entries/8/entries/9/entries/19/entries/2/entries/1/items/0/name,Gate Control,門控,project-proposed
KftGV,/data/4/entries/8/entries/9/entries/19/entries/2/entries/1/items/1/name,Light Control,燈控,project-proposed
KftGV,/data/4/entries/8/entries/9/entries/19/entries/2/entries/1/items/2/name,Loudspeaker,揚聲器,project-proposed
KftGV,/data/4/entries/8/entries/9/entries/20/name,R19: Barracks,R19. 營房,project-proposed
KftGV,/data/4/entries/8/entries/9/entries/21/name,R20: Hall of Absolution,R20. 寬恕大廳,project-proposed
KftGV,/data/4/entries/8/entries/9/entries/21/entries/2/name,Absolution Council Meetings,赦免委員會會議,project-proposed
KftGV,/data/4/entries/8/entries/9/entries/22/name,R21: Warden's Quarters,R21. 典獄長宿舍,project-proposed
KftGV,/data/4/entries/8/entries/9/entries/22/entries/1/name,Prison Warden,典獄長,project-proposed
KftGV,/data/4/entries/8/entries/9/entries/22/entries/2/name,Marthannis's Possession,瑪珊尼斯遭附身,project-proposed
KftGV,/data/4/entries/8/entries/9/entries/22/entries/3/name,Treasure,寶藏,existing-site
KftGV,/data/4/entries/8/entries/9/entries/23/name,R22: Office,R22. 辦公室,project-proposed
KftGV,/data/4/entries/8/entries/9/entries/24/name,R23: Tower Roof,R23. 塔樓屋頂,project-proposed
KftGV,/data/4/entries/8/entries/10/name,Roleplaying Prisoner 13,扮演囚犯13,project-proposed
KftGV,/data/4/entries/8/entries/10/entries/6/name,Prisoner 13's Tattoos,十三號囚犯的紋身,existing-site
KftGV,/data/4/entries/8/entries/10/entries/6/entries/1/items/0/name,Dwarven Poetry,矮人詩歌,project-proposed
KftGV,/data/4/entries/8/entries/10/entries/6/entries/1/items/1/name,Flames,噴火,existing-site
KftGV,/data/4/entries/8/entries/10/entries/6/entries/1/items/2/name,Shroud,環繞,project-proposed
KftGV,/data/4/entries/8/entries/10/entries/6/entries/1/items/3/name,Knotwork,繩結,project-proposed
KftGV,/data/4/entries/8/entries/10/entries/6/entries/1/items/4/name,Mountain,山地,existing-site
KftGV,/data/4/entries/8/entries/10/entries/6/entries/1/items/5/name,River,河流,project-proposed
KftGV,/data/4/entries/8/entries/10/entries/6/entries/1/items/6/name,Power and Plunder,權力與掠奪,project-proposed
KftGV,/data/4/entries/8/entries/10/entries/7/name,Acquiring the Key,獲取鑰匙,project-proposed
KftGV,/data/4/entries/8/entries/10/entries/7/entries/5/name,Finding the Key,尋找鑰匙,project-proposed
KftGV,/data/4/entries/8/entries/10/entries/7/entries/6/name,Forcible Jailbreak,強制越獄,project-proposed
KftGV,/data/4/entries/8/entries/10/entries/7/entries/7/name,Trade for the Key,交換鑰匙,project-proposed
KftGV,/data/4/entries/8/entries/10/entries/7/entries/8/name,Last Resort,絕境反撲,project-proposed
KftGV,/data/4/entries/9/name,Conclusion,結局,project-proposed
KftGV,/data/4/entries/9/entries/4/name,For the Golden Vault,對於金庫,project-proposed
KftGV,/data/5/name,Tockworth's Clockworks,托克沃斯的鐘表機械,project-proposed
KftGV,/data/5/entries/4/name,Adventure Background,冒險背景,project-proposed
KftGV,/data/5/entries/5/name,Using the Golden Vault,使用金庫,project-proposed
KftGV,/data/5/entries/6/name,Into the Underdark,進入幽暗地域,project-proposed
KftGV,/data/5/entries/7/name,Meeting the Mayor,會見市長,project-proposed
KftGV,/data/5/entries/8/name,Planning the Heist,策劃盜竊,project-proposed
KftGV,/data/5/entries/8/entries/2/items/0/name,Features,特性,project-proposed
KftGV,/data/5/entries/8/entries/2/items/1/name,Tockworth's Automatons,托克沃斯的自動機械,project-proposed
KftGV,/data/5/entries/8/entries/2/items/2/name,Tixie Tockworth,蒂克西·托克沃斯,existing-site
KftGV,/data/5/entries/8/entries/2/items/3/name,Warehouse Contraption,倉庫裝置,project-proposed
KftGV,/data/5/entries/8/entries/3/name,Rewards,獎勵,existing-site
KftGV,/data/5/entries/8/entries/4/name,Shown the Door,被指門,project-proposed
KftGV,/data/5/entries/8/entries/4/entries/2/items/0/name,Friendly Advice,友好建議,project-proposed
KftGV,/data/5/entries/8/entries/4/entries/2/items/1/name,Avoid Cavemouth,避開洞口區,project-proposed
KftGV,/data/5/entries/8/entries/4/entries/2/items/2/name,Healing Aids,治療輔助,project-proposed
KftGV,/data/5/entries/9/name,Little Lockford Overview,小洛克福德概覽,project-proposed
KftGV,/data/5/entries/9/entries/1/name,General Features,通用特徵,project-proposed
KftGV,/data/5/entries/9/entries/1/entries/1/name,Bridges,橋,project-proposed
KftGV,/data/5/entries/9/entries/1/entries/2/name,Buildings,建築物,project-proposed
KftGV,/data/5/entries/9/entries/1/entries/3/name,District Elevations,區域高度,project-proposed
KftGV,/data/5/entries/9/entries/1/entries/4/name,Exterior Lighting,外部照明,project-proposed
KftGV,/data/5/entries/9/entries/1/entries/5/name,Magma,巖漿,project-proposed
KftGV,/data/5/entries/9/entries/1/entries/6/name,Slagline,渣線,project-proposed
KftGV,/data/5/entries/9/entries/2/name,Security Forces,安全力量,project-proposed
KftGV,/data/5/entries/9/entries/2/entries/1/items/0/name,Clockwork Defenders,發條守衛者,project-proposed
KftGV,/data/5/entries/9/entries/2/entries/1/items/1/name,Clockwork Observers,發條觀察者,project-proposed
KftGV,/data/5/entries/9/entries/3/name,Wandering Monsters,遊蕩怪物,project-proposed
KftGV,/data/5/entries/10/name,Little Lockford Locations,小洛克福德地點,project-proposed
KftGV,/data/5/entries/10/entries/2/name,Old Lockford (Areas L1–L2),舊洛克福德（區域L1-L2）,project-proposed
KftGV,/data/5/entries/10/entries/2/entries/1/name,L1: Entrance and Gatehouse,L1. 入口與門衛室,project-proposed
KftGV,/data/5/entries/10/entries/2/entries/1/entries/5/name,Gatehouse,門樓,project-proposed
KftGV,/data/5/entries/10/entries/2/entries/2/name,L2: Town Hall,L2. 市政廳,project-proposed
KftGV,/data/5/entries/10/entries/2/entries/2/entries/2/name,Treasure,寶藏,existing-site
KftGV,/data/5/entries/10/entries/3/name,Halfway Isle (Area L3),半途島（區域L3）,project-proposed
KftGV,/data/5/entries/10/entries/3/entries/1/name,L3. Abbey of the Deep Brother,L3. 深兄弟修道院,project-proposed
KftGV,/data/5/entries/10/entries/3/entries/1/entries/3/name,Abbey Interior,修道院內部,project-proposed
KftGV,/data/5/entries/10/entries/3/entries/1/entries/4/name,Abbot Kavoda,院長卡沃達,project-proposed
KftGV,/data/5/entries/10/entries/4/name,Turbine Heights (Areas L4–L6),渦輪高地（區域 L4-L6）,project-proposed
KftGV,/data/5/entries/10/entries/4/entries/4/name,L4. Infirmary,L4. 醫務室,project-proposed
KftGV,/data/5/entries/10/entries/4/entries/4/entries/2/name,Treasure,寶藏,existing-site
KftGV,/data/5/entries/10/entries/4/entries/5/name,L5: Jail,L5. 監獄,project-proposed
KftGV,/data/5/entries/10/entries/4/entries/5/entries/2/name,Building Interior,建築內部,project-proposed
KftGV,/data/5/entries/10/entries/4/entries/6/name,L6: Power Station,L6. 發電站,project-proposed
KftGV,/data/5/entries/10/entries/4/entries/6/entries/2/name,Building Interior,建築內部,project-proposed
KftGV,/data/5/entries/10/entries/4/entries/6/entries/3/name,Damaged Turbine,損壞的渦輪機,project-proposed
KftGV,/data/5/entries/10/entries/4/entries/6/entries/4/name,Control Console,控制檯,project-proposed
KftGV,/data/5/entries/10/entries/4/entries/6/entries/4/entries/1/items/0/name,Bridge Switches,橋樑開關,project-proposed
KftGV,/data/5/entries/10/entries/4/entries/6/entries/4/entries/1/items/1/name,District Switches,區域開關,project-proposed
KftGV,/data/5/entries/10/entries/4/entries/6/entries/4/entries/1/items/2/name,Slagline Switch,渣線開關,project-proposed
KftGV,/data/5/entries/10/entries/4/entries/6/entries/4/entries/1/items/3/name,Station Shutdown Switch,電站關閉開關,project-proposed
KftGV,/data/5/entries/10/entries/5/name,Smoldertown (Areas L7–L9),煙燻鎮（區域 L7-L9）,project-proposed
KftGV,/data/5/entries/10/entries/5/entries/3/name,L7: Foundry,L7. 鑄造廠,project-proposed
KftGV,/data/5/entries/10/entries/5/entries/3/entries/2/name,Treasure,寶藏,existing-site
KftGV,/data/5/entries/10/entries/5/entries/4/name,L8: Motherlode Tavern,L8. 富礦酒館,project-proposed
KftGV,/data/5/entries/10/entries/5/entries/4/entries/2/name,Cellar,地窖,project-proposed
KftGV,/data/5/entries/10/entries/5/entries/4/entries/3/name,Taproom,酒吧間,project-proposed
KftGV,/data/5/entries/10/entries/5/entries/4/entries/4/name,Tixie Tockworth,蒂克西·托克沃斯,existing-site
KftGV,/data/5/entries/10/entries/5/entries/5/name,L9: Tockworth's Workshop,L9. 托克沃斯的工作室,project-proposed
KftGV,/data/5/entries/10/entries/5/entries/5/entries/1/name,Shield Guardian,構裝盾衛,existing-site
KftGV,/data/5/entries/10/entries/5/entries/5/entries/2/name,Workshop Interior,工作室內部,project-proposed
KftGV,/data/5/entries/10/entries/5/entries/6/name,"L9a: Workshop, Lower Floor",L9a. 工作室，下層,project-proposed
KftGV,/data/5/entries/10/entries/5/entries/6/entries/4/name,Geometric Design,幾何圖案,project-proposed
KftGV,/data/5/entries/10/entries/5/entries/6/entries/5/name,Fail-Safe Device,安全裝置,project-proposed
KftGV,/data/5/entries/10/entries/5/entries/7/name,"L9b: Workshop, Upper Floor",L9b. 工作室，上層,project-proposed
KftGV,/data/5/entries/10/entries/5/entries/7/entries/1/name,Safe,保險箱,project-proposed
KftGV,/data/5/entries/10/entries/5/entries/7/entries/2/name,Tixie Tockworth,蒂克西·托克沃斯,existing-site
KftGV,/data/5/entries/10/entries/5/entries/7/entries/3/name,Treasure,寶藏,existing-site
KftGV,/data/5/entries/10/entries/6/name,Cavemouth (Areas L10–L11),洞穴口（區域 L10-L11）,project-proposed
KftGV,/data/5/entries/10/entries/6/entries/4/entries/0/name,Mines,礦區,project-proposed
KftGV,/data/5/entries/10/entries/6/entries/5/name,L10: Miners' Guildhall,L10. 礦工公會大廳,project-proposed
KftGV,/data/5/entries/10/entries/6/entries/5/entries/2/name,Guildmaster Deepdelve,公會會長深掘,project-proposed
KftGV,/data/5/entries/10/entries/6/entries/6/name,L11: Warehouse 6,L11. 倉庫6,project-proposed
KftGV,/data/5/entries/10/entries/6/entries/6/entries/4/name,Contraption,裝置,project-proposed
KftGV,/data/5/entries/10/entries/6/entries/6/entries/4/entries/1/items/0/name,Treads,履帶,project-proposed
KftGV,/data/5/entries/10/entries/6/entries/6/entries/4/entries/1/items/1/name,Burrowing Speed,掘進速度,project-proposed
KftGV,/data/5/entries/10/entries/6/entries/6/entries/4/entries/1/items/2/name,Lever 1,拉桿1,project-proposed
KftGV,/data/5/entries/10/entries/6/entries/6/entries/4/entries/1/items/3/name,Lever 9,槓桿9,project-proposed
KftGV,/data/5/entries/10/entries/6/entries/6/entries/5/name,Ignus Flint,伊格納斯·弗林特,project-proposed
KftGV,/data/5/entries/10/entries/6/entries/6/entries/6/name,Questioning Ignus,審問伊格努斯,project-proposed
KftGV,/data/5/entries/10/entries/6/entries/6/entries/6/entries/1/items/0/name,Animated Armor,活化盔甲,existing-site
KftGV,/data/5/entries/10/entries/6/entries/6/entries/6/entries/1/items/1/name,Safe,保險箱,project-proposed
KftGV,/data/5/entries/10/entries/6/entries/6/entries/6/entries/1/items/2/name,Shield Guardian,構裝盾衛,existing-site
KftGV,/data/5/entries/10/entries/6/entries/6/entries/6/entries/1/items/3/name,Who Is Poots?,誰是普茨？,project-proposed
KftGV,/data/5/entries/10/entries/7/name,The Overlook (Area L12),俯瞰點（區域L12）,project-proposed
KftGV,/data/5/entries/10/entries/7/entries/5/name,L12: Security Center,L12. 安全中心,project-proposed
KftGV,/data/5/entries/10/entries/7/entries/5/entries/2/name,Domed Building,圓頂建築,project-proposed
KftGV,/data/5/entries/10/entries/7/entries/5/entries/3/name,Control Console,控制檯,project-proposed
KftGV,/data/5/entries/10/entries/7/entries/5/entries/4/name,Magical Projection,魔法投影,project-proposed
KftGV,/data/5/entries/10/entries/7/entries/5/entries/5/name,Tixie Tockworth,蒂克西·托克沃斯,existing-site
KftGV,/data/5/entries/11/name,Conclusion,結局,project-proposed
KftGV,/data/5/entries/11/entries/2/name,For the Golden Vault,對於金庫,project-proposed
KftGV,/data/5/entries/12/name,Stat Blocks,資料卡,project-proposed
KftGV,/data/6/name,Masterpiece Imbroglio,傑作糾葛,project-proposed
KftGV,/data/6/entries/3/name,Adventure Background,冒險背景,project-proposed
KftGV,/data/6/entries/4/name,Adventure Hooks,冒險引子,project-proposed
KftGV,/data/6/entries/4/entries/1/items/0/name,A Favor Owed,一個欠下的人情,project-proposed
KftGV,/data/6/entries/4/entries/1/items/1/name,Knowledge Sought,尋求知識,project-proposed
KftGV,/data/6/entries/4/entries/1/items/2/name,Strike a Blow,打擊一下,project-proposed
KftGV,/data/6/entries/5/name,Using the Golden Vault,使用金庫,project-proposed
KftGV,/data/6/entries/6/name,Barn Visit,參觀穀倉,project-proposed
KftGV,/data/6/entries/6/entries/6/name,Grinky's Deal,格林基的交易,project-proposed
KftGV,/data/6/entries/6/entries/7/name,What Grinky Knows,格林基所知道的,project-proposed
KftGV,/data/6/entries/6/entries/7/entries/1/items/0/name,Guildmaster Dusk,達斯克會長,project-proposed
KftGV,/data/6/entries/6/entries/7/entries/1/items/1/name,Getting Inside,進入內部,project-proposed
KftGV,/data/6/entries/6/entries/7/entries/1/items/2/name,Guildhouse Guards,公會館守衛,project-proposed
KftGV,/data/6/entries/6/entries/7/entries/1/items/3/name,Guild Membership,公會成員身份,project-proposed
KftGV,/data/6/entries/6/entries/7/entries/1/items/4/name,Portrait's Location,畫像的位置,project-proposed
KftGV,/data/6/entries/6/entries/7/entries/1/items/5/name,Supply Deliveries,供應品交付,project-proposed
KftGV,/data/6/entries/6/entries/8/name,What Adrisa Knows,阿德莉莎所知道的,project-proposed
KftGV,/data/6/entries/6/entries/8/entries/1/items/0/name,Guildmaster Dusk,達斯克會長,project-proposed
KftGV,/data/6/entries/6/entries/8/entries/1/items/1/name,Portrait Lore,畫像傳說,project-proposed
KftGV,/data/6/entries/6/entries/8/entries/1/items/2/name,Sense of Urgency,緊迫感,project-proposed
KftGV,/data/6/entries/7/name,Planning the Heist,策劃盜竊,project-proposed
KftGV,/data/6/entries/7/entries/1/name,Grinky's Map,格林基的地圖,project-proposed
KftGV,/data/6/entries/7/entries/2/name,Elix the Saint,聖徒埃利克斯,project-proposed
KftGV,/data/6/entries/7/entries/3/name,Magical Surveillance,魔法監視,project-proposed
KftGV,/data/6/entries/8/name,Agile Hand Guildhouse,敏捷之手公會館,project-proposed
KftGV,/data/6/entries/8/entries/2/name,General Features,通用特徵,project-proposed
KftGV,/data/6/entries/8/entries/2/entries/1/name,Doors,門,existing-site
KftGV,/data/6/entries/8/entries/2/entries/1/entries/2/name,Secret Doors,暗門,project-proposed
KftGV,/data/6/entries/8/entries/2/entries/2/name,Floors,地板,project-proposed
KftGV,/data/6/entries/8/entries/2/entries/3/name,Light,光線,existing-site
KftGV,/data/6/entries/8/entries/2/entries/4/name,Walls,牆壁,project-proposed
KftGV,/data/6/entries/8/entries/2/entries/5/name,Windows,窗戶,project-proposed
KftGV,/data/6/entries/8/entries/3/name,Guild Member Names,公會成員姓名,project-proposed
KftGV,/data/6/entries/8/entries/4/name,High Alert,高度警戒,project-proposed
KftGV,/data/6/entries/8/entries/5/name,Guildhouse Locations,公會館地點,project-proposed
KftGV,/data/6/entries/8/entries/5/entries/2/name,G1: Front Porch,G1. 前廊,project-proposed
KftGV,/data/6/entries/8/entries/5/entries/2/entries/2/name,Drop Box,投幣箱,project-proposed
KftGV,/data/6/entries/8/entries/5/entries/3/name,G2a: Livery Stables,G2a. 馬廄,project-proposed
KftGV,/data/6/entries/8/entries/5/entries/3/entries/2/name,Cart,二輪貨車,existing-site
KftGV,/data/6/entries/8/entries/5/entries/3/entries/3/name,Fire,火焰,existing-site
KftGV,/data/6/entries/8/entries/5/entries/3/entries/4/name,Ladders,梯子,project-proposed
KftGV,/data/6/entries/8/entries/5/entries/4/name,G2b: Hayloft,G2b. 乾草棚,project-proposed
KftGV,/data/6/entries/8/entries/5/entries/4/entries/1/name,Stable Hand,馬伕,project-proposed
KftGV,/data/6/entries/8/entries/5/entries/5/name,G3: Staircase,G3. 樓梯,project-proposed
KftGV,/data/6/entries/8/entries/5/entries/5/entries/2/name,Jaymont the Sinner,罪人傑蒙特,project-proposed
KftGV,/data/6/entries/8/entries/5/entries/5/entries/3/name,Master Key,萬能鑰匙,project-proposed
KftGV,/data/6/entries/8/entries/5/entries/6/name,G4: Cartwright's Workshop,G4. 馬車匠的作坊,project-proposed
KftGV,/data/6/entries/8/entries/5/entries/6/entries/2/name,Treasure,寶藏,existing-site
KftGV,/data/6/entries/8/entries/5/entries/7/name,G5: Livery Office,G5. 馬房辦公室,project-proposed
KftGV,/data/6/entries/8/entries/5/entries/7/entries/2/name,Coin Box,錢幣盒,project-proposed
KftGV,/data/6/entries/8/entries/5/entries/7/entries/3/name,Keys,鑰匙,project-proposed
KftGV,/data/6/entries/8/entries/5/entries/7/entries/4/name,Secret Door,暗門,project-proposed
KftGV,/data/6/entries/8/entries/5/entries/8/name,G6: Basement Staircase,G6. 地下室樓梯,project-proposed
KftGV,/data/6/entries/8/entries/5/entries/9/name,G7: Service Entrance,G7. 服務入口,project-proposed
KftGV,/data/6/entries/8/entries/5/entries/10/name,G8: Courtyard,G8. 庭院,project-proposed
KftGV,/data/6/entries/8/entries/5/entries/11/name,G9: Conference Room,G9. 會議室,project-proposed
KftGV,/data/6/entries/8/entries/5/entries/12/name,G10: Main Hall,G10. 主廳,project-proposed
KftGV,/data/6/entries/8/entries/5/entries/12/entries/1/name,Back-Door Trap,後門陷阱,project-proposed
KftGV,/data/6/entries/8/entries/5/entries/12/entries/2/name,Entering the Hall,進入大廳,project-proposed
KftGV,/data/6/entries/8/entries/5/entries/13/name,G11: Kitchen,G11. 廚房,project-proposed
KftGV,/data/6/entries/8/entries/5/entries/14/name,G12: Parlor,G12. 客廳,project-proposed
KftGV,/data/6/entries/8/entries/5/entries/14/entries/2/name,Blue Chair,藍色椅子,project-proposed
KftGV,/data/6/entries/8/entries/5/entries/14/entries/3/name,Treasure,寶藏,existing-site
KftGV,/data/6/entries/8/entries/5/entries/15/name,G13: Tower Rotunda,G13. 塔樓圓形大廳,project-proposed
KftGV,/data/6/entries/8/entries/5/entries/16/name,G14: Upstairs Foyer,G14. 二樓門廳,project-proposed
KftGV,/data/6/entries/8/entries/5/entries/17/name,G15: L-Shaped Hall,G15. L形走廊,project-proposed
KftGV,/data/6/entries/8/entries/5/entries/17/entries/1/name,Closets,盥洗室,project-proposed
KftGV,/data/6/entries/8/entries/5/entries/18/name,G16: Stablemaster's Quarters,G16. 馬廄管理員宿舍,project-proposed
KftGV,/data/6/entries/8/entries/5/entries/18/entries/2/name,Treasure,寶藏,existing-site
KftGV,/data/6/entries/8/entries/5/entries/18/entries/3/name,Development,發展,project-proposed
KftGV,/data/6/entries/8/entries/5/entries/19/name,G17: Small Common Room,G17. 小公共休息室,project-proposed
KftGV,/data/6/entries/8/entries/5/entries/20/name,G18: Large Common Room,G18. 大公共休息室,project-proposed
KftGV,/data/6/entries/8/entries/5/entries/20/entries/1/name,Treasure,寶藏,existing-site
KftGV,/data/6/entries/8/entries/5/entries/21/name,G19. North Balcony,G19. 北陽臺,project-proposed
KftGV,/data/6/entries/8/entries/5/entries/21/entries/2/name,Spyglass,望遠鏡,existing-site
KftGV,/data/6/entries/8/entries/5/entries/22/name,G20: Private Room,G20. 私人房間,project-proposed
KftGV,/data/6/entries/8/entries/5/entries/22/entries/2/name,Roleplaying Thyval,扮演賽瓦爾,project-proposed
KftGV,/data/6/entries/8/entries/5/entries/23/name,G21: Gwish's Room,G21. 格威許的房間,project-proposed
KftGV,/data/6/entries/8/entries/5/entries/23/entries/4/name,Gwish's Trunk,格威許的箱子,project-proposed
KftGV,/data/6/entries/8/entries/5/entries/23/entries/5/name,Master Key,萬能鑰匙,project-proposed
KftGV,/data/6/entries/8/entries/5/entries/23/entries/6/name,Raven's Note,烏鴉的便條,project-proposed
KftGV,/data/6/entries/8/entries/5/entries/24/name,G22: South Balcony,G22. 南陽臺,project-proposed
KftGV,/data/6/entries/8/entries/5/entries/24/entries/2/name,Spyglass,望遠鏡,existing-site
KftGV,/data/6/entries/8/entries/5/entries/25/name,G23: Stolen Goods,G23. 贓物,project-proposed
KftGV,/data/6/entries/8/entries/5/entries/25/entries/2/name,Master Key,萬能鑰匙,project-proposed
KftGV,/data/6/entries/8/entries/5/entries/25/entries/3/name,Treasure,寶藏,existing-site
KftGV,/data/6/entries/8/entries/5/entries/26/name,G24: Elix's Office,G24. 埃利克斯的辦公室,project-proposed
KftGV,/data/6/entries/8/entries/5/entries/26/entries/2/name,Desk,書桌,project-proposed
KftGV,/data/6/entries/8/entries/5/entries/27/name,G25: Shared Bedroom,G25. 共用臥室,project-proposed
KftGV,/data/6/entries/8/entries/5/entries/27/entries/1/name,Sleeping Guards,睡覺的守衛,project-proposed
KftGV,/data/6/entries/8/entries/5/entries/28/name,G26: Dusk's Quarters,G26. 達斯克的住處,project-proposed
KftGV,/data/6/entries/8/entries/5/entries/28/entries/4/name,Fireplace,壁爐,project-proposed
KftGV,/data/6/entries/8/entries/5/entries/28/entries/5/name,Leather Trunk,皮箱,project-proposed
KftGV,/data/6/entries/8/entries/5/entries/28/entries/6/name,Master Key,萬能鑰匙,project-proposed
KftGV,/data/6/entries/8/entries/5/entries/29/name,G27: Tower Peak,G27. 塔頂,project-proposed
KftGV,/data/6/entries/8/entries/5/entries/29/entries/3/name,Constantori's Portrait,康斯坦托里的肖像畫,existing-site
KftGV,/data/6/entries/8/entries/5/entries/29/entries/4/name,Trap,陷阱,existing-site
KftGV,/data/6/entries/8/entries/5/entries/30/name,G28: Cellar,G28. 地窖,project-proposed
KftGV,/data/6/entries/8/entries/5/entries/30/entries/3/name,Secret Door,暗門,project-proposed
KftGV,/data/6/entries/8/entries/5/entries/30/entries/4/name,Thieves' Test,盜賊測試,project-proposed
KftGV,/data/6/entries/8/entries/5/entries/31/name,G29: Murky Pool,G29. 昏暗水池,project-proposed
KftGV,/data/6/entries/8/entries/5/entries/31/entries/2/items/0/name,Pool Floor,水池底部,project-proposed
KftGV,/data/6/entries/8/entries/5/entries/31/entries/2/items/1/name,Pool Walls,游泳池牆壁,project-proposed
KftGV,/data/6/entries/8/entries/5/entries/31/entries/2/items/2/name,Secret Exit,秘密出口,project-proposed
KftGV,/data/6/entries/8/entries/5/entries/31/entries/2/items/3/name,Light Sources,光源,project-proposed
KftGV,/data/6/entries/8/entries/5/entries/32/name,G30: Trapdoor,G30. 活板門,project-proposed
KftGV,/data/6/entries/8/entries/5/entries/32/entries/1/name,Trapdoor,活板門,project-proposed
KftGV,/data/6/entries/8/entries/5/entries/33/name,G31: Follow the Arrows,G31. 跟隨箭頭,project-proposed
KftGV,/data/6/entries/8/entries/5/entries/33/entries/5/name,Secret Door,暗門,project-proposed
KftGV,/data/6/entries/8/entries/5/entries/34/name,G32: Eastern Maze,G32. 東方迷宮,project-proposed
KftGV,/data/6/entries/8/entries/5/entries/35/name,G33: Western Maze,G33. 西部迷宮,project-proposed
KftGV,/data/6/entries/8/entries/5/entries/35/entries/1/name,Secret Doors,暗門,project-proposed
KftGV,/data/6/entries/8/entries/5/entries/35/entries/1/entries/1/items/0/name,North Secret Door,北秘密門,project-proposed
KftGV,/data/6/entries/8/entries/5/entries/35/entries/1/entries/1/items/1/name,West Secret Door,西秘密門,project-proposed
KftGV,/data/6/entries/8/entries/5/entries/36/name,G34: Cell Block,G34. 牢房區,project-proposed
KftGV,/data/6/entries/8/entries/5/entries/36/entries/3/name,G34a: Smugglers' Barrels,G34a. 走私者的桶,project-proposed
KftGV,/data/6/entries/8/entries/5/entries/36/entries/4/name,G34b: Smugglers' Trunks,G34b. 走私者的箱子,project-proposed
KftGV,/data/6/entries/8/entries/5/entries/36/entries/5/name,G34c: Prison Cells,G34c. 監獄牢房,project-proposed
KftGV,/data/6/entries/8/entries/5/entries/37/name,G35: Storage Room,G35. 儲藏室,project-proposed
KftGV,/data/6/entries/8/entries/5/entries/37/entries/2/name,Treasure,寶藏,existing-site
KftGV,/data/6/entries/8/entries/5/entries/38/name,G36: Storage Room,G36. 儲藏室,project-proposed
KftGV,/data/6/entries/8/entries/5/entries/38/entries/2/name,Secret Door,暗門,project-proposed
KftGV,/data/6/entries/8/entries/5/entries/39/name,G37: Secret Tunnel,G37. 秘密隧道,project-proposed
KftGV,/data/6/entries/9/name,Conclusion,結局,project-proposed
KftGV,/data/6/entries/9/entries/2/name,For the Golden Vault,對於金庫,project-proposed
KftGV,/data/6/entries/10/name,Magic Item,魔法物品,project-proposed
KftGV,/data/7/name,Axe from the Grave,墳墓之斧,project-proposed
KftGV,/data/7/entries/3/name,Adventure Background,冒險背景,project-proposed
KftGV,/data/7/entries/4/name,Using the Golden Vault,使用金庫,project-proposed
KftGV,/data/7/entries/5/name,Toadhop,蟾跳鎮,project-proposed
KftGV,/data/7/entries/5/entries/1/name,Frody Dartwild,弗羅迪·達特維爾德,existing-site
KftGV,/data/7/entries/5/entries/2/name,The Old Dartwild Cabin,老達特維爾德小木屋,project-proposed
KftGV,/data/7/entries/5/entries/2/entries/6/name,Bard's Quest,吟遊詩人的探險,project-proposed
KftGV,/data/7/entries/5/entries/2/entries/6/entries/1/items/0/name,Grave Theft,墓地盜竊,project-proposed
KftGV,/data/7/entries/5/entries/2/entries/6/entries/1/items/1/name,Halfling Robbers,半身人強盜,project-proposed
KftGV,/data/7/entries/5/entries/2/entries/6/entries/1/items/2/name,Halflings' Whereabouts,半身人的下落,project-proposed
KftGV,/data/7/entries/6/name,Mackerel and Trout,鯖魚和鱒魚,project-proposed
KftGV,/data/7/entries/6/entries/5/name,Questioning the Halflings,詢問半身人,project-proposed
KftGV,/data/7/entries/6/entries/5/entries/3/items/0/name,Sythian,西提安,project-proposed
KftGV,/data/7/entries/6/entries/5/entries/3/items/1/name,Sythian's Debts,西提安的債務,project-proposed
KftGV,/data/7/entries/6/entries/5/entries/3/items/2/name,Van Timmels,范·提梅爾一家,project-proposed
KftGV,/data/7/entries/6/entries/6/name,Halfling Sandcastle,半身人沙堡,project-proposed
KftGV,/data/7/entries/7/name,Planning the Heist,策劃盜竊,project-proposed
KftGV,/data/7/entries/7/entries/2/name,About the Conservatory,關於音樂學院,project-proposed
KftGV,/data/7/entries/7/entries/3/name,About Sythian Skalderang,關於西提安·斯考德蘭,project-proposed
KftGV,/data/7/entries/7/entries/4/name,About Joster Mareet,關於喬斯特·馬裡特,project-proposed
KftGV,/data/7/entries/7/entries/5/name,About the Students,關於學生們,project-proposed
KftGV,/data/7/entries/7/entries/5/entries/1/name,A Typical Day,典型的一天,project-proposed
KftGV,/data/7/entries/8/name,Skalderang Conservatory,斯考德蘭音樂學院,project-proposed
KftGV,/data/7/entries/8/entries/4/name,General Features,通用特徵,project-proposed
KftGV,/data/7/entries/8/entries/4/entries/1/name,Chimneys,煙囪,project-proposed
KftGV,/data/7/entries/8/entries/4/entries/2/name,Doors,門,existing-site
KftGV,/data/7/entries/8/entries/4/entries/3/name,Elevator,升降機,project-proposed
KftGV,/data/7/entries/8/entries/4/entries/4/name,Exterior Lighting,外部照明,project-proposed
KftGV,/data/7/entries/8/entries/4/entries/5/name,Interior Lighting,室內照明,project-proposed
KftGV,/data/7/entries/8/entries/4/entries/6/name,Windows,窗戶,project-proposed
KftGV,/data/7/entries/8/entries/5/name,Inhabitants,居民,project-proposed
KftGV,/data/7/entries/8/entries/5/entries/1/name,Demons,惡魔,existing-site
KftGV,/data/7/entries/8/entries/5/entries/1/entries/1/items/0/name,Chasme,喀嘶魔,existing-site
KftGV,/data/7/entries/8/entries/5/entries/1/entries/1/items/1/name,Quasits,小惡魔,project-proposed
KftGV,/data/7/entries/8/entries/6/name,Students,學生,project-proposed
KftGV,/data/7/entries/8/entries/7/name,Servants,僕人,project-proposed
KftGV,/data/7/entries/8/entries/8/name,The Direct Approach,直接方法,project-proposed
KftGV,/data/7/entries/8/entries/8/entries/1/name,"""Are You Accepting New Students?""","""您接受新學生嗎？""",project-proposed
KftGV,/data/7/entries/8/entries/8/entries/1/entries/1/name,Where's the Mandolin?,曼陀林在哪裡？,project-proposed
KftGV,/data/7/entries/8/entries/8/entries/2/name,"""Surrender the Mandolin or Else!""","""交出曼陀林，否則後果自負！""",project-proposed
KftGV,/data/7/entries/8/entries/8/entries/3/name,"""We're Debt Collectors.""","我們是討債人。""",project-proposed
KftGV,/data/7/entries/8/entries/8/entries/3/entries/2/name,Sythian's Suspicion,西提安的懷疑,project-proposed
KftGV,/data/7/entries/8/entries/9/name,Conservatory Locations,音樂學院地點,project-proposed
KftGV,/data/7/entries/8/entries/9/entries/2/name,C1: Dining Hall,C1. 餐廳,project-proposed
KftGV,/data/7/entries/8/entries/9/entries/2/entries/3/name,Chandeliers,吊燈,project-proposed
KftGV,/data/7/entries/8/entries/9/entries/2/entries/4/name,Paintings,畫作,project-proposed
KftGV,/data/7/entries/8/entries/9/entries/3/name,C2: Kitchen and Pantry,C2. 廚房和食品儲藏室,project-proposed
KftGV,/data/7/entries/8/entries/9/entries/4/name,C3: Servants' Quarters,C3. 僕人宿舍,project-proposed
KftGV,/data/7/entries/8/entries/9/entries/4/entries/2/name,Treasure,寶藏,existing-site
KftGV,/data/7/entries/8/entries/9/entries/5/name,C4: Gallery,C4. 畫廊,project-proposed
KftGV,/data/7/entries/8/entries/9/entries/6/name,C5: Shrine (Locked),C5. 神龕（鎖著的）,project-proposed
KftGV,/data/7/entries/8/entries/9/entries/7/name,C6: Mezzanine,C6. 夾層,project-proposed
KftGV,/data/7/entries/8/entries/9/entries/8/name,C7: Students' Quarters,C7. 學生宿舍,project-proposed
KftGV,/data/7/entries/8/entries/9/entries/8/entries/2/items/0/name,C7a:,C7a:,project-proposed
KftGV,/data/7/entries/8/entries/9/entries/8/entries/2/items/1/name,C7b:,C7b:,project-proposed
KftGV,/data/7/entries/8/entries/9/entries/8/entries/2/items/2/name,C7c:,C7c:,project-proposed
KftGV,/data/7/entries/8/entries/9/entries/8/entries/2/items/3/name,C7d:,C7d:,project-proposed
KftGV,/data/7/entries/8/entries/9/entries/8/entries/2/items/4/name,C7e:,C7e:,project-proposed
KftGV,/data/7/entries/8/entries/9/entries/8/entries/2/items/5/name,C7f:,C7f:,project-proposed
KftGV,/data/7/entries/8/entries/9/entries/9/name,C8: Bathroom,C8. 浴室,project-proposed
KftGV,/data/7/entries/8/entries/9/entries/10/name,C9: Sythian's Bathroom (Locked),C9. 西提安的浴室（鎖著的）,project-proposed
KftGV,/data/7/entries/8/entries/9/entries/11/name,C10: Laundry Room,C10. 洗衣房,project-proposed
KftGV,/data/7/entries/8/entries/9/entries/12/name,C11: Music Hall,C11. 音樂廳,project-proposed
KftGV,/data/7/entries/8/entries/9/entries/12/entries/3/name,Instruments,樂器,project-proposed
KftGV,/data/7/entries/8/entries/9/entries/13/name,C12: Outdoor Balcony,C12. 室外陽臺,project-proposed
KftGV,/data/7/entries/8/entries/9/entries/14/name,C13: Hallway,C13. 走廊,project-proposed
KftGV,/data/7/entries/8/entries/9/entries/14/entries/2/name,Trapped Secret Door,陷阱密門,project-proposed
KftGV,/data/7/entries/8/entries/9/entries/15/name,C14: Sythian's Study,C14. 西提安的書房,project-proposed
KftGV,/data/7/entries/8/entries/9/entries/15/entries/2/name,Treasure,寶藏,existing-site
KftGV,/data/7/entries/8/entries/9/entries/16/name,C15: Sythian's Quarters (Locked),C15. 西提安的住處（鎖著的）,project-proposed
KftGV,/data/7/entries/8/entries/9/entries/16/entries/3/name,Trapped Trunk,被困的樹幹,project-proposed
KftGV,/data/7/entries/8/entries/9/entries/16/entries/4/name,Treasure,寶藏,existing-site
KftGV,/data/7/entries/8/entries/9/entries/17/name,C16: Attic,C16. 閣樓,project-proposed
KftGV,/data/7/entries/8/entries/9/entries/17/entries/2/name,Treasure,寶藏,existing-site
KftGV,/data/7/entries/8/entries/9/entries/18/name,C17: Library (Locked),C17. 圖書館（鎖著的）,project-proposed
KftGV,/data/7/entries/8/entries/9/entries/19/name,C18: Rooftop,C18. 屋頂,project-proposed
KftGV,/data/7/entries/8/entries/9/entries/19/entries/3/name,Flagpole,旗杆,project-proposed
KftGV,/data/7/entries/8/entries/9/entries/19/entries/4/name,Skylights,天窗,project-proposed
KftGV,/data/7/entries/8/entries/10/name,Leaving Post-Heist,逃離搶劫現場,project-proposed
KftGV,/data/7/entries/9/name,Conclusion,結局,project-proposed
KftGV,/data/7/entries/9/entries/1/name,Buried Again,再次埋葬,project-proposed
KftGV,/data/7/entries/9/entries/2/name,For the Golden Vault,對於金庫,project-proposed
KftGV,/data/7/entries/10/name,Sythian Skalderang,西提安·斯考德蘭,existing-site
KftGV,/data/8/name,Vidorant's Vault,維朵蘭特的金庫,project-proposed
KftGV,/data/8/entries/3/name,Adventure Background,冒險背景,project-proposed
KftGV,/data/8/entries/4/name,Using the Golden Vault,使用金庫,project-proposed
KftGV,/data/8/entries/5/name,Steal the Diadem,偷走頭飾,project-proposed
KftGV,/data/8/entries/5/entries/3/name,Mission from Goldenbeard,來自金鬚的任務,project-proposed
KftGV,/data/8/entries/6/name,Preparation,預備,existing-site
KftGV,/data/8/entries/6/entries/1/name,Gathering Intelligence,收集情報,project-proposed
KftGV,/data/8/entries/6/entries/2/name,Surveilling the Target,監視目標,project-proposed
KftGV,/data/8/entries/6/entries/3/name,Casing the Joint,踩點,project-proposed
KftGV,/data/8/entries/7/name,The Vault,金庫,project-proposed
KftGV,/data/8/entries/7/entries/1/name,Vault Features,寶庫特點,project-proposed
KftGV,/data/8/entries/7/entries/1/entries/1/name,Ceilings,天花板,existing-site
KftGV,/data/8/entries/7/entries/1/entries/2/name,Doors,門,existing-site
KftGV,/data/8/entries/7/entries/1/entries/2/entries/1/name,Locked Doors,鎖住的門,project-proposed
KftGV,/data/8/entries/7/entries/1/entries/3/name,Light,光線,existing-site
KftGV,/data/8/entries/7/entries/1/entries/4/name,Walls and Floors,牆壁和地板,project-proposed
KftGV,/data/8/entries/7/entries/1/entries/5/name,Wards,大區,project-proposed
KftGV,/data/8/entries/7/entries/1/entries/6/name,Windows,窗戶,project-proposed
KftGV,/data/8/entries/7/entries/2/name,Vault Guards,金庫守衛,project-proposed
KftGV,/data/8/entries/7/entries/2/entries/1/name,Exterior Security,外部安全,project-proposed
KftGV,/data/8/entries/7/entries/2/entries/2/name,Interior Security,內部安全,project-proposed
KftGV,/data/8/entries/7/entries/2/entries/3/name,Evading Guards,躲避守衛,project-proposed
KftGV,/data/8/entries/7/entries/2/entries/3/entries/1/items/0/name,Bluffing,虛張聲勢,project-proposed
KftGV,/data/8/entries/7/entries/2/entries/3/entries/1/items/1/name,Bribing,賄賂,project-proposed
KftGV,/data/8/entries/7/entries/2/entries/3/entries/1/items/2/name,Hiding,躲藏,project-proposed
KftGV,/data/8/entries/7/entries/2/entries/3/entries/1/items/3/name,Intimidation,威嚇,existing-site
KftGV,/data/8/entries/7/entries/2/entries/4/name,Caught in the Act,當場抓獲,project-proposed
KftGV,/data/8/entries/7/entries/2/entries/5/name,Changing of the Guard,警衛換班,project-proposed
KftGV,/data/8/entries/7/entries/3/name,Vault Locations,金庫位置,project-proposed
KftGV,/data/8/entries/7/entries/3/entries/2/name,T1: Lobby,T1. 大廳,project-proposed
KftGV,/data/8/entries/7/entries/3/entries/2/entries/1/name,Guards,警衛們,existing-site
KftGV,/data/8/entries/7/entries/3/entries/2/entries/2/name,Locked Door,鎖住的門,project-proposed
KftGV,/data/8/entries/7/entries/3/entries/3/name,T2: Break Room,T2. 休息室,project-proposed
KftGV,/data/8/entries/7/entries/3/entries/3/entries/2/name,Guards,警衛們,existing-site
KftGV,/data/8/entries/7/entries/3/entries/3/entries/3/name,Locked Door,鎖住的門,project-proposed
KftGV,/data/8/entries/7/entries/3/entries/4/name,T3: Gem Room,T3. 寶石室,project-proposed
KftGV,/data/8/entries/7/entries/3/entries/4/entries/1/name,Guards,警衛們,existing-site
KftGV,/data/8/entries/7/entries/3/entries/4/entries/2/name,Locked Door,鎖住的門,project-proposed
KftGV,/data/8/entries/7/entries/3/entries/4/entries/3/name,Secret Door,暗門,project-proposed
KftGV,/data/8/entries/7/entries/3/entries/4/entries/4/name,Trap,陷阱,existing-site
KftGV,/data/8/entries/7/entries/3/entries/4/entries/5/name,Treasure,寶藏,existing-site
KftGV,/data/8/entries/7/entries/3/entries/5/name,T4: Scrolls and Potions Room,T4. 卷軸與藥水室,project-proposed
KftGV,/data/8/entries/7/entries/3/entries/5/entries/1/name,Guards,警衛們,existing-site
KftGV,/data/8/entries/7/entries/3/entries/5/entries/2/name,Shelves of Potions,藥水架,project-proposed
KftGV,/data/8/entries/7/entries/3/entries/5/entries/3/name,Treasure,寶藏,existing-site
KftGV,/data/8/entries/7/entries/3/entries/6/name,T5: Documents Room,T5. 檔案室,project-proposed
KftGV,/data/8/entries/7/entries/3/entries/6/entries/1/name,Guards,警衛們,existing-site
KftGV,/data/8/entries/7/entries/3/entries/6/entries/2/name,Locked Door,鎖住的門,project-proposed
KftGV,/data/8/entries/7/entries/3/entries/6/entries/3/name,Trapped Safes,陷阱保險箱,project-proposed
KftGV,/data/8/entries/7/entries/3/entries/6/entries/3/entries/2/items/0/name,Bribe,賄賂,project-proposed
KftGV,/data/8/entries/7/entries/3/entries/6/entries/3/entries/2/items/1/name,Disputed Will,爭議遺囑,project-proposed
KftGV,/data/8/entries/7/entries/3/entries/6/entries/3/entries/2/items/2/name,Goldenbeard's Secret,金鬚的秘密,project-proposed
KftGV,/data/8/entries/7/entries/3/entries/6/entries/3/entries/2/items/3/name,Love Letters,情書,project-proposed
KftGV,/data/8/entries/7/entries/3/entries/7/name,T6: Gallery,T6. 畫廊,project-proposed
KftGV,/data/8/entries/7/entries/3/entries/7/entries/1/name,Fire-Breathing Statues,噴火雕像,project-proposed
KftGV,/data/8/entries/7/entries/3/entries/7/entries/2/name,Guards,警衛們,existing-site
KftGV,/data/8/entries/7/entries/3/entries/7/entries/3/name,Secret Door,暗門,project-proposed
KftGV,/data/8/entries/7/entries/3/entries/7/entries/4/name,Treasure,寶藏,existing-site
KftGV,/data/8/entries/7/entries/3/entries/8/name,T7: Armory,T7. 軍械庫,project-proposed
KftGV,/data/8/entries/7/entries/3/entries/8/entries/2/name,Guards,警衛們,existing-site
KftGV,/data/8/entries/7/entries/3/entries/8/entries/3/name,Treasure,寶藏,existing-site
KftGV,/data/8/entries/7/entries/3/entries/9/name,T8: Zoo,T8. 動物園,project-proposed
KftGV,/data/8/entries/7/entries/3/entries/9/entries/1/name,Cages,籠子,project-proposed
KftGV,/data/8/entries/7/entries/3/entries/9/entries/2/name,Guards,警衛們,existing-site
KftGV,/data/8/entries/7/entries/3/entries/10/name,T9: Library,T9. 圖書館,project-proposed
KftGV,/data/8/entries/7/entries/3/entries/10/entries/3/name,Guards,警衛們,existing-site
KftGV,/data/8/entries/7/entries/3/entries/10/entries/4/name,Secret Door,暗門,project-proposed
KftGV,/data/8/entries/7/entries/3/entries/10/entries/5/name,Treasure,寶藏,existing-site
KftGV,/data/8/entries/7/entries/3/entries/11/name,T10: Pit,T10. 深坑,project-proposed
KftGV,/data/8/entries/7/entries/3/entries/11/entries/2/name,Illusions,幻象,existing-site
KftGV,/data/8/entries/7/entries/3/entries/11/entries/3/name,Spiked Pit,尖刺陷坑,project-proposed
KftGV,/data/8/entries/7/entries/3/entries/12/name,T11a–b: Stairwell,T11a–b: 樓梯井,project-proposed
KftGV,/data/8/entries/7/entries/3/entries/13/name,T12: Balcony,T12. 陽臺,project-proposed
KftGV,/data/8/entries/7/entries/3/entries/13/entries/2/name,Guards,警衛們,existing-site
KftGV,/data/8/entries/7/entries/3/entries/13/entries/3/name,Locked Door,鎖住的門,project-proposed
KftGV,/data/8/entries/7/entries/3/entries/13/entries/4/name,Vidorant,維朵蘭特,project-proposed
KftGV,/data/8/entries/7/entries/3/entries/14/name,T13: Vidorant's Quarters,T13. 維朵蘭特的住所,project-proposed
KftGV,/data/8/entries/7/entries/3/entries/14/entries/2/name,Desk,書桌,project-proposed
KftGV,/data/8/entries/7/entries/3/entries/14/entries/3/name,Locked Door,鎖住的門,project-proposed
KftGV,/data/8/entries/7/entries/3/entries/14/entries/4/name,Treasure,寶藏,existing-site
KftGV,/data/8/entries/7/entries/3/entries/15/name,T14: Strong Room,T14. 堅固房間,project-proposed
KftGV,/data/8/entries/7/entries/3/entries/15/entries/2/name,Secret Passage,秘密通道,project-proposed
KftGV,/data/8/entries/7/entries/3/entries/15/entries/3/name,Trapped Cabinets,陷阱櫃子,project-proposed
KftGV,/data/8/entries/7/entries/3/entries/15/entries/4/name,Treasure,寶藏,existing-site
KftGV,/data/8/entries/7/entries/3/entries/16/name,T15: Inner Vault,T15. 內金庫,project-proposed
KftGV,/data/8/entries/7/entries/3/entries/16/entries/1/name,Trap,陷阱,existing-site
KftGV,/data/8/entries/7/entries/3/entries/16/entries/2/name,Display Cases,展示櫃,project-proposed
KftGV,/data/8/entries/7/entries/3/entries/16/entries/2/entries/1/items/0/name,Jeweled Human Skull,鑲珠寶的人頭骨,project-proposed
KftGV,/data/8/entries/7/entries/3/entries/16/entries/2/entries/1/items/1/name,Lost Map of Tishanos,提沙諾斯的失落地圖,project-proposed
KftGV,/data/8/entries/7/entries/3/entries/16/entries/2/entries/1/items/2/name,Royal Scepter,皇家權杖,project-proposed
KftGV,/data/8/entries/7/entries/3/entries/16/entries/2/entries/1/items/3/name,Ruby Diadem of Erlynn Blessedore,埃爾林·布萊索雷的紅寶石王冠,project-proposed
KftGV,/data/8/entries/7/entries/3/entries/16/entries/2/entries/1/items/4/name,Silvered Dagger,鍍銀匕首,project-proposed
KftGV,/data/8/entries/7/entries/3/entries/16/entries/2/entries/1/items/5/name,Snowy's Collar,小雪的項圈,project-proposed
KftGV,/data/8/entries/7/entries/3/entries/16/entries/2/entries/1/items/6/name,Thesis of Mortinsor,《摩蒂索的論文》,project-proposed
KftGV,/data/8/entries/8/name,Vidorant Arrives,維朵蘭特抵達,project-proposed
KftGV,/data/8/entries/8/entries/2/name,Vidorant's Offer,維朵蘭特的提議,project-proposed
KftGV,/data/8/entries/9/name,Conclusion,結局,project-proposed
KftGV,/data/8/entries/9/entries/3/name,Blackmailing Goldenbeard,敲詐金鬚,project-proposed
KftGV,/data/8/entries/9/entries/4/name,For the Golden Vault,對於金庫,project-proposed
KftGV,/data/9/name,Shard of the Accursed,被詛咒的碎片,project-proposed
KftGV,/data/9/entries/4/name,Adventure Background,冒險背景,project-proposed
KftGV,/data/9/entries/5/name,The Accursed Shard,詛咒之碎片,project-proposed
KftGV,/data/9/entries/5/entries/1/name,Shard Rumors,碎片傳言,project-proposed
KftGV,/data/9/entries/5/entries/2/name,Shard Description,碎片描述,project-proposed
KftGV,/data/9/entries/6/name,Adventure Hooks,冒險引子,project-proposed
KftGV,/data/9/entries/6/entries/1/items/0/name,Jamishka Zaril,賈米什卡·扎裡爾,project-proposed
KftGV,/data/9/entries/6/entries/1/items/1/name,Yana Resendes,亞娜·雷森德斯,project-proposed
KftGV,/data/9/entries/7/name,Using the Golden Vault,使用金庫,project-proposed
KftGV,/data/9/entries/8/name,What Really Happened,真正發生了什麼,project-proposed
KftGV,/data/9/entries/9/name,Town of Oztocan,奧茲托坎鎮,project-proposed
KftGV,/data/9/entries/9/entries/2/name,Arrival in Oztocan,抵達奧茲托坎,project-proposed
KftGV,/data/9/entries/9/entries/2/entries/3/name,Tremor,震顫,project-proposed
KftGV,/data/9/entries/9/entries/3/name,Leandro Sedhar,萊昂德羅·塞達爾,project-proposed
KftGV,/data/9/entries/9/entries/3/entries/2/name,What Leandro Knows,萊昂德羅所知道的,project-proposed
KftGV,/data/9/entries/9/entries/3/entries/2/entries/2/items/0/name,Earthquakes,地震,project-proposed
KftGV,/data/9/entries/9/entries/3/entries/2/entries/2/items/1/name,Rilago,里拉戈,existing-site
KftGV,/data/9/entries/9/entries/3/entries/2/entries/2/items/2/name,Tavio,塔維奧,project-proposed
KftGV,/data/9/entries/9/entries/3/entries/2/entries/2/items/3/name,Aminta,阿明塔,project-proposed
KftGV,/data/9/entries/9/entries/3/entries/3/name,Leandro's Secret,萊昂德羅的秘密,project-proposed
KftGV,/data/9/entries/9/entries/3/entries/4/name,Leandro's Map,萊昂德羅的地圖,project-proposed
KftGV,/data/9/entries/9/entries/3/entries/4/entries/2/name,Placing Oztocan,定位奧茲托坎,project-proposed
KftGV,/data/9/entries/9/entries/4/name,Casa Solana,卡薩·索拉納,project-proposed
KftGV,/data/9/entries/9/entries/4/entries/2/name,Tavio Solana,塔維奧·索拉納,project-proposed
KftGV,/data/9/entries/9/entries/4/entries/2/entries/2/items/0/name,Approaching the Mayor,接近市長,project-proposed
KftGV,/data/9/entries/9/entries/4/entries/2/entries/2/items/1/name,Aminta's Whereabouts,阿明塔的下落,project-proposed
KftGV,/data/9/entries/9/entries/4/entries/2/entries/2/items/2/name,Cause of the Earthquakes,地震的原因,project-proposed
KftGV,/data/9/entries/9/entries/4/entries/2/entries/2/items/3/name,Rilago's Fate,里拉戈的命運,project-proposed
KftGV,/data/9/entries/9/entries/4/entries/2/entries/2/items/4/name,Workers Needed,需要工人,project-proposed
KftGV,/data/9/entries/9/entries/4/entries/2/entries/2/items/5/name,Secret Entrance,秘密入口,project-proposed
KftGV,/data/9/entries/9/entries/5/name,Infiltration Plans,滲透計劃,project-proposed
KftGV,/data/9/entries/9/entries/5/entries/1/name,Infiltrating as Workers,作為工人潛入,project-proposed
KftGV,/data/9/entries/9/entries/5/entries/2/name,Rilago's Notes,里拉戈的筆記,project-proposed
KftGV,/data/9/entries/9/entries/6/name,Reaching the Tomb,到達墓穴,project-proposed
KftGV,/data/9/entries/9/entries/6/entries/1/name,Ruined Citadel,廢墟堡壘,project-proposed
KftGV,/data/9/entries/9/entries/6/entries/2/name,Ventilation Shafts,通風井,project-proposed
KftGV,/data/9/entries/9/entries/6/entries/3/name,Ironbed Grotto,鐵床巖洞,project-proposed
KftGV,/data/9/entries/10/name,Xeluan's Tomb,澤巒的墓,project-proposed
KftGV,/data/9/entries/10/entries/2/name,Tomb Features,墳墓特徵,project-proposed
KftGV,/data/9/entries/10/entries/2/entries/1/items/0/name,Ceilings,天花板,existing-site
KftGV,/data/9/entries/10/entries/2/entries/1/items/1/name,Doors,門,existing-site
KftGV,/data/9/entries/10/entries/2/entries/1/items/2/name,Light,光線,existing-site
KftGV,/data/9/entries/10/entries/2/entries/1/items/3/name,Walls and Floors,牆壁和地板,project-proposed
KftGV,/data/9/entries/10/entries/3/name,Tomb Locations,墳墓位置,project-proposed
KftGV,/data/9/entries/10/entries/3/entries/2/name,X1: Main Entrance,X1. 主入口,project-proposed
KftGV,/data/9/entries/10/entries/3/entries/2/entries/3/name,Iron Doors,鐵門,project-proposed
KftGV,/data/9/entries/10/entries/3/entries/3/name,X2: Vestibule,X2. 前廳,project-proposed
KftGV,/data/9/entries/10/entries/3/entries/3/entries/4/name,Barred Door,橫閂門,project-proposed
KftGV,/data/9/entries/10/entries/3/entries/4/name,X3: Arrow Slit Hallway,X3. 箭縫走廊,project-proposed
KftGV,/data/9/entries/10/entries/3/entries/4/entries/2/name,Arrow Slits,箭垛,project-proposed
KftGV,/data/9/entries/10/entries/3/entries/5/name,X4: Great Chamber,X4. 大廳,project-proposed
KftGV,/data/9/entries/10/entries/3/entries/5/entries/1/name,Tremor,震顫,project-proposed
KftGV,/data/9/entries/10/entries/3/entries/5/entries/2/name,Workers,工人,project-proposed
KftGV,/data/9/entries/10/entries/3/entries/5/entries/2/entries/2/items/0/name,Aminta,阿明塔,project-proposed
KftGV,/data/9/entries/10/entries/3/entries/5/entries/2/entries/2/items/1/name,Edino's Research,埃迪諾的研究,project-proposed
KftGV,/data/9/entries/10/entries/3/entries/5/entries/2/entries/2/items/2/name,Trouble to the East,東方的麻煩,project-proposed
KftGV,/data/9/entries/10/entries/3/entries/5/entries/3/name,Raw Oztocanite,原始奧茲托坎石,project-proposed
KftGV,/data/9/entries/10/entries/3/entries/5/entries/4/name,Giant's Heart,巨人之心,project-proposed
KftGV,/data/9/entries/10/entries/3/entries/6/name,X5: Barricaded Corridor,X5. 封鎖走廊,project-proposed
KftGV,/data/9/entries/10/entries/3/entries/7/name,X6: Forgotten Garden,X6. 遺忘的花園,project-proposed
KftGV,/data/9/entries/10/entries/3/entries/7/entries/3/name,Fountain,噴泉,existing-site
KftGV,/data/9/entries/10/entries/3/entries/7/entries/4/name,Shrines,聖祠,project-proposed
KftGV,/data/9/entries/10/entries/3/entries/7/entries/5/name,South Corridor,南走廊,project-proposed
KftGV,/data/9/entries/10/entries/3/entries/7/entries/6/name,Stairs,樓梯,existing-site
KftGV,/data/9/entries/10/entries/3/entries/8/name,X7: Ruined Shrines,X7. 廢墟神廟,project-proposed
KftGV,/data/9/entries/10/entries/3/entries/8/entries/2/name,Secret Door,暗門,project-proposed
KftGV,/data/9/entries/10/entries/3/entries/9/name,X8: Living Quarters,X8. 生活區,project-proposed
KftGV,/data/9/entries/10/entries/3/entries/9/entries/2/name,X8a. North Quarters,X8a. 北側區域,project-proposed
KftGV,/data/9/entries/10/entries/3/entries/9/entries/3/name,X8b. South Quarters,X8b. 南側區域,project-proposed
KftGV,/data/9/entries/10/entries/3/entries/10/name,X9: Storage,X9. 儲藏室,project-proposed
KftGV,/data/9/entries/10/entries/3/entries/10/entries/2/name,Stairs,樓梯,existing-site
KftGV,/data/9/entries/10/entries/3/entries/10/entries/3/name,Warded Door,有防護的門,project-proposed
KftGV,/data/9/entries/10/entries/3/entries/11/name,X10: Edino's Study,X10. 埃迪諾的研究室,project-proposed
KftGV,/data/9/entries/10/entries/3/entries/11/entries/3/name,Edino's Experiments,埃迪諾的實驗,project-proposed
KftGV,/data/9/entries/10/entries/3/entries/11/entries/4/name,Treasure,寶藏,existing-site
KftGV,/data/9/entries/10/entries/3/entries/12/name,X11: Mess Hall,X11. 食堂,project-proposed
KftGV,/data/9/entries/10/entries/3/entries/13/name,X12: Worker Rest Area,X12. 工人休息區,project-proposed
KftGV,/data/9/entries/10/entries/3/entries/13/entries/2/name,Southeast Corridor,東南走廊,project-proposed
KftGV,/data/9/entries/10/entries/3/entries/14/name,X13: Reconstructed Shrine,X13. 重建的神廟,project-proposed
KftGV,/data/9/entries/10/entries/3/entries/14/entries/2/name,Altar Deities,祭壇神祇,project-proposed
KftGV,/data/9/entries/10/entries/3/entries/14/entries/3/name,Secret Door,暗門,project-proposed
KftGV,/data/9/entries/10/entries/3/entries/15/name,X14: History Room,X14. 歷史室,project-proposed
KftGV,/data/9/entries/10/entries/3/entries/16/name,X15: Upper West Antechamber,X15. 西側上層前廳,project-proposed
KftGV,/data/9/entries/10/entries/3/entries/16/entries/2/name,Door to Area X17,通往區域X17的門,project-proposed
KftGV,/data/9/entries/10/entries/3/entries/17/name,X16: Aminta's Quarters,X16. 阿明塔的住所,project-proposed
KftGV,/data/9/entries/10/entries/3/entries/17/entries/1/name,Treasure,寶藏,existing-site
KftGV,/data/9/entries/10/entries/3/entries/18/name,X17: Treasury,X17. 國庫,project-proposed
KftGV,/data/9/entries/10/entries/3/entries/18/entries/2/name,Treasure,寶藏,existing-site
KftGV,/data/9/entries/10/entries/3/entries/19/name,X18: Mezzanine,X18. 夾層,project-proposed
KftGV,/data/9/entries/10/entries/3/entries/19/entries/1/name,Revolving Stone Doors,旋轉石門,project-proposed
KftGV,/data/9/entries/10/entries/3/entries/20/name,X19: War Room,X19. 戰情室,project-proposed
KftGV,/data/9/entries/10/entries/3/entries/20/entries/6/name,Revolving Stone Door,旋轉石門,project-proposed
KftGV,/data/9/entries/10/entries/3/entries/20/entries/7/name,Secret Door,暗門,project-proposed
KftGV,/data/9/entries/10/entries/3/entries/21/name,X20: Food Storage,X20. 食品儲藏室,project-proposed
KftGV,/data/9/entries/10/entries/3/entries/22/name,X21: Guest Hall,X21. 賓客大廳,project-proposed
KftGV,/data/9/entries/10/entries/3/entries/22/entries/2/name,Secret Door,暗門,project-proposed
KftGV,/data/9/entries/10/entries/3/entries/22/entries/3/name,Trapdoor,活板門,project-proposed
KftGV,/data/9/entries/10/entries/3/entries/23/name,X22: Crypt of the Watched,X22. 被監視者的墓穴,project-proposed
KftGV,/data/9/entries/10/entries/3/entries/23/entries/2/name,Angry Wraiths,憤怒的幽靈,project-proposed
KftGV,/data/9/entries/10/entries/3/entries/23/entries/3/name,Rilago's Ghost,里拉戈的鬼魂,project-proposed
KftGV,/data/9/entries/10/entries/3/entries/23/entries/4/name,Mending Xeluan's Broken Heart,修復澤巒破碎的心,project-proposed
KftGV,/data/9/entries/11/name,Conclusion,結局,project-proposed
KftGV,/data/9/entries/11/entries/1/items/0/name,Xeluan's Heart Is Mended,澤巒的心臟得以修復,project-proposed
KftGV,/data/9/entries/11/entries/1/items/1/name,Xeluan's Heart Is Not Mended,澤巒的心臟未被修復,project-proposed
KftGV,/data/9/entries/11/entries/2/name,For the Golden Vault,對於金庫,project-proposed
KftGV,/data/9/entries/11/entries/3/name,What's Next?,後續？,project-proposed
KftGV,/data/10/name,Heart of Ashes,灰燼之心,project-proposed
KftGV,/data/10/entries/3/name,Adventure Background,冒險背景,project-proposed
KftGV,/data/10/entries/3/entries/6/name,Ashen Creatures,灰燼生物,project-proposed
KftGV,/data/10/entries/4/name,Using the Golden Vault,使用金庫,project-proposed
KftGV,/data/10/entries/5/name,Heart of the Matter,問題的核心,project-proposed
KftGV,/data/10/entries/5/entries/4/items/0/name,Ashen Defenders,灰燼守護者,project-proposed
KftGV,/data/10/entries/5/entries/4/items/1/name,Charmayne's Location,夏梅恩的位置,project-proposed
KftGV,/data/10/entries/5/entries/4/items/2/name,Consuming Void,虛空吞噬,project-proposed
KftGV,/data/10/entries/5/entries/6/items/0/name,Reversing the Ritual,逆轉儀式,project-proposed
KftGV,/data/10/entries/5/entries/6/items/1/name,Saving the King's Heart,拯救國王的心,project-proposed
KftGV,/data/10/entries/6/name,Planning the Heist,策劃盜竊,project-proposed
KftGV,/data/10/entries/6/entries/2/name,Getting Inside,進入內部,project-proposed
KftGV,/data/10/entries/6/entries/3/name,Charcoal Figurines,木炭小雕像,project-proposed
KftGV,/data/10/entries/7/name,Castle Cinis,灰燼城堡,project-proposed
KftGV,/data/10/entries/7/entries/6/name,Castle Features,城堡特徵,project-proposed
KftGV,/data/10/entries/7/entries/6/entries/1/items/0/name,Ceilings,天花板,existing-site
KftGV,/data/10/entries/7/entries/6/entries/1/items/1/name,Light,光線,existing-site
KftGV,/data/10/entries/7/entries/6/entries/1/items/2/name,Tug of the Void,虛空的拉扯,project-proposed
KftGV,/data/10/entries/7/entries/6/entries/1/items/3/name,Weakened Floors and Walls,削弱的地板和牆壁,project-proposed
KftGV,/data/10/entries/7/entries/6/entries/1/items/4/name,Windows,窗戶,project-proposed
KftGV,/data/10/entries/7/entries/7/name,Castle Cinis Locations,灰燼城堡地點,project-proposed
KftGV,/data/10/entries/7/entries/7/entries/2/name,S1: Entry Hall,S1. 入口大廳,project-proposed
KftGV,/data/10/entries/7/entries/7/entries/3/name,S2: Hallway,S2. 走廊,project-proposed
KftGV,/data/10/entries/7/entries/7/entries/3/entries/1/name,Guards,警衛們,existing-site
KftGV,/data/10/entries/7/entries/7/entries/4/name,S3: Dining Hall,S3. 餐廳,project-proposed
KftGV,/data/10/entries/7/entries/7/entries/5/name,S4: Kitchen,S4. 廚房,project-proposed
KftGV,/data/10/entries/7/entries/7/entries/5/entries/4/name,Eating the Food,食用食物,project-proposed
KftGV,/data/10/entries/7/entries/7/entries/6/name,S5: Library,S5. 圖書館,project-proposed
KftGV,/data/10/entries/7/entries/7/entries/7/name,S6: Art Gallery,S6. 藝術畫廊,project-proposed
KftGV,/data/10/entries/7/entries/7/entries/7/entries/2/name,Charcoal Figurines,木炭小雕像,project-proposed
KftGV,/data/10/entries/7/entries/7/entries/8/name,S7: Stone Staircase,S7. 石質樓梯,project-proposed
KftGV,/data/10/entries/7/entries/7/entries/9/name,S8: Upper Hallway,S8. 上層走廊,project-proposed
KftGV,/data/10/entries/7/entries/7/entries/9/entries/1/name,Guards,警衛們,existing-site
KftGV,/data/10/entries/7/entries/7/entries/10/name,S9: Parlor,S9. 客廳,project-proposed
KftGV,/data/10/entries/7/entries/7/entries/10/entries/3/items/0/name,Gift for the King,給國王的禮物,project-proposed
KftGV,/data/10/entries/7/entries/7/entries/10/entries/3/items/1/name,Heart of Ghalasine,加拉辛之心,project-proposed
KftGV,/data/10/entries/7/entries/7/entries/11/name,S10: Naevys's Bedroom,S10. 納維斯的臥室,project-proposed
KftGV,/data/10/entries/7/entries/7/entries/11/entries/2/name,Treasure,寶藏,existing-site
KftGV,/data/10/entries/7/entries/7/entries/12/name,S11: Regine's Bedroom,S11. 雷吉娜的臥室,project-proposed
KftGV,/data/10/entries/7/entries/7/entries/12/entries/2/name,Window,視窗,project-proposed
KftGV,/data/10/entries/7/entries/7/entries/13/name,S12: Charmayne's Bedroom,S12. 夏梅恩的臥室,project-proposed
KftGV,/data/10/entries/7/entries/7/entries/13/entries/2/name,The Match Thief,火柴小偷,project-proposed
KftGV,/data/10/entries/7/entries/7/entries/14/name,S13: Royal Gallery,S13. 皇家畫廊,project-proposed
KftGV,/data/10/entries/7/entries/7/entries/14/entries/2/name,Treasure,寶藏,existing-site
KftGV,/data/10/entries/7/entries/7/entries/15/name,S14: Mage Tower,S14. 法師塔,project-proposed
KftGV,/data/10/entries/7/entries/7/entries/16/name,S15: King's Armory,S15. 國王的軍械庫,project-proposed
KftGV,/data/10/entries/7/entries/7/entries/16/entries/3/name,Treasure,寶藏,existing-site
KftGV,/data/10/entries/7/entries/7/entries/17/name,S16: King's Bedroom,S16. 國王的臥室,project-proposed
KftGV,/data/10/entries/7/entries/7/entries/17/entries/2/name,Secret Door,暗門,project-proposed
KftGV,/data/10/entries/7/entries/7/entries/18/name,S17: Heart of Jhaeros,S17. 賈埃羅斯之心,project-proposed
KftGV,/data/10/entries/7/entries/7/entries/18/entries/7/name,Heart of the King,國王之心,project-proposed
KftGV,/data/10/entries/7/entries/7/entries/18/entries/7/entries/4/items/0/name,The Heart Dies,心臟死亡,project-proposed
KftGV,/data/10/entries/7/entries/7/entries/18/entries/7/entries/4/items/1/name,Jhaeros Dies,賈埃羅斯死亡,project-proposed
KftGV,/data/10/entries/7/entries/7/entries/18/entries/7/entries/4/items/2/name,The Void Collapses,虛空崩潰,project-proposed
KftGV,/data/10/entries/7/entries/7/entries/18/entries/7/entries/4/items/3/name,The Castle Falls,城堡墜落,project-proposed
KftGV,/data/10/entries/7/entries/8/name,Fleeing with the Heart,帶著心臟逃跑,project-proposed
KftGV,/data/10/entries/8/name,The Void,虛空,existing-site
KftGV,/data/10/entries/9/name,Conclusion,結局,project-proposed
KftGV,/data/10/entries/9/entries/1/items/0/name,Charmayne Dies,夏梅恩死亡,project-proposed
KftGV,/data/10/entries/9/entries/1/items/1/name,The Void Collapses,虛空崩潰,project-proposed
KftGV,/data/10/entries/9/entries/1/items/2/name,Ghalasine Is Restored,加拉辛得到恢復,project-proposed
KftGV,/data/10/entries/9/entries/1/items/3/name,Jalynvyr Is Set Free,賈琳維被釋放,project-proposed
KftGV,/data/10/entries/9/entries/1/items/4/name,The Hounds Are Restored,獵犬得到恢復,project-proposed
KftGV,/data/10/entries/9/entries/3/name,Rewards,獎勵,existing-site
KftGV,/data/10/entries/9/entries/3/entries/1/items/0/name,Naevys's Gifts,納維斯的禮物,project-proposed
KftGV,/data/10/entries/9/entries/3/entries/1/items/1/name,Jhaeros's Favor,賈埃羅斯的青睞,project-proposed
KftGV,/data/10/entries/9/entries/4/name,For the Golden Vault,對於金庫,project-proposed
KftGV,/data/11/name,Affair on the Concordant Express,協和快車上的事件,project-proposed
KftGV,/data/11/entries/3/name,Adventure Background,冒險背景,project-proposed
KftGV,/data/11/entries/3/entries/4/name,True Names,真名,project-proposed
KftGV,/data/11/entries/4/name,Adventure Hooks,冒險引子,project-proposed
KftGV,/data/11/entries/4/entries/1/name,Blood War Balance,血戰平衡,project-proposed
KftGV,/data/11/entries/4/entries/2/name,Fiendish Extortion,惡魔敲詐,project-proposed
KftGV,/data/11/entries/4/entries/3/name,Personal Reasons,個人原因,project-proposed
KftGV,/data/11/entries/5/name,Using the Golden Vault,使用金庫,project-proposed
KftGV,/data/11/entries/6/name,Glitch the Quadrone,格利奇·四元冢,project-proposed
KftGV,/data/11/entries/6/entries/6/items/0/name,Configuration,配置,project-proposed
KftGV,/data/11/entries/6/entries/6/items/1/name,Fuel,燃料,existing-site
KftGV,/data/11/entries/6/entries/6/items/2/name,Location of the Stranger,陌生人的位置,project-proposed
KftGV,/data/11/entries/6/entries/6/items/3/name,Patrols,巡邏隊,project-proposed
KftGV,/data/11/entries/6/entries/6/items/4/name,Teleportation Ward,傳送防護結界,project-proposed
KftGV,/data/11/entries/7/name,The Concordant Express,協和快車,project-proposed
KftGV,/data/11/entries/7/entries/3/name,Train Configuration,列車配置,project-proposed
KftGV,/data/11/entries/7/entries/3/entries/1/name,Mandatory Cars,必配車廂,project-proposed
KftGV,/data/11/entries/7/entries/3/entries/2/name,Optional Cars,可選車廂,project-proposed
KftGV,/data/11/entries/7/entries/4/name,Catching the Train,趕上火車,project-proposed
KftGV,/data/11/entries/7/entries/4/entries/4/name,Boarding the Train,登車,project-proposed
KftGV,/data/11/entries/7/entries/4/entries/5/name,"Choo, Choo!",咻咻！,project-proposed
KftGV,/data/11/entries/7/entries/5/name,General Features,通用特徵,project-proposed
KftGV,/data/11/entries/7/entries/5/entries/1/items/0/name,Ceilings,天花板,existing-site
KftGV,/data/11/entries/7/entries/5/entries/1/items/1/name,Doors,門,existing-site
KftGV,/data/11/entries/7/entries/5/entries/1/items/2/name,Flight,飛翔,existing-site
KftGV,/data/11/entries/7/entries/5/entries/1/items/3/name,Lighting,光照,existing-site
KftGV,/data/11/entries/7/entries/5/entries/1/items/4/name,Modrons,魔冢,existing-site
KftGV,/data/11/entries/7/entries/5/entries/1/items/5/name,Teleportation Ward,傳送防護結界,project-proposed
KftGV,/data/11/entries/7/entries/6/name,Moving on the Train,在火車上移動,project-proposed
KftGV,/data/11/entries/7/entries/6/entries/1/name,Crossing between Cars,車廂間穿行,project-proposed
KftGV,/data/11/entries/7/entries/6/entries/2/name,Falling off the Train,從火車上掉下來,project-proposed
KftGV,/data/11/entries/7/entries/6/entries/3/name,Guard Patrols,守衛巡邏,project-proposed
KftGV,/data/11/entries/7/entries/6/entries/4/name,Strong Winds,強風,project-proposed
KftGV,/data/11/entries/7/entries/6/entries/4/entries/1/items/0/name,Difficult Terrain,困難地形,existing-site
KftGV,/data/11/entries/7/entries/6/entries/4/entries/1/items/1/name,Ranged Attacks,遠端攻擊,project-proposed
KftGV,/data/11/entries/7/entries/7/name,Planar Effects,位面效應,existing-site
KftGV,/data/11/entries/8/name,Train Cars,火車車廂,project-proposed
KftGV,/data/11/entries/8/entries/2/name,E1: Caboose,E1. 守車,project-proposed
KftGV,/data/11/entries/8/entries/2/entries/1/name,Modrons in the Caboose,守車中的魔冢,project-proposed
KftGV,/data/11/entries/8/entries/2/entries/2/name,Locker,儲物櫃,project-proposed
KftGV,/data/11/entries/8/entries/2/entries/3/name,Rear Platform,後平臺,project-proposed
KftGV,/data/11/entries/8/entries/3/name,E2: Abacus Car,E2. 算盤車,project-proposed
KftGV,/data/11/entries/8/entries/3/entries/5/name,Chalkboard,黑板,project-proposed
KftGV,/data/11/entries/8/entries/4/name,E3: Aquarium Car,E3. 水族館車廂,project-proposed
KftGV,/data/11/entries/8/entries/4/entries/3/name,Angelic Statue,天使雕像,project-proposed
KftGV,/data/11/entries/8/entries/5/name,E4: Cargo Car,E4. 貨運車廂,project-proposed
KftGV,/data/11/entries/8/entries/6/name,E5: Planartarium Car,E5. 平行宇宙天文館車廂,project-proposed
KftGV,/data/11/entries/8/entries/6/entries/3/name,Donation Tube,捐款管,project-proposed
KftGV,/data/11/entries/8/entries/7/name,E6: Passenger Car,E6. 客車車廂,project-proposed
KftGV,/data/11/entries/8/entries/7/entries/2/name,Illithid Detective,靈吸怪偵探,project-proposed
KftGV,/data/11/entries/8/entries/7/entries/2/entries/2/name,What Ignatius Knows,伊格納提斯所知,project-proposed
KftGV,/data/11/entries/8/entries/7/entries/3/name,Murder Suspects,謀殺案嫌疑人,project-proposed
KftGV,/data/11/entries/8/entries/7/entries/4/name,Murder Victim,謀殺案受害者,project-proposed
KftGV,/data/11/entries/8/entries/7/entries/4/entries/1/items/0/name,Examining the Corpse,檢查屍體,project-proposed
KftGV,/data/11/entries/8/entries/7/entries/4/entries/1/items/1/name,Raising the Dead,復活死者,project-proposed
KftGV,/data/11/entries/8/entries/7/entries/4/entries/1/items/2/name,Speaking with the Dead,與死者對話,project-proposed
KftGV,/data/11/entries/8/entries/7/entries/5/name,Searching the Cabins,搜尋隔間,project-proposed
KftGV,/data/11/entries/8/entries/7/entries/5/entries/1/items/0/name,Cabin A,隔間A,project-proposed
KftGV,/data/11/entries/8/entries/7/entries/5/entries/1/items/1/name,Cabin B,隔間B,project-proposed
KftGV,/data/11/entries/8/entries/7/entries/5/entries/1/items/2/name,Cabin C,隔間C,project-proposed
KftGV,/data/11/entries/8/entries/7/entries/5/entries/1/items/3/name,Questioning the Modrons,詢問魔冢,project-proposed
KftGV,/data/11/entries/8/entries/7/entries/6/name,Solving the Mystery,解開謎團,project-proposed
KftGV,/data/11/entries/8/entries/7/entries/6/entries/2/name,Murder Weapon,兇器,project-proposed
KftGV,/data/11/entries/8/entries/7/entries/6/entries/3/name,Motive,動機,project-proposed
KftGV,/data/11/entries/8/entries/7/entries/6/entries/4/name,J'Accuse,我指控,project-proposed
KftGV,/data/11/entries/8/entries/7/entries/6/entries/5/name,Case Closed,案件結案,project-proposed
KftGV,/data/11/entries/8/entries/8/name,E7: Temple Car,E7. 神廟車廂,project-proposed
KftGV,/data/11/entries/8/entries/8/entries/4/name,Scrying Sensor,偵測感應器,project-proposed
KftGV,/data/11/entries/8/entries/9/name,E8: Jail Car,E8. 監獄車廂,project-proposed
KftGV,/data/11/entries/8/entries/9/entries/4/name,Omid the Deva,奧米德天使,project-proposed
KftGV,/data/11/entries/8/entries/9/entries/4/entries/5/items/0/name,Clever Deception,巧妙欺騙,project-proposed
KftGV,/data/11/entries/8/entries/9/entries/4/entries/5/items/1/name,Convincing Argument,說服性論證,project-proposed
KftGV,/data/11/entries/8/entries/9/entries/4/entries/5/items/2/name,Friendly Game,友好遊戲,project-proposed
KftGV,/data/11/entries/8/entries/9/entries/5/name,Cells,牢房,project-proposed
KftGV,/data/11/entries/8/entries/9/entries/5/entries/2/items/0/name,Cell 1,牢房1,project-proposed
KftGV,/data/11/entries/8/entries/9/entries/5/entries/2/items/1/name,Cell 2,牢房2,project-proposed
KftGV,/data/11/entries/8/entries/9/entries/5/entries/2/items/2/name,Cell 3,牢房3,project-proposed
KftGV,/data/11/entries/8/entries/9/entries/5/entries/2/items/3/name,Cell 4,牢房4,project-proposed
KftGV,/data/11/entries/8/entries/9/entries/5/entries/2/items/4/name,Cell 5,牢房5,project-proposed
KftGV,/data/11/entries/8/entries/9/entries/5/entries/2/items/5/name,Cell 6,牢房6,project-proposed
KftGV,/data/11/entries/8/entries/9/entries/5/entries/2/items/6/name,Cell 7,牢房7,project-proposed
KftGV,/data/11/entries/8/entries/9/entries/5/entries/2/items/7/name,Cell 8,牢房8,project-proposed
KftGV,/data/11/entries/8/entries/9/entries/6/name,The Stranger,陌生人,existing-site
KftGV,/data/11/entries/8/entries/10/name,E9: Engine Car,E9. 機車車廂,project-proposed
KftGV,/data/11/entries/8/entries/10/entries/4/name,Furnace,火爐,project-proposed
KftGV,/data/11/entries/8/entries/10/entries/5/name,Treasure,寶藏,existing-site
KftGV,/data/11/entries/9/name,Conclusion,結局,project-proposed
KftGV,/data/11/entries/9/entries/1/name,For the Golden Vault,對於金庫,project-proposed
KftGV,/data/11/entries/9/entries/2/name,Other Rewards,其他獎勵,project-proposed
KftGV,/data/11/entries/9/entries/2/entries/2/items/0/name,Home Ownership,房屋所有權,project-proposed
KftGV,/data/11/entries/9/entries/2/entries/2/items/1/name,Slayer's Weapon,殺手的武器,project-proposed
KftGV,/data/11/entries/9/entries/3/name,Further Adventures,更多冒險,project-proposed
KftGV,/data/11/entries/9/entries/3/entries/2/items/0/name,Trials and Tribulations,考驗與磨難,project-proposed
KftGV,/data/11/entries/9/entries/3/entries/2/items/1/name,True Name Terror,真實姓名的恐怖,project-proposed
KftGV,/data/12/name,Party at Paliset Hall,帕利塞特莊園的派對,project-proposed
KftGV,/data/12/entries/3/name,Adventure Background,冒險背景,project-proposed
KftGV,/data/12/entries/3/entries/3/name,Far Realm Invader,遙遠國度入侵者,project-proposed
KftGV,/data/12/entries/3/entries/4/name,Stealing the Shard Solitaire,竊取鑽石孤鑽,project-proposed
KftGV,/data/12/entries/4/name,Using the Golden Vault,使用金庫,project-proposed
KftGV,/data/12/entries/5/name,Meeting Fifel,遇見菲菲爾,project-proposed
KftGV,/data/12/entries/6/name,Planning the Heist,策劃盜竊,project-proposed
KftGV,/data/12/entries/6/entries/1/name,Shard Solitaire Lore,碎晶掛飾傳說,project-proposed
KftGV,/data/12/entries/6/entries/1/entries/1/items/0/name,Origin Story,起源故事,project-proposed
KftGV,/data/12/entries/6/entries/1/entries/1/items/1/name,Previous Owners,前所有者,project-proposed
KftGV,/data/12/entries/6/entries/1/entries/1/items/2/name,Safeguard,佑護,project-proposed
KftGV,/data/12/entries/6/entries/2/name,The Adulares,阿杜拉雷家族,project-proposed
KftGV,/data/12/entries/6/entries/2/entries/1/items/0/name,Zorhanna's Past,佐哈娜的過去,project-proposed
KftGV,/data/12/entries/6/entries/2/entries/1/items/1/name,Eliphas's Past,伊萊法斯的過去,project-proposed
KftGV,/data/12/entries/6/entries/3/name,Winter Solstice Gala,冬至盛會,project-proposed
KftGV,/data/12/entries/6/entries/3/entries/1/items/0/name,Guests,客人,project-proposed
KftGV,/data/12/entries/6/entries/3/entries/1/items/1/name,Weapons and Armor,武器和護甲,project-proposed
KftGV,/data/12/entries/6/entries/4/name,Map of Paliset Hall,帕利塞特莊園地圖,project-proposed
KftGV,/data/12/entries/7/name,Loch Wynnis,溫尼斯湖,project-proposed
KftGV,/data/12/entries/7/entries/3/name,People of Loch Wynnis,溫尼斯湖的居民,project-proposed
KftGV,/data/12/entries/7/entries/4/name,Other Gala Attendees,其他盛會參與者,project-proposed
KftGV,/data/12/entries/7/entries/5/name,Locations in Loch Wynnis,溫尼斯湖的地點,project-proposed
KftGV,/data/12/entries/7/entries/5/entries/1/name,Auberge Aurore,晨曦客棧,project-proposed
KftGV,/data/12/entries/7/entries/5/entries/2/name,Khorr's Kloths,科爾的衣物店,project-proposed
KftGV,/data/12/entries/7/entries/5/entries/3/name,Loch Wynnis Docks,洛克·溫尼斯碼頭,project-proposed
KftGV,/data/12/entries/7/entries/6/name,Fifel Takes His Leave,菲菲爾告別,project-proposed
KftGV,/data/12/entries/8/name,Sundown Crossing,日落十字路口,project-proposed
KftGV,/data/12/entries/8/entries/4/name,Using the Fey Crossing,使用精類穿越點,project-proposed
KftGV,/data/12/entries/9/name,Paliset Hall,帕利塞特莊園,project-proposed
KftGV,/data/12/entries/9/entries/2/name,General Features,通用特徵,project-proposed
KftGV,/data/12/entries/9/entries/2/entries/1/items/0/name,Architectural Anomalies,建築異常,project-proposed
KftGV,/data/12/entries/9/entries/2/entries/1/items/1/name,Ceilings and Walls,天花板和牆壁,project-proposed
KftGV,/data/12/entries/9/entries/2/entries/1/items/2/name,Decorations,裝飾,project-proposed
KftGV,/data/12/entries/9/entries/2/entries/1/items/3/name,Doors,門,existing-site
KftGV,/data/12/entries/9/entries/2/entries/1/items/4/name,Lighting,光照,existing-site
KftGV,/data/12/entries/9/entries/2/entries/1/items/5/name,Music,音樂,project-proposed
KftGV,/data/12/entries/9/entries/3/name,Zorhanna Adulare,佐哈娜·阿杜拉雷,existing-site
KftGV,/data/12/entries/9/entries/3/entries/1/name,Zorhanna's Simulacrum,佐哈娜的擬像,existing-site
KftGV,/data/12/entries/9/entries/3/entries/2/name,Simulacrum's Location,模擬體的位置,project-proposed
KftGV,/data/12/entries/9/entries/4/name,Stealing the Necklace,偷走項鍊,project-proposed
KftGV,/data/12/entries/9/entries/5/name,Paliset Hall Locations,帕利塞特莊園地點,project-proposed
KftGV,/data/12/entries/9/entries/5/entries/2/name,P1: Fountain and Patio,P1. 噴泉和露臺,project-proposed
KftGV,/data/12/entries/9/entries/5/entries/2/entries/4/name,Fey Crossing,精類穿越點,project-proposed
KftGV,/data/12/entries/9/entries/5/entries/2/entries/5/name,Feywild Guests,妖精荒野客人,project-proposed
KftGV,/data/12/entries/9/entries/5/entries/3/name,P2: Foyer,P2. 門廳,project-proposed
KftGV,/data/12/entries/9/entries/5/entries/3/entries/1/name,Guests,客人,project-proposed
KftGV,/data/12/entries/9/entries/5/entries/3/entries/2/name,Ice Mephits,冰魔蝠,project-proposed
KftGV,/data/12/entries/9/entries/5/entries/3/entries/3/name,Staircases,樓梯,project-proposed
KftGV,/data/12/entries/9/entries/5/entries/4/name,P3: Coat Check,P3. 衣帽間,project-proposed
KftGV,/data/12/entries/9/entries/5/entries/4/entries/2/name,Finding Zorhanna and Eliphas,尋找佐哈娜和伊萊法斯,project-proposed
KftGV,/data/12/entries/9/entries/5/entries/5/name,P4: Ballroom,P4. 舞廳,project-proposed
KftGV,/data/12/entries/9/entries/5/entries/5/entries/2/name,Guests,客人,project-proposed
KftGV,/data/12/entries/9/entries/5/entries/5/entries/3/name,Ice Mephits,冰魔蝠,project-proposed
KftGV,/data/12/entries/9/entries/5/entries/6/name,P5: Parlor,P5. 客廳,project-proposed
KftGV,/data/12/entries/9/entries/5/entries/6/entries/1/name,Guests,客人,project-proposed
KftGV,/data/12/entries/9/entries/5/entries/7/name,P6: Art Gallery,P6. 藝術畫廊,project-proposed
KftGV,/data/12/entries/9/entries/5/entries/7/entries/1/name,Secret Door,暗門,project-proposed
KftGV,/data/12/entries/9/entries/5/entries/7/entries/2/name,Treasure,寶藏,existing-site
KftGV,/data/12/entries/9/entries/5/entries/8/name,P7: Banquet Hall,P7. 宴會廳,project-proposed
KftGV,/data/12/entries/9/entries/5/entries/8/entries/2/name,Guests,客人,project-proposed
KftGV,/data/12/entries/9/entries/5/entries/9/name,P8: Kitchen,P8. 廚房,project-proposed
KftGV,/data/12/entries/9/entries/5/entries/9/entries/3/name,Staircase,樓梯,project-proposed
KftGV,/data/12/entries/9/entries/5/entries/10/name,P9: Balcony,P9. 陽臺,project-proposed
KftGV,/data/12/entries/9/entries/5/entries/11/name,P10: Main Bedroom,P10. 主臥室,project-proposed
KftGV,/data/12/entries/9/entries/5/entries/11/entries/1/name,Magic Painting,魔法畫,project-proposed
KftGV,/data/12/entries/9/entries/5/entries/11/entries/1/entries/2/items/0/name,Eliphas,伊萊法斯,project-proposed
KftGV,/data/12/entries/9/entries/5/entries/11/entries/1/entries/2/items/1/name,Zorhanna,佐哈娜,project-proposed
KftGV,/data/12/entries/9/entries/5/entries/11/entries/1/entries/2/items/2/name,Shard Solitaire Necklace,鑽石獨奏曲項鍊,project-proposed
KftGV,/data/12/entries/9/entries/5/entries/12/name,P11: Main Bathroom,P11. 主浴室,project-proposed
KftGV,/data/12/entries/9/entries/5/entries/12/entries/2/name,Treasure,寶藏,existing-site
KftGV,/data/12/entries/9/entries/5/entries/13/name,P12: Vault Tower,P12. 金庫塔,project-proposed
KftGV,/data/12/entries/9/entries/5/entries/13/entries/2/name,Pool,水池,project-proposed
KftGV,/data/12/entries/9/entries/5/entries/13/entries/3/name,Rune Tile,符文瓷磚,project-proposed
KftGV,/data/12/entries/9/entries/5/entries/13/entries/4/name,Vault,金庫,project-proposed
KftGV,/data/12/entries/9/entries/5/entries/14/name,P13: Vanity,P13. 梳妝室,project-proposed
KftGV,/data/12/entries/9/entries/5/entries/15/name,P14: Guest Bedroom,P14. 客房,project-proposed
KftGV,/data/12/entries/9/entries/5/entries/15/entries/3/entries/0/name,Spellcasting (Humanoid or Hybrid Form Only),施法（僅類人與半人形態）,existing-site
KftGV,/data/12/entries/9/entries/5/entries/15/entries/6/items/0/name,Zorhanna's Simulacrum,佐哈娜的擬像,existing-site
KftGV,/data/12/entries/9/entries/5/entries/15/entries/6/items/1/name,Secret Vault,秘密金庫,project-proposed
KftGV,/data/12/entries/9/entries/5/entries/15/entries/6/items/2/name,Weird Anomalies,奇異異常,project-proposed
KftGV,/data/12/entries/9/entries/5/entries/16/name,P15: Guest Bathroom,P15. 客用浴室,project-proposed
KftGV,/data/12/entries/9/entries/5/entries/17/name,P16: Private Study,P16. 私人書房,project-proposed
KftGV,/data/12/entries/9/entries/5/entries/17/entries/4/name,Treasure,寶藏,existing-site
KftGV,/data/12/entries/9/entries/5/entries/18/name,P17: Powder and Fitting Room,P17. 化妝間和更衣室,project-proposed
KftGV,/data/12/entries/9/entries/5/entries/19/name,P18: Cellar,P18. 地下室,project-proposed
KftGV,/data/12/entries/9/entries/5/entries/19/entries/2/name,Storage Closets,儲藏室,project-proposed
KftGV,/data/12/entries/9/entries/5/entries/19/entries/3/name,Rift,裂谷,project-proposed
KftGV,/data/12/entries/9/entries/5/entries/20/name,P19: Servants' Quarters,P19. 僕人住處,project-proposed
KftGV,/data/12/entries/9/entries/5/entries/21/name,P20: Inside the Solitaire Rift,P20. 索利塔裡裂隙內部,project-proposed
KftGV,/data/12/entries/9/entries/5/entries/21/entries/7/items/0/name,About the Shard Solitaire,關於鑽石孤鑽,project-proposed
KftGV,/data/12/entries/9/entries/5/entries/21/entries/7/items/1/name,The Entity,實體,project-proposed
KftGV,/data/12/entries/9/entries/5/entries/21/entries/8/name,Extradimensional Rift,跨維度裂縫,project-proposed
KftGV,/data/12/entries/9/entries/5/entries/21/entries/9/name,Far Realm Entity,遙遠國度實體,project-proposed
KftGV,/data/12/entries/9/entries/5/entries/21/entries/10/name,Escaping the Rift,逃離裂縫,project-proposed
KftGV,/data/12/entries/10/name,The Crestfall Coven,失落女巫團,project-proposed
KftGV,/data/12/entries/10/entries/2/name,Hunt for the Shard Solitaire,追尋鑽石獨奏曲,project-proposed
KftGV,/data/12/entries/10/entries/3/name,Confronting the Hags,面對巫婆,project-proposed
KftGV,/data/12/entries/11/name,The Solitaire Cracks,索利塔裡裂縫,project-proposed
KftGV,/data/12/entries/12/name,Conclusion,結局,project-proposed
KftGV,/data/12/entries/12/entries/1/name,Midwinter Miracles,冬至奇蹟,project-proposed
KftGV,/data/12/entries/12/entries/2/name,Back in Loch Wynnis,回到洛奇·溫尼斯,project-proposed
KftGV,/data/12/entries/12/entries/3/name,For the Golden Vault,對於金庫,project-proposed
KftGV,/data/12/entries/12/entries/4/name,It Came from the Far Realm,它來自遙遠國度,project-proposed
KftGV,/data/12/entries/13/name,Secrets of the Shard Solitaire,碎片獨奏的秘密,project-proposed
KftGV,/data/13/name,Fire and Darkness,火與黑暗,project-proposed
KftGV,/data/13/entries/4/name,Adventure Background,冒險背景,project-proposed
KftGV,/data/13/entries/5/name,Hooks and Rewards,鉤子和獎勵,project-proposed
KftGV,/data/13/entries/5/entries/1/name,Close to Home,接近家園,project-proposed
KftGV,/data/13/entries/5/entries/2/name,A Short Leash,短鏈,project-proposed
KftGV,/data/13/entries/5/entries/3/name,Redemption,救贖,project-proposed
KftGV,/data/13/entries/6/name,Using the Golden Vault,使用金庫,project-proposed
KftGV,/data/13/entries/7/name,Planning the Heist,策劃盜竊,project-proposed
KftGV,/data/13/entries/7/entries/4/name,Brimstone Hold's Inhabitants,硫磺堡的居民,project-proposed
KftGV,/data/13/entries/7/entries/4/entries/1/items/0/name,Efreet,火巨靈,project-proposed
KftGV,/data/13/entries/7/entries/4/entries/1/items/1/name,Nebukath the Arcanaloth,奧法羅斯魔內布卡斯,project-proposed
KftGV,/data/13/entries/7/entries/4/entries/1/items/2/name,Various Defenders,各種守衛,project-proposed
KftGV,/data/13/entries/7/entries/5/name,Approaching Brimstone Hold,接近硫磺堡,project-proposed
KftGV,/data/13/entries/7/entries/5/entries/1/items/0/name,Across Volcanic Terrain,穿越火山地形,project-proposed
KftGV,/data/13/entries/7/entries/5/entries/1/items/1/name,Main Entrance,正門,project-proposed
KftGV,/data/13/entries/7/entries/5/entries/1/items/2/name,The Harbor,港口,project-proposed
KftGV,/data/13/entries/7/entries/6/name,Additional Considerations,其他考慮因素,project-proposed
KftGV,/data/13/entries/7/entries/6/entries/1/items/0/name,Fire Protection,火焰防護,project-proposed
KftGV,/data/13/entries/7/entries/6/entries/1/items/1/name,Timing Arrival,到達時間的安排,project-proposed
KftGV,/data/13/entries/7/entries/6/entries/1/items/2/name,Avoiding Confrontation,避免衝突,project-proposed
KftGV,/data/13/entries/8/name,Brimstone Hold,硫磺堡,project-proposed
KftGV,/data/13/entries/8/entries/2/name,General Features,通用特徵,project-proposed
KftGV,/data/13/entries/8/entries/2/entries/1/name,Ceilings,天花板,existing-site
KftGV,/data/13/entries/8/entries/2/entries/2/name,Doors,門,existing-site
KftGV,/data/13/entries/8/entries/2/entries/2/entries/2/name,Secret Doors,暗門,project-proposed
KftGV,/data/13/entries/8/entries/2/entries/3/name,Extreme Heat,極度高溫,project-proposed
KftGV,/data/13/entries/8/entries/2/entries/4/name,Illumination,照明,existing-site
KftGV,/data/13/entries/8/entries/2/entries/5/name,Lava,熔岩,existing-site
KftGV,/data/13/entries/8/entries/2/entries/6/name,Outer Walls,外牆,project-proposed
KftGV,/data/13/entries/8/entries/2/entries/7/name,Towers,塔樓,project-proposed
KftGV,/data/13/entries/8/entries/3/name,Denizens,居民,project-proposed
KftGV,/data/13/entries/8/entries/4/name,Visitors,訪客,project-proposed
KftGV,/data/13/entries/8/entries/5/name,Brimstone Hold Locations,硫磺堡地點,project-proposed
KftGV,/data/13/entries/8/entries/5/entries/2/name,B1: Bridge,B1. 橋樑,project-proposed
KftGV,/data/13/entries/8/entries/5/entries/3/name,B2: Gatehouse,B2. 門樓,project-proposed
KftGV,/data/13/entries/8/entries/5/entries/3/entries/4/name,Doors,門,existing-site
KftGV,/data/13/entries/8/entries/5/entries/3/entries/5/name,Portcullises,吊閘門,project-proposed
KftGV,/data/13/entries/8/entries/5/entries/4/name,B3: Prison Tower,B3. 監獄塔,project-proposed
KftGV,/data/13/entries/8/entries/5/entries/4/entries/2/name,Gruk-Gruk,格魯克－格魯克,project-proposed
KftGV,/data/13/entries/8/entries/5/entries/5/name,B4: Prison Yard,B4. 監獄院子,project-proposed
KftGV,/data/13/entries/8/entries/5/entries/5/entries/4/name,Portcullises,吊閘門,project-proposed
KftGV,/data/13/entries/8/entries/5/entries/5/entries/5/name,Prison Riot,監獄暴動,project-proposed
KftGV,/data/13/entries/8/entries/5/entries/6/name,B5: Inner Yard,B5. 內院,project-proposed
KftGV,/data/13/entries/8/entries/5/entries/7/name,B6: Upper Yard,B6. 上層院子,project-proposed
KftGV,/data/13/entries/8/entries/5/entries/7/entries/4/name,Cranes,起重機,project-proposed
KftGV,/data/13/entries/8/entries/5/entries/7/entries/5/name,Outbuildings,附屬建築,project-proposed
KftGV,/data/13/entries/8/entries/5/entries/8/name,B7: Harbor,B7. 港口,project-proposed
KftGV,/data/13/entries/8/entries/5/entries/8/entries/2/name,Boats,船隻,project-proposed
KftGV,/data/13/entries/8/entries/5/entries/9/name,B8: Cliff Towers,B8. 懸崖塔樓,project-proposed
KftGV,/data/13/entries/8/entries/5/entries/10/name,B9: Harbor Towers,B9. 港口塔樓,project-proposed
KftGV,/data/13/entries/8/entries/5/entries/11/name,B10: Efreeti Face,B10. 火巨靈之面,project-proposed
KftGV,/data/13/entries/8/entries/5/entries/11/entries/3/name,Treasure,寶藏,existing-site
KftGV,/data/13/entries/8/entries/5/entries/12/name,B11: Guard Room,B11. 警衛室,project-proposed
KftGV,/data/13/entries/8/entries/5/entries/12/entries/2/name,Secret Door,暗門,project-proposed
KftGV,/data/13/entries/8/entries/5/entries/13/name,B12: Secret Passage,B12. 秘密通道,project-proposed
KftGV,/data/13/entries/8/entries/5/entries/14/name,B13: Prison Cells,B13. 監獄牢房,project-proposed
KftGV,/data/13/entries/8/entries/5/entries/15/name,B14: Large Prison Cell,B14. 大型監獄牢房,project-proposed
KftGV,/data/13/entries/8/entries/5/entries/16/name,B15: Erinyes Barracks,B15. 罪魔營房,project-proposed
KftGV,/data/13/entries/8/entries/5/entries/17/name,B16: Common Room,B16. 公共休息室,project-proposed
KftGV,/data/13/entries/8/entries/5/entries/18/name,B17: Kitchen,B17. 廚房,project-proposed
KftGV,/data/13/entries/8/entries/5/entries/18/entries/2/name,Treasure,寶藏,existing-site
KftGV,/data/13/entries/8/entries/5/entries/19/name,B18: Duergar Barracks,B18. 灰矮人營房,project-proposed
KftGV,/data/13/entries/8/entries/5/entries/19/entries/3/name,Treasure,寶藏,existing-site
KftGV,/data/13/entries/8/entries/5/entries/20/name,B19: Storeroom,B19. 儲藏室,project-proposed
KftGV,/data/13/entries/8/entries/5/entries/21/name,B20: Salamander Barracks,B20. 火蜥蜴營房,project-proposed
KftGV,/data/13/entries/8/entries/5/entries/22/name,B21: Storeroom,B21. 儲藏室,project-proposed
KftGV,/data/13/entries/8/entries/5/entries/22/entries/2/name,Treasure,寶藏,existing-site
KftGV,/data/13/entries/8/entries/5/entries/23/name,B22: Antechamber,B22. 前廳,project-proposed
KftGV,/data/13/entries/8/entries/5/entries/24/name,B23: Administrative Office,B23. 行政辦公室,project-proposed
KftGV,/data/13/entries/8/entries/5/entries/24/entries/4/name,Treasure,寶藏,existing-site
KftGV,/data/13/entries/8/entries/5/entries/25/name,B24: Nebukath's Chamber,B24. 內布卡斯的房間,project-proposed
KftGV,/data/13/entries/8/entries/5/entries/25/entries/2/name,Secret Door,暗門,project-proposed
KftGV,/data/13/entries/8/entries/5/entries/25/entries/3/name,Treasure,寶藏,existing-site
KftGV,/data/13/entries/8/entries/5/entries/26/name,B25: Audience Chamber,B25. 接見室,project-proposed
KftGV,/data/13/entries/8/entries/5/entries/26/entries/5/name,Secret Door,暗門,project-proposed
KftGV,/data/13/entries/8/entries/5/entries/26/entries/6/name,Treasure,寶藏,existing-site
KftGV,/data/13/entries/8/entries/5/entries/27/name,B26: Lounge,B26. 休息室,project-proposed
KftGV,/data/13/entries/8/entries/5/entries/27/entries/2/name,Secret Doors,暗門,project-proposed
KftGV,/data/13/entries/8/entries/5/entries/27/entries/3/name,Treasure,寶藏,existing-site
KftGV,/data/13/entries/8/entries/5/entries/28/name,B27: Vestibule,B27. 門廳,project-proposed
KftGV,/data/13/entries/8/entries/5/entries/28/entries/2/name,Statues,雕像,project-proposed
KftGV,/data/13/entries/8/entries/5/entries/29/name,B28: Jarazoun's Chamber,B28. 賈拉尊的房間,project-proposed
KftGV,/data/13/entries/8/entries/5/entries/29/entries/2/name,Treasure,寶藏,existing-site
KftGV,/data/13/entries/8/entries/5/entries/30/name,B29: Vrakir's Chamber,B29. 弗拉基爾的房間,project-proposed
KftGV,/data/13/entries/8/entries/5/entries/30/entries/4/name,Treasure,寶藏,existing-site
KftGV,/data/13/entries/8/entries/5/entries/31/name,B30: Vrakir's Demiplane,B30. 弗拉基爾的半位面,project-proposed
KftGV,/data/13/entries/8/entries/5/entries/31/entries/3/name,Treasure,寶藏,existing-site
KftGV,/data/13/entries/8/entries/5/entries/31/entries/3/entries/1/items/0/name,Circle of Death,死亡法陣,existing-site
KftGV,/data/13/entries/8/entries/5/entries/31/entries/3/entries/1/items/1/name,Condition Immunities,狀態免疫,existing-site
KftGV,/data/13/entries/8/entries/5/entries/31/entries/3/entries/1/items/2/name,Evil Presence,邪惡威儀,project-proposed
KftGV,/data/13/entries/9/name,Conclusion,結局,project-proposed
KftGV,/data/13/entries/9/entries/1/name,For the Golden Vault,對於金庫,project-proposed
KftGV,/data/13/entries/9/entries/2/name,Further Adventures,更多冒險,project-proposed
KftGV,/data/14/name,Credits,製作組,project-proposed
KftGV,/data/14/entries/0/items/0/items/0/name,Project Leads,專案主管,project-proposed
KftGV,/data/14/entries/0/items/0/items/1/name,Art Director,美術指導,project-proposed
KftGV,/data/14/entries/0/items/0/items/2/name,Project Concept,專案概念,project-proposed
KftGV,/data/14/entries/0/items/0/items/3/name,Writers,作者,project-proposed
KftGV,/data/14/entries/0/items/0/items/4/name,Rules Developers,規則開發,project-proposed
KftGV,/data/14/entries/0/items/0/items/5/name,Editors,編輯,project-proposed
KftGV,/data/14/entries/0/items/0/items/6/name,Lead Graphic Designer,首席平面設計師,project-proposed
KftGV,/data/14/entries/0/items/0/items/7/name,Graphic Designers,平面設計師,project-proposed
KftGV,/data/14/entries/0/items/0/items/8/name,Cover Illustrators,封面插圖畫家,project-proposed
KftGV,/data/14/entries/0/items/0/items/9/name,Interior Illustrators,內頁插畫師,project-proposed
KftGV,/data/14/entries/0/items/0/items/10/name,Cartographers,製圖師,project-proposed
KftGV,/data/14/entries/0/items/0/items/11/name,Consultants,顧問,project-proposed
KftGV,/data/14/entries/0/items/0/items/12/name,Concept Illustrator,概念畫師,project-proposed
KftGV,/data/14/entries/0/items/0/items/13/name,Project Engineer,專案工程師,project-proposed
KftGV,/data/14/entries/0/items/0/items/14/name,Imaging Technicians,成像技術,project-proposed
KftGV,/data/14/entries/0/items/0/items/15/name,Prepress Specialist,印前專家,project-proposed
KftGV,/data/14/entries/0/items/1/entries/0/name,D&D Studio,D&D Studio,project-proposed
KftGV,/data/14/entries/0/items/1/entries/0/entries/0/items/0/name,Executive Producer,執行製片人,project-proposed
KftGV,/data/14/entries/0/items/1/entries/0/entries/0/items/1/name,Game Architects,遊戲架構師,project-proposed
KftGV,/data/14/entries/0/items/1/entries/0/entries/0/items/2/name,Studio Art Director,工作室藝術總監,project-proposed
KftGV,/data/14/entries/0/items/1/entries/0/entries/0/items/3/name,Art Department,美術部門,project-proposed
KftGV,/data/14/entries/0/items/1/entries/0/entries/0/items/4/name,Design Department,設計部門,project-proposed
KftGV,/data/14/entries/0/items/1/entries/0/entries/0/items/5/name,Managing Editor,主管編輯,project-proposed
KftGV,/data/14/entries/0/items/1/entries/0/entries/0/items/6/name,Editorial Department,編輯部門,project-proposed
KftGV,/data/14/entries/0/items/1/entries/0/entries/0/items/7/name,Senior Producer,高階製作人,project-proposed
KftGV,/data/14/entries/0/items/1/entries/0/entries/0/items/8/name,Producers,製作人,project-proposed
KftGV,/data/14/entries/0/items/1/entries/0/entries/0/items/9/name,Director of Product Management,產品管理總監,project-proposed
KftGV,/data/14/entries/0/items/1/entries/0/entries/0/items/10/name,Product Managers,產品經理,project-proposed
KftGV,/data/14/entries/0/items/2/entries/0/name,D&D Beyond,D&D Beyond,project-proposed
KftGV,/data/14/entries/0/items/2/entries/0/entries/0/items/0/name,Digital Design Team,數字設計團隊,project-proposed
