category,english,source,zh_tw,status,existing_files
action,Dash,,疾走,existing-site,data/zh-TW/bestiary/bestiary-veor.json;data/zh-TW/rules/actions.json
condition,charmed,,魅惑,existing-site,data/zh-TW/rules/conditionsdiseases.json;data/zh-TW/rules/fluff-conditionsdiseases.json
condition,charmed,PHB,魅惑,existing-site,data/zh-TW/rules/conditionsdiseases.json;data/zh-TW/rules/fluff-conditionsdiseases.json
condition,deafened,,耳聾,existing-site,data/zh-TW/rules/conditionsdiseases.json;data/zh-TW/rules/fluff-conditionsdiseases.json
condition,deafened,PHB,耳聾,existing-site,data/zh-TW/rules/conditionsdiseases.json;data/zh-TW/rules/fluff-conditionsdiseases.json
condition,exhaustion,,力竭,existing-site,data/zh-TW/rules/conditionsdiseases.json
condition,exhaustion,PHB,力竭,existing-site,data/zh-TW/rules/conditionsdiseases.json
condition,frightened,,恐懼,existing-site,data/zh-TW/rules/conditionsdiseases.json;data/zh-TW/rules/fluff-conditionsdiseases.json
condition,frightened,PHB,恐懼,existing-site,data/zh-TW/rules/conditionsdiseases.json;data/zh-TW/rules/fluff-conditionsdiseases.json
condition,incapacitated,,無力,existing-site,data/zh-TW/rules/conditionsdiseases.json
condition,incapacitated,PHB,無力,existing-site,data/zh-TW/rules/conditionsdiseases.json
condition,invisible,,隱形,existing-site,data/zh-TW/rules/conditionsdiseases.json;data/zh-TW/rules/fluff-conditionsdiseases.json
condition,invisible,PHB,隱形,existing-site,data/zh-TW/rules/conditionsdiseases.json;data/zh-TW/rules/fluff-conditionsdiseases.json
condition,paralyzed,,麻痺,existing-site,data/zh-TW/rules/conditionsdiseases.json;data/zh-TW/rules/fluff-conditionsdiseases.json
condition,paralyzed,PHB,麻痺,existing-site,data/zh-TW/rules/conditionsdiseases.json;data/zh-TW/rules/fluff-conditionsdiseases.json
condition,petrified,,石化,existing-site,data/zh-TW/rules/conditionsdiseases.json;data/zh-TW/rules/fluff-conditionsdiseases.json
condition,petrified,PHB,石化,existing-site,data/zh-TW/rules/conditionsdiseases.json;data/zh-TW/rules/fluff-conditionsdiseases.json
condition,poisoned,,中毒,existing-site,data/zh-TW/rules/conditionsdiseases.json;data/zh-TW/rules/fluff-conditionsdiseases.json
condition,poisoned,PHB,中毒,existing-site,data/zh-TW/rules/conditionsdiseases.json;data/zh-TW/rules/fluff-conditionsdiseases.json
condition,prone,,伏地,existing-site,data/zh-TW/rules/conditionsdiseases.json;data/zh-TW/rules/fluff-conditionsdiseases.json
condition,prone,PHB,伏地,existing-site,data/zh-TW/rules/conditionsdiseases.json;data/zh-TW/rules/fluff-conditionsdiseases.json
condition,restrained,,束縛,existing-site,data/zh-TW/rules/conditionsdiseases.json;data/zh-TW/rules/fluff-conditionsdiseases.json
condition,restrained,PHB,束縛,existing-site,data/zh-TW/rules/conditionsdiseases.json;data/zh-TW/rules/fluff-conditionsdiseases.json
condition,stunned,,震懾,existing-site,data/zh-TW/rules/conditionsdiseases.json;data/zh-TW/rules/fluff-conditionsdiseases.json
condition,stunned,PHB,震懾,existing-site,data/zh-TW/rules/conditionsdiseases.json;data/zh-TW/rules/fluff-conditionsdiseases.json
condition,unconscious,,昏迷,existing-site,data/zh-TW/rules/conditionsdiseases.json;data/zh-TW/rules/fluff-conditionsdiseases.json
condition,unconscious,PHB,昏迷,existing-site,data/zh-TW/rules/conditionsdiseases.json;data/zh-TW/rules/fluff-conditionsdiseases.json
creature,Ashen Animated Armor,KftGV,灰燼活化盔甲,existing-site,data/zh-TW/bestiary/bestiary-kftgv.json;data/zh-TW/bestiary/fluff-bestiary-kftgv.json
creature,Ashen Flying Sword,KftGV,灰燼飛行劍,existing-site,data/zh-TW/bestiary/bestiary-kftgv.json;data/zh-TW/bestiary/fluff-bestiary-kftgv.json
creature,Ashen Knight,KftGV,灰燼騎士,existing-site,data/zh-TW/bestiary/bestiary-kftgv.json;data/zh-TW/bestiary/fluff-bestiary-kftgv.json
creature,Ashen Shambling Mound,KftGV,灰燼蔓生怪,existing-site,data/zh-TW/bestiary/bestiary-kftgv.json
creature,Ashen Veteran,KftGV,灰燼老兵,existing-site,data/zh-TW/bestiary/bestiary-kftgv.json;data/zh-TW/bestiary/fluff-bestiary-kftgv.json
creature,Ashen Warhorse,KftGV,灰燼戰馬,existing-site,data/zh-TW/bestiary/bestiary-kftgv.json
creature,Assassin,,刺客,existing-site,data/zh-TW/bestiary/bestiary-mm.json;data/zh-TW/bestiary/bestiary-xmm.json;data/zh-TW/bestiary/fluff-bestiary-mm.json;data/zh-TW/bestiary/fluff-bestiary-xmm.json;data/zh-TW/class/class-rogue.json;data/zh-TW/class/fluff-class-rogue.json
creature,Assassin,MM,刺客,existing-site,data/zh-TW/bestiary/bestiary-mm.json;data/zh-TW/bestiary/bestiary-xmm.json;data/zh-TW/bestiary/fluff-bestiary-mm.json;data/zh-TW/bestiary/fluff-bestiary-xmm.json;data/zh-TW/class/class-rogue.json;data/zh-TW/class/fluff-class-rogue.json
creature,Baboon,,狒狒,existing-site,data/zh-TW/bestiary/bestiary-mm.json;data/zh-TW/bestiary/bestiary-xmm.json;data/zh-TW/bestiary/fluff-bestiary-xmm.json
creature,Bandit,,匪徒,existing-site,data/zh-TW/bestiary/bestiary-mm.json;data/zh-TW/bestiary/bestiary-xmm.json;data/zh-TW/bestiary/fluff-bestiary-mm.json;data/zh-TW/bestiary/fluff-bestiary-xmm.json
creature,Bandit,MM,匪徒,existing-site,data/zh-TW/bestiary/bestiary-mm.json;data/zh-TW/bestiary/bestiary-xmm.json;data/zh-TW/bestiary/fluff-bestiary-mm.json;data/zh-TW/bestiary/fluff-bestiary-xmm.json
creature,Bandit captain,,匪幫隊長,existing-site,data/zh-TW/bestiary/bestiary-mm.json;data/zh-TW/bestiary/bestiary-xmm.json;data/zh-TW/bestiary/fluff-bestiary-mm.json;data/zh-TW/bestiary/fluff-bestiary-xmm.json
creature,Bandit captain,MM,匪幫隊長,existing-site,data/zh-TW/bestiary/bestiary-mm.json;data/zh-TW/bestiary/bestiary-xmm.json;data/zh-TW/bestiary/fluff-bestiary-mm.json;data/zh-TW/bestiary/fluff-bestiary-xmm.json
creature,Charmayne Daymore,KftGV,夏梅恩·德墨爾,existing-site,data/zh-TW/bestiary/bestiary-kftgv.json;data/zh-TW/bestiary/fluff-bestiary-kftgv.json
creature,Clockwork Defender,KftGV,發條防禦者,existing-site,data/zh-TW/bestiary/bestiary-kftgv.json;data/zh-TW/bestiary/fluff-bestiary-kftgv.json
creature,Clockwork Observer,KftGV,發條觀察者,existing-site,data/zh-TW/bestiary/bestiary-kftgv.json;data/zh-TW/bestiary/fluff-bestiary-kftgv.json
creature,Commoner,,平民,existing-site,data/zh-TW/bestiary/bestiary-mm.json;data/zh-TW/bestiary/bestiary-wtthc.json;data/zh-TW/bestiary/bestiary-xmm.json;data/zh-TW/bestiary/fluff-bestiary-mm.json;data/zh-TW/bestiary/fluff-bestiary-wtthc.json;data/zh-TW/bestiary/fluff-bestiary-xmm.json
creature,Crawling Claw,,蠕行之爪,existing-site,data/zh-TW/bestiary/bestiary-mm.json;data/zh-TW/bestiary/bestiary-xmm.json;data/zh-TW/bestiary/fluff-bestiary-mm.json;data/zh-TW/bestiary/fluff-bestiary-xmm.json
creature,Cultist,,邪教徒,existing-site,data/zh-TW/bestiary/bestiary-mm.json;data/zh-TW/bestiary/bestiary-xmm.json;data/zh-TW/bestiary/fluff-bestiary-mm.json;data/zh-TW/bestiary/fluff-bestiary-xmm.json
creature,Darkmantle,,暗幕魔獸,existing-site,data/zh-TW/bestiary/bestiary-mm.json;data/zh-TW/bestiary/bestiary-xmm.json;data/zh-TW/bestiary/fluff-bestiary-mm.json;data/zh-TW/bestiary/fluff-bestiary-xmm.json
creature,Deep Gnome (Svirfneblin),,地底侏儒（斯涅布力）,existing-site,data/zh-TW/bestiary/bestiary-mm.json;data/zh-TW/bestiary/fluff-bestiary-mm.json
creature,Doppelganger,,變形怪,existing-site,data/zh-TW/bestiary/bestiary-mm.json;data/zh-TW/bestiary/bestiary-xmm.json;data/zh-TW/bestiary/fluff-bestiary-mm.json;data/zh-TW/bestiary/fluff-bestiary-xmm.json;data/zh-TW/reference-pages/charcreationoptions.json
creature,Dr. Cassee Dannell,KftGV,卡西·丹內爾博士,existing-site,data/zh-TW/bestiary/bestiary-kftgv.json;data/zh-TW/bestiary/fluff-bestiary-kftgv.json
creature,Eldritch Horror Hatchling,KftGV,異界恐怖幼體,existing-site,data/zh-TW/bestiary/bestiary-kftgv.json
creature,Eliphas Adulare,KftGV,伊萊法斯·阿杜拉雷,existing-site,data/zh-TW/bestiary/bestiary-kftgv.json;data/zh-TW/bestiary/fluff-bestiary-kftgv.json
creature,Flying Snake,,飛蛇,existing-site,data/zh-TW/bestiary/bestiary-mm.json;data/zh-TW/bestiary/bestiary-xmm.json;data/zh-TW/bestiary/fluff-bestiary-mm.json;data/zh-TW/bestiary/fluff-bestiary-xmm.json;data/zh-TW/items/fluff-items.json;data/zh-TW/items/items-002.json
creature,Fragment of Krokulmar,KftGV,克羅庫瑪肢節,existing-site,data/zh-TW/bestiary/bestiary-kftgv.json;data/zh-TW/bestiary/fluff-bestiary-kftgv.json
creature,Frody Dartwild,KftGV,弗羅迪·達特維爾德,existing-site,data/zh-TW/bestiary/bestiary-kftgv.json
creature,Frog,,青蛙,existing-site,data/zh-TW/bestiary/bestiary-mm.json;data/zh-TW/bestiary/bestiary-xmm.json;data/zh-TW/bestiary/fluff-bestiary-mm.json;data/zh-TW/bestiary/fluff-bestiary-xmm.json
creature,Ghoul,,食屍鬼,existing-site,data/zh-TW/bestiary/bestiary-mm.json;data/zh-TW/bestiary/bestiary-xmm.json;data/zh-TW/bestiary/fluff-bestiary-mm.json;data/zh-TW/bestiary/fluff-bestiary-xmm.json
creature,Giant Lizard,,巨蜥,existing-site,data/zh-TW/bestiary/bestiary-mm.json;data/zh-TW/bestiary/bestiary-xmm.json;data/zh-TW/bestiary/fluff-bestiary-mm.json;data/zh-TW/bestiary/fluff-bestiary-xmm.json
creature,Gray Ooze,,灰泥怪,existing-site,data/zh-TW/bestiary/bestiary-mm.json;data/zh-TW/bestiary/bestiary-xmm.json;data/zh-TW/bestiary/fluff-bestiary-mm.json;data/zh-TW/bestiary/fluff-bestiary-xmm.json
creature,Graz'zt,MPMM,格拉茲特,existing-site,data/zh-TW/bestiary/bestiary-mpmm.json;data/zh-TW/bestiary/bestiary-mtf.json;data/zh-TW/bestiary/fluff-bestiary-mm.json;data/zh-TW/bestiary/fluff-bestiary-mpmm.json;data/zh-TW/bestiary/fluff-bestiary-mtf.json;data/zh-TW/bestiary/legendarygroups.json
creature,Grell,,觸鬚怪,existing-site,data/zh-TW/bestiary/bestiary-mm.json;data/zh-TW/bestiary/bestiary-xmm.json;data/zh-TW/bestiary/fluff-bestiary-mm.json;data/zh-TW/bestiary/fluff-bestiary-xmm.json;data/zh-TW/reference-pages/languages.json
creature,Grick,,穴居攫怪,existing-site,data/zh-TW/bestiary/bestiary-mm.json;data/zh-TW/bestiary/bestiary-xmm.json;data/zh-TW/bestiary/fluff-bestiary-mm.json;data/zh-TW/bestiary/fluff-bestiary-xmm.json
creature,Guard,,警衛,existing-site,data/zh-TW/bestiary/bestiary-mm.json;data/zh-TW/bestiary/bestiary-wtthc.json;data/zh-TW/bestiary/bestiary-xmm.json;data/zh-TW/bestiary/fluff-bestiary-mm.json;data/zh-TW/bestiary/fluff-bestiary-wtthc.json;data/zh-TW/bestiary/fluff-bestiary-xmm.json;data/zh-TW/character-options/backgrounds.json;data/zh-TW/character-options/fluff-backgrounds.json
creature,Hell Hound,,地獄獵犬,existing-site,data/zh-TW/bestiary/bestiary-mm.json;data/zh-TW/bestiary/bestiary-wtthc.json;data/zh-TW/bestiary/bestiary-xmm.json;data/zh-TW/bestiary/fluff-bestiary-mm.json;data/zh-TW/bestiary/fluff-bestiary-wtthc.json;data/zh-TW/bestiary/fluff-bestiary-xmm.json
creature,Helmed Horror,,恐怖鎧甲,existing-site,data/zh-TW/bestiary/bestiary-mm.json;data/zh-TW/bestiary/bestiary-xmm.json;data/zh-TW/bestiary/fluff-bestiary-mm.json;data/zh-TW/bestiary/fluff-bestiary-xmm.json
creature,Hook Horror,,恐爪怪,existing-site,data/zh-TW/bestiary/bestiary-mm.json;data/zh-TW/bestiary/bestiary-xmm.json;data/zh-TW/bestiary/fluff-bestiary-mm.json;data/zh-TW/bestiary/fluff-bestiary-xmm.json
creature,Ice Mephit,,冰魔蝠,existing-site,data/zh-TW/bestiary/bestiary-mm.json;data/zh-TW/bestiary/bestiary-xmm.json;data/zh-TW/bestiary/fluff-bestiary-mm.json;data/zh-TW/bestiary/fluff-bestiary-xmm.json
creature,Ignatius Inkblot,KftGV,伊格納提斯·墨跡,existing-site,data/zh-TW/bestiary/bestiary-kftgv.json;data/zh-TW/bestiary/fluff-bestiary-kftgv.json
creature,Imp,,小魔鬼,existing-site,data/zh-TW/bestiary/bestiary-mm.json;data/zh-TW/bestiary/bestiary-xmm.json;data/zh-TW/bestiary/fluff-bestiary-mm.json;data/zh-TW/bestiary/fluff-bestiary-xmm.json
creature,Invisible Stalker,,隱形追獵者,existing-site,data/zh-TW/bestiary/bestiary-mm.json;data/zh-TW/bestiary/bestiary-xmm.json;data/zh-TW/bestiary/fluff-bestiary-mm.json;data/zh-TW/bestiary/fluff-bestiary-xmm.json
creature,Jalynvyr Nir'Thinn,KftGV,賈琳維·尼爾瑟恩,existing-site,data/zh-TW/bestiary/bestiary-kftgv.json
creature,Jarazoun,KftGV,賈拉尊,existing-site,data/zh-TW/bestiary/bestiary-kftgv.json;data/zh-TW/bestiary/fluff-bestiary-kftgv.json
creature,Joster Mareet,KftGV,喬斯特·馬裡特,existing-site,data/zh-TW/bestiary/bestiary-kftgv.json;data/zh-TW/bestiary/fluff-bestiary-kftgv.json
creature,Kavoda,KftGV,卡沃達,existing-site,data/zh-TW/bestiary/bestiary-kftgv.json
creature,King Jhaeros,KftGV,國王賈埃羅斯,existing-site,data/zh-TW/bestiary/bestiary-kftgv.json;data/zh-TW/bestiary/fluff-bestiary-kftgv.json
creature,Knight,,騎士,existing-site,data/zh-TW/bestiary/bestiary-mm.json;data/zh-TW/bestiary/bestiary-xmm.json;data/zh-TW/bestiary/fluff-bestiary-mm.json;data/zh-TW/bestiary/fluff-bestiary-xmm.json;data/zh-TW/items/items-001.json
creature,Knight,MM,騎士,existing-site,data/zh-TW/bestiary/bestiary-mm.json;data/zh-TW/bestiary/bestiary-xmm.json;data/zh-TW/bestiary/fluff-bestiary-mm.json;data/zh-TW/bestiary/fluff-bestiary-xmm.json;data/zh-TW/items/items-001.json
creature,Lizard,,蜥蜴,existing-site,data/zh-TW/bestiary/bestiary-mm.json;data/zh-TW/bestiary/bestiary-xmm.json;data/zh-TW/bestiary/fluff-bestiary-xmm.json
creature,Mage,,魔法師,existing-site,data/zh-TW/bestiary/bestiary-mm.json;data/zh-TW/bestiary/bestiary-xmm.json;data/zh-TW/bestiary/fluff-bestiary-mm.json;data/zh-TW/bestiary/fluff-bestiary-xmm.json;data/zh-TW/items/items-001.json
creature,Mage,MM,魔法師,existing-site,data/zh-TW/bestiary/bestiary-mm.json;data/zh-TW/bestiary/bestiary-xmm.json;data/zh-TW/bestiary/fluff-bestiary-mm.json;data/zh-TW/bestiary/fluff-bestiary-xmm.json;data/zh-TW/items/items-001.json
creature,Markos Delphi,KftGV,馬寇斯·特爾裴,existing-site,data/zh-TW/bestiary/bestiary-kftgv.json;data/zh-TW/bestiary/fluff-bestiary-kftgv.json
creature,Mastiff,,獒犬,existing-site,data/zh-TW/bestiary/bestiary-mm.json;data/zh-TW/bestiary/bestiary-xmm.json;data/zh-TW/bestiary/fluff-bestiary-mm.json;data/zh-TW/bestiary/fluff-bestiary-xmm.json;data/zh-TW/items/items-004.json
creature,Meera Raheer,KftGV,米拉·拉希爾,existing-site,data/zh-TW/bestiary/bestiary-kftgv.json;data/zh-TW/bestiary/fluff-bestiary-kftgv.json
creature,Mimic,,擬身怪,existing-site,data/zh-TW/bestiary/bestiary-mm.json;data/zh-TW/bestiary/bestiary-xmm.json;data/zh-TW/bestiary/fluff-bestiary-mm.json;data/zh-TW/bestiary/fluff-bestiary-xmm.json
creature,Monodrone,,單元冢,existing-site,data/zh-TW/bestiary/bestiary-mm.json;data/zh-TW/bestiary/fluff-bestiary-mm.json
creature,Myconid Adult,,蕈人成體,existing-site,data/zh-TW/bestiary/bestiary-mm.json;data/zh-TW/bestiary/bestiary-wtthc.json;data/zh-TW/bestiary/bestiary-xmm.json;data/zh-TW/bestiary/fluff-bestiary-mm.json;data/zh-TW/bestiary/fluff-bestiary-wtthc.json;data/zh-TW/bestiary/fluff-bestiary-xmm.json
creature,Myconid Sovereign,,蕈人王,existing-site,data/zh-TW/bestiary/bestiary-mm.json;data/zh-TW/bestiary/bestiary-xmm.json;data/zh-TW/bestiary/fluff-bestiary-mm.json;data/zh-TW/bestiary/fluff-bestiary-xmm.json
creature,Naevys Tharesso,KftGV,納維斯·薩雷斯,existing-site,data/zh-TW/bestiary/bestiary-kftgv.json
creature,Night Hag,,夜鬼婆,existing-site,data/zh-TW/bestiary/bestiary-mm.json;data/zh-TW/bestiary/bestiary-xmm.json;data/zh-TW/bestiary/fluff-bestiary-mm.json;data/zh-TW/bestiary/fluff-bestiary-xmm.json;data/zh-TW/bestiary/legendarygroups.json
creature,Nixylanna Vidorant,KftGV,尼克絲拉娜·維朵蘭特,existing-site,data/zh-TW/bestiary/bestiary-kftgv.json;data/zh-TW/bestiary/fluff-bestiary-kftgv.json
creature,Noble,,貴族,existing-site,data/zh-TW/bestiary/bestiary-mm.json;data/zh-TW/bestiary/bestiary-xmm.json;data/zh-TW/bestiary/fluff-bestiary-mm.json;data/zh-TW/bestiary/fluff-bestiary-xmm.json;data/zh-TW/character-options/backgrounds.json;data/zh-TW/character-options/fluff-backgrounds.json
creature,Nycaloth,,征伐羅斯魔,existing-site,data/zh-TW/bestiary/bestiary-mm.json;data/zh-TW/bestiary/bestiary-xmm.json;data/zh-TW/bestiary/fluff-bestiary-mm.json;data/zh-TW/bestiary/fluff-bestiary-xmm.json
creature,Pentadrone,,五元冢,existing-site,data/zh-TW/bestiary/bestiary-mm.json;data/zh-TW/bestiary/fluff-bestiary-mm.json
creature,Pixie,,皮克精,existing-site,data/zh-TW/bestiary/bestiary-mm.json;data/zh-TW/bestiary/bestiary-xmm.json;data/zh-TW/bestiary/fluff-bestiary-mm.json;data/zh-TW/bestiary/fluff-bestiary-xmm.json
creature,Prisoner 13,KftGV,十三號囚犯,existing-site,data/zh-TW/bestiary/bestiary-kftgv.json;data/zh-TW/bestiary/fluff-bestiary-kftgv.json
creature,Quadrone,,四元冢,existing-site,data/zh-TW/bestiary/bestiary-mm.json;data/zh-TW/bestiary/fluff-bestiary-mm.json
creature,Quasit,,小惡魔,existing-site,data/zh-TW/bestiary/bestiary-mm.json;data/zh-TW/bestiary/bestiary-xmm.json;data/zh-TW/bestiary/fluff-bestiary-mm.json;data/zh-TW/bestiary/fluff-bestiary-xmm.json
creature,Raven,,渡鴉,existing-site,data/zh-TW/bestiary/bestiary-mm.json;data/zh-TW/bestiary/bestiary-xmm.json;data/zh-TW/bestiary/fluff-bestiary-mm.json;data/zh-TW/bestiary/fluff-bestiary-xmm.json
creature,Riding Horse,,乘用馬,existing-site,data/zh-TW/bestiary/bestiary-mm.json;data/zh-TW/bestiary/bestiary-xmm.json;data/zh-TW/bestiary/fluff-bestiary-mm.json;data/zh-TW/bestiary/fluff-bestiary-xmm.json;data/zh-TW/items/items-005.json
creature,Rilago,KftGV,里拉戈,existing-site,data/zh-TW/bestiary/bestiary-kftgv.json;data/zh-TW/bestiary/fluff-bestiary-kftgv.json
creature,Salamander,,火蜥蜴,existing-site,data/zh-TW/bestiary/bestiary-mm.json;data/zh-TW/bestiary/bestiary-xmm.json;data/zh-TW/bestiary/fluff-bestiary-mm.json;data/zh-TW/bestiary/fluff-bestiary-xmm.json
creature,Satyr,,半羊人,existing-site,data/zh-TW/bestiary/bestiary-mm.json;data/zh-TW/bestiary/bestiary-xmm.json;data/zh-TW/bestiary/fluff-bestiary-mm.json;data/zh-TW/bestiary/fluff-bestiary-xmm.json;data/zh-TW/character-options/fluff-races.json;data/zh-TW/character-options/races.json
creature,Scout,,斥侯,existing-site,data/zh-TW/bestiary/bestiary-mm.json;data/zh-TW/bestiary/bestiary-xmm.json;data/zh-TW/bestiary/fluff-bestiary-mm.json;data/zh-TW/bestiary/fluff-bestiary-xmm.json;data/zh-TW/class/class-rogue.json;data/zh-TW/class/fluff-class-rogue.json
creature,Scout,MM,斥侯,existing-site,data/zh-TW/bestiary/bestiary-mm.json;data/zh-TW/bestiary/bestiary-xmm.json;data/zh-TW/bestiary/fluff-bestiary-mm.json;data/zh-TW/bestiary/fluff-bestiary-xmm.json;data/zh-TW/class/class-rogue.json;data/zh-TW/class/fluff-class-rogue.json
creature,Shadow Demon,,幽影惡魔,existing-site,data/zh-TW/bestiary/bestiary-mm.json;data/zh-TW/bestiary/bestiary-xmm.json;data/zh-TW/bestiary/fluff-bestiary-mm.json;data/zh-TW/bestiary/fluff-bestiary-xmm.json
creature,Skeleton,,骷髏,existing-site,data/zh-TW/bestiary/bestiary-mm.json;data/zh-TW/bestiary/bestiary-xmm.json;data/zh-TW/bestiary/fluff-bestiary-mm.json;data/zh-TW/bestiary/fluff-bestiary-xmm.json;data/zh-TW/character-options/races.json
creature,Spined Devil,,棘魔,existing-site,data/zh-TW/bestiary/bestiary-mm.json;data/zh-TW/bestiary/bestiary-xmm.json;data/zh-TW/bestiary/fluff-bestiary-mm.json;data/zh-TW/bestiary/fluff-bestiary-xmm.json
creature,Sprite,,小仙靈,existing-site,data/zh-TW/bestiary/bestiary-mm.json;data/zh-TW/bestiary/bestiary-xmm.json;data/zh-TW/bestiary/fluff-bestiary-mm.json;data/zh-TW/bestiary/fluff-bestiary-xmm.json
creature,Spy,,間諜,existing-site,data/zh-TW/bestiary/bestiary-mm.json;data/zh-TW/bestiary/bestiary-xmm.json;data/zh-TW/bestiary/fluff-bestiary-mm.json;data/zh-TW/bestiary/fluff-bestiary-xmm.json;data/zh-TW/reference-pages/charcreationoptions.json
creature,Spy,MM,間諜,existing-site,data/zh-TW/bestiary/bestiary-mm.json;data/zh-TW/bestiary/bestiary-xmm.json;data/zh-TW/bestiary/fluff-bestiary-mm.json;data/zh-TW/bestiary/fluff-bestiary-xmm.json;data/zh-TW/reference-pages/charcreationoptions.json
creature,Stirge,,蚊蝠,existing-site,data/zh-TW/bestiary/bestiary-mm.json;data/zh-TW/bestiary/bestiary-xmm.json;data/zh-TW/bestiary/fluff-bestiary-mm.json;data/zh-TW/bestiary/fluff-bestiary-xmm.json
creature,Stone Golem,,石魔像,existing-site,data/zh-TW/bestiary/bestiary-mm.json;data/zh-TW/bestiary/bestiary-xmm.json;data/zh-TW/bestiary/fluff-bestiary-mm.json;data/zh-TW/bestiary/fluff-bestiary-xmm.json
creature,Sythian Skalderang,KftGV,西提安·斯考德蘭,existing-site,data/zh-TW/bestiary/bestiary-kftgv.json;data/zh-TW/bestiary/fluff-bestiary-kftgv.json
creature,The Stranger,KftGV,陌生人,existing-site,data/zh-TW/bestiary/bestiary-kftgv.json;data/zh-TW/bestiary/fluff-bestiary-kftgv.json
creature,Thug,,暴徒,existing-site,data/zh-TW/bestiary/bestiary-mm.json;data/zh-TW/bestiary/fluff-bestiary-mm.json
creature,Thug,MM,暴徒,existing-site,data/zh-TW/bestiary/bestiary-mm.json;data/zh-TW/bestiary/fluff-bestiary-mm.json
creature,Tixie Tockworth,KftGV,蒂克西·托克沃斯,existing-site,data/zh-TW/bestiary/bestiary-kftgv.json;data/zh-TW/bestiary/fluff-bestiary-kftgv.json
creature,Tridrone,,三元冢,existing-site,data/zh-TW/bestiary/bestiary-mm.json;data/zh-TW/bestiary/fluff-bestiary-mm.json
creature,Unicorn,,獨角獸,existing-site,data/zh-TW/bestiary/bestiary-mm.json;data/zh-TW/bestiary/bestiary-xmm.json;data/zh-TW/bestiary/fluff-bestiary-mm.json;data/zh-TW/bestiary/fluff-bestiary-xmm.json;data/zh-TW/bestiary/legendarygroups.json
creature,Veteran,,老兵,existing-site,data/zh-TW/bestiary/bestiary-mm.json;data/zh-TW/bestiary/fluff-bestiary-mm.json
creature,Veteran,MM,老兵,existing-site,data/zh-TW/bestiary/bestiary-mm.json;data/zh-TW/bestiary/fluff-bestiary-mm.json
creature,Winter Wolf,,冬狼,existing-site,data/zh-TW/bestiary/bestiary-mm.json;data/zh-TW/bestiary/bestiary-xmm.json;data/zh-TW/bestiary/fluff-bestiary-mm.json;data/zh-TW/bestiary/fluff-bestiary-xmm.json
creature,Wraith,,邪靈,existing-site,data/zh-TW/bestiary/bestiary-mm.json;data/zh-TW/bestiary/bestiary-ps-z.json;data/zh-TW/bestiary/bestiary-xmm.json;data/zh-TW/bestiary/fluff-bestiary-mm.json;data/zh-TW/bestiary/fluff-bestiary-ps-z.json;data/zh-TW/bestiary/fluff-bestiary-xmm.json
creature,Zala Morphus,KftGV,薩拉·墨菲斯,existing-site,data/zh-TW/bestiary/bestiary-kftgv.json;data/zh-TW/bestiary/fluff-bestiary-kftgv.json
creature,Zorhanna Adulare,KftGV,佐哈娜·阿杜拉雷,existing-site,data/zh-TW/bestiary/bestiary-kftgv.json;data/zh-TW/bestiary/fluff-bestiary-kftgv.json
creature,Zorhanna's Simulacrum,KftGV,佐哈娜的擬像,existing-site,data/zh-TW/bestiary/bestiary-kftgv.json;data/zh-TW/bestiary/fluff-bestiary-kftgv.json
creature,Zorhanna's simulacrum,KftGV,佐哈娜的擬像,existing-site,data/zh-TW/bestiary/bestiary-kftgv.json;data/zh-TW/bestiary/fluff-bestiary-kftgv.json
creature,adult black dragon,,成年黑龍,existing-site,data/zh-TW/bestiary/bestiary-mm.json;data/zh-TW/bestiary/bestiary-xmm.json;data/zh-TW/bestiary/fluff-bestiary-mm.json;data/zh-TW/bestiary/fluff-bestiary-xmm.json
creature,adult black dragon,MM,成年黑龍,existing-site,data/zh-TW/bestiary/bestiary-mm.json;data/zh-TW/bestiary/bestiary-xmm.json;data/zh-TW/bestiary/fluff-bestiary-mm.json;data/zh-TW/bestiary/fluff-bestiary-xmm.json
creature,air elemental,,氣元素,existing-site,data/zh-TW/bestiary/bestiary-mm.json;data/zh-TW/bestiary/bestiary-xmm.json;data/zh-TW/bestiary/fluff-bestiary-mm.json;data/zh-TW/bestiary/fluff-bestiary-xmm.json
creature,air elemental,MM,氣元素,existing-site,data/zh-TW/bestiary/bestiary-mm.json;data/zh-TW/bestiary/bestiary-xmm.json;data/zh-TW/bestiary/fluff-bestiary-mm.json;data/zh-TW/bestiary/fluff-bestiary-xmm.json
creature,allosaurus,,異特龍,existing-site,data/zh-TW/bestiary/bestiary-mm.json;data/zh-TW/bestiary/bestiary-xmm.json;data/zh-TW/bestiary/fluff-bestiary-mm.json;data/zh-TW/bestiary/fluff-bestiary-xmm.json
creature,allosaurus,MM,異特龍,existing-site,data/zh-TW/bestiary/bestiary-mm.json;data/zh-TW/bestiary/bestiary-xmm.json;data/zh-TW/bestiary/fluff-bestiary-mm.json;data/zh-TW/bestiary/fluff-bestiary-xmm.json
creature,animated armor,,活化盔甲,existing-site,data/zh-TW/bestiary/bestiary-mm.json;data/zh-TW/bestiary/bestiary-xmm.json;data/zh-TW/bestiary/fluff-bestiary-mm.json;data/zh-TW/bestiary/fluff-bestiary-xmm.json
creature,animated armor,MM,活化盔甲,existing-site,data/zh-TW/bestiary/bestiary-mm.json;data/zh-TW/bestiary/bestiary-xmm.json;data/zh-TW/bestiary/fluff-bestiary-mm.json;data/zh-TW/bestiary/fluff-bestiary-xmm.json
creature,animatronic allosaurus,KftGV,機械動畫異龍,existing-site,data/zh-TW/bestiary/bestiary-kftgv.json;data/zh-TW/bestiary/fluff-bestiary-kftgv.json
creature,ankheg,,掘地蟲,existing-site,data/zh-TW/bestiary/bestiary-mm.json;data/zh-TW/bestiary/bestiary-wtthc.json;data/zh-TW/bestiary/bestiary-xmm.json;data/zh-TW/bestiary/fluff-bestiary-mm.json;data/zh-TW/bestiary/fluff-bestiary-wtthc.json;data/zh-TW/bestiary/fluff-bestiary-xmm.json
creature,ankheg,MM,掘地蟲,existing-site,data/zh-TW/bestiary/bestiary-mm.json;data/zh-TW/bestiary/bestiary-wtthc.json;data/zh-TW/bestiary/bestiary-xmm.json;data/zh-TW/bestiary/fluff-bestiary-mm.json;data/zh-TW/bestiary/fluff-bestiary-wtthc.json;data/zh-TW/bestiary/fluff-bestiary-xmm.json
creature,arcanaloth,,奧法羅斯魔,existing-site,data/zh-TW/bestiary/bestiary-mm.json;data/zh-TW/bestiary/bestiary-xmm.json;data/zh-TW/bestiary/fluff-bestiary-mm.json;data/zh-TW/bestiary/fluff-bestiary-xmm.json
creature,arcanaloth,MM,奧法羅斯魔,existing-site,data/zh-TW/bestiary/bestiary-mm.json;data/zh-TW/bestiary/bestiary-xmm.json;data/zh-TW/bestiary/fluff-bestiary-mm.json;data/zh-TW/bestiary/fluff-bestiary-xmm.json
creature,archmage,,大法師,existing-site,data/zh-TW/bestiary/bestiary-mm.json;data/zh-TW/bestiary/bestiary-xmm.json;data/zh-TW/bestiary/fluff-bestiary-mm.json;data/zh-TW/bestiary/fluff-bestiary-xmm.json
creature,archmage,MM,大法師,existing-site,data/zh-TW/bestiary/bestiary-mm.json;data/zh-TW/bestiary/bestiary-xmm.json;data/zh-TW/bestiary/fluff-bestiary-mm.json;data/zh-TW/bestiary/fluff-bestiary-xmm.json
creature,assassin,,刺客,existing-site,data/zh-TW/bestiary/bestiary-mm.json;data/zh-TW/bestiary/bestiary-xmm.json;data/zh-TW/bestiary/fluff-bestiary-mm.json;data/zh-TW/bestiary/fluff-bestiary-xmm.json;data/zh-TW/class/class-rogue.json;data/zh-TW/class/fluff-class-rogue.json
creature,assassin,MM,刺客,existing-site,data/zh-TW/bestiary/bestiary-mm.json;data/zh-TW/bestiary/bestiary-xmm.json;data/zh-TW/bestiary/fluff-bestiary-mm.json;data/zh-TW/bestiary/fluff-bestiary-xmm.json;data/zh-TW/class/class-rogue.json;data/zh-TW/class/fluff-class-rogue.json
creature,azer,MM,火矮人,existing-site,data/zh-TW/bestiary/bestiary-mm.json;data/zh-TW/bestiary/fluff-bestiary-mm.json
creature,bandit,,匪徒,existing-site,data/zh-TW/bestiary/bestiary-mm.json;data/zh-TW/bestiary/bestiary-xmm.json;data/zh-TW/bestiary/fluff-bestiary-mm.json;data/zh-TW/bestiary/fluff-bestiary-xmm.json
creature,bandit,MM,匪徒,existing-site,data/zh-TW/bestiary/bestiary-mm.json;data/zh-TW/bestiary/bestiary-xmm.json;data/zh-TW/bestiary/fluff-bestiary-mm.json;data/zh-TW/bestiary/fluff-bestiary-xmm.json
creature,bandit captain,,匪幫隊長,existing-site,data/zh-TW/bestiary/bestiary-mm.json;data/zh-TW/bestiary/bestiary-xmm.json;data/zh-TW/bestiary/fluff-bestiary-mm.json;data/zh-TW/bestiary/fluff-bestiary-xmm.json
creature,bandit captain,MM,匪幫隊長,existing-site,data/zh-TW/bestiary/bestiary-mm.json;data/zh-TW/bestiary/bestiary-xmm.json;data/zh-TW/bestiary/fluff-bestiary-mm.json;data/zh-TW/bestiary/fluff-bestiary-xmm.json
creature,barlgura,,惡猿魔,existing-site,data/zh-TW/bestiary/bestiary-mm.json;data/zh-TW/bestiary/bestiary-xmm.json;data/zh-TW/bestiary/fluff-bestiary-mm.json;data/zh-TW/bestiary/fluff-bestiary-xmm.json
creature,barlgura,MM,惡猿魔,existing-site,data/zh-TW/bestiary/bestiary-mm.json;data/zh-TW/bestiary/bestiary-xmm.json;data/zh-TW/bestiary/fluff-bestiary-mm.json;data/zh-TW/bestiary/fluff-bestiary-xmm.json
creature,behir,,青足龍蛇,existing-site,data/zh-TW/bestiary/bestiary-mm.json;data/zh-TW/bestiary/bestiary-xmm.json;data/zh-TW/bestiary/fluff-bestiary-mm.json;data/zh-TW/bestiary/fluff-bestiary-xmm.json
creature,behir,MM,青足龍蛇,existing-site,data/zh-TW/bestiary/bestiary-mm.json;data/zh-TW/bestiary/bestiary-xmm.json;data/zh-TW/bestiary/fluff-bestiary-mm.json;data/zh-TW/bestiary/fluff-bestiary-xmm.json
creature,beholder,,眼魔,existing-site,data/zh-TW/bestiary/bestiary-mm.json;data/zh-TW/bestiary/bestiary-xmm.json;data/zh-TW/bestiary/fluff-bestiary-mm.json;data/zh-TW/bestiary/fluff-bestiary-xmm.json;data/zh-TW/bestiary/legendarygroups.json;data/zh-TW/craft-pages/fluff-homecrafts.json;data/zh-TW/craft-pages/homecrafts.json
creature,beholder,MM,眼魔,existing-site,data/zh-TW/bestiary/bestiary-mm.json;data/zh-TW/bestiary/bestiary-xmm.json;data/zh-TW/bestiary/fluff-bestiary-mm.json;data/zh-TW/bestiary/fluff-bestiary-xmm.json;data/zh-TW/bestiary/legendarygroups.json;data/zh-TW/craft-pages/fluff-homecrafts.json;data/zh-TW/craft-pages/homecrafts.json
creature,black pudding,,黑布丁,existing-site,data/zh-TW/bestiary/bestiary-mm.json;data/zh-TW/bestiary/bestiary-xmm.json;data/zh-TW/bestiary/fluff-bestiary-mm.json;data/zh-TW/bestiary/fluff-bestiary-xmm.json;data/zh-TW/craft-pages/fluff-recipes.json;data/zh-TW/craft-pages/recipes.json
creature,black pudding,MM,黑布丁,existing-site,data/zh-TW/bestiary/bestiary-mm.json;data/zh-TW/bestiary/bestiary-xmm.json;data/zh-TW/bestiary/fluff-bestiary-mm.json;data/zh-TW/bestiary/fluff-bestiary-xmm.json;data/zh-TW/craft-pages/fluff-recipes.json;data/zh-TW/craft-pages/recipes.json
creature,bugbear,,熊地精,existing-site,data/zh-TW/bestiary/bestiary-mm.json;data/zh-TW/bestiary/fluff-bestiary-mm.json;data/zh-TW/character-options/fluff-races.json;data/zh-TW/character-options/races.json
creature,bugbear,MM,熊地精,existing-site,data/zh-TW/bestiary/bestiary-mm.json;data/zh-TW/bestiary/fluff-bestiary-mm.json;data/zh-TW/character-options/fluff-races.json;data/zh-TW/character-options/races.json
creature,cambion,,坎比翁,existing-site,data/zh-TW/bestiary/bestiary-mm.json;data/zh-TW/bestiary/bestiary-xmm.json;data/zh-TW/bestiary/fluff-bestiary-mm.json;data/zh-TW/bestiary/fluff-bestiary-xmm.json
creature,cambion,MM,坎比翁,existing-site,data/zh-TW/bestiary/bestiary-mm.json;data/zh-TW/bestiary/bestiary-xmm.json;data/zh-TW/bestiary/fluff-bestiary-mm.json;data/zh-TW/bestiary/fluff-bestiary-xmm.json
creature,chasme,,喀嘶魔,existing-site,data/zh-TW/bestiary/bestiary-mm.json;data/zh-TW/bestiary/bestiary-xmm.json;data/zh-TW/bestiary/fluff-bestiary-mm.json;data/zh-TW/bestiary/fluff-bestiary-xmm.json
creature,chasme,MM,喀嘶魔,existing-site,data/zh-TW/bestiary/bestiary-mm.json;data/zh-TW/bestiary/bestiary-xmm.json;data/zh-TW/bestiary/fluff-bestiary-mm.json;data/zh-TW/bestiary/fluff-bestiary-xmm.json
creature,clay golem,,粘土魔像,existing-site,data/zh-TW/bestiary/bestiary-mm.json;data/zh-TW/bestiary/bestiary-xmm.json;data/zh-TW/bestiary/fluff-bestiary-mm.json;data/zh-TW/bestiary/fluff-bestiary-xmm.json
creature,clay golem,MM,粘土魔像,existing-site,data/zh-TW/bestiary/bestiary-mm.json;data/zh-TW/bestiary/bestiary-xmm.json;data/zh-TW/bestiary/fluff-bestiary-mm.json;data/zh-TW/bestiary/fluff-bestiary-xmm.json
creature,cloaker,,斗篷怪,existing-site,data/zh-TW/bestiary/bestiary-mm.json;data/zh-TW/bestiary/bestiary-xmm.json;data/zh-TW/bestiary/fluff-bestiary-mm.json;data/zh-TW/bestiary/fluff-bestiary-xmm.json
creature,cloaker,MM,斗篷怪,existing-site,data/zh-TW/bestiary/bestiary-mm.json;data/zh-TW/bestiary/bestiary-xmm.json;data/zh-TW/bestiary/fluff-bestiary-mm.json;data/zh-TW/bestiary/fluff-bestiary-xmm.json
creature,clockwork defender,KftGV,發條防禦者,existing-site,data/zh-TW/bestiary/bestiary-kftgv.json;data/zh-TW/bestiary/fluff-bestiary-kftgv.json
creature,clockwork observer,KftGV,發條觀察者,existing-site,data/zh-TW/bestiary/bestiary-kftgv.json;data/zh-TW/bestiary/fluff-bestiary-kftgv.json
creature,commoner,,平民,existing-site,data/zh-TW/bestiary/bestiary-mm.json;data/zh-TW/bestiary/bestiary-wtthc.json;data/zh-TW/bestiary/bestiary-xmm.json;data/zh-TW/bestiary/fluff-bestiary-mm.json;data/zh-TW/bestiary/fluff-bestiary-wtthc.json;data/zh-TW/bestiary/fluff-bestiary-xmm.json
creature,commoner,MM,平民,existing-site,data/zh-TW/bestiary/bestiary-mm.json;data/zh-TW/bestiary/bestiary-wtthc.json;data/zh-TW/bestiary/bestiary-xmm.json;data/zh-TW/bestiary/fluff-bestiary-mm.json;data/zh-TW/bestiary/fluff-bestiary-wtthc.json;data/zh-TW/bestiary/fluff-bestiary-xmm.json
creature,cult fanatic,,邪教狂信者,existing-site,data/zh-TW/bestiary/bestiary-mm.json;data/zh-TW/bestiary/fluff-bestiary-mm.json
creature,cult fanatic,MM,邪教狂信者,existing-site,data/zh-TW/bestiary/bestiary-mm.json;data/zh-TW/bestiary/fluff-bestiary-mm.json
creature,cultist,,邪教徒,existing-site,data/zh-TW/bestiary/bestiary-mm.json;data/zh-TW/bestiary/bestiary-xmm.json;data/zh-TW/bestiary/fluff-bestiary-mm.json;data/zh-TW/bestiary/fluff-bestiary-xmm.json
creature,cultist,MM,邪教徒,existing-site,data/zh-TW/bestiary/bestiary-mm.json;data/zh-TW/bestiary/bestiary-xmm.json;data/zh-TW/bestiary/fluff-bestiary-mm.json;data/zh-TW/bestiary/fluff-bestiary-xmm.json
creature,deva,,天神使徒,existing-site,data/zh-TW/bestiary/bestiary-mm.json;data/zh-TW/bestiary/bestiary-xmm.json;data/zh-TW/bestiary/fluff-bestiary-mm.json;data/zh-TW/bestiary/fluff-bestiary-xmm.json
creature,deva,MM,天神使徒,existing-site,data/zh-TW/bestiary/bestiary-mm.json;data/zh-TW/bestiary/bestiary-xmm.json;data/zh-TW/bestiary/fluff-bestiary-mm.json;data/zh-TW/bestiary/fluff-bestiary-xmm.json
creature,displacer beast,,移位獸,existing-site,data/zh-TW/bestiary/bestiary-mm.json;data/zh-TW/bestiary/bestiary-xmm.json;data/zh-TW/bestiary/fluff-bestiary-mm.json;data/zh-TW/bestiary/fluff-bestiary-xmm.json;data/zh-TW/craft-pages/fluff-homecrafts.json;data/zh-TW/craft-pages/homecrafts.json
creature,displacer beast,MM,移位獸,existing-site,data/zh-TW/bestiary/bestiary-mm.json;data/zh-TW/bestiary/bestiary-xmm.json;data/zh-TW/bestiary/fluff-bestiary-mm.json;data/zh-TW/bestiary/fluff-bestiary-xmm.json;data/zh-TW/craft-pages/fluff-homecrafts.json;data/zh-TW/craft-pages/homecrafts.json
creature,doppelganger,,變形怪,existing-site,data/zh-TW/bestiary/bestiary-mm.json;data/zh-TW/bestiary/bestiary-xmm.json;data/zh-TW/bestiary/fluff-bestiary-mm.json;data/zh-TW/bestiary/fluff-bestiary-xmm.json;data/zh-TW/reference-pages/charcreationoptions.json
creature,doppelganger,MM,變形怪,existing-site,data/zh-TW/bestiary/bestiary-mm.json;data/zh-TW/bestiary/bestiary-xmm.json;data/zh-TW/bestiary/fluff-bestiary-mm.json;data/zh-TW/bestiary/fluff-bestiary-xmm.json;data/zh-TW/reference-pages/charcreationoptions.json
creature,dryad,,樹精,existing-site,data/zh-TW/bestiary/bestiary-mm.json;data/zh-TW/bestiary/bestiary-ps-x.json;data/zh-TW/bestiary/bestiary-xmm.json;data/zh-TW/bestiary/fluff-bestiary-mm.json;data/zh-TW/bestiary/fluff-bestiary-ps-x.json;data/zh-TW/bestiary/fluff-bestiary-xmm.json
creature,dryad,MM,樹精,existing-site,data/zh-TW/bestiary/bestiary-mm.json;data/zh-TW/bestiary/bestiary-ps-x.json;data/zh-TW/bestiary/bestiary-xmm.json;data/zh-TW/bestiary/fluff-bestiary-mm.json;data/zh-TW/bestiary/fluff-bestiary-ps-x.json;data/zh-TW/bestiary/fluff-bestiary-xmm.json
creature,duergar,,灰矮人,existing-site,data/zh-TW/bestiary/bestiary-mm.json;data/zh-TW/bestiary/fluff-bestiary-mm.json;data/zh-TW/bestiary/fluff-bestiary-mpmm.json;data/zh-TW/bestiary/fluff-bestiary-mtf.json;data/zh-TW/bestiary/fluff-bestiary-oota.json;data/zh-TW/character-options/fluff-races.json;data/zh-TW/character-options/races.json
creature,duergar,MM,灰矮人,existing-site,data/zh-TW/bestiary/bestiary-mm.json;data/zh-TW/bestiary/fluff-bestiary-mm.json;data/zh-TW/bestiary/fluff-bestiary-mpmm.json;data/zh-TW/bestiary/fluff-bestiary-mtf.json;data/zh-TW/bestiary/fluff-bestiary-oota.json;data/zh-TW/character-options/fluff-races.json;data/zh-TW/character-options/races.json
creature,duodrone,,二元冢,existing-site,data/zh-TW/bestiary/bestiary-mm.json;data/zh-TW/bestiary/fluff-bestiary-mm.json
creature,duodrone,MM,二元冢,existing-site,data/zh-TW/bestiary/bestiary-mm.json;data/zh-TW/bestiary/fluff-bestiary-mm.json
creature,efreeti,,火巨靈,existing-site,data/zh-TW/bestiary/bestiary-mm.json;data/zh-TW/bestiary/bestiary-xmm.json;data/zh-TW/bestiary/fluff-bestiary-mm.json;data/zh-TW/bestiary/fluff-bestiary-xmm.json;data/zh-TW/class/class-warlock.json
creature,efreeti,MM,火巨靈,existing-site,data/zh-TW/bestiary/bestiary-mm.json;data/zh-TW/bestiary/bestiary-xmm.json;data/zh-TW/bestiary/fluff-bestiary-mm.json;data/zh-TW/bestiary/fluff-bestiary-xmm.json;data/zh-TW/class/class-warlock.json
creature,erinyes,,罪魔,existing-site,data/zh-TW/bestiary/bestiary-mm.json;data/zh-TW/bestiary/bestiary-xmm.json;data/zh-TW/bestiary/fluff-bestiary-mm.json;data/zh-TW/bestiary/fluff-bestiary-xmm.json
creature,erinyes,MM,罪魔,existing-site,data/zh-TW/bestiary/bestiary-mm.json;data/zh-TW/bestiary/bestiary-xmm.json;data/zh-TW/bestiary/fluff-bestiary-mm.json;data/zh-TW/bestiary/fluff-bestiary-xmm.json
creature,flying sword,,凌空劍,existing-site,data/zh-TW/bestiary/bestiary-mm.json;data/zh-TW/bestiary/bestiary-xmm.json;data/zh-TW/bestiary/fluff-bestiary-mm.json
creature,flying sword,MM,凌空劍,existing-site,data/zh-TW/bestiary/bestiary-mm.json;data/zh-TW/bestiary/bestiary-xmm.json;data/zh-TW/bestiary/fluff-bestiary-mm.json
creature,fragment of Krokulmar,KftGV,克羅庫瑪肢節,existing-site,data/zh-TW/bestiary/bestiary-kftgv.json;data/zh-TW/bestiary/fluff-bestiary-kftgv.json
creature,galeb duhr,,石人,existing-site,data/zh-TW/bestiary/bestiary-mm.json;data/zh-TW/bestiary/bestiary-xmm.json;data/zh-TW/bestiary/fluff-bestiary-mm.json;data/zh-TW/bestiary/fluff-bestiary-xmm.json
creature,galeb duhr,MM,石人,existing-site,data/zh-TW/bestiary/bestiary-mm.json;data/zh-TW/bestiary/bestiary-xmm.json;data/zh-TW/bestiary/fluff-bestiary-mm.json;data/zh-TW/bestiary/fluff-bestiary-xmm.json
creature,ghost,,幽魂,existing-site,data/zh-TW/bestiary/bestiary-mm.json;data/zh-TW/bestiary/bestiary-xmm.json;data/zh-TW/bestiary/fluff-bestiary-mm.json;data/zh-TW/bestiary/fluff-bestiary-xmm.json;data/zh-TW/rules/variantrules.json
creature,ghost,MM,幽魂,existing-site,data/zh-TW/bestiary/bestiary-mm.json;data/zh-TW/bestiary/bestiary-xmm.json;data/zh-TW/bestiary/fluff-bestiary-mm.json;data/zh-TW/bestiary/fluff-bestiary-xmm.json;data/zh-TW/rules/variantrules.json
creature,giant toad,,巨蟾,existing-site,data/zh-TW/bestiary/bestiary-mm.json;data/zh-TW/bestiary/bestiary-xmm.json;data/zh-TW/bestiary/fluff-bestiary-xmm.json
creature,giant toad,MM,巨蟾,existing-site,data/zh-TW/bestiary/bestiary-mm.json;data/zh-TW/bestiary/bestiary-xmm.json;data/zh-TW/bestiary/fluff-bestiary-xmm.json
creature,gibbering mouther,,囈語之口,existing-site,data/zh-TW/bestiary/bestiary-mm.json;data/zh-TW/bestiary/bestiary-xmm.json;data/zh-TW/bestiary/fluff-bestiary-mm.json;data/zh-TW/bestiary/fluff-bestiary-xmm.json
creature,gibbering mouther,MM,囈語之口,existing-site,data/zh-TW/bestiary/bestiary-mm.json;data/zh-TW/bestiary/bestiary-xmm.json;data/zh-TW/bestiary/fluff-bestiary-mm.json;data/zh-TW/bestiary/fluff-bestiary-xmm.json
creature,gladiator,,角鬥士,existing-site,data/zh-TW/bestiary/bestiary-mm.json;data/zh-TW/bestiary/bestiary-xmm.json;data/zh-TW/bestiary/fluff-bestiary-mm.json;data/zh-TW/bestiary/fluff-bestiary-xmm.json
creature,gladiator,MM,角鬥士,existing-site,data/zh-TW/bestiary/bestiary-mm.json;data/zh-TW/bestiary/bestiary-xmm.json;data/zh-TW/bestiary/fluff-bestiary-mm.json;data/zh-TW/bestiary/fluff-bestiary-xmm.json
creature,goblin boss,,地精頭目,existing-site,data/zh-TW/bestiary/bestiary-mm.json;data/zh-TW/bestiary/bestiary-xmm.json;data/zh-TW/bestiary/fluff-bestiary-mm.json;data/zh-TW/bestiary/fluff-bestiary-xmm.json
creature,goblin boss,MM,地精頭目,existing-site,data/zh-TW/bestiary/bestiary-mm.json;data/zh-TW/bestiary/bestiary-xmm.json;data/zh-TW/bestiary/fluff-bestiary-mm.json;data/zh-TW/bestiary/fluff-bestiary-xmm.json
creature,gray slaad,,史拉灰蟾,existing-site,data/zh-TW/bestiary/bestiary-mm.json;data/zh-TW/bestiary/bestiary-xmm.json;data/zh-TW/bestiary/fluff-bestiary-mm.json;data/zh-TW/bestiary/fluff-bestiary-xmm.json
creature,gray slaad,MM,史拉灰蟾,existing-site,data/zh-TW/bestiary/bestiary-mm.json;data/zh-TW/bestiary/bestiary-xmm.json;data/zh-TW/bestiary/fluff-bestiary-mm.json;data/zh-TW/bestiary/fluff-bestiary-xmm.json
creature,grick,,穴居攫怪,existing-site,data/zh-TW/bestiary/bestiary-mm.json;data/zh-TW/bestiary/bestiary-xmm.json;data/zh-TW/bestiary/fluff-bestiary-mm.json;data/zh-TW/bestiary/fluff-bestiary-xmm.json
creature,grick,MM,穴居攫怪,existing-site,data/zh-TW/bestiary/bestiary-mm.json;data/zh-TW/bestiary/bestiary-xmm.json;data/zh-TW/bestiary/fluff-bestiary-mm.json;data/zh-TW/bestiary/fluff-bestiary-xmm.json
creature,guard,,警衛,existing-site,data/zh-TW/bestiary/bestiary-mm.json;data/zh-TW/bestiary/bestiary-wtthc.json;data/zh-TW/bestiary/bestiary-xmm.json;data/zh-TW/bestiary/fluff-bestiary-mm.json;data/zh-TW/bestiary/fluff-bestiary-wtthc.json;data/zh-TW/bestiary/fluff-bestiary-xmm.json;data/zh-TW/character-options/backgrounds.json;data/zh-TW/character-options/fluff-backgrounds.json
creature,guard,MM,警衛,existing-site,data/zh-TW/bestiary/bestiary-mm.json;data/zh-TW/bestiary/bestiary-wtthc.json;data/zh-TW/bestiary/bestiary-xmm.json;data/zh-TW/bestiary/fluff-bestiary-mm.json;data/zh-TW/bestiary/fluff-bestiary-wtthc.json;data/zh-TW/bestiary/fluff-bestiary-xmm.json;data/zh-TW/character-options/backgrounds.json;data/zh-TW/character-options/fluff-backgrounds.json
creature,headless body,KftGV,無頭屍體,existing-site,data/zh-TW/bestiary/bestiary-kftgv.json
creature,hook horror,,恐爪怪,existing-site,data/zh-TW/bestiary/bestiary-mm.json;data/zh-TW/bestiary/bestiary-xmm.json;data/zh-TW/bestiary/fluff-bestiary-mm.json;data/zh-TW/bestiary/fluff-bestiary-xmm.json
creature,hook horror,MM,恐爪怪,existing-site,data/zh-TW/bestiary/bestiary-mm.json;data/zh-TW/bestiary/bestiary-xmm.json;data/zh-TW/bestiary/fluff-bestiary-mm.json;data/zh-TW/bestiary/fluff-bestiary-xmm.json
creature,incubus,,夢魔,existing-site,data/zh-TW/bestiary/bestiary-mm.json;data/zh-TW/bestiary/bestiary-xmm.json;data/zh-TW/bestiary/fluff-bestiary-mm.json;data/zh-TW/bestiary/fluff-bestiary-xmm.json
creature,incubus,MM,夢魔,existing-site,data/zh-TW/bestiary/bestiary-mm.json;data/zh-TW/bestiary/bestiary-xmm.json;data/zh-TW/bestiary/fluff-bestiary-mm.json;data/zh-TW/bestiary/fluff-bestiary-xmm.json
creature,invisible stalker,,隱形追獵者,existing-site,data/zh-TW/bestiary/bestiary-mm.json;data/zh-TW/bestiary/bestiary-xmm.json;data/zh-TW/bestiary/fluff-bestiary-mm.json;data/zh-TW/bestiary/fluff-bestiary-xmm.json
creature,invisible stalker,MM,隱形追獵者,existing-site,data/zh-TW/bestiary/bestiary-mm.json;data/zh-TW/bestiary/bestiary-xmm.json;data/zh-TW/bestiary/fluff-bestiary-mm.json;data/zh-TW/bestiary/fluff-bestiary-xmm.json
creature,juvenile eldritch horror,KftGV,幼體古老恐怖生物,existing-site,data/zh-TW/bestiary/bestiary-kftgv.json
creature,knight,,騎士,existing-site,data/zh-TW/bestiary/bestiary-mm.json;data/zh-TW/bestiary/bestiary-xmm.json;data/zh-TW/bestiary/fluff-bestiary-mm.json;data/zh-TW/bestiary/fluff-bestiary-xmm.json;data/zh-TW/items/items-001.json
creature,knight,MM,騎士,existing-site,data/zh-TW/bestiary/bestiary-mm.json;data/zh-TW/bestiary/bestiary-xmm.json;data/zh-TW/bestiary/fluff-bestiary-mm.json;data/zh-TW/bestiary/fluff-bestiary-xmm.json;data/zh-TW/items/items-001.json
creature,lion,,雄獅,existing-site,data/zh-TW/bestiary/bestiary-mm.json;data/zh-TW/bestiary/bestiary-xmm.json;data/zh-TW/bestiary/fluff-bestiary-xmm.json;data/zh-TW/class/class-barbarian.json
creature,lion,MM,雄獅,existing-site,data/zh-TW/bestiary/bestiary-mm.json;data/zh-TW/bestiary/bestiary-xmm.json;data/zh-TW/bestiary/fluff-bestiary-xmm.json;data/zh-TW/class/class-barbarian.json
creature,mage,,魔法師,existing-site,data/zh-TW/bestiary/bestiary-mm.json;data/zh-TW/bestiary/bestiary-xmm.json;data/zh-TW/bestiary/fluff-bestiary-mm.json;data/zh-TW/bestiary/fluff-bestiary-xmm.json;data/zh-TW/items/items-001.json
creature,mage,MM,魔法師,existing-site,data/zh-TW/bestiary/bestiary-mm.json;data/zh-TW/bestiary/bestiary-xmm.json;data/zh-TW/bestiary/fluff-bestiary-mm.json;data/zh-TW/bestiary/fluff-bestiary-xmm.json;data/zh-TW/items/items-001.json
creature,mimic,,擬身怪,existing-site,data/zh-TW/bestiary/bestiary-mm.json;data/zh-TW/bestiary/bestiary-xmm.json;data/zh-TW/bestiary/fluff-bestiary-mm.json;data/zh-TW/bestiary/fluff-bestiary-xmm.json
creature,mimic,MM,擬身怪,existing-site,data/zh-TW/bestiary/bestiary-mm.json;data/zh-TW/bestiary/bestiary-xmm.json;data/zh-TW/bestiary/fluff-bestiary-mm.json;data/zh-TW/bestiary/fluff-bestiary-xmm.json
creature,mind flayer,MM,奪心魔,existing-site,data/zh-TW/bestiary/bestiary-mm.json;data/zh-TW/bestiary/bestiary-xmm.json;data/zh-TW/bestiary/fluff-bestiary-mm.json;data/zh-TW/bestiary/fluff-bestiary-vgm.json;data/zh-TW/bestiary/fluff-bestiary-xmm.json;data/zh-TW/craft-pages/fluff-homecrafts.json;data/zh-TW/craft-pages/homecrafts.json
creature,minotaur skeleton,MM,骷髏牛頭人,existing-site,data/zh-TW/bestiary/bestiary-mm.json;data/zh-TW/bestiary/bestiary-xmm.json;data/zh-TW/bestiary/fluff-bestiary-mm.json;data/zh-TW/bestiary/fluff-bestiary-xmm.json
creature,monodrone,,單元冢,existing-site,data/zh-TW/bestiary/bestiary-mm.json;data/zh-TW/bestiary/fluff-bestiary-mm.json
creature,monodrone,MM,單元冢,existing-site,data/zh-TW/bestiary/bestiary-mm.json;data/zh-TW/bestiary/fluff-bestiary-mm.json
creature,mule,,騾子,existing-site,data/zh-TW/bestiary/bestiary-mm.json;data/zh-TW/bestiary/bestiary-xmm.json;data/zh-TW/bestiary/fluff-bestiary-xmm.json;data/zh-TW/items/items-004.json
creature,mule,MM,騾子,existing-site,data/zh-TW/bestiary/bestiary-mm.json;data/zh-TW/bestiary/bestiary-xmm.json;data/zh-TW/bestiary/fluff-bestiary-xmm.json;data/zh-TW/items/items-004.json
creature,noble,,貴族,existing-site,data/zh-TW/bestiary/bestiary-mm.json;data/zh-TW/bestiary/bestiary-xmm.json;data/zh-TW/bestiary/fluff-bestiary-mm.json;data/zh-TW/bestiary/fluff-bestiary-xmm.json;data/zh-TW/character-options/backgrounds.json;data/zh-TW/character-options/fluff-backgrounds.json
creature,noble,MM,貴族,existing-site,data/zh-TW/bestiary/bestiary-mm.json;data/zh-TW/bestiary/bestiary-xmm.json;data/zh-TW/bestiary/fluff-bestiary-mm.json;data/zh-TW/bestiary/fluff-bestiary-xmm.json;data/zh-TW/character-options/backgrounds.json;data/zh-TW/character-options/fluff-backgrounds.json
creature,nothic,,諾斯怪,existing-site,data/zh-TW/bestiary/bestiary-mm.json;data/zh-TW/bestiary/bestiary-xmm.json;data/zh-TW/bestiary/fluff-bestiary-mm.json;data/zh-TW/bestiary/fluff-bestiary-xmm.json
creature,nothic,MM,諾斯怪,existing-site,data/zh-TW/bestiary/bestiary-mm.json;data/zh-TW/bestiary/bestiary-xmm.json;data/zh-TW/bestiary/fluff-bestiary-mm.json;data/zh-TW/bestiary/fluff-bestiary-xmm.json
creature,nycaloth,,征伐羅斯魔,existing-site,data/zh-TW/bestiary/bestiary-mm.json;data/zh-TW/bestiary/bestiary-xmm.json;data/zh-TW/bestiary/fluff-bestiary-mm.json;data/zh-TW/bestiary/fluff-bestiary-xmm.json
creature,nycaloth,MM,征伐羅斯魔,existing-site,data/zh-TW/bestiary/bestiary-mm.json;data/zh-TW/bestiary/bestiary-xmm.json;data/zh-TW/bestiary/fluff-bestiary-mm.json;data/zh-TW/bestiary/fluff-bestiary-xmm.json
creature,ogre,,食人魔,existing-site,data/zh-TW/bestiary/bestiary-mm.json;data/zh-TW/bestiary/bestiary-xmm.json;data/zh-TW/bestiary/fluff-bestiary-mm.json;data/zh-TW/bestiary/fluff-bestiary-mtf.json;data/zh-TW/bestiary/fluff-bestiary-xmm.json
creature,ogre,MM,食人魔,existing-site,data/zh-TW/bestiary/bestiary-mm.json;data/zh-TW/bestiary/bestiary-xmm.json;data/zh-TW/bestiary/fluff-bestiary-mm.json;data/zh-TW/bestiary/fluff-bestiary-mtf.json;data/zh-TW/bestiary/fluff-bestiary-xmm.json
creature,oni,,惡鬼,existing-site,data/zh-TW/bestiary/bestiary-mm.json;data/zh-TW/bestiary/bestiary-xmm.json;data/zh-TW/bestiary/fluff-bestiary-mm.json;data/zh-TW/bestiary/fluff-bestiary-xmm.json
creature,oni,MM,惡鬼,existing-site,data/zh-TW/bestiary/bestiary-mm.json;data/zh-TW/bestiary/bestiary-xmm.json;data/zh-TW/bestiary/fluff-bestiary-mm.json;data/zh-TW/bestiary/fluff-bestiary-xmm.json
creature,pentadrone,,五元冢,existing-site,data/zh-TW/bestiary/bestiary-mm.json;data/zh-TW/bestiary/fluff-bestiary-mm.json
creature,pentadrone,MM,五元冢,existing-site,data/zh-TW/bestiary/bestiary-mm.json;data/zh-TW/bestiary/fluff-bestiary-mm.json
creature,poltergeist,,騷靈,existing-site,data/zh-TW/bestiary/bestiary-mm.json;data/zh-TW/bestiary/bestiary-xmm.json;data/zh-TW/bestiary/fluff-bestiary-mm.json;data/zh-TW/bestiary/fluff-bestiary-xmm.json
creature,poltergeist,MM,騷靈,existing-site,data/zh-TW/bestiary/bestiary-mm.json;data/zh-TW/bestiary/bestiary-xmm.json;data/zh-TW/bestiary/fluff-bestiary-mm.json;data/zh-TW/bestiary/fluff-bestiary-xmm.json
creature,prisoner 13,KftGV,十三號囚犯,existing-site,data/zh-TW/bestiary/bestiary-kftgv.json;data/zh-TW/bestiary/fluff-bestiary-kftgv.json
creature,quadrone,,四元冢,existing-site,data/zh-TW/bestiary/bestiary-mm.json;data/zh-TW/bestiary/fluff-bestiary-mm.json
creature,quadrone,MM,四元冢,existing-site,data/zh-TW/bestiary/bestiary-mm.json;data/zh-TW/bestiary/fluff-bestiary-mm.json
creature,rug of smothering,,悶人毯,existing-site,data/zh-TW/bestiary/bestiary-mm.json;data/zh-TW/bestiary/fluff-bestiary-mm.json
creature,rug of smothering,MM,悶人毯,existing-site,data/zh-TW/bestiary/bestiary-mm.json;data/zh-TW/bestiary/fluff-bestiary-mm.json
creature,satyr,,半羊人,existing-site,data/zh-TW/bestiary/bestiary-mm.json;data/zh-TW/bestiary/bestiary-xmm.json;data/zh-TW/bestiary/fluff-bestiary-mm.json;data/zh-TW/bestiary/fluff-bestiary-xmm.json;data/zh-TW/character-options/fluff-races.json;data/zh-TW/character-options/races.json
creature,satyr,MM,半羊人,existing-site,data/zh-TW/bestiary/bestiary-mm.json;data/zh-TW/bestiary/bestiary-xmm.json;data/zh-TW/bestiary/fluff-bestiary-mm.json;data/zh-TW/bestiary/fluff-bestiary-xmm.json;data/zh-TW/character-options/fluff-races.json;data/zh-TW/character-options/races.json
creature,scarecrow,,稻草人,existing-site,data/zh-TW/bestiary/bestiary-mm.json;data/zh-TW/bestiary/bestiary-wtthc.json;data/zh-TW/bestiary/bestiary-xmm.json;data/zh-TW/bestiary/fluff-bestiary-mm.json;data/zh-TW/bestiary/fluff-bestiary-wtthc.json;data/zh-TW/bestiary/fluff-bestiary-xmm.json
creature,scarecrow,MM,稻草人,existing-site,data/zh-TW/bestiary/bestiary-mm.json;data/zh-TW/bestiary/bestiary-wtthc.json;data/zh-TW/bestiary/bestiary-xmm.json;data/zh-TW/bestiary/fluff-bestiary-mm.json;data/zh-TW/bestiary/fluff-bestiary-wtthc.json;data/zh-TW/bestiary/fluff-bestiary-xmm.json
creature,scout,,斥侯,existing-site,data/zh-TW/bestiary/bestiary-mm.json;data/zh-TW/bestiary/bestiary-xmm.json;data/zh-TW/bestiary/fluff-bestiary-mm.json;data/zh-TW/bestiary/fluff-bestiary-xmm.json;data/zh-TW/class/class-rogue.json;data/zh-TW/class/fluff-class-rogue.json
creature,scout,MM,斥侯,existing-site,data/zh-TW/bestiary/bestiary-mm.json;data/zh-TW/bestiary/bestiary-xmm.json;data/zh-TW/bestiary/fluff-bestiary-mm.json;data/zh-TW/bestiary/fluff-bestiary-xmm.json;data/zh-TW/class/class-rogue.json;data/zh-TW/class/fluff-class-rogue.json
creature,shambling mound,,蔓生怪,existing-site,data/zh-TW/bestiary/bestiary-mm.json;data/zh-TW/bestiary/bestiary-xmm.json;data/zh-TW/bestiary/fluff-bestiary-mm.json;data/zh-TW/bestiary/fluff-bestiary-xmm.json
creature,shambling mound,MM,蔓生怪,existing-site,data/zh-TW/bestiary/bestiary-mm.json;data/zh-TW/bestiary/bestiary-xmm.json;data/zh-TW/bestiary/fluff-bestiary-mm.json;data/zh-TW/bestiary/fluff-bestiary-xmm.json
creature,shield guardian,,構裝盾衛,existing-site,data/zh-TW/bestiary/bestiary-mm.json;data/zh-TW/bestiary/bestiary-xmm.json;data/zh-TW/bestiary/fluff-bestiary-mm.json;data/zh-TW/bestiary/fluff-bestiary-xmm.json
creature,shield guardian,MM,構裝盾衛,existing-site,data/zh-TW/bestiary/bestiary-mm.json;data/zh-TW/bestiary/bestiary-xmm.json;data/zh-TW/bestiary/fluff-bestiary-mm.json;data/zh-TW/bestiary/fluff-bestiary-xmm.json
creature,slaad tadpole,,史拉蟾蝌蚪,existing-site,data/zh-TW/bestiary/bestiary-mm.json;data/zh-TW/bestiary/bestiary-xmm.json;data/zh-TW/bestiary/fluff-bestiary-mm.json;data/zh-TW/bestiary/fluff-bestiary-xmm.json
creature,slaad tadpole,MM,史拉蟾蝌蚪,existing-site,data/zh-TW/bestiary/bestiary-mm.json;data/zh-TW/bestiary/bestiary-xmm.json;data/zh-TW/bestiary/fluff-bestiary-mm.json;data/zh-TW/bestiary/fluff-bestiary-xmm.json
creature,smoke mephit,,煙魔蝠,existing-site,data/zh-TW/bestiary/bestiary-mm.json;data/zh-TW/bestiary/bestiary-xmm.json;data/zh-TW/bestiary/fluff-bestiary-mm.json;data/zh-TW/bestiary/fluff-bestiary-xmm.json
creature,smoke mephit,MM,煙魔蝠,existing-site,data/zh-TW/bestiary/bestiary-mm.json;data/zh-TW/bestiary/bestiary-xmm.json;data/zh-TW/bestiary/fluff-bestiary-mm.json;data/zh-TW/bestiary/fluff-bestiary-xmm.json
creature,spectator,,觀察者眼魔,existing-site,data/zh-TW/bestiary/bestiary-mm.json;data/zh-TW/bestiary/bestiary-xmm.json;data/zh-TW/bestiary/fluff-bestiary-mm.json;data/zh-TW/bestiary/fluff-bestiary-xmm.json
creature,spectator,MM,觀察者眼魔,existing-site,data/zh-TW/bestiary/bestiary-mm.json;data/zh-TW/bestiary/bestiary-xmm.json;data/zh-TW/bestiary/fluff-bestiary-mm.json;data/zh-TW/bestiary/fluff-bestiary-xmm.json
creature,specter,MM,惡靈,existing-site,data/zh-TW/bestiary/bestiary-mm.json;data/zh-TW/bestiary/bestiary-xmm.json;data/zh-TW/bestiary/fluff-bestiary-mm.json;data/zh-TW/bestiary/fluff-bestiary-xmm.json
creature,spider,,蜘蛛,existing-site,data/zh-TW/bestiary/bestiary-mm.json;data/zh-TW/bestiary/bestiary-xmm.json;data/zh-TW/bestiary/fluff-bestiary-mm.json;data/zh-TW/bestiary/fluff-bestiary-xmm.json
creature,spider,MM,蜘蛛,existing-site,data/zh-TW/bestiary/bestiary-mm.json;data/zh-TW/bestiary/bestiary-xmm.json;data/zh-TW/bestiary/fluff-bestiary-mm.json;data/zh-TW/bestiary/fluff-bestiary-xmm.json
creature,spy,,間諜,existing-site,data/zh-TW/bestiary/bestiary-mm.json;data/zh-TW/bestiary/bestiary-xmm.json;data/zh-TW/bestiary/fluff-bestiary-mm.json;data/zh-TW/bestiary/fluff-bestiary-xmm.json;data/zh-TW/reference-pages/charcreationoptions.json
creature,spy,MM,間諜,existing-site,data/zh-TW/bestiary/bestiary-mm.json;data/zh-TW/bestiary/bestiary-xmm.json;data/zh-TW/bestiary/fluff-bestiary-mm.json;data/zh-TW/bestiary/fluff-bestiary-xmm.json;data/zh-TW/reference-pages/charcreationoptions.json
creature,stone golem,,石魔像,existing-site,data/zh-TW/bestiary/bestiary-mm.json;data/zh-TW/bestiary/bestiary-xmm.json;data/zh-TW/bestiary/fluff-bestiary-mm.json;data/zh-TW/bestiary/fluff-bestiary-xmm.json
creature,stone golem,MM,石魔像,existing-site,data/zh-TW/bestiary/bestiary-mm.json;data/zh-TW/bestiary/bestiary-xmm.json;data/zh-TW/bestiary/fluff-bestiary-mm.json;data/zh-TW/bestiary/fluff-bestiary-xmm.json
creature,swarm of quippers,,食人魚群,existing-site,data/zh-TW/bestiary/bestiary-mm.json;data/zh-TW/bestiary/fluff-bestiary-mm.json
creature,swarm of quippers,MM,食人魚群,existing-site,data/zh-TW/bestiary/bestiary-mm.json;data/zh-TW/bestiary/fluff-bestiary-mm.json
creature,the Stranger,KftGV,陌生人,existing-site,data/zh-TW/bestiary/bestiary-kftgv.json;data/zh-TW/bestiary/fluff-bestiary-kftgv.json
creature,thug,,暴徒,existing-site,data/zh-TW/bestiary/bestiary-mm.json;data/zh-TW/bestiary/fluff-bestiary-mm.json
creature,thug,MM,暴徒,existing-site,data/zh-TW/bestiary/bestiary-mm.json;data/zh-TW/bestiary/fluff-bestiary-mm.json
creature,veteran,,老兵,existing-site,data/zh-TW/bestiary/bestiary-mm.json;data/zh-TW/bestiary/fluff-bestiary-mm.json
creature,veteran,MM,老兵,existing-site,data/zh-TW/bestiary/bestiary-mm.json;data/zh-TW/bestiary/fluff-bestiary-mm.json
creature,werebear,,熊人,existing-site,data/zh-TW/bestiary/bestiary-mm.json;data/zh-TW/bestiary/bestiary-xmm.json;data/zh-TW/bestiary/fluff-bestiary-mm.json;data/zh-TW/bestiary/fluff-bestiary-tftyp.json;data/zh-TW/bestiary/fluff-bestiary-xmm.json
creature,werebear,MM,熊人,existing-site,data/zh-TW/bestiary/bestiary-mm.json;data/zh-TW/bestiary/bestiary-xmm.json;data/zh-TW/bestiary/fluff-bestiary-mm.json;data/zh-TW/bestiary/fluff-bestiary-tftyp.json;data/zh-TW/bestiary/fluff-bestiary-xmm.json
creature,young red dragon,,青年紅龍,existing-site,data/zh-TW/bestiary/bestiary-mm.json;data/zh-TW/bestiary/bestiary-xmm.json;data/zh-TW/bestiary/fluff-bestiary-mm.json;data/zh-TW/bestiary/fluff-bestiary-xmm.json
creature,young red dragon,MM,青年紅龍,existing-site,data/zh-TW/bestiary/bestiary-mm.json;data/zh-TW/bestiary/bestiary-xmm.json;data/zh-TW/bestiary/fluff-bestiary-mm.json;data/zh-TW/bestiary/fluff-bestiary-xmm.json
creature,zombie,,喪屍,existing-site,data/zh-TW/bestiary/bestiary-mm.json;data/zh-TW/bestiary/bestiary-xmm.json;data/zh-TW/bestiary/fluff-bestiary-mm.json;data/zh-TW/bestiary/fluff-bestiary-xmm.json;data/zh-TW/character-options/races.json
creature,zombie,MM,喪屍,existing-site,data/zh-TW/bestiary/bestiary-mm.json;data/zh-TW/bestiary/bestiary-xmm.json;data/zh-TW/bestiary/fluff-bestiary-mm.json;data/zh-TW/bestiary/fluff-bestiary-xmm.json;data/zh-TW/character-options/races.json
item,+2 rod of the pact keeper,,+2 契約掌控者權杖,existing-site,data/zh-TW/items/items-000.json
item,+2 rod of the pact keeper,DMG,+2 契約掌控者權杖,existing-site,data/zh-TW/items/items-000.json
item,Acid (vial),PHB,強酸 (小瓶),existing-site,data/zh-TW/items/items-000.json
item,Alchemist's Fire (flask),PHB,熾火膠(扁瓶裝),existing-site,data/zh-TW/items/items-000.json
item,Amethyst,,紫水晶,existing-site,data/zh-TW/bestiary/bestiary-ftd.json;data/zh-TW/items/items-000.json
item,Antitoxin (vial),PHB,抗毒劑 (小瓶),existing-site,data/zh-TW/items/items-000.json
item,"Bag of Tricks, Rust",,魔術袋，鐵鏽色,existing-site,data/zh-TW/items/fluff-items.json;data/zh-TW/items/items-000.json
item,Bloodstone,,血玉髓,existing-site,data/zh-TW/items/items-000.json
item,Book of Vile Darkness,DMG,穢暗之書,existing-site,data/zh-TW/items/fluff-items.json;data/zh-TW/items/items-000.json
item,Book of Vile Darkness (Variant),KftGV,穢惡之書（變體）,existing-site,data/zh-TW/items/fluff-items.json;data/zh-TW/items/items-000.json
item,Boots of striding and springing,,跑跳之靴,existing-site,data/zh-TW/items/fluff-items.json;data/zh-TW/items/items-000.json
item,Boots of striding and springing,DMG,跑跳之靴,existing-site,data/zh-TW/items/fluff-items.json;data/zh-TW/items/items-000.json
item,Calligrapher's Supplies,PHB,書法工具,existing-site,data/zh-TW/items/items-base.json;data/zh-TW/rules/variantrules.json
item,Candle,PHB,蠟燭,existing-site,data/zh-TW/items/items-001.json
item,Cap of water breathing,,水下呼吸帽,existing-site,data/zh-TW/items/items-001.json
item,Cap of water breathing,DMG,水下呼吸帽,existing-site,data/zh-TW/items/items-001.json
item,Constantori's Portrait,KftGV,康斯坦托里的肖像畫,existing-site,data/zh-TW/items/fluff-items.json;data/zh-TW/items/items-001.json
item,Crossbow Bolts (20),PHB,弩矢(20),existing-site,data/zh-TW/items/items-base.json
item,Driftglobe,,漂浮之球,existing-site,data/zh-TW/items/fluff-items.json;data/zh-TW/items/items-002.json
item,Driftglobe,DMG,漂浮之球,existing-site,data/zh-TW/items/fluff-items.json;data/zh-TW/items/items-002.json
item,Dust of disappearance,,無蹤粉,existing-site,data/zh-TW/items/fluff-items.json;data/zh-TW/items/items-002.json
item,Dust of disappearance,DMG,無蹤粉,existing-site,data/zh-TW/items/fluff-items.json;data/zh-TW/items/items-002.json
item,"Figurine of Wondrous Power, Bronze Griffon",,異能塑像，青銅獅鷲,existing-site,data/zh-TW/items/items-002.json
item,"Figurine of Wondrous Power, Serpentine Owl",,異能塑像，蛇紋石鴞,existing-site,data/zh-TW/items/fluff-items.json;data/zh-TW/items/items-002.json
item,Gauntlets of ogre power,,食人魔力量護手,existing-site,data/zh-TW/bestiary/bestiary-oota.json;data/zh-TW/items/fluff-items.json;data/zh-TW/items/items-002.json
item,Gauntlets of ogre power,DMG,食人魔力量護手,existing-site,data/zh-TW/bestiary/bestiary-oota.json;data/zh-TW/items/fluff-items.json;data/zh-TW/items/items-002.json
item,Gem of brightness,,光彩奪目寶石,existing-site,data/zh-TW/items/fluff-items.json;data/zh-TW/items/items-002.json
item,Gem of brightness,DMG,光彩奪目寶石,existing-site,data/zh-TW/items/fluff-items.json;data/zh-TW/items/items-002.json
item,Halberd,PHB,長戟,existing-site,data/zh-TW/bestiary/bestiary-cos.json;data/zh-TW/bestiary/bestiary-hotdq.json;data/zh-TW/bestiary/bestiary-mpmm.json;data/zh-TW/bestiary/bestiary-mtf.json;data/zh-TW/bestiary/bestiary-oota.json;data/zh-TW/items/fluff-items.json;data/zh-TW/items/items-base.json
item,Healer's Kit,PHB,醫療包,existing-site,data/zh-TW/items/fluff-items.json;data/zh-TW/items/items-003.json
item,Heavy Crossbow,PHB,重弩,existing-site,data/zh-TW/bestiary/bestiary-aitfr-fcd.json;data/zh-TW/bestiary/bestiary-bam.json;data/zh-TW/bestiary/bestiary-bgdia.json;data/zh-TW/bestiary/bestiary-dsotdq.json;data/zh-TW/bestiary/bestiary-egw.json;data/zh-TW/bestiary/bestiary-hat-tg.json;data/zh-TW/bestiary/bestiary-idrotf.json;data/zh-TW/bestiary/bestiary-lmop.json;data/zh-TW/bestiary/bestiary-mabjov.json;data/zh-TW/bestiary/bestiary-mcv4ec.json;data/zh-TW/bestiary/bestiary-mm.json;data/zh-TW/bestiary/bestiary-mpmm.json;data/zh-TW/bestiary/bestiary-mtf.json;data/zh-TW/bestiary/bestiary-oota.json;data/zh-TW/bestiary/bestiary-pabtso.json;data/zh-TW/bestiary/bestiary-pota.json;data/zh-TW/bestiary/bestiary-skt.json;data/zh-TW/bestiary/bestiary-toa.json;data/zh-TW/bestiary/bestiary-wdh.json;data/zh-TW/bestiary/bestiary-xmm.json;data/zh-TW/items/fluff-items.json;data/zh-TW/items/items-base.json
item,Heward's Handy Haversack,,霍華德便利袋,existing-site,data/zh-TW/items/fluff-items.json;data/zh-TW/items/items-003.json
item,Heward's handy haversack,,霍華德便利袋,existing-site,data/zh-TW/items/fluff-items.json;data/zh-TW/items/items-003.json
item,Heward's handy haversack,DMG,霍華德便利袋,existing-site,data/zh-TW/items/fluff-items.json;data/zh-TW/items/items-003.json
item,"Horn of Valhalla, Silver",,瓦爾哈拉號角，白銀,existing-site,data/zh-TW/items/fluff-items.json;data/zh-TW/items/items-003.json
item,Ink (1-ounce bottle),PHB,墨水(1盎司/瓶),existing-site,data/zh-TW/items/items-003.json
item,"Instrument of the Bards, Canaith Mandolin",,吟遊詩人樂器，凱納斯曼陀林,existing-site,data/zh-TW/items/fluff-items.json;data/zh-TW/items/items-003.json
item,"Instrument of the Bards, Cli Lyre",,吟遊詩人樂器，科裡裡拉琴,existing-site,data/zh-TW/items/fluff-items.json;data/zh-TW/items/items-003.json
item,Light Crossbow,PHB,輕弩,existing-site,data/zh-TW/bestiary/bestiary-ai.json;data/zh-TW/bestiary/bestiary-bam.json;data/zh-TW/bestiary/bestiary-gos.json;data/zh-TW/bestiary/bestiary-hotb.json;data/zh-TW/bestiary/bestiary-idrotf.json;data/zh-TW/bestiary/bestiary-imr.json;data/zh-TW/bestiary/bestiary-kkw.json;data/zh-TW/bestiary/bestiary-mabjov.json;data/zh-TW/bestiary/bestiary-mm.json;data/zh-TW/bestiary/bestiary-mpmm.json;data/zh-TW/bestiary/bestiary-mtf.json;data/zh-TW/bestiary/bestiary-rhw.json;data/zh-TW/bestiary/bestiary-toa.json;data/zh-TW/bestiary/bestiary-vgm.json;data/zh-TW/bestiary/bestiary-wbtw.json;data/zh-TW/bestiary/bestiary-xmm.json;data/zh-TW/items/fluff-items.json;data/zh-TW/items/items-base.json
item,Longsword,PHB,長劍,existing-site,data/zh-TW/bestiary/bestiary-ai.json;data/zh-TW/bestiary/bestiary-aitfr-fcd.json;data/zh-TW/bestiary/bestiary-bam.json;data/zh-TW/bestiary/bestiary-bgg.json;data/zh-TW/bestiary/bestiary-bmt.json;data/zh-TW/bestiary/bestiary-coa.json;data/zh-TW/bestiary/bestiary-dc.json;data/zh-TW/bestiary/bestiary-dip.json;data/zh-TW/bestiary/bestiary-dsotdq.json;data/zh-TW/bestiary/bestiary-efa.json;data/zh-TW/bestiary/bestiary-egw.json;data/zh-TW/bestiary/bestiary-erlw.json;data/zh-TW/bestiary/bestiary-esk.json;data/zh-TW/bestiary/bestiary-ftd.json;data/zh-TW/bestiary/bestiary-ggr.json;data/zh-TW/bestiary/bestiary-gos.json;data/zh-TW/bestiary/bestiary-hat-tg.json;data/zh-TW/bestiary/bestiary-hol.json;data/zh-TW/bestiary/bestiary-hotdq.json;data/zh-TW/bestiary/bestiary-lmop.json;data/zh-TW/bestiary/bestiary-mabjov.json;data/zh-TW/bestiary/bestiary-mcv4ec.json;data/zh-TW/bestiary/bestiary-mm.json;data/zh-TW/bestiary/bestiary-mot.json;data/zh-TW/bestiary/bestiary-mpmm.json;data/zh-TW/bestiary/bestiary-mtf.json;data/zh-TW/bestiary/bestiary-oota.json;data/zh-TW/bestiary/bestiary-pabtso.json;data/zh-TW/bestiary/bestiary-pota.json;data/zh-TW/bestiary/bestiary-qftis.json;data/zh-TW/bestiary/bestiary-rot.json;data/zh-TW/bestiary/bestiary-sdw.json;data/zh-TW/bestiary/bestiary-skt.json;data/zh-TW/bestiary/bestiary-slw.json;data/zh-TW/bestiary/bestiary-tftyp.json;data/zh-TW/bestiary/bestiary-toa.json;data/zh-TW/bestiary/bestiary-veor.json;data/zh-TW/bestiary/bestiary-vgm.json;data/zh-TW/bestiary/bestiary-wdh.json;data/zh-TW/bestiary/bestiary-wdmm.json;data/zh-TW/bestiary/bestiary-xmm.json;data/zh-TW/items/fluff-items.json;data/zh-TW/items/items-base.json
item,Map or Scroll Case,PHB,地圖或卷軸匣,existing-site,data/zh-TW/items/items-004.json
item,Parchment (one sheet),PHB,羊皮紙(每張),existing-site,data/zh-TW/items/items-004.json
item,Pearl,,珍珠,existing-site,data/zh-TW/items/items-004.json
item,Pike,PHB,長矛,existing-site,data/zh-TW/bestiary/bestiary-dsotdq.json;data/zh-TW/bestiary/bestiary-mm.json;data/zh-TW/bestiary/bestiary-rhw.json;data/zh-TW/bestiary/bestiary-tftyp.json;data/zh-TW/bestiary/bestiary-xmm.json;data/zh-TW/items/fluff-items.json;data/zh-TW/items/items-base.json
item,Poisoner's Kit,PHB,毒藥工具,existing-site,data/zh-TW/items/items-005.json;data/zh-TW/rules/variantrules.json
item,Potion of Fire Resistance,,火焰抗性藥水,existing-site,data/zh-TW/items/items-005.json
item,Potion of Greater Healing,,高等治療藥水,existing-site,data/zh-TW/items/items-005.json
item,Potion of Healing,,治療藥水,existing-site,data/zh-TW/items/fluff-items.json;data/zh-TW/items/items-005.json
item,Potion of Hill Giant Strength,,山丘巨人之力藥水,existing-site,data/zh-TW/items/items-005.json
item,Potion of Lightning Resistance,,閃電抗性藥水,existing-site,data/zh-TW/items/items-005.json
item,Potion of Poison Resistance,,毒素抗性藥水,existing-site,data/zh-TW/items/items-005.json
item,Potion of Resistance,,抗性藥水,existing-site,data/zh-TW/items/item-groups.json;data/zh-TW/items/items-base.json
item,Potion of Superior Healing,,強效治療藥水,existing-site,data/zh-TW/items/items-005.json
item,Quiver of Ehlonna,,艾羅娜的箭袋,existing-site,data/zh-TW/craft-pages/fluff-homecrafts.json;data/zh-TW/craft-pages/homecrafts.json;data/zh-TW/items/fluff-items.json;data/zh-TW/items/items-005.json
item,Quiver of Ehlonna,DMG,艾羅娜的箭袋,existing-site,data/zh-TW/craft-pages/fluff-homecrafts.json;data/zh-TW/craft-pages/homecrafts.json;data/zh-TW/items/fluff-items.json;data/zh-TW/items/items-005.json
item,Rations (1 day),PHB,口糧(1天份),existing-site,data/zh-TW/items/items-005.json
item,Scimitar,PHB,彎刀,existing-site,data/zh-TW/bestiary/bestiary-awm.json;data/zh-TW/bestiary/bestiary-bam.json;data/zh-TW/bestiary/bestiary-bgdia.json;data/zh-TW/bestiary/bestiary-bgg.json;data/zh-TW/bestiary/bestiary-cos.json;data/zh-TW/bestiary/bestiary-efa.json;data/zh-TW/bestiary/bestiary-fraif.json;data/zh-TW/bestiary/bestiary-ggr.json;data/zh-TW/bestiary/bestiary-hotdq.json;data/zh-TW/bestiary/bestiary-kkw.json;data/zh-TW/bestiary/bestiary-mm.json;data/zh-TW/bestiary/bestiary-mot.json;data/zh-TW/bestiary/bestiary-mpmm.json;data/zh-TW/bestiary/bestiary-mtf.json;data/zh-TW/bestiary/bestiary-nrh-ass.json;data/zh-TW/bestiary/bestiary-pota.json;data/zh-TW/bestiary/bestiary-tftyp.json;data/zh-TW/bestiary/bestiary-vgm.json;data/zh-TW/bestiary/bestiary-wdh.json;data/zh-TW/bestiary/bestiary-xmm.json;data/zh-TW/items/fluff-items.json;data/zh-TW/items/items-base.json
item,Sealing Wax,PHB,封蠟,existing-site,data/zh-TW/items/items-006.json
item,Shard Solitaire,KftGV,碎晶掛飾,existing-site,data/zh-TW/items/fluff-items.json;data/zh-TW/items/item-groups.json
item,Shard Solitaire (Diamond),KftGV,破碎孤石（鑽石）,existing-site,data/zh-TW/items/fluff-items.json;data/zh-TW/items/items-006.json
item,Shortsword,PHB,短劍,existing-site,data/zh-TW/bestiary/bestiary-ai.json;data/zh-TW/bestiary/bestiary-bam.json;data/zh-TW/bestiary/bestiary-bgdia.json;data/zh-TW/bestiary/bestiary-coa.json;data/zh-TW/bestiary/bestiary-crcotn.json;data/zh-TW/bestiary/bestiary-dc.json;data/zh-TW/bestiary/bestiary-dosi.json;data/zh-TW/bestiary/bestiary-dsotdq.json;data/zh-TW/bestiary/bestiary-efa.json;data/zh-TW/bestiary/bestiary-egw.json;data/zh-TW/bestiary/bestiary-erlw.json;data/zh-TW/bestiary/bestiary-esk.json;data/zh-TW/bestiary/bestiary-fraif.json;data/zh-TW/bestiary/bestiary-ftd.json;data/zh-TW/bestiary/bestiary-ggr.json;data/zh-TW/bestiary/bestiary-hat-tg.json;data/zh-TW/bestiary/bestiary-hotb.json;data/zh-TW/bestiary/bestiary-hotdq.json;data/zh-TW/bestiary/bestiary-imr.json;data/zh-TW/bestiary/bestiary-kftgv.json;data/zh-TW/bestiary/bestiary-llk.json;data/zh-TW/bestiary/bestiary-lmop.json;data/zh-TW/bestiary/bestiary-mabjov.json;data/zh-TW/bestiary/bestiary-mm.json;data/zh-TW/bestiary/bestiary-mot.json;data/zh-TW/bestiary/bestiary-mpmm.json;data/zh-TW/bestiary/bestiary-mtf.json;data/zh-TW/bestiary/bestiary-nrh-coi.json;data/zh-TW/bestiary/bestiary-oota.json;data/zh-TW/bestiary/bestiary-pabtso.json;data/zh-TW/bestiary/bestiary-pota.json;data/zh-TW/bestiary/bestiary-rot.json;data/zh-TW/bestiary/bestiary-sdw.json;data/zh-TW/bestiary/bestiary-skt.json;data/zh-TW/bestiary/bestiary-slw.json;data/zh-TW/bestiary/bestiary-tce.json;data/zh-TW/bestiary/bestiary-tftyp.json;data/zh-TW/bestiary/bestiary-toa.json;data/zh-TW/bestiary/bestiary-vgm.json;data/zh-TW/bestiary/bestiary-wbtw.json;data/zh-TW/bestiary/bestiary-wdh.json;data/zh-TW/bestiary/bestiary-xmm.json;data/zh-TW/items/fluff-items.json;data/zh-TW/items/items-base.json
item,Slippers of spider climbing,,蛛行便鞋,existing-site,data/zh-TW/items/fluff-items.json;data/zh-TW/items/items-006.json
item,Slippers of spider climbing,DMG,蛛行便鞋,existing-site,data/zh-TW/items/fluff-items.json;data/zh-TW/items/items-006.json
item,Spell Scroll,,法術卷軸,existing-site,data/zh-TW/items/fluff-items.json;data/zh-TW/items/item-groups.json
item,Spyglass,PHB,望遠鏡,existing-site,data/zh-TW/items/items-006.json
item,Staff of Power,,威力法杖,existing-site,data/zh-TW/bestiary/bestiary-mabjov.json;data/zh-TW/bestiary/bestiary-wbtw.json;data/zh-TW/bestiary/bestiary-wdh.json;data/zh-TW/items/fluff-items.json;data/zh-TW/items/items-007.json
item,Stone of good luck,,吉運之石,existing-site,data/zh-TW/items/fluff-items.json;data/zh-TW/items/items-007.json
item,Stone of good luck,DMG,吉運之石,existing-site,data/zh-TW/items/fluff-items.json;data/zh-TW/items/items-007.json
item,Torch,PHB,火把,existing-site,data/zh-TW/items/items-007.json
item,Traveler's Clothes,PHB,旅行服裝,existing-site,data/zh-TW/items/items-007.json
item,Zircon,,鋯石,existing-site,data/zh-TW/items/items-008.json
item,alchemist's supplies,PHB,鍊金工具,existing-site,data/zh-TW/items/items-base.json;data/zh-TW/rules/variantrules.json
item,amulet of the planes,,位面護符,existing-site,data/zh-TW/items/fluff-items.json;data/zh-TW/items/items-000.json
item,amulet of the planes,DMG,位面護符,existing-site,data/zh-TW/items/fluff-items.json;data/zh-TW/items/items-000.json
item,apparatus of Kwalish,,誇力許裝置,existing-site,data/zh-TW/craft-pages/fluff-vehicles.json;data/zh-TW/craft-pages/vehicles.json;data/zh-TW/items/fluff-items.json;data/zh-TW/items/items-000.json
item,apparatus of Kwalish,DMG,誇力許裝置,existing-site,data/zh-TW/craft-pages/fluff-vehicles.json;data/zh-TW/craft-pages/vehicles.json;data/zh-TW/items/fluff-items.json;data/zh-TW/items/items-000.json
item,assassin's blood,,刺客之血,existing-site,data/zh-TW/items/items-000.json
item,assassin's blood,DMG,刺客之血,existing-site,data/zh-TW/items/items-000.json
item,bag of holding,,次元袋,existing-site,data/zh-TW/craft-pages/fluff-homecrafts.json;data/zh-TW/craft-pages/homecrafts.json;data/zh-TW/items/fluff-items.json;data/zh-TW/items/items-000.json
item,bag of holding,DMG,次元袋,existing-site,data/zh-TW/craft-pages/fluff-homecrafts.json;data/zh-TW/craft-pages/homecrafts.json;data/zh-TW/items/fluff-items.json;data/zh-TW/items/items-000.json
item,brazier of commanding fire elementals,,命令火元素火盆,existing-site,data/zh-TW/items/fluff-items.json;data/zh-TW/items/items-001.json
item,brazier of commanding fire elementals,DMG,命令火元素火盆,existing-site,data/zh-TW/items/fluff-items.json;data/zh-TW/items/items-001.json
item,calligrapher's supplies,PHB,書法工具,existing-site,data/zh-TW/items/items-base.json;data/zh-TW/rules/variantrules.json
item,cartographer's tools,PHB,製圖工具,existing-site,data/zh-TW/items/items-base.json;data/zh-TW/rules/variantrules.json
item,club,PHB,短棒,existing-site,data/zh-TW/bestiary/bestiary-bgg.json;data/zh-TW/bestiary/bestiary-cm.json;data/zh-TW/bestiary/bestiary-cos.json;data/zh-TW/bestiary/bestiary-crcotn.json;data/zh-TW/bestiary/bestiary-ggr.json;data/zh-TW/bestiary/bestiary-gos.json;data/zh-TW/bestiary/bestiary-lr.json;data/zh-TW/bestiary/bestiary-mabjov.json;data/zh-TW/bestiary/bestiary-mcv4ec.json;data/zh-TW/bestiary/bestiary-mff.json;data/zh-TW/bestiary/bestiary-mm.json;data/zh-TW/bestiary/bestiary-mpmm.json;data/zh-TW/bestiary/bestiary-nrh-at.json;data/zh-TW/bestiary/bestiary-rtg.json;data/zh-TW/bestiary/bestiary-skt.json;data/zh-TW/bestiary/bestiary-tftyp.json;data/zh-TW/bestiary/bestiary-ttp.json;data/zh-TW/bestiary/bestiary-vgm.json;data/zh-TW/bestiary/bestiary-wbtw.json;data/zh-TW/bestiary/bestiary-wdh.json;data/zh-TW/bestiary/bestiary-xmm.json;data/zh-TW/items/fluff-items.json;data/zh-TW/items/items-base.json
item,decanter of endless water,,無盡水瓶,existing-site,data/zh-TW/items/fluff-items.json;data/zh-TW/items/items-001.json
item,decanter of endless water,DMG,無盡水瓶,existing-site,data/zh-TW/items/fluff-items.json;data/zh-TW/items/items-001.json
item,dimensional shackles,,次元鐐銬,existing-site,data/zh-TW/items/fluff-items.json;data/zh-TW/items/items-001.json
item,dimensional shackles,DMG,次元鐐銬,existing-site,data/zh-TW/items/fluff-items.json;data/zh-TW/items/items-001.json
item,disguise kit,PHB,易容工具,existing-site,data/zh-TW/items/items-001.json;data/zh-TW/rules/variantrules.json
item,dragon scale mail,,龍鱗甲,existing-site,data/zh-TW/items/fluff-items.json;data/zh-TW/items/item-groups.json;data/zh-TW/items/items-base.json
item,dragon scale mail,DMG,龍鱗甲,existing-site,data/zh-TW/items/fluff-items.json;data/zh-TW/items/item-groups.json;data/zh-TW/items/items-base.json
item,dragonchess set,PHB,龍棋組,existing-site,data/zh-TW/items/items-002.json
item,dust of disappearance,,無蹤粉,existing-site,data/zh-TW/items/fluff-items.json;data/zh-TW/items/items-002.json
item,dust of disappearance,DMG,無蹤粉,existing-site,data/zh-TW/items/fluff-items.json;data/zh-TW/items/items-002.json
item,elven chain,,精靈鍊甲,existing-site,data/zh-TW/items/fluff-items.json;data/zh-TW/items/items-002.json;data/zh-TW/items/magicvariants.json
item,elven chain,DMG,精靈鍊甲,existing-site,data/zh-TW/items/fluff-items.json;data/zh-TW/items/items-002.json;data/zh-TW/items/magicvariants.json
item,gloves of thievery,,竊賊手套,existing-site,data/zh-TW/items/fluff-items.json;data/zh-TW/items/items-002.json
item,gloves of thievery,DMG,竊賊手套,existing-site,data/zh-TW/items/fluff-items.json;data/zh-TW/items/items-002.json
item,hag eye,MM,鬼婆之眼,existing-site,data/zh-TW/bestiary/bestiary-mm.json;data/zh-TW/bestiary/bestiary-vgm.json;data/zh-TW/bestiary/fluff-bestiary-mm.json;data/zh-TW/items/fluff-items.json;data/zh-TW/items/items-003.json
item,helm of teleportation,,傳送頭盔,existing-site,data/zh-TW/items/fluff-items.json;data/zh-TW/items/items-003.json
item,helm of teleportation,DMG,傳送頭盔,existing-site,data/zh-TW/items/fluff-items.json;data/zh-TW/items/items-003.json
item,holy symbol,PHB,聖徽,existing-site,data/zh-TW/items/item-groups.json;data/zh-TW/items/items-007.json
item,lantern of revealing,,顯像提燈,existing-site,data/zh-TW/items/fluff-items.json;data/zh-TW/items/items-003.json
item,lantern of revealing,DMG,顯像提燈,existing-site,data/zh-TW/items/fluff-items.json;data/zh-TW/items/items-003.json
item,leatherworker's tools,PHB,皮匠工具,existing-site,data/zh-TW/items/items-base.json;data/zh-TW/rules/variantrules.json
item,light crossbow,PHB,輕弩,existing-site,data/zh-TW/bestiary/bestiary-ai.json;data/zh-TW/bestiary/bestiary-bam.json;data/zh-TW/bestiary/bestiary-gos.json;data/zh-TW/bestiary/bestiary-hotb.json;data/zh-TW/bestiary/bestiary-idrotf.json;data/zh-TW/bestiary/bestiary-imr.json;data/zh-TW/bestiary/bestiary-kkw.json;data/zh-TW/bestiary/bestiary-mabjov.json;data/zh-TW/bestiary/bestiary-mm.json;data/zh-TW/bestiary/bestiary-mpmm.json;data/zh-TW/bestiary/bestiary-mtf.json;data/zh-TW/bestiary/bestiary-rhw.json;data/zh-TW/bestiary/bestiary-toa.json;data/zh-TW/bestiary/bestiary-vgm.json;data/zh-TW/bestiary/bestiary-wbtw.json;data/zh-TW/bestiary/bestiary-xmm.json;data/zh-TW/items/fluff-items.json;data/zh-TW/items/items-base.json
item,mace of terror,,恐懼之錘,existing-site,data/zh-TW/items/fluff-items.json;data/zh-TW/items/items-004.json
item,mace of terror,DMG,恐懼之錘,existing-site,data/zh-TW/items/fluff-items.json;data/zh-TW/items/items-004.json
item,midnight tears,,午夜之淚,existing-site,data/zh-TW/items/items-004.json
item,midnight tears,DMG,午夜之淚,existing-site,data/zh-TW/items/items-004.json
item,necklace of fireballs,,火球項鍊,existing-site,data/zh-TW/items/fluff-items.json;data/zh-TW/items/items-004.json
item,necklace of fireballs,DMG,火球項鍊,existing-site,data/zh-TW/items/fluff-items.json;data/zh-TW/items/items-004.json
item,necklace of prayer beads,,念珠項鍊,existing-site,data/zh-TW/items/fluff-items.json;data/zh-TW/items/items-004.json
item,necklace of prayer beads,DMG,念珠項鍊,existing-site,data/zh-TW/items/fluff-items.json;data/zh-TW/items/items-004.json
item,oil of sharpness,,銳鋒之油,existing-site,data/zh-TW/items/items-004.json
item,oil of sharpness,DMG,銳鋒之油,existing-site,data/zh-TW/items/items-004.json
item,oil of slipperiness,,滑溜之油,existing-site,data/zh-TW/items/items-004.json
item,oil of slipperiness,DMG,滑溜之油,existing-site,data/zh-TW/items/items-004.json
item,portable hole,,次元洞,existing-site,data/zh-TW/items/items-005.json
item,portable hole,DMG,次元洞,existing-site,data/zh-TW/items/items-005.json
item,potion of animal friendship,,化獸為友藥水,existing-site,data/zh-TW/items/items-005.json
item,potion of animal friendship,DMG,化獸為友藥水,existing-site,data/zh-TW/items/items-005.json
item,potion of clairvoyance,,鷹眼術藥水,existing-site,data/zh-TW/items/items-005.json
item,potion of clairvoyance,DMG,鷹眼術藥水,existing-site,data/zh-TW/items/items-005.json
item,potion of gaseous form,,氣化形體藥水,existing-site,data/zh-TW/items/items-005.json
item,potion of gaseous form,DMG,氣化形體藥水,existing-site,data/zh-TW/items/items-005.json
item,potion of poison,,劇毒藥水,existing-site,data/zh-TW/items/items-005.json
item,potion of poison,DMG,劇毒藥水,existing-site,data/zh-TW/items/items-005.json
item,potion of vitality,,活力藥水,existing-site,data/zh-TW/items/fluff-items.json;data/zh-TW/items/items-005.json
item,potion of vitality,DMG,活力藥水,existing-site,data/zh-TW/items/fluff-items.json;data/zh-TW/items/items-005.json
item,potion of water breathing,,水下呼吸藥水,existing-site,data/zh-TW/items/fluff-items.json;data/zh-TW/items/items-005.json
item,potion of water breathing,DMG,水下呼吸藥水,existing-site,data/zh-TW/items/fluff-items.json;data/zh-TW/items/items-005.json
item,pouch,PHB,小包,existing-site,data/zh-TW/items/items-005.json
item,quiver of Ehlonna,,艾羅娜的箭袋,existing-site,data/zh-TW/craft-pages/fluff-homecrafts.json;data/zh-TW/craft-pages/homecrafts.json;data/zh-TW/items/fluff-items.json;data/zh-TW/items/items-005.json
item,quiver of Ehlonna,DMG,艾羅娜的箭袋,existing-site,data/zh-TW/craft-pages/fluff-homecrafts.json;data/zh-TW/craft-pages/homecrafts.json;data/zh-TW/items/fluff-items.json;data/zh-TW/items/items-005.json
item,ring of animal influence,,影響動物戒指,existing-site,data/zh-TW/items/fluff-items.json;data/zh-TW/items/items-005.json
item,ring of animal influence,DMG,影響動物戒指,existing-site,data/zh-TW/items/fluff-items.json;data/zh-TW/items/items-005.json
item,ring of evasion,,反射閃避戒指,existing-site,data/zh-TW/items/fluff-items.json;data/zh-TW/items/items-005.json
item,ring of evasion,DMG,反射閃避戒指,existing-site,data/zh-TW/items/fluff-items.json;data/zh-TW/items/items-005.json
item,ring of jumping,,跳躍戒指,existing-site,data/zh-TW/items/items-005.json
item,ring of jumping,DMG,跳躍戒指,existing-site,data/zh-TW/items/items-005.json
item,ring of mind shielding,,心靈護盾戒指,existing-site,data/zh-TW/items/fluff-items.json;data/zh-TW/items/items-005.json
item,ring of mind shielding,DMG,心靈護盾戒指,existing-site,data/zh-TW/items/fluff-items.json;data/zh-TW/items/items-005.json
item,ring of telekinesis,,心靈遙控戒指,existing-site,data/zh-TW/items/fluff-items.json;data/zh-TW/items/items-005.json
item,ring of telekinesis,DMG,心靈遙控戒指,existing-site,data/zh-TW/items/fluff-items.json;data/zh-TW/items/items-005.json
item,rope of entanglement,,糾纏繩,existing-site,data/zh-TW/bestiary/bestiary-mm.json;data/zh-TW/items/fluff-items.json;data/zh-TW/items/items-006.json
item,rope of entanglement,DMG,糾纏繩,existing-site,data/zh-TW/bestiary/bestiary-mm.json;data/zh-TW/items/fluff-items.json;data/zh-TW/items/items-006.json
item,sack,PHB,麻袋,existing-site,data/zh-TW/items/items-006.json
item,sending stones,,短訊石,existing-site,data/zh-TW/items/fluff-items.json;data/zh-TW/items/items-006.json
item,sending stones,DMG,短訊石,existing-site,data/zh-TW/items/fluff-items.json;data/zh-TW/items/items-006.json
item,shard of Xeluan,KftGV,澤巒碎片,existing-site,data/zh-TW/items/fluff-items.json;data/zh-TW/items/items-006.json
item,shard solitaire,KftGV,碎晶掛飾,existing-site,data/zh-TW/items/fluff-items.json;data/zh-TW/items/item-groups.json
item,shortsword,PHB,短劍,existing-site,data/zh-TW/bestiary/bestiary-ai.json;data/zh-TW/bestiary/bestiary-bam.json;data/zh-TW/bestiary/bestiary-bgdia.json;data/zh-TW/bestiary/bestiary-coa.json;data/zh-TW/bestiary/bestiary-crcotn.json;data/zh-TW/bestiary/bestiary-dc.json;data/zh-TW/bestiary/bestiary-dosi.json;data/zh-TW/bestiary/bestiary-dsotdq.json;data/zh-TW/bestiary/bestiary-efa.json;data/zh-TW/bestiary/bestiary-egw.json;data/zh-TW/bestiary/bestiary-erlw.json;data/zh-TW/bestiary/bestiary-esk.json;data/zh-TW/bestiary/bestiary-fraif.json;data/zh-TW/bestiary/bestiary-ftd.json;data/zh-TW/bestiary/bestiary-ggr.json;data/zh-TW/bestiary/bestiary-hat-tg.json;data/zh-TW/bestiary/bestiary-hotb.json;data/zh-TW/bestiary/bestiary-hotdq.json;data/zh-TW/bestiary/bestiary-imr.json;data/zh-TW/bestiary/bestiary-kftgv.json;data/zh-TW/bestiary/bestiary-llk.json;data/zh-TW/bestiary/bestiary-lmop.json;data/zh-TW/bestiary/bestiary-mabjov.json;data/zh-TW/bestiary/bestiary-mm.json;data/zh-TW/bestiary/bestiary-mot.json;data/zh-TW/bestiary/bestiary-mpmm.json;data/zh-TW/bestiary/bestiary-mtf.json;data/zh-TW/bestiary/bestiary-nrh-coi.json;data/zh-TW/bestiary/bestiary-oota.json;data/zh-TW/bestiary/bestiary-pabtso.json;data/zh-TW/bestiary/bestiary-pota.json;data/zh-TW/bestiary/bestiary-rot.json;data/zh-TW/bestiary/bestiary-sdw.json;data/zh-TW/bestiary/bestiary-skt.json;data/zh-TW/bestiary/bestiary-slw.json;data/zh-TW/bestiary/bestiary-tce.json;data/zh-TW/bestiary/bestiary-tftyp.json;data/zh-TW/bestiary/bestiary-toa.json;data/zh-TW/bestiary/bestiary-vgm.json;data/zh-TW/bestiary/bestiary-wbtw.json;data/zh-TW/bestiary/bestiary-wdh.json;data/zh-TW/bestiary/bestiary-xmm.json;data/zh-TW/items/fluff-items.json;data/zh-TW/items/items-base.json
item,smith's tools,PHB,鐵匠工具,existing-site,data/zh-TW/items/items-base.json;data/zh-TW/rules/variantrules.json
item,spell scroll,,法術卷軸,existing-site,data/zh-TW/items/fluff-items.json;data/zh-TW/items/item-groups.json
item,spell scroll,DMG,法術卷軸,existing-site,data/zh-TW/items/fluff-items.json;data/zh-TW/items/item-groups.json
item,spellbook,PHB,法術書,existing-site,data/zh-TW/bestiary/fluff-bestiary-idrotf.json;data/zh-TW/class/class-wizard.json;data/zh-TW/class/fluff-class-wizard.json;data/zh-TW/items/items-006.json
item,spyglass,PHB,望遠鏡,existing-site,data/zh-TW/items/items-006.json
item,thieves' tools,PHB,盜賊工具,existing-site,data/zh-TW/items/fluff-items.json;data/zh-TW/items/items-007.json;data/zh-TW/rules/variantrules.json
item,tinker's tools,PHB,修補工具,existing-site,data/zh-TW/items/items-base.json;data/zh-TW/rules/variantrules.json
item,wand of binding,,定身魔杖,existing-site,data/zh-TW/items/fluff-items.json;data/zh-TW/items/items-007.json
item,wand of binding,DMG,定身魔杖,existing-site,data/zh-TW/items/fluff-items.json;data/zh-TW/items/items-007.json
item,wand of magic missiles,,魔法飛彈魔杖,existing-site,data/zh-TW/bestiary/bestiary-idrotf.json;data/zh-TW/items/fluff-items.json;data/zh-TW/items/items-007.json
item,wand of magic missiles,DMG,魔法飛彈魔杖,existing-site,data/zh-TW/bestiary/bestiary-idrotf.json;data/zh-TW/items/fluff-items.json;data/zh-TW/items/items-007.json
name,Alarm,,警報術,existing-site,data/zh-TW/items/magicvariants.json;data/zh-TW/spells/spells-phb.json;data/zh-TW/spells/spells-xphb.json
name,Allosaurus,,異特龍,existing-site,data/zh-TW/bestiary/bestiary-mm.json;data/zh-TW/bestiary/bestiary-xmm.json;data/zh-TW/bestiary/fluff-bestiary-mm.json;data/zh-TW/bestiary/fluff-bestiary-xmm.json
name,Animated Armor,,活化盔甲,existing-site,data/zh-TW/bestiary/bestiary-mm.json;data/zh-TW/bestiary/bestiary-xmm.json;data/zh-TW/bestiary/fluff-bestiary-mm.json;data/zh-TW/bestiary/fluff-bestiary-xmm.json
name,Animated Statues,,活化雕像,existing-site,data/zh-TW/bestiary/fluff-bestiary-mtf.json
name,Callarduran Smoothhands,,卡勒杜蘭·滑手,existing-site,data/zh-TW/reference-pages/deities.json
name,Cart,,二輪貨車,existing-site,data/zh-TW/items/items-001.json
name,Ceilings,,天花板,existing-site,data/zh-TW/craft-pages/fluff-vehicles.json
name,Chasme,,喀嘶魔,existing-site,data/zh-TW/bestiary/bestiary-mm.json;data/zh-TW/bestiary/bestiary-xmm.json;data/zh-TW/bestiary/fluff-bestiary-mm.json;data/zh-TW/bestiary/fluff-bestiary-xmm.json
name,Circle of Death,,死亡法陣,existing-site,data/zh-TW/spells/spells-phb.json;data/zh-TW/spells/spells-xphb.json
name,Condition Immunities,,狀態免疫,existing-site,data/zh-TW/bestiary/fluff-bestiary-mm.json
name,Constantori's Portrait,,康斯坦托里的肖像畫,existing-site,data/zh-TW/items/fluff-items.json;data/zh-TW/items/items-001.json
name,Demons,,惡魔,existing-site,data/zh-TW/bestiary/fluff-bestiary-ggr.json;data/zh-TW/bestiary/fluff-bestiary-mm.json;data/zh-TW/bestiary/fluff-bestiary-ps-a.json
name,Difficult Terrain,,困難地形,existing-site,data/zh-TW/rules/variantrules.json
name,Disguises,,偽裝,existing-site,data/zh-TW/bestiary/bestiary-mm.json
name,Doors,,門,existing-site,data/zh-TW/craft-pages/fluff-vehicles.json;data/zh-TW/spells/spells-phb.json;data/zh-TW/spells/spells-xphb.json
name,Efreeti,,火巨靈,existing-site,data/zh-TW/bestiary/bestiary-mm.json;data/zh-TW/bestiary/bestiary-xmm.json;data/zh-TW/bestiary/fluff-bestiary-mm.json;data/zh-TW/bestiary/fluff-bestiary-xmm.json;data/zh-TW/class/class-warlock.json
name,Ehlonna,,艾羅娜,existing-site,data/zh-TW/reference-pages/deities.json
name,Fated,,定命盟,existing-site,data/zh-TW/character-options/backgrounds.json
name,Fire,,火焰,existing-site,data/zh-TW/character-options/races.json;data/zh-TW/items/items-005.json;data/zh-TW/rules/variantrules.json
name,Flight,,飛翔,existing-site,data/zh-TW/bestiary/bestiary-mm.json;data/zh-TW/bestiary/bestiary-ps-i.json;data/zh-TW/character-options/races.json;data/zh-TW/class/class-barbarian.json;data/zh-TW/class/class-druid.json;data/zh-TW/class/class-paladin.json;data/zh-TW/class/class-rogue.json;data/zh-TW/class/class-sorcerer.json;data/zh-TW/items/items-000.json;data/zh-TW/items/items-001.json;data/zh-TW/items/items-004.json;data/zh-TW/psionics/psionics.json;data/zh-TW/spells/spells-frhof.json
name,Fountain,,噴泉,existing-site,data/zh-TW/items/items-001.json
name,Frody Dartwild,,弗羅迪·達特維爾德,existing-site,data/zh-TW/bestiary/bestiary-kftgv.json
name,Fuel,,燃料,existing-site,data/zh-TW/items/items-004.json
name,Guards,,警衛們,existing-site,data/zh-TW/bestiary/fluff-bestiary-xmm.json
name,Hatch,,艙門,existing-site,data/zh-TW/craft-pages/fluff-vehicles.json
name,Illumination,,照明,existing-site,data/zh-TW/bestiary/bestiary-bam.json;data/zh-TW/bestiary/bestiary-bgg.json;data/zh-TW/bestiary/bestiary-egw.json;data/zh-TW/bestiary/bestiary-erlw.json;data/zh-TW/bestiary/bestiary-ggr.json;data/zh-TW/bestiary/bestiary-jttrc.json;data/zh-TW/bestiary/bestiary-lox.json;data/zh-TW/bestiary/bestiary-mcv3mc.json;data/zh-TW/bestiary/bestiary-mm.json;data/zh-TW/bestiary/bestiary-mpmm.json;data/zh-TW/bestiary/bestiary-mpp.json;data/zh-TW/bestiary/bestiary-mtf.json;data/zh-TW/bestiary/bestiary-pota.json;data/zh-TW/bestiary/bestiary-skt.json;data/zh-TW/bestiary/bestiary-veor.json;data/zh-TW/bestiary/bestiary-vgm.json;data/zh-TW/bestiary/bestiary-xmm.json;data/zh-TW/items/items-000.json;data/zh-TW/rules/variantrules.json
name,Illusions,,幻象,existing-site,data/zh-TW/rules/variantrules.json
name,Intimidation,,威嚇,existing-site,data/zh-TW/items/items-001.json;data/zh-TW/rules/skills.json;data/zh-TW/rules/variantrules.json
name,Key,,鑰匙,existing-site,data/zh-TW/items/items-001.json
name,Lava,,熔岩,existing-site,data/zh-TW/bestiary/legendarygroups.json
name,Lighting,,光照,existing-site,data/zh-TW/bestiary/legendarygroups.json
name,Meera Raheer,,米拉·拉希爾,existing-site,data/zh-TW/bestiary/bestiary-kftgv.json;data/zh-TW/bestiary/fluff-bestiary-kftgv.json
name,Minotaur Skeleton,,骷髏牛頭人,existing-site,data/zh-TW/bestiary/bestiary-mm.json;data/zh-TW/bestiary/bestiary-xmm.json;data/zh-TW/bestiary/fluff-bestiary-mm.json;data/zh-TW/bestiary/fluff-bestiary-xmm.json
name,Modrons,,魔冢,existing-site,data/zh-TW/bestiary/fluff-bestiary-mm.json;data/zh-TW/bestiary/fluff-bestiary-mpp.json;data/zh-TW/bestiary/fluff-bestiary-xmm.json
name,Mountain,,山地,existing-site,data/zh-TW/character-options/races.json;data/zh-TW/class/class-druid.json
name,Orb,,法球,existing-site,data/zh-TW/items/items-base.json
name,Otto,,奧圖,existing-site,data/zh-TW/bestiary/bestiary-wdmm.json
name,Pinion,,骨翼,existing-site,data/zh-TW/bestiary/bestiary-ftd.json
name,Planar Effects,,位面效應,existing-site,data/zh-TW/rules/variantrules.json
name,Preparation,,預備,existing-site,data/zh-TW/bestiary/bestiary-toa.json
name,Prisoner 13,,十三號囚犯,existing-site,data/zh-TW/bestiary/bestiary-kftgv.json;data/zh-TW/bestiary/fluff-bestiary-kftgv.json
name,Prisoner 13's Tattoos,,十三號囚犯的紋身,existing-site,data/zh-TW/bestiary/fluff-bestiary-kftgv.json
name,Rack,,架子,existing-site,data/zh-TW/bestiary/bestiary-veor.json
name,Rewards,,獎勵,existing-site,data/zh-TW/craft-pages/fluff-recipes.json;data/zh-TW/craft-pages/recipes.json
name,Rilago,,里拉戈,existing-site,data/zh-TW/bestiary/bestiary-kftgv.json;data/zh-TW/bestiary/fluff-bestiary-kftgv.json
name,See Invisibility,,識破隱形,existing-site,data/zh-TW/class/class-wizard.json;data/zh-TW/spells/spells-phb.json;data/zh-TW/spells/spells-xphb.json
name,Shield Guardian,,構裝盾衛,existing-site,data/zh-TW/bestiary/bestiary-mm.json;data/zh-TW/bestiary/bestiary-xmm.json;data/zh-TW/bestiary/fluff-bestiary-mm.json;data/zh-TW/bestiary/fluff-bestiary-xmm.json
name,Spellcasting,,施法,existing-site,data/zh-TW/bestiary/bestiary-aatm.json;data/zh-TW/bestiary/bestiary-abh.json;data/zh-TW/bestiary/bestiary-ai.json;data/zh-TW/bestiary/bestiary-aitfr-fcd.json;data/zh-TW/bestiary/bestiary-aitfr-isf.json;data/zh-TW/bestiary/bestiary-aitfr-thp.json;data/zh-TW/bestiary/bestiary-bam.json;data/zh-TW/bestiary/bestiary-bgdia.json;data/zh-TW/bestiary/bestiary-bgg.json;data/zh-TW/bestiary/bestiary-bmt.json;data/zh-TW/bestiary/bestiary-cm.json;data/zh-TW/bestiary/bestiary-coa.json;data/zh-TW/bestiary/bestiary-cos.json;data/zh-TW/bestiary/bestiary-crcotn.json;data/zh-TW/bestiary/bestiary-dip.json;data/zh-TW/bestiary/bestiary-dod.json;data/zh-TW/bestiary/bestiary-dsotdq.json;data/zh-TW/bestiary/bestiary-efa.json;data/zh-TW/bestiary/bestiary-egw.json;data/zh-TW/bestiary/bestiary-erlw.json;data/zh-TW/bestiary/bestiary-fraif.json;data/zh-TW/bestiary/bestiary-ftd.json;data/zh-TW/bestiary/bestiary-ggr.json;data/zh-TW/bestiary/bestiary-gos.json;data/zh-TW/bestiary/bestiary-hat-tg.json;data/zh-TW/bestiary/bestiary-hftt.json;data/zh-TW/bestiary/bestiary-hol.json;data/zh-TW/bestiary/bestiary-hotdq.json;data/zh-TW/bestiary/bestiary-idrotf.json;data/zh-TW/bestiary/bestiary-imr.json;data/zh-TW/bestiary/bestiary-jttrc.json;data/zh-TW/bestiary/bestiary-kftgv.json;data/zh-TW/bestiary/bestiary-lfl.json;data/zh-TW/bestiary/bestiary-llk.json;data/zh-TW/bestiary/bestiary-lmop.json;data/zh-TW/bestiary/bestiary-lox.json;data/zh-TW/bestiary/bestiary-lr.json;data/zh-TW/bestiary/bestiary-lrdt.json;data/zh-TW/bestiary/bestiary-mabjov.json;data/zh-TW/bestiary/bestiary-mcv1sc.json;data/zh-TW/bestiary/bestiary-mcv2dc.json;data/zh-TW/bestiary/bestiary-mcv4ec.json;data/zh-TW/bestiary/bestiary-mismv1.json;data/zh-TW/bestiary/bestiary-mm.json;data/zh-TW/bestiary/bestiary-mot.json;data/zh-TW/bestiary/bestiary-mpmm.json;data/zh-TW/bestiary/bestiary-mpp.json;data/zh-TW/bestiary/bestiary-mtf.json;data/zh-TW/bestiary/bestiary-nf.json;data/zh-TW/bestiary/bestiary-oota.json;data/zh-TW/bestiary/bestiary-pabtso.json;data/zh-TW/bestiary/bestiary-pota.json;data/zh-TW/bestiary/bestiary-ps-i.json;data/zh-TW/bestiary/bestiary-qftis.json;data/zh-TW/bestiary/bestiary-rhw.json;data/zh-TW/bestiary/bestiary-rot.json;data/zh-TW/bestiary/bestiary-rtg.json;data/zh-TW/bestiary/bestiary-scc.json;data/zh-TW/bestiary/bestiary-sdw.json;data/zh-TW/bestiary/bestiary-skt.json;data/zh-TW/bestiary/bestiary-tftyp.json;data/zh-TW/bestiary/bestiary-toa.json;data/zh-TW/bestiary/bestiary-vd.json;data/zh-TW/bestiary/bestiary-veor.json;data/zh-TW/bestiary/bestiary-vgm.json;data/zh-TW/bestiary/bestiary-wbtw.json;data/zh-TW/bestiary/bestiary-wdh.json;data/zh-TW/bestiary/bestiary-wdmm.json;data/zh-TW/bestiary/bestiary-xmm.json;data/zh-TW/bestiary/fluff-bestiary-idrotf.json;data/zh-TW/class/class-artificer.json;data/zh-TW/class/class-bard.json;data/zh-TW/class/class-cleric.json;data/zh-TW/class/class-druid.json;data/zh-TW/class/class-fighter.json;data/zh-TW/class/class-paladin.json;data/zh-TW/class/class-ranger.json;data/zh-TW/class/class-rogue.json;data/zh-TW/class/class-sidekick.json;data/zh-TW/class/class-sorcerer.json;data/zh-TW/class/class-wizard.json;data/zh-TW/items/item-groups.json;data/zh-TW/items/items-002.json;data/zh-TW/items/items-003.json;data/zh-TW/items/items-004.json;data/zh-TW/items/items-005.json;data/zh-TW/items/items-006.json;data/zh-TW/items/magicvariants.json;data/zh-TW/rules/generated/gendata-variantrules.json;data/zh-TW/rules/variantrules.json
name,Spellcasting (Humanoid or Hybrid Form Only),,施法（僅類人與半人形態）,existing-site,data/zh-TW/bestiary/bestiary-kftgv.json
name,Spyglass,,望遠鏡,existing-site,data/zh-TW/items/items-006.json
name,Stairs,,樓梯,existing-site,data/zh-TW/spells/spells-phb.json;data/zh-TW/spells/spells-xphb.json
name,Sythian Skalderang,,西提安·斯考德蘭,existing-site,data/zh-TW/bestiary/bestiary-kftgv.json;data/zh-TW/bestiary/fluff-bestiary-kftgv.json
name,The Stranger,,陌生人,existing-site,data/zh-TW/bestiary/bestiary-kftgv.json;data/zh-TW/bestiary/fluff-bestiary-kftgv.json
name,The Void,,虛空,existing-site,data/zh-TW/items/items-001.json
name,Tixie Tockworth,,蒂克西·托克沃斯,existing-site,data/zh-TW/bestiary/bestiary-kftgv.json;data/zh-TW/bestiary/fluff-bestiary-kftgv.json
name,Trap,,陷阱,existing-site,data/zh-TW/bestiary/legendarygroups.json
name,Treasure,,寶藏,existing-site,data/zh-TW/bestiary/fluff-bestiary-wdh.json;data/zh-TW/items/items-base.json
name,Zorhanna Adulare,,佐哈娜·阿杜拉雷,existing-site,data/zh-TW/bestiary/bestiary-kftgv.json;data/zh-TW/bestiary/fluff-bestiary-kftgv.json
name,Zorhanna's Simulacrum,,佐哈娜的擬像,existing-site,data/zh-TW/bestiary/bestiary-kftgv.json;data/zh-TW/bestiary/fluff-bestiary-kftgv.json
name,azer,,火矮人,existing-site,data/zh-TW/bestiary/bestiary-mm.json;data/zh-TW/bestiary/fluff-bestiary-mm.json
name,modrons,,魔冢,existing-site,data/zh-TW/bestiary/fluff-bestiary-mm.json;data/zh-TW/bestiary/fluff-bestiary-mpp.json;data/zh-TW/bestiary/fluff-bestiary-xmm.json
recipe,Spicy shredded stirge sliders,HFDoMM,香辣蚊蝠堡,existing-site,data/zh-TW/craft-pages/fluff-recipes.json;data/zh-TW/craft-pages/recipes.json
reward,blessing of health,,健康祝福,existing-site,data/zh-TW/reference-pages/rewards.json
reward,blessing of protection,,護佑祝福,existing-site,data/zh-TW/reference-pages/rewards.json
reward,blessing of understanding,,理解祝福,existing-site,data/zh-TW/reference-pages/rewards.json
sense,blindsight,,盲視,existing-site,data/zh-TW/character-options/feats.json;data/zh-TW/character-options/races.json;data/zh-TW/class/class-monk.json;data/zh-TW/reference-pages/rewards.json;data/zh-TW/rules/senses.json;data/zh-TW/spells/spells-ftd.json
sense,blindsight,PHB,盲視,existing-site,data/zh-TW/character-options/feats.json;data/zh-TW/character-options/races.json;data/zh-TW/class/class-monk.json;data/zh-TW/reference-pages/rewards.json;data/zh-TW/rules/senses.json;data/zh-TW/spells/spells-ftd.json
sense,darkvision,,黑暗視覺,existing-site,data/zh-TW/bestiary/bestiary-mpmm.json;data/zh-TW/character-options/races.json;data/zh-TW/class/class-monk.json;data/zh-TW/class/class-wizard.json;data/zh-TW/items/items-000.json;data/zh-TW/items/items-006.json;data/zh-TW/reference-pages/rewards.json;data/zh-TW/rules/senses.json;data/zh-TW/spells/spells-phb.json;data/zh-TW/spells/spells-xphb.json
sense,darkvision,PHB,黑暗視覺,existing-site,data/zh-TW/bestiary/bestiary-mpmm.json;data/zh-TW/character-options/races.json;data/zh-TW/class/class-monk.json;data/zh-TW/class/class-wizard.json;data/zh-TW/items/items-000.json;data/zh-TW/items/items-006.json;data/zh-TW/reference-pages/rewards.json;data/zh-TW/rules/senses.json;data/zh-TW/spells/spells-phb.json;data/zh-TW/spells/spells-xphb.json
sense,truesight,,真實視覺,existing-site,data/zh-TW/character-options/feats.json;data/zh-TW/items/item-groups.json;data/zh-TW/items/items-002.json;data/zh-TW/items/items-007.json;data/zh-TW/psionics/psionics.json;data/zh-TW/rules/senses.json
sense,truesight,PHB,真實視覺,existing-site,data/zh-TW/character-options/feats.json;data/zh-TW/items/item-groups.json;data/zh-TW/items/items-002.json;data/zh-TW/items/items-007.json;data/zh-TW/psionics/psionics.json;data/zh-TW/rules/senses.json
skill,Acrobatics,,體操,existing-site,data/zh-TW/rules/skills.json
skill,Acrobatics,PHB,體操,existing-site,data/zh-TW/rules/skills.json
skill,Animal Handling,,馴獸,existing-site,data/zh-TW/rules/skills.json
skill,Animal Handling,PHB,馴獸,existing-site,data/zh-TW/rules/skills.json
skill,Arcana,,奧秘,existing-site,data/zh-TW/items/items-002.json;data/zh-TW/items/items-003.json;data/zh-TW/items/items-base.json;data/zh-TW/rules/skills.json;data/zh-TW/rules/variantrules.json
skill,Arcana,PHB,奧秘,existing-site,data/zh-TW/items/items-002.json;data/zh-TW/items/items-003.json;data/zh-TW/items/items-base.json;data/zh-TW/rules/skills.json;data/zh-TW/rules/variantrules.json
skill,Athletics,,運動,existing-site,data/zh-TW/rules/skills.json
skill,Athletics,PHB,運動,existing-site,data/zh-TW/rules/skills.json
skill,Deception,,欺瞞,existing-site,data/zh-TW/items/items-001.json;data/zh-TW/items/items-002.json;data/zh-TW/rules/skills.json;data/zh-TW/rules/variantrules.json
skill,Deception,PHB,欺瞞,existing-site,data/zh-TW/items/items-001.json;data/zh-TW/items/items-002.json;data/zh-TW/rules/skills.json;data/zh-TW/rules/variantrules.json
skill,History,,歷史,existing-site,data/zh-TW/bestiary/fluff-bestiary-fraif.json;data/zh-TW/bestiary/fluff-bestiary-veor.json;data/zh-TW/items/items-002.json;data/zh-TW/items/items-005.json;data/zh-TW/items/items-007.json;data/zh-TW/items/items-base.json;data/zh-TW/rules/skills.json;data/zh-TW/rules/variantrules.json
skill,History,PHB,歷史,existing-site,data/zh-TW/bestiary/fluff-bestiary-fraif.json;data/zh-TW/bestiary/fluff-bestiary-veor.json;data/zh-TW/items/items-002.json;data/zh-TW/items/items-005.json;data/zh-TW/items/items-007.json;data/zh-TW/items/items-base.json;data/zh-TW/rules/skills.json;data/zh-TW/rules/variantrules.json
skill,Insight,,洞悉,existing-site,data/zh-TW/items/items-base.json;data/zh-TW/rules/skills.json;data/zh-TW/rules/variantrules.json
skill,Insight,PHB,洞悉,existing-site,data/zh-TW/items/items-base.json;data/zh-TW/rules/skills.json;data/zh-TW/rules/variantrules.json
skill,Intimidation,,威嚇,existing-site,data/zh-TW/items/items-001.json;data/zh-TW/rules/skills.json;data/zh-TW/rules/variantrules.json
skill,Intimidation,PHB,威嚇,existing-site,data/zh-TW/items/items-001.json;data/zh-TW/rules/skills.json;data/zh-TW/rules/variantrules.json
skill,Investigation,,調查,existing-site,data/zh-TW/items/items-002.json;data/zh-TW/items/items-003.json;data/zh-TW/items/items-base.json;data/zh-TW/rules/skills.json;data/zh-TW/rules/variantrules.json
skill,Investigation,PHB,調查,existing-site,data/zh-TW/items/items-002.json;data/zh-TW/items/items-003.json;data/zh-TW/items/items-base.json;data/zh-TW/rules/skills.json;data/zh-TW/rules/variantrules.json
skill,Medicine,,醫療,existing-site,data/zh-TW/items/items-003.json;data/zh-TW/items/items-005.json;data/zh-TW/items/items-base.json;data/zh-TW/rules/skills.json;data/zh-TW/rules/variantrules.json
skill,Medicine,PHB,醫療,existing-site,data/zh-TW/items/items-003.json;data/zh-TW/items/items-005.json;data/zh-TW/items/items-base.json;data/zh-TW/rules/skills.json;data/zh-TW/rules/variantrules.json
skill,Nature,,自然,existing-site,data/zh-TW/class/fluff-class-bard.json;data/zh-TW/items/items-base.json;data/zh-TW/rules/skills.json;data/zh-TW/rules/variantrules.json
skill,Nature,PHB,自然,existing-site,data/zh-TW/class/fluff-class-bard.json;data/zh-TW/items/items-base.json;data/zh-TW/rules/skills.json;data/zh-TW/rules/variantrules.json
skill,Perception,,感知,existing-site,data/zh-TW/items/items-base.json;data/zh-TW/rules/skills.json;data/zh-TW/rules/variantrules.json
skill,Perception,PHB,感知,existing-site,data/zh-TW/items/items-base.json;data/zh-TW/rules/skills.json;data/zh-TW/rules/variantrules.json
skill,Performance,,表演,existing-site,data/zh-TW/items/items-001.json;data/zh-TW/items/items-base.json;data/zh-TW/rules/skills.json;data/zh-TW/rules/variantrules.json
skill,Performance,PHB,表演,existing-site,data/zh-TW/items/items-001.json;data/zh-TW/items/items-base.json;data/zh-TW/rules/skills.json;data/zh-TW/rules/variantrules.json
skill,Persuasion,,說服,existing-site,data/zh-TW/items/items-001.json;data/zh-TW/items/items-base.json;data/zh-TW/rules/skills.json;data/zh-TW/rules/variantrules.json
skill,Persuasion,PHB,說服,existing-site,data/zh-TW/items/items-001.json;data/zh-TW/items/items-base.json;data/zh-TW/rules/skills.json;data/zh-TW/rules/variantrules.json
skill,Religion,,宗教,existing-site,data/zh-TW/rules/skills.json
skill,Religion,PHB,宗教,existing-site,data/zh-TW/rules/skills.json
skill,Sleight of Hand,,巧手,existing-site,data/zh-TW/class/class-rogue.json;data/zh-TW/items/items-base.json;data/zh-TW/rules/skills.json;data/zh-TW/rules/variantrules.json
skill,Sleight of Hand,PHB,巧手,existing-site,data/zh-TW/class/class-rogue.json;data/zh-TW/items/items-base.json;data/zh-TW/rules/skills.json;data/zh-TW/rules/variantrules.json
skill,Stealth,,隱匿,existing-site,data/zh-TW/items/items-base.json;data/zh-TW/rules/skills.json;data/zh-TW/rules/variantrules.json
skill,Stealth,PHB,隱匿,existing-site,data/zh-TW/items/items-base.json;data/zh-TW/rules/skills.json;data/zh-TW/rules/variantrules.json
skill,Survival,,求生,existing-site,data/zh-TW/items/items-004.json;data/zh-TW/items/items-base.json;data/zh-TW/rules/skills.json;data/zh-TW/rules/variantrules.json
skill,Survival,PHB,求生,existing-site,data/zh-TW/items/items-004.json;data/zh-TW/items/items-base.json;data/zh-TW/rules/skills.json;data/zh-TW/rules/variantrules.json
skill,performance,,表演,existing-site,data/zh-TW/items/items-001.json;data/zh-TW/items/items-base.json;data/zh-TW/rules/skills.json;data/zh-TW/rules/variantrules.json
spell,Arcane lock,PHB,秘法鎖,existing-site,data/zh-TW/spells/spells-phb.json;data/zh-TW/spells/spells-xphb.json
spell,Tasha's hideous laughter,PHB,塔莎狂笑術,existing-site,data/zh-TW/spells/spells-phb.json;data/zh-TW/spells/spells-xphb.json
spell,alarm,PHB,警報術,existing-site,data/zh-TW/items/magicvariants.json;data/zh-TW/spells/spells-phb.json;data/zh-TW/spells/spells-xphb.json
spell,alter self,PHB,變身術,existing-site,data/zh-TW/spells/spells-phb.json;data/zh-TW/spells/spells-xphb.json
spell,arcane lock,PHB,秘法鎖,existing-site,data/zh-TW/spells/spells-phb.json;data/zh-TW/spells/spells-xphb.json
spell,armor of Agathys,PHB,黯冰獄鎧,existing-site,data/zh-TW/spells/fluff-spells-xphb.json;data/zh-TW/spells/spells-phb.json;data/zh-TW/spells/spells-xphb.json
spell,arms of Hadar,PHB,哈達之臂,existing-site,data/zh-TW/spells/fluff-spells-xphb.json;data/zh-TW/spells/spells-phb.json;data/zh-TW/spells/spells-xphb.json
spell,augury,PHB,卜筮術,existing-site,data/zh-TW/items/items-003.json;data/zh-TW/spells/spells-phb.json;data/zh-TW/spells/spells-xphb.json
spell,bane,PHB,災禍術,existing-site,data/zh-TW/items/items-006.json;data/zh-TW/spells/spells-phb.json;data/zh-TW/spells/spells-xphb.json
spell,banishment,PHB,放逐術,existing-site,data/zh-TW/spells/spells-phb.json;data/zh-TW/spells/spells-xphb.json
spell,bless,PHB,祝福術,existing-site,data/zh-TW/spells/spells-phb.json;data/zh-TW/spells/spells-xphb.json
spell,blindness/deafness,PHB,目盲術/耳聾術,existing-site,data/zh-TW/spells/spells-phb.json;data/zh-TW/spells/spells-xphb.json
spell,blur,PHB,朦朧術,existing-site,data/zh-TW/spells/spells-phb.json;data/zh-TW/spells/spells-xphb.json
spell,burning hands,PHB,燃燒之手,existing-site,data/zh-TW/spells/fluff-spells-phb.json;data/zh-TW/spells/spells-phb.json;data/zh-TW/spells/spells-xphb.json
spell,charm person,PHB,魅惑類人,existing-site,data/zh-TW/spells/spells-phb.json;data/zh-TW/spells/spells-xphb.json
spell,circle of death,PHB,死亡法陣,existing-site,data/zh-TW/spells/spells-phb.json;data/zh-TW/spells/spells-xphb.json
spell,clairvoyance,PHB,鷹眼術,existing-site,data/zh-TW/spells/spells-phb.json;data/zh-TW/spells/spells-xphb.json
spell,comprehend languages,PHB,通曉語言,existing-site,data/zh-TW/character-options/feats.json;data/zh-TW/spells/spells-phb.json;data/zh-TW/spells/spells-xphb.json
spell,cone of cold,PHB,寒冰錐,existing-site,data/zh-TW/spells/fluff-spells-xphb.json;data/zh-TW/spells/spells-phb.json;data/zh-TW/spells/spells-xphb.json
spell,contact other plane,PHB,異界探知,existing-site,data/zh-TW/spells/spells-phb.json;data/zh-TW/spells/spells-xphb.json
spell,continual flame,PHB,不滅明焰,existing-site,data/zh-TW/spells/spells-phb.json;data/zh-TW/spells/spells-xphb.json
spell,counterspell,PHB,法術反制,existing-site,data/zh-TW/bestiary/bestiary-coa.json;data/zh-TW/bestiary/bestiary-egw.json;data/zh-TW/bestiary/bestiary-fraif.json;data/zh-TW/bestiary/bestiary-xmm.json;data/zh-TW/spells/spells-phb.json;data/zh-TW/spells/spells-xphb.json
spell,crown of madness,PHB,瘋狂冠冕,existing-site,data/zh-TW/spells/spells-phb.json;data/zh-TW/spells/spells-xphb.json
spell,cure wounds,PHB,療傷術,existing-site,data/zh-TW/items/items-003.json;data/zh-TW/spells/spells-phb.json;data/zh-TW/spells/spells-xphb.json
spell,dancing lights,PHB,舞光術,existing-site,data/zh-TW/bestiary/bestiary-mpmm.json;data/zh-TW/spells/spells-phb.json;data/zh-TW/spells/spells-xphb.json
spell,demiplane,PHB,半位面,existing-site,data/zh-TW/bastions/bastions.json;data/zh-TW/items/items-001.json;data/zh-TW/spells/spells-phb.json;data/zh-TW/spells/spells-xphb.json
spell,detect magic,PHB,偵測魔法,existing-site,data/zh-TW/spells/spells-phb.json;data/zh-TW/spells/spells-xphb.json
spell,detect thoughts,PHB,偵測思想,existing-site,data/zh-TW/character-options/feats.json;data/zh-TW/spells/spells-phb.json;data/zh-TW/spells/spells-xphb.json
spell,dimension door,PHB,任意門,existing-site,data/zh-TW/spells/fluff-spells-phb.json;data/zh-TW/spells/spells-phb.json;data/zh-TW/spells/spells-xphb.json
spell,disguise self,PHB,易容術,existing-site,data/zh-TW/items/items-004.json;data/zh-TW/spells/spells-phb.json;data/zh-TW/spells/spells-xphb.json
spell,disintegrate,PHB,解離術,existing-site,data/zh-TW/spells/spells-phb.json;data/zh-TW/spells/spells-xphb.json
spell,dispel evil and good,PHB,驅逐善惡,existing-site,data/zh-TW/spells/fluff-spells-xphb.json;data/zh-TW/spells/spells-phb.json;data/zh-TW/spells/spells-xphb.json
spell,dispel magic,PHB,解除魔法,existing-site,data/zh-TW/items/items-000.json;data/zh-TW/spells/spells-phb.json;data/zh-TW/spells/spells-xphb.json
spell,divination,PHB,預言,existing-site,data/zh-TW/craft-pages/homecrafts.json;data/zh-TW/rules/variantrules.json;data/zh-TW/spells/spells-phb.json;data/zh-TW/spells/spells-xphb.json
spell,false life,PHB,虛假生命,existing-site,data/zh-TW/spells/spells-phb.json;data/zh-TW/spells/spells-xphb.json
spell,fire shield,PHB,火焰護盾,existing-site,data/zh-TW/spells/spells-phb.json;data/zh-TW/spells/spells-xphb.json
spell,fireball,PHB,火球術,existing-site,data/zh-TW/bestiary/bestiary-bgdia.json;data/zh-TW/bestiary/bestiary-coa.json;data/zh-TW/bestiary/legendarygroups.json;data/zh-TW/spells/fluff-spells-phb.json;data/zh-TW/spells/fluff-spells-xphb.json;data/zh-TW/spells/spells-phb.json;data/zh-TW/spells/spells-xphb.json
spell,fly,PHB,飛行術,existing-site,data/zh-TW/spells/spells-phb.json;data/zh-TW/spells/spells-xphb.json
spell,fog cloud,PHB,雲霧術,existing-site,data/zh-TW/spells/spells-phb.json;data/zh-TW/spells/spells-xphb.json
spell,globe of invulnerability,PHB,法術無效結界,existing-site,data/zh-TW/items/items-007.json;data/zh-TW/spells/spells-phb.json;data/zh-TW/spells/spells-xphb.json
spell,glyph of warding,PHB,守衛刻文,existing-site,data/zh-TW/spells/spells-phb.json;data/zh-TW/spells/spells-xphb.json
spell,greater invisibility,PHB,高等隱形術,existing-site,data/zh-TW/spells/spells-phb.json;data/zh-TW/spells/spells-xphb.json
spell,gust of wind,PHB,造風術,existing-site,data/zh-TW/spells/spells-phb.json;data/zh-TW/spells/spells-xphb.json
spell,hold person,PHB,定身類人,existing-site,data/zh-TW/spells/spells-phb.json;data/zh-TW/spells/spells-xphb.json
spell,ice storm,PHB,冰風暴,existing-site,data/zh-TW/spells/spells-phb.json;data/zh-TW/spells/spells-xphb.json
spell,identify,PHB,鑑定術,existing-site,data/zh-TW/spells/spells-phb.json;data/zh-TW/spells/spells-xphb.json
spell,invisibility,PHB,隱形,existing-site,data/zh-TW/bestiary/bestiary-aitfr-thp.json;data/zh-TW/bestiary/bestiary-bam.json;data/zh-TW/bestiary/bestiary-bmt.json;data/zh-TW/bestiary/bestiary-hotb.json;data/zh-TW/bestiary/bestiary-mm.json;data/zh-TW/bestiary/bestiary-wdmm.json;data/zh-TW/bestiary/bestiary-wtthc.json;data/zh-TW/bestiary/bestiary-xmm.json;data/zh-TW/class/class-monk.json;data/zh-TW/rules/senses.json;data/zh-TW/spells/spells-phb.json;data/zh-TW/spells/spells-xphb.json
spell,knock,PHB,敲擊術,existing-site,data/zh-TW/spells/spells-phb.json;data/zh-TW/spells/spells-xphb.json
spell,legend lore,PHB,通曉傳奇,existing-site,data/zh-TW/items/items-007.json;data/zh-TW/spells/spells-phb.json;data/zh-TW/spells/spells-xphb.json
spell,lesser restoration,PHB,次等復原術,existing-site,data/zh-TW/spells/fluff-spells-xphb.json;data/zh-TW/spells/spells-phb.json;data/zh-TW/spells/spells-xphb.json
spell,light,PHB,光亮術,existing-site,data/zh-TW/psionics/psionics.json;data/zh-TW/spells/spells-phb.json;data/zh-TW/spells/spells-xphb.json
spell,lightning bolt,PHB,閃電束,existing-site,data/zh-TW/items/items-003.json;data/zh-TW/spells/spells-phb.json;data/zh-TW/spells/spells-xphb.json
spell,locate object,PHB,物件定位術,existing-site,data/zh-TW/spells/spells-phb.json;data/zh-TW/spells/spells-xphb.json
spell,mage armor,PHB,法師護甲,existing-site,data/zh-TW/spells/fluff-spells-xphb.json;data/zh-TW/spells/spells-phb.json;data/zh-TW/spells/spells-xphb.json
spell,mage hand,PHB,法師之手,existing-site,data/zh-TW/spells/spells-phb.json;data/zh-TW/spells/spells-xphb.json
spell,magic missile,PHB,魔法飛彈,existing-site,data/zh-TW/bestiary/bestiary-wdmm.json;data/zh-TW/spells/fluff-spells-phb.json;data/zh-TW/spells/fluff-spells-xphb.json;data/zh-TW/spells/spells-phb.json;data/zh-TW/spells/spells-xphb.json
spell,magic mouth,PHB,魔嘴術,existing-site,data/zh-TW/spells/spells-phb.json;data/zh-TW/spells/spells-xphb.json
spell,magic weapon,PHB,魔化武器,existing-site,data/zh-TW/items/items-000.json;data/zh-TW/items/items-002.json;data/zh-TW/items/items-006.json;data/zh-TW/items/items-007.json;data/zh-TW/items/items-008.json;data/zh-TW/spells/spells-phb.json;data/zh-TW/spells/spells-xphb.json
spell,meld into stone,PHB,融身入石,existing-site,data/zh-TW/items/items-007.json;data/zh-TW/spells/spells-phb.json;data/zh-TW/spells/spells-xphb.json
spell,mind blank,PHB,心靈屏障,existing-site,data/zh-TW/spells/spells-phb.json;data/zh-TW/spells/spells-xphb.json
spell,minor illusion,PHB,次級幻象,existing-site,data/zh-TW/spells/spells-phb.json;data/zh-TW/spells/spells-xphb.json
spell,mirror image,PHB,鏡影術,existing-site,data/zh-TW/spells/spells-phb.json;data/zh-TW/spells/spells-xphb.json
spell,misty step,PHB,迷蹤步,existing-site,data/zh-TW/bestiary/bestiary-fraif.json;data/zh-TW/bestiary/bestiary-xmm.json;data/zh-TW/reference-pages/charcreationoptions.json;data/zh-TW/spells/spells-phb.json;data/zh-TW/spells/spells-xphb.json
spell,nondetection,PHB,迴避偵測,existing-site,data/zh-TW/bestiary/bestiary-skt.json;data/zh-TW/items/items-005.json;data/zh-TW/spells/spells-phb.json;data/zh-TW/spells/spells-xphb.json
spell,passwall,PHB,穿牆術,existing-site,data/zh-TW/spells/spells-phb.json;data/zh-TW/spells/spells-xphb.json
spell,phantasmal force,PHB,魅影之力,existing-site,data/zh-TW/spells/spells-phb.json;data/zh-TW/spells/spells-xphb.json
spell,plane shift,PHB,位面轉移,existing-site,data/zh-TW/bestiary/bestiary-bmt.json;data/zh-TW/items/items-001.json;data/zh-TW/spells/spells-phb.json;data/zh-TW/spells/spells-xphb.json
spell,polymorph,PHB,變形術,existing-site,data/zh-TW/spells/spells-phb.json;data/zh-TW/spells/spells-xphb.json
spell,prestidigitation,PHB,魔法伎倆,existing-site,data/zh-TW/spells/spells-phb.json;data/zh-TW/spells/spells-xphb.json
spell,project image,PHB,投影術,existing-site,data/zh-TW/spells/spells-phb.json;data/zh-TW/spells/spells-xphb.json
spell,raise dead,PHB,死者復活,existing-site,data/zh-TW/items/items-001.json;data/zh-TW/spells/fluff-spells-xphb.json;data/zh-TW/spells/spells-phb.json;data/zh-TW/spells/spells-xphb.json
spell,remove curse,PHB,移除詛咒,existing-site,data/zh-TW/spells/spells-phb.json;data/zh-TW/spells/spells-xphb.json
spell,scorching ray,PHB,灼熱射線,existing-site,data/zh-TW/spells/spells-phb.json;data/zh-TW/spells/spells-xphb.json
spell,scrying,PHB,探知術,existing-site,data/zh-TW/spells/fluff-spells-xphb.json;data/zh-TW/spells/spells-phb.json;data/zh-TW/spells/spells-xphb.json
spell,see invisibility,PHB,識破隱形,existing-site,data/zh-TW/class/class-wizard.json;data/zh-TW/spells/spells-phb.json;data/zh-TW/spells/spells-xphb.json
spell,sending,PHB,短訊術,existing-site,data/zh-TW/spells/spells-phb.json;data/zh-TW/spells/spells-xphb.json
spell,sequester,PHB,隔離術,existing-site,data/zh-TW/spells/spells-phb.json;data/zh-TW/spells/spells-xphb.json
spell,shatter,PHB,粉碎音波,existing-site,data/zh-TW/items/items-003.json;data/zh-TW/spells/spells-phb.json;data/zh-TW/spells/spells-xphb.json
spell,shield,PHB,護盾術,existing-site,data/zh-TW/bestiary/bestiary-idrotf.json;data/zh-TW/bestiary/bestiary-mm.json;data/zh-TW/spells/spells-phb.json;data/zh-TW/spells/spells-xphb.json
spell,shocking grasp,PHB,電爪,existing-site,data/zh-TW/spells/spells-phb.json;data/zh-TW/spells/spells-xphb.json
spell,silence,PHB,沉默術,existing-site,data/zh-TW/spells/spells-phb.json;data/zh-TW/spells/spells-xphb.json
spell,silent image,PHB,無聲幻影,existing-site,data/zh-TW/spells/fluff-spells-xphb.json;data/zh-TW/spells/spells-phb.json;data/zh-TW/spells/spells-xphb.json
spell,sleep,PHB,睡眠術,existing-site,data/zh-TW/spells/spells-phb.json;data/zh-TW/spells/spells-xphb.json
spell,speak with dead,PHB,死者交談,existing-site,data/zh-TW/bastions/bastions.json;data/zh-TW/spells/spells-phb.json;data/zh-TW/spells/spells-xphb.json
spell,stinking cloud,PHB,臭雲術,existing-site,data/zh-TW/bestiary/bestiary-mtf.json;data/zh-TW/spells/spells-phb.json;data/zh-TW/spells/spells-xphb.json
spell,stone shape,PHB,塑石術,existing-site,data/zh-TW/spells/spells-phb.json;data/zh-TW/spells/spells-xphb.json
spell,stoneskin,PHB,石膚術,existing-site,data/zh-TW/spells/spells-phb.json;data/zh-TW/spells/spells-xphb.json
spell,suggestion,PHB,暗示術,existing-site,data/zh-TW/bestiary/bestiary-idrotf.json;data/zh-TW/spells/spells-phb.json;data/zh-TW/spells/spells-xphb.json
spell,teleport,PHB,傳送術,existing-site,data/zh-TW/bestiary/bestiary-coa.json;data/zh-TW/bestiary/bestiary-erlw.json;data/zh-TW/bestiary/bestiary-idrotf.json;data/zh-TW/bestiary/bestiary-mabjov.json;data/zh-TW/bestiary/bestiary-mm.json;data/zh-TW/bestiary/bestiary-mpmm.json;data/zh-TW/bestiary/bestiary-mpp.json;data/zh-TW/bestiary/bestiary-mtf.json;data/zh-TW/bestiary/bestiary-pabtso.json;data/zh-TW/bestiary/bestiary-veor.json;data/zh-TW/bestiary/bestiary-xmm.json;data/zh-TW/craft-pages/vehicles.json;data/zh-TW/spells/spells-phb.json;data/zh-TW/spells/spells-xphb.json
spell,time stop,PHB,時間停止,existing-site,data/zh-TW/spells/spells-phb.json;data/zh-TW/spells/spells-xphb.json
spell,true seeing,PHB,真知術,existing-site,data/zh-TW/spells/spells-phb.json;data/zh-TW/spells/spells-xphb.json
spell,unseen servant,PHB,隱形僕役,existing-site,data/zh-TW/spells/spells-phb.json;data/zh-TW/spells/spells-xphb.json
spell,wall of force,PHB,力場牆,existing-site,data/zh-TW/spells/spells-phb.json;data/zh-TW/spells/spells-xphb.json
