english,zh_tw,status,scope,first_book,first_page,first_context,occurrences,representative_source,variants
"""Are You Accepting New Students?""","""您接受新學生嗎？""",project-proposed,heading-only,KftGV,111,data/7/entries/8/entries/8/entries/1/name,1,"""Are You Accepting New Students?""",
"""Surrender the Mandolin or Else!""","""交出曼陀林，否則後果自負！""",project-proposed,heading-only,KftGV,111,data/7/entries/8/entries/8/entries/2/name,1,"""Surrender the Mandolin or Else!""",
"""We're Debt Collectors.""","我們是討債人。""",project-proposed,heading-only,KftGV,111,data/7/entries/8/entries/8/entries/3/name,1,"""We're Debt Collectors.""",
A Campaign of Heists,一場劫案行動,project-proposed,heading-only,KftGV,5,data/0/entries/0,2,"{@i Keys from the Golden Vault} presents thirteen Dungeons & Dragons adventures that feature heists. In each adventure, the characters receive a mission, plan the job, execute their plan, and try to escape the scene. You can run each heist as a standalone adventure or as part of a larger campaign (see ""{@area A Campaign of Heists|005|x}"" later in this introduction). Each adventure can be adapted to take place in any campaign setting you wish.",
A Cry for Help,求救的呼聲,project-proposed,heading-only,KftGV,12,data/1/entries/5/name,1,A Cry for Help,
A Favor Owed,一個欠下的人情,project-proposed,heading-only,KftGV,87,data/6/entries/4/entries/1/items/0/name,1,A Favor Owed,
A Short Leash,短鏈,project-proposed,heading-only,KftGV,196,data/13/entries/5/entries/2/name,1,A Short Leash,
A Stolen Stone,一塊被偷的石頭,project-proposed,heading-only,KftGV,24,data/1/entries/8/entries/3/entries/2/entries/1/name,1,A Stolen Stone,
A Typical Day,典型的一天,project-proposed,heading-only,KftGV,108,data/7/entries/7/entries/5/entries/1/name,2,A Typical Day,
A10: Waterfall Overlook,A10: 瀑布觀景臺,project-proposed,heading-only,KftGV,37,data/2/entries/7/entries/7/entries/13/name,1,A10: Waterfall Overlook,
A11: Nessus,A11: 內瑟斯,project-proposed,heading-only,KftGV,37,data/2/entries/7/entries/7/entries/14/name,1,A11: Nessus,
A12: Staging Area and Animal Cages,A12: 集結區與動物籠,project-proposed,heading-only,KftGV,37,data/2/entries/7/entries/7/entries/15/name,1,A12: Staging Area and Animal Cages,
A13: Employee Lounge,A13: 員工休息室,project-proposed,heading-only,KftGV,37,data/2/entries/7/entries/7/entries/16/name,1,A13: Employee Lounge,
A14: Quentin's Office,A14: 昆汀的辦公室,project-proposed,heading-only,KftGV,38,data/2/entries/7/entries/7/entries/17/name,1,A14: Quentin's Office,
A15: Clerk's Office,A15: 職員辦公室,project-proposed,heading-only,KftGV,38,data/2/entries/7/entries/7/entries/18/name,1,A15: Clerk's Office,
A16: Security Office,A16: 安全辦公室,project-proposed,heading-only,KftGV,38,data/2/entries/7/entries/7/entries/19/name,1,A16: Security Office,
A17: Holding Cells,A17: 拘留室,project-proposed,heading-only,KftGV,39,data/2/entries/7/entries/7/entries/20/name,1,A17: Holding Cells,
A18: Back Hallways,A18: 後走廊,project-proposed,heading-only,KftGV,39,data/2/entries/7/entries/7/entries/21/name,1,A18: Back Hallways,
A19: Vault,A19: 金庫,project-proposed,heading-only,KftGV,39,data/2/entries/7/entries/7/entries/22/name,1,A19: Vault,
A1: Docking Area,A1: 碼頭區,project-proposed,heading-only,KftGV,35,data/2/entries/7/entries/7/entries/3/name,1,A1: Docking Area,
A2: Avernus,A2: 阿弗納斯,project-proposed,heading-only,KftGV,35,data/2/entries/7/entries/7/entries/4/name,1,A2: Avernus,
A3: Dis,A3: 迪斯,project-proposed,heading-only,KftGV,35,data/2/entries/7/entries/7/entries/5/name,1,A3: Dis,
A4: Minauros,A4: 米瑙洛斯,project-proposed,heading-only,KftGV,35,data/2/entries/7/entries/7/entries/6/name,1,A4: Minauros,
A5: Bar Malbolge,A5: 巴爾博格酒吧,project-proposed,heading-only,KftGV,35,data/2/entries/7/entries/7/entries/7/name,1,A5: Bar Malbolge,
A6: Phlegethosian Spa & Stygian Baths,A6: 弗萊格索斯溫泉&斯提吉安浴場,project-proposed,heading-only,KftGV,35,data/2/entries/7/entries/7/entries/8/name,1,A6: Phlegethosian Spa & Stygian Baths,
A7: Laundry,A7: 洗衣房,project-proposed,heading-only,KftGV,35,data/2/entries/7/entries/7/entries/9/name,1,A7: Laundry,
A8: Cirque Maladomini,A8: 馬拉多米尼馬戲團,project-proposed,heading-only,KftGV,35,data/2/entries/7/entries/7/entries/10/name,1,A8: Cirque Maladomini,
A9: Cania,A9: 卡尼亞,project-proposed,heading-only,KftGV,36,data/2/entries/7/entries/7/entries/11/name,1,A9: Cania,
Abbey Interior,修道院內部,project-proposed,heading-only,KftGV,78,data/5/entries/10/entries/3/entries/1/entries/3/name,1,Abbey Interior,
Abbot Kavoda,院長卡沃達,project-proposed,heading-only,KftGV,78,data/5/entries/10/entries/3/entries/1/entries/4/name,1,Abbot Kavoda,
Abernathy Vernus,阿伯納西·維爾納斯,project-proposed,canonical-name,KftGV,169,data/11/entries/8/entries/7/entries/3/entries/1,3,"{@b Abernathy Vernus} (lawful evil {@creature cambion}) is a friendly, ingratiating fellow who claims to have won a free tour aboard the Concordant Express. He insists that others call him Vern. No other passengers occupy his cabin (the one marked ""a"" on {@area map 11.2|422|x}), which Vern shares with a {@creature monodrone} valet that answers to the name Higglesworth.",
About Joster Mareet,關於喬斯特·馬裡特,project-proposed,heading-only,KftGV,107,data/7/entries/7/entries/4/name,1,About Joster Mareet,
About Sythian Skalderang,關於西提安·斯考德蘭,project-proposed,heading-only,KftGV,107,data/7/entries/7/entries/3/name,1,About Sythian Skalderang,
About the Conservatory,關於音樂學院,project-proposed,heading-only,KftGV,107,data/7/entries/7/entries/2/name,1,About the Conservatory,
About the Shard Solitaire,關於鑽石孤鑽,project-proposed,heading-only,KftGV,190,data/12/entries/9/entries/5/entries/21/entries/7/items/0/name,1,About the Shard Solitaire,
About the Students,關於學生們,project-proposed,heading-only,KftGV,108,data/7/entries/7/entries/5/name,1,About the Students,
Absolution Council Meetings,赦免委員會會議,project-proposed,heading-only,KftGV,66,data/4/entries/8/entries/9/entries/21/entries/2/name,1,Absolution Council Meetings,
Acheron,修羅場,project-proposed,canonical-name,KftGV,165,data/11/entries/7/entries/7/entries/3/rows/0/1,1,"Acheron. The train flies over a vast battlefield where legions of devils clash with hordes of demons. Whenever one creature aboard the train deals damage to another creature aboard the train, both take 4 ({@dice 1d8}) psychic damage.",
Acquiring the Key,獲取鑰匙,project-proposed,heading-only,KftGV,67,data/4/entries/8/entries/10/entries/6/entries/1/items/3/entry,2,"Purple and blue knotwork and runes run down her right arm, across the back of her right hand, and down the length of each finger. The runes on her fingers, known as the keystone tattoo, form the key to the vault in Gauntlgrym. The characters must acquire this key to complete their mission (see ""{@area Acquiring the Key|18b|x}"" below).",
Across Volcanic Terrain,穿越火山地形,project-proposed,heading-only,KftGV,198,data/13/entries/7/entries/5/entries/1/items/0/name,1,Across Volcanic Terrain,
Additional Considerations,其他考慮因素,project-proposed,heading-only,KftGV,198,data/13/entries/7/entries/6/name,1,Additional Considerations,
Adrisa,阿德莉莎,project-proposed,canonical-name,KftGV,87,data/6/entries/1,23,"A group of scholars and sages known as the Cognoscenti Esoterica recently purchased a painting of Constantori, a famous courtier rumored to once have been the most beautiful man alive. The portrait supposedly has occult properties, but before the sages could study it, the painting was stolen by the Agile Hand, a thieves' guild. In this adventure, the characters must retrieve the portrait of Constantori from the Agile Hand's guildhouse and return it to Adrisa Carimorte, a member of the Cognoscenti Esoterica.",
Adrisa Carimorte,阿德莉莎·卡里莫特,project-proposed,canonical-name,KftGV,87,data/6/entries/1,7,"A group of scholars and sages known as the Cognoscenti Esoterica recently purchased a painting of Constantori, a famous courtier rumored to once have been the most beautiful man alive. The portrait supposedly has occult properties, but before the sages could study it, the painting was stolen by the Agile Hand, a thieves' guild. In this adventure, the characters must retrieve the portrait of Constantori from the Agile Hand's guildhouse and return it to Adrisa Carimorte, a member of the Cognoscenti Esoterica.",
Adulare,阿杜拉雷,project-proposed,canonical-name,KftGV,177,data/12/entries/1,19,"Every year during the winter solstice, {@creature Zorhanna Adulare|KftGV} holds a grand gala in Paliset Hall, her palatial retreat in the Feywild. The characters are hired to infiltrate the gala and steal Zorhanna's {@item Shard Solitaire (Diamond)|KftGV|shard solitaire}, a magical diamond with peculiar properties. As the evening unfolds, they learn that nothing is quite what it seems.",阿杜拉德
Adulares,阿杜拉雷家族,project-proposed,canonical-name,KftGV,179,data/12/entries/6/entries/0,7,"As they travel to Loch Wynnis in the company of Fifel, the characters can ask the satyr for information about the {@item Shard Solitaire (Diamond)|KftGV|shard solitaire}, the Adulares, the winter solstice gala, and Paliset Hall.",阿杜拉家族
Adventure Background,冒險背景,project-proposed,heading-only,KftGV,11,data/1/entries/3/name,15,Adventure Background,
Adventure Hooks,冒險引子,project-proposed,heading-only,KftGV,24,data/1/entries/8/entries/3/entries/1/entries/0,9,"If the characters bring the Murkmire Stone to Dr. Dannell before it hatches, use the following adventure hooks to continue their story.",
Affair on the Concordant Express,協和快車上的事件,project-proposed,heading-only,KftGV,5,data/0/entries/3/entries/5/entries/3/rows/10/0,3,{@adventure Affair on the Concordant Express|KftGV|11},
Afterlife Casino Locations,來世賭場地點,project-proposed,heading-only,KftGV,35,data/2/entries/7/entries/7/name,1,Afterlife Casino Locations,
Agile Hand Guildhouse,敏捷之手公會館,project-proposed,heading-only,KftGV,91,data/6/entries/8/name,1,Agile Hand Guildhouse,
Ain't Foolin' No One,不是在愚弄任何人,project-proposed,heading-only,KftGV,38,data/2/entries/7/entries/7/entries/17/entries/5/name,1,Ain't Foolin' No One,
Akharin Sangar,阿卡林桑加爾,project-proposed,canonical-name,KftGV,161,data/11/entries/3/entries/3,4,"Fiendish foes set their sights on {@creature the Stranger|KftGV}, forcing {@creature the Stranger|KftGV} to flee to the Material Plane and take refuge in the city-state of Akharin Sangar, which is ruled by a powerful angelic being. ({@adventure Akharin Sangar|JttRC|11|Akharin Sangar Gazetteer} is detailed further in {@adventure Journeys through the Radiant Citadel|JttRC}). But {@creature the Stranger|KftGV} underestimated the vigilance of Akharin Sangar's celestial host and was caught impersonating an angel. When {@creature the Stranger|KftGV} refused to divulge any information about themself, a deva enforcer named Omid was tasked with delivering {@creature the Stranger|KftGV} to Mechanus to stand trial. The prisoner was clamped in {@item dimensional shackles} and taken aboard the Concordant Express for safe transport.",
Alarm,警報術,existing-site,heading-only,KftGV,7,data/0/entries/5/entries/3/entries/1,42,"You can add a rival crew to an adventure at any time. When you do, make it clear to the characters that they have competition. The characters might see evidence of their rivals, such as an alarm that has already been disabled or an {@condition incapacitated} guard. At some point, the characters might even catch their rivals trying to steal the adventure's MacGuffin from right under their noses!",
Alarms,警報,project-proposed,heading-only,KftGV,13,data/1/entries/5/entries/5/entries/7/entries/1/entries/0,21,"Dr. Dannell gives the characters her sketch of the museum (see map 1.1) before they leave for the gala. Although she's a brilliant academic, Dr. Dannell is neither an architect nor a burglar. Her map is based on the public map of the museum's exhibits, so it is incomplete and lacks information about the museum's security measures. For instance, Dr. Dannell knows the museum is outfitted with alarms after it closes to the public, but she doesn't know where those alarms are located or how to bypass them.",
Alda,阿爾達,project-proposed,canonical-name,KftGV,9,data/0/entries/5/entries/3/entries/13/entries/3/rows/0/1,21,"Museum curator Alda Arkin hires the rivals to steal the Murkmire Stone, a curiosity she knows would fetch a high price on the black market.",艾爾達
Alda Arkin,阿爾達·阿金,project-proposed,canonical-name,KftGV,9,data/0/entries/5/entries/3/entries/13/entries/3/rows/0/1,11,"Museum curator Alda Arkin hires the rivals to steal the Murkmire Stone, a curiosity she knows would fetch a high price on the black market.",
Alda's Clutch,阿爾達的緊握,project-proposed,heading-only,KftGV,18,data/1/entries/6/entries/5/entries/7/entries/2/name,2,Alda's Clutch,
Allosaurus,異特龍,existing-site,heading-only,KftGV,22,data/1/entries/7/entries/2/entries/13/entries/0/entries/0,5,"The intact skeletons of several large prehistoric monsters are on display here, including the museum's most famous display: the beautifully preserved body of an allosaurus, its leathery skin appearing supple to the touch. An informational placard next to the dinosaur explains it died in the Murkmire millennia ago and was naturally preserved. Display cases along the room's walls hold fossils of other ancient local predators.",
Altar Deities,祭壇神祇,project-proposed,heading-only,KftGV,144,data/9/entries/10/entries/3/entries/14/entries/2/name,1,Altar Deities,
Alyrria,艾莉莉雅,project-proposed,canonical-name,KftGV,112,data/7/entries/8/entries/9/entries/2/entries/4/entries/0,1,"The painting above the mantelpiece depicts {@creature Sythian Skalderang|KftGV}'s parents, Vexxis and Alyrria. The smaller portraits in the room were painted by Joster and depict Sythian's students, past and present.",
Aminta,阿明塔,project-proposed,canonical-name,KftGV,135,data/9/entries/8/entries/0,38,"Two decades ago, an elf archivist named {@creature Rilago|KftGV} found crumbling journals and architectural plans in his family's ancestral library that mentioned a tomb beneath Oztocan. The town's mayor refused to allow {@creature Rilago|KftGV} to mount an excavation, but the mayor's daughter, Aminta, overheard their conversation and became obsessed with finding the tomb.",
Aminta Solana,阿明塔·索拉納,project-proposed,canonical-name,KftGV,137,data/9/entries/9/entries/4/entries/0,2,"Tavio and Aminta Solana are the children of the town's previous mayor, the late Nadario Solana. Oztocan has no aristocracy, but the Solana family is the next closest thing.",
Aminta's Whereabouts,阿明塔的下落,project-proposed,heading-only,KftGV,137,data/9/entries/9/entries/4/entries/2/entries/2/items/1/name,1,Aminta's Whereabouts,
Anaïs Bellefleur,阿娜伊絲·貝爾弗勒,project-proposed,canonical-name,KftGV,36,data/2/entries/7/entries/7/entries/12/entries/0/rows/0/0,3,Anaïs Bellefleur,
Angelic Statue,天使雕像,project-proposed,heading-only,KftGV,168,data/11/entries/8/entries/4/entries/3/name,1,Angelic Statue,
Angry Wraiths,憤怒的幽靈,project-proposed,heading-only,KftGV,146,data/9/entries/10/entries/3/entries/23/entries/2/name,1,Angry Wraiths,
Angryn Sheselitte,安格林·謝瑟利特,project-proposed,canonical-name,KftGV,130,data/8/entries/7/entries/3/entries/16/entries/2/entries/1/items/4/entry,1,"The card reads, ""Used to assassinate Prince Angryn Sheselitte. Nonmagical."" This dagger is unremarkable, though high quality. (The dagger is worth 1,000 gp as a collector's item.)",
Animated Armor,活化盔甲,existing-site,heading-only,KftGV,16,data/1/entries/6/entries/4/entries/5/entries/2/entries/0,10,The statues that flank the front desk in {@area area V1|035|x} and the statue next to the stairs in {@area area V12|05f|x} can animate after hours to attack intruders. These statues use the {@creature animated armor} stat block. Causing a statue to animate alerts any guards in that area.,
Animated Statues,活化雕像,existing-site,heading-only,KftGV,16,data/1/entries/6/entries/4/entries/5/entries/2/name,2,Animated Statues,
Anisetta,安妮瑟塔,project-proposed,canonical-name,KftGV,187,data/12/entries/9/entries/5/entries/9/entries/1,5,"Two {@creature Satyr||satyrs} and three {@creature Pixie||pixies} busy themselves with cooking tasks. The dour {@creature dryad} head chef, Anisetta, lords over the kitchen and barks out orders. Anisetta also carries a key for the storage closets in the cellar ({@area area P18|4a9|x}) but doesn't recall anything important being stored in them.",
Another Stone,另一塊石頭,project-proposed,heading-only,KftGV,24,data/1/entries/8/entries/3/entries/1/entries/1/name,1,Another Stone,
Approaching Brimstone Hold,接近硫磺堡,project-proposed,heading-only,KftGV,198,data/13/entries/7/entries/5/name,1,Approaching Brimstone Hold,
Approaching the Mayor,接近市長,project-proposed,heading-only,KftGV,137,data/9/entries/9/entries/4/entries/2/entries/2/items/0/name,1,Approaching the Mayor,
Approaching the Prison,抵達監獄,project-proposed,heading-only,KftGV,56,data/4/entries/6/entries/6/entries/1/items/0/entry,2,"The prison staff rotate out periodically. Varrin knows the schedule of the next rotation, and his agents are standing by to capture a number of guards and cooks so the characters can take their place (see ""{@area Approaching the Prison|150|x}"").",
Architectural Anomalies,建築異常,project-proposed,heading-only,KftGV,182,data/12/entries/9/entries/1,2,"Attempts by the Far Realm entity to escape from the {@item Shard Solitaire (Diamond)|KftGV|shard solitaire} have caused extraplanar energy to leak into Paliset Hall. This wayward energy has settled in the basement and is causing architectural anomalies to manifest briefly throughout the manor (see ""General Features"" below).",
Arrival,抵達,project-proposed,heading-only,KftGV,28,data/2/entries/5/entries/2/entries/9/entries/1/items/0/name,12,Arrival,
Arrival in Oztocan,抵達奧茲托坎,project-proposed,heading-only,KftGV,136,data/9/entries/9/entries/2/name,1,Arrival in Oztocan,
Arriving at the Casino,抵達賭場,project-proposed,heading-only,KftGV,30,data/2/entries/7/entries/2/name,1,Arriving at the Casino,
Arriving at the Mansion,到達豪宅,project-proposed,heading-only,KftGV,44,data/3/entries/9/entries/1/name,1,Arriving at the Mansion,
Arrow Slits,箭垛,project-proposed,heading-only,KftGV,59,data/4/entries/8/entries/5/entries/1/entries/0,17,"Perched on a high cliff overlooking the Sea of Moving Ice is a bleak stone fortress carved from a gigantic, blade-shaped rock. A central tower looms above the rest of the fortress, and light leaks from its arrow slits. Four smaller towers rise from the outermost corners of the fortress, and guards can be seen atop them.",
Art Department,美術部門,project-proposed,heading-only,KftGV,,data/14/entries/0/items/1/entries/0/entries/0/items/3/name,1,Art Department,
Art Director,美術指導,project-proposed,heading-only,KftGV,,data/14/entries/0/items/0/items/1/name,2,Art Director,
Ashen Creatures,灰燼生物,project-proposed,heading-only,KftGV,149,data/10/entries/3/entries/6/name,8,Ashen Creatures,
Ashen Defenders,灰燼守護者,project-proposed,heading-only,KftGV,150,data/10/entries/5/entries/4/items/0/name,1,Ashen Defenders,
Astolko,阿斯托爾科,project-proposed,canonical-name,KftGV,149,data/10/entries/1,2,"Ghalasine is under a terrible curse. An evil spellcaster has enacted a ritual to siphon life from the city's people and reduce the city itself to ash. Powering the ritual is the heart of Ghalasine's vanquished leader, {@creature King Jhaeros|KftGV} Astolko. In this adventure, the characters must infiltrate Castle Cinis and recover the king's heart to end the ritual, thereby saving Ghalasine.",
At the Brine Widow,在鹽水寡婦,project-proposed,heading-only,KftGV,27,data/2/entries/4/entries/1/entries/0,3,"""Greetings, operatives. An ally of the Golden Vault named Verity Kye had her life's savings stolen from her by a devious gambling partner. We've found an opportunity to right this wrong. This quest, should you choose to undertake it, requires you to infiltrate the Afterlife Casino and steal a statuette and a sum of money. Meet with Verity at the Brine Widow tavern to learn more details. Good luck, operatives.""",
Attending the Gala,參加晚會,project-proposed,heading-only,KftGV,16,data/1/entries/6/entries/4/entries/5/entries/3/entries/0,3,"If the characters don't carefully remove the Murkmire Stone from its pedestal in area V13, {@spell arcane lock} spells cause all doors leading to the room (including secret doors) to close and lock. As an action, a character can either try to unlock a door using thieves' tools, doing so with a successful {@dc 20} Dexterity check, or force open the door by succeeding on a {@dc 20} Strength ({@skill Athletics}) check. The characters can learn about this security measure by attending the gala (see the ""{@area Attending the Gala|02c|x}"" section).",
Attic Skylight,閣樓天窗,project-proposed,heading-only,KftGV,17,data/1/entries/6/entries/4/entries/9/entries/1/items/1/name,2,Attic Skylight,
Attic or Basement,閣樓或地下室,project-proposed,heading-only,KftGV,17,data/1/entries/6/entries/4/entries/8/entries/1/items/2/name,1,Attic or Basement,
Auberge Aurore,晨曦客棧,project-proposed,canonical-name,KftGV,181,data/12/entries/7/entries/5/entries/1/name,4,Auberge Aurore,晨曦客棧（Auberge Aurore）
Avoid Cavemouth,避開洞口區,project-proposed,heading-only,KftGV,74,data/5/entries/8/entries/4/entries/2/items/1/name,1,Avoid Cavemouth,
Avoiding Confrontation,避免衝突,project-proposed,heading-only,KftGV,198,data/13/entries/7/entries/6/entries/1/items/2/name,1,Avoiding Confrontation,
Avoiding Statues,避開雕像,project-proposed,heading-only,KftGV,16,data/1/entries/6/entries/4/entries/7/entries/1/items/0/name,1,Avoiding Statues,
Axe from the Grave,墳墓之斧,project-proposed,heading-only,KftGV,5,data/0/entries/3/entries/5/entries/3/rows/6/0,3,{@adventure Axe from the Grave|KftGV|7},
Axebreaker,碎斧,project-proposed,canonical-name,KftGV,9,data/0/entries/5/entries/3/entries/13/entries/3/rows/3/1,22,"Horath Axebreaker (lawful evil, dwarf {@creature veteran}) hires the rivals to retrieve a copy of {@creature Prisoner 13|KftGV}'s keystone tattoo so he can steal Clan Axebreaker's treasure for himself.",
B10: Efreeti Face,B10: 火巨靈之面,project-proposed,heading-only,KftGV,203,data/13/entries/8/entries/5/entries/11/name,1,B10: Efreeti Face,
B11: Guard Room,B11: 警衛室,project-proposed,heading-only,KftGV,203,data/13/entries/8/entries/5/entries/12/name,1,B11: Guard Room,
B12: Secret Passage,B12: 秘密通道,project-proposed,heading-only,KftGV,203,data/13/entries/8/entries/5/entries/13/name,1,B12: Secret Passage,
B13: Prison Cells,B13: 監獄牢房,project-proposed,heading-only,KftGV,203,data/13/entries/8/entries/5/entries/14/name,1,B13: Prison Cells,
B14: Large Prison Cell,B14: 大型監獄牢房,project-proposed,heading-only,KftGV,203,data/13/entries/8/entries/5/entries/15/name,1,B14: Large Prison Cell,
B15: Erinyes Barracks,B15: 罪魔營房,project-proposed,heading-only,KftGV,203,data/13/entries/8/entries/5/entries/16/name,1,B15: Erinyes Barracks,
B16: Common Room,B16: 公共休息室,project-proposed,heading-only,KftGV,203,data/13/entries/8/entries/5/entries/17/name,1,B16: Common Room,
B17: Kitchen,B17: 廚房,project-proposed,heading-only,KftGV,204,data/13/entries/8/entries/5/entries/18/name,1,B17: Kitchen,
B18: Duergar Barracks,B18: 灰矮人營房,project-proposed,heading-only,KftGV,204,data/13/entries/8/entries/5/entries/19/name,1,B18: Duergar Barracks,
B19: Storeroom,B19: 儲藏室,project-proposed,heading-only,KftGV,204,data/13/entries/8/entries/5/entries/20/name,1,B19: Storeroom,
B1: Bridge,B1: 橋樑,project-proposed,heading-only,KftGV,200,data/13/entries/8/entries/5/entries/2/name,1,B1: Bridge,
B20: Salamander Barracks,B20: 火蜥蜴營房,project-proposed,heading-only,KftGV,204,data/13/entries/8/entries/5/entries/21/name,1,B20: Salamander Barracks,
B21: Storeroom,B21: 儲藏室,project-proposed,heading-only,KftGV,204,data/13/entries/8/entries/5/entries/22/name,1,B21: Storeroom,
B22: Antechamber,B22: 前廳,project-proposed,heading-only,KftGV,204,data/13/entries/8/entries/5/entries/23/name,1,B22: Antechamber,
B23: Administrative Office,B23: 行政辦公室,project-proposed,heading-only,KftGV,205,data/13/entries/8/entries/5/entries/24/name,1,B23: Administrative Office,
B24: Nebukath's Chamber,B24: 內布卡斯的房間,project-proposed,heading-only,KftGV,205,data/13/entries/8/entries/5/entries/25/name,1,B24: Nebukath's Chamber,
B25: Audience Chamber,B25: 接見室,project-proposed,heading-only,KftGV,205,data/13/entries/8/entries/5/entries/26/name,1,B25: Audience Chamber,
B26: Lounge,B26: 休息室,project-proposed,heading-only,KftGV,206,data/13/entries/8/entries/5/entries/27/name,1,B26: Lounge,
B27: Vestibule,B27: 門廳,project-proposed,heading-only,KftGV,206,data/13/entries/8/entries/5/entries/28/name,1,B27: Vestibule,
B28: Jarazoun's Chamber,B28: 賈拉尊的房間,project-proposed,heading-only,KftGV,206,data/13/entries/8/entries/5/entries/29/name,1,B28: Jarazoun's Chamber,
B29: Vrakir's Chamber,B29: 弗拉基爾的房間,project-proposed,heading-only,KftGV,206,data/13/entries/8/entries/5/entries/30/name,1,B29: Vrakir's Chamber,
B2: Gatehouse,B2: 門樓,project-proposed,heading-only,KftGV,200,data/13/entries/8/entries/5/entries/3/name,1,B2: Gatehouse,
B30: Vrakir's Demiplane,B30: 弗拉基爾的半位面,project-proposed,heading-only,KftGV,207,data/13/entries/8/entries/5/entries/31/name,1,B30: Vrakir's Demiplane,
B3: Prison Tower,B3: 監獄塔,project-proposed,heading-only,KftGV,200,data/13/entries/8/entries/5/entries/4/name,1,B3: Prison Tower,
B4: Prison Yard,B4: 監獄院子,project-proposed,heading-only,KftGV,201,data/13/entries/8/entries/5/entries/5/name,1,B4: Prison Yard,
B5: Inner Yard,B5: 內院,project-proposed,heading-only,KftGV,201,data/13/entries/8/entries/5/entries/6/name,1,B5: Inner Yard,
B6: Upper Yard,B6: 上層院子,project-proposed,heading-only,KftGV,201,data/13/entries/8/entries/5/entries/7/name,1,B6: Upper Yard,
B7: Harbor,B7: 港口,project-proposed,heading-only,KftGV,202,data/13/entries/8/entries/5/entries/8/name,1,B7: Harbor,
B8: Cliff Towers,B8: 懸崖塔樓,project-proposed,heading-only,KftGV,202,data/13/entries/8/entries/5/entries/9/name,1,B8: Cliff Towers,
B9: Harbor Towers,B9: 港口塔樓,project-proposed,heading-only,KftGV,202,data/13/entries/8/entries/5/entries/10/name,1,B9: Harbor Towers,
Back in Loch Wynnis,回到洛奇·溫尼斯,project-proposed,heading-only,KftGV,192,data/12/entries/12/entries/2/name,1,Back in Loch Wynnis,
Back-Door Trap,後門陷阱,project-proposed,heading-only,KftGV,94,data/6/entries/8/entries/5/entries/12/entries/1/name,1,Back-Door Trap,
Bard's Quest,吟遊詩人的探險,project-proposed,heading-only,KftGV,105,data/7/entries/5/entries/2/entries/6/name,1,Bard's Quest,
Barlo Rageblade,巴洛·怒刃,project-proposed,canonical-name,KftGV,64,data/4/entries/8/entries/9/entries/18/entries/3/entries/2/rows/1/1,1,"Barlo Rageblade (chaotic good human), a famous adventurer convicted of reckless endangerment, has served {@dice 1d4} years of a 5-year sentence.",
Barn Visit,參觀穀倉,project-proposed,heading-only,KftGV,88,data/6/entries/6/name,1,Barn Visit,
Barred Door,橫閂門,project-proposed,heading-only,KftGV,140,data/9/entries/10/entries/3/entries/3/entries/4/name,2,Barred Door,
Basement Doors,地下室門,project-proposed,heading-only,KftGV,17,data/1/entries/6/entries/4/entries/9/entries/1/items/2/name,1,Basement Doors,
Bethra,貝絲拉,project-proposed,canonical-name,KftGV,58,data/4/entries/7/entries/0,2,"Varrin has sent word to his agents, and Bethra (chaotic good, dwarf {@creature spy}) meets the characters when they arrive in Luskan. She provides the uniforms for their chosen cover and directs them to report to a ship called the Jolly Pelican the following dawn. The ship regularly delivers a fresh rotation of prison staff to Revel's End and returns the relieved shift to the Sword Coast. The journey to Revel's End by sea is 350 miles, which a sailing ship can cover in three days under normal conditions.",
Blackmailing Goldenbeard,敲詐金鬚,project-proposed,heading-only,KftGV,131,data/8/entries/9/entries/3/name,1,Blackmailing Goldenbeard,
Blood War Balance,血戰平衡,project-proposed,heading-only,KftGV,161,data/11/entries/4/entries/1/name,1,Blood War Balance,
Blue Chair,藍色椅子,project-proposed,heading-only,KftGV,95,data/6/entries/8/entries/5/entries/14/entries/2/name,3,Blue Chair,
Bluffing,虛張聲勢,project-proposed,heading-only,KftGV,123,data/8/entries/7/entries/2/entries/3/entries/1/items/0/name,1,Bluffing,
Boarding the Train,登車,project-proposed,heading-only,KftGV,164,data/11/entries/7/entries/4/entries/4/name,1,Boarding the Train,
Boat Ride,乘船遊覽,project-proposed,heading-only,KftGV,30,data/2/entries/7/entries/2/entries/2/name,1,Boat Ride,
Boats,船隻,project-proposed,heading-only,KftGV,28,data/2/entries/5/entries/2/entries/9/entries/1/items/0/entry,12,"Wooden boats shuttle visitors and personnel to and from the casino, which is built inside a cavern. The boats ply the river that leads to the cavern. (Verity knows no other way to enter the casino.)",
Bot,博特,project-proposed,canonical-name,KftGV,169,data/11/entries/8/entries/7/entries/3/entries/2,2,"{@b Ethlynn Stalaczic} (neutral, drow {@creature mage}) is a friendly, somewhat gullible dragonologist on a planar quest to find a ""time dragon"" (which may or may not be a real thing). Until a few moments ago, Ethlynn and Quintus were cabin mates. Ethlynn currently shares her cabin (the one marked ""b"" on {@area map 11.2|422|x}) with a {@creature monodrone} valet called Bot.",
Brego,布雷戈,project-proposed,canonical-name,KftGV,144,data/9/entries/10/entries/3/entries/12/entries/3,3,"Brego, the dwarf bartender (lawful evil {@creature spy}), is a longtime friend of Aminta's and a member of the Onyx Scar. He stands on a small crate to reach the bar's countertop. If a fight erupts, Brego ducks behind the bar and hurls flaming bottles of alcohol at intruders (treat each bottle as a {@item Alchemist's Fire (flask)|PHB|flask of alchemist's fire}) unless he is stopped. The bar gives Brego {@quickref Cover||3||three-quarters cover}.",
Brendara Valindril,布倫達拉·瓦林德里爾,project-proposed,canonical-name,KftGV,15,data/1/entries/6/entries/4/entries/4/entries/3/rows/7/1,1,"Brendara Valindril (lawful neutral elf), a graduate student in history at the university",
Bribe,賄賂,project-proposed,heading-only,KftGV,30,data/2/entries/6/entries/2/entries/2,9,"Whenever a disguised character enters a situation where the disguise might be detected by an onlooker who takes more than a passing interest in the character, have the character make a Charisma ({@skill Deception}) check. If the check's total is higher than the passive Wisdom ({@skill Perception}) score of the onlooker, the disguise does its job. If the check fails, the onlooker sees through the disguise and either alerts security or demands a small bribe (5 gp) to keep silent.",
Bribing,賄賂,project-proposed,heading-only,KftGV,123,data/8/entries/7/entries/2/entries/3/entries/1/items/1/name,1,Bribing,
Bridge Switches,橋樑開關,project-proposed,heading-only,KftGV,79,data/5/entries/10/entries/4/entries/6/entries/4/entries/1/items/0/name,1,Bridge Switches,
Bridges,橋,project-proposed,heading-only,KftGV,30,data/2/entries/7/entries/2/entries/2/entries/3/entries/1,15,"The cave's ceiling rises high above your heads, and dancing lights bob around hanging stalactites. The river winds through the casino floor, splitting the cavernous chamber in two and passing under arched stone bridges at various points. Card tables and other gaming stations surrounded by chattering patrons fill the open space. A cheer rises from deeper in the cavern, which is decorated to suggest excitement, opportunity, and excess.",
Brimstone Hold,硫磺堡,project-proposed,canonical-name,KftGV,195,data/13/entries/2,19,"In this heist, the heroes must infiltrate Brimstone Hold, the prison-fortress where Vrakir has locked away the {@item Book of Vile Darkness (Variant)|KftGV|Book of Vile Darkness}, and escape with the efreeti's prize. The characters' contact is an arcanaloth named Nebukath, the hold's duplicitous administrator, who secretly covets the book and plans to betray the heroes as soon as the group recovers it.",
Brimstone Hold Locations,硫磺堡地點,project-proposed,heading-only,KftGV,200,data/13/entries/8/entries/5/name,1,Brimstone Hold Locations,
Brimstone Hold's Inhabitants,硫磺堡的居民,project-proposed,heading-only,KftGV,196,data/13/entries/7/entries/4/name,2,Brimstone Hold's Inhabitants,
Brine Widow,鹽水寡婦,project-proposed,canonical-name,KftGV,27,data/2/entries/4/entries/1/entries/0,5,"""Greetings, operatives. An ally of the Golden Vault named Verity Kye had her life's savings stolen from her by a devious gambling partner. We've found an opportunity to right this wrong. This quest, should you choose to undertake it, requires you to infiltrate the Afterlife Casino and steal a statuette and a sum of money. Meet with Verity at the Brine Widow tavern to learn more details. Good luck, operatives.""",
Broadfoot,闊足,project-proposed,canonical-name,KftGV,71,data/5/entries/4/entries/3,16,"Little Lockford's mayor, Braith Broadfoot, asks the adventurers to infiltrate the town and retrieve a security key last seen in Tockworth's possession. When used to activate a fail-safe device in Tockworth's workshop, the key permanently shuts down the automatons, rendering them harmless. How the characters deal with Tockworth is left up to them.",
Building Interior,建築內部,project-proposed,heading-only,KftGV,79,data/5/entries/10/entries/4/entries/5/entries/2/name,2,Building Interior,
Buildings,建築物,project-proposed,heading-only,KftGV,74,data/5/entries/9/entries/1/entries/0,17,"The town is situated in a vast cavern tinged red by the magma that flows through the channels that separate the various districts. By and large, the town is well maintained, with streets and buildings composed of gray stone bricks. Other noteworthy features are summarized in the sections that follow.",
Buried Again,再次埋葬,project-proposed,heading-only,KftGV,116,data/7/entries/9/entries/0,2,"Once Golden Axe is safely in their possession, the characters must decide whether to keep it for themselves (in which case the adventure ends here) or return it to its rightful owner (see ""Buried Again"" below).",
Burrowing Speed,掘進速度,project-proposed,heading-only,KftGV,83,data/5/entries/10/entries/6/entries/6/entries/4/entries/1/items/1/name,2,Burrowing Speed,
By Reputation,以名聲,project-proposed,heading-only,KftGV,55,data/4/entries/4/entries/1/items/0/name,1,By Reputation,
Bypassing Alarms,繞過警報,project-proposed,heading-only,KftGV,16,data/1/entries/6/entries/4/entries/5/entries/1/entries/0,6,"Audible {@spell alarm} spells have been cast in areas marked (A) on {@adventure map 1.2|KftGV|1|MAP 1.2: DM'S MAP}. The museum's guards and the curator have pass cards that allow them to bypass these alarms, and spare pass cards are kept in {@area area V7|04d|x} (see ""{@area Bypassing Alarms|029|x}"" below for more information). The alarms are located as follows:",
C10: Laundry Room,C10: 洗衣房,project-proposed,heading-only,KftGV,114,data/7/entries/8/entries/9/entries/11/name,1,C10: Laundry Room,
C11: Music Hall,C11: 音樂廳,project-proposed,heading-only,KftGV,114,data/7/entries/8/entries/9/entries/12/name,1,C11: Music Hall,
C12: Outdoor Balcony,C12: 室外陽臺,project-proposed,heading-only,KftGV,114,data/7/entries/8/entries/9/entries/13/name,1,C12: Outdoor Balcony,
C13: Hallway,C13: 走廊,project-proposed,heading-only,KftGV,114,data/7/entries/8/entries/9/entries/14/name,1,C13: Hallway,
C14: Sythian's Study,C14: 西提安的書房,project-proposed,heading-only,KftGV,115,data/7/entries/8/entries/9/entries/15/name,1,C14: Sythian's Study,
C15: Sythian's Quarters (Locked),C15: 西提安的住處（鎖著的）,project-proposed,heading-only,KftGV,115,data/7/entries/8/entries/9/entries/16/name,1,C15: Sythian's Quarters (Locked),
C16: Attic,C16: 閣樓,project-proposed,heading-only,KftGV,115,data/7/entries/8/entries/9/entries/17/name,1,C16: Attic,
C17: Library (Locked),C17: 圖書館（鎖著的）,project-proposed,heading-only,KftGV,115,data/7/entries/8/entries/9/entries/18/name,1,C17: Library (Locked),
C18: Rooftop,C18: 屋頂,project-proposed,heading-only,KftGV,116,data/7/entries/8/entries/9/entries/19/name,1,C18: Rooftop,
C1: Dining Hall,C1: 餐廳,project-proposed,heading-only,KftGV,112,data/7/entries/8/entries/9/entries/2/name,1,C1: Dining Hall,
C2: Kitchen and Pantry,C2: 廚房和食品儲藏室,project-proposed,heading-only,KftGV,112,data/7/entries/8/entries/9/entries/3/name,1,C2: Kitchen and Pantry,
C3: Servants' Quarters,C3: 僕人宿舍,project-proposed,heading-only,KftGV,112,data/7/entries/8/entries/9/entries/4/name,1,C3: Servants' Quarters,
C4: Gallery,C4: 畫廊,project-proposed,heading-only,KftGV,112,data/7/entries/8/entries/9/entries/5/name,1,C4: Gallery,
C5: Shrine (Locked),C5: 神龕（鎖著的）,project-proposed,heading-only,KftGV,112,data/7/entries/8/entries/9/entries/6/name,1,C5: Shrine (Locked),
C6: Mezzanine,C6: 夾層,project-proposed,heading-only,KftGV,113,data/7/entries/8/entries/9/entries/7/name,1,C6: Mezzanine,
C7: Students' Quarters,C7: 學生宿舍,project-proposed,heading-only,KftGV,113,data/7/entries/8/entries/9/entries/8/name,1,C7: Students' Quarters,
C7a:,C7a:,project-proposed,heading-only,KftGV,113,data/7/entries/8/entries/9/entries/8/entries/2/items/0/name,1,C7a:,
C7b:,C7b:,project-proposed,heading-only,KftGV,113,data/7/entries/8/entries/9/entries/8/entries/2/items/1/name,1,C7b:,
C7c:,C7c:,project-proposed,heading-only,KftGV,113,data/7/entries/8/entries/9/entries/8/entries/2/items/2/name,1,C7c:,
C7d:,C7d:,project-proposed,heading-only,KftGV,113,data/7/entries/8/entries/9/entries/8/entries/2/items/3/name,1,C7d:,
C7e:,C7e:,project-proposed,heading-only,KftGV,113,data/7/entries/8/entries/9/entries/8/entries/2/items/4/name,1,C7e:,
C7f:,C7f:,project-proposed,heading-only,KftGV,113,data/7/entries/8/entries/9/entries/8/entries/2/items/5/name,1,C7f:,
C8: Bathroom,C8: 浴室,project-proposed,heading-only,KftGV,114,data/7/entries/8/entries/9/entries/9/name,1,C8: Bathroom,
C9: Sythian's Bathroom (Locked),C9: 西提安的浴室（鎖著的）,project-proposed,heading-only,KftGV,114,data/7/entries/8/entries/9/entries/10/name,1,C9: Sythian's Bathroom (Locked),
Cabin A,隔間A,project-proposed,heading-only,KftGV,170,data/11/entries/8/entries/7/entries/5/entries/1/items/0/name,1,Cabin A,
Cabin B,隔間B,project-proposed,heading-only,KftGV,170,data/11/entries/8/entries/7/entries/5/entries/1/items/1/name,1,Cabin B,
Cabin C,隔間C,project-proposed,heading-only,KftGV,170,data/11/entries/8/entries/7/entries/5/entries/1/items/2/name,1,Cabin C,
Caboose,守車,project-proposed,canonical-name,KftGV,162,data/11/entries/6/entries/6/items/0/entry,12,"Like most trains, the Concordant Express includes an Engine Car at the front and a Caboose at the back. The number of other train cars and their configuration can change, so Glitch can't say much more about the size of the train or the order in which the cars will be arranged. The configuration of the cars might be different than what's shown on the blueprint. (In fact, it is. See the ""{@area Train Configuration|413|x}"" section for details.)",
Cages,籠子,project-proposed,heading-only,KftGV,37,data/2/entries/7/entries/7/entries/15/name,6,A12: Staging Area and Animal Cages,
Callarduran,卡勒杜蘭,project-proposed,canonical-name,KftGV,78,data/5/entries/10/entries/3/entries/1/entries/2,3,"A character who examines the golden pick and succeeds on a {@dc 13} Intelligence ({@skill Religion}) check recognizes it as the symbol of the Deep Brother, Callarduran Smoothhands, a god worshiped by svirfneblin (particularly miners and stone carvers).",
Canaith,凱納斯,project-proposed,canonical-name,KftGV,9,data/0/entries/5/entries/3/entries/13/entries/3/rows/6/1,16,"Zarthine Delthion (neutral, human {@creature noble}), the daughter of the wizard who gave Frody the Canaith mandolin, believes the instrument is rightfully hers. She hires the rivals to retrieve it.",
Cart,二輪貨車,existing-site,heading-only,KftGV,88,data/6/entries/6/entries/7/entries/1/items/5/entry,10,"""Supplies are sometimes delivered to the guildhouse by riders on horseback or by mule-drawn cart. All supplies are received and inspected by Laris Drot, the stablemaster, at the livery stables.""",
Cartographers,製圖師,project-proposed,heading-only,KftGV,,data/14/entries/0/items/0/items/10/name,1,Cartographers,
Casa Solana,卡薩·索拉納,project-proposed,heading-only,KftGV,137,data/9/entries/9/entries/4/name,1,Casa Solana,
Case Closed,案件結案,project-proposed,heading-only,KftGV,171,data/11/entries/8/entries/7/entries/6/entries/5/name,1,Case Closed,
Cashier Stations,收銀臺,project-proposed,heading-only,KftGV,31,data/2/entries/7/entries/3/entries/1/name,2,Cashier Stations,
Casing the Joint,踩點,project-proposed,heading-only,KftGV,121,data/8/entries/6/entries/3/name,2,Casing the Joint,
Casino Features,賭場特色,project-proposed,heading-only,KftGV,31,data/2/entries/7/entries/3/name,1,Casino Features,
Casino Patrons,賭場顧客,project-proposed,heading-only,KftGV,32,data/2/entries/7/entries/4/entries/3/entries/0,5,"These machines, referred to by some casino patrons as ""tricky devils,"" are simple clockwork devices that accept copper coins. Each machine has a spring-loaded lever and five identical spinning cylinders called reels. Six golden, Infernal runes are painted on each reel. A player inserts between 1 and 9 copper coins into the machine's slot and pulls the lever, which causes the reels to spin, stop, and display a row of five runes. The player wins by matching three or more runes.",
Castle Cinis,灰燼城堡,project-proposed,canonical-name,KftGV,149,data/10/entries/1,21,"Ghalasine is under a terrible curse. An evil spellcaster has enacted a ritual to siphon life from the city's people and reduce the city itself to ash. Powering the ritual is the heart of Ghalasine's vanquished leader, {@creature King Jhaeros|KftGV} Astolko. In this adventure, the characters must infiltrate Castle Cinis and recover the king's heart to end the ritual, thereby saving Ghalasine.",
Castle Cinis Locations,灰燼城堡地點,project-proposed,heading-only,KftGV,152,data/10/entries/7/entries/7/name,1,Castle Cinis Locations,
Castle Features,城堡特徵,project-proposed,heading-only,KftGV,152,data/10/entries/7/entries/6/name,2,Castle Features,
Catching the Train,趕上火車,project-proposed,heading-only,KftGV,162,data/11/entries/6/entries/5,2,"Glitch takes the characters to the train when they're ready (see ""{@area Catching the Train|416|x}"" below) and stays with them in the interim. Glitch also shares the following information:",
Caught in the Act,當場抓獲,project-proposed,heading-only,KftGV,123,data/8/entries/7/entries/1/entries/6/entries/1,6,"Each window is warded with an abjuration rune that sounds an audible alarm if the window opens (see ""{@area Caught in the Act|304|x}""). A character who searches a window for traps notices the rune with a successful {@dc 10} Wisdom ({@skill Perception}) check and can use an action to try to disable it, doing so with a successful {@dc 14} Intelligence ({@skill Arcana}) check or a {@spell dispel magic} spell. A character who disables the alarm on one window can do the same on other vault windows without having to repeat the check.",
Cause of the Earthquakes,地震的原因,project-proposed,heading-only,KftGV,137,data/9/entries/9/entries/4/entries/2/entries/2/items/2/name,1,Cause of the Earthquakes,
Cavemouth,洞口區,project-proposed,canonical-name,KftGV,72,data/5/entries/8/entries/2/items/3/entry,16,"Warehouse 6, in the Cavemouth district, contains a magical drilling machine big enough to hold two characters (see {@area area L11|1df|x} for details). The svirfneblin have no clue what the characters might use it for, but it could come in handy.",
Cavemouth (Areas L10–L11),洞穴口（區域 L10-L11）,project-proposed,heading-only,KftGV,82,data/5/entries/10/entries/6/name,1,Cavemouth (Areas L10–L11),
Ceilings,天花板,existing-site,heading-only,KftGV,18,data/1/entries/7/entries/1/entries/1/items/0/name,22,Ceilings,
Ceilings and Walls,天花板和牆壁,project-proposed,heading-only,KftGV,182,data/12/entries/9/entries/2/entries/1/items/1/name,2,Ceilings and Walls,
Cell 1,牢房1,project-proposed,heading-only,KftGV,173,data/11/entries/8/entries/9/entries/5/entries/2/items/0/name,1,Cell 1,
Cell 2,牢房2,project-proposed,heading-only,KftGV,173,data/11/entries/8/entries/9/entries/5/entries/2/items/1/name,1,Cell 2,
Cell 3,牢房3,project-proposed,heading-only,KftGV,173,data/11/entries/8/entries/9/entries/5/entries/2/items/2/name,1,Cell 3,
Cell 4,牢房4,project-proposed,heading-only,KftGV,173,data/11/entries/8/entries/9/entries/5/entries/2/items/3/name,1,Cell 4,
Cell 5,牢房5,project-proposed,heading-only,KftGV,173,data/11/entries/8/entries/9/entries/5/entries/2/items/4/name,1,Cell 5,
Cell 6,牢房6,project-proposed,heading-only,KftGV,173,data/11/entries/8/entries/9/entries/5/entries/2/items/5/name,1,Cell 6,
Cell 7,牢房7,project-proposed,heading-only,KftGV,173,data/11/entries/8/entries/9/entries/5/entries/2/items/6/name,1,Cell 7,
Cell 8,牢房8,project-proposed,heading-only,KftGV,173,data/11/entries/8/entries/9/entries/5/entries/2/items/7/name,1,Cell 8,
Cellar,地窖,project-proposed,heading-only,KftGV,46,data/3/entries/9/entries/3/entries/6/entries/0,19,"The pantry is well stocked, and the foodstuffs here haven't spoiled yet. A sack of potatoes rests against the east wall next to stairs that lead to the wine cellar ({@adventure area D23|KftGV|3|D23: Wine Cellar}).",
Cells,牢房,project-proposed,heading-only,KftGV,30,data/2/entries/5/entries/2/entries/9/entries/2/entries/0,32,"If one or more characters are caught trying to steal from the casino, security guards attempt to apprehend them. Captured characters are taken to the holding cells ({@area area A17|0d7|x}). Quentin visits them an hour later. If the characters reveal they're working for Verity Kye, the gnome laughs and makes them a counteroffer (see {@area area A14|0cb|x} for details). If the characters refuse his counteroffer, Quentin has them tossed out of the casino and sent up the river in a gondola.",
Chalkboard,黑板,project-proposed,heading-only,KftGV,167,data/11/entries/8/entries/3/entries/0/entries/0,4,"Ten spherical modrons are lined up against the wall opposite a podium, behind which is a chalkboard covered with mathematical equations. Next to the podium stands a boxy modron wearing a wizard's cap. It taps the podium with a brass wand to get your attention. ""Well met!"" it says in Common. ""I am the Math Wizard, Captain of Calculus, Admiral of Abaci, Unifier of Units! Welcome to my Sanctum Numerum, where any problem can be solved. I beseech thee, travelers, what numerical enigmas plague thee?""",
Chandeliers,吊燈,project-proposed,heading-only,KftGV,17,data/1/entries/6/entries/5/entries/2/entries/0,5,"The Gemstone Wing's oak doors open into a luxuriously appointed ballroom. Crimson tablecloths and fine china adorn dining tables, and chandeliers sparkle overhead. Cabinets with glittering gemstones surround the space. At the wing's center is a marble pedestal bearing a peculiar, light-green stone.",
Changing of the Guard,警衛換班,project-proposed,heading-only,KftGV,124,data/8/entries/7/entries/2/entries/5/name,1,Changing of the Guard,
Charcoal Figurines,木炭小雕像,project-proposed,heading-only,KftGV,152,data/10/entries/6/entries/3/name,5,Charcoal Figurines,
Charisma,魅力,project-proposed,canonical-name,KftGV,13,data/1/entries/5/entries/5/entries/9/entries/0,39,"For bringing the Murkmire Stone back to Dr. Dannell, she offers her {@item bag of holding} plus 20 gp per character. If a character succeeds on a {@dc 13} Charisma ({@skill Persuasion}) check, Dr. Dannell increases her offer to 30 gp per character.",
Charmayne,夏梅恩,project-proposed,canonical-name,KftGV,149,data/10/entries/3/entries/1,51,"Known for its exquisite glasswork, Ghalasine was a prosperous city ruled by {@creature King Jhaeros|KftGV} Astolko. Governing from Castle Cinis, Jhaeros was advised by two councilors, Regine LaVerne and {@creature Charmayne Daymore|KftGV}, and a guard captain named {@creature Naevys Tharesso|KftGV}. Jhaeros's rule was compassionate, just, and kind. Over the last year, however, Naevys watched with growing concern as Jhaeros became more withdrawn and secretive, closing Ghalasine to trade and failing to honor his alliances.",查爾梅因
Charmayne Dies,夏梅恩 死亡,project-proposed,heading-only,KftGV,159,data/10/entries/9/entries/1/items/0/name,1,Charmayne Dies,
Charmayne's Location,夏梅恩的位置,project-proposed,heading-only,KftGV,150,data/10/entries/5/entries/4/items/1/name,1,Charmayne's Location,
Chasme,喀嘶魔,existing-site,heading-only,KftGV,103,data/7/entries/2/title,7,A chasme demon aims to thwart a bard's bold escape from Skalderang Conservatory,
Cheating,欺詐,project-proposed,heading-only,KftGV,32,data/2/entries/7/entries/3/entries/8/entries/1/name,2,Cheating,
Chimneys,煙囪,project-proposed,heading-only,KftGV,108,data/7/entries/8/entries/4/entries/1/name,2,Chimneys,
"Choo, Choo!",咻咻！,project-proposed,heading-only,KftGV,164,data/11/entries/7/entries/4/entries/5/name,1,"Choo, Choo!",
Cinis,灰燼,project-proposed,canonical-name,KftGV,149,data/10/entries/1,21,"Ghalasine is under a terrible curse. An evil spellcaster has enacted a ritual to siphon life from the city's people and reduce the city itself to ash. Powering the ritual is the heart of Ghalasine's vanquished leader, {@creature King Jhaeros|KftGV} Astolko. In this adventure, the characters must infiltrate Castle Cinis and recover the king's heart to end the ritual, thereby saving Ghalasine.",
Cinnabar,朱砂,project-proposed,canonical-name,KftGV,150,data/10/entries/5/entries/4/items/0/entry,4,"Castle Cinis is guarded by ashen creatures that used to be the king's guards. The king's dogs, Cinnabar and Sol, have become {@creature Hell Hound||hell hounds} that wander the castle's interior.",
Circle of Death,死亡法陣,existing-site,heading-only,KftGV,207,data/13/entries/8/entries/5/entries/31/entries/3/entries/1/items/0/name,2,Circle of Death,
Circle of Symbols,符號圈,project-proposed,heading-only,KftGV,49,data/3/entries/9/entries/3/entries/24/entries/2/name,1,Circle of Symbols,
Circumventing Security,規避安全措施,project-proposed,heading-only,KftGV,15,data/1/entries/6/entries/4/entries/3/entries/0,2,"The doors to the museum's offices (areas V5–V7) and basement (area V16) are locked at all hours, as described in the ""Interior Doors"" subsection of the ""{@area General Features|033|x}"" section. Curator Alda Arkin, whom the characters might meet at the gala, carries a master key, while the museum's guards have keys that grant access to specific areas (see ""{@area Circumventing Security|029|x}"" and ""{@area Curator Alda Arkin|02e|x}"").",
Cirque Maladomini,馬拉多米尼馬戲團,project-proposed,canonical-name,KftGV,35,data/2/entries/7/entries/7/entries/10/name,4,A8: Cirque Maladomini,
Clan Axebreaker,碎斧氏族,project-proposed,canonical-name,KftGV,9,data/0/entries/5/entries/3/entries/13/entries/3/rows/3/1,10,"Horath Axebreaker (lawful evil, dwarf {@creature veteran}) hires the rivals to retrieve a copy of {@creature Prisoner 13|KftGV}'s keystone tattoo so he can steal Clan Axebreaker's treasure for himself.",
Cleaning Supply Storage,清潔用品儲藏室,project-proposed,heading-only,KftGV,17,data/1/entries/6/entries/4/entries/8/entries/1/items/0/name,1,Cleaning Supply Storage,
Clever Deception,巧妙欺騙,project-proposed,heading-only,KftGV,172,data/11/entries/8/entries/9/entries/4/entries/5/items/0/name,1,Clever Deception,
Cloaked Figures,披著斗篷的人物,project-proposed,heading-only,KftGV,48,data/3/entries/9/entries/3/entries/18/entries/0/entries/0,5,"This room reeks of chemicals. A long table with various vials and compounds occupies the center of the room. At the table, two cloaked figures oversee various alchemical experiments.",
Clockwork Defenders,發條守衛者,project-proposed,heading-only,KftGV,75,data/5/entries/9/entries/2/entries/1/items/0/name,10,Clockwork Defenders,
Clockwork Observers,發條觀察者,project-proposed,heading-only,KftGV,75,data/5/entries/9/entries/2/entries/1/items/1/name,4,Clockwork Observers,
Close to Home,接近家園,project-proposed,heading-only,KftGV,195,data/13/entries/5/entries/1/name,1,Close to Home,
Closets,盥洗室,project-proposed,heading-only,KftGV,95,data/6/entries/8/entries/5/entries/17/entries/1/name,7,Closets,
Cognoscenti Esoterica,祕學智者會,project-proposed,canonical-name,KftGV,87,data/6/entries/1,15,"A group of scholars and sages known as the Cognoscenti Esoterica recently purchased a painting of Constantori, a famous courtier rumored to once have been the most beautiful man alive. The portrait supposedly has occult properties, but before the sages could study it, the painting was stolen by the Agile Hand, a thieves' guild. In this adventure, the characters must retrieve the portrait of Constantori from the Agile Hand's guildhouse and return it to Adrisa Carimorte, a member of the Cognoscenti Esoterica.",
Coin Box,錢幣盒,project-proposed,heading-only,KftGV,94,data/6/entries/8/entries/5/entries/7/entries/2/name,4,Coin Box,
Concept Illustrator,概念畫師,project-proposed,heading-only,KftGV,,data/14/entries/0/items/0/items/12/name,1,Concept Illustrator,
Conclude the Heist,完成劫案,project-proposed,heading-only,KftGV,5,data/0/entries/2/entries/1/items/3/name,1,Conclude the Heist,
Conclusion,結局,project-proposed,heading-only,KftGV,23,data/1/entries/8/name,16,Conclusion,
Concordant Express,協和快車,project-proposed,canonical-name,KftGV,5,data/0/entries/3/entries/5/entries/3/rows/10/0,29,{@adventure Affair on the Concordant Express|KftGV|11},和諧快車;和諧號列車
Condition Immunities,狀態免疫,existing-site,heading-only,KftGV,207,data/13/entries/8/entries/5/entries/31/entries/3/entries/1/items/1/name,1,Condition Immunities,
Configuration,配置,project-proposed,heading-only,KftGV,162,data/11/entries/6/entries/6/items/0/name,7,Configuration,
Confronting the Hags,面對巫婆,project-proposed,heading-only,KftGV,192,data/12/entries/10/entries/3/name,1,Confronting the Hags,
Conservatory Locations,音樂學院地點,project-proposed,heading-only,KftGV,112,data/7/entries/8/entries/9/name,1,Conservatory Locations,
Console,控制檯,project-proposed,heading-only,KftGV,65,data/4/entries/8/entries/9/entries/19/entries/0/entries/0,16,"This hexagonal room is the base of the prison's central tower. A spiral staircase rises to the tower's upper levels. Several guards watch through the arrow slits, observing the cells, while one sits at a metal desk and console with a myriad of switches and dials and a brass tube with a funnel-like flare.",
Constantori,康斯坦托里,project-proposed,canonical-name,KftGV,9,data/0/entries/5/entries/3/entries/13/entries/3/rows/5/1,19,"The rivals are members of a thieves' guild from a neighboring city. They seek {@item Constantori's Portrait|KftGV} for Skandor Torreth (neutral, human {@creature assassin}), a guildmaster who needs information only the portrait knows.",
Constantori's Portrait,康斯坦托里的肖像畫,existing-site,heading-only,KftGV,9,data/0/entries/5/entries/3/entries/13/entries/3/rows/5/1,15,"The rivals are members of a thieves' guild from a neighboring city. They seek {@item Constantori's Portrait|KftGV} for Skandor Torreth (neutral, human {@creature assassin}), a guildmaster who needs information only the portrait knows.",
Consultants,顧問,project-proposed,heading-only,KftGV,,data/14/entries/0/items/0/items/11/name,1,Consultants,
Consuming Void,虛空吞噬,project-proposed,heading-only,KftGV,150,data/10/entries/5/entries/4/items/2/name,1,Consuming Void,
Containing the Egg,控制卵,project-proposed,heading-only,KftGV,13,data/1/entries/5/entries/5/entries/5/entries/2/items/2/name,1,Containing the Egg,
Contraption,裝置,project-proposed,heading-only,KftGV,72,data/5/entries/8/entries/2/items/3/name,10,Warehouse Contraption,
Control Console,控制檯,project-proposed,heading-only,KftGV,79,data/5/entries/10/entries/4/entries/6/entries/4/name,3,Control Console,
Convincing Argument,說服性論證,project-proposed,heading-only,KftGV,172,data/11/entries/8/entries/9/entries/4/entries/5/items/1/name,1,Convincing Argument,
Copper Slots,銅幣老虎機,project-proposed,heading-only,KftGV,32,data/2/entries/7/entries/4/entries/3/name,4,Copper Slots,
Correspondence,通訊,project-proposed,heading-only,KftGV,47,data/3/entries/9/entries/3/entries/16/entries/2/name,3,Correspondence,
Cosmo,科斯莫,project-proposed,canonical-name,KftGV,169,data/11/entries/8/entries/6/entries/3/entries/1,4,"Whenever a creature drops at least 10 gp worth of treasure into the tube, Cosmo, the illusory modron, reappears. It thanks the donor and asks which plane of existence they'd like to learn about.",考斯莫
Couatl Company,羽蛇公司,project-proposed,canonical-name,KftGV,135,data/9/entries/6/entries/1/items/0/entry,1,"Oztocan is an important outpost for a flourishing trade organization called the Couatl Company. Its owner, Jamishka (lawful good, elf {@creature veteran}), recently acquired the shard and has since learned that it must be returned to the tomb from which it was taken to stop the earthquakes that threaten Oztocan. Jamishka hires the characters to bring the shard to Leandro Sedhar, a playwright in Oztocan who can help them, and promises them a suit of {@item elven chain} (or some other rare magic item of your choice) as payment for stopping the earthquakes.",
Council Members,委員會成員,project-proposed,heading-only,KftGV,59,data/4/entries/8/entries/3,5,"Each member of the Lords' Alliance assigns one representative to Revel's End, and together the representatives form a parole committee called the Absolution Council. Rarely are all ten council members present, since Revel's End offers little in the way of comfort and amenities. If the council needs a tiebreaking vote to determine whether to commute a prisoner's sentence, the prison warden—a neutral arbiter with no ties to any Lords' Alliance member—casts the deciding vote.",
Councilor Jil Torbo,委員吉爾·託博,project-proposed,heading-only,KftGV,62,data/4/entries/8/entries/9/entries/8/entries/2/entries/1/items/1/name,1,Councilor Jil Torbo,
Councilor Kriv Norixius,委員克里夫·裡修斯,project-proposed,heading-only,KftGV,62,data/4/entries/8/entries/9/entries/8/entries/2/entries/1/items/2/name,1,Councilor Kriv Norixius,
Councilor Voss Anderton,委員沃斯·安德頓,project-proposed,heading-only,KftGV,62,data/4/entries/8/entries/9/entries/8/entries/2/entries/1/items/0/name,1,Councilor Voss Anderton,
Cover Illustrators,封面插圖畫家,project-proposed,heading-only,KftGV,,data/14/entries/0/items/0/items/8/name,1,Cover Illustrators,
Cragknuckle,岩拳,project-proposed,canonical-name,KftGV,74,data/5/entries/8/entries/4/entries/0,7,"When the characters are ready to enter Little Lockford, they're led to the town's fortified entrance by Sergeant Yombad Cragknuckle (neutral good {@creature Deep Gnome (Svirfneblin)||deep gnome}), the highest ranked of the surviving militia members. Stern and scowling, he walks with a slight limp and has a heavily bandaged arm, both the result of injuries he sustained during the evacuation.",
Cranes,起重機,project-proposed,heading-only,KftGV,201,data/13/entries/8/entries/5/entries/7/entries/0/entries/0,6,"The large, horseshoe-shaped upper yard wraps around the harbor in its center. Sturdy wooden cranes to the west overlook the quay below, while the eastern side houses small outbuildings. Towering over the eastern edge of the yard is the volcano's ash-covered slope, featuring a giant efreeti face carved from the stone and spewing lava from its mouth.",
Creating a Heist Crew,組建盜竊團隊,project-proposed,heading-only,KftGV,5,data/0/entries/3/entries/4/name,1,Creating a Heist Crew,
Credits,製作組,project-proposed,heading-only,KftGV,,data/14/name,1,Credits,
Crestfall Coven,失落女巫團,project-proposed,canonical-name,KftGV,177,data/12/entries/3/entries/1,11,"Lady {@creature Zorhanna Adulare|KftGV} is an elf and a retired adventurer. On one of her many adventures, she stole a diamond {@item Shard Solitaire (Diamond)|KftGV|shard solitaire} (a magic item described at the {@area end of the adventure|4bd|x}) from a trio of night hags known as the Crestfall Coven. Zorhanna later mounted the diamond into a glittering platinum necklace, which she often wears during special occasions. Trapped within the iridescent facets of the {@item shard solitaire|KftGV} is an unstable extradimensional rift that gives the diamond its remarkable powers.",克雷斯特福爾女巫團
Crossing between Cars,車廂間穿行,project-proposed,heading-only,KftGV,165,data/11/entries/7/entries/6/entries/1/name,1,Crossing between Cars,
Curator Alda Arkin,館長阿爾達·阿金,project-proposed,heading-only,KftGV,9,data/0/entries/5/entries/3/entries/13/entries/3/rows/0/1,7,"Museum curator Alda Arkin hires the rivals to steal the Murkmire Stone, a curiosity she knows would fetch a high price on the black market.",
D&D Beyond,D&D Beyond,project-proposed,heading-only,KftGV,,data/14/entries/0/items/2/entries/0/name,1,D&D Beyond,
D&D Studio,D&D Studio,project-proposed,heading-only,KftGV,,data/14/entries/0/items/1/entries/0/name,1,D&D Studio,
D10: Balcony,D10: 陽臺,project-proposed,heading-only,KftGV,44,data/3/entries/9/entries/3/entries/2/entries/1,2,The stairs climb to a balcony ({@adventure area D10|KftGV|3|D10: Balcony}). The ceiling here rises 30 feet from the floor. The owlbear rug weighs 50 pounds.,
D11a: Empty Office,D11a: 空辦公室,project-proposed,heading-only,KftGV,47,data/3/entries/9/entries/3/entries/15/name,1,D11a: Empty Office,
D11b: Markos's Office,D11b: 馬寇斯的辦公室,project-proposed,heading-only,KftGV,47,data/3/entries/9/entries/3/entries/16/name,1,D11b: Markos's Office,
D12: Gallery,D12: 畫廊,project-proposed,heading-only,KftGV,47,data/3/entries/9/entries/3/entries/17/name,1,D12: Gallery,
D13: Alchemy Lab,D13: 鍊金實驗室,project-proposed,heading-only,KftGV,48,data/3/entries/9/entries/3/entries/18/name,2,D13: Alchemy Lab,
D14: Meditation Room,D14: 冥想室,project-proposed,heading-only,KftGV,48,data/3/entries/9/entries/3/entries/19/name,1,D14: Meditation Room,
D15: Markos's Bedroom,D15: 馬寇斯的臥室,project-proposed,heading-only,KftGV,47,data/3/entries/9/entries/3/entries/12/entries/3,3,"Zala speaks Common, Deep Speech, and Elvish. If the characters attack her, Zala responds in kind. If they claim to be looking for {@i The Celestial Codex}, Zala advises them to search Markos's office ({@area area D11b|111|x}) or his bedroom ({@adventure area D15|KftGV|3|D15: Markos's Bedroom}).",
D16: Student Quarters,D16: 學生宿舍,project-proposed,heading-only,KftGV,48,data/3/entries/9/entries/3/entries/21/name,1,D16: Student Quarters,
D17: Bathroom,D17: 浴室,project-proposed,heading-only,KftGV,48,data/3/entries/9/entries/3/entries/19/entries/3/entries/0,2,The trapdoor in the ceiling leads to the master bath ({@adventure area D17|KftGV|3|D17: Bathroom}). An unfolding wooden ladder allows easy access.,
D18: Third-Floor Hall,D18: 三樓走廊,project-proposed,heading-only,KftGV,49,data/3/entries/9/entries/3/entries/23/name,1,D18: Third-Floor Hall,
D19: Eldritch Observation Room,D19: 奧術觀察室,project-proposed,heading-only,KftGV,49,data/3/entries/9/entries/3/entries/24/name,2,D19: Eldritch Observation Room,
D1: Foyer,D1: 門廳,project-proposed,heading-only,KftGV,44,data/3/entries/9/entries/3/entries/2/name,2,D1: Foyer,
D20: Component Storage,D20: 元件儲存室,project-proposed,heading-only,KftGV,49,data/3/entries/9/entries/3/entries/25/name,1,D20: Component Storage,
D21: Star-Map Room,D21: 星圖室,project-proposed,heading-only,KftGV,47,data/3/entries/9/entries/3/entries/12/entries/4,2,"Zala wants a map of the Great Snake constellation from the star-map room ({@adventure area D21|KftGV|3|D21: Star-Map Room}). If the characters retrieve the map for her, Zala tells characters about the locked secret door in the wine cellar ({@adventure area D23|KftGV|3|D23: Wine Cellar}) along with the password (""farrl'v hrak"").",
D22: Storage Rooms,D22: 儲藏室,project-proposed,heading-only,KftGV,50,data/3/entries/9/entries/3/entries/27/name,1,D22: Storage Rooms,
D23: Wine Cellar,D23: 酒窖,project-proposed,heading-only,KftGV,46,data/3/entries/9/entries/3/entries/6/entries/0,4,"The pantry is well stocked, and the foodstuffs here haven't spoiled yet. A sack of potatoes rests against the east wall next to stairs that lead to the wine cellar ({@adventure area D23|KftGV|3|D23: Wine Cellar}).",
D24: Temple,D24: 神廟,project-proposed,heading-only,KftGV,49,data/3/entries/9/entries/3/entries/24/entries/3/entries/1,2,"Esquire's tattered butler uniform has a pocket containing a locket and a note. The locket is under the effects of a {@spell magic mouth} spell; when opened, it speaks the password to the temple ({@adventure area D24|KftGV|3|D24: Temple}), ""farrl'v hrak,"" which is Deep Speech for ""forever changing."" The note contains a sketch of a wine bottle and a row of four circles. The second circle from the left is crossed out. (The circles represent the casks in {@adventure area D23|KftGV|3|D23: Wine Cellar}, the crossed-out one representing the cask blocking a secret door.)",
D25: Storage,D25: 儲藏,project-proposed,heading-only,KftGV,51,data/3/entries/9/entries/3/entries/30/name,1,D25: Storage,
D26a: Vestry,D26a: 聖器室,project-proposed,heading-only,KftGV,51,data/3/entries/9/entries/3/entries/31/name,1,D26a: Vestry,
D26b: Ceremony Room,D26b: 儀式室,project-proposed,heading-only,KftGV,51,data/3/entries/9/entries/3/entries/32/name,1,D26b: Ceremony Room,
D27: Ritual Room,D27: 儀式室,project-proposed,heading-only,KftGV,48,data/3/entries/9/entries/3/entries/18/entries/2,4,"Xander and Kura don't keep track of Markos's movements, but they know he has been spending a lot of time in the caves below the basement ({@adventure area D27|KftGV|3|D27: Ritual Room}). They assume {@i The Celestial Codex} is with Markos or in his bedroom ({@adventure area D15|KftGV|3|D15: Markos's Bedroom}).",
D2: Dining Hallway,D2: 餐廳走廊,project-proposed,heading-only,KftGV,44,data/3/entries/9/entries/3/entries/3/name,1,D2: Dining Hallway,
D3: Dining Room,D3: 餐廳,project-proposed,heading-only,KftGV,46,data/3/entries/9/entries/3/entries/4/name,1,D3: Dining Room,
D4: Kitchen,D4: 廚房,project-proposed,heading-only,KftGV,46,data/3/entries/9/entries/3/entries/5/name,1,D4: Kitchen,
D5: Pantry,D5: 食品儲藏室,project-proposed,heading-only,KftGV,46,data/3/entries/9/entries/3/entries/6/name,1,D5: Pantry,
D6: Parlor,D6: 客廳,project-proposed,heading-only,KftGV,46,data/3/entries/9/entries/3/entries/7/name,1,D6: Parlor,
D7a: Empty Sitting Room,D7a: 空蕩的客廳,project-proposed,heading-only,KftGV,46,data/3/entries/9/entries/3/entries/8/name,1,D7a: Empty Sitting Room,
D7b: Room with a Secret,D7b: 有秘密的房間,project-proposed,heading-only,KftGV,46,data/3/entries/9/entries/3/entries/9/name,1,D7b: Room with a Secret,
D8a: Tower Ground Floor,D8a: 塔樓底層,project-proposed,heading-only,KftGV,46,data/3/entries/9/entries/3/entries/10/name,1,D8a: Tower Ground Floor,
D8b: Tower Stairs,D8b: 塔樓樓梯,project-proposed,heading-only,KftGV,47,data/3/entries/9/entries/3/entries/11/name,1,D8b: Tower Stairs,
D8c: Stargazer's Roost,D8c: 觀星者的巢穴,project-proposed,heading-only,KftGV,47,data/3/entries/9/entries/3/entries/12/name,1,D8c: Stargazer's Roost,
D9: Guest Bedrooms,D9: 客房,project-proposed,heading-only,KftGV,47,data/3/entries/9/entries/3/entries/13/name,1,D9: Guest Bedrooms,
DC,DC,project-proposed,heading-only,KftGV,13,data/1/entries/5/entries/5/entries/9/entries/0,241,"For bringing the Murkmire Stone back to Dr. Dannell, she offers her {@item bag of holding} plus 20 gp per character. If a character succeeds on a {@dc 13} Charisma ({@skill Persuasion}) check, Dr. Dannell increases her offer to 30 gp per character.",
Daggerford,匕首灘,project-proposed,canonical-name,KftGV,59,data/4/entries/8/entries/2,3,"Revel's End is controlled by the Lords' Alliance, a loose confederation of settlements whose current members include the cities of Baldur's Gate, Mirabar, Neverwinter, Silverymoon, Waterdeep, and Yartar; the towns of Amphail, Daggerford, and Longsaddle; and the dwarven stronghold of Mithral Hall. To be imprisoned in Revel's End, one must have committed a serious crime against one or more of the member cities and been sentenced to a lengthy period of incarceration (typically a year or more).",
Daiyani Grysthorn,戴雅妮·格里斯索恩,project-proposed,canonical-name,KftGV,89,data/6/entries/6/entries/8/entries/1/items/1/entry,2,"""The portrait is the work of famed artist Dkesii Kwan and was commissioned by the late Daiyani Grysthorn, a grand dame in the criminal underworld. The painting is sentient and was made to eavesdrop on conversations and pass along secrets to its owner. Like its beautiful subject, the painting is notoriously vain.""",
Damaged Turbine,損壞的渦輪機,project-proposed,heading-only,KftGV,79,data/5/entries/10/entries/4/entries/6/entries/3/name,1,Damaged Turbine,
Dannell,丹內爾,project-proposed,canonical-name,KftGV,11,data/1/entries/1,70,"Unbeknownst to anyone but a disgraced academic, the Varkenbluff Museum of Natural History is in grave danger. Archaeologists at a nearby dig site recently unearthed a curiosity: the Murkmire Stone. This object is actually an eldritch creature's egg, and it's about to hatch. The characters must infiltrate the museum, steal the egg, and return it to {@creature Dr. Cassee Dannell|KftGV} to be neutralized before it releases an eldritch horror.",
Dannell Family Friend,丹內爾家族的朋友,project-proposed,heading-only,KftGV,12,data/1/entries/5/entries/2/items/0/name,1,Dannell Family Friend,
Dannell's Map,丹內爾的地圖,project-proposed,heading-only,KftGV,13,data/1/entries/5/entries/5/entries/7/entries/1/name,1,Dannell's Map,
Dardo,達爾多,project-proposed,canonical-name,KftGV,173,data/11/entries/8/entries/9/entries/5/entries/2/items/0/entry,3,"This cell contains a hostile {@creature nycaloth} known as Dardo (not its true name). If someone opens the door to its cell, Dardo tries to exit the cell on its next turn, attacking anyone who stands in its way. The nycaloth then tries to leave the train. {@creature The Stranger|KftGV} (see below) happens to know Dardo's true name: a simple math equation. The characters can use this knowledge to keep the nycaloth from attacking them, or to force it to work for them.",
Dartwild,達特維爾德,project-proposed,canonical-name,KftGV,103,data/7/entries/1,15,"Famed bard Froderic Dartwild is dead, and his beautiful mandolin, called Golden Axe, has been stolen from his grave. Even worse, Froderic has risen as a zombie, terrifying the hamlet of Toadhop. In this heist, the characters must track down Golden Axe from the music school owner who stole it and return it to Froderic so the bard can rest peacefully in death once again.",
Dead Adventurers,死去的冒險者,project-proposed,heading-only,KftGV,52,data/3/entries/10/entries/3/name,1,Dead Adventurers,
Deadly Doll,致命玩偶,project-proposed,heading-only,KftGV,20,data/1/entries/7/entries/2/entries/6/entries/2/name,1,Deadly Doll,
Decorations,裝飾,project-proposed,heading-only,KftGV,46,data/3/entries/9/entries/3/entries/8/entries/0,5,"All furnishings and decorations have been removed from this room, leaving nothing but dust and cobwebs.",
Deep Speech,深潛語,existing-site,canonical-name,KftGV,47,data/3/entries/9/entries/3/entries/12/entries/3,5,"Zala speaks Common, Deep Speech, and Elvish. If the characters attack her, Zala responds in kind. If they claim to be looking for {@i The Celestial Codex}, Zala advises them to search Markos's office ({@area area D11b|111|x}) or his bedroom ({@adventure area D15|KftGV|3|D15: Markos's Bedroom}).",深淵語;底棲魔魚語
Deepdelve,深掘,project-proposed,canonical-name,KftGV,82,data/5/entries/10/entries/6/entries/5/entries/2/name,2,Guildmaster Deepdelve,
Delphi,特爾裴,project-proposed,canonical-name,KftGV,9,data/0/entries/5/entries/3/entries/13/entries/3/rows/2/1,37,"Yexanthal (chaotic evil, elf {@creature cult fanatic}) was one of {@creature Markos Delphi|KftGV}'s researchers until he was caught trying to steal The Celestial Codex. Eager to commune with Far Realm entities, Yexanthal hires the rivals to steal the book from Delphi Mansion.",德爾斐;德爾菲
Delphi Mansion,特爾裴宅邸,project-proposed,canonical-name,KftGV,9,data/0/entries/5/entries/3/entries/13/entries/3/rows/2/1,25,"Yexanthal (chaotic evil, elf {@creature cult fanatic}) was one of {@creature Markos Delphi|KftGV}'s researchers until he was caught trying to steal The Celestial Codex. Eager to commune with Far Realm entities, Yexanthal hires the rivals to steal the book from Delphi Mansion.",德爾斐宅邸;德爾菲豪宅
Delphi Mansion Features,特爾裴宅邸特點,project-proposed,heading-only,KftGV,44,data/3/entries/9/entries/2/name,1,Delphi Mansion Features,
Delphi Mansion Locations,特爾裴宅邸地點,project-proposed,heading-only,KftGV,44,data/3/entries/9/entries/3/name,1,Delphi Mansion Locations,
Demons,惡魔,existing-site,heading-only,KftGV,110,data/7/entries/8/entries/5/entries/1/name,13,Demons,
Denizens,居民,project-proposed,heading-only,KftGV,162,data/11/entries/5/entries/1/entries/0,3,"""Greetings, operatives. The Golden Vault needs you to obtain the true names of three powerful denizens of the Lower Planes: the pit fiend Karnyros, the balor Errtok, and the marilith Hexalanthe. Their true names are known to an outlaw called {@creature the Stranger|KftGV}, who is being transported to Mechanus on an interplanar train called the Concordant Express. This quest, should you choose to undertake it, requires you board the train, locate {@creature the Stranger|KftGV}, and acquire the true names from them. Expect to be contacted shortly by a quadrone named Glitch, a former train operative who now works for us. Good luck, operatives.""",
Design Department,設計部門,project-proposed,heading-only,KftGV,,data/14/entries/0/items/1/entries/0/entries/0/items/4/name,1,Design Department,
Desk,書桌,project-proposed,heading-only,KftGV,16,data/1/entries/6/entries/4/entries/5/entries/2/entries/0,62,The statues that flank the front desk in {@area area V1|035|x} and the statue next to the stairs in {@area area V12|05f|x} can animate after hours to attack intruders. These statues use the {@creature animated armor} stat block. Causing a statue to animate alerts any guards in that area.,
Desk Drawers,辦公桌抽屜,project-proposed,heading-only,KftGV,38,data/2/entries/7/entries/7/entries/17/entries/7/name,2,Desk Drawers,
Development,發展,project-proposed,heading-only,KftGV,13,data/1/entries/5/entries/5/entries/5/entries/2/items/1/entry,3,"The Murkmire Stone can't be damaged or destroyed. Unearthing the egg triggered the rapid development of the creature within, which will soon be ready to hatch.",
Difficult Terrain,困難地形,existing-site,heading-only,KftGV,44,data/3/entries/9/entries/2/entries/2/entries/2/rows/0/1,5,"The air becomes heavy and malleable. The space in the room becomes {@book difficult terrain|PHB|8|Difficult Terrain}. While in the room, creatures have a flying speed equal to their walking speed.",
Digital Design Team,數字設計團隊,project-proposed,heading-only,KftGV,,data/14/entries/0/items/2/entries/0/entries/0/items/0/name,1,Digital Design Team,
Director of Product Management,產品管理總監,project-proposed,heading-only,KftGV,,data/14/entries/0/items/1/entries/0/entries/0/items/9/name,1,Director of Product Management,
Disguises,偽裝,existing-site,heading-only,KftGV,30,data/2/entries/6/entries/2/name,3,Disguises,
Display Cases,展示櫃,project-proposed,heading-only,KftGV,19,data/1/entries/7/entries/2/entries/5/entries/0/entries/0,5,"Glass display cases boast objects related to life in ancient Varkenbluff. Clay pots, stone tools, and scraps of leather clothes are interspersed with informational placards about their historical use.",
Disputed Will,爭議遺囑,project-proposed,heading-only,KftGV,127,data/8/entries/7/entries/3/entries/6/entries/3/entries/2/items/1/name,1,Disputed Will,
Distractions,分散注意力,project-proposed,heading-only,KftGV,60,data/4/entries/8/entries/6/entries/4/name,1,Distractions,
District Elevations,區域高度,project-proposed,heading-only,KftGV,75,data/5/entries/9/entries/1/entries/3/name,1,District Elevations,
District Switches,區域開關,project-proposed,heading-only,KftGV,79,data/5/entries/10/entries/4/entries/6/entries/4/entries/1/items/1/name,1,District Switches,
Dkesii Kwan,德克西·關,project-proposed,canonical-name,KftGV,89,data/6/entries/6/entries/8/entries/1/items/1/entry,1,"""The portrait is the work of famed artist Dkesii Kwan and was commissioned by the late Daiyani Grysthorn, a grand dame in the criminal underworld. The painting is sentient and was made to eavesdrop on conversations and pass along secrets to its owner. Like its beautiful subject, the painting is notoriously vain.""",
Domed Building,圓頂建築,project-proposed,heading-only,KftGV,84,data/5/entries/10/entries/7/entries/5/entries/2/name,1,Domed Building,
Donation Tube,捐款管,project-proposed,heading-only,KftGV,169,data/11/entries/8/entries/6/entries/3/name,1,Donation Tube,
Door to Area X17,通往區域X17的門,project-proposed,heading-only,KftGV,145,data/9/entries/10/entries/3/entries/16/entries/2/name,1,Door to Area X17,
Doors,門,existing-site,heading-only,KftGV,15,data/1/entries/6/entries/4/entries/3/entries/0,157,"The doors to the museum's offices (areas V5–V7) and basement (area V16) are locked at all hours, as described in the ""Interior Doors"" subsection of the ""{@area General Features|033|x}"" section. Curator Alda Arkin, whom the characters might meet at the gala, carries a master key, while the museum's guards have keys that grant access to specific areas (see ""{@area Circumventing Security|029|x}"" and ""{@area Curator Alda Arkin|02e|x}"").",
Doors and Hatches,門與艙門,project-proposed,heading-only,KftGV,56,data/4/entries/6/entries/5/entries/1/items/1/name,5,Doors and Hatches,
Dr. Dannell's Tools,丹內爾博士的工具,project-proposed,heading-only,KftGV,13,data/1/entries/5/entries/5/entries/7/name,1,Dr. Dannell's Tools,
Drendarylix,德倫達里克斯,project-proposed,canonical-name,KftGV,195,data/13/entries/4/entries/1,5,"Vrakir obtained the {@item Book of Vile Darkness (Variant)|KftGV|Book of Vile Darkness} by accident. The efreeti knew the red dragon Drendarylix laired only a few days' ride from Brimstone Hold, one of Vrakir's fortresses. Many adventurers over the years tried to slay the foul creature, which had attacked and looted nearby villages for decades. One day, word reached Vrakir that Drendarylix had been slain but that the dragon's vanquishers had also perished in the battle. Thinking the lair would be easy to plunder, Vrakir set off with a contingent of warriors to claim its riches.",
Drop Box,投幣箱,project-proposed,heading-only,KftGV,92,data/6/entries/8/entries/5/entries/2/entries/2/name,3,Drop Box,
Dusk,達斯克,project-proposed,canonical-name,KftGV,88,data/6/entries/6/entries/7/entries/1/items/0/name,41,Guildmaster Dusk,黃昏;杜斯克
Dwarven Poetry,矮人詩歌,project-proposed,heading-only,KftGV,67,data/4/entries/8/entries/10/entries/6/entries/1/items/0/name,1,Dwarven Poetry,
E1: Caboose,E1: 守車,project-proposed,heading-only,KftGV,167,data/11/entries/8/entries/2/name,1,E1: Caboose,
E2: Abacus Car,E2: 算盤車,project-proposed,heading-only,KftGV,167,data/11/entries/8/entries/3/name,1,E2: Abacus Car,
E3: Aquarium Car,E3: 水族館車廂,project-proposed,heading-only,KftGV,168,data/11/entries/8/entries/4/name,1,E3: Aquarium Car,
E4: Cargo Car,E4: 貨運車廂,project-proposed,heading-only,KftGV,168,data/11/entries/8/entries/5/name,1,E4: Cargo Car,
E5: Planartarium Car,E5: 平行宇宙天文館車廂,project-proposed,heading-only,KftGV,168,data/11/entries/8/entries/6/name,1,E5: Planartarium Car,
E6: Passenger Car,E6: 客車車廂,project-proposed,heading-only,KftGV,169,data/11/entries/8/entries/7/name,1,E6: Passenger Car,
E7: Temple Car,E7: 神廟車廂,project-proposed,heading-only,KftGV,171,data/11/entries/8/entries/8/name,1,E7: Temple Car,
E8: Jail Car,E8: 監獄車廂,project-proposed,heading-only,KftGV,172,data/11/entries/8/entries/9/name,1,E8: Jail Car,
E9: Engine Car,E9: 機車車廂,project-proposed,heading-only,KftGV,174,data/11/entries/8/entries/10/name,1,E9: Engine Car,
Earthquakes,地震,project-proposed,heading-only,KftGV,133,data/9/entries/4/entries/2,18,"When earthquakes and volcanic eruptions threatened to destroy the heroes' homeland, Xeluan carved a citadel into a mountainside, creating a refuge for the heroes and their people. The giant harnessed earth magic to create a protective ward around the settlement, but the devastation proved unstoppable. As the mountain crumbled and volcanic rifts threatened to engulf those he loved, Xeluan lifted the sanctuary above his shoulders and made a final, desperate sacrifice. He wove his life energy into the magic protecting the citadel, allowing it to withstand the onslaught. In doing so, Xeluan sacrificed his life to save thousands.",
Eating the Food,食用食物,project-proposed,heading-only,KftGV,154,data/10/entries/7/entries/7/entries/5/entries/4/name,1,Eating the Food,
Ebbin Fulchre,埃賓·福爾克,project-proposed,canonical-name,KftGV,104,data/7/entries/5/entries/1/entries/2,3,"If the characters wish to help Frody and the people of Toadhop, they can get directions to the old Dartwild cabin and check it out. Four unkempt youths led by a rabble-rouser named Ebbin Fulchre spot the characters as they make their way to the Dartwild cabin and follow them, curious to see what happens next.",
Edino,埃迪諾,project-proposed,canonical-name,KftGV,142,data/9/entries/10/entries/3/entries/5/entries/2/entries/2/items/1/name,18,Edino's Research,
Edino's Experiments,埃迪諾的實驗,project-proposed,heading-only,KftGV,144,data/9/entries/10/entries/3/entries/11/entries/3/name,1,Edino's Experiments,
Edino's Research,埃迪諾的研究,project-proposed,heading-only,KftGV,142,data/9/entries/10/entries/3/entries/5/entries/2/entries/2/items/1/name,1,Edino's Research,
Editorial Department,編輯部門,project-proposed,heading-only,KftGV,,data/14/entries/0/items/1/entries/0/entries/0/items/6/name,1,Editorial Department,
Editors,編輯,project-proposed,heading-only,KftGV,,data/14/entries/0/items/0/items/5/name,1,Editors,
Effects of Suspicion,懷疑的效果,project-proposed,heading-only,KftGV,61,data/4/entries/8/entries/6/entries/5/name,1,Effects of Suspicion,
Efreet,火巨靈,project-proposed,heading-only,KftGV,196,data/13/entries/7/entries/4/entries/1/items/0/name,7,Efreet,
Eldritch Surges,詭異波動,project-proposed,heading-only,KftGV,44,data/3/entries/9/entries/2/entries/2/name,14,Eldritch Surges,
Elevator,升降機,project-proposed,heading-only,KftGV,59,data/4/entries/8/entries/1,16,"One can approach Revel's End by land, sea, or air. A pier allows prisoners to be taken from ships up an elevator to the prison, and a mooring dock at the top of the tower allows prisoners to be delivered by airship.",
Eliphas,伊萊法斯,project-proposed,canonical-name,KftGV,177,data/12/entries/3/entries/2,50,"Every year during the winter solstice, Zorhanna and her husband, a werebear tinkerer named Eliphas, withdraw to their Feywild home of Paliset Hall to throw a lavish gala. Many guests from the Material Plane and the Feywild attend this pleasant gathering. This year, Zorhanna plans to show off her {@item Shard Solitaire (Diamond)|KftGV|shard solitaire} necklace once again, unaware that forces are conspiring to steal it from her.",伊利法斯
Eliphas's Past,伊萊法斯的過去,project-proposed,heading-only,KftGV,179,data/12/entries/6/entries/2/entries/1/items/1/name,1,Eliphas's Past,
Elix,埃利克斯,project-proposed,canonical-name,KftGV,88,data/6/entries/6/entries/7/entries/1/items/1/entry,17,"""The windows of the guildhouse are boarded up, and its doors are usually locked. At least three guild members have master keys to the doors: Guildmaster Dusk; Elix the Saint, one of Dusk's lieutenants; and Jaymont the Sinner, the guild's resident spy. The master of ravens, Gwish, might have a key as well. If you want to get your hands on a master key, your best bet is to snatch it from Elix the Saint, who frequents a seedy tavern called the Tipsy Tankard.""",艾利克斯;伊萊克斯
Elix the Saint,聖徒埃利克斯,project-proposed,canonical-name,KftGV,88,data/6/entries/6/entries/7/entries/1/items/1/entry,10,"""The windows of the guildhouse are boarded up, and its doors are usually locked. At least three guild members have master keys to the doors: Guildmaster Dusk; Elix the Saint, one of Dusk's lieutenants; and Jaymont the Sinner, the guild's resident spy. The master of ravens, Gwish, might have a key as well. If you want to get your hands on a master key, your best bet is to snatch it from Elix the Saint, who frequents a seedy tavern called the Tipsy Tankard.""",
Elra,埃爾拉,project-proposed,canonical-name,KftGV,41,data/3/entries/4/entries/5,24,"Without any knowledge of the profane entity influencing Markos, Vasil Talistrome hired a warrior named Elra Lionheart to retrieve {@i The Celestial Codex}. Elra and three other adventurers traveled to Markos's mansion, where they witnessed a number of peculiar magical effects caused by Krokulmar's growing influence. One by one, they fell prey to the mansion's sinister occupants.",
Elra's Camp,埃爾拉的營地,project-proposed,heading-only,KftGV,42,data/3/entries/7/entries/3,2,The characters have a choice: go to Elra's camp or to the mansion.,
Elysium,極樂境,project-proposed,canonical-name,KftGV,165,data/11/entries/7/entries/7/entries/3/rows/1/1,1,Elysium. All creatures aboard the train feel a sense of inner peace. No creature aboard the train can make an attack or cast a spell that deals damage.,
Embry,恩布里,project-proposed,canonical-name,KftGV,108,data/7/entries/7/entries/5/entries/0/entries/1,7,"""Wylie plays strings and has a beautiful singing voice. She is attending her father's birthday party and won't be back for a couple of days. That leaves Embry, a talented composer and horn player; Mazia, who plays the flute; and Mytchyl, who plays the drums and the harpsichord.",
Employee Pass Cards,員工通行證卡,project-proposed,heading-only,KftGV,30,data/2/entries/6/entries/3/name,4,Employee Pass Cards,
Employee-Only Areas,僅限員工區域,project-proposed,heading-only,KftGV,28,data/2/entries/5/entries/2/entries/8/entries/0,8,"The map Verity gives to the characters is a hand-drawn floor plan of the casino and the employee-only areas, as shown in map 2.1. Verity paid Gildur Draak, a dwarf who worked for the construction company that built the casino, to provide her with information about the building's nonpublic areas. However, Verity is no artist, so the map's accuracy is questionable.",
Employees,僱員,project-proposed,heading-only,KftGV,28,data/2/entries/5/entries/2/entries/9/entries/1/items/1/name,11,Employees,
Encountering Museum Guards,遭遇博物館警衛,project-proposed,heading-only,KftGV,15,data/1/entries/6/entries/4/entries/4/name,1,Encountering Museum Guards,
Entering Nonpublic Areas,進入非公共區域,project-proposed,heading-only,KftGV,15,data/1/entries/6/entries/4/entries/3/name,1,Entering Nonpublic Areas,
Entering the Hall,進入大廳,project-proposed,heading-only,KftGV,94,data/6/entries/8/entries/5/entries/12/entries/2/name,1,Entering the Hall,
Entering the Prison,進入監獄,project-proposed,heading-only,KftGV,56,data/4/entries/6/entries/6/entries/1/items/0/name,1,Entering the Prison,
Erlynn,埃爾林,project-proposed,canonical-name,KftGV,119,data/8/entries/3/entries/2,8,"As the years passed, the duo rose in the ranks of the Silver Fingers. But their partnership abruptly ended when they stole the Ruby Diadem, an heirloom once worn by Queen Erlynn Blessedore. Goldenbeard's family traces its lineage to the dwarven queen, who was captured in a battle centuries ago, and he desperately wanted to reclaim his family's diadem. The heist seemed like any other—until thirty guards suddenly surrounded the pair of thieves. Vidorant nimbly escaped via the roof with the diadem in hand, but Goldenbeard was caught. He avoided imprisonment by calling in favors with powerful friends, but when he tracked down Vidorant, she refused to hand over the diadem despite his family's claim to it.",
Erlynn Blessedore,埃爾林·布萊索雷,project-proposed,canonical-name,KftGV,119,data/8/entries/3/entries/2,7,"As the years passed, the duo rose in the ranks of the Silver Fingers. But their partnership abruptly ended when they stole the Ruby Diadem, an heirloom once worn by Queen Erlynn Blessedore. Goldenbeard's family traces its lineage to the dwarven queen, who was captured in a battle centuries ago, and he desperately wanted to reclaim his family's diadem. The heist seemed like any other—until thirty guards suddenly surrounded the pair of thieves. Vidorant nimbly escaped via the roof with the diadem in hand, but Goldenbeard was caught. He avoided imprisonment by calling in favors with powerful friends, but when he tracked down Vidorant, she refused to hand over the diadem despite his family's claim to it.",
Errtok,埃爾托克,project-proposed,canonical-name,KftGV,161,data/11/entries/4/entries/1/entries/0,4,"A planar faction known as the Fixers aims to restore balance to the Blood War (the eternal feud between demons and devils) by obtaining the true names of a pit fiend commonly known as Karnyros, a balor called Errtok, and a marilith known as Hexalanthe. A representative of the Fixers hires the characters to obtain these Fiends' true names from {@creature the Stranger|KftGV}.",
Esadora Crane,艾莎多拉·克雷恩,project-proposed,canonical-name,KftGV,191,data/12/entries/10/entries/1,1,"With the help of a tiefling {@creature scout} named Mettle (see the {@area Gala Guests table|462|x} earlier in the adventure), the hags have been able to spy on the gala. Disguised as three elf nobles from the Feywild, the three {@creature Night Hag||night hags} (whose names are Myrrel Malum, Esadora Crane, and Netheria Nightblossom) arrive at Paliset Hall in one of the Adulares's unicorn-drawn coaches. After exiting the coach, the hags present stolen invitations to the winter wolves standing guard outside, then waltz into Paliset Hall, cackling with delight at how well their plan is unfolding.",
Escape Route,逃生路線,project-proposed,heading-only,KftGV,56,data/4/entries/6/entries/6/entries/1/items/6/name,1,Escape Route,
Escaping the Rift,逃離裂縫,project-proposed,heading-only,KftGV,190,data/12/entries/9/entries/5/entries/21/entries/5,2,"The characters can also convince Zorhanna to stop attacking them by returning her spellbook to her. The spellbook (found in {@area area P16|4a4|x}) excites her because it contains the {@spell plane shift} spell—her ticket to freedom (see ""{@area Escaping the Rift|4b3|x}"" below).",
Esquire,侍從,project-proposed,canonical-name,KftGV,49,data/3/entries/9/entries/3/entries/24/entries/3/name,8,Esquire,埃斯奎爾
Ethlynn,艾絲琳,project-proposed,canonical-name,KftGV,169,data/11/entries/8/entries/7/entries/3/entries/2,15,"{@b Ethlynn Stalaczic} (neutral, drow {@creature mage}) is a friendly, somewhat gullible dragonologist on a planar quest to find a ""time dragon"" (which may or may not be a real thing). Until a few moments ago, Ethlynn and Quintus were cabin mates. Ethlynn currently shares her cabin (the one marked ""b"" on {@area map 11.2|422|x}) with a {@creature monodrone} valet called Bot.",
Evading Guards,躲避守衛,project-proposed,heading-only,KftGV,123,data/8/entries/7/entries/2/entries/3/name,3,Evading Guards,
Evil Presence,邪惡威儀,project-proposed,heading-only,KftGV,207,data/13/entries/8/entries/5/entries/31/entries/3/entries/1/items/2/name,1,Evil Presence,
Examining the Corpse,檢查屍體,project-proposed,heading-only,KftGV,169,data/11/entries/8/entries/7/entries/4/entries/1/items/0/name,1,Examining the Corpse,
Examining the Murkmire Stone,檢查穆克米爾石,project-proposed,heading-only,KftGV,18,data/1/entries/6/entries/5/entries/8/name,1,Examining the Murkmire Stone,
Excelsior,精益求精,project-proposed,canonical-name,KftGV,169,data/11/entries/8/entries/7/entries/3/entries/4,2,The monodrones never leave the train. Ignatius was already aboard when Meldar boarded the train a day ago in Bytopia. The other suspects boarded the train near Excelsior (a gate-town in the Outlands) shortly before the characters came aboard.,
Execute the Heist,執行搶劫,project-proposed,heading-only,KftGV,5,data/0/entries/2/entries/1/items/2/name,2,Execute the Heist,
Executive Producer,執行製片人,project-proposed,heading-only,KftGV,,data/14/entries/0/items/1/entries/0/entries/0/items/0/name,1,Executive Producer,
Exterior Lighting,外部照明,project-proposed,heading-only,KftGV,75,data/5/entries/9/entries/1/entries/4/name,2,Exterior Lighting,
Exterior Security,外部安全,project-proposed,heading-only,KftGV,123,data/8/entries/7/entries/2/entries/1/name,1,Exterior Security,
Extradimensional Rift,跨維度裂縫,project-proposed,heading-only,KftGV,177,data/12/entries/3/entries/1,8,"Lady {@creature Zorhanna Adulare|KftGV} is an elf and a retired adventurer. On one of her many adventures, she stole a diamond {@item Shard Solitaire (Diamond)|KftGV|shard solitaire} (a magic item described at the {@area end of the adventure|4bd|x}) from a trio of night hags known as the Crestfall Coven. Zorhanna later mounted the diamond into a glittering platinum necklace, which she often wears during special occasions. Trapped within the iridescent facets of the {@item shard solitaire|KftGV} is an unstable extradimensional rift that gives the diamond its remarkable powers.",
Extreme Cold,極度寒冷,project-proposed,heading-only,KftGV,59,data/4/entries/8/entries/4/entries/1/items/1/entry,3,"Interior spaces are magically heated. The temperature in these areas is a constant 68 degrees Fahrenheit (20 degrees Celsius). The exterior of the prison, including the guard towers, is 0 degrees Fahrenheit (−18 degrees Celsius) or colder. Creatures outside the prison are exposed to {@area extreme cold|152|x} (see below).",
Extreme Heat,極度高溫,project-proposed,heading-only,KftGV,169,data/11/entries/8/entries/6/entries/3/entries/2,4,"Cosmo can give a brief lecture on any {@book plane of existence|DMG|2} described in the {@book Dungeon Master's Guide|DMG}. If a character asks about a plane on the train's route, Cosmo also alludes to noteworthy planar effects. For example, if asked about the Nine Hells, the spectral duodrone might say, ""Rest assured, the Concordant Express is reinforced to withstand extreme heat and extreme cold."" Cosmo lectures about one plane per donation and vanishes after each lecture.",
Eye of the Efreet,火巨靈之眼,existing-site,canonical-name,KftGV,196,data/13/entries/7/entries/4/entries/1/items/2/entry,2,"The hold is defended by {@creature erinyes} devils (whose {@sense truesight} allows them to see through most forms of magical concealment), duergar, and {@creature Salamander||salamanders}, as well as a {@creature young red dragon} named Kalimrax and a {@creature beholder} known as the Eye of the Efreet.",伊夫利特之眼
Fail-Safe Device,安全裝置,project-proposed,heading-only,KftGV,71,data/5/entries/2,6,"In this adventure, the characters must enter Little Lockford, recover a security key, and use it to activate a fail-safe device that shuts off the automatons.",
Fake Murkmire Stone,假穆克米爾石,project-proposed,heading-only,KftGV,20,data/1/entries/7/entries/2/entries/10/entries/3/name,1,Fake Murkmire Stone,
Falling off the Train,從火車上掉下來,project-proposed,heading-only,KftGV,165,data/11/entries/7/entries/6/entries/2/name,2,Falling off the Train,
Far Realm Entity,遙遠國度實體,project-proposed,heading-only,KftGV,41,data/3/entries/1,21,"{@creature Markos Delphi|KftGV}'s curiosity has taken a tragic turn. A Far Realm entity called Krokulmar has taken control of Markos, compelling him to commit evil acts. At Krokulmar's command, Markos is using a book called {@i The Celestial Codex} to bring part of Krokulmar into the world. The book's rightful owner hired adventurers to retrieve {@i The Celestial Codex} and prevent Markos from using it, but these adventurers fell prey to the horrors of Delphi Mansion. A new group of adventurers—the player characters—must now complete the task. Meanwhile, Markos is close to accomplishing Krokulmar's goal.",
Far Realm Invader,遙遠國度入侵者,project-proposed,heading-only,KftGV,177,data/12/entries/3/entries/3/name,1,Far Realm Invader,
Farenhel,法倫赫爾,project-proposed,canonical-name,KftGV,50,data/3/entries/9/entries/3/entries/26/entries/0,1,"The walls and floor of this room are covered with star maps. The {@creature ghost} of an elf researcher named Farenhel wanders the room, looking through the maps and searching for an answer the ghost will never find. The ghost is harmless and attacks only in self-defense or if a character tries to steal a star map. The ghost stops attacking as soon as the stolen map is returned.",
Farn,法恩,project-proposed,canonical-name,KftGV,196,data/13/entries/5/entries/2/entries/1,3,"Farn Bindelbrot, a gnome operative for the Fated, identified the characters as having the skills needed for such a difficult task. Should the characters deliver the {@item Book of Vile Darkness (Variant)|KftGV|Book of Vile Darkness} to Farn, he will reward them with an {@item amulet of the planes}. Farn promises the Fated will then safely secure the book.",
Farn Bindelbrot,法恩·賓德爾布洛特,project-proposed,canonical-name,KftGV,196,data/13/entries/5/entries/2/entries/1,1,"Farn Bindelbrot, a gnome operative for the Fated, identified the characters as having the skills needed for such a difficult task. Should the characters deliver the {@item Book of Vile Darkness (Variant)|KftGV|Book of Vile Darkness} to Farn, he will reward them with an {@item amulet of the planes}. Farn promises the Fated will then safely secure the book.",
Farrow the Filcher,扒手法羅,project-proposed,canonical-name,KftGV,91,data/6/entries/8/entries/3/entries/1/entries/3,1,Farrow the Filcher,
Features,特性,project-proposed,heading-only,KftGV,15,data/1/entries/6/entries/4/entries/3/entries/0,46,"The doors to the museum's offices (areas V5–V7) and basement (area V16) are locked at all hours, as described in the ""Interior Doors"" subsection of the ""{@area General Features|033|x}"" section. Curator Alda Arkin, whom the characters might meet at the gala, carries a master key, while the museum's guards have keys that grant access to specific areas (see ""{@area Circumventing Security|029|x}"" and ""{@area Curator Alda Arkin|02e|x}"").",
Fey Crossing,精類穿越點,project-proposed,heading-only,KftGV,178,data/12/entries/5/entries/11,17,"If the characters accept the terms and agree to steal the necklace, Fifel leads them to Loch Wynnis, a lakeside hamlet with a fey crossing that serves as a gateway between the Material Plane and the Feywild (see the ""{@area Loch Wynnis|45f|x}"" section for details). Fifel explains that the fey crossing works only seven days of the year: three days before the winter solstice, the day of the winter solstice, and three days after the winter solstice.",
Feywild Guests,妖精荒野客人,project-proposed,heading-only,KftGV,179,data/12/entries/6/entries/3/entries/1/items/0/entry,2,"The Adulares have invited guests from the Feywild and the Material Plane. Feywild guests don't need to use the fey crossing in Loch Wynnis; instead, coaches pulled by unicorns will deliver them to the palace.",
Fiendish Extortion,惡魔敲詐,project-proposed,heading-only,KftGV,162,data/11/entries/4/entries/2/name,1,Fiendish Extortion,
Fifel,菲菲爾,project-proposed,canonical-name,KftGV,177,data/12/entries/3/entries/4/entries/0,35,"The characters become embroiled in this story after Eliphas, suspicious of the simulacrum's behavior, sends a friendly satyr named Fifel to get help. Fifel gives the characters invitations to the gala and reads a letter from Eliphas, urging them to steal the {@item Shard Solitaire (Diamond)|KftGV|shard solitaire} necklace from Zorhanna and take it far from Paliset Hall.",
Fifel Amberhoof,菲菲爾·琥珀蹄,project-proposed,canonical-name,KftGV,178,data/12/entries/5/entries/7/entries/0,1,"""I, {@creature Eliphas Adulare|KftGV}, have sent my esteemed messenger, Fifel Amberhoof, to lead you to the shores of Loch Wynnis, so that you may cross into the Feywild with great haste. The winter solstice is nearly upon us, and I fear evil forces are as well.",
Fifel Takes His Leave,菲菲爾告別,project-proposed,heading-only,KftGV,182,data/12/entries/7/entries/6/name,1,Fifel Takes His Leave,
Finding Zorhanna and Eliphas,尋找佐哈娜和伊萊法斯,project-proposed,heading-only,KftGV,185,data/12/entries/9/entries/5/entries/4/entries/2/name,1,Finding Zorhanna and Eliphas,
Finding the Key,尋找鑰匙,project-proposed,heading-only,KftGV,69,data/4/entries/8/entries/10/entries/7/entries/5/name,2,Finding the Key,
Fire,火焰,existing-site,heading-only,KftGV,5,data/0/entries/3/entries/5/entries/3/rows/12/0,55,{@adventure Fire and Darkness|KftGV|13},
Fire Protection,火焰防護,project-proposed,heading-only,KftGV,198,data/13/entries/7/entries/6/entries/1/items/0/name,1,Fire Protection,
Fire and Darkness,火與黑暗,project-proposed,heading-only,KftGV,5,data/0/entries/3/entries/5/entries/3/rows/12/0,4,{@adventure Fire and Darkness|KftGV|13},
Fire-Breathing Statues,噴火雕像,project-proposed,heading-only,KftGV,127,data/8/entries/7/entries/3/entries/7/entries/1/name,1,Fire-Breathing Statues,
Fireplace,壁爐,project-proposed,heading-only,KftGV,46,data/3/entries/9/entries/3/entries/5/entries/2,22,"{@b Chimney}. A fireplace in the middle of the east wall contains a black iron pot hung on a hook. The chimney is too narrow for Medium or Small characters to climb, but a Tiny creature could fit.",
Fixers,修理工,project-proposed,canonical-name,KftGV,161,data/11/entries/4/entries/1/entries/0,2,"A planar faction known as the Fixers aims to restore balance to the Blood War (the eternal feud between demons and devils) by obtaining the true names of a pit fiend commonly known as Karnyros, a balor called Errtok, and a marilith known as Hexalanthe. A representative of the Fixers hires the characters to obtain these Fiends' true names from {@creature the Stranger|KftGV}.",
Flagpole,旗杆,project-proposed,heading-only,KftGV,116,data/7/entries/8/entries/9/entries/19/entries/0/entries/0,3,"A three-foot-high stone battlement encloses this rooftop. Mounted on one corner of the battlement is a flagpole flying a black pennant emblazoned with a golden olive tree. A chimney pipe juts from the opposite corner, and an oak door leads to each tower.",
Flames,噴火,project-proposed,heading-only,KftGV,31,data/2/entries/7/entries/3/entries/5/entries/0,6,The casino is lit by programmed {@spell dancing lights} spells that create flames of a hellish hue. These lights float and bob at varying heights. The employee tunnels contain {@spell continual flame} spells cast on sconces.,
Fleeing with the Heart,帶著心臟逃跑,project-proposed,heading-only,KftGV,158,data/10/entries/7/entries/8/name,1,Fleeing with the Heart,
Flight,飛翔,existing-site,heading-only,KftGV,37,data/2/entries/7/entries/7/entries/15/entries/1,4,Cirque Maladomini uses this room as a holding pen for animals and a staging area for performers. Characters entering from the south must descend a flight of steps to reach the chamber's sunken floor.,
Floors,地板,project-proposed,heading-only,KftGV,18,data/1/entries/7/entries/1/entries/0,26,The Varkenbluff Museum of Natural History has stone walls and tiled floors. The building's other features are described below:,
For the Golden Vault,對於金庫,project-proposed,heading-only,KftGV,6,data/0/entries/4/entries/7/entries/0,31,"Secrecy is paramount for the Golden Vault. To protect the organization, the characters' handler never provides more information than is absolutely necessary. Similarly, Golden Vault operatives are aware of only a handful of their fellow members. This compartmentalization ensures no one individual knows enough to jeopardize the organization at large.",
Forcible Jailbreak,強制越獄,project-proposed,heading-only,KftGV,69,data/4/entries/8/entries/10/entries/7/entries/6/name,1,Forcible Jailbreak,
Fountain,噴泉,existing-site,heading-only,KftGV,137,data/9/entries/9/entries/5/entries/2/entries/0,17,"Other than the citadel's main entrance (on the lower level of map 9.1), {@creature Rilago|KftGV}'s notes point to three other possible means of entry: two ventilation shafts exiting to the hills outside Oztocan (see ""{@area Ventilation Shafts|373|x}"") and a fountain connected to a nearby grotto (see ""{@area Ironbed Grotto|374|x}"").",
Franceena Van Lictor,弗蘭希娜·范·利克托,project-proposed,canonical-name,KftGV,15,data/1/entries/6/entries/4/entries/4/entries/3/rows/1/1,1,"Franceena Van Lictor (neutral good elf), a sarcastic newbie who respects history",
Friendly Advice,友好建議,project-proposed,heading-only,KftGV,74,data/5/entries/8/entries/4/entries/2/items/0/name,1,Friendly Advice,
Friendly Game,友好遊戲,project-proposed,heading-only,KftGV,172,data/11/entries/8/entries/9/entries/4/entries/5/items/2/name,2,Friendly Game,
Froderic Dartwild,弗羅德里克·達特維爾德,project-proposed,canonical-name,KftGV,103,data/7/entries/1,8,"Famed bard Froderic Dartwild is dead, and his beautiful mandolin, called Golden Axe, has been stolen from his grave. Even worse, Froderic has risen as a zombie, terrifying the hamlet of Toadhop. In this heist, the characters must track down Golden Axe from the music school owner who stole it and return it to Froderic so the bard can rest peacefully in death once again.",
Frody,弗羅迪,project-proposed,canonical-name,KftGV,9,data/0/entries/5/entries/3/entries/13/entries/3/rows/6/1,39,"Zarthine Delthion (neutral, human {@creature noble}), the daughter of the wizard who gave Frody the Canaith mandolin, believes the instrument is rightfully hers. She hires the rivals to retrieve it.",
Frody Dartwild,弗羅迪·達特維爾德,existing-site,heading-only,KftGV,104,data/7/entries/5/entries/1/name,3,Frody Dartwild,
Front Doors,前門,project-proposed,heading-only,KftGV,16,data/1/entries/6/entries/4/entries/5/entries/1/entries/1/items/0,13,The front doors to {@area area V1|035|x},
Fuel,燃料,existing-site,heading-only,KftGV,9,data/0/entries/5/entries/3/entries/13/entries/3/rows/9/1,4,"Barolophine (neutral evil, elf {@creature archmage}) hires the rivals to recover the heart of Jhaeros, a focus item the archmage needs to fuel her journey to become a lich.",
Furnace,火爐,project-proposed,heading-only,KftGV,174,data/11/entries/8/entries/10/entries/0/entries/0,9,"A massive furnace dominates the interior of this noisy car. Two spherical modrons shovel coins into the roaring fire while a brawny, nine-foot-tall automaton guards a treasure-filled fuel cart nearby. ""Faster!"" bellows a deep, disembodied voice.",
Further Adventures,更多冒險,project-proposed,heading-only,KftGV,23,data/1/entries/8/entries/1,4,"If the characters don't bring the Murkmire Stone to Dr. Dannell by midnight, it hatches into a nascent eldritch horror. Additionally, Alda Arkin might be revealed as a syndicate head. These outcomes are discussed in the ""Further Adventures"" section.",
G10: Main Hall,G10: 主廳,project-proposed,heading-only,KftGV,94,data/6/entries/8/entries/5/entries/12/name,1,G10: Main Hall,
G11: Kitchen,G11: 廚房,project-proposed,heading-only,KftGV,94,data/6/entries/8/entries/5/entries/13/name,1,G11: Kitchen,
G12: Parlor,G12: 客廳,project-proposed,heading-only,KftGV,94,data/6/entries/8/entries/5/entries/14/name,1,G12: Parlor,
G13: Tower Rotunda,G13: 塔樓圓形大廳,project-proposed,heading-only,KftGV,95,data/6/entries/8/entries/5/entries/15/name,1,G13: Tower Rotunda,
G14: Upstairs Foyer,G14: 二樓門廳,project-proposed,heading-only,KftGV,95,data/6/entries/8/entries/5/entries/16/name,1,G14: Upstairs Foyer,
G15: L-Shaped Hall,G15: L形走廊,project-proposed,heading-only,KftGV,95,data/6/entries/8/entries/5/entries/17/name,1,G15: L-Shaped Hall,
G16: Stablemaster's Quarters,G16: 馬廄管理員宿舍,project-proposed,heading-only,KftGV,95,data/6/entries/8/entries/5/entries/18/name,1,G16: Stablemaster's Quarters,
G17: Small Common Room,G17: 小公共休息室,project-proposed,heading-only,KftGV,95,data/6/entries/8/entries/5/entries/19/name,1,G17: Small Common Room,
G18: Large Common Room,G18: 大公共休息室,project-proposed,heading-only,KftGV,95,data/6/entries/8/entries/5/entries/20/name,1,G18: Large Common Room,
G19. North Balcony,G19: 北陽臺,project-proposed,heading-only,KftGV,95,data/6/entries/8/entries/5/entries/21/name,1,G19. North Balcony,
G1: Front Porch,G1: 前廊,project-proposed,heading-only,KftGV,91,data/6/entries/8/entries/5/entries/2/name,1,G1: Front Porch,
G20: Private Room,G20: 私人房間,project-proposed,heading-only,KftGV,95,data/6/entries/8/entries/5/entries/22/name,1,G20: Private Room,
G21: Gwish's Room,G21: 格威許的房間,project-proposed,heading-only,KftGV,96,data/6/entries/8/entries/5/entries/23/name,1,G21: Gwish's Room,
G22: South Balcony,G22: 南陽臺,project-proposed,heading-only,KftGV,96,data/6/entries/8/entries/5/entries/24/name,1,G22: South Balcony,
G23: Stolen Goods,G23: 贓物,project-proposed,heading-only,KftGV,96,data/6/entries/8/entries/5/entries/25/name,1,G23: Stolen Goods,
G24: Elix's Office,G24: 埃利克斯的辦公室,project-proposed,heading-only,KftGV,96,data/6/entries/8/entries/5/entries/26/name,1,G24: Elix's Office,
G25: Shared Bedroom,G25: 共用臥室,project-proposed,heading-only,KftGV,97,data/6/entries/8/entries/5/entries/27/name,1,G25: Shared Bedroom,
G26: Dusk's Quarters,G26: 達斯克的住處,project-proposed,heading-only,KftGV,97,data/6/entries/8/entries/5/entries/28/name,1,G26: Dusk's Quarters,
G27: Tower Peak,G27: 塔頂,project-proposed,heading-only,KftGV,97,data/6/entries/8/entries/5/entries/29/name,1,G27: Tower Peak,
G28: Cellar,G28: 地窖,project-proposed,heading-only,KftGV,98,data/6/entries/8/entries/5/entries/30/name,1,G28: Cellar,
G29: Murky Pool,G29: 昏暗水池,project-proposed,heading-only,KftGV,99,data/6/entries/8/entries/5/entries/31/name,1,G29: Murky Pool,
G2a: Livery Stables,G2a: 馬廄,project-proposed,heading-only,KftGV,92,data/6/entries/8/entries/5/entries/3/name,1,G2a: Livery Stables,
G2b: Hayloft,G2b: 乾草棚,project-proposed,heading-only,KftGV,92,data/6/entries/8/entries/5/entries/4/name,1,G2b: Hayloft,
G30: Trapdoor,G30: 活板門,project-proposed,heading-only,KftGV,99,data/6/entries/8/entries/5/entries/32/name,1,G30: Trapdoor,
G31: Follow the Arrows,G31: 跟隨箭頭,project-proposed,heading-only,KftGV,99,data/6/entries/8/entries/5/entries/33/name,1,G31: Follow the Arrows,
G32: Eastern Maze,G32: 東方迷宮,project-proposed,heading-only,KftGV,99,data/6/entries/8/entries/5/entries/34/name,1,G32: Eastern Maze,
G33: Western Maze,G33: 西部迷宮,project-proposed,heading-only,KftGV,99,data/6/entries/8/entries/5/entries/35/name,1,G33: Western Maze,
G34: Cell Block,G34: 牢房區,project-proposed,heading-only,KftGV,100,data/6/entries/8/entries/5/entries/36/name,1,G34: Cell Block,
G34a: Smugglers' Barrels,G34a: 走私者的桶,project-proposed,heading-only,KftGV,100,data/6/entries/8/entries/5/entries/36/entries/3/name,1,G34a: Smugglers' Barrels,
G34b: Smugglers' Trunks,G34b: 走私者的箱子,project-proposed,heading-only,KftGV,100,data/6/entries/8/entries/5/entries/36/entries/4/name,1,G34b: Smugglers' Trunks,
G34c: Prison Cells,G34c: 監獄牢房,project-proposed,heading-only,KftGV,100,data/6/entries/8/entries/5/entries/36/entries/5/name,1,G34c: Prison Cells,
G35: Storage Room,G35: 儲藏室,project-proposed,heading-only,KftGV,100,data/6/entries/8/entries/5/entries/37/name,1,G35: Storage Room,
G36: Storage Room,G36: 儲藏室,project-proposed,heading-only,KftGV,100,data/6/entries/8/entries/5/entries/38/name,1,G36: Storage Room,
G37: Secret Tunnel,G37: 秘密隧道,project-proposed,heading-only,KftGV,100,data/6/entries/8/entries/5/entries/39/name,1,G37: Secret Tunnel,
G3: Staircase,G3: 樓梯,project-proposed,heading-only,KftGV,92,data/6/entries/8/entries/5/entries/5/name,1,G3: Staircase,
G4: Cartwright's Workshop,G4: 馬車匠的作坊,project-proposed,heading-only,KftGV,92,data/6/entries/8/entries/5/entries/6/name,1,G4: Cartwright's Workshop,
G5: Livery Office,G5: 馬房辦公室,project-proposed,heading-only,KftGV,92,data/6/entries/8/entries/5/entries/7/name,1,G5: Livery Office,
G6: Basement Staircase,G6: 地下室樓梯,project-proposed,heading-only,KftGV,94,data/6/entries/8/entries/5/entries/8/name,1,G6: Basement Staircase,
G7: Service Entrance,G7: 服務入口,project-proposed,heading-only,KftGV,94,data/6/entries/8/entries/5/entries/9/name,1,G7: Service Entrance,
G8: Courtyard,G8: 庭院,project-proposed,heading-only,KftGV,94,data/6/entries/8/entries/5/entries/10/name,1,G8: Courtyard,
G9: Conference Room,G9: 會議室,project-proposed,heading-only,KftGV,94,data/6/entries/8/entries/5/entries/11/name,1,G9: Conference Room,
Gallia Strand,加莉亞·史特蘭德,project-proposed,canonical-name,KftGV,64,data/4/entries/8/entries/9/entries/18/entries/3/entries/2/rows/0/1,1,"Gallia Strand (neutral evil human), convicted of smuggling contraband luxuries, has served {@dice 1d6} years of a 10-year sentence.",
Game Architects,遊戲架構師,project-proposed,heading-only,KftGV,,data/14/entries/0/items/1/entries/0/entries/0/items/1/name,1,Game Architects,
Games of Chance,機會遊戲,project-proposed,heading-only,KftGV,32,data/2/entries/7/entries/4/name,2,Games of Chance,
Garent Millaneff,蓋倫特·米拉涅夫,project-proposed,canonical-name,KftGV,15,data/1/entries/6/entries/4/entries/4/entries/3/rows/4/1,1,"Garent Millaneff (neutral evil human), a bully who loves money and bragging rights",
Gate Control,門控,project-proposed,heading-only,KftGV,66,data/4/entries/8/entries/9/entries/19/entries/2/entries/1/items/0/name,1,Gate Control,
Gatehouse,門樓,project-proposed,heading-only,KftGV,76,data/5/entries/10/entries/2/entries/1/name,10,L1: Entrance and Gatehouse,
Gathering Intelligence,收集情報,project-proposed,heading-only,KftGV,120,data/8/entries/6/entries/1/name,2,Gathering Intelligence,
Gauntlgry,岡特格里,project-proposed,canonical-name,,,,0,,
Gemstone Wing,寶石翼,project-proposed,heading-only,KftGV,7,data/0/entries/5/entries/2/entries/2,13,"For example, in ""{@adventure The Murkmire Malevolence|KftGV|1},"" perhaps the MacGuffin is no longer in the Gemstone Wing and is being stored in the museum's attic overnight. The characters could learn this detail by reading notes they discover in the curator's office or by questioning one of the museum guards.",
Gemstone Wing Security Measures,寶石翅膀安全措施,project-proposed,heading-only,KftGV,18,data/1/entries/6/entries/5/entries/8/entries/1/name,1,Gemstone Wing Security Measures,
General Features,通用特徵,project-proposed,heading-only,KftGV,15,data/1/entries/6/entries/4/entries/3/entries/0,14,"The doors to the museum's offices (areas V5–V7) and basement (area V16) are locked at all hours, as described in the ""Interior Doors"" subsection of the ""{@area General Features|033|x}"" section. Curator Alda Arkin, whom the characters might meet at the gala, carries a master key, while the museum's guards have keys that grant access to specific areas (see ""{@area Circumventing Security|029|x}"" and ""{@area Curator Alda Arkin|02e|x}"").",
Geometric Design,幾何圖案,project-proposed,heading-only,KftGV,81,data/5/entries/10/entries/5/entries/6/entries/0/entries/1,3,"Inscribed on the floor is a complex geometric design that pulsates with light. In the middle of this design, embedded in the floor, is a one-foot-square metal box with a keyhole in the top of it.",
Getting Caught,被抓到,project-proposed,heading-only,KftGV,5,data/0/entries/3/entries/4/entries/2,3,"Well-outfitted characters are also more likely to succeed at these adventures. Equipment such as thieves' tools, rope, and a grappling hook might mean the difference between taking a shortcut to the objective and getting caught.",
Getting Inside,進入內部,project-proposed,heading-only,KftGV,59,data/4/entries/8/entries/5/entries/2,4,"Characters might approach the prison via the Jolly Pelican, or they might choose to approach on their own (see ""{@area Getting Inside|154|x}"" below).",
Getting the Egg,獲取卵,project-proposed,heading-only,KftGV,13,data/1/entries/5/entries/5/entries/5/entries/2/items/0/name,1,Getting the Egg,
Ghalasine,加拉辛,project-proposed,canonical-name,KftGV,149,data/10/entries/1,36,"Ghalasine is under a terrible curse. An evil spellcaster has enacted a ritual to siphon life from the city's people and reduce the city itself to ash. Powering the ritual is the heart of Ghalasine's vanquished leader, {@creature King Jhaeros|KftGV} Astolko. In this adventure, the characters must infiltrate Castle Cinis and recover the king's heart to end the ritual, thereby saving Ghalasine.",
Ghalasine Is Restored,加拉辛得到恢復,project-proposed,heading-only,KftGV,159,data/10/entries/9/entries/1/items/2/name,3,Ghalasine Is Restored,
Giant's Heart,巨人之心,project-proposed,heading-only,KftGV,142,data/9/entries/10/entries/3/entries/5/entries/4/name,5,Giant's Heart,
Gift for the King,給國王的禮物,project-proposed,heading-only,KftGV,155,data/10/entries/7/entries/7/entries/10/entries/3/items/0/name,1,Gift for the King,
Gildur Draak,吉爾杜爾·德拉克,project-proposed,canonical-name,KftGV,28,data/2/entries/5/entries/2/entries/8/entries/0,1,"The map Verity gives to the characters is a hand-drawn floor plan of the casino and the employee-only areas, as shown in map 2.1. Verity paid Gildur Draak, a dwarf who worked for the construction company that built the casino, to provide her with information about the building's nonpublic areas. However, Verity is no artist, so the map's accuracy is questionable.",
Glitch,格利奇,project-proposed,canonical-name,KftGV,162,data/11/entries/5/entries/1/entries/0,19,"""Greetings, operatives. The Golden Vault needs you to obtain the true names of three powerful denizens of the Lower Planes: the pit fiend Karnyros, the balor Errtok, and the marilith Hexalanthe. Their true names are known to an outlaw called {@creature the Stranger|KftGV}, who is being transported to Mechanus on an interplanar train called the Concordant Express. This quest, should you choose to undertake it, requires you board the train, locate {@creature the Stranger|KftGV}, and acquire the true names from them. Expect to be contacted shortly by a quadrone named Glitch, a former train operative who now works for us. Good luck, operatives.""",
Glitch the Quadrone,格利奇·四元冢,project-proposed,heading-only,KftGV,162,data/11/entries/6/name,1,Glitch the Quadrone,
Glyphy Rubbleclub,格里菲·碎石棒,project-proposed,canonical-name,KftGV,80,data/5/entries/10/entries/5/entries/4/entries/2/entries/0,1,"The cellar contains crates of worthless supplies, several kegs of a locally brewed mushroom beer called Rubbleclub Classic (named for its brewer, the svirfneblin Glyphy Rubbleclub), and several more kegs of an oaky whiskey called Oofenklanger's Finest (named after the family that originally distilled it).",
Golden Axe,金斧,project-proposed,canonical-name,KftGV,103,data/7/entries/1,22,"Famed bard Froderic Dartwild is dead, and his beautiful mandolin, called Golden Axe, has been stolen from his grave. Even worse, Froderic has risen as a zombie, terrifying the hamlet of Toadhop. In this heist, the characters must track down Golden Axe from the music school owner who stole it and return it to Froderic so the bard can rest peacefully in death once again.",金斧頭
Golden Vault,金庫,project-proposed,canonical-name,KftGV,5,data/0/entries/0,116,"{@i Keys from the Golden Vault} presents thirteen Dungeons & Dragons adventures that feature heists. In each adventure, the characters receive a mission, plan the job, execute their plan, and try to escape the scene. You can run each heist as a standalone adventure or as part of a larger campaign (see ""{@area A Campaign of Heists|005|x}"" later in this introduction). Each adventure can be adapted to take place in any campaign setting you wish.",黃金金庫;金色金庫;黃金寶庫
Goldenbeard,金鬚,project-proposed,canonical-name,KftGV,9,data/0/entries/5/entries/3/entries/13/entries/3/rows/7/1,36,The rivals are members of the Silver Fingers Society and wish to impress Samphith Goldenbeard by stealing the diadem. They are unaware Goldenbeard has hired the characters.,金鬍子;金須
Goldenbeard's Secret,金鬚的秘密,project-proposed,heading-only,KftGV,127,data/8/entries/7/entries/3/entries/6/entries/3/entries/2/items/2/name,1,Goldenbeard's Secret,
Grand Minauros Invitational,米瑙洛斯盛大邀請賽,project-proposed,canonical-name,KftGV,27,data/2/entries/1,4,"At the Afterlife Casino, a three-dragon ante tournament called the Grand Minauros Invitational awards one winner with a sizable purse and a golden erinyes statuette. A former gambler with a score to settle hires the characters to steal the statuette as well as gold from the casino's vault before the tournament ends and the winner is declared. The characters must case the casino, steal what they came for, and escape.",大彌諾陶洛斯邀請賽
Graphic Designers,平面設計師,project-proposed,heading-only,KftGV,,data/14/entries/0/items/0/items/7/name,1,Graphic Designers,
Grattia Gartirio,格拉提雅·加提里奧,project-proposed,canonical-name,,,,0,,
Grave Theft,墓地盜竊,project-proposed,heading-only,KftGV,105,data/7/entries/5/entries/2/entries/6/entries/1/items/0/name,1,Grave Theft,
Graz'zt,格拉茲特,project-proposed,canonical-name,KftGV,107,data/7/entries/7/entries/4/entries/0,11,"{@creature Sythian Skalderang|KftGV} has an {@creature incubus} acquaintance who goes by the name {@creature Joster Mareet|KftGV}. This servant of the demon lord Graz'zt usually takes the form of a tall, beautiful, male tiefling. The incubus has telepathy out to a range of 60 feet, enabling the fiend to have telepathic conversations with Sythian even when they're not in the same room.",格拉斯·茲
Grinky,格林基,project-proposed,canonical-name,KftGV,88,data/6/entries/6/entries/5,16,"The man tied to the chair is Grinky Brithwort (neutral evil, human {@creature bandit}). He was captured during the theft of {@item Constantori's Portrait|KftGV} and has useful information about the Agile Hand and its headquarters—information the characters can use to help plan their heist.",
Grinky Brithwort,格林基·布里斯沃特,project-proposed,canonical-name,KftGV,88,data/6/entries/6/entries/5,1,"The man tied to the chair is Grinky Brithwort (neutral evil, human {@creature bandit}). He was captured during the theft of {@item Constantori's Portrait|KftGV} and has useful information about the Agile Hand and its headquarters—information the characters can use to help plan their heist.",
Grinky's Deal,格林基的交易,project-proposed,heading-only,KftGV,88,data/6/entries/6/entries/6/name,1,Grinky's Deal,
Grinky's Map,格林基的地圖,project-proposed,heading-only,KftGV,89,data/6/entries/7/entries/1/name,3,Grinky's Map,
Gruk-Gruk,格魯克－格魯克,project-proposed,canonical-name,KftGV,201,data/13/entries/8/entries/5/entries/4/entries/2/name,5,Gruk-Gruk,
Guard Locations After Hours,營業時間結束後的警衛位置,project-proposed,heading-only,KftGV,16,data/1/entries/6/entries/4/entries/5/entries/4/entries/0,2,"After hours, Maryam Bikram is stationed at the entrance to the gala. Eleven other museum guards watch the areas indicated in the Guard Locations After Hours table. Guards have keys to certain areas. Guards also have pass cards that allow them to bypass the museum's alarms (see ""{@area Bypassing Alarms|029|x}"" below).",
Guard Patrols,守衛巡邏,project-proposed,heading-only,KftGV,121,data/8/entries/6/entries/3/entries/1/entries/0,6,"The vault stands in a rundown neighborhood, but the street and alleyways around the vault are unobstructed. Small windows glint from high on the vault's stone walls. Two guards keep watch on the second-floor balcony, while another guard patrols around the structure at ground level.",
Guards,警衛們,existing-site,heading-only,KftGV,7,data/0/entries/5/entries/2/entries/2,241,"For example, in ""{@adventure The Murkmire Malevolence|KftGV|1},"" perhaps the MacGuffin is no longer in the Gemstone Wing and is being stored in the museum's attic overnight. The characters could learn this detail by reading notes they discover in the curator's office or by questioning one of the museum guards.",
Guards on Watch,瞭望塔上的守衛,project-proposed,heading-only,KftGV,60,data/4/entries/8/entries/5/entries/6/name,1,Guards on Watch,
Guards' Patrol Routes,守衛的巡邏路線,project-proposed,heading-only,KftGV,20,data/1/entries/7/entries/2/entries/6/entries/3/name,1,Guards' Patrol Routes,
Guests,客人,project-proposed,heading-only,KftGV,36,data/2/entries/7/entries/7/entries/12/entries/3/entries/0,45,A tiefling security guard (use the {@creature thug} stat block) stands next to the display case and allows guests to examine the statuette without touching the case.,
Guild Member Names,公會成員姓名,project-proposed,heading-only,KftGV,91,data/6/entries/8/entries/3/name,1,Guild Member Names,
Guild Membership,公會成員身份,project-proposed,heading-only,KftGV,88,data/6/entries/6/entries/7/entries/1/items/3/name,1,Guild Membership,
Guildhouse Guards,公會館守衛,project-proposed,heading-only,KftGV,88,data/6/entries/6/entries/7/entries/1/items/2/name,1,Guildhouse Guards,
Guildhouse Locations,公會館地點,project-proposed,heading-only,KftGV,91,data/6/entries/8/entries/5/name,1,Guildhouse Locations,
Guildmaster,公會會長,project-proposed,canonical-name,KftGV,9,data/0/entries/5/entries/3/entries/13/entries/3/rows/5/1,35,"The rivals are members of a thieves' guild from a neighboring city. They seek {@item Constantori's Portrait|KftGV} for Skandor Torreth (neutral, human {@creature assassin}), a guildmaster who needs information only the portrait knows.",公會大師
Guildmaster Deepdelve,公會會長深掘,project-proposed,heading-only,KftGV,82,data/5/entries/10/entries/6/entries/5/entries/2/name,1,Guildmaster Deepdelve,
Guildmaster Dusk,達斯克會長,project-proposed,heading-only,KftGV,88,data/6/entries/6/entries/7/entries/1/items/0/name,29,Guildmaster Dusk,
Gwish,格威許,project-proposed,canonical-name,KftGV,88,data/6/entries/6/entries/7/entries/1/items/1/entry,13,"""The windows of the guildhouse are boarded up, and its doors are usually locked. At least three guild members have master keys to the doors: Guildmaster Dusk; Elix the Saint, one of Dusk's lieutenants; and Jaymont the Sinner, the guild's resident spy. The master of ravens, Gwish, might have a key as well. If you want to get your hands on a master key, your best bet is to snatch it from Elix the Saint, who frequents a seedy tavern called the Tipsy Tankard.""",格維斯
Gwish's Trunk,格威許的箱子,project-proposed,heading-only,KftGV,96,data/6/entries/8/entries/5/entries/23/entries/4/name,1,Gwish's Trunk,
Halfling Robbers,半身人強盜,project-proposed,heading-only,KftGV,105,data/7/entries/5/entries/2/entries/6/entries/1/items/1/name,1,Halfling Robbers,
Halfling Sandcastle,半身人沙堡,project-proposed,heading-only,KftGV,107,data/7/entries/6/entries/6/name,1,Halfling Sandcastle,
Halflings' Whereabouts,半身人的下落,project-proposed,heading-only,KftGV,105,data/7/entries/5/entries/2/entries/6/entries/1/items/2/name,1,Halflings' Whereabouts,
Halfway Isle (Area L3),半途島（區域L3）,project-proposed,heading-only,KftGV,78,data/5/entries/10/entries/3/name,1,Halfway Isle (Area L3),
Harpers,豎琴手聯盟,project-proposed,canonical-name,KftGV,66,data/4/entries/8/entries/9/entries/22/entries/1/entries/1,3,"Warden Marthannis is secretly a member of the Harpers, a faction that works behind the scenes to keep power out of the hands of evildoers. In her current position, she works to keep some of the Sword Coast's worst malefactors behind bars. So far, the warden has managed to conceal her Harper affiliation from everyone else in the prison.",豎琴手（Harpers）
Hatch,艙門,existing-site,heading-only,KftGV,11,data/1/entries/1,25,"Unbeknownst to anyone but a disgraced academic, the Varkenbluff Museum of Natural History is in grave danger. Archaeologists at a nearby dig site recently unearthed a curiosity: the Murkmire Stone. This object is actually an eldritch creature's egg, and it's about to hatch. The characters must infiltrate the museum, steal the egg, and return it to {@creature Dr. Cassee Dannell|KftGV} to be neutralized before it releases an eldritch horror.",
Healing Aids,治療輔助,project-proposed,heading-only,KftGV,74,data/5/entries/8/entries/4/entries/2/items/2/name,1,Healing Aids,
Heart of Ashes,灰燼之心,project-proposed,heading-only,KftGV,5,data/0/entries/3/entries/5/entries/3/rows/9/0,3,{@adventure Heart of Ashes|KftGV|10},
Heart of Ghalasine,加拉辛之心,project-proposed,heading-only,KftGV,149,data/10/entries/1,3,"Ghalasine is under a terrible curse. An evil spellcaster has enacted a ritual to siphon life from the city's people and reduce the city itself to ash. Powering the ritual is the heart of Ghalasine's vanquished leader, {@creature King Jhaeros|KftGV} Astolko. In this adventure, the characters must infiltrate Castle Cinis and recover the king's heart to end the ritual, thereby saving Ghalasine.",
Heart of the King,國王之心,project-proposed,heading-only,KftGV,155,data/10/entries/7/entries/7/entries/10/entries/3/items/1/entry,2,"""After trapping me in the fireplace, Charmayne bragged that Jhaeros himself would destroy Ghalasine. 'The heart of Ghalasine has always been its king,' she told me, 'so it's fitting that the heart of the king is the key to Ghalasine's demise.'""",
Heart of the Matter,問題的核心,project-proposed,heading-only,KftGV,71,data/5/entries/1,2,"The clockwork automatons that guard the svirfneblin town of Little Lockford have attacked the very residents they were meant to keep safe, forcing a town-wide evacuation. At the heart of the matter is Security Overseer {@creature Tixie Tockworth|KftGV}, a tinkerer who has turned malicious.",
Heating,供暖,project-proposed,heading-only,KftGV,59,data/4/entries/8/entries/4/entries/1/items/1/name,2,Heating,
Heist Complications,搶劫複雜情況,project-proposed,heading-only,KftGV,7,data/0/entries/5/name,1,Heist Complications,
Helping Markos,幫助馬寇斯,project-proposed,heading-only,KftGV,51,data/3/entries/9/entries/3/entries/33/entries/7/name,1,Helping Markos,
Heroes Rest Here,英雄歇腳處,project-proposed,canonical-name,KftGV,137,data/9/entries/9/entries/3/entries/4/entries/1,1,"If the characters draw Leandro's attention to the words ""Heroes Rest Here"" on the map's upper level, Leandro shares an Oztocan fable about a band of heroes who defended their homeland with the help of a giant. When the giant died, the heroes honored their mighty companion by building a tomb around his petrified body. Leandro doesn't know what became of the heroes, nor does history remember their names, but the giant's name was Xeluan.",
Heroes in the Shadows,暗影中的英雄,project-proposed,heading-only,KftGV,6,data/0/entries/4/entries/7/name,1,Heroes in the Shadows,
Hexalanthe,赫克莎蘭瑟,project-proposed,canonical-name,KftGV,161,data/11/entries/4/entries/1/entries/0,4,"A planar faction known as the Fixers aims to restore balance to the Blood War (the eternal feud between demons and devils) by obtaining the true names of a pit fiend commonly known as Karnyros, a balor called Errtok, and a marilith known as Hexalanthe. A representative of the Fixers hires the characters to obtain these Fiends' true names from {@creature the Stranger|KftGV}.",
Hidden Room,隱藏房間,project-proposed,heading-only,KftGV,46,data/3/entries/9/entries/3/entries/4/entries/1,7,"A {@creature mimic} disguised as a stuffed deer head has attached itself to a blank wooden plaque mounted on a secret door in the south wall. Markos trained the mimic to guard the secret door, which leads to a hidden room (described below). The mimic attacks if a character comes within 5 feet of it.",
Hiding,躲藏,project-proposed,heading-only,KftGV,17,data/1/entries/6/entries/4/entries/8/name,4,Hiding in the Museum,
Hiding in the Museum,在博物館中隱藏,project-proposed,heading-only,KftGV,17,data/1/entries/6/entries/4/entries/8/name,1,Hiding in the Museum,
Higglesworth,希格斯沃斯,project-proposed,canonical-name,KftGV,169,data/11/entries/8/entries/7/entries/3/entries/1,7,"{@b Abernathy Vernus} (lawful evil {@creature cambion}) is a friendly, ingratiating fellow who claims to have won a free tour aboard the Concordant Express. He insists that others call him Vern. No other passengers occupy his cabin (the one marked ""a"" on {@area map 11.2|422|x}), which Vern shares with a {@creature monodrone} valet that answers to the name Higglesworth.",
High Alert,高度警戒,project-proposed,heading-only,KftGV,61,data/4/entries/8/entries/6/entries/5/entries/0,25,"As the suspicion level increases, patrols become more frequent, and the prison staff become increasingly vigilant. At suspicion level 6, the warden puts the prison on high alert.",
High-Alert Signals,高警戒訊號,project-proposed,heading-only,KftGV,61,data/4/entries/8/entries/7/entries/2/items/0/name,1,High-Alert Signals,
Hired by Markos's Family,被馬寇斯的家族僱傭,project-proposed,heading-only,KftGV,42,data/3/entries/6/entries/2/name,1,Hired by Markos's Family,
Hired by Vasil,被瓦西里僱傭,project-proposed,heading-only,KftGV,42,data/3/entries/6/entries/1/name,1,Hired by Vasil,
Home Ownership,房屋所有權,project-proposed,heading-only,KftGV,175,data/11/entries/9/entries/2/entries/2/items/0/name,1,Home Ownership,
Hooks and Rewards,鉤子和獎勵,project-proposed,heading-only,KftGV,195,data/13/entries/5/name,1,Hooks and Rewards,
Huberta Hadley,休伯塔·哈德利,project-proposed,canonical-name,KftGV,104,data/7/entries/5/entries/0,1,"The rustic hamlet of Toadhop boasts a population of thirty—all hardworking folk. Two local establishments cater to visitors: a ramshackle inn called Misty's Bunks and a quaint tavern called My Left Boot. Toadhop's honorary mayor, a brown sow named Jenna Bean, pays visits to the tavern to greet strangers. To dispel any doubts concerning Jenna Bean's role in Toadhop, the hamlet's cheery tavernkeeper, Huberta Hadley, uses white paint to write the word ""Mayor"" on the friendly sow's flanks.",
Hunt for the Shard Solitaire,追尋鑽石獨奏曲,project-proposed,heading-only,KftGV,191,data/12/entries/10/entries/2/name,1,Hunt for the Shard Solitaire,
Ice Mephits,冰魔蝠,project-proposed,heading-only,KftGV,182,data/12/entries/9/entries/2/entries/1/items/2/entry,6,"Wintery decorations festoon many areas of the palace. Crystal snowflakes hang in the windows, illusory icicles dangle from the ceiling, frost fractals spreads across walls, and magically preserved ice sculptures perch atop similarly preserved ice pedestals. Some of the ice sculptures are, in fact, ice mephits assigned to guard an area (as noted in the area's description).",
Ignan,火族語,project-proposed,canonical-name,KftGV,155,data/10/entries/7/entries/7/entries/10/entries/1,5,"Charmayne trapped a drow diplomat named {@creature Jalynvyr Nir'Thinn|KftGV} in the fireplace, from which he can't escape until Charmayne's ritual is undone. While trapped in the fireplace, Jalynvyr manifests as a {@creature smoke mephit} that speaks Common and Elvish instead of Auran and Ignan. The mephit is {@condition restrained}, and this condition can't be ended on it so long as Jalynvyr remains trapped. If the mephit is reduced to 0 hit points, Jalynvyr dies as the mephit's smoky form disperses.",
Ignatius,伊格納提斯,project-proposed,canonical-name,KftGV,169,data/11/entries/8/entries/7/entries/2/entries/0,25,"The detective is a lawful neutral {@creature mind flayer} named {@creature Ignatius Inkblot|KftGV}. Seeing the characters, Ignatius lights a pipe with a match it holds with one of its face tentacles. The pipe exudes a green vapor that smells of absinthe. Since the characters weren't on the car when the murder occurred, Ignatius doesn't regard them as suspects and is friendly toward them. Ignatius can speak Common but loathes doing so; the mind flayer prefers to converse telepathically. Its tone is strident, and it uses stereotypical detective phrases such as ""The game is afoot!"" and ""The devil is in the details!""",
Ignus Flint,伊格納斯·弗林特,project-proposed,heading-only,KftGV,83,data/5/entries/10/entries/6/entries/6/entries/5/name,2,Ignus Flint,
Illithid Detective,靈吸怪偵探,project-proposed,heading-only,KftGV,169,data/11/entries/8/entries/7/entries/2/name,1,Illithid Detective,
Illumination,照明,existing-site,heading-only,KftGV,199,data/13/entries/8/entries/2/entries/4/name,1,Illumination,
Illusions,幻象,existing-site,heading-only,KftGV,128,data/8/entries/7/entries/3/entries/11/entries/2/name,2,Illusions,
Imaging Technicians,成像技術,project-proposed,heading-only,KftGV,,data/14/entries/0/items/0/items/14/name,1,Imaging Technicians,
Infiltrating as Workers,作為工人潛入,project-proposed,heading-only,KftGV,137,data/9/entries/9/entries/5/entries/1/name,1,Infiltrating as Workers,
Infiltration Plans,滲透計劃,project-proposed,heading-only,KftGV,137,data/9/entries/9/entries/5/name,1,Infiltration Plans,
Inhabitants,居民,project-proposed,heading-only,KftGV,105,data/7/entries/5/entries/2/entries/6/entries/0,7,"Frody didn't intend to frighten away the cabin's proper owners, but his appearance can't be helped, and he has nowhere else to go. Toadhop's inhabitants are too frightened to speak to him, so Frody has been waiting for braver souls to arrive so he can explain his plight to them. Given the chance, he imparts the following information:",
Instruments,樂器,project-proposed,heading-only,KftGV,103,data/7/entries/3/entries/3,10,"Sythian had inherited his parents' estate and debts, but a mysterious poison killed off the family's olive orchard, leaving him with nothing but the mansion and its furnishings. Those furnishings included a multitude of musical instruments Sythian's parents had bought in the hopes of making him a musical prodigy. While he excelled at none of the instruments, he realized he could pay off his family's debts by turning his home into a conservatory for young musicians from wealthy families. One of his current students, Wylie van Timmel, shows great promise. Sythian hatched a plan to snatch Golden Axe from Frody's grave and give it to Wylie as a present, hoping to earn the favor and long-term financial support of her wealthy family.",
Interior Doors,室內門,project-proposed,heading-only,KftGV,15,data/1/entries/6/entries/4/entries/3/entries/0,5,"The doors to the museum's offices (areas V5–V7) and basement (area V16) are locked at all hours, as described in the ""Interior Doors"" subsection of the ""{@area General Features|033|x}"" section. Curator Alda Arkin, whom the characters might meet at the gala, carries a master key, while the museum's guards have keys that grant access to specific areas (see ""{@area Circumventing Security|029|x}"" and ""{@area Curator Alda Arkin|02e|x}"").",
Interior Illustrators,內頁插畫師,project-proposed,heading-only,KftGV,,data/14/entries/0/items/0/items/9/name,1,Interior Illustrators,
Interior Lighting,室內照明,project-proposed,heading-only,KftGV,110,data/7/entries/8/entries/4/entries/5/name,1,Interior Lighting,
Interior Security,內部安全,project-proposed,heading-only,KftGV,123,data/8/entries/7/entries/2/entries/2/name,8,Interior Security,
Intimidation,威嚇,existing-site,heading-only,KftGV,15,data/1/entries/6/entries/4/entries/4/entries/2,8,"Provided a guard hasn't shouted for backup, a character can take an action and use trickery or intimidation to convince a guard to leave. The character must make a {@dc 10} Charisma ({@skill Deception}, {@skill Intimidation}, or {@skill Persuasion}) check. If the check succeeds, the character convinces the guard to look for trouble elsewhere. If the check fails, the guard becomes hostile and behaves as described above, and the character can't repeat the check on that particular guard.",
Into the Underdark,進入幽暗地域,project-proposed,heading-only,KftGV,71,data/5/entries/6/name,1,Into the Underdark,
Introduction–A Collection of Heists,導言：劫案集,project-proposed,heading-only,KftGV,5,data/0/name,1,Introduction–A Collection of Heists,
Investigate the Hatchling,調查幼獸,project-proposed,heading-only,KftGV,24,data/1/entries/8/entries/3/entries/1/entries/2/name,1,Investigate the Hatchling,
Investigating Security Measures,調查安全措施,project-proposed,heading-only,KftGV,16,data/1/entries/6/entries/4/entries/5/name,4,Investigating Security Measures,
Iron Chests,鐵箱,project-proposed,heading-only,KftGV,39,data/2/entries/7/entries/7/entries/22/entries/5/name,3,Iron Chests,
Iron Doors,鐵門,project-proposed,heading-only,KftGV,140,data/9/entries/10/entries/3/entries/2/entries/2,3,"If the characters arrive here under the pretext of pretending to be workers, their armed escort (five {@creature Veteran||veterans}) leads them through the iron doors into area X2.",
Ironbed Grotto,鐵床巖洞,project-proposed,heading-only,KftGV,137,data/9/entries/9/entries/5/entries/2/entries/0,6,"Other than the citadel's main entrance (on the lower level of map 9.1), {@creature Rilago|KftGV}'s notes point to three other possible means of entry: two ventilation shafts exiting to the hills outside Oztocan (see ""{@area Ventilation Shafts|373|x}"") and a fountain connected to a nearby grotto (see ""{@area Ironbed Grotto|374|x}"").",
Ishar,伊沙爾,project-proposed,canonical-name,KftGV,64,data/4/entries/8/entries/9/entries/18/entries/3/entries/2/rows/4/1,1,"Ishar (chaotic evil elf), convicted of conspiracy to murder members of a noble family, has served {@dice 1d20} years of a life sentence.",
It Came from the Far Realm,它來自遙遠國度,project-proposed,heading-only,KftGV,193,data/12/entries/12/entries/4/name,1,It Came from the Far Realm,
Itze,伊策,project-proposed,canonical-name,KftGV,139,data/9/entries/10/entries/0,4,"Xeluan's brave companions built a tomb around the giant's remains so everyone who wanted to honor him could do so. One of these heroes—an elf monk named Itze—founded the Order of Xeluan, a sect of monks dedicated to preserving the tomb.",
J'Accuse,我指控,project-proposed,heading-only,KftGV,171,data/11/entries/8/entries/7/entries/6/entries/4/name,1,J'Accuse,
Jalynvyr,賈琳維,project-proposed,canonical-name,KftGV,155,data/10/entries/7/entries/7/entries/10/entries/1,8,"Charmayne trapped a drow diplomat named {@creature Jalynvyr Nir'Thinn|KftGV} in the fireplace, from which he can't escape until Charmayne's ritual is undone. While trapped in the fireplace, Jalynvyr manifests as a {@creature smoke mephit} that speaks Common and Elvish instead of Auran and Ignan. The mephit is {@condition restrained}, and this condition can't be ended on it so long as Jalynvyr remains trapped. If the mephit is reduced to 0 hit points, Jalynvyr dies as the mephit's smoky form disperses.",
Jalynvyr Is Set Free,賈琳維被釋放,project-proposed,heading-only,KftGV,159,data/10/entries/9/entries/1/items/3/name,1,Jalynvyr Is Set Free,
Jamishka,賈米什卡,project-proposed,canonical-name,KftGV,135,data/9/entries/6/entries/1/items/0/name,3,Jamishka Zaril,
Jamishka Zaril,賈米什卡·扎里爾,project-proposed,heading-only,KftGV,135,data/9/entries/6/entries/1/items/0/name,1,Jamishka Zaril,
Jaymont,傑蒙特,project-proposed,canonical-name,KftGV,88,data/6/entries/6/entries/7/entries/1/items/1/entry,9,"""The windows of the guildhouse are boarded up, and its doors are usually locked. At least three guild members have master keys to the doors: Guildmaster Dusk; Elix the Saint, one of Dusk's lieutenants; and Jaymont the Sinner, the guild's resident spy. The master of ravens, Gwish, might have a key as well. If you want to get your hands on a master key, your best bet is to snatch it from Elix the Saint, who frequents a seedy tavern called the Tipsy Tankard.""",
Jaymont the Sinner,罪人傑蒙特,project-proposed,canonical-name,KftGV,88,data/6/entries/6/entries/7/entries/1/items/1/entry,5,"""The windows of the guildhouse are boarded up, and its doors are usually locked. At least three guild members have master keys to the doors: Guildmaster Dusk; Elix the Saint, one of Dusk's lieutenants; and Jaymont the Sinner, the guild's resident spy. The master of ravens, Gwish, might have a key as well. If you want to get your hands on a master key, your best bet is to snatch it from Elix the Saint, who frequents a seedy tavern called the Tipsy Tankard.""",傑蒙特·罪人
Jeniana Damaritz,潔妮安娜·達馬里茲,project-proposed,canonical-name,KftGV,120,data/8/entries/6/entries/1/entries/1/rows/2/1,1,"Jeniana Damaritz (lawful neutral human), an aloof woman who talks to only the most well-dressed of the characters",
Jenna Bean,珍娜·比恩,project-proposed,canonical-name,KftGV,104,data/7/entries/5/entries/0,4,"The rustic hamlet of Toadhop boasts a population of thirty—all hardworking folk. Two local establishments cater to visitors: a ramshackle inn called Misty's Bunks and a quaint tavern called My Left Boot. Toadhop's honorary mayor, a brown sow named Jenna Bean, pays visits to the tavern to greet strangers. To dispel any doubts concerning Jenna Bean's role in Toadhop, the hamlet's cheery tavernkeeper, Huberta Hadley, uses white paint to write the word ""Mayor"" on the friendly sow's flanks.",
Jetta Moore,潔塔·摩爾,project-proposed,canonical-name,KftGV,36,data/2/entries/7/entries/7/entries/12/entries/1/rows/0/0,3,Jetta Moore,
Jeweled Human Skull,鑲珠寶的人頭骨,project-proposed,heading-only,KftGV,130,data/8/entries/7/entries/3/entries/16/entries/2/entries/1/items/0/name,1,Jeweled Human Skull,
Jhaeros,賈埃羅斯,project-proposed,canonical-name,KftGV,9,data/0/entries/5/entries/3/entries/13/entries/3/rows/9/1,50,"Barolophine (neutral evil, elf {@creature archmage}) hires the rivals to recover the heart of Jhaeros, a focus item the archmage needs to fuel her journey to become a lich.",傑羅斯
Jhaeros Dies,賈埃羅斯死亡,project-proposed,heading-only,KftGV,158,data/10/entries/7/entries/7/entries/18/entries/7/entries/4/items/1/name,1,Jhaeros Dies,
Jhaeros's Favor,賈埃羅斯的青睞,project-proposed,heading-only,KftGV,159,data/10/entries/9/entries/3/entries/1/items/1/name,1,Jhaeros's Favor,
Jil,吉爾,project-proposed,canonical-name,KftGV,62,data/4/entries/8/entries/9/entries/8/entries/2/entries/1/items/1/name,2,Councilor Jil Torbo,
Jolly Pelican,歡樂鵜鶘,project-proposed,canonical-name,KftGV,58,data/4/entries/7/entries/0,2,"Varrin has sent word to his agents, and Bethra (chaotic good, dwarf {@creature spy}) meets the characters when they arrive in Luskan. She provides the uniforms for their chosen cover and directs them to report to a ship called the Jolly Pelican the following dawn. The ship regularly delivers a fresh rotation of prison staff to Revel's End and returns the relieved shift to the Sword Coast. The journey to Revel's End by sea is 350 miles, which a sailing ship can cover in three days under normal conditions.",
Joster,喬斯特,project-proposed,canonical-name,KftGV,107,data/7/entries/7/entries/4/name,40,About Joster Mareet,約斯特
Kalimrax,卡利姆拉克斯,project-proposed,canonical-name,KftGV,196,data/13/entries/7/entries/4/entries/1/items/2/entry,9,"The hold is defended by {@creature erinyes} devils (whose {@sense truesight} allows them to see through most forms of magical concealment), duergar, and {@creature Salamander||salamanders}, as well as a {@creature young red dragon} named Kalimrax and a {@creature beholder} known as the Eye of the Efreet.",
Karn Ironpebble,卡恩·鐵礫,project-proposed,canonical-name,KftGV,36,data/2/entries/7/entries/7/entries/12/entries/0/rows/1/0,3,Karn Ironpebble,
Karnyros,卡尼羅斯,project-proposed,canonical-name,KftGV,161,data/11/entries/4/entries/1/entries/0,4,"A planar faction known as the Fixers aims to restore balance to the Blood War (the eternal feud between demons and devils) by obtaining the true names of a pit fiend commonly known as Karnyros, a balor called Errtok, and a marilith known as Hexalanthe. A representative of the Fixers hires the characters to obtain these Fiends' true names from {@creature the Stranger|KftGV}.",
Karyssa,卡莉莎,project-proposed,canonical-name,KftGV,89,data/6/entries/7/entries/2/entries/0,1,"Characters can obtain one of the guildhouse's master keys from Elix the Saint (lawful evil, human {@creature bandit captain}), a high-ranking member of the Agile Hand and one of Guildmaster Dusk's more capable lieutenants. After questioning Grinky, the characters should know that Elix the Saint frequents a tavern called the Tipsy Tankard, which is about a 45-minute walk from the guildhouse. He travels there alone because he likes to flirt with a bartender named Karyssa (neutral, human {@creature commoner}).",
Kavton Bouldersight,卡夫頓·岩眼,project-proposed,canonical-name,KftGV,120,data/8/entries/6/entries/1/entries/1/rows/4/1,1,"Kavton Bouldersight (neutral halfling), a jocular man who sells stolen goods",
Key,鑰匙,existing-site,heading-only,KftGV,5,data/0/entries/3/entries/5/entries/3/rows/3/2,151,Obtain the key to a vault from a spymaster imprisoned in Revel's End.,
Keys,鑰匙,project-proposed,heading-only,KftGV,5,data/0/entries/0,27,"{@i Keys from the Golden Vault} presents thirteen Dungeons & Dragons adventures that feature heists. In each adventure, the characters receive a mission, plan the job, execute their plan, and try to escape the scene. You can run each heist as a standalone adventure or as part of a larger campaign (see ""{@area A Campaign of Heists|005|x}"" later in this introduction). Each adventure can be adapted to take place in any campaign setting you wish.",
Keys from the Golden Vault,金庫之鑰,project-proposed,canonical-name,KftGV,5,data/0/entries/0,2,"{@i Keys from the Golden Vault} presents thirteen Dungeons & Dragons adventures that feature heists. In each adventure, the characters receive a mission, plan the job, execute their plan, and try to escape the scene. You can run each heist as a standalone adventure or as part of a larger campaign (see ""{@area A Campaign of Heists|005|x}"" later in this introduction). Each adventure can be adapted to take place in any campaign setting you wish.",金庫的鑰匙
Khorr,科爾,project-proposed,canonical-name,KftGV,181,data/12/entries/7/entries/5/entries/2/name,6,Khorr's Kloths,
Khorr's Kloths,科爾的衣物店,project-proposed,heading-only,KftGV,181,data/12/entries/7/entries/5/entries/2/name,1,Khorr's Kloths,
Klax,克拉克斯,project-proposed,canonical-name,KftGV,198,data/13/entries/7/entries/5/entries/1/items/2/entry,13,"A mile further down the lava river, a chaotic neutral cambion named Klax runs a trading depot that ships supplies to Brimstone Hold. Klax's fire-resistant boats dock at the hold's lava harbor once every ten days. The crews lay over in guest quarters at the hold before departing the following day. (If the characters embark on their mission while Klax's traders are at the hold, the cambion can be found in {@area area B6|4eb|x}.)",
Knob,克諾布,project-proposed,canonical-name,KftGV,94,data/6/entries/8/entries/5/entries/12/entries/1/entries/2,4,"Unless the trap is disabled, tugging or turning the knob causes the vial in the door to break, releasing a cloud of poisonous gas that fills a 10-foot-radius sphere centered on the door. The trap also triggers if the door is forced open. Each creature in the trap's area must make a {@dc 14} Constitution saving throw. On a failed save, the creature takes 16 ({@dice 3d10}) poison damage and is {@condition poisoned} for 1 minute; on a successful save, the creature takes half as much damage and isn't {@condition poisoned}. The trap can be triggered only once.",
Knotwork,繩結,project-proposed,heading-only,KftGV,67,data/4/entries/8/entries/10/entries/6/entries/1/items/3/name,2,Knotwork,
Knowledge Sought,尋求知識,project-proposed,heading-only,KftGV,87,data/6/entries/4/entries/1/items/1/name,1,Knowledge Sought,
Korda,柯達,project-proposed,canonical-name,KftGV,55,data/4/entries/3/entries/1,12,"{@creature Prisoner 13|KftGV} is a dwarf named Korda Glintstone. Prior to her incarceration years ago, Korda was an ally and agent of Clan Axebreaker, a moderately influential dwarf clan in a stronghold called Gauntlgrym. Korda built a network of informants and agents, ostensibly all to the benefit of Clan Axebreaker. With each success, she paid tattooists to inscribe a memorial of her triumph onto her skin. Using ancient rituals, Korda infused many of these artful etchings with the magic of Gauntlgrym's forges, granting her wondrous gifts.",
Korda Glintstone,柯達·閃石,project-proposed,canonical-name,KftGV,55,data/4/entries/3/entries/1,2,"{@creature Prisoner 13|KftGV} is a dwarf named Korda Glintstone. Prior to her incarceration years ago, Korda was an ally and agent of Clan Axebreaker, a moderately influential dwarf clan in a stronghold called Gauntlgrym. Korda built a network of informants and agents, ostensibly all to the benefit of Clan Axebreaker. With each success, she paid tattooists to inscribe a memorial of her triumph onto her skin. Using ancient rituals, Korda infused many of these artful etchings with the magic of Gauntlgrym's forges, granting her wondrous gifts.",
Kriv,克里夫,project-proposed,canonical-name,KftGV,62,data/4/entries/8/entries/9/entries/8/entries/2/entries/1/items/2/name,2,Councilor Kriv Norixius,
Krokulma,克羅庫瑪,project-proposed,canonical-name,,,,0,,
Krokulmar,克羅庫瑪,project-proposed,canonical-name,KftGV,41,data/3/entries/1,36,"{@creature Markos Delphi|KftGV}'s curiosity has taken a tragic turn. A Far Realm entity called Krokulmar has taken control of Markos, compelling him to commit evil acts. At Krokulmar's command, Markos is using a book called {@i The Celestial Codex} to bring part of Krokulmar into the world. The book's rightful owner hired adventurers to retrieve {@i The Celestial Codex} and prevent Markos from using it, but these adventurers fell prey to the horrors of Delphi Mansion. A new group of adventurers—the player characters—must now complete the task. Meanwhile, Markos is close to accomplishing Krokulmar's goal.",克羅庫爾瑪;克羅克馬爾姆
L10: Miners' Guildhall,L10: 礦工公會大廳,project-proposed,heading-only,KftGV,82,data/5/entries/10/entries/6/entries/5/name,1,L10: Miners' Guildhall,
L11: Warehouse 6,L11: 倉庫6,project-proposed,heading-only,KftGV,82,data/5/entries/10/entries/6/entries/6/name,1,L11: Warehouse 6,
L12: Security Center,L12: 安全中心,project-proposed,heading-only,KftGV,83,data/5/entries/10/entries/7/entries/5/name,1,L12: Security Center,
L1: Entrance and Gatehouse,L1: 入口與門衛室,project-proposed,heading-only,KftGV,76,data/5/entries/10/entries/2/entries/1/name,1,L1: Entrance and Gatehouse,
L2: Town Hall,L2: 市政廳,project-proposed,heading-only,KftGV,76,data/5/entries/10/entries/2/entries/2/name,1,L2: Town Hall,
L3. Abbey of the Deep Brother,L3: 深兄弟修道院,project-proposed,heading-only,KftGV,78,data/5/entries/10/entries/3/entries/1/name,1,L3. Abbey of the Deep Brother,
L4. Infirmary,L4: 醫務室,project-proposed,heading-only,KftGV,79,data/5/entries/10/entries/4/entries/4/name,1,L4. Infirmary,
L5: Jail,L5: 監獄,project-proposed,heading-only,KftGV,79,data/5/entries/10/entries/4/entries/5/name,1,L5: Jail,
L6: Power Station,L6: 發電站,project-proposed,heading-only,KftGV,79,data/5/entries/10/entries/4/entries/6/name,1,L6: Power Station,
L7: Foundry,L7: 鑄造廠,project-proposed,heading-only,KftGV,80,data/5/entries/10/entries/5/entries/3/name,1,L7: Foundry,
L8: Motherlode Tavern,L8: 富礦酒館,project-proposed,heading-only,KftGV,80,data/5/entries/10/entries/5/entries/4/name,1,L8: Motherlode Tavern,
L9: Tockworth's Workshop,L9: 托克沃斯的工作室,project-proposed,heading-only,KftGV,80,data/5/entries/10/entries/5/entries/5/name,1,L9: Tockworth's Workshop,
"L9a: Workshop, Lower Floor",L9a: 工作室，下層,project-proposed,heading-only,KftGV,81,data/5/entries/10/entries/5/entries/6/name,1,"L9a: Workshop, Lower Floor",
"L9b: Workshop, Upper Floor",L9b: 工作室，上層,project-proposed,heading-only,KftGV,81,data/5/entries/10/entries/5/entries/7/name,1,"L9b: Workshop, Upper Floor",
La Catrina,卡特里娜,project-proposed,canonical-name,KftGV,144,data/9/entries/10/entries/3/entries/14/entries/2/entries/0,1,"The deities represented on the altars are left to your judgment. Gods of work, industry, protection, and luck are particularly appropriate. If you're setting this adventure in the San Citlán region, La Catrina is the patron deity. She is a jovial death goddess represented as a skeleton dressed in expensive finery.",
Ladders,梯子,project-proposed,heading-only,KftGV,92,data/6/entries/8/entries/5/entries/3/entries/4/name,1,Ladders,
Lahdia Mizreem,拉迪雅·米茲里姆,project-proposed,canonical-name,KftGV,36,data/2/entries/7/entries/7/entries/12/entries/0/rows/2/0,3,Lahdia Mizreem,
Laris Drot,拉里斯·德羅特,project-proposed,canonical-name,KftGV,88,data/6/entries/6/entries/7/entries/1/items/5/entry,2,"""Supplies are sometimes delivered to the guildhouse by riders on horseback or by mule-drawn cart. All supplies are received and inspected by Laris Drot, the stablemaster, at the livery stables.""",
Last Resort,絕境反撲,project-proposed,heading-only,KftGV,69,data/4/entries/8/entries/10/entries/7/entries/8/name,1,Last Resort,
Lava,熔岩,existing-site,heading-only,KftGV,198,data/13/entries/7/entries/5/entries/1/items/0/entry,25,The hold is built inside a rock wall at the foot of a volcano. Lava pours down the volcano's slopes on either side of the hold and forms a molten river that flows around the hold.,
Lead Graphic Designer,首席平面設計師,project-proposed,heading-only,KftGV,,data/14/entries/0/items/0/items/6/name,1,Lead Graphic Designer,
Leandro,萊昂德羅,project-proposed,canonical-name,KftGV,135,data/9/entries/6/entries/1/items/0/entry,25,"Oztocan is an important outpost for a flourishing trade organization called the Couatl Company. Its owner, Jamishka (lawful good, elf {@creature veteran}), recently acquired the shard and has since learned that it must be returned to the tomb from which it was taken to stop the earthquakes that threaten Oztocan. Jamishka hires the characters to bring the shard to Leandro Sedhar, a playwright in Oztocan who can help them, and promises them a suit of {@item elven chain} (or some other rare magic item of your choice) as payment for stopping the earthquakes.",
Leandro Sedhar,萊昂德羅·塞達爾,project-proposed,canonical-name,KftGV,135,data/9/entries/6/entries/1/items/0/entry,5,"Oztocan is an important outpost for a flourishing trade organization called the Couatl Company. Its owner, Jamishka (lawful good, elf {@creature veteran}), recently acquired the shard and has since learned that it must be returned to the tomb from which it was taken to stop the earthquakes that threaten Oztocan. Jamishka hires the characters to bring the shard to Leandro Sedhar, a playwright in Oztocan who can help them, and promises them a suit of {@item elven chain} (or some other rare magic item of your choice) as payment for stopping the earthquakes.",
Leandro's Map,萊昂德羅的地圖,project-proposed,heading-only,KftGV,137,data/9/entries/9/entries/3/entries/4/name,1,Leandro's Map,
Leandro's Secret,萊昂德羅的秘密,project-proposed,heading-only,KftGV,136,data/9/entries/9/entries/3/entries/3/name,1,Leandro's Secret,
Leather Trunk,皮箱,project-proposed,heading-only,KftGV,97,data/6/entries/8/entries/5/entries/28/entries/0/entries/0,2,"This circular room contains a canopied bed with a leather trunk at the foot of it and a fireplace. Wooden staircases hug the walls—one leading up, the other down. The scent of tobacco hangs in the air.",
Leaving Post-Heist,逃離搶劫現場,project-proposed,heading-only,KftGV,116,data/7/entries/8/entries/10/name,1,Leaving Post-Heist,
Level,等級,project-proposed,heading-only,KftGV,5,data/0/entries/2/entries/0,84,The Heist Adventures table summarizes the adventures in this anthology. Each adventure is designed for four to six characters of a particular level and adheres to the following narrative structure:,
Lever 1,拉桿1,project-proposed,heading-only,KftGV,83,data/5/entries/10/entries/6/entries/6/entries/4/entries/1/items/2/name,2,Lever 1,
Lever 9,槓桿9,project-proposed,heading-only,KftGV,83,data/5/entries/10/entries/6/entries/6/entries/4/entries/1/items/3/name,2,Lever 9,
Life and Death,生死,project-proposed,heading-only,KftGV,32,data/2/entries/7/entries/4/entries/2/name,4,Life and Death,
Light,光線,project-proposed,heading-only,KftGV,11,data/1/entries/3/entries/2,83,"On a recent expedition into the nearby Murkmire, the archaeologists unearthed a strange object. Light green, opaque, and with a gemstone-like sheen, this ovoid stone was covered in strange furrows. The stone seemed ritualistic in nature, but it matched no recorded historical practices, and no one could identify its composition. The more Dr. Dannell studied it, the more she became convinced this object, which the archaeologists dubbed the Murkmire Stone, was not created by any known civilization—and might be dangerous.",
Light Control,燈控,project-proposed,heading-only,KftGV,66,data/4/entries/8/entries/9/entries/19/entries/2/entries/1/items/1/name,1,Light Control,
Light Sources,光源,project-proposed,heading-only,KftGV,91,data/6/entries/8/entries/2/entries/3/entries/2,4,"Guild members carry light sources with them when they descend into the basement, which is unlit.",
Light-Green Stone,淺綠色石頭,project-proposed,heading-only,KftGV,12,data/1/entries/5/entries/5/entries/4/entries/0,6,"""Thank you for coming so quickly,"" she says. ""A few weeks ago, I attended a dig in the Murkmire that unearthed a furrowed, light-green stone. I'll give you all the details, but the bottom line is that it isn't a stone at all—it's the egg of an eldritch horror. Moreover, my research indicates it'll hatch at midnight tonight.",
Lighting,光照,existing-site,heading-only,KftGV,18,data/1/entries/7/entries/1/entries/1/items/2/name,8,Lighting,
Lights and Music,燈光與音樂,project-proposed,heading-only,KftGV,31,data/2/entries/7/entries/3/entries/5/name,1,Lights and Music,
Little Lockford,小洛克福德,project-proposed,canonical-name,KftGV,71,data/5/entries/1,60,"The clockwork automatons that guard the svirfneblin town of Little Lockford have attacked the very residents they were meant to keep safe, forcing a town-wide evacuation. At the heart of the matter is Security Overseer {@creature Tixie Tockworth|KftGV}, a tinkerer who has turned malicious.",
Little Lockford Locations,小洛克福德地點,project-proposed,heading-only,KftGV,76,data/5/entries/10/name,1,Little Lockford Locations,
Little Lockford Overview,小洛克福德概覽,project-proposed,heading-only,KftGV,74,data/5/entries/9/name,1,Little Lockford Overview,
Loading Docks,裝卸碼頭,project-proposed,heading-only,KftGV,23,data/1/entries/7/entries/2/entries/17/entries/2/name,1,Loading Docks,
Location of the Stranger,陌生人的位置,project-proposed,heading-only,KftGV,162,data/11/entries/6/entries/6/items/2/name,1,Location of the Stranger,
Locations in Loch Wynnis,溫尼斯湖的地點,project-proposed,heading-only,KftGV,181,data/12/entries/7/entries/5/name,1,Locations in Loch Wynnis,
Loch Wynnis,溫尼斯湖,project-proposed,canonical-name,KftGV,178,data/12/entries/5/entries/4/entries/0,26,"Zorhanna and {@creature Eliphas Adulare|KftGV} request the pleasure of your company at Paliset Hall to celebrate the arrival of the winter solstice. Come to Loch Wynnis no earlier than three days before the winter solstice, then take the crossing there to the Feywild at sundown. The many splendors of Paliset Hall await you on the other side! Formal attire is expected but not required.",洛赫·溫尼斯;Wynnis湖
Loch Wynnis Docks,洛克·溫尼斯碼頭,project-proposed,heading-only,KftGV,181,data/12/entries/7/entries/5/entries/3/name,1,Loch Wynnis Docks,
Locked Door,鎖住的門,project-proposed,heading-only,KftGV,19,data/1/entries/7/entries/2/entries/3/entries/2/entries/0,16,"Each shop includes a small back room with a locked door. As an action, a character can try to unlock either door using thieves' tools, doing so with a successful {@dc 16} Dexterity check. Inside each shop's back room is a till containing {@dice 1d6} gp, {@dice 2d6} sp, and {@dice 3d6} cp. Additionally, one set of {@item thieves' tools|PHB} can be cobbled together from the supplies in the back rooms.",
Locked Doors,鎖住的門,project-proposed,heading-only,KftGV,18,data/1/entries/6/entries/5/entries/7/entries/2/entries/0,5,"Characters who watch Alda closely notice a fancy clutch she holds behind her back. Inside the clutch is a map of the museum guards' after-hours stations, a master key to the museum's locked doors, and a pass card that allows Alda to bypass the museum's alarms (see ""{@area Investigating Security Measures|023|x}"" earlier in the adventure for details).",
Locker,儲物櫃,project-proposed,heading-only,KftGV,167,data/11/entries/8/entries/2/entries/1/entries/0,5,"The {@creature duodrone} attendant who punched the characters' tickets has another function aboard the train: making minor repairs while the train is in motion. As the train gets underway, the duodrone dons gear from a nearby locker (see ""Locker"" below). It then departs to perform its duties, whistling as it marches to the next car.",
Lost Map of Tishanos,提沙諾斯的失落地圖,project-proposed,heading-only,KftGV,130,data/8/entries/7/entries/3/entries/16/entries/2/entries/1/items/1/name,1,Lost Map of Tishanos,
Loudspeaker,揚聲器,project-proposed,heading-only,KftGV,66,data/4/entries/8/entries/9/entries/19/entries/2/entries/1/items/2/name,1,Loudspeaker,
Love Letters,情書,project-proposed,heading-only,KftGV,127,data/8/entries/7/entries/3/entries/6/entries/3/entries/2/items/3/name,1,Love Letters,
Lucky Me,幸運如我,project-proposed,canonical-name,KftGV,105,data/7/entries/6/entries/3,1,"Mackerel and Trout are unarmed {@creature Commoner||commoners}. The characters can approach the halflings openly or attempt to sneak up on them. The {@creature mule}, which the halflings have named Lucky Me, doesn't startle easily.",
Luskan,路斯坎,project-proposed,canonical-name,KftGV,58,data/4/entries/7/entries/0,2,"Varrin has sent word to his agents, and Bethra (chaotic good, dwarf {@creature spy}) meets the characters when they arrive in Luskan. She provides the uniforms for their chosen cover and directs them to report to a ship called the Jolly Pelican the following dawn. The ship regularly delivers a fresh rotation of prison staff to Revel's End and returns the relieved shift to the Sword Coast. The journey to Revel's End by sea is 350 miles, which a sailing ship can cover in three days under normal conditions.",
Mackerel,鯖魚,project-proposed,canonical-name,KftGV,103,data/7/entries/3/entries/4,16,"Sythian hired a pair of halflings named Mackerel Mudbottom and Trout Bonanza to dig up Frody's remains and pry the Canaith mandolin from his hands. They did just that, leaving behind an open grave. After the halflings fled with the mandolin, Frody awakened, crawled from his coffin, shambled to his mother's old cabin, and knocked on the door. The young family living there fled in terror at the sight of him and took shelter in a neighbor's barn. The good folks of Toadhop have been on edge ever since.",
Mackerel Mudbottom,鯖魚·泥底,project-proposed,canonical-name,KftGV,103,data/7/entries/3/entries/4,2,"Sythian hired a pair of halflings named Mackerel Mudbottom and Trout Bonanza to dig up Frody's remains and pry the Canaith mandolin from his hands. They did just that, leaving behind an open grave. After the halflings fled with the mandolin, Frody awakened, crawled from his coffin, shambled to his mother's old cabin, and knocked on the door. The young family living there fled in terror at the sight of him and took shelter in a neighbor's barn. The good folks of Toadhop have been on edge ever since.",
Mackerel and Trout,鯖魚和鱒魚,project-proposed,heading-only,KftGV,103,data/7/entries/3/entries/6,13,"If the characters agree to retrieve the mandolin, they find Mackerel and Trout at their riverside abode, five miles from Toadhop. The two halflings reveal that their employer, {@creature Sythian Skalderang|KftGV}, has Golden Axe in his possession and plans to give it to one of his students. Stealing Golden Axe from Skalderang Conservatory forms the crux of this adventure. Ideally, at least one character in the party should be a bard.",
Magic Item,魔法物品,project-proposed,heading-only,KftGV,24,data/1/entries/8/entries/2/entries/0,22,"If the characters are working for the Golden Vault, they must deliver the Murkmire Stone to Dr. Dannell by midnight. Once they do, the organization rewards the characters with an uncommon magic item of their choice (subject to your approval) as payment. The item is delivered to the characters the next day.",
Magic Painting,魔法畫,project-proposed,heading-only,KftGV,187,data/12/entries/9/entries/5/entries/11/entries/1/name,3,Magic Painting,
Magical Projection,魔法投影,project-proposed,heading-only,KftGV,84,data/5/entries/10/entries/7/entries/5/entries/4/name,1,Magical Projection,
Magical Surveillance,魔法監視,project-proposed,heading-only,KftGV,89,data/6/entries/7/entries/3/name,1,Magical Surveillance,
Magma,岩漿,project-proposed,heading-only,KftGV,74,data/5/entries/9/entries/1/entries/0,12,"The town is situated in a vast cavern tinged red by the magma that flows through the channels that separate the various districts. By and large, the town is well maintained, with streets and buildings composed of gray stone bricks. Other noteworthy features are summarized in the sections that follow.",
Main Entrance,正門,project-proposed,heading-only,KftGV,114,data/7/entries/8/entries/9/entries/13/entries/0/entries/0,9,"A stone battlement encloses this balcony, which overlooks the main entrance.",
Mammon,瑪門,existing-site,canonical-name,KftGV,32,data/2/entries/7/entries/5/entries/3,3,"Quentin couldn't have accomplished his goals alone. To make his casino a reality, he sold his soul to Mammon, the archdevil of Minauros (the third layer of the Nine Hells). In turn, one of Mammon's subordinates put Quentin in touch with wizards who could help him build and decorate the casino.",瑪蒙
Managing Editor,主管編輯,project-proposed,heading-only,KftGV,,data/14/entries/0/items/1/entries/0/entries/0/items/5/name,1,Managing Editor,
Mandatory Cars,必配車廂,project-proposed,heading-only,KftGV,164,data/11/entries/7/entries/3/entries/0,3,"The train has three mandatory cars and three optional cars, as described below.",
Map of Paliset Hall,帕利塞特莊園地圖,project-proposed,heading-only,KftGV,179,data/12/entries/6/entries/4/name,1,Map of Paliset Hall,
Marigold,瑪麗戈德,project-proposed,canonical-name,KftGV,20,data/1/entries/7/entries/2/entries/6/entries/2/entries/0,3,"After hours, the curator enables her office's defense mechanism: a five-foot-tall doll with the name ""Marigold"" sewn onto its vintage dress. When a creature other than Alda enters the room, the doll animates and attacks. Marigold uses the {@creature scarecrow} stat block and fights until destroyed.",
Markos,馬寇斯,project-proposed,canonical-name,KftGV,9,data/0/entries/5/entries/3/entries/13/entries/3/rows/2/1,80,"Yexanthal (chaotic evil, elf {@creature cult fanatic}) was one of {@creature Markos Delphi|KftGV}'s researchers until he was caught trying to steal The Celestial Codex. Eager to commune with Far Realm entities, Yexanthal hires the rivals to steal the book from Delphi Mansion.",馬科斯;馬可斯
Markos Dies,馬寇斯 死亡,project-proposed,heading-only,KftGV,52,data/3/entries/10/entries/1/name,2,Markos Dies,
Markos Lives,馬寇斯 生存,project-proposed,heading-only,KftGV,52,data/3/entries/9/entries/3/entries/33/entries/8/entries/0,2,"The book resting on the crate is The Celestial Codex. A {@spell mage hand} spell can easily lift the book. An {@condition invisible} character can sneak across the room and try to steal the book without Markos noticing, doing so with a successful {@dc 14} Dexterity ({@skill Stealth}) check. On a failed check, Markos detects the theft. Although he no longer needs the book to complete the ritual, Markos won't give it up without a fight while he's under Krokulmar's influence. Once free of that influence, Markos is horrified by his actions and gladly gives up the book (see ""{@area Markos Lives|13d|x}"").",
Marthannis,瑪珊尼斯,project-proposed,canonical-name,KftGV,66,data/4/entries/8/entries/9/entries/22/entries/1/entries/0,6,"The calm and unflappable warden of Revel's End is Marta Marthannis, a lawful good, human {@creature mage} who speaks Common, Draconic, Dwarvish, and Orc. She wears a red robe with gold trim and keeps a ring with seven tiny keys hanging from it in one pocket. One key unlocks the warden's chest (see ""Treasure"" below); the others unlock the desk drawer and the cabinets in the warden's office ({@area area R22|184|x}).",
Marthannis's Possession,瑪珊尼斯遭附身,project-proposed,heading-only,KftGV,66,data/4/entries/8/entries/9/entries/22/entries/2/name,1,Marthannis's Possession,
Master Key,萬能鑰匙,project-proposed,heading-only,KftGV,15,data/1/entries/6/entries/4/entries/3/entries/0,19,"The doors to the museum's offices (areas V5–V7) and basement (area V16) are locked at all hours, as described in the ""Interior Doors"" subsection of the ""{@area General Features|033|x}"" section. Curator Alda Arkin, whom the characters might meet at the gala, carries a master key, while the museum's guards have keys that grant access to specific areas (see ""{@area Circumventing Security|029|x}"" and ""{@area Curator Alda Arkin|02e|x}"").",
Masterpiece Imbroglio,傑作糾葛,project-proposed,heading-only,KftGV,5,data/0/entries/3/entries/5/entries/3/rows/5/0,4,{@adventure Masterpiece Imbroglio|KftGV|6},
Mazia,瑪齊雅,project-proposed,canonical-name,KftGV,108,data/7/entries/7/entries/5/entries/0/entries/1,7,"""Wylie plays strings and has a beautiful singing voice. She is attending her father's birthday party and won't be back for a couple of days. That leaves Embry, a talented composer and horn player; Mazia, who plays the flute; and Mytchyl, who plays the drums and the harpsichord.",
Mazia Foulard,瑪齊雅·富拉爾,project-proposed,canonical-name,KftGV,110,data/7/entries/8/entries/6/entries/2,2,"{@b Mazia Foulard} (lawful good) is a 20-year-old tiefling who has taught the other students a sign language she and her deaf grandmother created together. Mazia can play several instruments, but her favorite is the flute. She doesn't think Sythian is a particularly good teacher but has great love and respect for her fellow students.",
Mechanus,機械境,project-proposed,canonical-name,KftGV,9,data/0/entries/5/entries/3/entries/13/entries/3/rows/10/1,14,The rivals are members of {@creature the Stranger|KftGV}'s former outlaw gang. They are determined to free {@creature the Stranger|KftGV} before the Concordant Express reaches Mechanus.,
Meera Raheer,米拉·拉希爾,existing-site,heading-only,KftGV,6,data/0/entries/4/entries/3,4,"Once an adventuring group proves itself effective and virtuous, an operative approaches the characters to offer Golden Vault membership. Should the group accept, its members join the ranks of the Golden Vault, and the person who invited them becomes their handler for future missions. For an example of a handler, see the ""{@area Meera Raheer|009|x}"" section.",
Meeting Elra,會見埃爾拉,project-proposed,heading-only,KftGV,42,data/3/entries/7/name,2,Meeting Elra,
Meeting Fifel,遇見菲菲爾,project-proposed,heading-only,KftGV,178,data/12/entries/5/name,1,Meeting Fifel,
Meeting Prisoner 13,會見囚犯13,project-proposed,heading-only,KftGV,56,data/4/entries/6/entries/6/entries/1/items/3/name,1,Meeting Prisoner 13,
Meeting the Mayor,會見市長,project-proposed,heading-only,KftGV,72,data/5/entries/7/name,1,Meeting the Mayor,
Meldar,梅爾達,project-proposed,canonical-name,KftGV,169,data/11/entries/8/entries/7/entries/3/entries/3,9,"{@b Meldar} (lawful neutral {@creature azer}) is indifferent toward others, speaks nothing but Ignan, and provides curt answers to questions put to them. The azer is returning to the City of Brass after attending a smiths' convention in Bytopia. Meldar shares a cabin (the one marked ""c"" on {@area map 11.2|422|x}) with {@creature Ignatius Inkblot|KftGV} and a monodrone valet known as Orb.",
Mending Xeluan's Broken Heart,修復澤巒破碎的心,project-proposed,heading-only,KftGV,147,data/9/entries/10/entries/3/entries/23/entries/4/name,1,Mending Xeluan's Broken Heart,
Mephistopheles,墨菲斯托費利斯,existing-site,canonical-name,KftGV,38,data/2/entries/7/entries/7/entries/17/entries/3/entries/0,1,"A garishly dressed gnome with a devilish countenance to rival Mephistopheles sits behind the desk, stroking his pointy beard. When he notices you, he curls his lips in a lopsided smile. ""Well, now,"" he says. ""What can I do for you?""",墨菲斯托
Merle,梅爾,project-proposed,canonical-name,KftGV,111,data/7/entries/8/entries/7/entries/1,5,"{@b Merle} (lawful good) is an 83-year-old dwarf cook. He has a neatly trimmed beard and a cheerful disposition. He doesn't socialize with the students much except to crack jokes. Merle has been a fixture in Skalderang Conservatory since before Sythian was born and doesn't have an unkind word to say about anybody except for {@creature Joster Mareet|KftGV}, whom he suspects is up to no good.",
Mettle,勇氣,project-proposed,canonical-name,KftGV,181,data/12/entries/7/entries/4/entries/1/rows/7/1,5,"Mettle, an unarmed tiefling {@creature scout} with horn-rimmed spectacles, pretends to be a noble named Adira and secretly works for the hags of the Crestfall Coven (see ""{@area The Crestfall Coven|4b4|x}"" later in the adventure). Upon arriving in the Feywild, Mettle slips a copper ring onto the third finger of her left hand. Affixed to the ring is a hag eye, a varnished eyeball that enables the hags to see what's happening at the gala (see the ""Hag Covens"" sidebar in the {@book Monster Manual|MM} for details about this item).",
Midwinter Miracles,冬至奇蹟,project-proposed,heading-only,KftGV,192,data/12/entries/12/entries/1/name,1,Midwinter Miracles,
Minauros,米瑙洛斯,project-proposed,canonical-name,KftGV,27,data/2/entries/1,7,"At the Afterlife Casino, a three-dragon ante tournament called the Grand Minauros Invitational awards one winner with a sizable purse and a golden erinyes statuette. A former gambler with a score to settle hires the characters to steal the statuette as well as gold from the casino's vault before the tournament ends and the winner is declared. The characters must case the casino, steal what they came for, and escape.",米納羅斯;米諾陶洛斯;彌諾陶洛斯
Mines,礦區,project-proposed,heading-only,KftGV,75,data/5/entries/9/entries/1/entries/6/entries/0,5,Suspended above the magma lake is a carousel-like chain of dangling steel buckets called the Slagline. The buckets are spaced 15 feet apart. Roughly half of them contain ore and uncut gems from the mines; the rest are empty and big enough to carry five Small creatures or two Medium creatures each.,
Minotaur Skeleton,骷髏牛頭人,existing-site,heading-only,KftGV,37,data/2/entries/7/entries/7/entries/16/entries/4/items/0/name,6,Minotaur Skeleton,
Mission Briefing,任務簡報,project-proposed,heading-only,KftGV,5,data/0/entries/2/entries/1/items/0/name,1,Mission Briefing,
Mission Is Successful,任務成功,project-proposed,heading-only,KftGV,24,data/1/entries/8/entries/3/entries/1/name,1,Mission Is Successful,
Mission Is Unsuccessful,任務未成功,project-proposed,heading-only,KftGV,16,data/1/entries/6/entries/4/entries/5/entries/4/entries/2,2,"If the guards incapacitate a character or a character surrenders, the guards haul that character to the nearby city watch headquarters. If all the characters are caught, their mission is unsuccessful and the adventure ends.",
Mission from Goldenbeard,來自金鬚的任務,project-proposed,heading-only,KftGV,120,data/8/entries/5/entries/3/name,1,Mission from Goldenbeard,
Misty's Bunks,米絲蒂床鋪旅店,project-proposed,canonical-name,KftGV,104,data/7/entries/5/entries/0,1,"The rustic hamlet of Toadhop boasts a population of thirty—all hardworking folk. Two local establishments cater to visitors: a ramshackle inn called Misty's Bunks and a quaint tavern called My Left Boot. Toadhop's honorary mayor, a brown sow named Jenna Bean, pays visits to the tavern to greet strangers. To dispel any doubts concerning Jenna Bean's role in Toadhop, the hamlet's cheery tavernkeeper, Huberta Hadley, uses white paint to write the word ""Mayor"" on the friendly sow's flanks.",
Modrons,魔冢,existing-site,heading-only,KftGV,162,data/11/entries/6/entries/6/items/3/entry,15,Modrons patrol the exterior of the train.,
Modrons in the Caboose,守車中的魔冢,project-proposed,heading-only,KftGV,167,data/11/entries/8/entries/2/entries/1/name,1,Modrons in the Caboose,
Motive,動機,project-proposed,heading-only,KftGV,169,data/11/entries/8/entries/7/entries/4/entries/1/items/1/entry,5,"A character who has the {@spell raise dead} spell prepared can use it to restore Quintus to life. (The devas in {@area areas E3|42a|x}and {@area E8|441|x} can also provide this service, if asked nicely.) Quintus is chaotic neutral and uses the {@creature noble} stat block, although he is unarmored and carries no weapons. Alive, the aasimar is less cooperative than when he was dead, for reasons explained in the ""{@area Motive|439|x}"" section below. He offers no possible reasons for why someone would want to kill him.",
Mount Celestia,天界山,project-proposed,canonical-name,KftGV,165,data/11/entries/7/entries/7/entries/3/rows/2/1,3,Mount Celestia. Good-aligned creatures aboard the train gain a benefit of a {@spell bless} spell that lasts until the train leaves Mount Celestia.,
Mountain,山地,existing-site,heading-only,KftGV,55,data/4/entries/4/entries/0,6,"After years of financial hardship due to their stolen fortune, the mountain dwarves of Clan Axebreaker have located the lost treasure but have been unable to access it. A representative of the clan, Varrin Axebreaker, wishes to hire the characters to learn how to access the treasure. If you're not using the Golden Vault as a patron (see ""Using the Golden Vault"" below), here are some possible ways Varrin learned about the characters:",
Moving on the Train,在火車上移動,project-proposed,heading-only,KftGV,165,data/11/entries/7/entries/6/name,1,Moving on the Train,
Murder Suspects,謀殺案嫌疑人,project-proposed,heading-only,KftGV,169,data/11/entries/8/entries/7/entries/3/name,3,Murder Suspects,
Murder Victim,謀殺案受害者,project-proposed,heading-only,KftGV,169,data/11/entries/8/entries/7/entries/4/name,2,Murder Victim,
Murder Weapon,兇器,project-proposed,heading-only,KftGV,171,data/11/entries/8/entries/7/entries/6/entries/1,2,Higglesworth did not commit the crime willingly. The cambion Vern used his tinker's tools and magical know-how to reprogram the monodrone valet to murder Quintus using a wand Vern pilfered from a wizard's apprentice in Excelsior. Vern then used the modron's body to hide the murder weapon and instructed Higglesworth not to tolerate invasive scrutiny.,
Murkmire,穆克米爾,project-proposed,canonical-name,KftGV,5,data/0/entries/3/entries/5/entries/3/rows/0/0,61,{@adventure The Murkmire Malevolence|KftGV|1},穆爾克米爾
Murkmire Stone,穆克米爾石,project-proposed,canonical-name,KftGV,9,data/0/entries/5/entries/3/entries/13/entries/3/rows/0/1,50,"Museum curator Alda Arkin hires the rivals to steal the Murkmire Stone, a curiosity she knows would fetch a high price on the black market.",
Museum Enthusiast,博物館愛好者,project-proposed,heading-only,KftGV,12,data/1/entries/5/entries/2/items/1/name,1,Museum Enthusiast,
Museum Feeding Frenzy,博物館餵食狂潮,project-proposed,heading-only,KftGV,22,data/1/entries/7/entries/2/entries/14/entries/3/entries/0,2,"The light-green stone on the pedestal is the Murkmire Stone, which is described at the end of this adventure. As Dr. Dannell fears, the stone is indeed an eldritch creature's egg. At 10:30 p.m., the effects described in ""{@area The Murkmire Stone|080|x}"" begin, and at midnight, the egg hatches. See ""{@area Museum Feeding Frenzy|07d|x}"" to learn what happens when the egg hatches.",
Museum Locations,博物館位置,project-proposed,heading-only,KftGV,15,data/1/entries/6/entries/4/entries/2,3,"Information relevant to the characters' heist plan is below. More information about specific areas of the museum is included in the ""{@area Museum Locations|034|x}"" section later.",
Museum Staff,博物館員工,project-proposed,heading-only,KftGV,13,data/1/entries/5/entries/5/entries/8/name,1,Museum Staff,
Music,音樂,project-proposed,heading-only,KftGV,6,data/0/entries/4/entries/6/entries/0,52,"If the characters become Golden Vault operatives, they receive an ornate, key-operated music box from their handler. Each adventure in this book includes a ""Using the Golden Vault"" section, in which the Golden Vault dispatches a golden key to the group, usually via a hired courier. When the golden key is inserted into the characters' music box and turned, the box pops open and plays a message that assigns them a heist, provides basic details, and sets them on the right path. After the message plays, the box closes and the key vanishes.",
Mutual Acquaintance,共同熟人,project-proposed,heading-only,KftGV,55,data/4/entries/4/entries/1/items/1/name,1,Mutual Acquaintance,
My Left Boot,我的左靴,project-proposed,canonical-name,KftGV,104,data/7/entries/5/entries/0,2,"The rustic hamlet of Toadhop boasts a population of thirty—all hardworking folk. Two local establishments cater to visitors: a ramshackle inn called Misty's Bunks and a quaint tavern called My Left Boot. Toadhop's honorary mayor, a brown sow named Jenna Bean, pays visits to the tavern to greet strangers. To dispel any doubts concerning Jenna Bean's role in Toadhop, the hamlet's cheery tavernkeeper, Huberta Hadley, uses white paint to write the word ""Mayor"" on the friendly sow's flanks.",
Myrrel Malum,米瑞爾·瑪勒姆,project-proposed,canonical-name,KftGV,191,data/12/entries/10/entries/1,1,"With the help of a tiefling {@creature scout} named Mettle (see the {@area Gala Guests table|462|x} earlier in the adventure), the hags have been able to spy on the gala. Disguised as three elf nobles from the Feywild, the three {@creature Night Hag||night hags} (whose names are Myrrel Malum, Esadora Crane, and Netheria Nightblossom) arrive at Paliset Hall in one of the Adulares's unicorn-drawn coaches. After exiting the coach, the hags present stolen invitations to the winter wolves standing guard outside, then waltz into Paliset Hall, cackling with delight at how well their plan is unfolding.",
Mytchyl,米契爾,project-proposed,canonical-name,KftGV,108,data/7/entries/7/entries/5/entries/0/entries/1,5,"""Wylie plays strings and has a beautiful singing voice. She is attending her father's birthday party and won't be back for a couple of days. That leaves Embry, a talented composer and horn player; Mazia, who plays the flute; and Mytchyl, who plays the drums and the harpsichord.",
Mytchyl Dwyer,米契爾·德懷爾,project-proposed,canonical-name,KftGV,110,data/7/entries/8/entries/6/entries/3,2,"{@b Mytchyl Dwyer} (neutral good) is a 13-year-old human who was born without legs. He gets around in a gold-trimmed wheelchair. When it comes to music, his lack of discipline prompted his parents to send him to the Skalderang Conservatory. He was unhappy at first, but he warmed to the company of the other students and secretly idolizes Embry.",
Nadario Solana,納達里奧·索拉納,project-proposed,canonical-name,KftGV,137,data/9/entries/9/entries/4/entries/0,1,"Tavio and Aminta Solana are the children of the town's previous mayor, the late Nadario Solana. Oztocan has no aristocracy, but the Solana family is the next closest thing.",
Nadir,納迪爾,project-proposed,canonical-name,KftGV,128,data/8/entries/7/entries/3/entries/10/entries/5/entries/2,1,"{@i The Diabolical Codex} (covered in spined devil hide), written by a tiefling named Nadir, provides tips and tricks for surviving bargains with devils.",
Naevy,納維斯,project-proposed,canonical-name,,,,0,,
Naevys,納維斯,project-proposed,canonical-name,KftGV,149,data/10/entries/3/entries/1,31,"Known for its exquisite glasswork, Ghalasine was a prosperous city ruled by {@creature King Jhaeros|KftGV} Astolko. Governing from Castle Cinis, Jhaeros was advised by two councilors, Regine LaVerne and {@creature Charmayne Daymore|KftGV}, and a guard captain named {@creature Naevys Tharesso|KftGV}. Jhaeros's rule was compassionate, just, and kind. Over the last year, however, Naevys watched with growing concern as Jhaeros became more withdrawn and secretive, closing Ghalasine to trade and failing to honor his alliances.",
Naevys's Gifts,納維斯的禮物,project-proposed,heading-only,KftGV,159,data/10/entries/9/entries/3/entries/1/items/0/name,1,Naevys's Gifts,
Nebukath,內布卡斯,project-proposed,canonical-name,KftGV,195,data/13/entries/2,25,"In this heist, the heroes must infiltrate Brimstone Hold, the prison-fortress where Vrakir has locked away the {@item Book of Vile Darkness (Variant)|KftGV|Book of Vile Darkness}, and escape with the efreeti's prize. The characters' contact is an arcanaloth named Nebukath, the hold's duplicitous administrator, who secretly covets the book and plans to betray the heroes as soon as the group recovers it.",
Nebukath the Arcanaloth,奧法羅斯魔內布卡斯,project-proposed,canonical-name,KftGV,196,data/13/entries/7/entries/4/entries/1/items/1/name,1,Nebukath the Arcanaloth,
Nessus,內瑟斯,project-proposed,canonical-name,KftGV,37,data/2/entries/7/entries/7/entries/14/name,3,A11: Nessus,
Nessus—Menu,內瑟斯—選單,project-proposed,heading-only,KftGV,37,data/2/entries/7/entries/7/entries/14/entries/3/name,1,Nessus—Menu,
Netheria Nightblossom,奈瑟莉雅·夜花,project-proposed,canonical-name,KftGV,191,data/12/entries/10/entries/1,1,"With the help of a tiefling {@creature scout} named Mettle (see the {@area Gala Guests table|462|x} earlier in the adventure), the hags have been able to spy on the gala. Disguised as three elf nobles from the Feywild, the three {@creature Night Hag||night hags} (whose names are Myrrel Malum, Esadora Crane, and Netheria Nightblossom) arrive at Paliset Hall in one of the Adulares's unicorn-drawn coaches. After exiting the coach, the hags present stolen invitations to the winter wolves standing guard outside, then waltz into Paliset Hall, cackling with delight at how well their plan is unfolding.",
Nightshade,夜影,project-proposed,canonical-name,KftGV,36,data/2/entries/7/entries/7/entries/12/entries/1/rows/1/0,3,Nightshade,
Nix,尼克斯,project-proposed,canonical-name,KftGV,181,data/12/entries/7/entries/4/entries/1/rows/4/1,3,"Nix, a gnome {@creature mage}, was Zorhanna's apprentice for several years. Nix has agreed to look after Paliset Hall once the gala ends and the Adulares return to the Material Plane. Nix plans to stay until the next winter solstice.",
Nixylanna,尼克絲拉娜,project-proposed,canonical-name,KftGV,119,data/8/entries/1,8,"Over the years, the notorious elf thief {@creature Nixylanna Vidorant|KftGV} has stolen many famed prizes and stored them in her vault. Her former partner believes one of these trophies—a ruby diadem—rightly belongs to him. He hires the characters to infiltrate Vidorant's vault, bypass its security features, and steal the diadem. In a twist, the characters come face-to-face with Vidorant, and she offers them a deal that's hard to refuse.",
North Secret Door,北秘密門,project-proposed,heading-only,KftGV,99,data/6/entries/8/entries/5/entries/34/entries/2,2,"Permanent {@spell minor illusion} spells create the sounds of heavy breathing. These sounds originate in the two spaces marked T on {@adventure map 6.2|KftGV|6|Map 6.2: DM's map}. Any character who succeeds on a {@dc 10} Wisdom ({@skill Perception}) check can track the sounds to their points of origin. A character who enters one of these squares steps on a pressure plate that sinks 1 inch into the floor and remains in that position for 1 minute before resetting itself. A character who searches that section of floor before stepping on it must make a {@dc 13} Wisdom ({@skill Perception}) check. If the check is successful, the character spots the pressure plate and can avoid it. If the characters depress the two pressure plates here along with the one in G33, the north secret door in area G33 swings open.",
Nyx,妮克絲,project-proposed,canonical-name,KftGV,71,data/5/entries/6/entries/2/rows/6/1,2,"A {@creature Deep Gnome (Svirfneblin)||deep gnome} named Nyx Riddlestone is on the lookout for adventurers heading to Little Lockford. Nyx speaks Common, Gnomish, Terran, and Undercommon. She greets the characters curtly and offers to escort them to Mayor Broadfoot without delay.",
Nyx Riddlestone,妮克絲·謎石,project-proposed,canonical-name,KftGV,71,data/5/entries/6/entries/2/rows/6/1,1,"A {@creature Deep Gnome (Svirfneblin)||deep gnome} named Nyx Riddlestone is on the lookout for adventurers heading to Little Lockford. Nyx speaks Common, Gnomish, Terran, and Undercommon. She greets the characters curtly and offers to escort them to Mayor Broadfoot without delay.",
Old Lockford (Areas L1–L2),舊洛克福德（區域L1-L2）,project-proposed,heading-only,KftGV,76,data/5/entries/10/entries/2/name,1,Old Lockford (Areas L1–L2),
Omid,奧米德,project-proposed,canonical-name,KftGV,161,data/11/entries/3/entries/3,10,"Fiendish foes set their sights on {@creature the Stranger|KftGV}, forcing {@creature the Stranger|KftGV} to flee to the Material Plane and take refuge in the city-state of Akharin Sangar, which is ruled by a powerful angelic being. ({@adventure Akharin Sangar|JttRC|11|Akharin Sangar Gazetteer} is detailed further in {@adventure Journeys through the Radiant Citadel|JttRC}). But {@creature the Stranger|KftGV} underestimated the vigilance of Akharin Sangar's celestial host and was caught impersonating an angel. When {@creature the Stranger|KftGV} refused to divulge any information about themself, a deva enforcer named Omid was tasked with delivering {@creature the Stranger|KftGV} to Mechanus to stand trial. The prisoner was clamped in {@item dimensional shackles} and taken aboard the Concordant Express for safe transport.",
Omid the Deva,奧米德天使,project-proposed,heading-only,KftGV,172,data/11/entries/8/entries/9/entries/4/name,1,Omid the Deva,
Onyx Scar,黑曜之痕,project-proposed,canonical-name,KftGV,133,data/9/entries/4/entries/4,30,"About a century ago, a group of explorers found the ruins of the citadel, its protective wards still intact. Around the citadel, these explorers founded the settlement of Oztocan. The settlement grew into a thriving hub of commerce. Today, that prosperity is threatened by the machinations of a criminal organization known as the Onyx Scar. The criminals have unearthed Xeluan's tomb and are mining the giant's petrified corpse, selling his remains at local markets. Additionally, their delving has weakened the citadel's wards, causing earthquakes to plague the region.",黑曜石疤痕
Oofenklanger's Finest,烏芬克蘭格極品,project-proposed,canonical-name,KftGV,80,data/5/entries/10/entries/5/entries/4/entries/2/entries/0,1,"The cellar contains crates of worthless supplies, several kegs of a locally brewed mushroom beer called Rubbleclub Classic (named for its brewer, the svirfneblin Glyphy Rubbleclub), and several more kegs of an oaky whiskey called Oofenklanger's Finest (named after the family that originally distilled it).",
Optional Cars,可選車廂,project-proposed,heading-only,KftGV,164,data/11/entries/7/entries/3/entries/0,4,"The train has three mandatory cars and three optional cars, as described below.",
Oren,歐倫,project-proposed,canonical-name,KftGV,185,data/12/entries/9/entries/5/entries/4/entries/0,7,"Guests can entrust their coats to the manor's head of staff, a gray-haired, upbeat {@creature satyr} named Oren. He carefully hangs the coats on hooks that line the west and east walls of this area between the foyer and the ballroom.",
Origin Story,起源故事,project-proposed,heading-only,KftGV,179,data/12/entries/6/entries/1/entries/1/items/0/name,1,Origin Story,
Other Gala Attendees,其他盛會參與者,project-proposed,heading-only,KftGV,17,data/1/entries/6/entries/5/entries/3,2,"Twenty other gala attendees (unarmed and unarmored {@creature Noble||nobles}) mill around the event. All are dressed in elaborate finery, and most are long-time donors to the museum.",
Other Rewards,其他獎勵,project-proposed,heading-only,KftGV,175,data/11/entries/9/entries/2/name,1,Other Rewards,
Outbuildings,附屬建築,project-proposed,heading-only,KftGV,201,data/13/entries/8/entries/5/entries/7/entries/0/entries/0,3,"The large, horseshoe-shaped upper yard wraps around the harbor in its center. Sturdy wooden cranes to the west overlook the quay below, while the eastern side houses small outbuildings. Towering over the eastern edge of the yard is the volcano's ash-covered slope, featuring a giant efreeti face carved from the stone and spewing lava from its mouth.",
Outer Walls,外牆,project-proposed,heading-only,KftGV,59,data/4/entries/8/entries/4/entries/0,4,"The prison, hewn from stone, has 20-foot-high outer walls and flat, 20-foot-high ceilings throughout. Additional information about the prison is summarized below:",
Oztocan,奧茲托坎,project-proposed,canonical-name,KftGV,133,data/9/entries/4/entries/4,40,"About a century ago, a group of explorers found the ruins of the citadel, its protective wards still intact. Around the citadel, these explorers founded the settlement of Oztocan. The settlement grew into a thriving hub of commerce. Today, that prosperity is threatened by the machinations of a criminal organization known as the Onyx Scar. The criminals have unearthed Xeluan's tomb and are mining the giant's petrified corpse, selling his remains at local markets. Additionally, their delving has weakened the citadel's wards, causing earthquakes to plague the region.",奧茲託坎
P10: Main Bedroom,P10: 主臥室,project-proposed,heading-only,KftGV,187,data/12/entries/9/entries/5/entries/11/name,1,P10: Main Bedroom,
P11: Main Bathroom,P11: 主浴室,project-proposed,heading-only,KftGV,187,data/12/entries/9/entries/5/entries/12/name,1,P11: Main Bathroom,
P12: Vault Tower,P12: 金庫塔,project-proposed,heading-only,KftGV,188,data/12/entries/9/entries/5/entries/13/name,1,P12: Vault Tower,
P13: Vanity,P13: 梳妝室,project-proposed,heading-only,KftGV,188,data/12/entries/9/entries/5/entries/14/name,1,P13: Vanity,
P14: Guest Bedroom,P14: 客房,project-proposed,heading-only,KftGV,188,data/12/entries/9/entries/5/entries/15/name,1,P14: Guest Bedroom,
P15: Guest Bathroom,P15: 客用浴室,project-proposed,heading-only,KftGV,189,data/12/entries/9/entries/5/entries/16/name,1,P15: Guest Bathroom,
P16: Private Study,P16: 私人書房,project-proposed,heading-only,KftGV,189,data/12/entries/9/entries/5/entries/17/name,1,P16: Private Study,
P17: Powder and Fitting Room,P17: 化妝間和更衣室,project-proposed,heading-only,KftGV,189,data/12/entries/9/entries/5/entries/18/name,1,P17: Powder and Fitting Room,
P18: Cellar,P18: 地下室,project-proposed,heading-only,KftGV,189,data/12/entries/9/entries/5/entries/19/name,1,P18: Cellar,
P19: Servants' Quarters,P19: 僕人住處,project-proposed,heading-only,KftGV,190,data/12/entries/9/entries/5/entries/20/name,1,P19: Servants' Quarters,
P1: Fountain and Patio,P1: 噴泉和露臺,project-proposed,heading-only,KftGV,185,data/12/entries/9/entries/5/entries/2/name,1,P1: Fountain and Patio,
P20: Inside the Solitaire Rift,P20: 索利塔裡裂隙內部,project-proposed,heading-only,KftGV,190,data/12/entries/9/entries/5/entries/21/name,1,P20: Inside the Solitaire Rift,
P2: Foyer,P2: 門廳,project-proposed,heading-only,KftGV,185,data/12/entries/9/entries/5/entries/3/name,1,P2: Foyer,
P3: Coat Check,P3: 衣帽間,project-proposed,heading-only,KftGV,185,data/12/entries/9/entries/5/entries/4/name,1,P3: Coat Check,
P4: Ballroom,P4: 舞廳,project-proposed,heading-only,KftGV,185,data/12/entries/9/entries/5/entries/5/name,1,P4: Ballroom,
P5: Parlor,P5: 客廳,project-proposed,heading-only,KftGV,186,data/12/entries/9/entries/5/entries/6/name,1,P5: Parlor,
P6: Art Gallery,P6: 藝術畫廊,project-proposed,heading-only,KftGV,186,data/12/entries/9/entries/5/entries/7/name,1,P6: Art Gallery,
P7: Banquet Hall,P7: 宴會廳,project-proposed,heading-only,KftGV,186,data/12/entries/9/entries/5/entries/8/name,1,P7: Banquet Hall,
P8: Kitchen,P8: 廚房,project-proposed,heading-only,KftGV,187,data/12/entries/9/entries/5/entries/9/name,1,P8: Kitchen,
P9: Balcony,P9: 陽臺,project-proposed,heading-only,KftGV,187,data/12/entries/9/entries/5/entries/10/name,1,P9: Balcony,
Paintings,畫作,project-proposed,heading-only,KftGV,28,data/2/entries/5/entries/2/entries/2/entries/0,21,"The back room in the Brine Widow is well appointed, with a polished wood table, paintings of local landscapes, and wrought-iron lanterns. Platters on the table are piled with food, and a pot of tea steams in the center of the table.",
Paliset Hall,帕利塞特莊園,project-proposed,canonical-name,KftGV,5,data/0/entries/3/entries/5/entries/3/rows/11/0,51,{@adventure Party at Paliset Hall|KftGV|12},帕利塞特大廳;帕利斯特大廳
Paliset Hall Locations,帕利塞特莊園地點,project-proposed,heading-only,KftGV,184,data/12/entries/9/entries/5/name,1,Paliset Hall Locations,
Party at Paliset Hall,帕利塞特莊園的派對,project-proposed,heading-only,KftGV,5,data/0/entries/3/entries/5/entries/3/rows/11/0,3,{@adventure Party at Paliset Hall|KftGV|12},
Pass Card Stash,通行證卡藏匿處,project-proposed,heading-only,KftGV,20,data/1/entries/7/entries/2/entries/8/entries/2/name,1,Pass Card Stash,
Patrol Die,巡邏骰,project-proposed,heading-only,KftGV,61,data/4/entries/8/entries/6/entries/6/entries/0/colLabels/1,2,Patrol Die,
Patrol Route,巡邏路線,project-proposed,heading-only,KftGV,56,data/4/entries/6/entries/5/entries/1/items/2/name,4,Patrol Route,
Patrol Routes,巡邏路線,project-proposed,heading-only,KftGV,20,data/1/entries/7/entries/2/entries/6/entries/3/name,5,Guards' Patrol Routes,
Patrols,巡邏隊,project-proposed,heading-only,KftGV,19,data/1/entries/7/entries/2/entries/4/entries/1,17,One {@creature guard} patrols this area. Hallways to the north and south connect to area V4.,
People of Loch Wynnis,溫尼斯湖的居民,project-proposed,heading-only,KftGV,181,data/12/entries/7/entries/3/name,1,People of Loch Wynnis,
Personal Reasons,個人原因,project-proposed,heading-only,KftGV,162,data/11/entries/4/entries/3/name,1,Personal Reasons,
Phlegethosian Spa,弗萊格索斯水療中心,project-proposed,heading-only,KftGV,35,data/2/entries/7/entries/7/entries/8/name,2,A6: Phlegethosian Spa & Stygian Baths,
Placing Oztocan,定位奧茲托坎,project-proposed,heading-only,KftGV,137,data/9/entries/9/entries/3/entries/4/entries/2/name,1,Placing Oztocan,
Plan the Heist,策劃搶劫,project-proposed,heading-only,KftGV,5,data/0/entries/2/entries/1/items/1/name,1,Plan the Heist,
Planar Effects,位面效應,existing-site,heading-only,KftGV,165,data/11/entries/7/entries/7/name,4,Planar Effects,
Planning the Heist,策劃盜竊,project-proposed,heading-only,KftGV,30,data/2/entries/6/name,9,Planning the Heist,
Pool,水池,project-proposed,heading-only,KftGV,99,data/6/entries/8/entries/5/entries/31/name,32,G29: Murky Pool,
Pool Floor,水池底部,project-proposed,heading-only,KftGV,99,data/6/entries/8/entries/5/entries/31/entries/2/items/0/name,1,Pool Floor,
Pool Walls,游泳池牆壁,project-proposed,heading-only,KftGV,99,data/6/entries/8/entries/5/entries/31/entries/2/items/1/name,1,Pool Walls,
Portcullises,吊閘門,project-proposed,heading-only,KftGV,200,data/13/entries/8/entries/5/entries/3/entries/2,6,"Two {@creature erinyes} are stationed on the rooftops of the towers closest to the bridge. If the characters approach the gatehouse and give a sound reason for being here, the erinyes open the way (see ""Doors"" and ""Portcullises"" below), escort the characters to {@area area B10|4f6|x}, and announce their presence to the salamanders in {@area area B22|512|x} before returning to their posts.",
Portrait Lore,畫像傳說,project-proposed,heading-only,KftGV,89,data/6/entries/6/entries/8/entries/1/items/1/name,1,Portrait Lore,
Portrait's Location,畫像的位置,project-proposed,heading-only,KftGV,88,data/6/entries/6/entries/7/entries/1/items/4/name,1,Portrait's Location,
Power and Plunder,權力與掠奪,project-proposed,heading-only,KftGV,67,data/4/entries/8/entries/10/entries/6/entries/1/items/6/name,1,Power and Plunder,
Preparation,預備,existing-site,heading-only,KftGV,120,data/8/entries/5/entries/1,6,"Alternatively, the characters could hear about Goldenbeard's challenge to bring him the diadem through the gossip of other thieves; in this case, skip to the ""{@area Preparation|2f2|x}"" section.",
Prepress Specialist,印前專家,project-proposed,heading-only,KftGV,,data/14/entries/0/items/0/items/15/name,1,Prepress Specialist,
Previous Owners,前所有者,project-proposed,heading-only,KftGV,179,data/12/entries/6/entries/1/entries/1/items/1/name,1,Previous Owners,
Prismeer,普利茲米爾,project-proposed,canonical-name,KftGV,187,data/12/entries/9/entries/5/entries/11/entries/1/entries/2/items/0/entry,1,"""Eliphas has been staying in the guest room on the opposite side of Paliset Hall. If you see him, please remind him he has an appointment with that emissary from Prismeer in two days.""",
Prison Deployment,監獄部署,project-proposed,heading-only,KftGV,61,data/4/entries/8/entries/7/entries/2/items/1/name,1,Prison Deployment,
Prison Features,監獄特徵,project-proposed,heading-only,KftGV,59,data/4/entries/8/entries/4/name,4,Prison Features,
Prison Guards,監獄看守,project-proposed,heading-only,KftGV,59,data/4/entries/8/entries/4/entries/1/items/3/name,4,Prison Guards,
Prison Riot,監獄暴動,project-proposed,heading-only,KftGV,201,data/13/entries/8/entries/5/entries/5/entries/3,4,"Most of the prisoners are too fearful to speak with visitors, but one prisoner named Venture (chaotic good, tiefling {@creature gladiator}) tries to get the characters' attention, seeing the party's arrival as a golden opportunity to escape. If the characters smuggle her some weapons, rope, and a grappling hook, Venture agrees to start a prison riot (see ""Prison Riot"" below).",
Prison Warden,典獄長,project-proposed,heading-only,KftGV,59,data/4/entries/8/entries/3,2,"Each member of the Lords' Alliance assigns one representative to Revel's End, and together the representatives form a parole committee called the Absolution Council. Rarely are all ten council members present, since Revel's End offers little in the way of comfort and amenities. If the council needs a tiebreaking vote to determine whether to commute a prisoner's sentence, the prison warden—a neutral arbiter with no ties to any Lords' Alliance member—casts the deciding vote.",
Prisoner 13,十三號囚犯,existing-site,heading-only,KftGV,5,data/0/entries/3/entries/5/entries/3/rows/3/0,36,{@adventure Prisoner 13|KftGV|4},
Prisoner 13's Tattoos,十三號囚犯的紋身,existing-site,heading-only,KftGV,67,data/4/entries/8/entries/10/entries/6/name,1,Prisoner 13's Tattoos,
Prisoners,囚犯,project-proposed,heading-only,KftGV,56,data/4/entries/6/entries/6/entries/1/items/3/entry,43,"Visitors can request meetings with prisoners, but those meetings are always supervised by the warden (to learn about the warden, see ""{@area R21: Warden's Quarters|180|x}""). If the characters want to talk to {@creature Prisoner 13|KftGV}, their best bet is to try when she's not in her cell, hopefully out of sight of the guards. Prisoners do chores such as emptying latrine buckets and cleaning up after meals, and they exercise in the courtyard daily. When prisoners are injured or fall ill, they are taken to the prison hospital.",
Privies,廁所,project-proposed,heading-only,KftGV,17,data/1/entries/6/entries/4/entries/8/entries/1/items/1/name,7,Privies,
Producers,製作人,project-proposed,heading-only,KftGV,,data/14/entries/0/items/1/entries/0/entries/0/items/8/name,1,Producers,
Product Managers,產品經理,project-proposed,heading-only,KftGV,,data/14/entries/0/items/1/entries/0/entries/0/items/10/name,1,Product Managers,
Project Concept,專案概念,project-proposed,heading-only,KftGV,,data/14/entries/0/items/0/items/2/name,1,Project Concept,
Project Engineer,專案工程師,project-proposed,heading-only,KftGV,,data/14/entries/0/items/0/items/13/name,1,Project Engineer,
Project Leads,專案主管,project-proposed,heading-only,KftGV,,data/14/entries/0/items/0/items/0/name,1,Project Leads,
Push Your Luck,碰碰運氣,project-proposed,heading-only,KftGV,32,data/2/entries/7/entries/4/entries/2/entries/3/name,1,Push Your Luck,
Quasits,小惡魔,project-proposed,heading-only,KftGV,110,data/7/entries/8/entries/5/entries/1/entries/0,6,{@creature Joster Mareet|KftGV} petitioned and received aid from Graz'zt in the form of one {@creature chasme} and six {@creature Quasit||quasits}:,
Quentin,昆汀,project-proposed,canonical-name,KftGV,27,data/2/entries/3/entries/2,47,"While on the circuit, Verity met a gnome gambler named Quentin Togglepocket. The two hit it off, and they formed a plan to save enough winnings to open their own casino. Just as they seemed poised to put their plan in action, Quentin disappeared, taking all their money with him—only to resurface years later, having built the Afterlife Casino using the stolen money.",昆廷
Quentin Togglepocket,昆汀·托格波克,project-proposed,canonical-name,KftGV,27,data/2/entries/3/entries/2,7,"While on the circuit, Verity met a gnome gambler named Quentin Togglepocket. The two hit it off, and they formed a plan to save enough winnings to open their own casino. Just as they seemed poised to put their plan in action, Quentin disappeared, taking all their money with him—only to resurface years later, having built the Afterlife Casino using the stolen money.",昆汀·託格波克特;昆汀·託格波克;昆汀·圖格拉口袋;昆汀·託格普克;昆汀·托格波克特
Quentin's Counteroffer,昆汀的反建議,project-proposed,heading-only,KftGV,38,data/2/entries/7/entries/7/entries/17/entries/6/name,1,Quentin's Counteroffer,
Quentin's Location,昆汀的位置,project-proposed,heading-only,KftGV,33,data/2/entries/7/entries/5/entries/5/name,1,Quentin's Location,
Questioning Ignus,審問伊格努斯,project-proposed,heading-only,KftGV,83,data/5/entries/10/entries/6/entries/6/entries/6/name,1,Questioning Ignus,
Questioning the Halflings,詢問半身人,project-proposed,heading-only,KftGV,105,data/7/entries/6/entries/5/name,1,Questioning the Halflings,
Questioning the Modrons,詢問魔冢,project-proposed,heading-only,KftGV,170,data/11/entries/8/entries/7/entries/5/entries/1/items/3/name,1,Questioning the Modrons,
Quillion Sardo,奎利昂·薩爾多,project-proposed,canonical-name,KftGV,64,data/4/entries/8/entries/9/entries/18/entries/3/entries/2/rows/2/1,1,"Quillion Sardo (lawful neutral halfling), convicted of using magic to influence others, has served {@dice 1d4} years of a 5-year sentence.",
Quintus,昆圖斯,project-proposed,canonical-name,KftGV,169,data/11/entries/8/entries/7/entries/1,34,"This car contains three cozy passenger cabins and two privies (one at each end of the car). Quintus Malvesh, an aasimar cartographer, lies dead in the aisle (in the square marked X on {@area map 11.2|422|x}), and a detective is already on the case.",
R10: Armory,R10: 軍械庫,project-proposed,heading-only,KftGV,64,data/4/entries/8/entries/9/entries/11/name,1,R10: Armory,
R11: Courtyard,R11: 庭院,project-proposed,heading-only,KftGV,64,data/4/entries/8/entries/9/entries/12/name,1,R11: Courtyard,
R12: Meeting Room,R12: 會議室,project-proposed,heading-only,KftGV,64,data/4/entries/8/entries/9/entries/13/name,1,R12: Meeting Room,
R13: Storeroom,R13: 儲藏室,project-proposed,heading-only,KftGV,64,data/4/entries/8/entries/9/entries/14/name,1,R13: Storeroom,
R14: Privy,R14: 廁所,project-proposed,heading-only,KftGV,64,data/4/entries/8/entries/9/entries/15/name,1,R14: Privy,
R15: Hexagon,R15: 六邊形,project-proposed,heading-only,KftGV,64,data/4/entries/8/entries/9/entries/16/name,1,R15: Hexagon,
R16: Panopticon,R16: 全景監獄,project-proposed,heading-only,KftGV,64,data/4/entries/8/entries/9/entries/17/name,1,R16: Panopticon,
R17: Cells,R17: 牢房,project-proposed,heading-only,KftGV,64,data/4/entries/8/entries/9/entries/18/name,1,R17: Cells,
R18: Surveillance Hub,R18: 監控中心,project-proposed,heading-only,KftGV,65,data/4/entries/8/entries/9/entries/19/name,1,R18: Surveillance Hub,
R19: Barracks,R19: 營房,project-proposed,heading-only,KftGV,66,data/4/entries/8/entries/9/entries/20/name,1,R19: Barracks,
R1: Dock,R1: 碼頭,project-proposed,heading-only,KftGV,61,data/4/entries/8/entries/9/entries/2/name,1,R1: Dock,
R20: Hall of Absolution,R20: 寬恕大廳,project-proposed,heading-only,KftGV,66,data/4/entries/8/entries/9/entries/21/name,1,R20: Hall of Absolution,
R21: Warden's Quarters,R21: 典獄長宿舍,project-proposed,heading-only,KftGV,56,data/4/entries/6/entries/6/entries/1/items/3/entry,2,"Visitors can request meetings with prisoners, but those meetings are always supervised by the warden (to learn about the warden, see ""{@area R21: Warden's Quarters|180|x}""). If the characters want to talk to {@creature Prisoner 13|KftGV}, their best bet is to try when she's not in her cell, hopefully out of sight of the guards. Prisoners do chores such as emptying latrine buckets and cleaning up after meals, and they exercise in the courtyard daily. When prisoners are injured or fall ill, they are taken to the prison hospital.",
R22: Office,R22: 辦公室,project-proposed,heading-only,KftGV,67,data/4/entries/8/entries/9/entries/23/name,1,R22: Office,
R23: Tower Roof,R23: 塔樓屋頂,project-proposed,heading-only,KftGV,67,data/4/entries/8/entries/9/entries/24/name,1,R23: Tower Roof,
R2: Elevator,R2: 電梯,project-proposed,heading-only,KftGV,61,data/4/entries/8/entries/9/entries/3/name,1,R2: Elevator,
R3: Guard Rooms,R3: 警衛室,project-proposed,heading-only,KftGV,62,data/4/entries/8/entries/9/entries/4/name,1,R3: Guard Rooms,
R4: Hospital,R4: 醫院,project-proposed,heading-only,KftGV,62,data/4/entries/8/entries/9/entries/5/name,1,R4: Hospital,
R5: Stables,R5: 馬廄,project-proposed,heading-only,KftGV,62,data/4/entries/8/entries/9/entries/6/name,1,R5: Stables,
R6: Mess Hall,R6: 食堂,project-proposed,heading-only,KftGV,62,data/4/entries/8/entries/9/entries/7/name,1,R6: Mess Hall,
R7: Councilors' Quarters,R7: 議員宿舍,project-proposed,heading-only,KftGV,62,data/4/entries/8/entries/9/entries/8/name,1,R7: Councilors' Quarters,
R8: Kitchen and Side Rooms,R8: 廚房及側房,project-proposed,heading-only,KftGV,62,data/4/entries/8/entries/9/entries/9/name,1,R8: Kitchen and Side Rooms,
R9: Guard Towers,R9: 警衛塔,project-proposed,heading-only,KftGV,64,data/4/entries/8/entries/9/entries/10/name,1,R9: Guard Towers,
Raising the Dead,復活死者,project-proposed,heading-only,KftGV,169,data/11/entries/8/entries/7/entries/4/entries/1/items/1/name,1,Raising the Dead,
Ranged Attacks,遠端攻擊,project-proposed,heading-only,KftGV,165,data/11/entries/7/entries/6/entries/4/entries/1/items/1/name,1,Ranged Attacks,
Rapport Spores,通念孢子,existing-site,canonical-name,KftGV,142,data/9/entries/10/entries/3/entries/7/entries/2,1,"A recent effort by the Onyx Scar to clear the room for storage led to hostilities with the resident Plant creatures. The myconids and the shambling mound attack anyone who approaches the garden or emerges from the fountain (see ""Fountain"" below). If one or more myconids are killed, the surviving myconids use their Rapport Spores to signal their surrender. The shambling mound, however, fights until destroyed.",'共感孢子'（關係孢子）;共感孢子
Raven's Note,烏鴉的便條,project-proposed,heading-only,KftGV,96,data/6/entries/8/entries/5/entries/23/entries/6/name,1,Raven's Note,
Raw Oztocanite,原始奧茲托坎石,project-proposed,heading-only,KftGV,142,data/9/entries/10/entries/3/entries/5/entries/3/name,1,Raw Oztocanite,
Reach for the Stars,伸手摘星,project-proposed,heading-only,KftGV,5,data/0/entries/3/entries/5/entries/3/rows/2/0,3,{@adventure Reach for the Stars|KftGV|3},
Reaching the Tomb,到達墓穴,project-proposed,heading-only,KftGV,139,data/9/entries/9/entries/6/name,4,Reaching the Tomb,
Rear Platform,後平臺,project-proposed,heading-only,KftGV,167,data/11/entries/8/entries/2/entries/3/name,1,Rear Platform,
Records,檔案,project-proposed,heading-only,KftGV,16,data/1/entries/6/entries/4/entries/5/entries/1/entries/3,12,"The characters can find a record of the museum's payment for these spells, including their specific locations, by searching the records room (area V6); the alarms can also be detected using {@spell detect magic}. The alarms aren't armed while the museum is open to the public.",
Redemption,救贖,project-proposed,heading-only,KftGV,147,data/9/entries/11/entries/1/items/0/entry,3,"If Xeluan's heart is mended, the earthquakes stop. Peace returns to Oztocan. {@creature Rilago|KftGV}'s redemption and the characters' heroism have strengthened the protective wards around Xeluan, rendering the giant impervious to further harm. No longer able to mine oztocanite from the giant, the Onyx Scar terminates its mining operation.",
Reentering the Museum,重新進入博物館,project-proposed,heading-only,KftGV,17,data/1/entries/6/entries/4/entries/9/name,1,Reentering the Museum,
Reghed,瑞格,project-proposed,canonical-name,KftGV,59,data/4/entries/8/entries/0,1,"Revel's End is a panopticon, a prison configured in such a way that the activities of the prisoners can be closely monitored from a central location. Situated on the frigid, misty coast of the Sea of Moving Ice, the prison is a single-story structure topped with battlements. Rising from the core of the panopticon is a tower that holds the prison's administrative offices and guard barracks. Both the prison and the tower are carved from a tall, blade-shaped rock that rises high above the sea cliffs. This rock, called the Windbreak, shields the tower against the brutal winds that sweep down from the Reghed Glacier.",
Regine LaVerne,蕾吉娜·拉維恩,project-proposed,canonical-name,KftGV,149,data/10/entries/3/entries/1,3,"Known for its exquisite glasswork, Ghalasine was a prosperous city ruled by {@creature King Jhaeros|KftGV} Astolko. Governing from Castle Cinis, Jhaeros was advised by two councilors, Regine LaVerne and {@creature Charmayne Daymore|KftGV}, and a guard captain named {@creature Naevys Tharesso|KftGV}. Jhaeros's rule was compassionate, just, and kind. Over the last year, however, Naevys watched with growing concern as Jhaeros became more withdrawn and secretive, closing Ghalasine to trade and failing to honor his alliances.",
Rei,蕾,project-proposed,canonical-name,KftGV,181,data/12/entries/7/entries/5/entries/1/entries/2,3,"The Auberge Aurore is owned and operated by Rei Paceran (neutral, elf {@creature veteran}), who is also the village's sheriff. Stern and unflappable, Rei has no patience for any misconduct under her watch. Rei is wary of the Feywild and has no interest in going there.",
Rei Paceran,蕾·帕瑟蘭,project-proposed,canonical-name,KftGV,181,data/12/entries/7/entries/5/entries/1/entries/2,1,"The Auberge Aurore is owned and operated by Rei Paceran (neutral, elf {@creature veteran}), who is also the village's sheriff. Stern and unflappable, Rei has no patience for any misconduct under her watch. Rei is wary of the Feywild and has no interest in going there.",
Reinstate Dr. Dannell,恢復丹內爾博士的職位,project-proposed,heading-only,KftGV,23,data/1/entries/8/entries/0,2,"If the characters escape the museum with the Murkmire Stone, they can deliver it safely to Dr. Dannell. The anthropologist locks it in a box made of crystal, whereupon the stone becomes inert and its effects stop immediately. Dr. Dannell assures the characters that the egg will be safe in her care for the time being. The characters receive their rewards, and Dr. Dannell tries to regain her position at the university while making provisions to ensure the Murkmire Stone remains in its crystal box. At your discretion, Dr. Dannell might ask the characters to help (see ""{@area Reinstate Dr. Dannell|07a|x}"" below).",
Remi,雷米,project-proposed,canonical-name,KftGV,196,data/13/entries/5/entries/3/entries/0,5,"A halfling warlock named Remi Duskweather renounced her pact and dedicated herself to serving a holy order (potentially one connected with a cleric or paladin in the party). As her final test of faith, Remi has been tasked with using her connection to her former patron—the arcanaloth Nebukath—to help the holy order obtain and destroy the {@item Book of Vile Darkness (Variant)|KftGV|Book of Vile Darkness}.",
Remi Duskweather,雷米·暮天,project-proposed,canonical-name,KftGV,196,data/13/entries/5/entries/3/entries/0,1,"A halfling warlock named Remi Duskweather renounced her pact and dedicated herself to serving a holy order (potentially one connected with a cleric or paladin in the party). As her final test of faith, Remi has been tasked with using her connection to her former patron—the arcanaloth Nebukath—to help the holy order obtain and destroy the {@item Book of Vile Darkness (Variant)|KftGV|Book of Vile Darkness}.",
Returning Empty-Handed,空手而歸,project-proposed,heading-only,KftGV,39,data/2/entries/8/entries/1/items/1/name,1,Returning Empty-Handed,
Returning with Quentin's Letter,帶回昆汀的信,project-proposed,heading-only,KftGV,39,data/2/entries/8/entries/1/items/2/name,1,Returning with Quentin's Letter,
Returning with the Loot,帶著戰利品返回,project-proposed,heading-only,KftGV,39,data/2/entries/8/entries/1/items/0/name,1,Returning with the Loot,
Revel's End,享樂之終,project-proposed,canonical-name,KftGV,5,data/0/entries/1/title,36,"A rogue rappels down the icy walls of Revel's End, a prison in the frozen north",
Revel's End Details,享樂之終 細節,project-proposed,heading-only,KftGV,56,data/4/entries/6/entries/6/entries/1/items/4/name,1,Revel's End Details,
Revel's End Locations,享樂之終 地點,project-proposed,heading-only,KftGV,61,data/4/entries/8/entries/9/name,1,Revel's End Locations,
Reversing the Ritual,逆轉儀式,project-proposed,heading-only,KftGV,150,data/10/entries/5/entries/6/items/0/name,1,Reversing the Ritual,
Revolving Stone Door,旋轉石門,project-proposed,heading-only,KftGV,146,data/9/entries/10/entries/3/entries/20/entries/6/name,1,Revolving Stone Door,
Revolving Stone Doors,旋轉石門,project-proposed,heading-only,KftGV,145,data/9/entries/10/entries/3/entries/19/entries/1/name,1,Revolving Stone Doors,
Reward,獎勵,project-proposed,heading-only,KftGV,5,data/0/entries/2/entries/1/items/3/entry,29,The characters' success determines their reward and how the story might progress beyond the main adventure.,
Rewards,獎勵,existing-site,heading-only,KftGV,23,data/1/entries/8/entries/0,18,"If the characters escape the museum with the Murkmire Stone, they can deliver it safely to Dr. Dannell. The anthropologist locks it in a box made of crystal, whereupon the stone becomes inert and its effects stop immediately. Dr. Dannell assures the characters that the egg will be safe in her care for the time being. The characters receive their rewards, and Dr. Dannell tries to regain her position at the university while making provisions to ensure the Murkmire Stone remains in its crystal box. At your discretion, Dr. Dannell might ask the characters to help (see ""{@area Reinstate Dr. Dannell|07a|x}"" below).",
Rift,裂谷,project-proposed,heading-only,KftGV,177,data/12/entries/3/entries/1,21,"Lady {@creature Zorhanna Adulare|KftGV} is an elf and a retired adventurer. On one of her many adventures, she stole a diamond {@item Shard Solitaire (Diamond)|KftGV|shard solitaire} (a magic item described at the {@area end of the adventure|4bd|x}) from a trio of night hags known as the Crestfall Coven. Zorhanna later mounted the diamond into a glittering platinum necklace, which she often wears during special occasions. Trapped within the iridescent facets of the {@item shard solitaire|KftGV} is an unstable extradimensional rift that gives the diamond its remarkable powers.",
Rigged Pedestal,陷阱基座,project-proposed,heading-only,KftGV,22,data/1/entries/7/entries/2/entries/14/entries/4/name,1,Rigged Pedestal,
Rilago,里拉戈,existing-site,heading-only,KftGV,135,data/9/entries/8/entries/0,40,"Two decades ago, an elf archivist named {@creature Rilago|KftGV} found crumbling journals and architectural plans in his family's ancestral library that mentioned a tomb beneath Oztocan. The town's mayor refused to allow {@creature Rilago|KftGV} to mount an excavation, but the mayor's daughter, Aminta, overheard their conversation and became obsessed with finding the tomb.",
Rilago's Fate,Rilago的命運,project-proposed,heading-only,KftGV,137,data/9/entries/9/entries/4/entries/2/entries/2/items/3/name,1,Rilago's Fate,
Rilago's Ghost,里拉戈的鬼魂,project-proposed,heading-only,KftGV,147,data/9/entries/10/entries/3/entries/23/entries/3/name,1,Rilago's Ghost,
Rilago's Notes,里拉戈的筆記,project-proposed,heading-only,KftGV,137,data/9/entries/9/entries/5/entries/2/name,1,Rilago's Notes,
Ring of Keys,一串鑰匙,project-proposed,heading-only,KftGV,37,data/2/entries/7/entries/7/entries/15/entries/3/entries/0,3,"This room smells like hay and musk. Three crates rest on the floor in one corner, and a portable cage on rollers sits beside them. Floor-to-ceiling bars form two larger cages against the north wall. A wooden chest sits against the east wall near the biggest cage. Resting on the lid of the chest is a ring of keys.",
Rival Crew,敵對團隊,project-proposed,heading-only,KftGV,7,data/0/entries/5/entries/0,18,"Unforeseen complications are an iconic aspect of heist narratives. Whether they take the form of a rival crew appearing out of nowhere or a treasure that turns out to be fake, complications ratchet up the tension and require the characters to think on their feet.",
Rival Crew Motivations,競爭對手團隊的動機,project-proposed,heading-only,KftGV,9,data/0/entries/5/entries/3/entries/13/name,3,Rival Crew Motivations,
Rival Crew in Play,遊戲中的對手團隊,project-proposed,heading-only,KftGV,8,data/0/entries/5/entries/3/entries/12/name,1,Rival Crew in Play,
River,河流,project-proposed,heading-only,KftGV,28,data/2/entries/5/entries/2/entries/9/entries/1/items/0/entry,33,"Wooden boats shuttle visitors and personnel to and from the casino, which is built inside a cavern. The boats ply the river that leads to the cavern. (Verity knows no other way to enter the casino.)",
Roleplaying Prisoner 13,扮演囚犯13,project-proposed,heading-only,KftGV,64,data/4/entries/8/entries/9/entries/18/entries/3/entries/0,2,"Each of the twenty-four cells can hold one or two prisoners. Roll {@dice 4d10} to determine the number of prisoners currently incarcerated at Revel's End, give each one an identification number, and distribute them in the cells as you see fit. Numbers are assigned in the order in which the prisoners arrive and are never reused. The longest-serving prisoner currently incarcerated at Revel's End is Prisoner 6, and the newest one is Prisoner 299. {@creature Prisoner 13|KftGV} (see the ""{@area Roleplaying Prisoner 13|187|x}"" section later in this adventure for more details) has no cellmate. Her cell is marked on {@adventure map 4.1|KftGV|4|Map 4.1: Players' Map}.",
Roleplaying Quentin,扮演昆汀,project-proposed,heading-only,KftGV,33,data/2/entries/7/entries/5/entries/4/name,1,Roleplaying Quentin,
Roleplaying Thyval,扮演賽瓦爾,project-proposed,heading-only,KftGV,95,data/6/entries/8/entries/5/entries/22/entries/2/name,1,Roleplaying Thyval,
Roleplaying Verity Kye,扮演維莉蒂·凱,project-proposed,heading-only,KftGV,27,data/2/entries/5/entries/1/name,1,Roleplaying Verity Kye,
Royal Scepter,皇家權杖,project-proposed,heading-only,KftGV,130,data/8/entries/7/entries/3/entries/16/entries/2/entries/1/items/2/name,1,Royal Scepter,
Rubbleclub Classic,碎石棒經典款,project-proposed,canonical-name,KftGV,80,data/5/entries/10/entries/5/entries/4/entries/2/entries/0,1,"The cellar contains crates of worthless supplies, several kegs of a locally brewed mushroom beer called Rubbleclub Classic (named for its brewer, the svirfneblin Glyphy Rubbleclub), and several more kegs of an oaky whiskey called Oofenklanger's Finest (named after the family that originally distilled it).",
Ruby Diadem of Erlynn Blessedore,埃爾林·布萊索雷的紅寶石王冠,project-proposed,heading-only,KftGV,119,data/8/entries/3/entries/5,4,"Weeks after his takeover of the Silver Fingers Society, Goldenbeard made an even bigger move against Vidorant. He promised a favor to any existing or aspiring Silver Finger who steals the Ruby Diadem of Erlynn Blessedore and delivers it to him. This challenge is the talk of scoundrel circles as everyone vies to steal the diadem from Vidorant. Doing so won't be easy, as Vidorant keeps her treasures in her secure vault on the outskirts of the city.",
Ruined Citadel,廢墟堡壘,project-proposed,heading-only,KftGV,137,data/9/entries/9/entries/4/entries/2/entries/2/items/5/entry,5,"""Workers are led to and from the tomb through a guarded passage in the ruined citadel around which the town is built.""",
Rules Developers,規則開發,project-proposed,heading-only,KftGV,,data/14/entries/0/items/0/items/4/name,1,Rules Developers,
Rules in the Afterlife:,來世的規則：,project-proposed,heading-only,KftGV,35,data/2/entries/7/entries/7/entries/3/entries/2/name,1,Rules in the Afterlife:,
Rune Tile,符文瓷磚,project-proposed,heading-only,KftGV,188,data/12/entries/9/entries/5/entries/13/entries/3/name,1,Rune Tile,
Running the Adventures,執行冒險,project-proposed,heading-only,KftGV,5,data/0/entries/3/name,1,Running the Adventures,
Ruthie Swifford,露西·斯威福德,project-proposed,canonical-name,KftGV,36,data/2/entries/7/entries/7/entries/12/entries/1/rows/2/0,3,Ruthie Swifford,
S10: Naevys's Bedroom,S10: 納維斯的臥室,project-proposed,heading-only,KftGV,155,data/10/entries/7/entries/7/entries/11/name,1,S10: Naevys's Bedroom,
S11: Regine's Bedroom,S11: 雷吉娜的臥室,project-proposed,heading-only,KftGV,156,data/10/entries/7/entries/7/entries/12/name,1,S11: Regine's Bedroom,
S12: Charmayne's Bedroom,S12: 夏梅恩的臥室,project-proposed,heading-only,KftGV,156,data/10/entries/7/entries/7/entries/13/name,1,S12: Charmayne's Bedroom,
S13: Royal Gallery,S13: 皇家畫廊,project-proposed,heading-only,KftGV,156,data/10/entries/7/entries/7/entries/14/name,1,S13: Royal Gallery,
S14: Mage Tower,S14: 法師塔,project-proposed,heading-only,KftGV,156,data/10/entries/7/entries/7/entries/15/name,1,S14: Mage Tower,
S15: King's Armory,S15: 國王的軍械庫,project-proposed,heading-only,KftGV,157,data/10/entries/7/entries/7/entries/16/name,1,S15: King's Armory,
S16: King's Bedroom,S16: 國王的臥室,project-proposed,heading-only,KftGV,157,data/10/entries/7/entries/7/entries/17/name,1,S16: King's Bedroom,
S17: Heart of Jhaeros,S17: 賈埃羅斯之心,project-proposed,heading-only,KftGV,157,data/10/entries/7/entries/7/entries/18/name,1,S17: Heart of Jhaeros,
S1: Entry Hall,S1: 入口大廳,project-proposed,heading-only,KftGV,152,data/10/entries/7/entries/7/entries/2/name,1,S1: Entry Hall,
S2: Hallway,S2: 走廊,project-proposed,heading-only,KftGV,154,data/10/entries/7/entries/7/entries/3/name,1,S2: Hallway,
S3: Dining Hall,S3: 餐廳,project-proposed,heading-only,KftGV,154,data/10/entries/7/entries/7/entries/4/name,1,S3: Dining Hall,
S4: Kitchen,S4: 廚房,project-proposed,heading-only,KftGV,154,data/10/entries/7/entries/7/entries/5/name,1,S4: Kitchen,
S5: Library,S5: 圖書館,project-proposed,heading-only,KftGV,154,data/10/entries/7/entries/7/entries/6/name,1,S5: Library,
S6: Art Gallery,S6: 藝術畫廊,project-proposed,heading-only,KftGV,154,data/10/entries/7/entries/7/entries/7/name,1,S6: Art Gallery,
S7: Stone Staircase,S7: 石質樓梯,project-proposed,heading-only,KftGV,155,data/10/entries/7/entries/7/entries/8/name,1,S7: Stone Staircase,
S8: Upper Hallway,S8: 上層走廊,project-proposed,heading-only,KftGV,155,data/10/entries/7/entries/7/entries/9/name,1,S8: Upper Hallway,
S9: Parlor,S9: 客廳,project-proposed,heading-only,KftGV,155,data/10/entries/7/entries/7/entries/10/name,1,S9: Parlor,
Safe,保險箱,project-proposed,heading-only,KftGV,17,data/1/entries/6/entries/4/entries/9/entries/1/items/0/entry,50,"The characters could pick the lock on the front doors to {@area area V1|035|x}, use pass cards to bypass the alarm (see ""{@area Bypassing Alarms|029|x}""), and contend with the falling net trap just inside the doors while remaining a safe distance from the animated statues.",
Safeguard,佑護,project-proposed,heading-only,KftGV,179,data/12/entries/6/entries/1/entries/1/items/2/name,1,Safeguard,
Samphith,桑菲斯,project-proposed,canonical-name,KftGV,9,data/0/entries/5/entries/3/entries/13/entries/3/rows/7/1,5,The rivals are members of the Silver Fingers Society and wish to impress Samphith Goldenbeard by stealing the diadem. They are unaware Goldenbeard has hired the characters.,
Samphith Goldenbeard,桑菲斯·金鬚,project-proposed,canonical-name,KftGV,9,data/0/entries/5/entries/3/entries/13/entries/3/rows/7/1,4,The rivals are members of the Silver Fingers Society and wish to impress Samphith Goldenbeard by stealing the diadem. They are unaware Goldenbeard has hired the characters.,
Saving the King's Heart,拯救國王的心,project-proposed,heading-only,KftGV,150,data/10/entries/5/entries/6/items/1/name,1,Saving the King's Heart,
Schnella,施妮拉,project-proposed,canonical-name,KftGV,82,data/5/entries/10/entries/6/entries/5/entries/2/entries/0,2,"A thorough search of the building reveals the corpse of a robed deep gnome named Schnella Deepdelve, the master of the town's miners' guild. Schnella refused to leave and died fending off Tockworth's clockwork defenders. Her restless soul lurks in this building, manifesting as a troublesome {@creature specter} known as a {@creature poltergeist} (see the ""Variant: Poltergeist"" sidebar in the ""Specter"" entry of the {@book Monster Manual|MM}).",
Schnella Deepdelve,施妮拉·深掘,project-proposed,canonical-name,KftGV,82,data/5/entries/10/entries/6/entries/5/entries/2/entries/0,1,"A thorough search of the building reveals the corpse of a robed deep gnome named Schnella Deepdelve, the master of the town's miners' guild. Schnella refused to leave and died fending off Tockworth's clockwork defenders. Her restless soul lurks in this building, manifesting as a troublesome {@creature specter} known as a {@creature poltergeist} (see the ""Variant: Poltergeist"" sidebar in the ""Specter"" entry of the {@book Monster Manual|MM}).",
Scouting the Museum,偵查博物館,project-proposed,heading-only,KftGV,15,data/1/entries/6/entries/4/name,1,Scouting the Museum,
Scrying Sensor,偵測感應器,project-proposed,heading-only,KftGV,172,data/11/entries/8/entries/8/entries/4/name,3,Scrying Sensor,
Searching the Cabins,搜尋隔間,project-proposed,heading-only,KftGV,170,data/11/entries/8/entries/7/entries/5/name,1,Searching the Cabins,
Secret Door,暗門,project-proposed,heading-only,KftGV,17,data/1/entries/6/entries/4/entries/9/entries/1/items/2/entry,105,The characters could pry open the loading dock doors or prop open the secret door if they find it.,
Secret Doors,暗門,project-proposed,heading-only,KftGV,16,data/1/entries/6/entries/4/entries/5/entries/3/entries/0,17,"If the characters don't carefully remove the Murkmire Stone from its pedestal in area V13, {@spell arcane lock} spells cause all doors leading to the room (including secret doors) to close and lock. As an action, a character can either try to unlock a door using thieves' tools, doing so with a successful {@dc 20} Dexterity check, or force open the door by succeeding on a {@dc 20} Strength ({@skill Athletics}) check. The characters can learn about this security measure by attending the gala (see the ""{@area Attending the Gala|02c|x}"" section).",
Secret Entrance,秘密入口,project-proposed,heading-only,KftGV,137,data/9/entries/9/entries/4/entries/2/entries/2/items/5/name,1,Secret Entrance,
Secret Exit,秘密出口,project-proposed,heading-only,KftGV,99,data/6/entries/8/entries/5/entries/31/entries/2/items/2/name,2,Secret Exit,
Secret Passage,秘密通道,project-proposed,heading-only,KftGV,127,data/8/entries/7/entries/3/entries/7/entries/2/entries/0,3,"This room is part of the guard rotation. Roll to determine if a guard is present (as described in ""{@area Interior Security|302|x}""). Guards enter the room only via its secret passage, and they leave through either of the main doors after flipping the switch to temporarily disable the traps.",
Secret Vault,秘密金庫,project-proposed,heading-only,KftGV,179,data/12/entries/6/entries/1/entries/1/items/2/entry,2,"Zorhanna paid a master jeweler to craft a platinum necklace and attach the {@item Shard Solitaire (Diamond)|KftGV|shard solitaire} to it. If it is removed from Zorhanna's neck, the necklace automatically teleports to a secret vault in Paliset Hall. The vault is located somewhere in Zorhanna's bedchamber on the second floor. (Fifel is wrong about the vault's location.) The necklace doesn't teleport if it's removed from the vault, so stealing it requires that it be taken from that location.",
Secrets of the Shard Solitaire,碎片獨奏的秘密,project-proposed,heading-only,KftGV,179,data/12/entries/6/entries/1/entries/1/items/0/entry,2,"Fifel thinks the {@item Shard Solitaire (Diamond)|KftGV|shard solitaire} formed when someone dropped a {@item Heward's handy haversack} full of jewels into a {@item bag of holding}, creating an explosive portal to the Astral Plane. One of the jewels absorbed some of the portal's volatile energy to become the {@item Shard Solitaire (Diamond)|KftGV|shard solitaire}. (See ""{@area Secrets of the Shard Solitaire|4bd|x}"" at the end of the adventure for what really happened.)",
Security Forces,安全力量,project-proposed,heading-only,KftGV,72,data/5/entries/8/entries/2/items/1/entry,3,"If the characters request more information about Tockworth's automatons, use the information in the ""{@area Security Forces|1a4|x}"" section to describe them.",
Security Guard and Display Case,保安和展示櫃,project-proposed,heading-only,KftGV,36,data/2/entries/7/entries/7/entries/12/entries/3/name,1,Security Guard and Display Case,
Security Guards,保安人員,project-proposed,heading-only,KftGV,30,data/2/entries/5/entries/2/entries/9/entries/2/entries/0,7,"If one or more characters are caught trying to steal from the casino, security guards attempt to apprehend them. Captured characters are taken to the holding cells ({@area area A17|0d7|x}). Quentin visits them an hour later. If the characters reveal they're working for Verity Kye, the gnome laughs and makes them a counteroffer (see {@area area A14|0cb|x} for details). If the characters refuse his counteroffer, Quentin has them tossed out of the casino and sent up the river in a gondola.",
Security Mirror,安全鏡,project-proposed,heading-only,KftGV,31,data/2/entries/7/entries/3/entries/7/entries/0,21,"Throughout the casino are security mirrors, each one anchored to a wall at a downward angle twelve feet off the floor. A {@spell detect magic} spell reveals an aura of divination magic around each mirror, which is a Large object with AC 13, 5 hit points, and immunity to poison and psychic damage. In addition to functioning as a normal mirror, each security mirror acts as a magical scrying device, allowing guards in the security office ({@area area A16|0d5|x}) to see through it like a window. Casting {@spell dispel magic} on a security mirror suppresses its scrying property for 10 minutes.",
Security Mirrors,安全鏡,project-proposed,heading-only,KftGV,28,data/2/entries/5/entries/2/entries/9/entries/1/items/3/name,7,Security Mirrors,
Security Office Personnel,保安辦公室人員,project-proposed,heading-only,KftGV,37,data/2/entries/7/entries/7/entries/16/entries/4/items/1/name,1,Security Office Personnel,
See Invisibility,識破隱形,existing-site,heading-only,KftGV,61,data/4/entries/8/entries/7/entries/2/items/2/name,4,See Invisibility,
Senior Producer,高階製作人,project-proposed,heading-only,KftGV,,data/14/entries/0/items/1/entries/0/entries/0/items/7/name,1,Senior Producer,
Sense of Urgency,緊迫感,project-proposed,heading-only,KftGV,89,data/6/entries/6/entries/8/entries/1/items/2/name,1,Sense of Urgency,
Servants,僕人,project-proposed,heading-only,KftGV,108,data/7/entries/7/entries/5/entries/1/entries/1/rows/1/1,15,Sythian supervises rehearsals in the music hall ({@area area C11|2cb|x}) on level 3 while the servants work and Joster lazes about.,
Shard Description,碎片描述,project-proposed,heading-only,KftGV,134,data/9/entries/5/entries/2/name,1,Shard Description,
Shard Rumors,碎片傳言,project-proposed,heading-only,KftGV,134,data/9/entries/5/entries/1/name,3,Shard Rumors,
Shard Solitaire,碎晶掛飾,project-proposed,canonical-name,KftGV,9,data/0/entries/5/entries/3/entries/13/entries/3/rows/11/1,130,"The {@creature adult black dragon} Inkscale, one of Zorhanna's oldest and bitterest enemies, hires the rivals to steal the {@item shard solitaire|KftGV} out of spite.",獨奏曲碎片
Shard Solitaire Lore,碎晶掛飾傳說,project-proposed,heading-only,KftGV,179,data/12/entries/6/entries/1/name,1,Shard Solitaire Lore,
Shard Solitaire Necklace,鑽石獨奏曲項鍊,project-proposed,heading-only,KftGV,185,data/12/entries/9/entries/5/entries/2/entries/2/title,2,A gnome adventurer acquires the shard solitaire necklace and a key belonging to Paliset Hall's head of staff,
Shard of the Accursed,被詛咒的碎片,project-proposed,heading-only,KftGV,5,data/0/entries/3/entries/5/entries/3/rows/8/0,3,{@adventure Shard of the Accursed|KftGV|9},
Shelves of Potions,藥水架,project-proposed,heading-only,KftGV,126,data/8/entries/7/entries/3/entries/5/entries/2/name,1,Shelves of Potions,
Shield Guardian,構裝盾衛,existing-site,heading-only,KftGV,72,data/5/entries/8/entries/2/items/2/entry,12,"The trouble began when Tockworth began performing magical procedures on herself, replacing parts of her body with machine parts. Her fellow tinkerers urged her to stop these procedures, but she refused. The mayor ordered the militia to shut down Tockworth's workshop, but the militia was unable to get past the shield guardian stationed outside the workshop. After the militia was rebuffed, Tockworth instructed her automatons to attack everyone else in Little Lockford.",
Shown the Door,被指門,project-proposed,heading-only,KftGV,74,data/5/entries/8/entries/4/name,1,Shown the Door,
Shrines,聖祠,project-proposed,heading-only,KftGV,140,data/9/entries/10/entries/3/entries/4/entries/1,8,"This area once contained shrines to various gods, but the Onyx Scar renovated it, creating a hallway with arrow slits on both sides.",
Shrixette Laderie,施莉克賽特·拉德里,project-proposed,canonical-name,KftGV,130,data/8/entries/7/entries/3/entries/16/entries/2/entries/1/items/1/entry,1,"The card reads, ""Reportedly from Pirate Queen Shrixette Laderie. No other records of Tishanos found. Must mount expedition."" This weathered map details an island that lies about a hundred miles from an unidentified coastline. (The map has no intrinsic monetary value but could lead to adventure.)",
Shroud,環繞,project-proposed,heading-only,KftGV,67,data/4/entries/8/entries/10/entries/6/entries/1/items/2/name,1,Shroud,
Sigil,印記城,project-proposed,canonical-name,KftGV,31,data/2/entries/7/entries/3/entries/1/entries/1,7,"A cashier has no cash on hand but is attuned to a magical sigil on the station's countertop. The cashier places coinage on the sigil, sending it directly to the vault, or pulls coins from the vault through the same sigil. Withdrawals of more than 250 gp require a second cashier to confirm the transaction. Transactions occurring through the sigils are automatically recorded in the magical ledger in the clerk's office ({@area area A15|0d3|x}).",
Silvered Dagger,鍍銀匕首,project-proposed,heading-only,KftGV,130,data/8/entries/7/entries/3/entries/16/entries/2/entries/1/items/4/name,1,Silvered Dagger,
Simulacrum's Location,模擬體的位置,project-proposed,heading-only,KftGV,184,data/12/entries/9/entries/3/entries/2/name,3,Simulacrum's Location,
Skalderang,斯考德蘭,project-proposed,canonical-name,KftGV,103,data/7/entries/2/title,33,A chasme demon aims to thwart a bard's bold escape from Skalderang Conservatory,斯卡爾德朗
Skalderang Conservatory,斯考德蘭音樂學院,project-proposed,canonical-name,KftGV,103,data/7/entries/2/title,15,A chasme demon aims to thwart a bard's bold escape from Skalderang Conservatory,斯卡爾德蘭音樂廳;斯考德蘭學院
Skaldorang,斯考德蘭,project-proposed,canonical-name,,,,0,,
Skylight,天窗,project-proposed,heading-only,KftGV,17,data/1/entries/6/entries/4/entries/9/entries/1/items/1/name,18,Attic Skylight,
Skylights,天窗,project-proposed,heading-only,KftGV,107,data/7/entries/7/entries/2/entries/0/entries/1,5,"""From the skylights on the roof, you can see the third-floor room that holds Sythian's fancy instruments. Sythian's quarters are somewhere on the third floor, too. He let most of the staff go, excepting the cook and housekeeper. They sleep next to the kitchen on the ground floor. The students live on the second floor—they each get a room, but they take their vittles in the dining hall on the first floor.",
Slagline,渣線,project-proposed,heading-only,KftGV,72,data/5/entries/8/entries/2/items/0/entry,14,"The gnomes can share the information in the ""{@area General Features|19d|x}"" section. The ""{@area Bridges|19e|x}"" and ""{@area Slagline|1a3|x}"" sections are especially important when it comes to planning the heist.",
Slagline Switch,渣線開關,project-proposed,heading-only,KftGV,79,data/5/entries/10/entries/4/entries/6/entries/4/entries/1/items/2/name,1,Slagline Switch,
Slayer's Weapon,殺手的武器,project-proposed,heading-only,KftGV,175,data/11/entries/9/entries/2/entries/2/items/1/name,1,Slayer's Weapon,
Sleeping Guards,睡覺的守衛,project-proposed,heading-only,KftGV,97,data/6/entries/8/entries/5/entries/27/entries/1/name,1,Sleeping Guards,
Smoldertown (Areas L7–L9),煙燻鎮（區域 L7-L9）,project-proposed,heading-only,KftGV,80,data/5/entries/10/entries/5/name,1,Smoldertown (Areas L7–L9),
Sneaking Past Guards,悄悄溜過警衛,project-proposed,heading-only,KftGV,16,data/1/entries/6/entries/4/entries/7/entries/1/items/2/name,1,Sneaking Past Guards,
Snowy,小雪,project-proposed,canonical-name,KftGV,130,data/8/entries/7/entries/3/entries/16/entries/2/entries/1/items/5/name,2,Snowy's Collar,
Snowy's Collar,小雪的項圈,project-proposed,heading-only,KftGV,130,data/8/entries/7/entries/3/entries/16/entries/2/entries/1/items/5/name,1,Snowy's Collar,
Sol,索爾,project-proposed,canonical-name,KftGV,150,data/10/entries/5/entries/4/items/0/entry,4,"Castle Cinis is guarded by ashen creatures that used to be the king's guards. The king's dogs, Cinnabar and Sol, have become {@creature Hell Hound||hell hounds} that wander the castle's interior.",
Solving the Mystery,解開謎團,project-proposed,heading-only,KftGV,137,data/9/entries/9/entries/3/entries/4/entries/0,2,"If the characters seem interested in stopping the earthquakes and solving the mystery of {@creature Rilago|KftGV}'s disappearance, Leandro shows them the map Tavio gave him. (Give the players a copy of {@adventure map 9.1|KftGV|9|Map 9.1: Players' Map}.) The map is pieced together from several torn scraps and shows most of Xeluan's tomb, minus locations that hadn't been uncovered at the time the map was drawn. Leandro informs the characters that the handwriting on the map is {@creature Rilago|KftGV}'s.",
South Corridor,南走廊,project-proposed,heading-only,KftGV,142,data/9/entries/10/entries/3/entries/7/entries/5/name,2,South Corridor,
Southeast Corridor,東南走廊,project-proposed,heading-only,KftGV,144,data/9/entries/10/entries/3/entries/13/entries/2/name,2,Southeast Corridor,
Speaking with the Dead,與死者對話,project-proposed,heading-only,KftGV,169,data/11/entries/8/entries/7/entries/4/entries/1/items/2/name,1,Speaking with the Dead,
Spellcasting,施法,existing-site,heading-only,KftGV,25,data/1/entries/8/entries/3/entries/2/entries/2/entries/2/entries/0/name,11,Spellcasting,
Spellcasting (Humanoid or Hybrid Form Only),施法（僅類人與半人形態）,existing-site,heading-only,KftGV,188,data/12/entries/9/entries/5/entries/15/entries/3/entries/0/name,1,Spellcasting (Humanoid or Hybrid Form Only),
Spiked Pit,尖刺陷坑,project-proposed,heading-only,KftGV,127,data/8/entries/7/entries/3/entries/10/entries/2,2,"If a creature steps on the rug without saying the password, ""quixotic,"" the rune summons an {@creature invisible stalker}. The invisible stalker doesn't reveal its presence or attack immediately, waiting to do so until the characters either remove a book from the room or try to cross the spiked pit in {@area area T10|333|x}.",
Spoke and Wheel,輻條與車輪,project-proposed,canonical-name,KftGV,120,data/8/entries/5/entries/3/entries/0,2,"Goldenbeard asks the characters to meet with him in the back room of a restaurant, the Spoke and Wheel. When the party arrives, read the following:",
Spyglass,望遠鏡,existing-site,heading-only,KftGV,95,data/6/entries/8/entries/5/entries/21/entries/0/entries/0,7,A wooden railing encloses this balcony. Mounted on one corner of the railing is a copper spyglass.,
Stable Hand,馬伕,project-proposed,heading-only,KftGV,92,data/6/entries/8/entries/5/entries/4/entries/1/name,3,Stable Hand,
Staircase,樓梯,project-proposed,heading-only,KftGV,19,data/1/entries/7/entries/2/entries/2/entries/0/entries/0,47,"Statues depicting robed human women flank the sides of this public mingling space, which boasts a marble column in the center. The museum's information desk is situated just inside the front doors. To the north is a grand staircase draped in rich carpet.",
Staircases,樓梯,project-proposed,heading-only,KftGV,44,data/3/entries/9/entries/3/entries/2/entries/0/entries/0,9,"A sickly sweet scent hangs in the air of this dusty foyer. Two staircases rise from the hardwood floor to a balcony, and a glass chandelier hangs above the center of the room. Below the chandelier, the pelt of an owlbear has been made into a fine rug, its head staring at the entrance.",
Stairs,樓梯,existing-site,heading-only,KftGV,16,data/1/entries/6/entries/4/entries/5/entries/1/entries/1/items/1,32,At the bottom of the stairs in {@area area V1|035|x},
Starting the Adventure,開始冒險,project-proposed,heading-only,KftGV,27,data/2/entries/5/name,1,Starting the Adventure,
Stat Blocks,資料卡,project-proposed,heading-only,KftGV,7,data/0/entries/5/entries/3/entries/9,9,"If a fight breaks out between the characters and a rival crew, use stat blocks for the rivals that are appropriate for the adventure's level, as indicated in the Rival Crew Statistics table. The stat blocks can be found in the {@book Monster Manual|MM}.",
Station Shutdown Switch,電站關閉開關,project-proposed,heading-only,KftGV,79,data/5/entries/10/entries/4/entries/6/entries/4/entries/1/items/3/name,1,Station Shutdown Switch,
Statues,雕像,project-proposed,heading-only,KftGV,16,data/1/entries/6/entries/4/entries/5/entries/2/name,20,Animated Statues,
Steal the Diadem,偷走頭飾,project-proposed,heading-only,KftGV,119,data/8/entries/1,4,"Over the years, the notorious elf thief {@creature Nixylanna Vidorant|KftGV} has stolen many famed prizes and stored them in her vault. Her former partner believes one of these trophies—a ruby diadem—rightly belongs to him. He hires the characters to infiltrate Vidorant's vault, bypass its security features, and steal the diadem. In a twist, the characters come face-to-face with Vidorant, and she offers them a deal that's hard to refuse.",
Stealing Keys,偷鑰匙,project-proposed,heading-only,KftGV,16,data/1/entries/6/entries/4/entries/7/entries/1/items/3/name,1,Stealing Keys,
Stealing the Murkmire Stone,偷取穆克米爾石,project-proposed,heading-only,KftGV,13,data/1/entries/5/entries/5/entries/5/entries/2/items/0/entry,2,"The characters need to reconnoiter the museum in search of security measures, steal the Murkmire Stone at an opportune time (see ""Stealing the Murkmire Stone"" below), and deliver it to Dr. Dannell. She'll wait for them in an alley between the museum and the Sage's Quill.",
Stealing the Necklace,偷走項鍊,project-proposed,heading-only,KftGV,184,data/12/entries/9/entries/4/name,1,Stealing the Necklace,
Stealing the Shard Solitaire,竊取鑽石孤鑽,project-proposed,heading-only,KftGV,177,data/12/entries/3/entries/4/name,1,Stealing the Shard Solitaire,
Step 1,第一步,project-proposed,heading-only,KftGV,32,data/2/entries/7/entries/4/entries/1/entries/1/items/0/name,1,Step 1,
Step 2,第二步,project-proposed,heading-only,KftGV,32,data/2/entries/7/entries/4/entries/1/entries/1/items/1/name,1,Step 2,
Step 3,第三步,project-proposed,heading-only,KftGV,32,data/2/entries/7/entries/4/entries/1/entries/1/items/2/name,1,Step 3,
Step 4,第四步,project-proposed,heading-only,KftGV,32,data/2/entries/7/entries/4/entries/1/entries/1/items/3/name,1,Step 4,
Storage Closets,儲藏室,project-proposed,heading-only,KftGV,185,data/12/entries/9/entries/5/entries/4/entries/2/entries/2,4,"Oren senses trouble between Lord and Lady Adulare, but he won't pry into their affairs, and he gently discourages other staff from doing the same. He carries a key for the storage closets in the cellar ({@area area P18|4a9|x}) but doesn't recall anything important being stored in them.",
Strike a Blow,打擊一下,project-proposed,heading-only,KftGV,87,data/6/entries/4/entries/1/items/2/name,2,Strike a Blow,
Strong Winds,強風,project-proposed,heading-only,KftGV,165,data/11/entries/7/entries/6/entries/4/name,2,Strong Winds,
Students,學生,project-proposed,heading-only,KftGV,103,data/7/entries/3/entries/3,41,"Sythian had inherited his parents' estate and debts, but a mysterious poison killed off the family's olive orchard, leaving him with nothing but the mansion and its furnishings. Those furnishings included a multitude of musical instruments Sythian's parents had bought in the hopes of making him a musical prodigy. While he excelled at none of the instruments, he realized he could pay off his family's debts by turning his home into a conservatory for young musicians from wealthy families. One of his current students, Wylie van Timmel, shows great promise. Sythian hatched a plan to snatch Golden Axe from Frody's grave and give it to Wylie as a present, hoping to earn the favor and long-term financial support of her wealthy family.",
Studio Art Director,工作室藝術總監,project-proposed,heading-only,KftGV,,data/14/entries/0/items/1/entries/0/entries/0/items/2/name,1,Studio Art Director,
Stygian Baths,冥河浴場,project-proposed,heading-only,KftGV,35,data/2/entries/7/entries/7/entries/8/name,2,A6: Phlegethosian Spa & Stygian Baths,
Sundown Crossing,日落十字路口,project-proposed,heading-only,KftGV,181,data/12/entries/7/entries/5/entries/3/entries/2,2,"Most of the docks are 10 feet long, but one particularly old and creaky dock is 50 feet long. This dock extends into the lake and allows easy access to Loch Wynnis's fey crossing (see ""{@area Sundown Crossing|469|x}"" below).",
Supply Deliveries,供應品交付,project-proposed,heading-only,KftGV,88,data/6/entries/6/entries/7/entries/1/items/5/name,1,Supply Deliveries,
Surveilling the Target,監視目標,project-proposed,heading-only,KftGV,121,data/8/entries/6/entries/2/name,1,Surveilling the Target,
Suspicion,懷疑,project-proposed,heading-only,KftGV,24,data/1/entries/8/entries/3/entries/1/entries/3/entries/0,29,"Now that she knows her theories about the Murkmire Stone were correct, Dr. Dannell seeks to regain her position at Varkenbluff University. She has assembled proof that the Murkmire Stone is an eldritch creature's egg. But the museum's curator blocks her reinstatement bid—and then goes missing, casting further suspicion on Dr. Dannell. Dr. Dannell offers the characters a share of her future earnings for their help tracking down the curator and convincing her to reverse her vote against Dr. Dannell. The characters follow Alda's trail through Varkenbluff's high society and discover the curator is the head of an illegal syndicate fencing stolen objects. The characters must confront her and her minions to save Dr. Dannell's reputation and prevent stolen historical objects from being sold illegally.",
Syr Isbeth,伊絲貝絲爵士,project-proposed,canonical-name,KftGV,195,data/13/entries/5/entries/1/entries/1,2,"Syr Isbeth, the human leader of the defense effort, received a missive from the arcanaloth Nebukath professing the arcanaloth's sympathies for her cause and providing information about the book's location. Syr Isbeth doesn't know whether Nebukath can be trusted, but stealing the book would stymie Vrakir's war effort—it's too good an opportunity to pass up. She asks the characters to undertake this perilous mission, promising them the title to a regional stronghold, along with its retinue of five {@creature Knight||knights} and one hundred {@creature Guard||guards}, if they bring her the book or proof of its destruction.",
Sythian,西提安,project-proposed,canonical-name,KftGV,103,data/7/entries/3/entries/2,120,"Frody's body was returned to Toadhop and laid to rest in the earth next to his mother, Veena, and his sister, Marigold. Golden Axe was buried with him. Shortly after Frody was interred, a tiefling named {@creature Sythian Skalderang|KftGV}, who lived many miles away, learned of the famous bard's untimely death.",賽西安;斯提安;希西安
Sythian Skalderang,西提安·斯考德蘭,existing-site,heading-only,KftGV,103,data/7/entries/3/entries/2,14,"Frody's body was returned to Toadhop and laid to rest in the earth next to his mother, Veena, and his sister, Marigold. Golden Axe was buried with him. Shortly after Frody was interred, a tiefling named {@creature Sythian Skalderang|KftGV}, who lived many miles away, learned of the famous bard's untimely death.",
Sythian's Debts,西提安的債務,project-proposed,heading-only,KftGV,105,data/7/entries/6/entries/5/entries/3/items/1/name,2,Sythian's Debts,
Sythian's Suspicion,西提安的懷疑,project-proposed,heading-only,KftGV,111,data/7/entries/8/entries/8/entries/3/entries/0,2,"Sythian owes money to various loan sharks and banks. Characters who claim to represent one of these individuals or institutions must succeed on a {@dc 15} Charisma ({@skill Deception}) check to convince Sythian that they are who they say they are. If one or more characters fail this check, Sythian becomes suspicious (see ""Sythian's Suspicion"" below).",
T10: Pit,T10: 深坑,project-proposed,heading-only,KftGV,128,data/8/entries/7/entries/3/entries/11/name,1,T10: Pit,
T11a–b: Stairwell,T11a–b: 樓梯井,project-proposed,heading-only,KftGV,128,data/8/entries/7/entries/3/entries/12/name,1,T11a–b: Stairwell,
T12: Balcony,T12: 陽臺,project-proposed,heading-only,KftGV,128,data/8/entries/7/entries/3/entries/13/name,1,T12: Balcony,
T13: Vidorant's Quarters,T13: 維朵蘭特的住所,project-proposed,heading-only,KftGV,128,data/8/entries/7/entries/3/entries/14/name,1,T13: Vidorant's Quarters,
T14: Strong Room,T14: 堅固房間,project-proposed,heading-only,KftGV,129,data/8/entries/7/entries/3/entries/15/name,1,T14: Strong Room,
T15: Inner Vault,T15: 內金庫,project-proposed,heading-only,KftGV,129,data/8/entries/7/entries/3/entries/16/name,1,T15: Inner Vault,
T1: Lobby,T1: 大廳,project-proposed,heading-only,KftGV,124,data/8/entries/7/entries/3/entries/2/name,1,T1: Lobby,
T2: Break Room,T2: 休息室,project-proposed,heading-only,KftGV,124,data/8/entries/7/entries/3/entries/3/name,1,T2: Break Room,
T3: Gem Room,T3: 寶石室,project-proposed,heading-only,KftGV,124,data/8/entries/7/entries/3/entries/4/name,1,T3: Gem Room,
T4: Scrolls and Potions Room,T4: 卷軸與藥水室,project-proposed,heading-only,KftGV,126,data/8/entries/7/entries/3/entries/5/name,1,T4: Scrolls and Potions Room,
T5: Documents Room,T5: 檔案室,project-proposed,heading-only,KftGV,126,data/8/entries/7/entries/3/entries/6/name,1,T5: Documents Room,
T6: Gallery,T6: 畫廊,project-proposed,heading-only,KftGV,127,data/8/entries/7/entries/3/entries/7/name,1,T6: Gallery,
T7: Armory,T7: 軍械庫,project-proposed,heading-only,KftGV,127,data/8/entries/7/entries/3/entries/8/name,1,T7: Armory,
T8: Zoo,T8: 動物園,project-proposed,heading-only,KftGV,127,data/8/entries/7/entries/3/entries/9/name,1,T8: Zoo,
T9: Library,T9: 圖書館,project-proposed,heading-only,KftGV,127,data/8/entries/7/entries/3/entries/10/name,1,T9: Library,
Taproom,酒吧間,project-proposed,heading-only,KftGV,80,data/5/entries/10/entries/5/entries/4/entries/1,3,"{@adventure Map 5.2|KftGV|5|Map 5.2: DM's map} includes an inset map that shows the tavern's interior, which consists of a cellar and a taproom.",
Tavio,塔維奧,project-proposed,canonical-name,KftGV,135,data/9/entries/8/entries/1,29,"Years later, the mayor passed away and his son, Tavio, was elected to replace him. Aminta, who had become involved with the Onyx Scar crime syndicate, persuaded {@creature Rilago|KftGV} to join her search for the tomb and convinced Tavio to overlook their endeavor. Aminta and {@creature Rilago|KftGV} found the tomb and Xeluan's petrified remains, but no treasure. Disappointed, they tried to profit by shattering the giant's body, only to find it indestructible.",
Tavio Solana,塔維奧·索拉納,project-proposed,canonical-name,KftGV,136,data/9/entries/9/entries/3/entries/2/entries/2/items/2/entry,4,"""I recently spoke to the Tavio Solana, the mayor. He grew uncomfortable when I mentioned {@creature Rilago|KftGV}. It was Tavio's father, the previous mayor, who refused to allow the excavation of Xeluan's tomb. I don't believe Tavio had anything to do with {@creature Rilago|KftGV}'s disappearance, but I can't help but think Tavio knows something about it.""",
Teleportation Ward,傳送防護結界,project-proposed,heading-only,KftGV,162,data/11/entries/6/entries/6/items/4/name,3,Teleportation Ward,
The Accursed Shard,詛咒之碎片,project-proposed,heading-only,KftGV,133,data/9/entries/5/name,1,The Accursed Shard,
The Adulares,阿杜拉雷家族,project-proposed,heading-only,KftGV,179,data/12/entries/6/entries/0,7,"As they travel to Loch Wynnis in the company of Fifel, the characters can ask the satyr for information about the {@item Shard Solitaire (Diamond)|KftGV|shard solitaire}, the Adulares, the winter solstice gala, and Paliset Hall.",
The Afterlife Casino,來世賭場,project-proposed,heading-only,KftGV,27,data/2/entries/1,14,"At the Afterlife Casino, a three-dragon ante tournament called the Grand Minauros Invitational awards one winner with a sizable purse and a golden erinyes statuette. A former gambler with a score to settle hires the characters to steal the statuette as well as gold from the casino's vault before the tournament ends and the winner is declared. The characters must case the casino, steal what they came for, and escape.",
The Breaker's Map,破碎者地圖,project-proposed,heading-only,KftGV,56,data/4/entries/6/entries/2,2,"Give the players a copy of {@adventure map 4.1|KftGV|4|Map 4.1: Players' Map} (see ""The Breaker's Map"" below), and read the following text:",
The Castle Falls,城堡墜落,project-proposed,heading-only,KftGV,158,data/10/entries/7/entries/7/entries/18/entries/7/entries/4/items/3/name,1,The Castle Falls,
The Clock Is Ticking,時間在滴答作響,project-proposed,heading-only,KftGV,12,data/1/entries/5/entries/5/name,1,The Clock Is Ticking,
The Concordant Express,協和快車,project-proposed,heading-only,KftGV,5,data/0/entries/3/entries/5/entries/3/rows/10/0,29,{@adventure Affair on the Concordant Express|KftGV|11},
The Crestfall Coven,失落女巫團,project-proposed,heading-only,KftGV,177,data/12/entries/3/entries/1,11,"Lady {@creature Zorhanna Adulare|KftGV} is an elf and a retired adventurer. On one of her many adventures, she stole a diamond {@item Shard Solitaire (Diamond)|KftGV|shard solitaire} (a magic item described at the {@area end of the adventure|4bd|x}) from a trio of night hags known as the Crestfall Coven. Zorhanna later mounted the diamond into a glittering platinum necklace, which she often wears during special occasions. Trapped within the iridescent facets of the {@item shard solitaire|KftGV} is an unstable extradimensional rift that gives the diamond its remarkable powers.",
The Devil in the Details,細節中的魔鬼,project-proposed,heading-only,KftGV,56,data/4/entries/6/entries/6/name,1,The Devil in the Details,
The Direct Approach,直接方法,project-proposed,heading-only,KftGV,111,data/7/entries/8/entries/8/name,1,The Direct Approach,
The Entity,實體,project-proposed,heading-only,KftGV,44,data/3/entries/9/entries/2/entries/2/entries/1/name,9,The Entity,
The Golden Vault,金庫,project-proposed,heading-only,KftGV,5,data/0/entries/0,108,"{@i Keys from the Golden Vault} presents thirteen Dungeons & Dragons adventures that feature heists. In each adventure, the characters receive a mission, plan the job, execute their plan, and try to escape the scene. You can run each heist as a standalone adventure or as part of a larger campaign (see ""{@area A Campaign of Heists|005|x}"" later in this introduction). Each adventure can be adapted to take place in any campaign setting you wish.",
The Harbor,港口,project-proposed,heading-only,KftGV,198,data/13/entries/7/entries/5/entries/1/items/2/name,12,The Harbor,
The Heart Dies,心臟死亡,project-proposed,heading-only,KftGV,158,data/10/entries/7/entries/7/entries/18/entries/7/entries/4/items/0/name,2,The Heart Dies,
The Hounds Are Restored,獵犬得到恢復,project-proposed,heading-only,KftGV,159,data/10/entries/9/entries/1/items/4/name,1,The Hounds Are Restored,
The Match Thief,火柴小偷,project-proposed,heading-only,KftGV,156,data/10/entries/7/entries/7/entries/13/entries/2/name,2,The Match Thief,
The Moving MacGuffin,移動的麥高芬,project-proposed,heading-only,KftGV,7,data/0/entries/5/entries/2/name,2,The Moving MacGuffin,
The Murkmire Malevolence,穆克米爾的邪惡,project-proposed,canonical-name,KftGV,5,data/0/entries/3/entries/5/entries/3/rows/0/0,4,{@adventure The Murkmire Malevolence|KftGV|1},沼澤泥潭的惡意
The Murkmire Stone,穆爾米爾石,project-proposed,heading-only,KftGV,9,data/0/entries/5/entries/3/entries/13/entries/3/rows/0/1,47,"Museum curator Alda Arkin hires the rivals to steal the Murkmire Stone, a curiosity she knows would fetch a high price on the black market.",
The Old Dartwild Cabin,老達特維爾德小木屋,project-proposed,heading-only,KftGV,104,data/7/entries/5/entries/1/entries/1/entries/2,3,"The good folk of Toadhop would like it very much if you, being adventurers, could pay a visit to the old Dartwild cabin and find out why Toadhop's most famous bard has returned from the dead. The sooner he stops stinking up the place, the sooner he can be laid to rest—again.",
The Opening Gala,開幕式,project-proposed,heading-only,KftGV,15,data/1/entries/6/name,1,The Opening Gala,
The Overlook,瞭望區,project-proposed,canonical-name,KftGV,35,data/2/entries/7/entries/7/entries/0,10,The casino is divided into nine areas of gaming and entertainment. The north end of the casino ends in an 80-foot rocky cliff face. The river that runs through the casino pours over the cliff at the overlook ({@area area A10|0c0|x}) and empties into a larger body of water below.,
The Overlook (Area L12),俯瞰點（區域L12）,project-proposed,heading-only,KftGV,83,data/5/entries/10/entries/7/name,1,The Overlook (Area L12),
The Prize,獎品,project-proposed,heading-only,KftGV,27,data/2/entries/3/entries/3,2,"Now, Verity needs the characters to break into the vault at the Afterlife Casino, steal the erinyes statuette meant to be the prize for the casino's three-dragon ante tournament, and retrieve her share of the money from the vault. For Verity, it's not the money or the statuette that matters—it's ensuring that Quentin's betrayal comes back to haunt him, and that he knows the person he betrayed made him pay.",
The Reward,回報,project-proposed,heading-only,KftGV,13,data/1/entries/5/entries/5/entries/9/name,5,The Reward,
The Solitaire Cracks,索利塔裡裂縫,project-proposed,heading-only,KftGV,190,data/12/entries/9/entries/5/entries/19/entries/3/entries/0,3,"The rift is a one-way portal to the extraplanar space inside the {@item Shard Solitaire (Diamond)|KftGV|shard solitaire}. A creature that enters the rift's space immediately disappears, then reappears in {@area area P20|4af|x}in a random unoccupied space atop the rock marked A or B on {@area map 12.2|472|x}. The rift can't be dispelled, but it disappears when the {@item Shard Solitaire (Diamond)|KftGV|shard solitaire} ceases to be magical (see ""{@area The Solitaire Cracks|4b7|x}"" later in the adventure).",
The Stranger,陌生人,existing-site,heading-only,KftGV,9,data/0/entries/5/entries/3/entries/13/entries/3/rows/10/1,51,The rivals are members of {@creature the Stranger|KftGV}'s former outlaw gang. They are determined to free {@creature the Stranger|KftGV} before the Concordant Express reaches Mechanus.,
The Stygian Gambit,冥河的謀略,project-proposed,canonical-name,KftGV,5,data/0/entries/3/entries/5/entries/2,5,"To ensure the characters are always prepared for their next heist, make sure their level matches the heist's level, as shown in the Heist Adventures table. For example, the characters should be 2nd level before undertaking ""The Stygian Gambit.""",斯提吉亞的策略
The Vault,金庫,project-proposed,heading-only,KftGV,5,data/0/entries/3/entries/5/entries/3/rows/7/2,68,Retrieve a stolen diadem from the vault of a notorious thief.,
The Void,虛空,existing-site,heading-only,KftGV,149,data/10/entries/3/entries/4,30,"As she came to realize the people of Ghalasine didn't love her as they did the king, Charmayne became filled with rage. She used magic to tear out Jhaeros's heart while keeping it alive. She then used the still-beating heart as the focus of a ritual to destroy Ghalasine. A spherical void appeared in the sky above Castle Cinis, causing the city to slowly turn to ash and drawing the souls of the dead into it. The longer the void persists, the more quickly the city deteriorates.",
The Void Collapses,虛空崩潰,project-proposed,heading-only,KftGV,158,data/10/entries/7/entries/7/entries/18/entries/7/entries/4/items/2/name,4,The Void Collapses,
Thesis of Mortinsor,《摩蒂索的論文》,project-proposed,heading-only,KftGV,130,data/8/entries/7/entries/3/entries/16/entries/2/entries/1/items/6/name,1,Thesis of Mortinsor,
Thieves' Test,盜賊測試,project-proposed,heading-only,KftGV,98,data/6/entries/8/entries/5/entries/30/entries/4/name,1,Thieves' Test,
Three-Dragon Ante,三龍牌,project-proposed,heading-only,KftGV,9,data/0/entries/5/entries/3/entries/13/entries/3/rows/1/1,12,"Regor Falsain (neutral evil, human {@creature noble}), a gambler who wasn't invited to participate in the three-dragon ante tournament, hires the rivals to steal the erinyes statuette.",
Timing Arrival,到達時間的安排,project-proposed,heading-only,KftGV,198,data/13/entries/7/entries/6/entries/1/items/1/name,1,Timing Arrival,
Tiny Toulaine,小不點圖萊恩,project-proposed,canonical-name,KftGV,60,data/4/entries/8/entries/5/entries/7/entries/0,1,"If the characters use the cover Varrin provided, their ship arrives at Revel's End just before dawn, three days after leaving Luskan. The characters are directed off the ship, ride the elevator to the cliff top, and are admitted through the front doors. Characters posing as guards are taken to the barracks ({@area area R19|17c|x}), where they meet with head guard Yula Dargeria, a no-nonsense stickler for the prison's rules. Characters posing as cooks are delivered to the kitchen ({@area area R8|169|x}), where they report to Chef Tiny Toulaine, a hulking, jovial man who carries an enormous saucepan instead of a heavy crossbow. Small characters who stowed away in supply crates are taken to either the storeroom ({@area area R13|171|x}), the kitchen's cold storage room (the middle room off area R8), or the pantry (the northernmost room off area R8). If more than one Small character stows away, pick one location where they're all delivered.",
Tipsy Tankard,微醺酒杯,project-proposed,canonical-name,KftGV,88,data/6/entries/6/entries/7/entries/1/items/1/entry,2,"""The windows of the guildhouse are boarded up, and its doors are usually locked. At least three guild members have master keys to the doors: Guildmaster Dusk; Elix the Saint, one of Dusk's lieutenants; and Jaymont the Sinner, the guild's resident spy. The master of ravens, Gwish, might have a key as well. If you want to get your hands on a master key, your best bet is to snatch it from Elix the Saint, who frequents a seedy tavern called the Tipsy Tankard.""",
Tixie Tockworth,蒂克西·托克沃斯,existing-site,heading-only,KftGV,71,data/5/entries/1,13,"The clockwork automatons that guard the svirfneblin town of Little Lockford have attacked the very residents they were meant to keep safe, forcing a town-wide evacuation. At the heart of the matter is Security Overseer {@creature Tixie Tockworth|KftGV}, a tinkerer who has turned malicious.",
Toadhop,蟾跳鎮,project-proposed,canonical-name,KftGV,103,data/7/entries/1,27,"Famed bard Froderic Dartwild is dead, and his beautiful mandolin, called Golden Axe, has been stolen from his grave. Even worse, Froderic has risen as a zombie, terrifying the hamlet of Toadhop. In this heist, the characters must track down Golden Axe from the music school owner who stole it and return it to Froderic so the bard can rest peacefully in death once again.",蟾蜍跳躍小鎮
Tockworth,托克沃斯,project-proposed,canonical-name,KftGV,5,data/0/entries/3/entries/5/entries/3/rows/4/0,76,{@adventure Tockworth's Clockworks|KftGV|5},
Tockworth's Automatons,托克沃斯的自動機械,project-proposed,heading-only,KftGV,71,data/5/entries/4/entries/1,10,"The clockwork automatons that protect Little Lockford are the creations of a gnome tinkerer named {@creature Tixie Tockworth|KftGV}, who recently decided to become a mechanical being herself. She began with a series of procedures whereby she replaced parts of her body with machinery created in her workshop. At some point, Tockworth lost all compassion and empathy for her fellow townspeople. Her fellow tinkerers urged her to stop what she was doing, but she refused. When the militia tried to shut down her workshop, Tockworth unleashed her automatons on the citizens of Little Lockford, many of whom were killed. The survivors fled and regrouped outside the settlement in a nearby network of Underdark tunnels and caverns. The survivors then magically sealed the doors to Little Lockford to keep Tockworth's automatons from escaping.",
Tockworth's Clockworks,托克沃斯的鐘表機械,project-proposed,heading-only,KftGV,5,data/0/entries/3/entries/5/entries/3/rows/4/0,3,{@adventure Tockworth's Clockworks|KftGV|5},
Tomb Features,墳墓特徵,project-proposed,heading-only,KftGV,139,data/9/entries/10/entries/2/name,1,Tomb Features,
Tomb Locations,墳墓位置,project-proposed,heading-only,KftGV,140,data/9/entries/10/entries/3/name,1,Tomb Locations,
Tournament Participants,錦標賽參與者,project-proposed,heading-only,KftGV,36,data/2/entries/7/entries/7/entries/11/entries/2/entries/0,4,"When the characters first arrive here, the tournament is in full swing. Its eight remaining participants (see the ""Tournament Participants"" sidebar) are arranged as shown in the Tournament Seating table. Between rounds of the tournament, characters are free to mingle and chat with the tournament participants.",
Tournament Seating,比賽座位,project-proposed,heading-only,KftGV,36,data/2/entries/7/entries/7/entries/11/entries/2/entries/0,2,"When the characters first arrive here, the tournament is in full swing. Its eight remaining participants (see the ""Tournament Participants"" sidebar) are arranged as shown in the Tournament Seating table. Between rounds of the tournament, characters are free to mingle and chat with the tournament participants.",
Towers,塔樓,project-proposed,heading-only,KftGV,59,data/4/entries/8/entries/4/entries/1/items/1/entry,24,"Interior spaces are magically heated. The temperature in these areas is a constant 68 degrees Fahrenheit (20 degrees Celsius). The exterior of the prison, including the guard towers, is 0 degrees Fahrenheit (−18 degrees Celsius) or colder. Creatures outside the prison are exposed to {@area extreme cold|152|x} (see below).",
Town of Oztocan,奧茲托坎鎮,project-proposed,heading-only,KftGV,135,data/9/entries/7/entries/2/entries/0,4,"""Greetings, operatives. Earthquakes threaten the town of Oztocan, and the Golden Vault believes the enclosed shard is the heart of the problem.",
Trade for the Key,交換鑰匙,project-proposed,heading-only,KftGV,69,data/4/entries/8/entries/10/entries/7/entries/7/name,1,Trade for the Key,
Train Cars,火車車廂,project-proposed,heading-only,KftGV,162,data/11/entries/6/entries/3/entries/0,4,"""Ah, hello! Yes, good, finally—friends looking to catch {@creature the Stranger|KftGV}—{@creature the Stranger|KftGV} who has already been caught. Here, take this map. It shows the train cars. Here are your tickets and a pen to write down names. Not ordinary names—secret names! I am Glitch, by the way.""",
Train Configuration,列車配置,project-proposed,heading-only,KftGV,162,data/11/entries/6/entries/6/items/0/entry,3,"Like most trains, the Concordant Express includes an Engine Car at the front and a Caboose at the back. The number of other train cars and their configuration can change, so Glitch can't say much more about the size of the train or the order in which the cars will be arranged. The configuration of the cars might be different than what's shown on the blueprint. (In fact, it is. See the ""{@area Train Configuration|413|x}"" section for details.)",
Traits of the Egg,蛋的特徵,project-proposed,heading-only,KftGV,13,data/1/entries/5/entries/5/entries/5/entries/2/items/1/name,1,Traits of the Egg,
Trap,陷阱,existing-site,heading-only,KftGV,17,data/1/entries/6/entries/4/entries/9/entries/1/items/0/entry,46,"The characters could pick the lock on the front doors to {@area area V1|035|x}, use pass cards to bypass the alarm (see ""{@area Bypassing Alarms|029|x}""), and contend with the falling net trap just inside the doors while remaining a safe distance from the animated statues.",
Trapdoor,活板門,project-proposed,heading-only,KftGV,48,data/3/entries/9/entries/3/entries/19/entries/0/entries/0,27,"A fetid stench permeates this room, which is empty save for two small, bare tables standing against the west wall and an ornate rug in front of the window. Resting next to the rug is a wooden candlestick holding the melted stump of a red candle. A long pull-rope hangs from a wooden trapdoor in the ceiling.",
Trapped Cabinets,陷阱櫃子,project-proposed,heading-only,KftGV,129,data/8/entries/7/entries/3/entries/15/entries/3/name,1,Trapped Cabinets,
Trapped Safes,陷阱保險箱,project-proposed,heading-only,KftGV,127,data/8/entries/7/entries/3/entries/6/entries/3/name,1,Trapped Safes,
Trapped Secret Door,陷阱密門,project-proposed,heading-only,KftGV,114,data/7/entries/8/entries/9/entries/14/entries/2/name,1,Trapped Secret Door,
Trapped Trunk,被困的樹幹,project-proposed,heading-only,KftGV,115,data/7/entries/8/entries/9/entries/16/entries/3/name,1,Trapped Trunk,
Treads,履帶,project-proposed,heading-only,KftGV,82,data/5/entries/10/entries/6/entries/6/entries/2/entries/0,3,"The interior of the warehouse is an open space roughly twenty feet wide and thirty feet long. Parked in the middle of the warehouse is a strange metal vehicle with treads. Quartz gemstones embedded in the hull shine light in all directions. Mounted to the front of this contraption is a large, cone-shaped drill. At the rear of the contraption is a closed, three-foot-square steel hatch. Two dead gnomes in armor lie on the floor next to the vehicle and a puddle of oil.",
Treasure,寶藏,existing-site,heading-only,KftGV,7,data/0/entries/5/entries/0,96,"Unforeseen complications are an iconic aspect of heist narratives. Whether they take the form of a rival crew appearing out of nowhere or a treasure that turns out to be fake, complications ratchet up the tension and require the characters to think on their feet.",
Trek to the Prison,前往監獄的旅程,project-proposed,heading-only,KftGV,58,data/4/entries/7/name,1,Trek to the Prison,
Tremor,震顫,project-proposed,heading-only,KftGV,136,data/9/entries/9/entries/2/entries/3/name,3,Tremor,
Trial Run,試執行,project-proposed,heading-only,KftGV,55,data/4/entries/4/entries/1/items/2/name,1,Trial Run,
Trials and Tribulations,考驗與磨難,project-proposed,heading-only,KftGV,175,data/11/entries/9/entries/3/entries/2/items/0/name,1,Trials and Tribulations,
Trouble to the East,東方的麻煩,project-proposed,heading-only,KftGV,142,data/9/entries/10/entries/3/entries/5/entries/2/entries/2/items/2/name,1,Trouble to the East,
Trout,鱒魚,project-proposed,canonical-name,KftGV,103,data/7/entries/3/entries/4,16,"Sythian hired a pair of halflings named Mackerel Mudbottom and Trout Bonanza to dig up Frody's remains and pry the Canaith mandolin from his hands. They did just that, leaving behind an open grave. After the halflings fled with the mandolin, Frody awakened, crawled from his coffin, shambled to his mother's old cabin, and knocked on the door. The young family living there fled in terror at the sight of him and took shelter in a neighbor's barn. The good folks of Toadhop have been on edge ever since.",
Trout Bonanza,鱒魚·寶礦,project-proposed,canonical-name,KftGV,103,data/7/entries/3/entries/4,2,"Sythian hired a pair of halflings named Mackerel Mudbottom and Trout Bonanza to dig up Frody's remains and pry the Canaith mandolin from his hands. They did just that, leaving behind an open grave. After the halflings fled with the mandolin, Frody awakened, crawled from his coffin, shambled to his mother's old cabin, and knocked on the door. The young family living there fled in terror at the sight of him and took shelter in a neighbor's barn. The good folks of Toadhop have been on edge ever since.",
True Name Terror,真實姓名的恐怖,project-proposed,heading-only,KftGV,175,data/11/entries/9/entries/3/entries/2/items/1/name,1,True Name Terror,
True Names,真名,project-proposed,heading-only,KftGV,161,data/11/entries/1,24,"Wanted for crimes across the multiverse, an outlaw known as {@creature the Stranger|KftGV} is currently a prisoner aboard the Concordant Express, an interplanar train destined for Mechanus, where the outlaw is set to stand trial. In this heist, the characters must obtain a list of names {@creature the Stranger|KftGV} has committed to memory. The names in question are the true names of several powerful demons, devils, and yugoloths.",
Tug of the Void,虛空的拉扯,project-proposed,heading-only,KftGV,152,data/10/entries/7/entries/6/entries/1/items/0/entry,3,"Ceilings in the castle are 20 feet high and covered with ash (see ""Tug of the Void"" below).",
Turbine Heights,渦輪高地,project-proposed,canonical-name,KftGV,74,data/5/entries/8/entries/4/entries/2/items/2/entry,12,The sergeant recalls that {@item Potion of Healing||potions of healing} and {@item Healer's Kit|PHB|healer's kits} can be found in the city infirmary in Turbine Heights.,
Turbine Heights (Areas L4–L6),渦輪高地（區域 L4-L6）,project-proposed,heading-only,KftGV,78,data/5/entries/10/entries/4/name,1,Turbine Heights (Areas L4–L6),
Turolga Flathelm,圖羅爾加·平盔,project-proposed,canonical-name,KftGV,120,data/8/entries/6/entries/1/entries/1/rows/0/1,1,"Turolga Flathelm (neutral dwarf), a gruff woman who has a soft spot for stray cats",
Using the Adventures,使用冒險,project-proposed,heading-only,KftGV,5,data/0/entries/2/name,1,Using the Adventures,
Using the Fey Crossing,使用精類穿越點,project-proposed,heading-only,KftGV,182,data/12/entries/8/entries/4/name,1,Using the Fey Crossing,
Using the Golden Vault,使用金庫,project-proposed,heading-only,KftGV,6,data/0/entries/4/entries/6/entries/0,37,"If the characters become Golden Vault operatives, they receive an ornate, key-operated music box from their handler. Each adventure in this book includes a ""Using the Golden Vault"" section, in which the Golden Vault dispatches a golden key to the group, usually via a hired courier. When the golden key is inserted into the characters' music box and turned, the box pops open and plays a message that assigns them a heist, provides basic details, and sets them on the right path. After the message plays, the box closes and the key vanishes.",
V10: Archaeology Display,V10: 考古學展示,project-proposed,heading-only,KftGV,20,data/1/entries/7/entries/2/entries/11/name,1,V10: Archaeology Display,
V11: Unearthed Café,V11: 挖掘咖啡館,project-proposed,heading-only,KftGV,22,data/1/entries/7/entries/2/entries/12/name,1,V11: Unearthed Café,
V12: Prehistoric Predators Exhibit,V12: 史前掠食者展覽,project-proposed,heading-only,KftGV,22,data/1/entries/7/entries/2/entries/13/name,1,V12: Prehistoric Predators Exhibit,
V13: Gemstone Wing,V13: 寶石翼,project-proposed,heading-only,KftGV,22,data/1/entries/7/entries/2/entries/14/name,1,V13: Gemstone Wing,
V14: Access Hallway,V14: 通道走廊,project-proposed,heading-only,KftGV,23,data/1/entries/7/entries/2/entries/15/name,1,V14: Access Hallway,
V15: Privies,V15: 廁所,project-proposed,heading-only,KftGV,23,data/1/entries/7/entries/2/entries/16/name,1,V15: Privies,
V16: Basement,V16: 地下室,project-proposed,heading-only,KftGV,23,data/1/entries/7/entries/2/entries/17/name,1,V16: Basement,
V17: Attic,V17: 閣樓,project-proposed,heading-only,KftGV,23,data/1/entries/7/entries/2/entries/18/name,1,V17: Attic,
V1: Grand Entrance,V1: 宏偉入口,project-proposed,heading-only,KftGV,19,data/1/entries/7/entries/2/entries/2/name,1,V1: Grand Entrance,
V2: Museum Shops,V2: 博物館商店,project-proposed,heading-only,KftGV,19,data/1/entries/7/entries/2/entries/3/name,1,V2: Museum Shops,
V3: Ancient Plants Exhibit,V3: 古植物展區,project-proposed,heading-only,KftGV,19,data/1/entries/7/entries/2/entries/4/name,1,V3: Ancient Plants Exhibit,
V4: Ancient Cultures Exhibit,V4: 古代文化展覽,project-proposed,heading-only,KftGV,19,data/1/entries/7/entries/2/entries/5/name,1,V4: Ancient Cultures Exhibit,
V5: Curator's Office,V5: 館長的辦公室,project-proposed,heading-only,KftGV,20,data/1/entries/7/entries/2/entries/6/name,1,V5: Curator's Office,
V6: Records Room,V6: 檔案室,project-proposed,heading-only,KftGV,20,data/1/entries/7/entries/2/entries/7/name,1,V6: Records Room,
V7: Break Room and Storage,V7: 休息室與儲藏,project-proposed,heading-only,KftGV,20,data/1/entries/7/entries/2/entries/8/name,1,V7: Break Room and Storage,
V8: Creatures of the Past Exhibit,V8: 古代生物展覽,project-proposed,heading-only,KftGV,20,data/1/entries/7/entries/2/entries/9/name,1,V8: Creatures of the Past Exhibit,
V9: Underground Wonders Exhibit,V9: 地下奇觀展覽,project-proposed,heading-only,KftGV,20,data/1/entries/7/entries/2/entries/10/name,1,V9: Underground Wonders Exhibit,
Van Timmel,范·提梅爾,project-proposed,canonical-name,KftGV,103,data/7/entries/3/entries/3,5,"Sythian had inherited his parents' estate and debts, but a mysterious poison killed off the family's olive orchard, leaving him with nothing but the mansion and its furnishings. Those furnishings included a multitude of musical instruments Sythian's parents had bought in the hopes of making him a musical prodigy. While he excelled at none of the instruments, he realized he could pay off his family's debts by turning his home into a conservatory for young musicians from wealthy families. One of his current students, Wylie van Timmel, shows great promise. Sythian hatched a plan to snatch Golden Axe from Frody's grave and give it to Wylie as a present, hoping to earn the favor and long-term financial support of her wealthy family.",van Timmel;範·蒂梅爾
Van Timmels,范·提梅爾一家,project-proposed,canonical-name,KftGV,105,data/7/entries/6/entries/5/entries/3/items/2/name,3,Van Timmels,
Various Defenders,各種守衛,project-proposed,heading-only,KftGV,196,data/13/entries/7/entries/4/entries/1/items/2/name,1,Various Defenders,
Varkenbluff,瓦肯布盧夫,project-proposed,canonical-name,KftGV,11,data/1/entries/1,25,"Unbeknownst to anyone but a disgraced academic, the Varkenbluff Museum of Natural History is in grave danger. Archaeologists at a nearby dig site recently unearthed a curiosity: the Murkmire Stone. This object is actually an eldritch creature's egg, and it's about to hatch. The characters must infiltrate the museum, steal the egg, and return it to {@creature Dr. Cassee Dannell|KftGV} to be neutralized before it releases an eldritch horror.",瓦爾肯布夫
Varkenbluff Museum of Natural History,瓦肯布盧夫自然歷史博物館,project-proposed,heading-only,KftGV,11,data/1/entries/1,11,"Unbeknownst to anyone but a disgraced academic, the Varkenbluff Museum of Natural History is in grave danger. Archaeologists at a nearby dig site recently unearthed a curiosity: the Murkmire Stone. This object is actually an eldritch creature's egg, and it's about to hatch. The characters must infiltrate the museum, steal the egg, and return it to {@creature Dr. Cassee Dannell|KftGV} to be neutralized before it releases an eldritch horror.",
Varkenbluff University Student,瓦肯布盧夫大學學生,project-proposed,heading-only,KftGV,12,data/1/entries/5/entries/2/items/2/name,1,Varkenbluff University Student,
Varrin,瓦林,project-proposed,canonical-name,KftGV,55,data/4/entries/1,32,"On the world of Toril, in the frozen reaches north of the Sword Coast, lies an impenetrable fortress built to house the region's most dangerous criminals. One of this prison's earliest inmates, a dwarf known as {@creature Prisoner 13|KftGV}, spends her days in seeming quiet and solitude while secretly pulling the strings of a spy network that spans much of the continent. She holds the key to a treasure she stole from a dwarf clan. In this heist, the characters must infiltrate the prison, retrieve the key from {@creature Prisoner 13|KftGV} (found in a tattoo on her hand), and return the key to Varrin Axebreaker, the dwarf who hired them.",
Varrin Axebreaker,瓦林·碎斧,project-proposed,canonical-name,KftGV,55,data/4/entries/1,6,"On the world of Toril, in the frozen reaches north of the Sword Coast, lies an impenetrable fortress built to house the region's most dangerous criminals. One of this prison's earliest inmates, a dwarf known as {@creature Prisoner 13|KftGV}, spends her days in seeming quiet and solitude while secretly pulling the strings of a spy network that spans much of the continent. She holds the key to a treasure she stole from a dwarf clan. In this heist, the characters must infiltrate the prison, retrieve the key from {@creature Prisoner 13|KftGV} (found in a tattoo on her hand), and return the key to Varrin Axebreaker, the dwarf who hired them.",
Varrin's Proposition,瓦林的提議,project-proposed,heading-only,KftGV,56,data/4/entries/6/name,1,Varrin's Proposition,
Vasil,瓦西里,project-proposed,canonical-name,KftGV,41,data/3/entries/4/entries/4,14,"Acting under Krokulmar's control, Markos visited one of his peers, a sage named Vasil Talistrome. Markos incapacitated Vasil and stole {@i The Celestial Codex} from the sage's library. In addition to containing lore about stars and the planes of existence, the book describes rituals that can be used to summon extraplanar entities. Krokulmar needs Markos to perform one of these rituals to bind a {@creature fragment of Krokulmar|KftGV} to the Material Plane.",瓦西爾
Vasil Talistrome,瓦西里·塔利斯特羅姆,project-proposed,canonical-name,KftGV,41,data/3/entries/4/entries/4,6,"Acting under Krokulmar's control, Markos visited one of his peers, a sage named Vasil Talistrome. Markos incapacitated Vasil and stole {@i The Celestial Codex} from the sage's library. In addition to containing lore about stars and the planes of existence, the book describes rituals that can be used to summon extraplanar entities. Krokulmar needs Markos to perform one of these rituals to bind a {@creature fragment of Krokulmar|KftGV} to the Material Plane.",
Vasil's Reward,瓦西里的獎賞,project-proposed,heading-only,KftGV,42,data/3/entries/6/entries/1/entries/2/name,1,Vasil's Reward,
Vault,金庫,project-proposed,heading-only,KftGV,5,data/0/entries/0,233,"{@i Keys from the Golden Vault} presents thirteen Dungeons & Dragons adventures that feature heists. In each adventure, the characters receive a mission, plan the job, execute their plan, and try to escape the scene. You can run each heist as a standalone adventure or as part of a larger campaign (see ""{@area A Campaign of Heists|005|x}"" later in this introduction). Each adventure can be adapted to take place in any campaign setting you wish.",
Vault Features,寶庫特點,project-proposed,heading-only,KftGV,123,data/8/entries/7/entries/1/name,1,Vault Features,
Vault Guards,金庫守衛,project-proposed,heading-only,KftGV,120,data/8/entries/6/entries/1/entries/6/items/4,3,"The guard rotation (detailed in ""{@area Vault Guards|300|x}"")",
Vault Locations,金庫位置,project-proposed,heading-only,KftGV,124,data/8/entries/7/entries/3/name,1,Vault Locations,
Vent,通風口,project-proposed,heading-only,KftGV,22,data/1/entries/7/entries/2/entries/13/entries/5/name,6,Vent,
Ventilation Shafts,通風井,project-proposed,heading-only,KftGV,137,data/9/entries/9/entries/5/entries/2/entries/0,4,"Other than the citadel's main entrance (on the lower level of map 9.1), {@creature Rilago|KftGV}'s notes point to three other possible means of entry: two ventilation shafts exiting to the hills outside Oztocan (see ""{@area Ventilation Shafts|373|x}"") and a fountain connected to a nearby grotto (see ""{@area Ironbed Grotto|374|x}"").",
Venture,冒險,project-proposed,canonical-name,KftGV,24,data/1/entries/8/entries/3/entries/1/entries/1/entries/0,5,"After the Murkmire Stone is neutralized, Dr. Dannell hears from a colleague that another expedition in the Murkmire has unearthed a similar object. This time, however, the egg is closer to hatching, and strange happenings are befalling the excavation crew. With Dr. Dannell still discredited, it's up to the characters to venture into the dangerous Murkmire, locate the crew, and contain the egg. But when the characters arrive at the dig site, the egg has hatched—and now the characters must defeat the hatchling before it causes more harm. The {@creature Eldritch Horror Hatchling|KftGV|hatchling} uses the {@creature ankheg} stat block, except its bite deals poison damage instead of acid damage.",
Verano Honeywell,維拉諾·蜜井,project-proposed,canonical-name,KftGV,181,data/12/entries/7/entries/4/entries/1/rows/1/1,1,Verano Honeywell is a halfling {@creature spy} employed by a big-city broadsheet to attend the gala and write a story about the goings-on in Paliset Hall.,
Verity,維莉蒂,project-proposed,canonical-name,KftGV,27,data/2/entries/3/entries/1,47,"A skilled three-dragon ante player and a shrewd tiefling entrepreneur, Verity Kye toured the gambling circuit for years, making a name for herself and winning numerous large tournaments.",
Verity Kye,維莉蒂·凱,project-proposed,canonical-name,KftGV,27,data/2/entries/3/entries/1,11,"A skilled three-dragon ante player and a shrewd tiefling entrepreneur, Verity Kye toured the gambling circuit for years, making a name for herself and winning numerous large tournaments.",
Verity's Bag of Holding,維莉蒂的收納袋,project-proposed,heading-only,KftGV,28,data/2/entries/5/entries/2/entries/7/name,1,Verity's Bag of Holding,
Verity's Map,維莉蒂的地圖,project-proposed,heading-only,KftGV,28,data/2/entries/5/entries/2/entries/5,3,"Verity can provide the characters with transportation, a rough map of the casino (see ""{@area Verity's Map|08b|x}"" below), and a {@item bag of holding} for transporting the loot. She offers to pay the characters 100 gp apiece and cedes any claim on additional coin or items they acquire within the casino. A character who negotiates the reward and succeeds on a {@dc 15} Charisma ({@skill Intimidation} or {@skill Persuasion}) check gets her to raise the payment to 150 gp apiece.",
Vern,維恩,project-proposed,canonical-name,KftGV,169,data/11/entries/8/entries/7/entries/3/entries/1,13,"{@b Abernathy Vernus} (lawful evil {@creature cambion}) is a friendly, ingratiating fellow who claims to have won a free tour aboard the Concordant Express. He insists that others call him Vern. No other passengers occupy his cabin (the one marked ""a"" on {@area map 11.2|422|x}), which Vern shares with a {@creature monodrone} valet that answers to the name Higglesworth.",
Vexxis,維克西斯,project-proposed,canonical-name,KftGV,112,data/7/entries/8/entries/9/entries/2/entries/4/entries/0,2,"The painting above the mantelpiece depicts {@creature Sythian Skalderang|KftGV}'s parents, Vexxis and Alyrria. The smaller portraits in the room were painted by Joster and depict Sythian's students, past and present.",
Vidorant,維朵蘭特,project-proposed,canonical-name,KftGV,5,data/0/entries/3/entries/5/entries/3/rows/7/0,66,{@adventure Vidorant's Vault|KftGV|8},維多蘭特
Vidorant Arrives,維朵蘭特抵達,project-proposed,canonical-name,KftGV,128,data/8/entries/7/entries/3/entries/13/entries/4/entries/0,3,"If Vidorant teleports to the vault (see the ""{@area Vidorant Arrives|34c|x}"" section later in the adventure), she arrives on the balcony, as the interior of the vault is warded against teleportation magic.",維多蘭特到達
Vidorant's Offer,維朵蘭特的提議,project-proposed,heading-only,KftGV,130,data/8/entries/8/entries/2/name,1,Vidorant's Offer,
Vidorant's Vault,維朵蘭特的金庫,project-proposed,heading-only,KftGV,5,data/0/entries/3/entries/5/entries/3/rows/7/0,8,{@adventure Vidorant's Vault|KftGV|8},
Virgil,維吉爾,project-proposed,canonical-name,KftGV,37,data/2/entries/7/entries/7/entries/16/entries/4/items/0/entry,4,"Quentin recently added a new security measure to the casino's vault: an animated minotaur skeleton. Quentin refers to it as ""Virgil."" It can be controlled using a magic rod that Quentin keeps in his office (area A14).",
Visitors,訪客,project-proposed,heading-only,KftGV,15,data/1/entries/6/entries/2/entries/0,31,"The facade of the Varkenbluff Museum of Natural History boasts enormous columns and elegant archways hewn from marble. Cosmopolitan visitors bustle about the entrance, including some clad in sleek formal wear.",
Vlax,弗拉克斯,project-proposed,canonical-name,KftGV,66,data/4/entries/8/entries/9/entries/22/entries/2/entries/0,8,"Unlike her membership in the Harpers, Marthannis hasn't concealed the fact that she is periodically possessed. Lodged inside her is the spirit of a deceased adventuring companion: a lawful good, shield dwarf fighter named Vlax Brawnanvil. The spirit of Vlax takes control of Warden Marthannis once or twice a day, each time for an hour or two—though never while she's performing important duties, such as supervising prisoner meetings with visitors.",
Vordell,沃德爾,project-proposed,canonical-name,KftGV,107,data/7/entries/7/entries/3/entries/0/entries/1,13,"""Sythian wears a master key around his neck that unlocks doors inside the conservatory. Vordell, the housekeeper, has another master key.",沃爾德爾
Vrakir,弗拉基爾,project-proposed,canonical-name,KftGV,9,data/0/entries/5/entries/3/entries/13/entries/3/rows/12/1,52,"Vrakir's jilted lover Zaltima, an {@creature efreeti}, hires the rivals to steal the {@item Book of Vile Darkness (Variant)|KftGV|Book of Vile Darkness} for her.",維拉基爾
Walls,牆壁,project-proposed,heading-only,KftGV,5,data/0/entries/1/title,103,"A rogue rappels down the icy walls of Revel's End, a prison in the frozen north",
Walls and Floors,牆壁和地板,project-proposed,heading-only,KftGV,32,data/2/entries/7/entries/3/entries/8/name,5,Walls and Floors,
Wandering Monsters,遊蕩怪物,project-proposed,heading-only,KftGV,76,data/5/entries/9/entries/3/name,4,Wandering Monsters,
War,戰爭,project-proposed,heading-only,KftGV,32,data/2/entries/7/entries/4/entries/2/entries/2/name,11,War,
Warded Door,有防護的門,project-proposed,heading-only,KftGV,143,data/9/entries/10/entries/3/entries/10/entries/3/name,1,Warded Door,
Wardrobes,衣櫃,project-proposed,heading-only,KftGV,39,data/2/entries/7/entries/7/entries/22/entries/3/entries/0,3,"The vault is forty feet deep and almost twice as wide. A security mirror stares back at you from the far wall. Seven treasure chests rest on low tables positioned against the north and east walls, and two tall wardrobes stand against the south wall.",
Wards,大區,project-proposed,heading-only,KftGV,88,data/6/entries/6/entries/2,7,"Adrisa Carimorte (neutral, human {@creature mage}) is an influential member of the Cognoscenti Esoterica. If the characters turn down the offer, Adrisa has the coach driver return them whence they came. If the characters express interest in the job, Adrisa escorts them into the barn, which the Cognoscenti Esoterica sometimes uses as a warehouse and secret meeting place. The barn has magical wards that thwart all attempts to magically scry on its interior, as well as other wards Adrisa temporarily deactivated.",
Warehouse Contraption,倉庫裝置,project-proposed,heading-only,KftGV,72,data/5/entries/8/entries/2/items/3/name,1,Warehouse Contraption,
Weakened Floors and Walls,削弱的地板和牆壁,project-proposed,heading-only,KftGV,152,data/10/entries/7/entries/6/entries/1/items/3/name,1,Weakened Floors and Walls,
Weapons and Armor,武器和護甲,project-proposed,heading-only,KftGV,76,data/5/entries/10/entries/2/entries/0,2,"Old Lockford is the oldest part of the town. The cobblestones here have been worn smooth over the centuries, and the streetlamps are wrought in a more ornate style than those in the rest of Little Lockford. A few dead deep gnomes lie in the streets; most wear the weapons and armor of the militia.",
Weird Anomalies,奇異異常,project-proposed,heading-only,KftGV,188,data/12/entries/9/entries/5/entries/15/entries/6/items/2/name,2,Weird Anomalies,
West Secret Door,西秘密門,project-proposed,heading-only,KftGV,100,data/6/entries/8/entries/5/entries/35/entries/1/entries/1/items/1/name,1,West Secret Door,
What Adrisa Knows,阿德莉莎所知道的,project-proposed,heading-only,KftGV,89,data/6/entries/6/entries/8/name,1,What Adrisa Knows,
What Dr. Dannell Knows,丹內爾博士所知道的,project-proposed,heading-only,KftGV,13,data/1/entries/5/entries/5/entries/5/name,1,What Dr. Dannell Knows,
What Grinky Knows,格林基所知道的,project-proposed,heading-only,KftGV,88,data/6/entries/6/entries/7/name,1,What Grinky Knows,
What Ignatius Knows,伊格納提斯所知,project-proposed,heading-only,KftGV,169,data/11/entries/8/entries/7/entries/2/entries/2/name,1,What Ignatius Knows,
What Leandro Knows,萊昂德羅所知道的,project-proposed,heading-only,KftGV,136,data/9/entries/9/entries/3/entries/2/name,1,What Leandro Knows,
What Really Happened,真正發生了什麼,project-proposed,heading-only,KftGV,135,data/9/entries/8/name,3,What Really Happened,
What Verity Knows about the Casino,維莉蒂對賭場的瞭解,project-proposed,heading-only,KftGV,28,data/2/entries/5/entries/2/entries/9/name,1,What Verity Knows about the Casino,
What's Next?,後續？,project-proposed,heading-only,KftGV,147,data/9/entries/11/entries/3/name,1,What's Next?,
What's in the Egg,蛋裡有什麼,project-proposed,heading-only,KftGV,13,data/1/entries/5/entries/5/entries/5/entries/2/items/3/name,1,What's in the Egg,
Where's the Mandolin?,曼陀林在哪裡？,project-proposed,heading-only,KftGV,111,data/7/entries/8/entries/8/entries/1/entries/1/name,1,Where's the Mandolin?,
Whipp Walsh,惠普·沃許,project-proposed,canonical-name,KftGV,36,data/2/entries/7/entries/7/entries/12/entries/0/rows/3/0,3,Whipp Walsh,
Whit,惠特,project-proposed,canonical-name,KftGV,156,data/10/entries/7/entries/7/entries/13/entries/2/entries/1/entries/1,4,Whit enveloped himself in the thrill.,
Who Is Poots?,誰是普茨？,project-proposed,heading-only,KftGV,83,data/5/entries/10/entries/6/entries/6/entries/6/entries/1/items/3/name,1,Who Is Poots?,
Window,視窗,project-proposed,heading-only,KftGV,31,data/2/entries/7/entries/3/entries/7/entries/0,29,"Throughout the casino are security mirrors, each one anchored to a wall at a downward angle twelve feet off the floor. A {@spell detect magic} spell reveals an aura of divination magic around each mirror, which is a Large object with AC 13, 5 hit points, and immunity to poison and psychic damage. In addition to functioning as a normal mirror, each security mirror acts as a magical scrying device, allowing guards in the security office ({@area area A16|0d5|x}) to see through it like a window. Casting {@spell dispel magic} on a security mirror suppresses its scrying property for 10 minutes.",
Windows,窗戶,project-proposed,heading-only,KftGV,42,data/3/entries/8/entries/3/items/2,32,"""Mansion windows can be unlocked using the password 'Krokulmar.'""",
Winter Solstice Gala,冬至盛會,project-proposed,heading-only,KftGV,178,data/12/entries/5/entries/7/entries/2,5,"""I want you to steal the necklace, which Zorhanna now refuses to remove. I can't safely do it myself. Fifel will give you invitations to our winter solstice gala at Paliset Hall. There will be other guests to distract Zorhanna while you figure out a way to remove the necklace.",
Wooden Chest,木製箱子,project-proposed,heading-only,KftGV,37,data/2/entries/7/entries/7/entries/15/entries/3/entries/0,9,"This room smells like hay and musk. Three crates rest on the floor in one corner, and a portable cage on rollers sits beside them. Floor-to-ceiling bars form two larger cages against the north wall. A wooden chest sits against the east wall near the biggest cage. Resting on the lid of the chest is a ring of keys.",
Wooden Chests,木製箱子,project-proposed,heading-only,KftGV,39,data/2/entries/7/entries/7/entries/20/entries/1,5,"This area holds six jail cells and two padlocked wooden chests (see ""Wooden Chests"" below). The keys in the security office (area A16) unlock the cells and the chests. As an action, a character using thieves' tools can try to pick a lock, doing so with a successful {@dc 17} Dexterity check. If the character tries to pick the lock of a cell door from inside the cell, the check is made with disadvantage.",
Workers,工人,project-proposed,heading-only,KftGV,137,data/9/entries/9/entries/4/entries/2/entries/2/items/4/name,31,Workers Needed,
Workers Needed,需要工人,project-proposed,heading-only,KftGV,137,data/9/entries/9/entries/4/entries/2/entries/2/items/4/name,1,Workers Needed,
Workshop Interior,工作室內部,project-proposed,heading-only,KftGV,80,data/5/entries/10/entries/5/entries/5/entries/2/name,1,Workshop Interior,
Writers,作者,project-proposed,heading-only,KftGV,,data/14/entries/0/items/0/items/3/name,1,Writers,
Wumpus Thistledown,溫普斯·薊絮,project-proposed,canonical-name,KftGV,36,data/2/entries/7/entries/7/entries/12/entries/1/rows/3/0,3,Wumpus Thistledown,
Wylie,懷利,project-proposed,canonical-name,KftGV,103,data/7/entries/3/entries/3,8,"Sythian had inherited his parents' estate and debts, but a mysterious poison killed off the family's olive orchard, leaving him with nothing but the mansion and its furnishings. Those furnishings included a multitude of musical instruments Sythian's parents had bought in the hopes of making him a musical prodigy. While he excelled at none of the instruments, he realized he could pay off his family's debts by turning his home into a conservatory for young musicians from wealthy families. One of his current students, Wylie van Timmel, shows great promise. Sythian hatched a plan to snatch Golden Axe from Frody's grave and give it to Wylie as a present, hoping to earn the favor and long-term financial support of her wealthy family.",
Wylie van Timmel,懷利·范·提梅爾,project-proposed,canonical-name,KftGV,103,data/7/entries/3/entries/3,5,"Sythian had inherited his parents' estate and debts, but a mysterious poison killed off the family's olive orchard, leaving him with nothing but the mansion and its furnishings. Those furnishings included a multitude of musical instruments Sythian's parents had bought in the hopes of making him a musical prodigy. While he excelled at none of the instruments, he realized he could pay off his family's debts by turning his home into a conservatory for young musicians from wealthy families. One of his current students, Wylie van Timmel, shows great promise. Sythian hatched a plan to snatch Golden Axe from Frody's grave and give it to Wylie as a present, hoping to earn the favor and long-term financial support of her wealthy family.",
Wynnis,溫尼斯,project-proposed,canonical-name,KftGV,178,data/12/entries/5/entries/4/entries/0,26,"Zorhanna and {@creature Eliphas Adulare|KftGV} request the pleasure of your company at Paliset Hall to celebrate the arrival of the winter solstice. Come to Loch Wynnis no earlier than three days before the winter solstice, then take the crossing there to the Feywild at sundown. The many splendors of Paliset Hall await you on the other side! Formal attire is expected but not required.",
X10: Edino's Study,X10: 埃迪諾的研究室,project-proposed,heading-only,KftGV,144,data/9/entries/10/entries/3/entries/11/name,1,X10: Edino's Study,
X11: Mess Hall,X11: 食堂,project-proposed,heading-only,KftGV,144,data/9/entries/10/entries/3/entries/12/name,1,X11: Mess Hall,
X12: Worker Rest Area,X12: 工人休息區,project-proposed,heading-only,KftGV,144,data/9/entries/10/entries/3/entries/13/name,1,X12: Worker Rest Area,
X13: Reconstructed Shrine,X13: 重建的神廟,project-proposed,heading-only,KftGV,144,data/9/entries/10/entries/3/entries/14/name,1,X13: Reconstructed Shrine,
X14: History Room,X14: 歷史室,project-proposed,heading-only,KftGV,145,data/9/entries/10/entries/3/entries/15/name,1,X14: History Room,
X15: Upper West Antechamber,X15: 西側上層前廳,project-proposed,heading-only,KftGV,145,data/9/entries/10/entries/3/entries/16/name,1,X15: Upper West Antechamber,
X16: Aminta's Quarters,X16: 阿明塔的住所,project-proposed,heading-only,KftGV,145,data/9/entries/10/entries/3/entries/17/name,1,X16: Aminta's Quarters,
X17: Treasury,X17: 國庫,project-proposed,heading-only,KftGV,145,data/9/entries/10/entries/3/entries/18/name,1,X17: Treasury,
X18: Mezzanine,X18: 夾層,project-proposed,heading-only,KftGV,145,data/9/entries/10/entries/3/entries/19/name,1,X18: Mezzanine,
X19: War Room,X19: 戰情室,project-proposed,heading-only,KftGV,145,data/9/entries/10/entries/3/entries/20/name,1,X19: War Room,
X1: Main Entrance,X1: 主入口,project-proposed,heading-only,KftGV,140,data/9/entries/10/entries/3/entries/2/name,1,X1: Main Entrance,
X20: Food Storage,X20: 食品儲藏室,project-proposed,heading-only,KftGV,146,data/9/entries/10/entries/3/entries/21/name,1,X20: Food Storage,
X21: Guest Hall,X21: 賓客大廳,project-proposed,heading-only,KftGV,146,data/9/entries/10/entries/3/entries/22/name,1,X21: Guest Hall,
X22: Crypt of the Watched,X22: 被監視者的墓穴,project-proposed,heading-only,KftGV,146,data/9/entries/10/entries/3/entries/23/name,1,X22: Crypt of the Watched,
X2: Vestibule,X2: 前廳,project-proposed,heading-only,KftGV,140,data/9/entries/10/entries/3/entries/3/name,1,X2: Vestibule,
X3: Arrow Slit Hallway,X3: 箭縫走廊,project-proposed,heading-only,KftGV,140,data/9/entries/10/entries/3/entries/4/name,1,X3: Arrow Slit Hallway,
X4: Great Chamber,X4: 大廳,project-proposed,heading-only,KftGV,140,data/9/entries/10/entries/3/entries/5/name,1,X4: Great Chamber,
X5: Barricaded Corridor,X5: 封鎖走廊,project-proposed,heading-only,KftGV,142,data/9/entries/10/entries/3/entries/6/name,1,X5: Barricaded Corridor,
X6: Forgotten Garden,X6: 遺忘的花園,project-proposed,heading-only,KftGV,142,data/9/entries/10/entries/3/entries/7/name,1,X6: Forgotten Garden,
X7: Ruined Shrines,X7: 廢墟神廟,project-proposed,heading-only,KftGV,143,data/9/entries/10/entries/3/entries/8/name,1,X7: Ruined Shrines,
X8: Living Quarters,X8: 生活區,project-proposed,heading-only,KftGV,143,data/9/entries/10/entries/3/entries/9/name,1,X8: Living Quarters,
X8a. North Quarters,X8a. 北側區域,project-proposed,heading-only,KftGV,143,data/9/entries/10/entries/3/entries/9/entries/2/name,1,X8a. North Quarters,
X8b. South Quarters,X8b. 南側區域,project-proposed,heading-only,KftGV,143,data/9/entries/10/entries/3/entries/9/entries/3/name,1,X8b. South Quarters,
X9: Storage,X9: 儲藏室,project-proposed,heading-only,KftGV,143,data/9/entries/10/entries/3/entries/10/name,1,X9: Storage,
Xeluan,澤巒,project-proposed,canonical-name,KftGV,133,data/9/entries/4/entries/1,81,"Long ago, a giant named Xeluan was attacked by his ruthless kin and left to die. After a group of heroes found him and nursed him back to health, the grateful giant pledged his life in their service. Xeluan and his heroic friends went on to perform great deeds.",謝盧安;薛盧安
Xeluan's Heart Is Mended,澤巒的心臟得以修復,project-proposed,heading-only,KftGV,147,data/9/entries/11/entries/1/items/0/name,3,Xeluan's Heart Is Mended,
Xeluan's Heart Is Not Mended,澤巒的心臟未被修復,project-proposed,heading-only,KftGV,147,data/9/entries/11/entries/1/items/1/name,1,Xeluan's Heart Is Not Mended,
Xeluan's Tomb,澤巒的墓,project-proposed,heading-only,KftGV,133,data/9/entries/4/entries/3,18,"After the calamity, the heroes looked for the giant amid the changed landscape. They found his petrified body buried beneath the citadel, still holding it aloft. When all efforts to restore him failed, the heroes built a mausoleum around Xeluan's body to honor his sacrifice. The heroes lived prosperous lives, and afterward, their bodies were interred in Xeluan's tomb. When the last hero died, the tomb was sealed, and so it remained for centuries. Xeluan's sacrifice was lost to legend, and the heroes were remembered only as fables. As the citadel eroded to ruins, the tomb below it was all but forgotten.",
Yana Resendes,亞娜·雷森德斯,project-proposed,heading-only,KftGV,135,data/9/entries/6/entries/1/items/1/name,1,Yana Resendes,
Ysgard,約瑟園,project-proposed,canonical-name,KftGV,165,data/11/entries/7/entries/7/entries/3/rows/5/1,1,"Ysgard. Silent, spectral warriors from Valhalla fly around the train on ghostly chariots pulled by ghostly steeds. Any creature aboard the train that would be reduced to 0 hit points drops to 1 hit point instead.",
Yug,尤格,project-proposed,canonical-name,KftGV,201,data/13/entries/8/entries/5/entries/4/entries/2/entries/0,5,"Tossed carelessly on the floor of the tower's lowest story is Gruk-Gruk, a rag doll the size of a halfling. It has a goblin's skull for a head. The doll belongs to Yug, the ogre in {@area area B14|4ff|x}. The erinyes stole the doll as an act of cruelty.",
Yula Dargeria,尤拉·達格里亞,project-proposed,canonical-name,KftGV,60,data/4/entries/8/entries/5/entries/7/entries/0,1,"If the characters use the cover Varrin provided, their ship arrives at Revel's End just before dawn, three days after leaving Luskan. The characters are directed off the ship, ride the elevator to the cliff top, and are admitted through the front doors. Characters posing as guards are taken to the barracks ({@area area R19|17c|x}), where they meet with head guard Yula Dargeria, a no-nonsense stickler for the prison's rules. Characters posing as cooks are delivered to the kitchen ({@area area R8|169|x}), where they report to Chef Tiny Toulaine, a hulking, jovial man who carries an enormous saucepan instead of a heavy crossbow. Small characters who stowed away in supply crates are taken to either the storeroom ({@area area R13|171|x}), the kitchen's cold storage room (the middle room off area R8), or the pantry (the northernmost room off area R8). If more than one Small character stows away, pick one location where they're all delivered.",
Zala,薩拉,project-proposed,canonical-name,KftGV,47,data/3/entries/9/entries/3/entries/12/entries/1/title,12,{@creature Zala Morphus|KftGV},扎拉
Zaltima,札爾提瑪,project-proposed,canonical-name,KftGV,9,data/0/entries/5/entries/3/entries/13/entries/3/rows/12/1,1,"Vrakir's jilted lover Zaltima, an {@creature efreeti}, hires the rivals to steal the {@item Book of Vile Darkness (Variant)|KftGV|Book of Vile Darkness} for her.",
Zeevok,齊沃克,project-proposed,canonical-name,KftGV,162,data/11/entries/4/entries/2/entries/0,3,"A high-ranking member of the Fated, a faction in Sigil, has been captured and is being ransomed by an ultroloth known as Zeevok. Faction leaders hire the characters to obtain Zeevok's true name so the Fated can force Zeevok to release his captive without collecting a ransom.",
Zeke the Sneak,潛行者齊克,project-proposed,canonical-name,KftGV,91,data/6/entries/8/entries/3/entries/1/entries/11,1,Zeke the Sneak,
Zorhanna,佐哈娜,project-proposed,canonical-name,KftGV,9,data/0/entries/5/entries/3/entries/13/entries/3/rows/11/1,102,"The {@creature adult black dragon} Inkscale, one of Zorhanna's oldest and bitterest enemies, hires the rivals to steal the {@item shard solitaire|KftGV} out of spite.",佐爾哈娜;佐爾漢娜;佐蘭娜;佐漢娜
Zorhanna Adulare,佐哈娜·阿杜拉雷,existing-site,heading-only,KftGV,177,data/12/entries/1,9,"Every year during the winter solstice, {@creature Zorhanna Adulare|KftGV} holds a grand gala in Paliset Hall, her palatial retreat in the Feywild. The characters are hired to infiltrate the gala and steal Zorhanna's {@item Shard Solitaire (Diamond)|KftGV|shard solitaire}, a magical diamond with peculiar properties. As the evening unfolds, they learn that nothing is quite what it seems.",
Zorhanna's Past,佐哈娜的過去,project-proposed,heading-only,KftGV,179,data/12/entries/6/entries/2/entries/1/items/0/name,1,Zorhanna's Past,
Zorhanna's Simulacrum,佐哈娜的擬像,existing-site,heading-only,KftGV,177,data/12/entries/3/entries/3/entries/1,7,"A few days ago, unaware of the danger, Zorhanna donned the {@item Shard Solitaire (Diamond)|KftGV|shard solitaire} necklace to see how it looked with a new gown she planned to wear at the gala. Zorhanna's close contact with the necklace allowed the Far Realm entity to trap her inside the diamond. The entity then replaced Zorhanna with a simulacrum using one of the {@item shard solitaire|KftGV}'s magical properties. {@creature Zorhanna's simulacrum|KftGV} now wanders Paliset Hall, preparing for the arrival of the gala's guests, while the real Zorhanna remains trapped inside the {@item shard solitaire|KftGV}.",
efreet,火巨靈,project-proposed,canonical-name,KftGV,196,data/13/entries/7/entries/4/entries/1/items/0/name,7,Efreet,
ice mephits,冰魔蝠,project-proposed,canonical-name,KftGV,182,data/12/entries/9/entries/2/entries/1/items/2/entry,6,"Wintery decorations festoon many areas of the palace. Crystal snowflakes hang in the windows, illusory icicles dangle from the ceiling, frost fractals spreads across walls, and magically preserved ice sculptures perch atop similarly preserved ice pedestals. Some of the ice sculptures are, in fact, ice mephits assigned to guard an area (as noted in the area's description).",
oztocanite,奧茲托坎石,project-proposed,canonical-name,KftGV,135,data/9/entries/8/entries/4,12,"The formerly indestructible giant began to deteriorate, allowing Aminta to collect broken-off pieces of Xeluan's body. This material, called ""oztocanite,"" can be worked into precious gemstones or used to empower spells (see {@area area X4|381|x}). The sale of oztocanite has become a profitable enterprise for Aminta and has increased her status in the Onyx Scar.",奧茲託卡尼特
performance,表演,existing-site,canonical-name,KftGV,37,data/2/entries/7/entries/7/entries/15/entries/5,6,"When Cirque Maladomini isn't performing in area A8, the northwest cage holds three trained {@creature Baboon||baboons} that shriek whenever someone new enters the room, and the northeast cage contains a quiet trained {@creature lion} named Emrys. Three tiefling acrobats ({@creature Commoner||commoners} with {@skill Acrobatics} +4 and {@skill Performance} +4) are also rehearsing together in the middle of the room. One tiefling performs a one-handed handstand, while another twirls a flaming hoop, and the third plucks a banjo. During performances, the tieflings and the animals are all absent.",
svirfneblin,斯涅布力,project-proposed,canonical-name,KftGV,5,data/0/entries/3/entries/5/entries/3/rows/4/2,14,Liberate a svirfneblin town besieged by clockwork automatons.,
