english,zh_tw,category,status,source_paths
"""One Must Die!""","""必須死一個！""",heading-label,project-proposed,data/19/entries/4/entries/39/entries/5
1. Entrance,1. 入口,heading-label,project-proposed,data/19/entries/4/entries/2
1. The Tome of Strahd,1. 施特拉德手記,heading-label,project-proposed,data/2/entries/2/entries/6/entries/4
10. Conservatory,10. 音樂室,heading-label,project-proposed,data/19/entries/4/entries/11
11. Balcony,11. 陽臺,heading-label,project-proposed,data/19/entries/4/entries/12
12. Master Suite,12. 主臥,heading-label,project-proposed,data/19/entries/4/entries/13
13. Bathroom,13. 浴室,heading-label,project-proposed,data/19/entries/4/entries/14
14. Storage Room,14. 儲藏室,heading-label,project-proposed,data/19/entries/4/entries/15
15. Nursemaid's Suite,15. 保姆的套間,heading-label,project-proposed,data/19/entries/4/entries/16
16. Attic Hall,16. 閣樓大廳,heading-label,project-proposed,data/19/entries/4/entries/17
17. Spare Bedroom,17. 備用臥室,heading-label,project-proposed,data/19/entries/4/entries/18
18. Storage Room,18. 儲藏室,heading-label,project-proposed,data/19/entries/4/entries/19
19. Spare Bedroom,19. 備用臥室,heading-label,project-proposed,data/19/entries/4/entries/20
2. Main Hall,2. 大堂,heading-label,project-proposed,data/19/entries/4/entries/3
2. The Holy Symbol of Ravenkind,2. 鴉族聖徽,heading-label,project-proposed,data/2/entries/2/entries/6/entries/5
20. Children's Room,20. 兒童房,heading-label,project-proposed,data/19/entries/4/entries/21
21. Secret Stairs,21. 秘密樓梯,heading-label,project-proposed,data/19/entries/4/entries/22
22. Dungeon Level Access,22. 進入地下層,heading-label,project-proposed,data/19/entries/4/entries/23
23. Family Crypts,23. 家族地下墓穴,heading-label,project-proposed,data/19/entries/4/entries/24
23A. Empty Crypt,23A. 空墓穴,heading-label,project-proposed,data/19/entries/4/entries/24/entries/1
23B. Walter's Crypt,23B. 沃爾特的墓室,heading-label,project-proposed,data/19/entries/4/entries/24/entries/2
23C. Gustav's Crypt,23c. 古斯塔夫的墓室,heading-label,project-proposed,data/19/entries/4/entries/24/entries/3
23D. Elisabeth's Crypt,23D. 伊麗莎白的墓穴,heading-label,project-proposed,data/19/entries/4/entries/24/entries/4
23E. Rose's Crypt,23E. 玫瑰的墓室,heading-label,project-proposed,data/19/entries/4/entries/24/entries/5
23F. Thorn's Crypt,23F. 荊棘的墓室,heading-label,project-proposed,data/19/entries/4/entries/24/entries/6
24. Cult Initiates' Quarters,24. 邪教徒的傳教啟蒙間,heading-label,project-proposed,data/19/entries/4/entries/25
25. Well and Cultist Quarters,25. 水井和邪教徒的住處,heading-label,project-proposed,data/19/entries/4/entries/26
25A,25a,heading-label,project-proposed,data/19/entries/4/entries/26/entries/2/entries/1
25B,25b,heading-label,project-proposed,data/19/entries/4/entries/26/entries/2/entries/2
25C,25c,heading-label,project-proposed,data/19/entries/4/entries/26/entries/2/entries/3
25D,25D,heading-label,project-proposed,data/19/entries/4/entries/26/entries/2/entries/4
25E,25e,heading-label,project-proposed,data/19/entries/4/entries/26/entries/2/entries/5
26. Hidden Spiked Pit,26. 隱藏尖刺陷坑,heading-label,project-proposed,data/19/entries/4/entries/27
27. Dining Hall,27. 餐廳,heading-label,project-proposed,data/19/entries/4/entries/28
28. Larder,28. 食物儲藏櫃,heading-label,project-proposed,data/19/entries/4/entries/29
29. Ghoulish Encounter,29. 遭遇食屍鬼,heading-label,project-proposed,data/19/entries/4/entries/30
3. Den of Wolves,3. 狼窩,heading-label,project-proposed,data/19/entries/4/entries/4
3. The Sunsword,3. 太陽劍,heading-label,project-proposed,data/2/entries/2/entries/6/entries/6
30. Stairs Down,30. 下行臺階,heading-label,project-proposed,data/19/entries/4/entries/31
31. Darklord's Shrine,31. 黑暗領主的神龕,heading-label,project-proposed,data/19/entries/4/entries/32
32. Hidden Trapdoor,32. 隱藏活版門,heading-label,project-proposed,data/19/entries/4/entries/33
33. Cult Leaders' Den,33. 邪教徒領袖的窩點,heading-label,project-proposed,data/19/entries/4/entries/34
34. Cult Leaders' Quarters,34.邪教徒領袖臥室,heading-label,project-proposed,data/19/entries/4/entries/35
35. Reliquary,35. 聖物間,heading-label,project-proposed,data/19/entries/4/entries/36
36. Prison,36. 監獄,heading-label,project-proposed,data/19/entries/4/entries/37
37. Portcullis,37. 鐵閘門,heading-label,project-proposed,data/19/entries/4/entries/38
38. Ritual Chamber,38.儀式間,heading-label,project-proposed,data/19/entries/4/entries/39
4. Kitchen and Pantry,4. 廚房和食品儲藏間,heading-label,project-proposed,data/19/entries/4/entries/5
4. Strahd's Enemy,4. 施特拉德的敵人,heading-label,project-proposed,data/2/entries/2/entries/6/entries/7
5. Dining Room,5. 餐廳,heading-label,project-proposed,data/19/entries/4/entries/6
5. Strahd,5. 施特拉德,heading-label,project-proposed,data/2/entries/2/entries/6/entries/8
6. Upper Hall,6. 二樓大廳,heading-label,project-proposed,data/19/entries/4/entries/7
7. Servants' Room,7.僕人的房間,heading-label,project-proposed,data/19/entries/4/entries/8
8. Library,8. 圖書館,heading-label,project-proposed,data/19/entries/4/entries/9
9. Secret Room,9. 密室,heading-label,project-proposed,data/19/entries/4/entries/10
A Classic Retold,經典重述,heading-label,project-proposed,data/1/entries/4/entries/1
A Kindness of Wereravens,鴉人的親群,heading-label,existing-site,data/21/entries/5/entries/5/entries/2/entries/0
A Vistana's Tale,一個維斯塔尼人的故事,heading-label,project-proposed,data/3/entries/14/entries/8/entries/7
A. Old Svalich Road,A.斯瓦里奇老路,heading-label,project-proposed,data/3/entries/14/entries/2
About the Emerald Enclave,關於翠綠閒庭,heading-label,project-proposed,data/2/entries/3/entries/10/entries/5/entries/2
About the Harpers,關於豎琴手,heading-label,project-proposed,data/2/entries/3/entries/10/entries/3/entries/3
About the Lords' Alliance,關於領主聯盟,heading-label,project-proposed,data/2/entries/3/entries/10/entries/6/entries/4
About the Order of the Gauntlet,關於鐵手套教團,heading-label,project-proposed,data/2/entries/3/entries/10/entries/4/entries/2
About the Zhentarim,關於散塔林會,heading-label,project-proposed,data/2/entries/3/entries/10/entries/7/entries/2
Accomplishing Story Goals,完成故事目標,heading-label,project-proposed,data/1/entries/4/entries/8/entries/2/entries/0/items/2
Additional Art Direction,其他藝術指導,heading-label,project-proposed,data/24/entries/0/items/8
Adventure Hooks,冒險引子,heading-label,project-proposed,data/2/entries/3
Adventure Structure,冒險故事結構,heading-label,project-proposed,data/1/entries/4/entries/7
Aftermath,後續,heading-label,project-proposed,data/17/entries/3/entries/6
Age,歲月,heading-label,existing-site,data/1/entries/5/entries/4
Alterations to Magic,魔法的變化,heading-label,project-proposed,data/3/entries/7
Amber Sarcophagi,琥珀石棺,heading-label,project-proposed,data/14/entries/8/entries/44/entries/2/entries/1;data/14/entries/8/entries/54/entries/4
Angel in Disguise,偽裝的天使,heading-label,project-proposed,data/21/entries/3/entries/0/entries/1/entries/0
Animated Halberds,活化長戟,heading-label,project-proposed,data/5/entries/6/entries/17/entries/4/entries/8
Animated Objects,被活化的物件,heading-label,existing-site,data/21/entries/3/entries/1
Appendix A: Character Options,附錄A：角色選用項,heading-label,project-proposed,data/18
Appendix B: Death House,附錄B：死亡之屋,heading-label,project-proposed,data/19
Appendix C: Treasures,附錄C：寶藏,heading-label,project-proposed,data/20
Appendix D: Monsters and NPCs,附錄D：怪物與非玩家角色,heading-label,project-proposed,data/21
Appendix E: The Tarokka Deck,附錄E：塔羅卡牌組,heading-label,project-proposed,data/22
Appendix F: Handouts,附錄F：資料,heading-label,project-proposed,data/23
Approaching the Den,接近巢穴,heading-label,project-proposed,data/16/entries/9
Approaching the Mansion,接近宅邸,heading-label,project-proposed,data/8/entries/8
Approaching the Ruins,接近廢墟,heading-label,project-proposed,data/11/entries/6
Approaching the Tower,接近塔樓,heading-label,project-proposed,data/12/entries/6
Approaching the Town,接近城鎮,heading-label,project-proposed,data/6/entries/5
Approaching the Village,接近村莊,heading-label,project-proposed,data/4/entries/4
Approaching the Vineyard,接近葡萄園,heading-label,project-proposed,data/13/entries/13
Approaching the Windmill,接近風車,heading-label,project-proposed,data/7/entries/6
Approaching the Winery,接近釀酒廠,heading-label,project-proposed,data/13/entries/14
Areas of Argynvostholt,銀龍宅邸各區域,heading-label,project-proposed,data/8/entries/9
Areas of Barovia,巴洛維亞區域,heading-label,project-proposed,data/3/entries/14
Areas of Berez,柏瑞茲各區域,heading-label,project-proposed,data/11/entries/7
Areas of Krezk,克雷茨克村各區域,heading-label,project-proposed,data/9/entries/5
Areas of Vallaki,瓦拉吉區域,heading-label,project-proposed,data/6/entries/6
Areas of the Den,巢穴各區域,heading-label,project-proposed,data/16/entries/10
Areas of the Hill,丘陵各區域,heading-label,project-proposed,data/15/entries/3
Areas of the House,屋內各區域,heading-label,project-proposed,data/19/entries/4
Areas of the Pass,山道各區域,heading-label,project-proposed,data/10/entries/3
Areas of the Temple,神殿各區域,heading-label,project-proposed,data/14/entries/8
Areas of the Tower,塔樓各區域,heading-label,project-proposed,data/12/entries/7
Areas of the Village,村莊區域,heading-label,project-proposed,data/4/entries/5
Areas of the Windmill,風車各區域,heading-label,project-proposed,data/7/entries/7
Areas of the Winery,釀酒廠各區域,heading-label,project-proposed,data/13/entries/15
Arik the Barkeep,酒吧老闆阿里克,heading-label,project-proposed,data/4/entries/5/entries/3/entries/3/entries/1
Arrigal's Hunt,阿瑞加爾的追獵,heading-label,project-proposed,data/8/entries/10/entries/2
Art Director,美術指導,heading-label,project-proposed,data/24/entries/0/items/7
B. Gates of Barovia,B.巴洛維亞大門,heading-label,project-proposed,data/3/entries/14/entries/3
Baba Lysaga,芭芭·萊薩迦,heading-label,existing-site,data/21/entries/3/entries/2
Baba Lysaga's Creeping Hut,芭芭·萊薩迦的步行小屋,heading-label,existing-site,data/21/entries/3/entries/1/entries/2
Baba Lysaga's Traits,芭芭·萊薩迦的特質,heading-label,existing-site,data/21/entries/3/entries/2/entries/2
Barovian Calendar,巴洛維亞日曆,heading-label,project-proposed,data/3/entries/11/entries/2/entries/2
Barovian Commoners,巴羅維亞平民,heading-label,project-proposed,data/3/entries/13/entries/0/entries/6;data/5/entries/4/entries/3/entries/0
Barovian Lore,巴洛維亞傳聞,heading-label,project-proposed,data/3/entries/11
Barovian Names,巴洛維亞人名,heading-label,project-proposed,data/3/entries/8/entries/7
Barovian Scouts,巴羅維亞偵察兵,heading-label,project-proposed,data/3/entries/13/entries/0/entries/7
Barovian Villagers,巴洛維亞村民,heading-label,project-proposed,data/4/entries/4/entries/4/entries/3
Barovian Witch,巴洛維亞巫師,heading-label,existing-site,data/5/entries/4/entries/3/entries/1;data/21/entries/3/entries/3
Barovians,巴洛維亞人,heading-label,project-proposed,data/3/entries/8
Barovians and Nonhumans,巴洛維亞人與非人類種族,heading-label,project-proposed,data/3/entries/10
Beacon of Protection,防護燈塔,heading-label,project-proposed,data/8/entries/9/entries/54/entries/4/entries/3
Beliefs and Superstitions,信仰與迷信,heading-label,project-proposed,data/3/entries/11/entries/3;data/3/entries/12/entries/6/entries/3
Berserkers,狂戰士們,heading-label,existing-site,data/3/entries/13/entries/0/entries/8
Black Cat,黑貓,heading-label,project-proposed,data/5/entries/4/entries/3/entries/2
Blight Animosity,枯萎憎恨,heading-label,existing-site,data/21/entries/3/entries/4/entries/1/entries/1
"Blight, Tree",枯樹怪,heading-label,project-proposed,data/21/entries/3/entries/4
Blinded by Hatred,被仇恨矇蔽,heading-label,existing-site,data/21/entries/5/entries/4/entries/1/entries/2
Blinsky Toy,布林斯基玩具,heading-label,project-proposed,data/5/entries/4/entries/3/entries/3
Blood Spear of Kavan,喀萬的血矛,heading-label,project-proposed,data/15/entries/4/entries/2
Bloodhorn's Charge,血角的衝鋒,heading-label,project-proposed,data/10/entries/4/entries/2
Bond,牽掛,heading-label,existing-site,data/21/entries/3/entries/0/entries/2/entries/1;data/21/entries/3/entries/2/entries/2/entries/1;data/21/entries/3/entries/5/entries/2/entries/1;data/21/entries/4/entries/0/entries/3/entries/1;data/21/entries/4/entries/1/entries/2/entries/1;data/21/entries/4/entries/2/entries/2/entries/1;data/21/entries/4/entries/5/entries/4/entries/1;data/21/entries/5/entries/0/entries/2/entries/1;data/21/entries/5/entries/1/entries/2/entries/1;data/21/entries/5/entries/4/entries/2/entries/1
Bones of St. Andral,聖安德拉的骨頭,heading-label,project-proposed,data/6/entries/6/entries/1/entries/9
Booby Trap,詭雷,heading-label,project-proposed,data/12/entries/7/entries/1/entries/6
Bridal Gown,婚紗,heading-label,project-proposed,data/6/entries/6/entries/3/entries/20/entries/2
Bride of Strahd,施特拉德的新娘,heading-label,project-proposed,data/21/entries/3/entries/0/entries/1/entries/3
Broom of Animated Attack,活化戰鬥掃帚,heading-label,existing-site,data/5/entries/4/entries/3/entries/4;data/21/entries/3/entries/1/entries/3
Brothers and Sisters of Strahd,施特拉德的兄弟姐妹,heading-label,existing-site,data/21/entries/3/entries/3/entries/1/entries/0
Burgomaster Dmitri Krezkov,迪米特里·克雷茨科夫鎮長,heading-label,project-proposed,data/9/entries/5/entries/3/entries/6
Burgomaster's Cottage,村長小屋,heading-label,project-proposed,data/9/entries/5/entries/4/entries/3/entries/1
C. Svalich Woods,C.斯瓦里奇森林,heading-label,project-proposed,data/3/entries/14/entries/4
Camouflage Experts,偽裝專家,heading-label,existing-site,data/21/entries/4/entries/3/entries/1/entries/2
Card Reading,卡牌占卜,heading-label,project-proposed,data/2/entries/2/entries/6
Cartographer,製圖師,heading-label,existing-site,data/24/entries/0/items/22
Cartographers,製圖師,heading-label,project-proposed,data/24/entries/0/items/12
Cellar,地窖,heading-label,project-proposed,data/11/entries/7/entries/3/entries/6
Chamberlain,宮廷總管,heading-label,existing-site,data/21/entries/5/entries/0/entries/1/entries/1
Chapter 10: The Ruins of Berez,第10章：柏瑞茲廢墟,heading-label,project-proposed,data/11
Chapter 11: Van Richten's Tower,第11章：範·裡希騰之塔,heading-label,project-proposed,data/12
Chapter 12: The Wizard of Wines,第12章：美酒巫師莊園,heading-label,project-proposed,data/13
Chapter 13: The Amber Temple,第13章：琥珀神殿,heading-label,project-proposed,data/14
Chapter 14: Yester Hill,第14章：往日山丘,heading-label,project-proposed,data/15
Chapter 15: Werewolf Den,第15章：狼人巢穴,heading-label,project-proposed,data/16
Chapter 1: Into the Mists,第1章：踏入迷霧,heading-label,project-proposed,data/2
Chapter 2: The Lands of Barovia,第2章：巴洛維亞各地區,heading-label,project-proposed,data/3
Chapter 3: The Village of Barovia,第3章：巴洛維亞村,heading-label,project-proposed,data/4
Chapter 4: Castle Ravenloft,第4章：鴉閣城堡,heading-label,project-proposed,data/5
Chapter 5: The Town of Vallaki,第5章：瓦拉吉鎮,heading-label,project-proposed,data/6
Chapter 6: Old Bonegrinder,第6章：碾骨老磨坊,heading-label,project-proposed,data/7
Chapter 7: Argynvostholt,第7章：銀龍宅邸,heading-label,project-proposed,data/8
Chapter 8: The Village of Krezk,第8章：克雷茨克村,heading-label,project-proposed,data/9
Chapter 9: Tsolenka Pass,第9章：索倫卡山道,heading-label,project-proposed,data/10
Character Background,角色背景,heading-label,project-proposed,data/18/entries/0
Character Levels,角色等級,heading-label,project-proposed,data/1/entries/4/entries/8
Characters as Wereravens,鴉人角色,heading-label,existing-site,data/21/entries/5/entries/5/entries/2/entries/2
Charitable Collectors,慷慨的收藏家,heading-label,existing-site,data/21/entries/5/entries/5/entries/2/entries/1
Circle of Standing Stones,立石陣,heading-label,project-proposed,data/11/entries/7/entries/7/entries/4
Coins,錢幣,heading-label,project-proposed,data/22/entries/5/entries/3;data/22/entries/6/entries/3
Coins (Diamonds),錢幣（方塊）,heading-label,project-proposed,data/2/entries/2/entries/7/entries/3
Common Deck,通用牌組,heading-label,project-proposed,data/2/entries/2/entries/5/entries/1;data/22/entries/5
Commoner Cottages,平民小屋,heading-label,project-proposed,data/9/entries/5/entries/4/entries/3/entries/2
Composition,構圖,heading-label,project-proposed,data/22/entries/3
Concealed Door,暗門,heading-label,project-proposed,data/19/entries/4/entries/32/entries/3
Consorts Unleashed,獲得自由的吸血鬼伴侶們,heading-label,project-proposed,data/17/entries/3/entries/6/entries/5
Constructed Nature,構裝本質,heading-label,existing-site,data/21/entries/3/entries/1/entries/1/entries/0
Corpse,屍體,heading-label,existing-site,data/3/entries/13/entries/0/entries/9
Cosmetic Spell Modifications,咒語效果畸變,heading-label,project-proposed,data/3/entries/7/entries/3
Cottages,小屋,heading-label,project-proposed,data/9/entries/5/entries/4/entries/3
Court of the Count,伯爵的庭院,heading-label,project-proposed,data/5/entries/7
Cover Illustrator,封面插畫師,heading-label,project-proposed,data/24/entries/0/items/10
Crawling Claws,蠕行之爪們,heading-label,existing-site,data/5/entries/4/entries/3/entries/5
Crawling Strahd Zombie,蠕行施特拉德喪屍,heading-label,project-proposed,data/5/entries/4/entries/3/entries/6
Creative Consultants,創意顧問,heading-label,project-proposed,data/24/entries/0/items/1
Creatures (A-H),生物（A-H）,heading-label,project-proposed,data/21/entries/3
Creatures (I-Q),生物 (I-Q),heading-label,project-proposed,data/21/entries/4
Creatures (R-Z),生物（R-Z）,heading-label,project-proposed,data/21/entries/5
Credits,製作組,heading-label,project-proposed,data/24
Creeping Fog,蔓延之霧,heading-label,project-proposed,data/2/entries/3/entries/11
Creeping Hut,步行小屋,heading-label,project-proposed,data/11/entries/8/entries/1
Creepy Toys,詭異的玩具,heading-label,project-proposed,data/6/entries/6/entries/7/entries/5
Crypt 1,墓穴1,heading-label,project-proposed,data/5/entries/11/entries/13/entries/8
Crypt 10,墓穴10,heading-label,project-proposed,data/5/entries/11/entries/13/entries/19
Crypt 11,墓穴11,heading-label,project-proposed,data/5/entries/11/entries/13/entries/20
Crypt 12,墓穴12,heading-label,project-proposed,data/5/entries/11/entries/13/entries/21
Crypt 13,墓穴13,heading-label,project-proposed,data/5/entries/11/entries/13/entries/22
Crypt 14,墓穴14,heading-label,project-proposed,data/5/entries/11/entries/13/entries/23
Crypt 15,墓穴15,heading-label,project-proposed,data/5/entries/11/entries/13/entries/24
Crypt 16,墓穴16,heading-label,project-proposed,data/5/entries/11/entries/13/entries/25
Crypt 17,墓穴17,heading-label,project-proposed,data/5/entries/11/entries/13/entries/26
Crypt 18,墓穴18,heading-label,project-proposed,data/5/entries/11/entries/13/entries/27
Crypt 19,墓穴19,heading-label,project-proposed,data/5/entries/11/entries/13/entries/28
Crypt 2,墓穴2,heading-label,project-proposed,data/5/entries/11/entries/13/entries/9
Crypt 20,墓穴20,heading-label,project-proposed,data/5/entries/11/entries/13/entries/29
Crypt 21,墓穴21,heading-label,project-proposed,data/5/entries/11/entries/13/entries/30
Crypt 22,墓穴22,heading-label,project-proposed,data/5/entries/11/entries/13/entries/31
Crypt 23,墓穴23,heading-label,project-proposed,data/5/entries/11/entries/13/entries/32
Crypt 24,墓穴24,heading-label,project-proposed,data/5/entries/11/entries/13/entries/33
Crypt 25,墓穴25,heading-label,project-proposed,data/5/entries/11/entries/13/entries/34
Crypt 26,墓穴26,heading-label,project-proposed,data/5/entries/11/entries/13/entries/35
Crypt 27,墓穴27,heading-label,project-proposed,data/5/entries/11/entries/13/entries/36
Crypt 28,墓穴28,heading-label,project-proposed,data/5/entries/11/entries/13/entries/37
Crypt 29,墓穴29,heading-label,project-proposed,data/5/entries/11/entries/13/entries/38
Crypt 3,墓穴3,heading-label,project-proposed,data/5/entries/11/entries/13/entries/10
Crypt 30,墓穴30,heading-label,project-proposed,data/5/entries/11/entries/13/entries/39
Crypt 31,墓穴31,heading-label,project-proposed,data/5/entries/11/entries/13/entries/40
Crypt 32,墓穴32,heading-label,project-proposed,data/5/entries/11/entries/13/entries/42
Crypt 33,墓穴33,heading-label,project-proposed,data/5/entries/11/entries/13/entries/43
Crypt 34,墓穴34,heading-label,project-proposed,data/5/entries/11/entries/13/entries/44
Crypt 35,墓穴35,heading-label,project-proposed,data/5/entries/11/entries/13/entries/45
Crypt 36,墓穴36,heading-label,project-proposed,data/5/entries/11/entries/13/entries/46
Crypt 37,墓穴37,heading-label,project-proposed,data/5/entries/11/entries/13/entries/47
Crypt 38,墓穴38,heading-label,project-proposed,data/5/entries/11/entries/13/entries/49
Crypt 39,墓穴39,heading-label,project-proposed,data/5/entries/11/entries/13/entries/51
Crypt 4,墓穴4,heading-label,project-proposed,data/5/entries/11/entries/13/entries/11
Crypt 40,墓穴40,heading-label,project-proposed,data/5/entries/11/entries/13/entries/52
Crypt 5,墓穴5,heading-label,project-proposed,data/5/entries/11/entries/13/entries/12
Crypt 6,墓穴6,heading-label,project-proposed,data/5/entries/11/entries/13/entries/14
Crypt 7,墓穴7,heading-label,project-proposed,data/5/entries/11/entries/13/entries/15
Crypt 8,墓穴8,heading-label,project-proposed,data/5/entries/11/entries/13/entries/17
Crypt 9,墓穴9,heading-label,project-proposed,data/5/entries/11/entries/13/entries/18
Cultists,邪教徒們,heading-label,existing-site,data/6/entries/5/entries/5/entries/4
D&D Lead Designers,D&D首席設計師,heading-label,project-proposed,data/24/entries/0/items/6
D. River Ivlis,D.伊夫里斯河,heading-label,project-proposed,data/3/entries/14/entries/5
Deadly Vengeance,致命復仇,heading-label,existing-site,data/21/entries/5/entries/4/entries/1/entries/1
Dealing with Arrigal,與阿瑞加爾打交道,heading-label,project-proposed,data/6/entries/6/entries/9/entries/8/entries/5
Dealing with Luvash,與魯瓦斯打交道,heading-label,project-proposed,data/6/entries/6/entries/9/entries/8/entries/4
Death House's Features,死亡之屋特徵,heading-label,project-proposed,data/19/entries/3/entries/7/entries/1
Defeating Villains,擊敗反派,heading-label,project-proposed,data/1/entries/4/entries/8/entries/2/entries/0/items/1
Designers,設計師,heading-label,project-proposed,data/24/entries/0/items/2;data/24/entries/0/items/18
Details,細節,heading-label,project-proposed,data/1/entries/5/entries/7
Development,發展,heading-label,project-proposed,data/5/entries/6/entries/4/entries/5;data/5/entries/10/entries/4/entries/12;data/5/entries/11/entries/6/entries/8;data/5/entries/11/entries/13/entries/30/entries/7;data/6/entries/7/entries/1/entries/3;data/6/entries/7/entries/2/entries/2;data/6/entries/7/entries/3/entries/3;data/6/entries/7/entries/4/entries/4;data/8/entries/9/entries/17/entries/5;data/8/entries/9/entries/38/entries/8;data/9/entries/6/entries/1/entries/3;data/9/entries/6/entries/3/entries/7;data/9/entries/6/entries/4/entries/11;data/10/entries/4/entries/2/entries/8;data/12/entries/8/entries/1/entries/4;data/12/entries/8/entries/2/entries/3;data/13/entries/16/entries/1/entries/2;data/13/entries/16/entries/2/entries/3;data/14/entries/8/entries/25/entries/6;data/14/entries/8/entries/44/entries/2;data/14/entries/9/entries/1/entries/2;data/14/entries/9/entries/2/entries/1;data/15/entries/3/entries/4/entries/4;data/15/entries/4/entries/1/entries/4;data/16/entries/10/entries/3/entries/2;data/16/entries/11/entries/1/entries/4;data/19/entries/4/entries/21/entries/5;data/19/entries/4/entries/33/entries/1
Die Kinder,拯救孩子,heading-label,project-proposed,data/16/entries/11/entries/2
Dire Wolves,恐狼,heading-label,project-proposed,data/3/entries/13/entries/0/entries/10
Doll Collector,玩偶收藏家,heading-label,existing-site,data/21/entries/4/entries/0/entries/2/entries/2
Donkey-Headed Criminals,戴驢頭的罪犯,heading-label,project-proposed,data/6/entries/6/entries/8/entries/4
Doors,門,heading-label,existing-site,data/3/entries/14/entries/3/entries/6/entries/1
Dream Pastries,夢幻糕餅,heading-label,project-proposed,data/4/entries/6/entries/2;data/7/entries/5
Dreams of the Damned,被詛者的夢,heading-label,project-proposed,data/21/entries/4/entries/1/entries/1/entries/1
Druid and Twig Blights,德魯伊和枯枝怪,heading-label,project-proposed,data/3/entries/13/entries/0/entries/11
Druids' Ritual,德魯伊們的儀式,heading-label,project-proposed,data/15/entries/4/entries/1
Dumbwaiter,升降機,heading-label,project-proposed,data/19/entries/4/entries/5/entries/1;data/19/entries/4/entries/8/entries/1;data/19/entries/4/entries/13/entries/3
Dungeon Features,地下城特徵物,heading-label,project-proposed,data/19/entries/4/entries/22/entries/4
Dungeon and Catacombs,地牢與地下墓穴,heading-label,project-proposed,data/5/entries/11
Dusk Elves,黃昏精靈,heading-label,project-proposed,data/6/entries/6/entries/9/entries/4/entries/2
E. Village of Barovia,E.巴洛維亞村,heading-label,project-proposed,data/3/entries/14/entries/6
E1. Bildrath's Mercantile,E1.比爾德拉斯商行,heading-label,project-proposed,data/4/entries/5/entries/2
E2. Blood of the Vine Tavern,E2.葡萄藤之血酒館,heading-label,project-proposed,data/4/entries/5/entries/3
E3. Mad Mary's Townhouse,E3.瘋瑪麗的連排屋,heading-label,project-proposed,data/4/entries/5/entries/4
E4. Burgomaster's Mansion,E4.村長宅邸,heading-label,project-proposed,data/4/entries/5/entries/5
E5. Church,E5.教堂,heading-label,project-proposed,data/4/entries/5/entries/6
E5a. Hall,E5a.門廳,heading-label,project-proposed,data/4/entries/5/entries/6/entries/6
E5b. Doru's Bedroom,E5b. 多魯的臥室,heading-label,project-proposed,data/4/entries/5/entries/6/entries/7
E5c. Donavich's Bedroom,E5c.唐納維奇的臥室,heading-label,project-proposed,data/4/entries/5/entries/6/entries/8
E5d. Trapdoor,E5d. 活板門,heading-label,project-proposed,data/4/entries/5/entries/6/entries/9
E5e. Office,E5e. 辦公室,heading-label,project-proposed,data/4/entries/5/entries/6/entries/10
E5f. Chapel,E5f.聖堂,heading-label,project-proposed,data/4/entries/5/entries/6/entries/11
E5g. Undercroft,E5g. 地下室,heading-label,project-proposed,data/4/entries/5/entries/6/entries/12
E6. Cemetery,E6.公墓,heading-label,project-proposed,data/4/entries/5/entries/7
E7. Haunted House,E7. 鬼屋,heading-label,project-proposed,data/4/entries/5/entries/8
East Sarcophagus,東側石棺,heading-label,project-proposed,data/14/entries/8/entries/45/entries/1/entries/8;data/14/entries/8/entries/45/entries/2/entries/4;data/14/entries/8/entries/45/entries/3/entries/6;data/14/entries/8/entries/45/entries/4/entries/6;data/14/entries/8/entries/45/entries/6/entries/5;data/14/entries/8/entries/54/entries/4/entries/3
Eastern Casks,東部木桶區,heading-label,project-proposed,data/5/entries/10/entries/6/entries/3/entries/2
Editor,編輯,heading-label,project-proposed,data/24/entries/0/items/4;data/24/entries/0/items/19
Editorial Assistance,編輯助理,heading-label,project-proposed,data/24/entries/0/items/5
Emerald Enclave,翠綠閒庭,heading-label,project-proposed,data/2/entries/3/entries/10/entries/5
Endings,結局,heading-label,project-proposed,data/19/entries/5
Enemies of Strahd,施特拉德的敵人,heading-label,existing-site,data/21/entries/5/entries/4/entries/1/entries/0
Enter Vasili von Holtz,瓦西里·馮·霍爾茨登場,heading-label,project-proposed,data/21/entries/3/entries/0/entries/1/entries/2
Epilogue,尾聲,heading-label,project-proposed,data/17
Escape from Barovia,逃離巴洛維亞,heading-label,project-proposed,data/17/entries/3/entries/5
Evil Eye,邪眼,heading-label,existing-site,data/3/entries/12/entries/8
Evil Summoner,邪惡召喚者,heading-label,project-proposed,data/6/entries/6/entries/3/entries/20/entries/4/entries/1/items/0
Evil Toy,邪惡玩具,heading-label,existing-site,data/21/entries/4/entries/5/entries/3/entries/1
Executioner,劊子手,heading-label,existing-site,data/21/entries/5/entries/0/entries/1/entries/2
Exile,流放者,heading-label,existing-site,data/21/entries/5/entries/0/entries/1/entries/0
Extreme Cold,極度寒冷,heading-label,project-proposed,data/14/entries/3
Ezmerelda d'Avenir,艾絲美拉達·德·阿維尼爾,heading-label,existing-site,data/5/entries/4/entries/3/entries/7;data/9/entries/5/entries/26/entries/2;data/21/entries/3/entries/5
Ezmerelda d'Avenir's Traits,艾絲美拉達·德·阿維尼爾的特質,heading-label,existing-site,data/21/entries/3/entries/5/entries/2
Ezmerelda's Prosthetic,艾絲美拉達的義肢,heading-label,project-proposed,data/21/entries/3/entries/5/entries/1/entries/3
Ezmerelda's Retreat,艾絲美拉達的撤退,heading-label,project-proposed,data/12/entries/8/entries/2
F. River Ivlis Crossroads,F.伊夫里斯河路口,heading-label,project-proposed,data/3/entries/14/entries/7
Faded Memories,褪色記憶,heading-label,existing-site,data/21/entries/4/entries/4/entries/1/entries/1
False Trail,歧路,heading-label,project-proposed,data/3/entries/13/entries/0/entries/12
Family Is Forever,血濃於水,heading-label,existing-site,data/21/entries/4/entries/0/entries/2/entries/3
Family Names:,家族名字:,heading-label,existing-site,data/3/entries/8/entries/7/entries/1/items/2
Farewell,告別,heading-label,existing-site,data/21/entries/3/entries/5/entries/1/entries/2
Female Names:,女性名字：,heading-label,existing-site,data/3/entries/8/entries/7/entries/1/items/1
Festival of the Blazing Sun,烈陽慶典,heading-label,project-proposed,data/6/entries/7/entries/1
Fiendish Gift,兇惡的贈禮,heading-label,existing-site,data/21/entries/4/entries/0/entries/2/entries/1
Find Rudolph van Richten,找到魯道夫·範·裡希騰,heading-label,project-proposed,data/2/entries/1/entries/2/entries/2
Finding Artifacts,尋找神器,heading-label,project-proposed,data/1/entries/4/entries/8/entries/2/entries/0/items/0
Fiona's Sons,菲奧娜的兒子們,heading-label,project-proposed,data/6/entries/6/entries/4/entries/3/entries/2
Fiona's Spy,菲奧娜的密探,heading-label,project-proposed,data/6/entries/6/entries/4/entries/3/entries/3
Flaw,缺陷,heading-label,existing-site,data/21/entries/3/entries/0/entries/2/entries/2;data/21/entries/3/entries/2/entries/2/entries/2;data/21/entries/3/entries/5/entries/2/entries/2;data/21/entries/4/entries/0/entries/3/entries/2;data/21/entries/4/entries/1/entries/2/entries/2;data/21/entries/4/entries/2/entries/2/entries/2;data/21/entries/4/entries/5/entries/4/entries/2;data/21/entries/5/entries/0/entries/2/entries/2;data/21/entries/5/entries/1/entries/2/entries/2;data/21/entries/5/entries/4/entries/2/entries/2
Flight of the Vampire,吸血鬼飛偶,heading-label,project-proposed,data/5/entries/7/entries/5/entries/4
Flying Broom,飛行掃帚,heading-label,existing-site,data/21/entries/3/entries/1/entries/3/entries/1
Flying Swords,凌空劍,heading-label,project-proposed,data/5/entries/4/entries/3/entries/8
For the Love of Strahd,為了對施特拉德的愛,heading-label,existing-site,data/21/entries/4/entries/2/entries/1/entries/2
Forceful Presence,盛氣凌人,heading-label,existing-site,data/21/entries/4/entries/4/entries/1/entries/2
Foreshadowing,伏筆,heading-label,project-proposed,data/1/entries/5/entries/3
Foreword: Ravenloft Revisited,前言：重返鴉閣,heading-label,project-proposed,data/0
Fortunes of Ravenloft,魔域天機,heading-label,project-proposed,data/2/entries/2;data/3/entries/14/entries/7/entries/6;data/3/entries/14/entries/8/entries/10;data/3/entries/14/entries/14/entries/9;data/4/entries/5/entries/6/entries/13;data/5/entries/5/entries/8/entries/7;data/5/entries/6/entries/11/entries/4;data/5/entries/7/entries/3/entries/3;data/5/entries/8/entries/5/entries/7;data/5/entries/8/entries/9/entries/5;data/5/entries/9/entries/16/entries/6;data/5/entries/10/entries/6/entries/4;data/5/entries/10/entries/10/entries/4;data/5/entries/11/entries/13/entries/13;data/5/entries/11/entries/13/entries/16;data/5/entries/11/entries/13/entries/41;data/5/entries/11/entries/13/entries/48;data/5/entries/11/entries/13/entries/50;data/5/entries/11/entries/14/entries/5;data/5/entries/11/entries/15/entries/8;data/5/entries/11/entries/17/entries/6;data/6/entries/6/entries/2/entries/7;data/6/entries/6/entries/2/entries/25;data/6/entries/6/entries/3/entries/24;data/6/entries/6/entries/4/entries/19;data/6/entries/6/entries/5/entries/4;data/6/entries/6/entries/9/entries/6;data/6/entries/6/entries/9/entries/15;data/7/entries/7/entries/4/entries/2;data/8/entries/9/entries/37/entries/7;data/8/entries/9/entries/38/entries/9;data/8/entries/9/entries/54/entries/5;data/9/entries/5/entries/5/entries/3;data/9/entries/5/entries/16/entries/4;data/9/entries/5/entries/20/entries/11;data/9/entries/5/entries/30/entries/2;data/10/entries/3/entries/7/entries/3;data/11/entries/7/entries/3/entries/5;data/11/entries/7/entries/4/entries/7;data/11/entries/7/entries/6/entries/4;data/12/entries/7/entries/7/entries/5;data/13/entries/15/entries/11/entries/2;data/14/entries/8/entries/11/entries/3;data/14/entries/8/entries/30/entries/4;data/14/entries/8/entries/52/entries/8;data/15/entries/3/entries/5/entries/6;data/16/entries/10/entries/9/entries/7
From the Tome of Strahd,《施特拉德手記》殘頁,heading-label,project-proposed,data/23/entries/2
Funeral for the Burgomaster,村長的葬禮,heading-label,project-proposed,data/4/entries/5/entries/6/entries/11/entries/8
G. Tser Pool Encampment,G.橡木湖營地,heading-label,project-proposed,data/3/entries/14/entries/8
Garden,種植園,heading-label,existing-site,data/11/entries/7/entries/3/entries/7
Gate Towers,門塔,heading-label,project-proposed,data/5/entries/5/entries/3/entries/4
Ghost,幽魂,heading-label,existing-site,data/3/entries/13/entries/0/entries/13
Ghostly Chanting,幽冥合唱,heading-label,project-proposed,data/19/entries/4/entries/23/entries/1
Giant Skull,巨型頭骨,heading-label,project-proposed,data/11/entries/7/entries/4/entries/4
Giant Spider Cocoon,巨蜘蛛繭,heading-label,project-proposed,data/5/entries/4/entries/3/entries/9
Gifts of Mother Night,夜母的贈禮,heading-label,existing-site,data/21/entries/3/entries/2/entries/1/entries/3
Glider,滑翔機,heading-label,project-proposed,data/5/entries/11/entries/13/entries/22/entries/3
Glyphs,符文,heading-label,project-proposed,data/22/entries/5/entries/4;data/22/entries/6/entries/4
Glyphs (Hearts),符文（紅心）,heading-label,project-proposed,data/2/entries/2/entries/7/entries/4
Goat Pen,羊圈,heading-label,project-proposed,data/11/entries/7/entries/3/entries/8
Gothic Trinkets,哥特風格飾品,heading-label,project-proposed,data/18/entries/1
Graphic Designer,平面設計師,heading-label,project-proposed,data/24/entries/0/items/9;data/24/entries/0/items/20
Grave,墳墓,heading-label,project-proposed,data/3/entries/13/entries/0/entries/14
Green Slime,綠軟泥,heading-label,existing-site,data/3/entries/14/entries/11/entries/3
Guardian Portrait,畫中守衛,heading-label,existing-site,data/21/entries/3/entries/1/entries/4
H. Tser Falls,H.橡木瀑布,heading-label,project-proposed,data/3/entries/14/entries/9
Harpers,豎琴手,heading-label,project-proposed,data/2/entries/3/entries/10/entries/3
Heart of Sorrow,悲痛之心,heading-label,existing-site,data/21/entries/5/entries/2/entries/5
Heart of the Hut,小屋之心,heading-label,existing-site,data/21/entries/3/entries/1/entries/2/entries/2
Hidden Bundle,被藏起來的包袱,heading-label,project-proposed,data/3/entries/13/entries/0/entries/15
Hidden Graves,隱藏的墳墓,heading-label,project-proposed,data/15/entries/3/entries/4/entries/3
High Deck,至高牌組,heading-label,project-proposed,data/2/entries/2/entries/5/entries/2;data/22/entries/4;data/22/entries/6/entries/0
History,歷史,heading-label,existing-site,data/19/entries/3
Horrific Offspring,恐怖後裔,heading-label,existing-site,data/21/entries/4/entries/3/entries/1/entries/3
House Occupants,居民,heading-label,project-proposed,data/4/entries/4/entries/4;data/6/entries/5/entries/5
Human Form,人類形態,heading-label,project-proposed,data/3/entries/13/entries/0/entries/27/entries/5
Humor,幽默,heading-label,project-proposed,data/1/entries/5/entries/8
Hunting Trap,捕獵陷阱,heading-label,existing-site,data/3/entries/13/entries/0/entries/16
Hut Interior,小屋內部,heading-label,existing-site,data/11/entries/7/entries/4/entries/5;data/21/entries/3/entries/1/entries/2/entries/1
I. Black Carriage,I.黑馬車,heading-label,project-proposed,data/3/entries/14/entries/10
Ideal,理念,heading-label,existing-site,data/21/entries/3/entries/0/entries/2/entries/0;data/21/entries/3/entries/2/entries/2/entries/0;data/21/entries/3/entries/5/entries/2/entries/0;data/21/entries/4/entries/0/entries/3/entries/0;data/21/entries/4/entries/1/entries/2/entries/0;data/21/entries/4/entries/2/entries/2/entries/0;data/21/entries/4/entries/5/entries/4/entries/0;data/21/entries/5/entries/0/entries/2/entries/0;data/21/entries/5/entries/1/entries/2/entries/0;data/21/entries/5/entries/4/entries/2/entries/0
Illustrator,插畫師,heading-label,project-proposed,data/24/entries/0/items/21
Imperfections,瑕疵,heading-label,project-proposed,data/21/entries/3/entries/0/entries/1/entries/1
Innate Spells,天生法術,heading-label,existing-site,data/21/entries/3/entries/1/entries/4/entries/2
Inspire,激勵,heading-label,project-proposed,data/2/entries/2/entries/8/entries/2/entries/0
Interior Illustrators,內頁插畫師,heading-label,project-proposed,data/24/entries/0/items/11
Introduction,簡介,heading-label,project-proposed,data/1
Ireena Kolyana Dolls,伊莉娜·考利安娜娃娃,heading-label,project-proposed,data/6/entries/6/entries/7/entries/5/entries/2
Izek Strazni,艾澤克·施特拉茲尼,heading-label,existing-site,data/21/entries/4/entries/0
Izek Strazni's Traits,艾澤克·施特拉茲尼的特質,heading-label,existing-site,data/21/entries/4/entries/0/entries/3
Izek's Doll Collection,艾澤克的玩偶收藏,heading-label,project-proposed,data/6/entries/6/entries/3/entries/14/entries/5
J. Gates of Ravenloft,J.鴉閣城堡大門,heading-label,project-proposed,data/3/entries/14/entries/11
Journal Page,日誌頁面,heading-label,project-proposed,data/8/entries/9/entries/41/entries/3
Journal of Argynvost,奧金弗斯特的日記,heading-label,project-proposed,data/23/entries/5
Journal of Rudolph van Richten,魯道夫·範·裡希騰的日記,heading-label,project-proposed,data/23/entries/3
K. Castle Ravenloft,K.鴉閣城堡,heading-label,project-proposed,data/3/entries/14/entries/12
K1. Front Courtyard,K1.前庭,heading-label,project-proposed,data/5/entries/5/entries/3
K10. Dining Hall,K10.餐廳,heading-label,project-proposed,data/5/entries/6/entries/6
K11. South Archers' Post,K11.南部弓兵駐點,heading-label,project-proposed,data/5/entries/6/entries/7
K12. Turret Post,K12.角樓駐點,heading-label,project-proposed,data/5/entries/6/entries/8
K13. Turret Post Access Hall,K13.塔樓入口過道,heading-label,project-proposed,data/5/entries/6/entries/9
K14. Hall of Faith,K14.信念大廳,heading-label,project-proposed,data/5/entries/6/entries/10
K15. Chapel,K15.聖堂,heading-label,project-proposed,data/5/entries/6/entries/11
K16. North Chapel Access,K16.聖堂北入口,heading-label,project-proposed,data/5/entries/6/entries/12
K17. South Chapel Access,K17.聖堂南入口,heading-label,project-proposed,data/5/entries/6/entries/13
K18. High Tower Staircase,K18.高塔樓梯,heading-label,project-proposed,data/5/entries/6/entries/14
K18a. High Tower Shaft,K18a.高塔豎井,heading-label,project-proposed,data/5/entries/6/entries/15
K19. Grand Landing,K19.大樓梯間,heading-label,project-proposed,data/5/entries/6/entries/16
K2. Center Court Gate,K2.中庭大門,heading-label,project-proposed,data/5/entries/5/entries/4
K20. Heart of Sorrow,K20.悲痛之心,heading-label,project-proposed,data/5/entries/6/entries/17
K20a. Tower Hall Stair,K20a.高塔大廳樓梯,heading-label,project-proposed,data/5/entries/6/entries/18
K21. South Tower Stair,K21.南塔樓梯,heading-label,project-proposed,data/5/entries/6/entries/19
K22. North Archers' Post,K22. 北部弓兵駐點,heading-label,project-proposed,data/5/entries/6/entries/20
K23. Servants' Entrance,K23.僕從入口處,heading-label,project-proposed,data/5/entries/6/entries/21
K24. Servants' Quarters,K24.僕從宿舍,heading-label,project-proposed,data/5/entries/6/entries/22
K25. Audience Hall,K25.謁見大廳,heading-label,project-proposed,data/5/entries/7/entries/3
K26. Guards' Post,K26.守衛駐點,heading-label,project-proposed,data/5/entries/7/entries/4
K27. King's Hall,K27. 國王大廳,heading-label,project-proposed,data/5/entries/7/entries/5
K28. King's Balcony,K28.國王露臺,heading-label,project-proposed,data/5/entries/7/entries/6
K29. Creaky Landing,K29. 吱吱作響的平臺,heading-label,project-proposed,data/5/entries/7/entries/7
K3. Servants' Courtyard,K3.僕從庭院,heading-label,project-proposed,data/5/entries/5/entries/5
K30. King's Accountant,K30.國王賬房,heading-label,project-proposed,data/5/entries/7/entries/8
K31. Trapworks,K31.機關房,heading-label,project-proposed,data/5/entries/7/entries/9
K31a. Elevator Shaft,K31a.升降機豎井,heading-label,project-proposed,data/5/entries/7/entries/10
K31b. Shaft Access,K31b.豎井入口,heading-label,project-proposed,data/5/entries/7/entries/11
K32. Maid in Hell,K32. 地獄中的女僕,heading-label,project-proposed,data/5/entries/7/entries/12
K33. King's Apartment Stair,K33.國王套間樓梯,heading-label,project-proposed,data/5/entries/7/entries/13
K34. Servants' Upper Floor,K34.僕從房間上層,heading-label,project-proposed,data/5/entries/7/entries/14
K35. Guardian Vermin,K35. 蟲群守衛,heading-label,project-proposed,data/5/entries/8/entries/3
K36. Dining Hall of the Count,K36.伯爵用餐處,heading-label,project-proposed,data/5/entries/8/entries/4
K37. Study,K37. 書房,heading-label,project-proposed,data/5/entries/8/entries/5
K38. False Treasury,K38.偽藏寶室,heading-label,project-proposed,data/5/entries/8/entries/6
K39. Hall of Webs,K39.蛛網之間,heading-label,project-proposed,data/5/entries/8/entries/7
K4. Carriage House,K4.馬車房,heading-label,project-proposed,data/5/entries/5/entries/6
K40. Belfry,K40. 鐘樓,heading-label,project-proposed,data/5/entries/8/entries/8
K41. Treasury,K41.藏寶室,heading-label,project-proposed,data/5/entries/8/entries/9
K42. King's Bedchamber,K42. 國王的臥室,heading-label,project-proposed,data/5/entries/8/entries/10
K43. Bath Chamber,K43.盥洗室,heading-label,project-proposed,data/5/entries/8/entries/11
K44. Closet,K44.衣帽間,heading-label,project-proposed,data/5/entries/8/entries/12
K45. Hall of Heroes,K45.英雄長廊,heading-label,project-proposed,data/5/entries/8/entries/13
K46. Parapets,K46. 城垛步道,heading-label,project-proposed,data/5/entries/8/entries/14
K47. Portrait of Strahd,K47.施特拉德的肖像畫,heading-label,project-proposed,data/5/entries/9/entries/3
K48. Offstair,K48.封閉樓梯間,heading-label,project-proposed,data/5/entries/9/entries/4
K49. Lounge,K49.休息室,heading-label,project-proposed,data/5/entries/9/entries/5
K5. Chapel Garden,K5.聖堂花園,heading-label,project-proposed,data/5/entries/5/entries/7
K50. Guest Room,K50.賓客室,heading-label,project-proposed,data/5/entries/9/entries/6
K51. Closet,K51.壁櫥,heading-label,project-proposed,data/5/entries/9/entries/7
K52. Smokestack,K52. 煙囪,heading-label,project-proposed,data/5/entries/9/entries/8
K53. Rooftop,K53. 屋頂,heading-label,project-proposed,data/5/entries/9/entries/9
K54. Familiar Room,K54.魔寵房間,heading-label,project-proposed,data/5/entries/9/entries/10
K55. Element Room,K55.原料室,heading-label,project-proposed,data/5/entries/9/entries/11
K56. Cauldron,K56. 大鍋,heading-label,project-proposed,data/5/entries/9/entries/12
K57. Tower Roof,K57. 塔頂,heading-label,project-proposed,data/5/entries/9/entries/13
K58. Bridge,K58. 橋,heading-label,project-proposed,data/5/entries/9/entries/14
K59. High Tower Peak,K59.高塔頂層,heading-label,project-proposed,data/5/entries/9/entries/15
K6. Overlook,K6.瞭望臺,heading-label,project-proposed,data/5/entries/5/entries/8
K60. North Tower Peak,K60.北塔頂層,heading-label,project-proposed,data/5/entries/9/entries/16
K60a. North Tower Rooftop,K60a.北塔天台,heading-label,project-proposed,data/5/entries/9/entries/17
K61. Elevator Trap,K61.升降梯陷阱,heading-label,project-proposed,data/5/entries/10/entries/4
K62. Servants' Hall,K62.僕從大廳,heading-label,project-proposed,data/5/entries/10/entries/5
K63. Wine Cellar,K63. 酒窖,heading-label,project-proposed,data/5/entries/10/entries/6
K64. Guards' Stair,K64.警衛梯道,heading-label,project-proposed,data/5/entries/10/entries/7
K65. Kitchen,K65. 廚房,heading-label,project-proposed,data/5/entries/10/entries/8
K66. Butler's Quarters,K66. 管家宿舍,heading-label,project-proposed,data/5/entries/10/entries/9
K67. Hall of Bones,K67.白骨大廳,heading-label,project-proposed,data/5/entries/10/entries/10
K68. Guards' Run,K68.警衛過道,heading-label,project-proposed,data/5/entries/10/entries/11
K69. Guards' Quarters,K69.警衛宿舍,heading-label,project-proposed,data/5/entries/10/entries/12
K7. Entry,K7. 入口,heading-label,project-proposed,data/5/entries/6/entries/3
K70. Kingsmen Hall,K70. 王室衛士大廳,heading-label,project-proposed,data/5/entries/10/entries/13
K71. Kingsmen Quarters,K71. 王室衛士宿舍,heading-label,project-proposed,data/5/entries/10/entries/14
K72. Chamberlain's Office,K72.總管辦公室,heading-label,project-proposed,data/5/entries/10/entries/15
K73. Dungeon Hall,K73.地牢走廊,heading-label,project-proposed,data/5/entries/11/entries/1
K74. North Dungeon,K74. 北地牢,heading-label,project-proposed,data/5/entries/11/entries/2
K74a. Forgotten Treasure,K74a. 被遺忘的寶藏,heading-label,project-proposed,data/5/entries/11/entries/2/entries/6
K74b. Forgotten Treasure,K74b. 被遺忘的寶藏,heading-label,project-proposed,data/5/entries/11/entries/2/entries/7
K74c. Rotting Corpse,K74c. 腐爛的屍體,heading-label,project-proposed,data/5/entries/11/entries/2/entries/8
K74d. Empty Cell,K74d. 空牢房,heading-label,project-proposed,data/5/entries/11/entries/2/entries/9
K74e. End of the Ride,K74e. 旅途終點,heading-label,project-proposed,data/5/entries/11/entries/2/entries/10
K74f. Empty Cell,K74f. 空牢房,heading-label,project-proposed,data/5/entries/11/entries/2/entries/11
K74g. Gray Ooze,K74g. 灰泥怪,heading-label,project-proposed,data/5/entries/11/entries/2/entries/12
K74h. Lost Sword,K74h. 遺失的劍,heading-label,project-proposed,data/5/entries/11/entries/2/entries/13
K75. South Dungeon,K75. 南地牢,heading-label,project-proposed,data/5/entries/11/entries/3
K75a. Prisoner,K75a. 囚犯,heading-label,project-proposed,data/5/entries/11/entries/3/entries/3
K75b. Forgotten Treasure,K75b. 被遺忘的寶藏,heading-label,project-proposed,data/5/entries/11/entries/3/entries/4
K75c. Empty Cell,K75c. 空牢房,heading-label,project-proposed,data/5/entries/11/entries/3/entries/5
K75d. Dead Dwarf,K75d. 死去的矮人,heading-label,project-proposed,data/5/entries/11/entries/3/entries/6
K75e. Empty Cell,K75e. 空牢房,heading-label,project-proposed,data/5/entries/11/entries/3/entries/7
K75f. Dead Wizard,K75f. 死去的法師,heading-label,project-proposed,data/5/entries/11/entries/3/entries/8
K75g. Hanging Bard,K75g. 吊死的詩人,heading-label,project-proposed,data/5/entries/11/entries/3/entries/9
K75h. Empty Cell,K75h. 空牢房,heading-label,project-proposed,data/5/entries/11/entries/3/entries/10
K76. Torture Chamber,K76. 拷問室,heading-label,project-proposed,data/5/entries/11/entries/4
K77. Observation Balcony,K77. 觀察陽臺,heading-label,project-proposed,data/5/entries/11/entries/5
K78. Brazier Room,K78. 火盆室,heading-label,project-proposed,data/5/entries/11/entries/6
K79. Western Stair,K79. 西側樓梯,heading-label,project-proposed,data/5/entries/11/entries/7
K8. Great Entry,K8.入口大廳,heading-label,project-proposed,data/5/entries/6/entries/4
K80. Center Stair,K80. 中央樓梯,heading-label,project-proposed,data/5/entries/11/entries/8
K81. Tunnel,K81. 隧道,heading-label,project-proposed,data/5/entries/11/entries/9
K82. Marble Slide,K82.大理石滑槽,heading-label,project-proposed,data/5/entries/11/entries/10
K83. Spiral Stair,K83. 螺旋樓梯,heading-label,project-proposed,data/5/entries/11/entries/11
K83a. Spiral Stair Landing,K83a. 螺旋樓梯平臺,heading-label,project-proposed,data/5/entries/11/entries/12
K84. Catacombs,K84. 地下墓穴,heading-label,project-proposed,data/5/entries/11/entries/13
K85. Sergei's Tomb,K85.謝爾蓋的陵墓,heading-label,project-proposed,data/5/entries/11/entries/14
K86. Strahd's Tomb,K86.施特拉德的陵墓,heading-label,project-proposed,data/5/entries/11/entries/15
K87. Guardians,K87.護衛,heading-label,project-proposed,data/5/entries/11/entries/16
K88. Tomb of King Barov and Queen Ravenovia,K88. 巴羅夫國王和瑞文諾薇雅王后的陵墓,heading-label,project-proposed,data/5/entries/11/entries/17
K9. Guests' Hall,K9.訪客大廳,heading-label,project-proposed,data/5/entries/6/entries/5
Kasimir Velikov,卡西米爾·維里科夫,heading-label,existing-site,data/21/entries/4/entries/1
Kasimir Velikov's Traits,卡西米爾·維里科夫的特質,heading-label,project-proposed,data/21/entries/4/entries/1/entries/2
Kasimir's Dark Gift,卡西米爾的黑暗贈禮,heading-label,project-proposed,data/14/entries/9/entries/2
Keepers of the Feather,羽衛,heading-label,project-proposed,data/6/entries/6/entries/2/entries/6
Khazan's Spell Drain,卡讚的反魔法力場,heading-label,project-proposed,data/12/entries/6/entries/4
Kolyan Indirovich's Letter (version 1),考利安·英迪洛維奇村長的求援信（版本1）,heading-label,project-proposed,data/23/entries/0
Kolyan Indirovich's Letter (version 2),考利安·英迪洛維奇村長的信（版本2）,heading-label,project-proposed,data/23/entries/4
Krezk Lore,克雷茲克傳聞,heading-label,project-proposed,data/9/entries/5/entries/4/entries/4
L. Lake Zarovich,L.扎洛維奇湖,heading-label,project-proposed,data/3/entries/14/entries/13
Lady Wachter's Wish,瓦赫特女士的願望,heading-label,project-proposed,data/6/entries/7/entries/3
Lady of the House,房子的女主人,heading-label,project-proposed,data/6/entries/6/entries/4/entries/3/entries/1
Lair Actions,巢穴動作,heading-label,existing-site,data/21/entries/5/entries/2/entries/6
Landing,平臺,heading-label,project-proposed,data/5/entries/11/entries/7/entries/2
Larders of Ill Omen,不祥的儲藏間,heading-label,project-proposed,data/5/entries/10
Lay of the Land,地形概覽,heading-label,project-proposed,data/3/entries/6
Lead Designer,主設計師,heading-label,project-proposed,data/24/entries/0/items/0
Leader of the Pack,部落領袖,heading-label,project-proposed,data/16/entries/11/entries/1
Level Advancement,等級提升,heading-label,project-proposed,data/19/entries/2
Light,光明,heading-label,existing-site,data/1/entries/5/entries/5
Lighting the Beacon,點亮燈塔,heading-label,project-proposed,data/8/entries/9/entries/54/entries/4
Living Fire,活體火焰,heading-label,existing-site,data/8/entries/9/entries/7/entries/3
Living Image,活體畫像,heading-label,existing-site,data/21/entries/3/entries/1/entries/4/entries/1
Loathsome Limbs,擾人斷肢,heading-label,existing-site,data/21/entries/5/entries/3/entries/1/entries/0
Locked Door,鎖住的門,heading-label,project-proposed,data/19/entries/4/entries/17/entries/1
Locks,鎖,heading-label,project-proposed,data/3/entries/14/entries/3/entries/6/entries/3
Lords' Alliance,領主聯盟,heading-label,project-proposed,data/2/entries/3/entries/10/entries/6
Lost Battlefield,失落的戰場,heading-label,project-proposed,data/11/entries/8/entries/2
M. Mad Mage of Mount Baratok,M.巴拉圖克山的瘋法師,heading-label,project-proposed,data/3/entries/14/entries/14
Madam Eva,伊娃夫人,heading-label,existing-site,data/21/entries/4/entries/2
Madam Eva's Tent,伊娃夫人的帳篷,heading-label,project-proposed,data/3/entries/14/entries/8/entries/8
Madam Eva's Traits,伊娃夫人的特質,heading-label,existing-site,data/21/entries/4/entries/2/entries/2
Magic Items,魔法物品,heading-label,existing-site,data/20/entries/2
Magic Mirror,魔鏡反射,heading-label,project-proposed,data/6/entries/6/entries/3/entries/20/entries/3
Main Floor,主樓面,heading-label,project-proposed,data/5/entries/6
Male Names:,男性名字：,heading-label,existing-site,data/3/entries/8/entries/7/entries/1/items/0
Man with a Plan,謀定而後動,heading-label,existing-site,data/21/entries/5/entries/1/entries/1/entries/2
Managing Editor,主管編輯,heading-label,project-proposed,data/24/entries/0/items/3
March of the Dead,亡者大軍,heading-label,project-proposed,data/4/entries/6/entries/1
Marks of Horror,營造恐怖氣氛,heading-label,project-proposed,data/1/entries/5
Marsh Scarecrows,沼澤稻草人,heading-label,project-proposed,data/11/entries/6/entries/4
Marzena Belview,瑪澤娜·貝爾維,heading-label,existing-site,data/9/entries/5/entries/19/entries/5/entries/4
Mishka Belview,米什卡·貝爾維,heading-label,existing-site,data/9/entries/5/entries/19/entries/2/entries/1
Mists of Ravenloft,鴉閣魔域的迷霧,heading-label,project-proposed,data/3/entries/6/entries/2
Mongrelfolk,混種人,heading-label,existing-site,data/21/entries/4/entries/3
Monster Hunter,怪物獵人,heading-label,existing-site,data/21/entries/5/entries/1/entries/1/entries/0
Morgantha's Coven,摩甘薩的鬼婆集會,heading-label,project-proposed,data/7/entries/4
Mother Nearest,永遠守望的母親,heading-label,existing-site,data/21/entries/3/entries/2/entries/1/entries/1
Mother Night,夜母,heading-label,existing-site,data/21/entries/4/entries/2/entries/1/entries/1
Multiattack,多重攻擊,heading-label,existing-site,data/8/entries/9/entries/53/entries/2/entries/0
Mysterious Visitors,神秘訪客,heading-label,project-proposed,data/2/entries/3/entries/7
N. Town of Vallaki,N.瓦拉吉鎮,heading-label,project-proposed,data/3/entries/14/entries/15
N1. St. Andral's Church,N1.聖安德拉教堂,heading-label,project-proposed,data/6/entries/6/entries/1
N2. Blue Water Inn,N2.藍水旅館,heading-label,project-proposed,data/6/entries/6/entries/2
N2a. Well,N2a.井,heading-label,project-proposed,data/6/entries/6/entries/2/entries/8
N2b. Outside Staircase,N2b. 室外樓梯,heading-label,project-proposed,data/6/entries/6/entries/2/entries/9
N2c. Taproom,N2c. 酒吧間,heading-label,project-proposed,data/6/entries/6/entries/2/entries/10
N2d. Wine Storage,N2d.酒窖,heading-label,project-proposed,data/6/entries/6/entries/2/entries/11
N2e. Kitchen,N2e. 廚房,heading-label,project-proposed,data/6/entries/6/entries/2/entries/12
N2f. Stable,N2f. 馬廄,heading-label,project-proposed,data/6/entries/6/entries/2/entries/13
N2g. Storage,N2g. 儲藏室,heading-label,project-proposed,data/6/entries/6/entries/2/entries/14
N2h. Ravens' Loft,N2h.鴉巢,heading-label,project-proposed,data/6/entries/6/entries/2/entries/15
N2i. Secret Stairs and Hall,N2i. 秘密樓梯與大廳,heading-label,project-proposed,data/6/entries/6/entries/2/entries/16
N2j. Great Balcony,N2j. 大露臺,heading-label,project-proposed,data/6/entries/6/entries/2/entries/17
N2k. Guest Balcony,N2k. 客房陽臺,heading-label,project-proposed,data/6/entries/6/entries/2/entries/18
N2l. Guest Rooms,N2l. 客房,heading-label,project-proposed,data/6/entries/6/entries/2/entries/19
N2m. Guest Room,N2m. 客房,heading-label,project-proposed,data/6/entries/6/entries/2/entries/20
N2n. Private Guest Room,N2n. 私人客房,heading-label,project-proposed,data/6/entries/6/entries/2/entries/21
N2o. Boys' Bedroom,N2o. 男孩們的臥室,heading-label,project-proposed,data/6/entries/6/entries/2/entries/22
N2p. Master Bedroom,N2p. 主臥室,heading-label,project-proposed,data/6/entries/6/entries/2/entries/23
N2q. Secret Attic,N2q. 秘密閣樓,heading-label,project-proposed,data/6/entries/6/entries/2/entries/24
N3. Burgomaster's Mansion,N3.鎮長官邸,heading-label,project-proposed,data/6/entries/6/entries/3
N3a. Entrance Hall and Vestibule,N3a. 入口大廳與門廊,heading-label,project-proposed,data/6/entries/6/entries/3/entries/5
N3b. Parlor,N3b. 客廳,heading-label,project-proposed,data/6/entries/6/entries/3/entries/6
N3c. Dining Room,N3c. 餐廳,heading-label,project-proposed,data/6/entries/6/entries/3/entries/7
N3d. Preparation Room,N3d. 準備間,heading-label,project-proposed,data/6/entries/6/entries/3/entries/8
N3e. Den,N3e. 休息室,heading-label,project-proposed,data/6/entries/6/entries/3/entries/9
N3f. Servants' Quarters,N3f. 僕人住處,heading-label,project-proposed,data/6/entries/6/entries/3/entries/10
N3g. Kitchen,N3g. 廚房,heading-label,project-proposed,data/6/entries/6/entries/3/entries/11
N3h. Pantry,N3h. 食品儲藏室,heading-label,project-proposed,data/6/entries/6/entries/3/entries/12
N3i. Upstairs Gallery,N3i. 二樓走廊,heading-label,project-proposed,data/6/entries/6/entries/3/entries/13
N3j. Izek's Bedroom,N3j. 艾澤克的臥室,heading-label,project-proposed,data/6/entries/6/entries/3/entries/14
N3k. Victor's Bedroom,N3k. 維克托的臥室,heading-label,project-proposed,data/6/entries/6/entries/3/entries/15
N3l. Library,N3l. 圖書館,heading-label,project-proposed,data/6/entries/6/entries/3/entries/16
N3m. Locked Closet,N3m. 上鎖的壁櫥,heading-label,project-proposed,data/6/entries/6/entries/3/entries/17
N3n. Master Bedroom Closet,N3n. 主臥室衣櫥,heading-label,project-proposed,data/6/entries/6/entries/3/entries/18
N3o. Master Bedroom,N3o. 主臥室,heading-label,project-proposed,data/6/entries/6/entries/3/entries/19
N3p. Bridal Gown and Spirit Mirror,N3p. 結婚禮服及靈魂魔鏡,heading-label,project-proposed,data/6/entries/6/entries/3/entries/20
N3q. Bathroom,N3q. 浴室,heading-label,project-proposed,data/6/entries/6/entries/3/entries/21
N3r. Attic Room,N3r. 閣樓房間,heading-label,project-proposed,data/6/entries/6/entries/3/entries/22
N3s. Attic Storage,N3s. 閣樓儲藏室,heading-label,project-proposed,data/6/entries/6/entries/3/entries/23
N3t. Victor's Workroom,N3t. 維克托的工作間,heading-label,project-proposed,data/6/entries/6/entries/3/entries/25
N4. Wachterhaus,N4.瓦赫特宅邸,heading-label,project-proposed,data/6/entries/6/entries/4
N4a. Front Door and Vestibule,N4a. 前門與門廳,heading-label,project-proposed,data/6/entries/6/entries/4/entries/4
N4b. Staircase,N4b. 樓梯,heading-label,project-proposed,data/6/entries/6/entries/4/entries/5
N4c. Kitchen,N4c. 廚房,heading-label,project-proposed,data/6/entries/6/entries/4/entries/6
N4d. Storage Room,N4d. 儲藏室,heading-label,project-proposed,data/6/entries/6/entries/4/entries/7
N4e. Back Vestibule,N4e. 後門廳,heading-label,project-proposed,data/6/entries/6/entries/4/entries/8
N4f. Servants' Closet,N4f. 僕人壁櫥,heading-label,project-proposed,data/6/entries/6/entries/4/entries/9
N4g. Secret Staircase,N4g. 秘密樓梯,heading-label,project-proposed,data/6/entries/6/entries/4/entries/10
N4h. Servants' Quarters,N4h. 僕人宿舍,heading-label,project-proposed,data/6/entries/6/entries/4/entries/11
N4i. Parlor,N4i. 客廳,heading-label,project-proposed,data/6/entries/6/entries/4/entries/12
N4j. Dining Room,N4j. 餐廳,heading-label,project-proposed,data/6/entries/6/entries/4/entries/13
N4k. Den,N4k. 書房,heading-label,project-proposed,data/6/entries/6/entries/4/entries/14
N4l. Upstairs Hall,N4l. 二樓走廊,heading-label,project-proposed,data/6/entries/6/entries/4/entries/15
N4m. Brothers' Rooms,N4m. 兄弟倆的房間,heading-label,project-proposed,data/6/entries/6/entries/4/entries/16
N4n. Stella's Room,N4n. 絲黛拉的房間,heading-label,project-proposed,data/6/entries/6/entries/4/entries/17
N4o. Master Bedroom,N4o. 主臥室,heading-label,project-proposed,data/6/entries/6/entries/4/entries/18
N4p. Library,N4p. 圖書館,heading-label,project-proposed,data/6/entries/6/entries/4/entries/20
N4q. Storage Room,N4q. 儲藏室,heading-label,project-proposed,data/6/entries/6/entries/4/entries/21
N4r. Cellar Entrance,N4r. 地窖入口,heading-label,project-proposed,data/6/entries/6/entries/4/entries/22
N4s. Cellar,N4s. 地下室,heading-label,project-proposed,data/6/entries/6/entries/4/entries/23
N4t. Cult Headquarters,N4t. 教徒總部,heading-label,project-proposed,data/6/entries/6/entries/4/entries/24
N5. Arasek Stockyard,N5.阿拉瑟克貨棧,heading-label,project-proposed,data/6/entries/6/entries/5
N6. Coffin Maker's Shop,N6.棺材鋪,heading-label,project-proposed,data/6/entries/6/entries/6
N6a. Coffin Storage,N6a. 棺材儲藏室,heading-label,project-proposed,data/6/entries/6/entries/6/entries/8
N6b. Junk Room,N6b. 雜物室,heading-label,project-proposed,data/6/entries/6/entries/6/entries/9
N6c. Workshop,N6c. 工作室,heading-label,project-proposed,data/6/entries/6/entries/6/entries/10
N6d. Kitchen,N6d. 廚房,heading-label,project-proposed,data/6/entries/6/entries/6/entries/11
N6e. Henrik's Bedroom,N6e. 亨裡克的臥室,heading-label,project-proposed,data/6/entries/6/entries/6/entries/12
N6f. Vampire Nest,N6f. 吸血鬼巢穴,heading-label,project-proposed,data/6/entries/6/entries/6/entries/13
N7. Blinsky Toys,N7. 布林斯基玩具店,heading-label,project-proposed,data/6/entries/6/entries/7
N8. Town Square,N8.鎮廣場,heading-label,project-proposed,data/6/entries/6/entries/8
N9. Vistani Camp,N9.維斯塔尼營地,heading-label,project-proposed,data/6/entries/6/entries/9
N9a. Kasimir's Hovel,N9a. 卡西米爾小屋,heading-label,project-proposed,data/6/entries/6/entries/9/entries/5
N9b. Dusk Elf Hovels,N9b. 黃昏精靈們的小屋,heading-label,project-proposed,data/6/entries/6/entries/9/entries/7
N9c. Vistani Tent,N9c. 維斯塔尼帳篷,heading-label,project-proposed,data/6/entries/6/entries/9/entries/8
N9d. Horses,N9d. 馬匹,heading-label,project-proposed,data/6/entries/6/entries/9/entries/9
N9e. Luvash's Wagon,N9e. 魯瓦斯的馬車,heading-label,project-proposed,data/6/entries/6/entries/9/entries/10
N9f. Wagon of Sleeping Vistani,N9f. 睡著的維斯塔尼人的馬車,heading-label,project-proposed,data/6/entries/6/entries/9/entries/11
N9g. Wagon of Gambling Vistani,N9g. 賭博的維斯塔尼人馬車,heading-label,project-proposed,data/6/entries/6/entries/9/entries/12
N9h. Vistani Family Wagon,N9h. 維斯塔尼人家庭馬車,heading-label,project-proposed,data/6/entries/6/entries/9/entries/13
N9i. Vistani Treasure Wagon,N9i. 維斯塔尼藏寶馬車,heading-label,project-proposed,data/6/entries/6/entries/9/entries/14
Needle Blights,枯針怪,heading-label,project-proposed,data/3/entries/13/entries/0/entries/17
Non-evil Summoner,非邪惡召喚者,heading-label,project-proposed,data/6/entries/6/entries/3/entries/20/entries/4
North Sarcophagus,北側石棺,heading-label,project-proposed,data/14/entries/8/entries/45/entries/2/entries/3;data/14/entries/8/entries/45/entries/3/entries/5;data/14/entries/8/entries/45/entries/4/entries/5;data/14/entries/8/entries/45/entries/5/entries/4
Northern Casks,北部木桶區,heading-label,project-proposed,data/5/entries/10/entries/6/entries/3/entries/1
O. Old Bonegrinder,O.碾骨老磨坊,heading-label,project-proposed,data/3/entries/14/entries/16
O1. Ground Floor,O1.一樓,heading-label,project-proposed,data/7/entries/7/entries/1
O2. Bone Mill,O2. 骨磨坊,heading-label,project-proposed,data/7/entries/7/entries/2
O3. Bedroom,O3. 臥室,heading-label,project-proposed,data/7/entries/7/entries/3
O4. Domed Attic,O4. 圓頂閣樓,heading-label,project-proposed,data/7/entries/7/entries/4
Old Friends,老友情深,heading-label,project-proposed,data/21/entries/4/entries/1/entries/1/entries/0
One Pidlwick Too Many,搗蛋皮德爾一個足矣,heading-label,existing-site,data/21/entries/4/entries/5/entries/3/entries/0
Opening the Door,開啟門,heading-label,project-proposed,data/12/entries/7/entries/2/entries/5
Order of the Gauntlet,鐵手套教團,heading-label,project-proposed,data/2/entries/3/entries/10/entries/4
Orphaned Killer,孤兒殺手,heading-label,existing-site,data/21/entries/4/entries/0/entries/2/entries/0
Other D&D Team Members,其他D&D團隊成員,heading-label,project-proposed,data/24/entries/0/items/16
Other Mother,另一個母親,heading-label,existing-site,data/21/entries/3/entries/2/entries/1/entries/0
Otto Belview,奧圖·貝爾維,heading-label,existing-site,data/9/entries/5/entries/13/entries/6/entries/2
Outcasts,邊緣棄兒,heading-label,existing-site,data/21/entries/4/entries/3/entries/1/entries/1
P. Luna River Crossroads,P.月光河路口,heading-label,project-proposed,data/3/entries/14/entries/17
Pack Attack,部落來襲,heading-label,project-proposed,data/12/entries/8/entries/1
Pack Rats with Cats,松鼠病與愛貓狂,heading-label,existing-site,data/21/entries/3/entries/3/entries/1/entries/1
Personification,擬人,heading-label,project-proposed,data/1/entries/5/entries/6
Phantom Warrior,魅影武者,heading-label,existing-site,data/21/entries/4/entries/4
Pidlwick II,搗蛋皮德爾二世,heading-label,existing-site,data/5/entries/9/entries/15/entries/3;data/21/entries/4/entries/5
Pidlwick II's Traits,搗蛋皮德爾二世的特質,heading-label,existing-site,data/21/entries/4/entries/5/entries/4
Playtesters,測試玩家,heading-label,project-proposed,data/24/entries/0/items/23
Plea for Help,求助者,heading-label,project-proposed,data/2/entries/3/entries/6
Poster Map,海報地圖,heading-label,project-proposed,data/25
Prepress Specialist,印前專家,heading-label,project-proposed,data/24/entries/0/items/15
Product Engineer,產品工程師,heading-label,project-proposed,data/24/entries/0/items/14
Project Managers,專案經理,heading-label,project-proposed,data/24/entries/0/items/13
Q. Argynvostholt,Q.銀龍宅邸,heading-label,project-proposed,data/3/entries/14/entries/18
Q1. Dragon Statue,Q1.巨龍雕像,heading-label,project-proposed,data/8/entries/9/entries/2
Q10. Kitchen,Q10. 廚房,heading-label,project-proposed,data/8/entries/9/entries/11
Q11. Wine Storage,Q11. 酒窖,heading-label,project-proposed,data/8/entries/9/entries/12
Q12. Dining Hall,Q12. 餐廳,heading-label,project-proposed,data/8/entries/9/entries/13
Q13. Chapel of Morning,Q13. 晨曦禮拜堂,heading-label,project-proposed,data/8/entries/9/entries/14
Q14. Chapel Staircases,Q14. 禮拜堂樓梯,heading-label,project-proposed,data/8/entries/9/entries/15
Q15. Cemetery,Q15. 墓地,heading-label,project-proposed,data/8/entries/9/entries/16
Q16. Dragon's Mausoleum,Q16. 巨龍的陵墓,heading-label,project-proposed,data/8/entries/9/entries/17
Q17. West Staircases,Q17. 西樓梯,heading-label,project-proposed,data/8/entries/9/entries/18
Q18. Balconies,Q18. 陽臺,heading-label,project-proposed,data/8/entries/9/entries/19
Q19. Ruined Bedchambers,Q19. 廢棄的臥室,heading-label,project-proposed,data/8/entries/9/entries/20
Q2. Main Entrance,Q2. 主入口,heading-label,project-proposed,data/8/entries/9/entries/3
Q20. South Alcove,Q20. 南凹室,heading-label,project-proposed,data/8/entries/9/entries/21
Q21. North Alcove,Q21. 北凹室,heading-label,project-proposed,data/8/entries/9/entries/22
Q22. Bathroom,Q22. 浴室,heading-label,project-proposed,data/8/entries/9/entries/23
Q23. Storage Room,Q23. 儲藏室,heading-label,project-proposed,data/8/entries/9/entries/24
Q24. Chapel Balcony,Q24. 禮拜堂露臺,heading-label,project-proposed,data/8/entries/9/entries/25
Q25. Trapped Hallway,Q25. 陷阱走廊,heading-label,project-proposed,data/8/entries/9/entries/26
Q26. Northeast Guest Room,Q26. 東北客房,heading-label,project-proposed,data/8/entries/9/entries/27
Q27. Knights' Quarters,Q27. 騎士宿舍,heading-label,project-proposed,data/8/entries/9/entries/28
Q28. Knights' Quarters,Q28. 騎士宿舍,heading-label,project-proposed,data/8/entries/9/entries/29
Q29. Northwest Guest Room,Q29. 西北客房,heading-label,project-proposed,data/8/entries/9/entries/30
Q3. Dragon's Foyer,Q3. 龍之門廳,heading-label,project-proposed,data/8/entries/9/entries/4
Q30. Curtained Staircase,Q30. 帷幕遮掩的樓梯,heading-label,project-proposed,data/8/entries/9/entries/31
Q31. East Staircases,Q31. 東樓梯,heading-label,project-proposed,data/8/entries/9/entries/32
Q32. Ruined Bedchambers,Q32. 廢棄的臥室,heading-label,project-proposed,data/8/entries/9/entries/33
Q33. Collapsed Ceiling,Q33. 坍塌的天花板,heading-label,project-proposed,data/8/entries/9/entries/34
Q34. Ruined Bathroom,Q34. 廢棄的浴室,heading-label,project-proposed,data/8/entries/9/entries/35
Q35. Upstairs Gallery,Q35. 二樓走廊,heading-label,project-proposed,data/8/entries/9/entries/36
Q36. Dragon's Audience Hall,Q36. 龍之謁見廳,heading-label,project-proposed,data/8/entries/9/entries/37
Q37. Knights of the Order,Q37. 騎士團成員,heading-label,project-proposed,data/8/entries/9/entries/38
Q38. Closet,Q38. 壁櫥,heading-label,project-proposed,data/8/entries/9/entries/39
Q39. Vladimir's Bedroom,Q39. 弗拉基米爾的臥室,heading-label,project-proposed,data/8/entries/9/entries/40
Q4. Spiders' Ballroom,Q4.蜘蛛的宴會廳,heading-label,project-proposed,data/8/entries/9/entries/5
Q40. Argynvost's Study,Q40. 奧金弗斯特的書房,heading-label,project-proposed,data/8/entries/9/entries/41
Q41. Dragon's Vault,Q41. 龍之寶庫,heading-label,project-proposed,data/8/entries/9/entries/42
Q42. Argynvost's Bedroom,Q42. 奧金弗斯特的臥室,heading-label,project-proposed,data/8/entries/9/entries/43
Q43. Hole in Roof,Q43. 屋頂的洞,heading-label,project-proposed,data/8/entries/9/entries/44
Q44. Dragon Gargoyle,Q44. 龍形石像鬼,heading-label,project-proposed,data/8/entries/9/entries/45
Q45. Ancient Ballista,Q45. 古代弩炮,heading-label,project-proposed,data/8/entries/9/entries/46
Q46. Destroyed Ballista,Q46. 被摧毀的弩炮,heading-label,project-proposed,data/8/entries/9/entries/47
Q47. Roof Turrets,Q47. 屋頂塔樓,heading-label,project-proposed,data/8/entries/9/entries/48
Q48. Roof's Edge,Q48. 屋頂邊緣,heading-label,project-proposed,data/8/entries/9/entries/49
Q49. Beacon Tower Door,Q49. 燈塔塔樓的門,heading-label,project-proposed,data/8/entries/9/entries/50
Q5. Ruined Stable,Q5.廢棄的馬廄,heading-label,project-proposed,data/8/entries/9/entries/6
"Q50. Beacon, Lower Landing",Q50. 燈塔下層,heading-label,project-proposed,data/8/entries/9/entries/51
"Q51. Beacon, Upper Landing",Q51. 燈塔上層,heading-label,project-proposed,data/8/entries/9/entries/52
Q52. Beacon Turrets,Q52. 燈塔塔樓,heading-label,project-proposed,data/8/entries/9/entries/53
Q53. Beacon of Argynvostholt,Q53. 奧金弗斯特燈塔,heading-label,project-proposed,data/8/entries/9/entries/54
Q6. Dragon's Den,Q6. 龍穴,heading-label,project-proposed,data/8/entries/9/entries/7
Q7. Parlor,Q7. 客廳,heading-label,project-proposed,data/8/entries/9/entries/8
Q8. Iron Gate,Q8. 鐵門,heading-label,project-proposed,data/8/entries/9/entries/9
Q9. Servants' Quarters,Q9. 僕人宿舍,heading-label,project-proposed,data/8/entries/9/entries/10
R. Raven River Crossroads,R.渡鴉河岔路,heading-label,project-proposed,data/3/entries/14/entries/19
Rahadin,拉哈丁,heading-label,existing-site,data/5/entries/4/entries/3/entries/10;data/21/entries/5/entries/0
Rahadin's Prayer,拉哈丁的祈禱,heading-label,project-proposed,data/14/entries/9/entries/1
Rahadin's Revenge,拉哈丁的復仇,heading-label,project-proposed,data/17/entries/3/entries/3
Rahadin's Traits,拉哈丁的特質,heading-label,existing-site,data/21/entries/5/entries/0/entries/2
Random Encounters,隨機遭遇,heading-label,existing-site,data/3/entries/13;data/5/entries/4;data/5/entries/4/entries/3
Rats,老鼠,heading-label,project-proposed,data/4/entries/4/entries/4/entries/2;data/6/entries/5/entries/5/entries/2
Raven Bane,渡鴉之禍,heading-label,existing-site,data/21/entries/3/entries/2/entries/1/entries/2
Resurrection Madness,復活後的瘋狂,heading-label,project-proposed,data/3/entries/7/entries/4
Revenant,還魂鬼,heading-label,existing-site,data/3/entries/13/entries/0/entries/18
Revenants at Rest,還魂鬼安息,heading-label,project-proposed,data/8/entries/9/entries/54/entries/4/entries/4
Revenants of Barovia,巴洛維亞的還魂鬼,heading-label,project-proposed,data/8/entries/7/entries/6
Rictavio,瑞克塔維歐,heading-label,existing-site,data/6/entries/6/entries/2/entries/10/entries/8;data/21/entries/5/entries/1
Rictavio's Carnival Wagon,瑞克塔維歐的嘉年華馬車,heading-label,project-proposed,data/6/entries/6/entries/5/entries/2
Rictavio's Journal,瑞克塔維歐的日記,heading-label,project-proposed,data/6/entries/6/entries/2/entries/21/entries/4
Rictavio's Traits,瑞克塔維歐的特質,heading-label,existing-site,data/21/entries/5/entries/1/entries/2
Roc of Mount Ghakis,加奇斯山的鵬鳥,heading-label,project-proposed,data/10/entries/4/entries/1
Roleplaying,角色扮演（簡稱RP）,heading-label,existing-site,data/6/entries/6/entries/4/entries/3
Roleplaying Arabelle,扮演阿拉貝拉,heading-label,project-proposed,data/3/entries/14/entries/13/entries/5
Roleplaying Bluto,扮演布魯托,heading-label,project-proposed,data/3/entries/14/entries/13/entries/4
Roleplaying Clovin,扮演克洛文,heading-label,project-proposed,data/9/entries/5/entries/24/entries/6
Roleplaying Ireena,扮演伊莉娜,heading-label,project-proposed,data/4/entries/5/entries/5/entries/6
Roleplaying Ismark,扮演伊斯馬克,heading-label,project-proposed,data/4/entries/5/entries/3/entries/2
Roleplaying Strahd,扮演施特拉德,heading-label,project-proposed,data/2/entries/1/entries/3
Roleplaying the Abbot,扮演院長,heading-label,project-proposed,data/9/entries/5/entries/20/entries/9
Roleplaying the Mongrelfolk,扮演混種人,heading-label,project-proposed,data/9/entries/5/entries/13/entries/6
Roleplaying the Other NPCs,扮演其他NPC角色,heading-label,project-proposed,data/4/entries/5/entries/3/entries/3
Roleplaying the Vallakovich Family,扮演瓦拉科維奇家族,heading-label,project-proposed,data/6/entries/6/entries/3/entries/4
Roleplaying the Vistani and the Elves,扮演維斯塔尼人與精靈,heading-label,project-proposed,data/6/entries/6/entries/9/entries/4
Rooms of Weeping,哀泣之間,heading-label,project-proposed,data/5/entries/8
Rose and Thorn,玫瑰與荊棘,heading-label,project-proposed,data/19/entries/3/entries/6;data/19/entries/4/entries/21/entries/4
Royal Blood,王室血統,heading-label,existing-site,data/21/entries/4/entries/2/entries/1/entries/0
Running the Adventure,運作冒險,heading-label,project-proposed,data/1/entries/4
S. Village of Krezk,S.克雷茨克村,heading-label,project-proposed,data/3/entries/14/entries/20
S1. Road Junction,S1.路口,heading-label,project-proposed,data/9/entries/5/entries/2
S10. Abbey Entrance,S10. 修道院入口,heading-label,project-proposed,data/9/entries/5/entries/17
S11. Inner Gatehouses,S11. 內門樓,heading-label,project-proposed,data/9/entries/5/entries/18
S12. Courtyard,S12. 庭院,heading-label,project-proposed,data/9/entries/5/entries/19
S12a. Well,S12a. 井,heading-label,project-proposed,data/9/entries/5/entries/19/entries/2
S12b. Old Troughs,S12b. 舊食槽,heading-label,project-proposed,data/9/entries/5/entries/19/entries/3
S12c. Chicken Sheds,S12c. 雞舍,heading-label,project-proposed,data/9/entries/5/entries/19/entries/4
S12d. Tethering Posts,S12d. 栓杆,heading-label,project-proposed,data/9/entries/5/entries/19/entries/5
S13. Main Hall,S13. 主廳,heading-label,project-proposed,data/9/entries/5/entries/20
S14. Foyer,S14.休息廳,heading-label,project-proposed,data/9/entries/5/entries/21
S15. Madhouse,S15. 瘋人院,heading-label,project-proposed,data/9/entries/5/entries/22
S15a. Fearful Mongrelfolk,S15a. 驚恐的混種人,heading-label,project-proposed,data/9/entries/5/entries/22/entries/6
S15b. Quarreling Mongrelfolk,S15b. 爭吵的混種人,heading-label,project-proposed,data/9/entries/5/entries/22/entries/7
S15c. Incanting Mongrelfolk,S15c. 施法的混種人,heading-label,project-proposed,data/9/entries/5/entries/22/entries/8
S15d. Hungry Mongrelfolk,S15d. 飢餓的混種人,heading-label,project-proposed,data/9/entries/5/entries/22/entries/9
S15e. Mongrelfolk Horde,S15e. 一群混種人,heading-label,project-proposed,data/9/entries/5/entries/22/entries/10
S15f. Singing and Dancing Mongrelfolk,S15f. 載歌載舞的混種人,heading-label,project-proposed,data/9/entries/5/entries/22/entries/11
S15g. Mongrelfolk Babies,S15g. 混種人嬰兒,heading-label,project-proposed,data/9/entries/5/entries/22/entries/12
S15h. Mongrelfolk Fort,S15h. 混種人堡壘,heading-label,project-proposed,data/9/entries/5/entries/22/entries/13
S16. Wine Cellar,S16. 酒窖,heading-label,project-proposed,data/9/entries/5/entries/23
S17. Loft and Belfry,S17. 閣樓和鐘樓,heading-label,project-proposed,data/9/entries/5/entries/24
S18. Curtain Wall,S18. 幕牆,heading-label,project-proposed,data/9/entries/5/entries/25
S19. Barracks,S19.營房,heading-label,project-proposed,data/9/entries/5/entries/26
S2. Gatehouse,S2.門樓,heading-label,project-proposed,data/9/entries/5/entries/3
S20. Upstairs Office,S20. 二樓辦公室,heading-label,project-proposed,data/9/entries/5/entries/27
S21. Haunted Hospital,S21.鬧鬼的醫療室,heading-label,project-proposed,data/9/entries/5/entries/28
S22. Operating Room,S22. 手術室,heading-label,project-proposed,data/9/entries/5/entries/29
S23. Nursery,S23.育兒室,heading-label,project-proposed,data/9/entries/5/entries/30
S24. Morgue,S24. 太平間,heading-label,project-proposed,data/9/entries/5/entries/31
S3. Village of Krezk,S3.克雷茨克村,heading-label,project-proposed,data/9/entries/5/entries/4
S4. Pool and Shrine,S4.水池和聖壇,heading-label,project-proposed,data/9/entries/5/entries/5
S5. Winding Road,S5. 蜿蜒之路,heading-label,project-proposed,data/9/entries/5/entries/6
S6. North Gate,S6. 北大門,heading-label,project-proposed,data/9/entries/5/entries/13
S7. Graveyard,S7. 墓地,heading-label,project-proposed,data/9/entries/5/entries/14
S8. Garden Gatehouse,S8.花園門樓,heading-label,project-proposed,data/9/entries/5/entries/15
S9. Gardens,S9. 花園,heading-label,project-proposed,data/9/entries/5/entries/16
Scarecrows,稻草人,heading-label,project-proposed,data/3/entries/13/entries/0/entries/19
Screams of the Dead,亡者尖嘯,heading-label,existing-site,data/21/entries/5/entries/0/entries/1/entries/3
Search for a Successor or Consort,尋找伴侶或繼承人,heading-label,project-proposed,data/2/entries/1/entries/2/entries/3
Secret Door,暗門,heading-label,project-proposed,data/5/entries/11/entries/2/entries/10/entries/1;data/19/entries/4/entries/9/entries/4;data/19/entries/4/entries/12/entries/2;data/19/entries/4/entries/16/entries/4;data/19/entries/4/entries/19/entries/2;data/19/entries/4/entries/37/entries/1
Secret Doors,暗門,heading-label,project-proposed,data/3/entries/14/entries/3/entries/6/entries/2;data/5/entries/8/entries/6/entries/3;data/5/entries/8/entries/7/entries/3
Secrets of the Amber Temple,琥珀神殿的秘密,heading-label,project-proposed,data/21/entries/4/entries/1/entries/1/entries/2
Sergei and Ireena,謝爾蓋和伊麗娜,heading-label,project-proposed,data/17/entries/3/entries/4
Shadow of Argynvost,奧金弗斯特之影,heading-label,project-proposed,data/8/entries/9/entries/4/entries/2
Shadows,幽影,heading-label,existing-site,data/5/entries/4/entries/3/entries/11
Skeletal Rider,骷髏騎士,heading-label,project-proposed,data/3/entries/13/entries/0/entries/20
Slashed Picture,被砍破的畫,heading-label,project-proposed,data/8/entries/9/entries/41/entries/4
Something Blue,一點藍,heading-label,project-proposed,data/9/entries/6/entries/4
Something Borrowed,一樣借,heading-label,project-proposed,data/9/entries/6/entries/3
Something New,一樣新,heading-label,project-proposed,data/9/entries/6/entries/2
Something Old,一樣舊,heading-label,project-proposed,data/9/entries/6/entries/1
Souls and Shells,靈魂與軀殼,heading-label,project-proposed,data/3/entries/9
Sound Mimicry,模仿聲音,heading-label,existing-site,data/21/entries/4/entries/3/entries/1/entries/0
South Sarcophagus,南側石棺,heading-label,project-proposed,data/14/entries/8/entries/45/entries/1/entries/7;data/14/entries/8/entries/45/entries/2/entries/5;data/14/entries/8/entries/45/entries/3/entries/7;data/14/entries/8/entries/45/entries/5/entries/6;data/14/entries/8/entries/45/entries/6/entries/4;data/14/entries/8/entries/54/entries/4/entries/2
Southern Casks,南部木桶區,heading-label,project-proposed,data/5/entries/10/entries/6/entries/3/entries/3
Special Delivery,特殊交付,heading-label,project-proposed,data/8/entries/10/entries/1
Special Events,特殊事件,heading-label,project-proposed,data/4/entries/6;data/6/entries/7;data/8/entries/10;data/9/entries/6;data/10/entries/4;data/11/entries/8;data/12/entries/8;data/13/entries/16;data/14/entries/9;data/15/entries/4;data/16/entries/11
Spectral Longbow,靈體長弓,heading-label,project-proposed,data/8/entries/9/entries/53/entries/2/entries/1
Spellcasting,施法,heading-label,existing-site,data/8/entries/9/entries/38/entries/6/entries/0
Spider Climb,蛛行術,heading-label,project-proposed,data/14/entries/8/entries/45/entries/3/entries/3
Spires of Ravenloft,鴉閣諸塔,heading-label,project-proposed,data/5/entries/9
St. Andral's Feast,聖安德拉血宴,heading-label,project-proposed,data/6/entries/7/entries/4
Stars,星辰,heading-label,project-proposed,data/22/entries/5/entries/2;data/22/entries/6/entries/2
Stars (Clubs),星（梅花）,heading-label,project-proposed,data/2/entries/2/entries/7/entries/2
Statistics,資料,heading-label,existing-site,data/21/entries/3/entries/0/entries/1/entries/4;data/21/entries/4/entries/1/entries/1/entries/3;data/21/entries/5/entries/4/entries/1/entries/3
Statue's Head,雕像的頭部,heading-label,project-proposed,data/14/entries/8/entries/11/entries/1
Story Overview,故事梗概,heading-label,project-proposed,data/1/entries/4/entries/6
Strahd Dies,施特拉德死亡,heading-label,project-proposed,data/17/entries/3
Strahd Prevails,施特拉德獲勝,heading-label,project-proposed,data/17/entries/2
Strahd Zombie,施特拉德喪屍,heading-label,existing-site,data/21/entries/5/entries/3
Strahd Zombies,施特拉德喪屍,heading-label,project-proposed,data/3/entries/13/entries/0/entries/21;data/4/entries/4/entries/4/entries/4
Strahd von Zarovich,施特拉德·馮·扎洛維奇,heading-label,existing-site,data/2/entries/1;data/3/entries/12/entries/6/entries/1;data/5/entries/4/entries/3/entries/12;data/21/entries/5/entries/2
Strahd's Animated Armor,施特拉德的活化盔甲,heading-label,existing-site,data/21/entries/3/entries/1/entries/5
Strahd's Enemy,施特拉德的敵人,heading-label,project-proposed,data/2/entries/2/entries/8
Strahd's Goals,施特拉德的目的,heading-label,project-proposed,data/2/entries/1/entries/2
Strahd's Invitation,施特拉德的邀請函,heading-label,project-proposed,data/23/entries/1
Strahd's Location in the Castle,施特拉德在城堡中的位置,heading-label,project-proposed,data/2/entries/2/entries/9
Strahd's Return,施特拉德的歸來,heading-label,project-proposed,data/17/entries/3/entries/6/entries/6
Strahd's Spies,施特拉德的間諜,heading-label,project-proposed,data/3/entries/13/entries/0/entries/7/entries/4
Strahd's Tactics,施特拉德的戰術,heading-label,existing-site,data/21/entries/5/entries/2/entries/2
Strahd's Vistani Servants,施特拉德的維斯塔尼僕人,heading-label,project-proposed,data/3/entries/12/entries/5
Sun's Grave,太陽之墓,heading-label,project-proposed,data/9/entries/5/entries/14/entries/2
Sunlight in Barovia,巴洛維亞的陽光,heading-label,project-proposed,data/3/entries/6/entries/3
Swarms of Bats,蝙蝠群,heading-label,project-proposed,data/3/entries/13/entries/0/entries/22;data/5/entries/4/entries/3/entries/13
Swarms of Ravens,渡鴉群,heading-label,project-proposed,data/3/entries/13/entries/0/entries/23
Swords,劍舞,heading-label,project-proposed,data/22/entries/5/entries/1;data/22/entries/6/entries/1
Swords (Spades),劍（黑桃）,heading-label,project-proposed,data/2/entries/2/entries/7/entries/1
T. Tsolenka Pass,T.索倫卡山道,heading-label,project-proposed,data/3/entries/14/entries/21
T1. Gatehouse Portcullis,T1. 門樓吊閘,heading-label,project-proposed,data/10/entries/3/entries/2
T2. Demon Statues,T2. 惡魔雕像,heading-label,project-proposed,data/10/entries/3/entries/3
T3. Curtain of Green Flame,T3.綠炎帷幕,heading-label,project-proposed,data/10/entries/3/entries/4
"T4. Guard Tower, Ground Floor",T4. 警衛塔樓一層,heading-label,project-proposed,data/10/entries/3/entries/5
"T5. Guard Tower, Upper Floor",T5. 警衛塔樓二層,heading-label,project-proposed,data/10/entries/3/entries/6
T6. Guard Tower Rooftop,T6. 警衛塔樓頂,heading-label,project-proposed,data/10/entries/3/entries/7
T7. Western Arch,T7. 西拱門,heading-label,project-proposed,data/10/entries/3/entries/8
T8. Stone Bridge,T8. 石橋,heading-label,project-proposed,data/10/entries/3/entries/9
T9. Eastern Arch,T9. 東拱門,heading-label,project-proposed,data/10/entries/3/entries/10
Tarokka Cards,塔羅卡卡牌,heading-label,project-proposed,data/22/entries/6
Tarokka Deck,塔羅卡牌組,heading-label,existing-site,data/21/entries/3/entries/5/entries/1/entries/5
Task Driven,不負使命,heading-label,existing-site,data/21/entries/4/entries/4/entries/1/entries/0
Teleport Destination,傳送點,heading-label,project-proposed,data/5/entries/8/entries/5/entries/6;data/5/entries/9/entries/16/entries/5;data/5/entries/11/entries/15/entries/7;data/6/entries/6/entries/6/entries/13/entries/2;data/9/entries/5/entries/24/entries/7;data/10/entries/3/entries/5/entries/3;data/14/entries/8/entries/54/entries/3
Teleport Traps,傳送陷阱,heading-label,project-proposed,data/5/entries/11/entries/13/entries/7
Teleportation Circle,傳送法陣,heading-label,existing-site,data/6/entries/6/entries/3/entries/25/entries/13
The Abbot,修道院長,heading-label,existing-site,data/21/entries/3/entries/0
The Abbot's Traits,修道院長的特質,heading-label,project-proposed,data/21/entries/3/entries/0/entries/2
The Baron,男爵,heading-label,project-proposed,data/6/entries/6/entries/3/entries/4/entries/1
The Baroness,男爵夫人,heading-label,project-proposed,data/6/entries/6/entries/3/entries/4/entries/2
The Baronet,小男爵,heading-label,project-proposed,data/6/entries/6/entries/3/entries/4/entries/3
The Cult Is Appeased,邪教徒的要求被滿足,heading-label,project-proposed,data/19/entries/5/entries/1
The Cult Is Denied,邪教徒的要求被拒絕,heading-label,project-proposed,data/19/entries/5/entries/2
The Dancing Fire,舞動之焰,heading-label,project-proposed,data/2/entries/3/entries/9/entries/0
The Devil Strahd,魔鬼施特拉德,heading-label,project-proposed,data/3/entries/11/entries/1
The Great Vampire Hunt,對大吸血鬼的獵殺,heading-label,existing-site,data/21/entries/3/entries/5/entries/1/entries/4
The Hanged One,吊死鬼,heading-label,project-proposed,data/3/entries/14/entries/7/entries/5
The Heart,心,heading-label,project-proposed,data/5/entries/6/entries/17/entries/4
The Land of Barovia,巴洛維亞各地區,heading-label,project-proposed,data/3/entries/11/entries/2;data/3/entries/12/entries/6/entries/2
The Lands of Barovia: Common Features,巴洛維亞各地區：共同特徵,heading-label,project-proposed,data/3/entries/14/entries/3/entries/6
The Mad Mage's Mansion,瘋法師的宅邸,heading-label,project-proposed,data/3/entries/14/entries/14/entries/8
The Martikov Family,馬可夫家族,heading-label,project-proposed,data/13/entries/13/entries/5
The Megaliths,巨石陣,heading-label,project-proposed,data/7/entries/8
The Mists,迷霧,heading-label,project-proposed,data/19/entries/3/entries/7
The Order of the Silver Dragon,銀龍騎士團,heading-label,project-proposed,data/8/entries/7
The Rise of Ismark,伊斯馬克的崛起,heading-label,project-proposed,data/17/entries/3/entries/6/entries/2
The Unknown,未知,heading-label,project-proposed,data/1/entries/5/entries/2
The Vampire's History,吸血鬼的歷史,heading-label,project-proposed,data/2/entries/1/entries/1
The Vampire's Minions,吸血鬼的爪牙,heading-label,existing-site,data/21/entries/5/entries/2/entries/3
The Waiting Game,伺機而動,heading-label,existing-site,data/21/entries/5/entries/1/entries/1/entries/1
Thing of Evil,邪惡之物,heading-label,existing-site,data/21/entries/3/entries/1/entries/5/entries/1
Thing on the Table,桌上的物品,heading-label,project-proposed,data/9/entries/5/entries/24/entries/8
Tome of Strahd,施特拉德手記,heading-label,existing-site,data/20/entries/1
Tormented Spirit,受折磨的精魄,heading-label,project-proposed,data/5/entries/8/entries/11/entries/2
Town Gates,城門,heading-label,project-proposed,data/6/entries/5/entries/4
Townsfolk,鎮民,heading-label,project-proposed,data/6/entries/5/entries/5/entries/3
Trapdoor,活板門,heading-label,project-proposed,data/19/entries/4/entries/4/entries/3
Travel Through the Mists,穿越迷霧旅行,heading-label,project-proposed,data/16/entries/8
Treasure,寶藏,heading-label,existing-site,data/3/entries/13/entries/0/entries/25/entries/2;data/3/entries/14/entries/8/entries/9;data/5/entries/4/entries/3/entries/17/entries/2;data/5/entries/4/entries/3/entries/18/entries/2;data/5/entries/6/entries/11/entries/3;data/5/entries/7/entries/8/entries/8;data/5/entries/7/entries/12/entries/4;data/5/entries/8/entries/4/entries/10;data/5/entries/8/entries/5/entries/5;data/5/entries/8/entries/9/entries/4;data/5/entries/9/entries/5/entries/6;data/5/entries/9/entries/12/entries/9;data/5/entries/9/entries/16/entries/4;data/5/entries/10/entries/14/entries/2;data/5/entries/11/entries/2/entries/6/entries/1;data/5/entries/11/entries/2/entries/7/entries/2;data/5/entries/11/entries/2/entries/8/entries/2;data/5/entries/11/entries/2/entries/13/entries/2;data/5/entries/11/entries/3/entries/4/entries/1;data/5/entries/11/entries/12/entries/3;data/5/entries/11/entries/13/entries/14/entries/6;data/5/entries/11/entries/13/entries/18/entries/3;data/5/entries/11/entries/13/entries/19/entries/3;data/5/entries/11/entries/13/entries/20/entries/3;data/5/entries/11/entries/13/entries/24/entries/3;data/5/entries/11/entries/13/entries/30/entries/6;data/5/entries/11/entries/13/entries/31/entries/3;data/5/entries/11/entries/13/entries/37/entries/3;data/5/entries/11/entries/13/entries/38/entries/4;data/5/entries/11/entries/13/entries/39/entries/3;data/5/entries/11/entries/13/entries/40/entries/3;data/5/entries/11/entries/13/entries/44/entries/4;data/5/entries/11/entries/13/entries/45/entries/3;data/5/entries/11/entries/13/entries/47/entries/4;data/5/entries/11/entries/14/entries/4;data/5/entries/11/entries/15/entries/6;data/6/entries/6/entries/2/entries/15/entries/3;data/6/entries/6/entries/2/entries/24/entries/4;data/6/entries/6/entries/3/entries/8/entries/2;data/6/entries/6/entries/3/entries/16/entries/7;data/6/entries/6/entries/3/entries/25/entries/14;data/6/entries/6/entries/4/entries/14/entries/2;data/6/entries/6/entries/4/entries/21/entries/2;data/6/entries/6/entries/5/entries/3;data/6/entries/6/entries/6/entries/12/entries/2;data/6/entries/6/entries/9/entries/5/entries/6;data/6/entries/6/entries/9/entries/10/entries/3;data/6/entries/6/entries/9/entries/14/entries/2;data/7/entries/7/entries/3/entries/6;data/8/entries/9/entries/29/entries/2;data/8/entries/9/entries/37/entries/6;data/9/entries/5/entries/20/entries/10;data/9/entries/5/entries/22/entries/11/entries/7;data/9/entries/5/entries/23/entries/3;data/11/entries/7/entries/4/entries/6;data/12/entries/7/entries/1/entries/7;data/13/entries/15/entries/17/entries/3;data/13/entries/15/entries/18/entries/8;data/14/entries/8/entries/7/entries/3;data/14/entries/8/entries/11/entries/2;data/14/entries/8/entries/18/entries/7;data/14/entries/8/entries/27/entries/4;data/14/entries/8/entries/30/entries/3;data/14/entries/8/entries/32/entries/5;data/14/entries/8/entries/37/entries/8;data/14/entries/8/entries/46/entries/2;data/14/entries/8/entries/50/entries/2;data/14/entries/8/entries/52/entries/7;data/15/entries/3/entries/5/entries/5;data/15/entries/4/entries/2/entries/3;data/16/entries/10/entries/5/entries/4;data/16/entries/10/entries/9/entries/6;data/19/entries/4/entries/10/entries/4;data/19/entries/4/entries/13/entries/4;data/19/entries/4/entries/26/entries/2;data/19/entries/4/entries/32/entries/4;data/19/entries/4/entries/35/entries/2;data/19/entries/4/entries/37/entries/2
Treasure Locations,寶藏位置,heading-label,project-proposed,data/2/entries/2/entries/7
Trinket,飾品,heading-label,existing-site,data/3/entries/13/entries/0/entries/24;data/5/entries/4/entries/3/entries/14
Turn Ireena Kolyana,轉化伊莉娜·考利安娜,heading-label,project-proposed,data/2/entries/1/entries/2/entries/1
"Tyger, Tyger",老虎，老虎,heading-label,project-proposed,data/6/entries/7/entries/2
U. Ruins of Berez,U.柏瑞茲廢墟,heading-label,project-proposed,data/3/entries/14/entries/22
U1. Abandoned Cottages,U1. 廢棄的小屋,heading-label,project-proposed,data/11/entries/7/entries/2
U2. Ulrich Mansion,U2.烏爾裡希的宅邸,heading-label,project-proposed,data/11/entries/7/entries/3
U3. Baba Lysaga's Hut,U3.芭芭·萊薩迦的小屋,heading-label,project-proposed,data/11/entries/7/entries/4
U4. Churchyard,U4. 教堂墓地,heading-label,project-proposed,data/11/entries/7/entries/5
U5. Marina's Monument,U5.瑪莉娜的紀念碑,heading-label,project-proposed,data/11/entries/7/entries/6
U6. Standing Stones,U6.柱石,heading-label,project-proposed,data/11/entries/7/entries/7
Undead Nature,不死本質,heading-label,existing-site,data/21/entries/4/entries/4/entries/1/entries/3;data/21/entries/5/entries/3/entries/1/entries/1
Unseen Servant,隱形僕役,heading-label,existing-site,data/5/entries/4/entries/3/entries/15
Using Regular Playing Cards,使用普通撲克牌,heading-label,project-proposed,data/2/entries/2/entries/5
V. Van Richten's Tower,V.範·裡希騰之塔,heading-label,project-proposed,data/3/entries/14/entries/23
V1. Ezmerelda's Magic Wagon,V1.艾絲美拉達的魔法馬車,heading-label,project-proposed,data/12/entries/7/entries/1
V2. Tower Door,V2. 塔樓門,heading-label,project-proposed,data/12/entries/7/entries/2
V3. Rickety Scaffolding,V3. 搖搖欲墜的腳手架,heading-label,project-proposed,data/12/entries/7/entries/3
"V4. Tower, First Floor",V4. 塔樓一層,heading-label,project-proposed,data/12/entries/7/entries/4
"V5. Tower, Second Floor",V5. 塔樓二層,heading-label,project-proposed,data/12/entries/7/entries/5
"V6. Tower, Third Floor",V6. 塔樓三層,heading-label,project-proposed,data/12/entries/7/entries/6
"V7. Tower, Fourth Floor",V7. 塔樓四層,heading-label,project-proposed,data/12/entries/7/entries/7
Vallaki Lore,瓦拉吉傳聞,heading-label,project-proposed,data/6/entries/5/entries/6
Vampire Hunters,吸血鬼獵人,heading-label,project-proposed,data/17/entries/3/entries/6/entries/4
Vampire Spawn,初生吸血鬼,heading-label,existing-site,data/5/entries/4/entries/3/entries/16;data/5/entries/6/entries/17/entries/4/entries/9
Van Richten's Tragic Tale,範·裡希騰的悲劇故事,heading-label,existing-site,data/21/entries/3/entries/5/entries/1/entries/1
Vault,金庫,heading-label,project-proposed,data/5/entries/11/entries/13/entries/23/entries/4
Vestibule,玄關,heading-label,project-proposed,data/12/entries/7/entries/2/entries/6
Vicious Carnivore,兇殘的肉食生物,heading-label,existing-site,data/21/entries/3/entries/4/entries/1/entries/0
Vistani,維斯塔尼,heading-label,project-proposed,data/3/entries/12;data/6/entries/6/entries/9/entries/4/entries/1
Vistani Bandits,維斯塔尼人匪徒,heading-label,project-proposed,data/3/entries/13/entries/0/entries/25
Vistani Curses,維斯塔尼詛咒,heading-label,project-proposed,data/3/entries/12/entries/7
Vistani Exodus,維斯塔尼人舉族離去,heading-label,project-proposed,data/17/entries/3/entries/6/entries/3
Vistani Lore,維斯塔尼傳聞,heading-label,project-proposed,data/3/entries/12/entries/6
Vistani Owners,維斯塔尼所有者,heading-label,project-proposed,data/4/entries/5/entries/3/entries/3/entries/2
Vistani Thugs,維斯塔尼惡棍,heading-label,project-proposed,data/5/entries/4/entries/3/entries/17
Vladimir Horngaard,弗拉基米爾·霍恩嘉德,heading-label,existing-site,data/21/entries/5/entries/4
Vladimir Horngaard's Traits,弗拉基米爾·霍恩嘉德的特質,heading-label,existing-site,data/21/entries/5/entries/4/entries/2
Von Weerg's Masterpiece,馮·魏爾格的傑作,heading-label,project-proposed,data/6/entries/6/entries/7/entries/5/entries/3
W. The Wizard of Wines,W.美酒巫師莊園,heading-label,project-proposed,data/3/entries/14/entries/24
W1. Stables,W1. 馬廄,heading-label,project-proposed,data/13/entries/15/entries/2
W10. Glassblower's Workshop,W10. 玻璃吹制工坊,heading-label,project-proposed,data/13/entries/15/entries/11
W11. Spiral Staircase,W11. 螺旋樓梯,heading-label,project-proposed,data/13/entries/15/entries/12
W12. Ramp,W12. 坡道,heading-label,project-proposed,data/13/entries/15/entries/13
W13. Back Staircase,W13.後間樓梯,heading-label,project-proposed,data/13/entries/15/entries/14
W14. Wine Cellar,W14. 酒窖,heading-label,project-proposed,data/13/entries/15/entries/15
W15. Brown Mold,W15.棕黴菌,heading-label,project-proposed,data/13/entries/15/entries/16
W16. Loading Winch,W16. 起重機,heading-label,project-proposed,data/13/entries/15/entries/17
W17. Master Bedroom,W17. 主臥室,heading-label,project-proposed,data/13/entries/15/entries/18
W18. Kitchen and Dining Room,W18. 廚房和餐廳,heading-label,project-proposed,data/13/entries/15/entries/19
W19. Sleeping Quarters,W19. 寢室,heading-label,project-proposed,data/13/entries/15/entries/20
W2. Loading Dock,W2.裝貨平臺,heading-label,project-proposed,data/13/entries/15/entries/3
W20. Printing Press,W20. 印刷間,heading-label,project-proposed,data/13/entries/15/entries/21
W3. Barrel Maker's Workshop,W3.酒桶製造間,heading-label,project-proposed,data/13/entries/15/entries/4
W4. Barrel Storage,W4.酒桶貯藏室,heading-label,project-proposed,data/13/entries/15/entries/5
W5. Veranda,W5. 露臺,heading-label,project-proposed,data/13/entries/15/entries/6
W6. Well,W6. 井,heading-label,project-proposed,data/13/entries/15/entries/7
W7. Outhouse,W7. 戶外廁所,heading-label,project-proposed,data/13/entries/15/entries/8
W8. Storage,W8.儲藏室,heading-label,project-proposed,data/13/entries/15/entries/9
W9. Fermentation Vats,W9. 發酵大桶,heading-label,project-proposed,data/13/entries/15/entries/10
Wachter Brothers,瓦赫特兄弟,heading-label,project-proposed,data/6/entries/6/entries/2/entries/10/entries/7
Walls of Ravenloft,鴉閣城堡城牆,heading-label,project-proposed,data/5/entries/5
Webs,蛛網,heading-label,project-proposed,data/3/entries/14/entries/3/entries/6/entries/4
Welcome to Barovia,歡迎來到巴洛維亞,heading-label,project-proposed,data/2/entries/3/entries/10/entries/8
Wereraven,鴉人,heading-label,existing-site,data/3/entries/13/entries/0/entries/26;data/21/entries/5/entries/5
Werewolves,狼人,heading-label,project-proposed,data/3/entries/13/entries/0/entries/27
Werewolves in the Mist,霧中的狼人,heading-label,project-proposed,data/2/entries/3/entries/10
West Sarcophagus,西側石棺,heading-label,project-proposed,data/14/entries/8/entries/45/entries/1/entries/6;data/14/entries/8/entries/45/entries/4/entries/4;data/14/entries/8/entries/45/entries/5/entries/5;data/14/entries/8/entries/45/entries/6/entries/3;data/14/entries/8/entries/54/entries/4/entries/1
When Strahd Attacks,當施特拉德攻擊時,heading-label,project-proposed,data/2/entries/1/entries/4
Wights,屍妖,heading-label,project-proposed,data/5/entries/4/entries/3/entries/18
Will-o'-Wisp,鬼火,heading-label,existing-site,data/3/entries/13/entries/0/entries/28
Wine Casks,酒桶,heading-label,project-proposed,data/5/entries/10/entries/6/entries/3
Wine Delivery,送酒上門,heading-label,project-proposed,data/13/entries/16/entries/1
Wintersplinter Attacks,冬刺來襲,heading-label,project-proposed,data/13/entries/16/entries/2
Witness to Tragedy,悲劇的見證人,heading-label,existing-site,data/21/entries/3/entries/5/entries/1/entries/0
Wolf Form,狼形態,heading-label,project-proposed,data/3/entries/13/entries/0/entries/27/entries/6
Wolf Hunters,獵狼人,heading-label,project-proposed,data/6/entries/6/entries/2/entries/10/entries/6
Wolves,狼,heading-label,project-proposed,data/3/entries/13/entries/0/entries/29
Wooden Statue,木製雕像,heading-label,project-proposed,data/15/entries/3/entries/4/entries/2
X. The Amber Temple,X.琥珀神殿,heading-label,project-proposed,data/3/entries/14/entries/25
X1. Temple Facade,X1. 神殿正面,heading-label,project-proposed,data/14/entries/8/entries/3
X10. Northeast Annex,X10.東北附室,heading-label,project-proposed,data/14/entries/8/entries/19
X11. Northeast Balcony,X11.東北陽臺,heading-label,project-proposed,data/14/entries/8/entries/20
X12. East Shrine,X12.東部聖壇,heading-label,project-proposed,data/14/entries/8/entries/21
X13. East Archer Post,X13.東部弓兵駐點,heading-label,project-proposed,data/14/entries/8/entries/22
X14. North Staircase,X14.北部樓梯間,heading-label,project-proposed,data/14/entries/8/entries/23
X14a. Collapsed Lower Hall,X14a. 坍塌的下層大廳,heading-label,project-proposed,data/14/entries/8/entries/24
X15. Southwest Annex,X15.西南附室,heading-label,project-proposed,data/14/entries/8/entries/25
X16. West Scroll Repository,X16.西側藏卷室,heading-label,project-proposed,data/14/entries/8/entries/26
X17. Upper West Hall,X17.上層西走廊,heading-label,project-proposed,data/14/entries/8/entries/27
X18. Hallway,X18.過道,heading-label,project-proposed,data/14/entries/8/entries/28
X19. Potion Storage,X19.藥水庫,heading-label,project-proposed,data/14/entries/8/entries/29
X1a. Narrow Fissure,X1a. 狹窄的裂隙,heading-label,project-proposed,data/14/entries/8/entries/4
X2. Entrance,X2. 入口,heading-label,project-proposed,data/14/entries/8/entries/5
X20. Architect's Room,X20.建築師室,heading-label,project-proposed,data/14/entries/8/entries/30
X21. West Staircase,X21.西側樓梯間,heading-label,project-proposed,data/14/entries/8/entries/31
X22. Northwest Annex,X22.西北附室,heading-label,project-proposed,data/14/entries/8/entries/32
X23. Northwest Balcony,X23.西北陽臺,heading-label,project-proposed,data/14/entries/8/entries/33
X24. West Shrine,X24.西側聖壇,heading-label,project-proposed,data/14/entries/8/entries/34
X25. West Archer Post,X25.西部弓兵駐點,heading-label,project-proposed,data/14/entries/8/entries/35
X26. Secret Alcove,X26.隱秘腔室,heading-label,project-proposed,data/14/entries/8/entries/36
X27. Lich's Lair,X27. 巫妖的巢穴,heading-label,project-proposed,data/14/entries/8/entries/37
X28. Hidden Phylactery,X28.隱藏的命匣,heading-label,project-proposed,data/14/entries/8/entries/38
X29. Secret Room,X29. 密室,heading-label,project-proposed,data/14/entries/8/entries/39
X2a. Guard Room,X2a. 警衛室,heading-label,project-proposed,data/14/entries/8/entries/6
X2b. Guard Room,X2b. 警衛室,heading-label,project-proposed,data/14/entries/8/entries/7
X3. Empty Barracks,X3. 空營房,heading-label,project-proposed,data/14/entries/8/entries/8
X30. Preserved Library,X30.藏書館,heading-label,project-proposed,data/14/entries/8/entries/40
X31. Central Catacombs,X31.中央陵寢,heading-label,project-proposed,data/14/entries/8/entries/41
X31a. West Catacombs,X31a.西部陵寢,heading-label,project-proposed,data/14/entries/8/entries/42
X31b. East Catacombs,X31b.東部陵寢,heading-label,project-proposed,data/14/entries/8/entries/43
X32. Lower East Hall,X32.下層東走廊,heading-label,project-proposed,data/14/entries/8/entries/44
X33. Amber Vaults,X33. 琥珀墓室,heading-label,project-proposed,data/14/entries/8/entries/45
X33a. Vault of Shalx,X33a. 夏爾克斯之墓室,heading-label,project-proposed,data/14/entries/8/entries/45/entries/1
X33b. Vault of Maverus,X33b. 馬維魯斯之墓室,heading-label,project-proposed,data/14/entries/8/entries/45/entries/2
X33c. Ghastly Vault,X33c. 恐怖的墓室,heading-label,project-proposed,data/14/entries/8/entries/45/entries/3
X33d. Breached Vault,X33d. 缺口的墓室,heading-label,project-proposed,data/14/entries/8/entries/45/entries/4
X33e. Vault of Harkotha,X33e. 哈爾克撒之墓室,heading-label,project-proposed,data/14/entries/8/entries/45/entries/5
X33f. Vault of Thangob,X33f. 珊格布之墓室,heading-label,project-proposed,data/14/entries/8/entries/45/entries/6
X34. Wizard's Bedchamber,X34. 法師的寢室,heading-label,project-proposed,data/14/entries/8/entries/46
X35. Sleeping Guardian,X35.沉睡的守衛,heading-label,project-proposed,data/14/entries/8/entries/47
X36. Lower West Hall,X36. 下層西走廊,heading-label,project-proposed,data/14/entries/8/entries/48
X37. Wizard's Bedchamber,X37. 法師的寢室,heading-label,project-proposed,data/14/entries/8/entries/49
X38. Haunted Room,X38. 鬧鬼的房間,heading-label,project-proposed,data/14/entries/8/entries/50
X39. Plundered Treasury,X39. 被洗劫的寶庫,heading-label,project-proposed,data/14/entries/8/entries/51
X4. Overlook,X4. 陽臺,heading-label,project-proposed,data/14/entries/8/entries/9
X40. Sealed Treasury,X40.封存的寶庫,heading-label,project-proposed,data/14/entries/8/entries/52
X41. Fissure,X41. 裂縫,heading-label,project-proposed,data/14/entries/8/entries/53
X42. Amber Vault,X42. 琥珀地窖,heading-label,project-proposed,data/14/entries/8/entries/54
X5. Temple of Lost Secrets,X5. 失落秘密之聖殿,heading-label,project-proposed,data/14/entries/8/entries/10
X5a. God of Secrets,X5a. 秘密之神,heading-label,project-proposed,data/14/entries/8/entries/11
X5b. Secret Door,X5b. 暗門,heading-label,project-proposed,data/14/entries/8/entries/12
X5c. Locked Doors,X5c. 上鎖的門,heading-label,project-proposed,data/14/entries/8/entries/13
X5d. Amber Reflections,X5d. 琥珀倒影,heading-label,project-proposed,data/14/entries/8/entries/14
X6. Southeast Annex,X6. 東南附室,heading-label,project-proposed,data/14/entries/8/entries/15
X7. Secret Scroll Repository,X7. 藏卷密室,heading-label,project-proposed,data/14/entries/8/entries/16
X8. Upper East Hall,X8.上層東走廊,heading-label,project-proposed,data/14/entries/8/entries/17
X9. Lecture Hall,X9.階梯講堂,heading-label,project-proposed,data/14/entries/8/entries/18
Y. Yester Hill,Y.往日山丘,heading-label,project-proposed,data/3/entries/14/entries/26
Y1. Trail,Y1. 小徑,heading-label,project-proposed,data/15/entries/3/entries/2
Y2. Berserker Cairns,Y2. 狂戰士的石冢,heading-label,project-proposed,data/15/entries/3/entries/3
Y3. Druids' Circle,Y3. 德魯伊結社,heading-label,project-proposed,data/15/entries/3/entries/4
Y4. Gulthias Tree,Y4. 甘提亞斯樹,heading-label,project-proposed,data/15/entries/3/entries/5
Y5. Wall of Fog,Y5. 霧牆,heading-label,project-proposed,data/15/entries/3/entries/6
Z. Werewolf Den,Z.狼人巢穴,heading-label,project-proposed,data/3/entries/14/entries/27
Z1. Cave Mouth,Z1. 洞口,heading-label,project-proposed,data/16/entries/10/entries/3
Z2. Guard Post,Z2. 值班守衛,heading-label,project-proposed,data/16/entries/10/entries/4
Z3. Wolf Den,Z3. 狼窩,heading-label,project-proposed,data/16/entries/10/entries/5
Z4. Underground Spring,Z4. 地下泉水,heading-label,project-proposed,data/16/entries/10/entries/6
Z5. Deep Caves,Z5. 洞穴深處,heading-label,project-proposed,data/16/entries/10/entries/7
Z5a. South Cave,Z5a. 南洞穴,heading-label,project-proposed,data/16/entries/10/entries/7/entries/2
Z5b. North Cave,Z5b. 北洞穴,heading-label,project-proposed,data/16/entries/10/entries/7/entries/3
Z6. Kiril's Cave,Z6. 基里爾的洞穴,heading-label,project-proposed,data/16/entries/10/entries/8
Z7. Shrine of Mother Night,Z7. 夜母的神龕,heading-label,project-proposed,data/16/entries/10/entries/9
Z8. Ring of Stone,Z8. 環形石陣,heading-label,project-proposed,data/16/entries/10/entries/10
Zhentarim,散塔林會,heading-label,project-proposed,data/2/entries/3/entries/10/entries/7
Zombies,喪屍們,heading-label,existing-site,data/3/entries/13/entries/0/entries/30
Zygfrek Belview,吉格芙裡克·貝爾維,heading-label,existing-site,data/9/entries/5/entries/13/entries/6/entries/3
