book,context,english,zh_tw,status
WDH,/data/0/name,Foreword,前言,project-proposed
WDH,/data/0/entries/5/name,Pronunciation Guide,發音指南,project-proposed
WDH,/data/1/name,Introduction,簡介,project-proposed
WDH,/data/1/entries/2/name,Story Overview,故事梗概,project-proposed
WDH,/data/1/entries/2/entries/2/name,Cache of Dragons,龍金劫,project-proposed
WDH,/data/1/entries/2/entries/3/name,Using the Poster Map,使用海報地圖,project-proposed
WDH,/data/1/entries/2/entries/4/name,War in the Streets,街頭戰爭,project-proposed
WDH,/data/1/entries/2/entries/5/name,Volo's Quest,瓦羅的任務,project-proposed
WDH,/data/1/entries/2/entries/6/name,Ahghairon's Dragonward,阿蓋爾倫的龍之結界,project-proposed
WDH,/data/1/entries/2/entries/7/name,Fireball!,火球術！,project-proposed
WDH,/data/1/entries/3/name,Choose Your Villain,選擇你的反派,project-proposed
WDH,/data/1/entries/3/entries/4/name,Xanathar,姍娜薩,existing-site
WDH,/data/1/entries/3/entries/5/name,The Cassalanters,卡薩蘭特家族,project-proposed
WDH,/data/1/entries/3/entries/6/name,Jarlaxle Baenre,賈拉索·班瑞,existing-site
WDH,/data/1/entries/3/entries/7/name,Manshoon,曼松,existing-site
WDH,/data/1/entries/4/name,Seasons,季節,project-proposed
WDH,/data/1/entries/4/entries/1/name,Spring,春,existing-site
WDH,/data/1/entries/4/entries/2/name,Summer,夏,existing-site
WDH,/data/1/entries/4/entries/3/name,Autumn,秋,existing-site
WDH,/data/1/entries/4/entries/4/name,Winter,冬,existing-site
WDH,/data/1/entries/4/entries/5/name,Faerûnian Calendar,費倫歷,project-proposed
WDH,/data/1/entries/4/entries/5/entries/1/name,Months,月曆,project-proposed
WDH,/data/1/entries/4/entries/5/entries/2/name,Annual Holidays,年度節日,project-proposed
WDH,/data/1/entries/6/name,Running the Adventure,運作冒險,project-proposed
WDH,/data/1/entries/6/entries/4/name,Abbreviations,縮寫,project-proposed
WDH,/data/1/entries/6/entries/5/name,Make Waterdeep Your Own,使深水城成為您自己的,project-proposed
WDH,/data/1/entries/7/name,Adventure Structure,冒險故事結構,project-proposed
WDH,/data/1/entries/7/entries/7/entries/0/name,Adventure Flowchart,冒險流程圖,project-proposed
WDH,/data/1/entries/7/entries/7/entries/1/name,Adventure Background,冒險背景,project-proposed
WDH,/data/1/entries/7/entries/7/entries/2/name,Villain Lairs,反派巢穴,project-proposed
WDH,/data/1/entries/7/entries/8/name,Volo's Waterdeep Enchiridion,瓦羅的深水城手冊,project-proposed
WDH,/data/1/entries/8/name,Life in Waterdeep,深水城的生活,project-proposed
WDH,/data/1/entries/8/entries/2/name,Breaking the Law,違反法律,project-proposed
WDH,/data/1/entries/8/entries/3/name,Arresting Characters,逮捕角色,project-proposed
WDH,/data/1/entries/8/entries/3/entries/3/name,Naming NPCs,命名NPC,project-proposed
WDH,/data/1/entries/9/name,Character Creation,建立角色,project-proposed
WDH,/data/1/entries/9/entries/2/name,Bringing the Party Together,隊伍匯合,project-proposed
WDH,/data/1/entries/9/entries/3/name,Buying Equipment at 1st Level,在1級時購買裝備,project-proposed
WDH,/data/1/entries/9/entries/4/name,Character Backgrounds,角色背景,project-proposed
WDH,/data/1/entries/9/entries/4/entries/1/name,Waterdavian Noble Families,深水城貴族家族,project-proposed
WDH,/data/1/entries/9/entries/4/entries/1/entries/1/name,House Amcathra,安卡斯拉家族,project-proposed
WDH,/data/1/entries/9/entries/4/entries/1/entries/2/name,House Margaster,瑪加斯特家族,project-proposed
WDH,/data/1/entries/9/entries/4/entries/1/entries/3/name,House Phylund,菲倫德家族,project-proposed
WDH,/data/1/entries/9/entries/4/entries/1/entries/4/name,House Rosznar,羅茲納爾家族,project-proposed
WDH,/data/1/entries/9/entries/5/name,Guild Membership,公會成員身份,project-proposed
WDH,/data/1/entries/9/entries/5/entries/4/name,Guilds of Waterdeep,深水城的公會,project-proposed
WDH,/data/1/entries/9/entries/6/name,Faction Membership,派系成員身份,project-proposed
WDH,/data/1/entries/9/entries/6/entries/1/name,Tracking Renown,追蹤聲望,project-proposed
WDH,/data/1/entries/9/entries/6/entries/1/entries/1/name,Bregan D'aerthe Ranks,布雷甘·達耶派系等級,project-proposed
WDH,/data/1/entries/9/entries/6/entries/1/entries/2/name,Force Grey Ranks,灰色力量（灰色力量）等級,project-proposed
WDH,/data/1/entries/9/entries/6/entries/1/entries/3/name,Xanathar Guild Ranks,姍娜薩公會等級,project-proposed
WDH,/data/1/entries/10/name,Character Advancement,角色升級,existing-site
WDH,/data/1/entries/11/name,Factions in Waterdeep,深水城的派系,project-proposed
WDH,/data/1/entries/11/entries/5/name,Bregan D'aerthe,布雷甘·達耶,project-proposed
WDH,/data/1/entries/11/entries/6/name,Emerald Enclave,翠綠閒庭,project-proposed
WDH,/data/1/entries/11/entries/7/name,Force Grey,灰色力量,project-proposed
WDH,/data/1/entries/11/entries/8/name,Harpers,豎琴手聯盟,project-proposed
WDH,/data/1/entries/11/entries/9/name,Lords' Alliance,領主聯盟,project-proposed
WDH,/data/1/entries/11/entries/10/name,Order of the Gauntlet,鐵手套教團,project-proposed
WDH,/data/1/entries/11/entries/11/name,Xanathar Guild,姍娜薩公會,project-proposed
WDH,/data/1/entries/11/entries/12/name,Zhentarim,散塔林會,project-proposed
WDH,/data/1/entries/12/name,The Yawning Portal,呵欠之門,project-proposed
WDH,/data/1/entries/12/entries/5/name,Familiar Faces,熟悉的面孔,project-proposed
WDH,/data/1/entries/12/entries/5/entries/2/name,Durnan,杜爾南,existing-site
WDH,/data/1/entries/12/entries/5/entries/3/name,"""Bonnie""","""邦妮""",project-proposed
WDH,/data/1/entries/12/entries/5/entries/4/name,"Mattrim ""Threestrings"" Mereg","馬特里姆""三絃"" 梅雷格",existing-site
WDH,/data/1/entries/12/entries/5/entries/5/name,Jalester Silvermane,加萊斯特·銀鬃,existing-site
WDH,/data/1/entries/12/entries/5/entries/6/name,Meloon Wardragon,麥倫·戰龍,existing-site
WDH,/data/1/entries/12/entries/5/entries/7/name,Obaya Uday,歐芭雅·烏黛,existing-site
WDH,/data/1/entries/12/entries/5/entries/8/name,Yagra Stonefist,雅格拉·石拳,existing-site
WDH,/data/2/name,Chapter 1: A Friend in Need,第1章：需要幫助的朋友,project-proposed
WDH,/data/2/entries/3/name,Where to Start,從哪裡開始,project-proposed
WDH,/data/2/entries/3/entries/1/name,Tavern Brawl,酒館鬥毆,project-proposed
WDH,/data/2/entries/3/entries/1/entries/3/name,Getting Involved,參與其中,project-proposed
WDH,/data/2/entries/3/entries/1/entries/4/name,Hanging Back,保持距離,project-proposed
WDH,/data/2/entries/3/entries/2/name,Troll and Friends,巨魔和朋友們,project-proposed
WDH,/data/2/entries/3/entries/3/name,Meeting Volo,遇見瓦羅,project-proposed
WDH,/data/2/entries/3/entries/3/entries/5/name,What Happened That Night?,那晚發生了什麼？,project-proposed
WDH,/data/2/entries/3/entries/4/name,Finding Floon,尋找福盧恩,project-proposed
WDH,/data/2/entries/3/entries/4/entries/2/name,Blood in the Streets,街頭的血跡,project-proposed
WDH,/data/2/entries/3/entries/4/entries/3/name,Searching the Dock Ward,搜尋碼頭區,project-proposed
WDH,/data/2/entries/3/entries/4/entries/4/name,Old Xoblob Shop,老索布洛布商店,project-proposed
WDH,/data/2/entries/3/entries/4/entries/4/entries/4/name,Trinkets,飾品,project-proposed
WDH,/data/2/entries/3/entries/4/entries/4/entries/5/name,Floon's Fate,福盧恩的命運,project-proposed
WDH,/data/2/entries/3/entries/4/entries/5/name,The Skewered Dragon,穿刺之龍,project-proposed
WDH,/data/2/entries/3/entries/4/entries/5/entries/3/name,Floon's Fate,福盧恩的命運,project-proposed
WDH,/data/2/entries/3/entries/4/entries/6/name,Candle Lane,蠟燭巷,project-proposed
WDH,/data/2/entries/4/name,Zhentarim Hideout,散塔林會藏身之地,project-proposed
WDH,/data/2/entries/4/entries/5/name,Z1. Main Room,Z1. 主房間,project-proposed
WDH,/data/2/entries/4/entries/5/entries/8/name,What the Kenku Know,天狗所知道的,project-proposed
WDH,/data/2/entries/4/entries/6/name,Z2. Storage Closet,Z2. 儲藏室,project-proposed
WDH,/data/2/entries/4/entries/6/entries/1/name,Roleplaying Renaer,扮演瑞納爾,project-proposed
WDH,/data/2/entries/4/entries/7/name,Z3. Secret Room,Z3. 密室,project-proposed
WDH,/data/2/entries/4/entries/7/entries/1/name,Treasure,寶藏,existing-site
WDH,/data/2/entries/4/entries/8/name,Z4. Balcony,Z4. 陽臺,project-proposed
WDH,/data/2/entries/4/entries/9/name,Z5. Offices,Z5. 辦公室,project-proposed
WDH,/data/2/entries/4/entries/9/entries/2/name,Treasure,寶藏,existing-site
WDH,/data/2/entries/5/name,The Watch Arrives,守衛到來,project-proposed
WDH,/data/2/entries/6/name,Tracking Floon,追蹤福盧恩,project-proposed
WDH,/data/2/entries/6/entries/1/name,Navigating the Sewers,導航下水道,project-proposed
WDH,/data/2/entries/6/entries/1/entries/3/name,Gazer Guard,凝視者眼魔守衛,project-proposed
WDH,/data/2/entries/6/entries/1/entries/3/entries/3/name,Ladder,梯子,existing-site
WDH,/data/2/entries/7/name,Xanathar Guild Hideout,姍娜薩公會藏身地,project-proposed
WDH,/data/2/entries/8/name,Q1. Central Hub,Q1. 中央樞紐,project-proposed
WDH,/data/2/entries/8/entries/3/name,Secret Door,暗門,project-proposed
WDH,/data/2/entries/9/name,Q2. Watch Posts,Q2. 觀察哨,project-proposed
WDH,/data/2/entries/9/entries/1/name,Treasure,寶藏,existing-site
WDH,/data/2/entries/10/name,Q3. Messy Room,Q3. 凌亂的房間,project-proposed
WDH,/data/2/entries/11/name,Q4. Empty Sleeping Area,Q4. 空置的睡眠區,project-proposed
WDH,/data/2/entries/12/name,Q5. Sleeping Area,Q5. 睡眠區,project-proposed
WDH,/data/2/entries/13/name,Q6. Lavatory,Q6. 廁所,project-proposed
WDH,/data/2/entries/14/name,Q7. Boss Fight,Q7. 老大戰鬥,project-proposed
WDH,/data/2/entries/14/entries/5/name,Roleplaying Floon,扮演福盧恩,project-proposed
WDH,/data/2/entries/14/entries/6/name,Treasure,寶藏,existing-site
WDH,/data/2/entries/15/name,Q8. Getaway Passage,Q8. 逃跑通道,project-proposed
WDH,/data/2/entries/16/name,Q9. Private Cellar,Q9. 私人酒窖,project-proposed
WDH,/data/2/entries/16/entries/2/name,Development,發展,project-proposed
WDH,/data/2/entries/17/name,Q10. Sleeping Quarters,Q10. 睡眠區,project-proposed
WDH,/data/2/entries/18/name,Q11. Back Door,Q11. 後門,project-proposed
WDH,/data/2/entries/18/entries/3/name,Not-So-Secret Door,不是那麼秘密的門,project-proposed
WDH,/data/2/entries/19/name,Q12. Hostel Cellar,Q12. 旅店地窖,project-proposed
WDH,/data/2/entries/19/entries/3/name,Development,發展,project-proposed
WDH,/data/2/entries/20/name,Completing Volo's Quest,完成瓦羅的請求,project-proposed
WDH,/data/2/entries/20/entries/1/name,Rewards,獎勵,existing-site
WDH,/data/2/entries/20/entries/1/entries/1/name,A Good Deed,一件好事,project-proposed
WDH,/data/2/entries/20/entries/1/entries/2/name,Fine Friends,好朋友,project-proposed
WDH,/data/2/entries/21/name,Level Advancement,等級提升,project-proposed
WDH,/data/3/name,Chapter 2: Trollskull Alley,第2章：巨魔顱骨巷,project-proposed
WDH,/data/3/entries/3/name,Areas in the Alley,巷內區域,project-proposed
WDH,/data/3/entries/3/entries/1/name,T1. Trollskull Manor,T1. 巨魔顱骨莊園,project-proposed
WDH,/data/3/entries/3/entries/1/entries/2/name,Tavern Rooms,客棧房間,project-proposed
WDH,/data/3/entries/3/entries/1/entries/3/name,Spirit on Tap,酒館鬧鬼,project-proposed
WDH,/data/3/entries/3/entries/1/entries/3/entries/2/name,Appeasing Lif,安撫利夫,project-proposed
WDH,/data/3/entries/3/entries/1/entries/3/entries/3/name,Destroying Lif,摧毀利夫,project-proposed
WDH,/data/3/entries/3/entries/2/name,T2. The Bent Nail,T2. 彎釘,project-proposed
WDH,/data/3/entries/3/entries/2/entries/2/items/2/name,Services,服務,project-proposed
WDH,/data/3/entries/3/entries/3/name,T3. Steam and Steel,T3. 蒸汽與鋼鐵,project-proposed
WDH,/data/3/entries/3/entries/3/entries/5/name,Services,服務,project-proposed
WDH,/data/3/entries/3/entries/4/name,T4. Corellon's Crown,T4. 科瑞隆之冠,project-proposed
WDH,/data/3/entries/3/entries/4/entries/4/name,Services,服務,project-proposed
WDH,/data/3/entries/3/entries/5/name,T5. Tiger's Eye,T5. 虎眼石,project-proposed
WDH,/data/3/entries/3/entries/5/entries/2/name,Services,服務,project-proposed
WDH,/data/3/entries/3/entries/6/name,T6. Book Wyrm's Treasure,T6. 書蟲的寶藏,project-proposed
WDH,/data/3/entries/3/entries/6/entries/3/name,Services,服務,project-proposed
WDH,/data/3/entries/3/entries/7/name,T7. Sewer Access,T7. 汙水管道入口,project-proposed
WDH,/data/3/entries/4/name,Joining Factions,加入派系,project-proposed
WDH,/data/3/entries/4/entries/4/name,Bregan D'aerthe,布雷甘·達耶,project-proposed
WDH,/data/3/entries/4/entries/4/entries/2/name,Jarlaxle Baenre,賈拉索·班瑞,existing-site
WDH,/data/3/entries/4/entries/5/name,Emerald Enclave,翠綠閒庭,project-proposed
WDH,/data/3/entries/4/entries/5/entries/3/name,Melannor Fellbranch,梅蘭諾·費爾布蘭奇,existing-site
WDH,/data/3/entries/4/entries/5/entries/4/name,Jeryth Phaulkon,傑瑞斯·波康,project-proposed
WDH,/data/3/entries/4/entries/6/name,Force Grey (Gray Hands),灰色力量 (灰手),project-proposed
WDH,/data/3/entries/4/entries/6/entries/3/name,Vajra Safahr,瓦婕拉·莎法爾,existing-site
WDH,/data/3/entries/4/entries/7/name,Harpers,豎琴手聯盟,project-proposed
WDH,/data/3/entries/4/entries/7/entries/3/name,Mirt,米爾特,existing-site
WDH,/data/3/entries/4/entries/8/name,Lords' Alliance,領主聯盟,project-proposed
WDH,/data/3/entries/4/entries/8/entries/1/name,Jalester Silvermane,加萊斯特·銀鬃,existing-site
WDH,/data/3/entries/4/entries/9/name,Order of the Gauntlet,鐵手套教團,project-proposed
WDH,/data/3/entries/4/entries/9/entries/1/name,Savra Belabranta,薩芙拉·貝拉布蘭塔,project-proposed
WDH,/data/3/entries/4/entries/10/name,Zhentarim,散塔林會,project-proposed
WDH,/data/3/entries/4/entries/10/entries/3/name,Davil Starsong,達維爾·星歌,existing-site
WDH,/data/3/entries/4/entries/10/entries/4/name,Tashlyn Yafeera,塔什琳·雅菲拉,existing-site
WDH,/data/3/entries/5/name,Open for Business?,營業中？,project-proposed
WDH,/data/3/entries/5/entries/2/name,Sample Guild Representatives,樣本行會代表,project-proposed
WDH,/data/3/entries/5/entries/2/entries/1/name,Broxley Fairkettle,布羅克斯利·費爾凱特,project-proposed
WDH,/data/3/entries/5/entries/2/entries/2/name,Hammond Kraddoc,哈蒙德·克拉多克,project-proposed
WDH,/data/3/entries/5/entries/2/entries/3/name,Justyn Rassk,賈斯汀·拉斯克,project-proposed
WDH,/data/3/entries/5/entries/2/entries/4/name,Ulkoria Stonemarrow,烏爾科裡亞·斯通馬羅,project-proposed
WDH,/data/3/entries/5/entries/2/entries/4/entries/4/name,Tavern Keeping Expenses,酒館經營費用,project-proposed
WDH,/data/3/entries/5/entries/2/entries/4/entries/4/entries/1/name,One-Time Expenses,一次性費用,project-proposed
WDH,/data/3/entries/5/entries/2/entries/4/entries/4/entries/2/name,Regular Expenses,定期費用,project-proposed
WDH,/data/3/entries/5/entries/2/entries/4/entries/4/entries/3/name,Profit or Loss,盈餘或虧損,project-proposed
WDH,/data/3/entries/5/entries/3/name,Business Rival: Emmek Frewn,商業競爭對手：埃梅克·弗倫,project-proposed
WDH,/data/3/entries/5/entries/3/entries/3/name,Goals,目標,existing-site
WDH,/data/3/entries/5/entries/3/entries/4/name,Assets,資產,existing-site
WDH,/data/3/entries/5/entries/3/entries/5/name,Plans,計劃,existing-site
WDH,/data/3/entries/6/name,Level Advancement,等級提升,project-proposed
WDH,/data/4/name,Chapter 3: Fireball,第3章：火球,project-proposed
WDH,/data/4/entries/5/name,What's Happening Here?,這裡發生了什麼？,project-proposed
WDH,/data/4/entries/5/entries/2/name,Zhents Caught in the Act,現場被捕的散塔林會成員,project-proposed
WDH,/data/4/entries/5/entries/3/name,House Gralhund,格勞洪德家族,project-proposed
WDH,/data/4/entries/5/entries/4/name,Unraveling the Plot,解開陰謀,project-proposed
WDH,/data/4/entries/6/name,The Crime Scene,犯罪現場,project-proposed
WDH,/data/4/entries/7/name,After the Blast,爆炸之後,project-proposed
WDH,/data/4/entries/7/entries/1/name,The Watch Arrives,守衛到來,project-proposed
WDH,/data/4/entries/7/entries/2/name,Eyewitnesses,目擊者,project-proposed
WDH,/data/4/entries/7/entries/2/entries/1/name,Fala Lefaliir,法拉·勒法利爾,existing-site
WDH,/data/4/entries/7/entries/2/entries/2/name,Jezrynne Hornraven,傑茲琳·霍恩瑞文,project-proposed
WDH,/data/4/entries/7/entries/2/entries/3/name,Martem Trec,馬爾特姆·特雷克,project-proposed
WDH,/data/4/entries/7/entries/3/name,Speaking with the Victims,與受害者交談,project-proposed
WDH,/data/4/entries/8/name,Nim's Secret,尼姆的秘密,project-proposed
WDH,/data/4/entries/8/entries/1/name,House of Inspired Hands,巧手之屋,project-proposed
WDH,/data/4/entries/8/entries/2/name,Inside the Temple,神廟內部,project-proposed
WDH,/data/4/entries/8/entries/2/entries/1/name,Hall of Exemplary Inventions,傑出發明大廳,project-proposed
WDH,/data/4/entries/8/entries/2/entries/2/name,Meeting Valetta,遇見瓦萊塔,project-proposed
WDH,/data/4/entries/8/entries/2/entries/3/name,Meeting Nim,遇見尼姆,project-proposed
WDH,/data/4/entries/8/entries/2/entries/3/entries/2/name,Nimblewright Detector,秘偶探測器,existing-site
WDH,/data/4/entries/8/entries/2/entries/4/name,Reward,獎勵,project-proposed
WDH,/data/4/entries/8/entries/2/entries/4/entries/1/name,Adjustable Stilts,可調節高蹺,existing-site
WDH,/data/4/entries/8/entries/2/entries/4/entries/2/name,Backpack Parachute,降落傘包,existing-site
WDH,/data/4/entries/8/entries/2/entries/4/entries/3/name,Barking Box,吠叫箱,existing-site
WDH,/data/4/entries/8/entries/2/entries/4/entries/4/name,Matchless Pipe,無雙菸斗,existing-site
WDH,/data/4/entries/8/entries/3/name,Finding Nim's Creation,尋找尼姆的創造物,project-proposed
WDH,/data/4/entries/8/entries/3/entries/3/name,Dock Ward Distraction,碼頭區幹擾,project-proposed
WDH,/data/4/entries/8/entries/3/entries/3/entries/2/name,Dining with Zardoz Zord,與扎多茲·佐德共進晚餐,project-proposed
WDH,/data/4/entries/8/entries/3/entries/4/name,Drow Characters,卓爾角色,project-proposed
WDH,/data/4/entries/9/name,What Renaer Knows,瑞納爾知道的事,project-proposed
WDH,/data/4/entries/10/name,Gralhund Villa,格勞洪德別墅,project-proposed
WDH,/data/4/entries/10/entries/5/name,Should They or Shouldn't They?,他們應該嗎？還是不應該？,project-proposed
WDH,/data/4/entries/10/entries/5/entries/1/name,Let the Watch Handle It,讓守衛來處理,project-proposed
WDH,/data/4/entries/10/entries/5/entries/2/name,Investigate the Villa,調查別墅,project-proposed
WDH,/data/4/entries/10/entries/6/name,Overview,概述,project-proposed
WDH,/data/4/entries/10/entries/7/name,Encounters in the Villa,別墅中的遭遇,project-proposed
WDH,/data/4/entries/10/entries/7/entries/2/name,G1. Locked Gates,G1. 鎖住的大門,project-proposed
WDH,/data/4/entries/10/entries/7/entries/3/name,G2. Yard,G2. 院子,project-proposed
WDH,/data/4/entries/10/entries/7/entries/3/entries/1/name,Balcony,陽臺,project-proposed
WDH,/data/4/entries/10/entries/7/entries/3/entries/2/name,Evil Groundskeeper,邪惡的園丁,project-proposed
WDH,/data/4/entries/10/entries/7/entries/4/name,G3. Coach House,G3. 馬車房,project-proposed
WDH,/data/4/entries/10/entries/7/entries/4/entries/2/name,Treasure,寶藏,existing-site
WDH,/data/4/entries/10/entries/7/entries/5/name,G4. Guard Barracks,G4. 警衛營房,project-proposed
WDH,/data/4/entries/10/entries/7/entries/6/name,G5. Kitchen,G5. 廚房,project-proposed
WDH,/data/4/entries/10/entries/7/entries/7/name,G6. Pantry,G6. 食品儲藏室,project-proposed
WDH,/data/4/entries/10/entries/7/entries/7/entries/1/name,Barred Door,橫閂門,project-proposed
WDH,/data/4/entries/10/entries/7/entries/7/entries/2/name,Corpses,屍體,existing-site
WDH,/data/4/entries/10/entries/7/entries/8/name,G7. Laundry Room,G7. 洗衣房,project-proposed
WDH,/data/4/entries/10/entries/7/entries/8/entries/1/name,Corpses,屍體,existing-site
WDH,/data/4/entries/10/entries/7/entries/9/name,G8. Great Hall,G8. 大廳,project-proposed
WDH,/data/4/entries/10/entries/7/entries/9/entries/2/name,Corpses,屍體,existing-site
WDH,/data/4/entries/10/entries/7/entries/9/entries/3/name,Thugs,暴徒,project-proposed
WDH,/data/4/entries/10/entries/7/entries/10/name,G9. Parlor,G9. 客廳,project-proposed
WDH,/data/4/entries/10/entries/7/entries/10/entries/1/name,Corpses,屍體,existing-site
WDH,/data/4/entries/10/entries/7/entries/11/name,G10. Den and Trophy Room,G10. 休息室和戰利品室,project-proposed
WDH,/data/4/entries/10/entries/7/entries/12/name,G11. Orond's Study,G11. 奧隆德的書房,project-proposed
WDH,/data/4/entries/10/entries/7/entries/12/entries/2/name,Books,書籍,project-proposed
WDH,/data/4/entries/10/entries/7/entries/13/name,G12. Family Library,G12. 家庭圖書館,project-proposed
WDH,/data/4/entries/10/entries/7/entries/13/entries/2/name,Books,書籍,project-proposed
WDH,/data/4/entries/10/entries/7/entries/13/entries/3/name,Locked Tome,上鎖的寶典,project-proposed
WDH,/data/4/entries/10/entries/7/entries/14/name,G13. Upstairs Foyer,G13. 二樓門廳,project-proposed
WDH,/data/4/entries/10/entries/7/entries/14/entries/2/name,Corpses,屍體,existing-site
WDH,/data/4/entries/10/entries/7/entries/14/entries/3/name,Fight in Progress,正在進行的戰鬥,project-proposed
WDH,/data/4/entries/10/entries/7/entries/15/name,G14. Ballroom,G14. 舞廳,project-proposed
WDH,/data/4/entries/10/entries/7/entries/16/name,G15. Guest Suite,G15. 客房套房,project-proposed
WDH,/data/4/entries/10/entries/7/entries/16/entries/4/name,Orond Gralhund,奧隆德·格勞洪德,existing-site
WDH,/data/4/entries/10/entries/7/entries/17/name,G16. Master Bedroom,G16. 主臥室,project-proposed
WDH,/data/4/entries/10/entries/7/entries/17/entries/2/name,Yalah Gralhund,雅拉·格勞洪德,existing-site
WDH,/data/4/entries/10/entries/7/entries/17/entries/3/name,Wooden Trunk,木製行李箱,project-proposed
WDH,/data/4/entries/10/entries/7/entries/18/name,G17. Balcony,G17. 陽臺,project-proposed
WDH,/data/4/entries/10/entries/7/entries/19/name,G18. Children's Room,G18. 兒童房,project-proposed
WDH,/data/4/entries/10/entries/7/entries/19/entries/2/name,Children,子嗣,existing-site
WDH,/data/4/entries/10/entries/7/entries/20/name,G19. Servants' Wing,G19. 僕人區,project-proposed
WDH,/data/4/entries/11/name,Aftermath,後續,project-proposed
WDH,/data/4/entries/12/name,Loose Ends,未了事宜,project-proposed
WDH,/data/4/entries/12/entries/1/name,Bad Time to Be a Zhent,成為散提爾堡成員的糟糕時刻,project-proposed
WDH,/data/4/entries/12/entries/1/entries/1/name,Encounter with Istrid Horn,與伊思崔德·霍恩的遭遇,project-proposed
WDH,/data/4/entries/12/entries/1/entries/1/entries/6/name,Hiding Istrid,隱藏的伊思崔德,project-proposed
WDH,/data/4/entries/12/entries/1/entries/1/entries/7/name,Harming Istrid,傷害伊思崔德,project-proposed
WDH,/data/4/entries/13/name,Level Advancement,等級提升,project-proposed
WDH,/data/5/name,Chapter 4: Dragon Season,第4章：龍之季節,project-proposed
WDH,/data/5/entries/2/name,Setting the Stage,設定舞臺,project-proposed
WDH,/data/5/entries/2/entries/2/name,Finding the Nimblewright,尋找秘偶,project-proposed
WDH,/data/5/entries/2/entries/2/entries/1/name,Caught at Last!,終於被抓住了！,project-proposed
WDH,/data/5/entries/2/entries/2/entries/2/name,Lady Gralhund's Map,格勞洪德女士的地圖,project-proposed
WDH,/data/5/entries/2/entries/2/entries/3/name,Obtaining the Stone of Golorr,獲取格洛爾之石,project-proposed
WDH,/data/5/entries/3/name,Encounter Chains,遭遇鏈,project-proposed
WDH,/data/5/entries/3/entries/4/name,If a Villain Gets the Stone,如果反派得到了石頭,project-proposed
WDH,/data/5/entries/3/entries/5/entries/0/name,Spring: Xanathar,春季：姍娜薩,project-proposed
WDH,/data/5/entries/3/entries/5/entries/1/name,Summer: The Cassalanters,夏季：卡薩蘭特家族,project-proposed
WDH,/data/5/entries/3/entries/5/entries/2/name,Autumn: Jarlaxle Baenre,秋季：賈拉索·班瑞,project-proposed
WDH,/data/5/entries/3/entries/5/entries/3/name,Winter: Manshoon,冬季：曼松,project-proposed
WDH,/data/5/entries/3/entries/6/name,Spring Encounter Chain,春季遭遇鏈,project-proposed
WDH,/data/5/entries/3/entries/6/entries/1/name,Summary,概述,project-proposed
WDH,/data/5/entries/3/entries/6/entries/2/name,Weather Effects,天氣影響,project-proposed
WDH,/data/5/entries/3/entries/6/entries/2/entries/1/name,Heavy Rain,大雨,project-proposed
WDH,/data/5/entries/3/entries/6/entries/2/entries/2/name,Thick Fog,濃霧,project-proposed
WDH,/data/5/entries/3/entries/7/name,Summer Encounter Chain,夏季遭遇鏈,project-proposed
WDH,/data/5/entries/3/entries/7/entries/1/name,Summary,概述,project-proposed
WDH,/data/5/entries/3/entries/7/entries/2/name,Weather Effects,天氣影響,project-proposed
WDH,/data/5/entries/3/entries/7/entries/2/entries/1/name,Heat Wave,熱浪,existing-site
WDH,/data/5/entries/3/entries/8/name,Autumn Encounter Chain,秋季遭遇鏈,project-proposed
WDH,/data/5/entries/3/entries/8/entries/1/name,Summary,概述,project-proposed
WDH,/data/5/entries/3/entries/8/entries/2/name,Weather Effects,天氣影響,project-proposed
WDH,/data/5/entries/3/entries/8/entries/2/entries/1/name,Autumn Wind,秋風,project-proposed
WDH,/data/5/entries/3/entries/9/name,Winter Encounter Chain,冬季遭遇鏈,project-proposed
WDH,/data/5/entries/3/entries/9/entries/1/name,Summary,概述,project-proposed
WDH,/data/5/entries/3/entries/9/entries/2/name,Weather Effects,天氣影響,project-proposed
WDH,/data/5/entries/3/entries/9/entries/2/entries/1/name,Blizzard,暴風雪,project-proposed
WDH,/data/5/entries/3/entries/9/entries/2/entries/2/name,Extreme Cold,極度寒冷,project-proposed
WDH,/data/5/entries/3/entries/10/name,Modifying Encounters,修改遭遇,project-proposed
WDH,/data/5/entries/4/name,Encounter 1: Alley,遭遇1：小巷,project-proposed
WDH,/data/5/entries/4/entries/2/name,Areas of the Alley,小巷區域,project-proposed
WDH,/data/5/entries/4/entries/2/entries/1/name,L1. Alley Residence,L1. 小巷住宅,project-proposed
WDH,/data/5/entries/4/entries/2/entries/2/name,L2. Store,L2. 商店,project-proposed
WDH,/data/5/entries/4/entries/3/name,Alley: Spring,小巷：春天,project-proposed
WDH,/data/5/entries/4/entries/3/entries/1/name,Bear Traps,熊陷阱,project-proposed
WDH,/data/5/entries/4/entries/3/entries/2/name,Ambushers,伏擊者,existing-site
WDH,/data/5/entries/4/entries/3/entries/3/name,Next Encounter,下一場遭遇,project-proposed
WDH,/data/5/entries/4/entries/4/name,Alley: Summer,小巷：夏日,project-proposed
WDH,/data/5/entries/4/entries/4/entries/1/name,Hire-Coach,出租馬車,project-proposed
WDH,/data/5/entries/4/entries/4/entries/2/name,Next Encounter,下一場遭遇,project-proposed
WDH,/data/5/entries/4/entries/5/name,Alley: Autumn,小巷：秋天,project-proposed
WDH,/data/5/entries/4/entries/5/entries/1/name,Apple Cart,蘋果車,project-proposed
WDH,/data/5/entries/4/entries/5/entries/2/name,Fenerus's House,費內魯斯的房子,project-proposed
WDH,/data/5/entries/4/entries/5/entries/3/name,Fenerus's Story,費內魯斯的故事,project-proposed
WDH,/data/5/entries/4/entries/5/entries/3/entries/4/name,The Three Urchins,三個小淘氣,project-proposed
WDH,/data/5/entries/4/entries/5/entries/4/name,Jarlaxle in Disguise,偽裝的賈拉索,project-proposed
WDH,/data/5/entries/4/entries/5/entries/5/name,Next Encounter,下一場遭遇,project-proposed
WDH,/data/5/entries/4/entries/6/name,Alley: Winter,小巷：冬季,project-proposed
WDH,/data/5/entries/4/entries/6/entries/2/name,Bugbears Attack,熊地精攻擊,project-proposed
WDH,/data/5/entries/4/entries/6/entries/3/name,Cuttle's Meat Pies,卡特爾肉餅店,project-proposed
WDH,/data/5/entries/4/entries/6/entries/4/name,Zhentarim Safe House,散塔林會安全屋,project-proposed
WDH,/data/5/entries/4/entries/6/entries/5/name,Next Encounter,下一場遭遇,project-proposed
WDH,/data/5/entries/5/name,Encounter 2: Mistshore,遭遇2: 霧岸,project-proposed
WDH,/data/5/entries/5/entries/1/name,Areas of Mistshore,霧岸區域,project-proposed
WDH,/data/5/entries/5/entries/1/entries/3/name,D1. Kraken's Folly,D1. 克拉肯的愚行,project-proposed
WDH,/data/5/entries/5/entries/1/entries/4/name,D2. Grinda's Residence,D2. 格林達的住所,project-proposed
WDH,/data/5/entries/5/entries/1/entries/4/entries/1/name,Chest,箱子,existing-site
WDH,/data/5/entries/5/entries/1/entries/5/name,D3. Grinda's Apparatus,D3. 格林達的裝置,project-proposed
WDH,/data/5/entries/5/entries/1/entries/5/entries/2/name,Borrowing the Apparatus,借用裝置,project-proposed
WDH,/data/5/entries/5/entries/2/name,Mistshore: Spring,霧岸：春季,project-proposed
WDH,/data/5/entries/5/entries/2/entries/4/name,Where's the Stone?,石頭在哪裡？,project-proposed
WDH,/data/5/entries/5/entries/2/entries/5/name,Spy in the Sky,空中的間諜,project-proposed
WDH,/data/5/entries/5/entries/2/entries/6/name,Next Encounter,下一場遭遇,project-proposed
WDH,/data/5/entries/5/entries/3/name,Mistshore: Autumn,霧岸：秋季,project-proposed
WDH,/data/5/entries/5/entries/3/entries/1/name,Big Belchy,大噴氣,project-proposed
WDH,/data/5/entries/5/entries/3/entries/2/name,Next Encounter,下一場遭遇,project-proposed
WDH,/data/5/entries/5/entries/4/name,Mistshore: Winter,霧岸：冬季,project-proposed
WDH,/data/5/entries/5/entries/4/entries/2/name,A Waiting Coach,等待中的馬車,project-proposed
WDH,/data/5/entries/5/entries/4/entries/3/name,A Cold Reception,冷漠的接待,project-proposed
WDH,/data/5/entries/5/entries/4/entries/4/name,Ice Escapades,冰上冒險,project-proposed
WDH,/data/5/entries/5/entries/4/entries/5/name,Mother and Son,母親與兒子,project-proposed
WDH,/data/5/entries/5/entries/4/entries/6/name,Zhents in the Wind,風中的散塔林會成員,project-proposed
WDH,/data/5/entries/5/entries/4/entries/7/name,Next Encounter,下一場遭遇,project-proposed
WDH,/data/5/entries/6/name,Encounter 3: Street Chase,遭遇3：街頭追逐,project-proposed
WDH,/data/5/entries/6/entries/1/name,Street Chase: Spring,街頭追逐：春季,project-proposed
WDH,/data/5/entries/6/entries/1/entries/2/name,Next Encounter,下一場遭遇,project-proposed
WDH,/data/5/entries/6/entries/2/name,Street Chase: Summer,街頭追逐：夏季,project-proposed
WDH,/data/5/entries/6/entries/2/entries/2/name,Crowded Street,擁擠的街道,project-proposed
WDH,/data/5/entries/6/entries/2/entries/3/name,Street Urchins,街頭小淘氣,project-proposed
WDH,/data/5/entries/6/entries/2/entries/4/name,Next Encounter,下一場遭遇,project-proposed
WDH,/data/5/entries/6/entries/3/name,Street Chase: Winter,街頭追逐：冬季,project-proposed
WDH,/data/5/entries/6/entries/3/entries/1/name,Where's the Stone?,石頭在哪裡？,project-proposed
WDH,/data/5/entries/6/entries/3/entries/2/name,Next Encounter,下一場遭遇,project-proposed
WDH,/data/5/entries/7/name,Encounter 4: Mausoleum,遭遇4：陵墓,project-proposed
WDH,/data/5/entries/7/entries/3/name,Areas of the Mausoleum,陵墓區域,project-proposed
WDH,/data/5/entries/7/entries/3/entries/3/name,M1. Ground Level,M1. 地面層,project-proposed
WDH,/data/5/entries/7/entries/3/entries/4/name,M2. Underground Crypts,M2. 地下墓穴,project-proposed
WDH,/data/5/entries/7/entries/4/name,Mausoleum: Spring,陵墓：春季,project-proposed
WDH,/data/5/entries/7/entries/4/entries/2/name,Crypt Clue,墓穴線索,project-proposed
WDH,/data/5/entries/7/entries/4/entries/3/name,Xanathar Guild Ambush,姍娜薩公會伏擊,project-proposed
WDH,/data/5/entries/7/entries/4/entries/4/name,Next Encounter,下一場遭遇,project-proposed
WDH,/data/5/entries/7/entries/5/name,Mausoleum: Summer,陵墓：夏季,project-proposed
WDH,/data/5/entries/7/entries/5/entries/2/name,Left for Dead,被留下等死,project-proposed
WDH,/data/5/entries/7/entries/5/entries/3/name,Next Encounter,下一場遭遇,project-proposed
WDH,/data/5/entries/7/entries/6/name,Villain Lairs,反派巢穴,project-proposed
WDH,/data/5/entries/7/entries/7/name,Mausoleum: Winter,陵墓：冬季,project-proposed
WDH,/data/5/entries/7/entries/7/entries/2/name,Guardian Treant,守護者樹精,project-proposed
WDH,/data/5/entries/7/entries/7/entries/3/name,Glyph of Warding,守衛刻文,existing-site
WDH,/data/5/entries/7/entries/7/entries/4/name,Uld's Resting Place,烏爾德的安息之地,project-proposed
WDH,/data/5/entries/7/entries/7/entries/4/entries/1/name,Treasure,寶藏,existing-site
WDH,/data/5/entries/7/entries/7/entries/5/name,Path to the Vault,通往金庫的路,project-proposed
WDH,/data/5/entries/8/name,Encounter 5: Rooftop Chase,遭遇5: 屋頂追逐,project-proposed
WDH,/data/5/entries/8/entries/3/name,Rooftop Chase: Summer,屋頂追逐：夏季,project-proposed
WDH,/data/5/entries/8/entries/3/entries/2/name,Next Encounter,下一場遭遇,project-proposed
WDH,/data/5/entries/8/entries/4/name,Rooftop Chase: Autumn,屋頂追逐：秋季,project-proposed
WDH,/data/5/entries/8/entries/4/entries/2/name,Next Encounter,下一場遭遇,project-proposed
WDH,/data/5/entries/8/entries/5/name,Rooftop Chase: Winter,屋頂追逐：冬季,project-proposed
WDH,/data/5/entries/8/entries/5/entries/2/name,Next Encounter,下一場遭遇,project-proposed
WDH,/data/5/entries/9/name,Encounter 6: Theater,遭遇6：劇院,project-proposed
WDH,/data/5/entries/9/entries/2/name,Areas of the Theater,劇院區域,project-proposed
WDH,/data/5/entries/9/entries/2/entries/2/name,P1. Lobby,P1. 門廳,project-proposed
WDH,/data/5/entries/9/entries/2/entries/3/name,P2. Ticket Booths,P2. 售票亭,project-proposed
WDH,/data/5/entries/9/entries/2/entries/4/name,P3. Ticket Offices,P3. 售票處,project-proposed
WDH,/data/5/entries/9/entries/2/entries/4/entries/1/name,Treasure,寶藏,existing-site
WDH,/data/5/entries/9/entries/2/entries/5/name,P4. Auditorium,P4. 觀眾廳,project-proposed
WDH,/data/5/entries/9/entries/2/entries/6/name,P5. Wing,P5. 翼樓,project-proposed
WDH,/data/5/entries/9/entries/2/entries/7/name,P6. Stage Manager's Office,P6. 舞臺經理辦公室,project-proposed
WDH,/data/5/entries/9/entries/2/entries/8/name,P7. Green Room,P7. 綠色房間,project-proposed
WDH,/data/5/entries/9/entries/2/entries/9/name,P8. Dressing Rooms,P8. 化妝室,project-proposed
WDH,/data/5/entries/9/entries/3/name,Theater: Spring,劇院：春季,project-proposed
WDH,/data/5/entries/9/entries/3/entries/2/name,Theater Owner,劇院老闆,project-proposed
WDH,/data/5/entries/9/entries/3/entries/3/name,Path to the Vault,通往金庫的路,project-proposed
WDH,/data/5/entries/9/entries/3/entries/4/name,Wishes the Faerie Dragon,妖精龍的願望,project-proposed
WDH,/data/5/entries/9/entries/4/name,Theater: Autumn,劇院：秋季,project-proposed
WDH,/data/5/entries/9/entries/4/entries/1/name,Sapphiria's Booty,薩菲莉亞的戰利品,project-proposed
WDH,/data/5/entries/9/entries/4/entries/2/name,Speaking with Rongquan,與榮泉對話,project-proposed
WDH,/data/5/entries/9/entries/4/entries/3/name,Next Encounter,下一場遭遇,project-proposed
WDH,/data/5/entries/9/entries/5/name,Theater: Winter,劇院：冬季,project-proposed
WDH,/data/5/entries/9/entries/5/entries/1/name,Brizzenbright's Ghost,布里曾布萊特的鬼魂,project-proposed
WDH,/data/5/entries/9/entries/5/entries/2/name,Snakes in the House,房中的蛇,project-proposed
WDH,/data/5/entries/9/entries/5/entries/3/name,Enter the Heroes,進入英雄,project-proposed
WDH,/data/5/entries/9/entries/5/entries/4/name,Next Encounter,下一場遭遇,project-proposed
WDH,/data/5/entries/10/name,Encounter 7: Old Tower,遭遇7: 舊塔,project-proposed
WDH,/data/5/entries/10/entries/2/name,Areas of the Old Tower,舊塔區域,project-proposed
WDH,/data/5/entries/10/entries/2/entries/2/name,O1. Vestibule,O1. 前廳,project-proposed
WDH,/data/5/entries/10/entries/2/entries/3/name,O2. Ground Level,O2. 地面層,project-proposed
WDH,/data/5/entries/10/entries/2/entries/4/name,O3. Upper Level,O3. 上層,project-proposed
WDH,/data/5/entries/10/entries/2/entries/4/entries/2/name,Arrow Slits,箭垛,project-proposed
WDH,/data/5/entries/10/entries/2/entries/4/entries/3/name,Treasure,寶藏,existing-site
WDH,/data/5/entries/10/entries/2/entries/5/name,Old Tower Treasure,舊塔寶藏,project-proposed
WDH,/data/5/entries/10/entries/2/entries/6/name,O4. Cellar,O4. 地窖,project-proposed
WDH,/data/5/entries/10/entries/2/entries/6/entries/2/name,Locked Door,鎖住的門,project-proposed
WDH,/data/5/entries/10/entries/2/entries/7/name,O5. Teleportation Circle,O5. 傳送法陣,project-proposed
WDH,/data/5/entries/10/entries/3/name,Old Tower: Spring,舊塔：春季,project-proposed
WDH,/data/5/entries/10/entries/3/entries/1/name,Street Urchins,街頭小淘氣,project-proposed
WDH,/data/5/entries/10/entries/3/entries/2/name,Confronting the Kenku,面對天狗,project-proposed
WDH,/data/5/entries/10/entries/3/entries/3/name,Gazer Attack,凝視者眼魔攻擊,project-proposed
WDH,/data/5/entries/10/entries/3/entries/4/name,Next Encounter,下一場遭遇,project-proposed
WDH,/data/5/entries/10/entries/4/name,Old Tower: Summer,舊塔：夏季,project-proposed
WDH,/data/5/entries/10/entries/4/entries/1/name,House Rosznar Guards,羅茲納爾家族守衛,project-proposed
WDH,/data/5/entries/10/entries/4/entries/2/name,Bought and Paid For,購買並已支付,project-proposed
WDH,/data/5/entries/10/entries/4/entries/3/name,Path to the Vault,通往金庫的路,project-proposed
WDH,/data/5/entries/10/entries/5/name,Old Tower: Autumn,舊塔：秋季,project-proposed
WDH,/data/5/entries/10/entries/5/entries/1/name,Antimagic Field,反魔法場,existing-site
WDH,/data/5/entries/10/entries/5/entries/2/name,Tower Swords,塔樓之劍,project-proposed
WDH,/data/5/entries/10/entries/5/entries/3/name,Where's the Stone?,石頭在哪裡？,project-proposed
WDH,/data/5/entries/10/entries/5/entries/4/name,Next Encounter,下一場遭遇,project-proposed
WDH,/data/5/entries/10/entries/6/name,Old Tower: Winter,舊塔：冬季,project-proposed
WDH,/data/5/entries/10/entries/6/entries/1/name,House of Tyranny,暴政之屋,project-proposed
WDH,/data/5/entries/10/entries/6/entries/2/name,Outer Scaffolding,外部腳手架,project-proposed
WDH,/data/5/entries/10/entries/6/entries/3/name,Simulacrum,擬像術,existing-site
WDH,/data/5/entries/10/entries/6/entries/4/name,Next Encounter,下一場遭遇,project-proposed
WDH,/data/5/entries/11/name,Encounter 8: Courthouse,遭遇8: 法院,project-proposed
WDH,/data/5/entries/11/entries/2/name,Areas of the Courthouse,法院區域,project-proposed
WDH,/data/5/entries/11/entries/2/entries/2/name,H1. Upstairs Waiting Room,H1. 樓上等候室,project-proposed
WDH,/data/5/entries/11/entries/2/entries/2/entries/2/name,Clerk,職員,project-proposed
WDH,/data/5/entries/11/entries/2/entries/3/name,H2. Records Rooms,H2. 記錄室,project-proposed
WDH,/data/5/entries/11/entries/2/entries/4/name,H3. Clerks' Office,H3. 職員辦公室,project-proposed
WDH,/data/5/entries/11/entries/2/entries/5/name,H4. Magister's Office,H4. 地方法官辦公室,project-proposed
WDH,/data/5/entries/11/entries/2/entries/6/name,H5. Courtroom,H5. 法庭,project-proposed
WDH,/data/5/entries/11/entries/2/entries/7/name,H6. Downstairs Waiting Room,H6. 樓下等候室,project-proposed
WDH,/data/5/entries/11/entries/2/entries/8/name,H7. Showers,H7. 淋浴室,project-proposed
WDH,/data/5/entries/11/entries/2/entries/9/name,H8. Cell Block,H8. 牢房區,project-proposed
WDH,/data/5/entries/11/entries/2/entries/9/entries/1/name,Locked Cells,上鎖的牢房,project-proposed
WDH,/data/5/entries/11/entries/2/entries/10/name,H9. Watch Wagon,H9. 守衛馬車,project-proposed
WDH,/data/5/entries/11/entries/2/entries/10/entries/2/name,Armored Carriage,裝甲馬車,project-proposed
WDH,/data/5/entries/11/entries/2/entries/10/entries/3/name,Barred Outer Doors,帶柵欄的外門,project-proposed
WDH,/data/5/entries/11/entries/3/name,Courthouse: Summer,法院：夏季,project-proposed
WDH,/data/5/entries/11/entries/3/entries/1/name,Under Arrest,被逮捕,project-proposed
WDH,/data/5/entries/11/entries/3/entries/2/name,Dock Ward Courthouse,碼頭區法院,project-proposed
WDH,/data/5/entries/11/entries/3/entries/3/name,False Captain,假船長,project-proposed
WDH,/data/5/entries/11/entries/3/entries/4/name,Meeting with the Magister,與地方法官會面,project-proposed
WDH,/data/5/entries/11/entries/3/entries/5/name,Next Encounter,下一場遭遇,project-proposed
WDH,/data/5/entries/11/entries/4/name,Courthouse: Autumn,法院：秋季,project-proposed
WDH,/data/5/entries/11/entries/4/entries/2/items/4/name,Meeting with the Magister,與地方法官會面,project-proposed
WDH,/data/5/entries/11/entries/4/entries/2/items/5/name,Talking to Fenerus,與費內魯斯交談,project-proposed
WDH,/data/5/entries/11/entries/4/entries/2/items/6/name,Where's the Stone?,石頭在哪裡？,project-proposed
WDH,/data/5/entries/11/entries/4/entries/2/items/7/name,Next Encounter,下一場遭遇,project-proposed
WDH,/data/5/entries/12/name,Encounter 9: Cellar Complex,遭遇9：地窖群,project-proposed
WDH,/data/5/entries/12/entries/2/name,Areas of the Cellar Complex,地窖複合體的區域,project-proposed
WDH,/data/5/entries/12/entries/2/entries/2/name,B1. Sewer Access,B1. 汙水管道入口,project-proposed
WDH,/data/5/entries/12/entries/2/entries/3/name,B2. Sewers,B2. 汙水管道,project-proposed
WDH,/data/5/entries/12/entries/2/entries/4/name,B3. Secret Doors,B3. 秘密門,project-proposed
WDH,/data/5/entries/12/entries/2/entries/5/name,B4. Rusty Iron Door,B4. 生鏽的鐵門,project-proposed
WDH,/data/5/entries/12/entries/2/entries/6/name,B5. Arrow Slits,B5. 箭縫,project-proposed
WDH,/data/5/entries/12/entries/2/entries/7/name,B6. Storage Room,B6. 儲藏室,project-proposed
WDH,/data/5/entries/12/entries/2/entries/8/name,B7. Rubble-Filled Cellar,B7. 填滿碎石的地窖,project-proposed
WDH,/data/5/entries/12/entries/2/entries/8/entries/1/name,Secret Door,暗門,project-proposed
WDH,/data/5/entries/12/entries/2/entries/9/name,B8. Sunken Cellar,B8. 下沉地窖,project-proposed
WDH,/data/5/entries/12/entries/2/entries/9/entries/2/name,Iron Door,鐵門,project-proposed
WDH,/data/5/entries/12/entries/2/entries/9/entries/3/name,Stairs Up,向上的樓梯,project-proposed
WDH,/data/5/entries/12/entries/2/entries/10/name,B9. Rat-Infested Cellar,B9. 老鼠氾濫的地窖,project-proposed
WDH,/data/5/entries/12/entries/2/entries/10/entries/1/name,B9a,b9a,project-proposed
WDH,/data/5/entries/12/entries/2/entries/10/entries/2/name,B9b,B9b,project-proposed
WDH,/data/5/entries/12/entries/2/entries/11/name,B10. Old Tavern Cellar,B10. 舊酒館地窖,project-proposed
WDH,/data/5/entries/12/entries/2/entries/11/entries/2/name,Secret Door,暗門,project-proposed
WDH,/data/5/entries/12/entries/2/entries/12/name,B11. Back Cellars,B11. 後地窖,project-proposed
WDH,/data/5/entries/12/entries/2/entries/12/entries/1/name,B11a,B11a,project-proposed
WDH,/data/5/entries/12/entries/2/entries/12/entries/2/name,B11b,B11b,project-proposed
WDH,/data/5/entries/12/entries/3/name,Cellar Complex: Spring,地窖綜合體：春季,project-proposed
WDH,/data/5/entries/12/entries/3/entries/2/name,Dungeon Entrance,地牢入口,project-proposed
WDH,/data/5/entries/12/entries/3/entries/3/name,Misty Sewers,霧氣濛濛的下水道,project-proposed
WDH,/data/5/entries/12/entries/3/entries/4/name,Necromancer,死靈師,existing-site
WDH,/data/5/entries/12/entries/3/entries/5/name,Where's the Stone?,石頭在哪裡？,project-proposed
WDH,/data/5/entries/12/entries/3/entries/6/name,Next Encounter,下一場遭遇,project-proposed
WDH,/data/5/entries/12/entries/4/name,Cellar Complex: Summer,地窖綜合體：夏季,project-proposed
WDH,/data/5/entries/12/entries/4/entries/1/name,Sickening Smell,令人作嘔的氣味,project-proposed
WDH,/data/5/entries/12/entries/4/entries/2/name,Search for the Urchins,搜尋小乞丐,project-proposed
WDH,/data/5/entries/12/entries/4/entries/3/name,"Chair Today, Gone Tomorrow",椅子今天在，明天就不見了,project-proposed
WDH,/data/5/entries/12/entries/4/entries/4/name,Next Encounter,下一場遭遇,project-proposed
WDH,/data/5/entries/12/entries/5/name,Cellar Complex: Autumn,地窖複合體：秋季,project-proposed
WDH,/data/5/entries/12/entries/5/entries/2/name,Mechanical Beholder,機械眼魔,existing-site
WDH,/data/5/entries/12/entries/5/entries/3/name,Stone of Deception,欺騙之石,project-proposed
WDH,/data/5/entries/12/entries/5/entries/4/name,Treasure Chest,寶箱,project-proposed
WDH,/data/5/entries/12/entries/5/entries/5/name,Next Encounter,下一場遭遇,project-proposed
WDH,/data/5/entries/13/name,Encounter 10: Converted Windmill,遭遇10: 改造的風車,project-proposed
WDH,/data/5/entries/13/entries/2/name,Areas of the Converted Windmill,改造風車區域,project-proposed
WDH,/data/5/entries/13/entries/2/entries/2/name,W1. Stone Staircase,W1. 石質樓梯,project-proposed
WDH,/data/5/entries/13/entries/2/entries/3/name,W2. Squatters,W2. 擅自佔地者,project-proposed
WDH,/data/5/entries/13/entries/2/entries/4/name,W3. Privy,W3. 廁所,project-proposed
WDH,/data/5/entries/13/entries/2/entries/5/name,W4. Weak Ceiling/Floor,W4. 脆弱的天花板/地板,project-proposed
WDH,/data/5/entries/13/entries/2/entries/6/name,W5. Ancient Millstone,W5. 古老的磨石,project-proposed
WDH,/data/5/entries/13/entries/2/entries/7/name,W6. Pigeon Roosts,W6. 鴿子棲息地,project-proposed
WDH,/data/5/entries/13/entries/2/entries/8/name,W7. Secure Apartment,W7. 安全公寓,project-proposed
WDH,/data/5/entries/13/entries/2/entries/9/name,W8. Back Room,W8. 後室,project-proposed
WDH,/data/5/entries/13/entries/3/name,Converted Windmill: Spring,改造風車：春季,project-proposed
WDH,/data/5/entries/13/entries/3/entries/3/name,Next Encounter,下一場遭遇,project-proposed
WDH,/data/5/entries/13/entries/4/name,Converted Windmill: Summer,改造風車：夏季,project-proposed
WDH,/data/5/entries/13/entries/4/entries/1/name,Cult Fanatics,邪教狂信者,project-proposed
WDH,/data/5/entries/13/entries/4/entries/2/name,Devils' Arrival,魔鬼降臨,project-proposed
WDH,/data/5/entries/13/entries/4/entries/3/name,Next Encounter,下一場遭遇,project-proposed
WDH,/data/5/entries/13/entries/5/name,Converted Windmill: Autumn,改造風車：秋季,project-proposed
WDH,/data/5/entries/13/entries/5/entries/2/name,Let Me Paint You a Picture,讓我為你畫一幅畫,project-proposed
WDH,/data/5/entries/13/entries/5/entries/3/name,Visiting the Residence,訪問住宅,project-proposed
WDH,/data/5/entries/13/entries/5/entries/4/name,Kalain,卡萊恩,existing-site
WDH,/data/5/entries/13/entries/5/entries/4/entries/3/name,Art Imitates Life (3/Day),藝術模仿生活（每日3次）,existing-site
WDH,/data/5/entries/13/entries/5/entries/5/name,Path to the Vault,通往金庫的路,project-proposed
WDH,/data/5/entries/13/entries/6/name,Converted Windmill: Winter,改造風車：冬季,project-proposed
WDH,/data/5/entries/13/entries/6/entries/1/name,Butchery,屠宰場,project-proposed
WDH,/data/5/entries/13/entries/6/entries/2/name,Larder,食品儲藏室,project-proposed
WDH,/data/5/entries/13/entries/6/entries/3/name,Squatters,非法佔住者,project-proposed
WDH,/data/5/entries/13/entries/6/entries/4/name,Thrakkus the Butcher,屠夫薩卡斯,project-proposed
WDH,/data/5/entries/13/entries/6/entries/5/name,Where's the Stone?,石頭在哪裡？,project-proposed
WDH,/data/5/entries/13/entries/6/entries/6/name,Next Encounter,下一場遭遇,project-proposed
WDH,/data/5/entries/14/name,Vault Keys,金庫鑰匙,project-proposed
WDH,/data/5/entries/14/entries/6/name,Key Descriptions,鑰匙描述,project-proposed
WDH,/data/5/entries/14/entries/6/entries/1/name,Adamantine bar,精金條,existing-site
WDH,/data/5/entries/14/entries/6/entries/2/name,Animated Construct,活化構裝體,project-proposed
WDH,/data/5/entries/14/entries/6/entries/3/name,Beardless dwarf,沒有鬍鬚的矮人,project-proposed
WDH,/data/5/entries/14/entries/6/entries/4/name,Beholder eyestalk,眼魔眼梗,project-proposed
WDH,/data/5/entries/14/entries/6/entries/5/name,Bronze Dragon Scale,青銅龍鱗片,project-proposed
WDH,/data/5/entries/14/entries/6/entries/6/name,Cask of dwarven ale,矮人啤酒桶,project-proposed
WDH,/data/5/entries/14/entries/6/entries/7/name,Drunken elf,醉酒的精靈,project-proposed
WDH,/data/5/entries/14/entries/6/entries/8/name,"Gems worth 1,000 gp",價值1000 gp的寶石,project-proposed
WDH,/data/5/entries/14/entries/6/entries/9/name,Gift from a queen,女王的禮物,project-proposed
WDH,/data/5/entries/14/entries/6/entries/10/name,Invisible creature,隱形生物,project-proposed
WDH,/data/5/entries/14/entries/6/entries/11/name,Painting of a dwarf miner,一幅矮人礦工的畫,project-proposed
WDH,/data/5/entries/14/entries/6/entries/12/name,Pair of bugbear ears,一對熊地精的耳朵,project-proposed
WDH,/data/5/entries/14/entries/6/entries/13/name,"Performance of ""Your Beardy Face""",《你的鬍鬚臉龐》表演,project-proposed
WDH,/data/5/entries/14/entries/6/entries/14/name,Severed drow hand,切斷的黑暗精靈手,project-proposed
WDH,/data/5/entries/14/entries/6/entries/15/name,Shapechanger,變形者,existing-site
WDH,/data/5/entries/14/entries/6/entries/16/name,Silvered warhammer,鍍銀戰錘,project-proposed
WDH,/data/5/entries/14/entries/6/entries/17/name,Sunlight,陽光,existing-site
WDH,/data/5/entries/14/entries/6/entries/18/name,Unicorn,獨角獸,existing-site
WDH,/data/5/entries/15/name,Vault of Dragons,龍之寶庫,project-proposed
WDH,/data/5/entries/15/entries/1/name,Vault Features,寶庫特點,project-proposed
WDH,/data/5/entries/15/entries/2/name,Areas of the Vault,寶庫區域,project-proposed
WDH,/data/5/entries/15/entries/2/entries/2/name,V1. Vault Door,V1. 寶庫門,project-proposed
WDH,/data/5/entries/15/entries/2/entries/3/name,V2. Entrance Foyer,V2. 入口門廳,project-proposed
WDH,/data/5/entries/15/entries/2/entries/3/entries/1/name,Crumbling Bridges,破敗的橋樑,project-proposed
WDH,/data/5/entries/15/entries/2/entries/3/entries/2/name,Iron Doors,鐵門,project-proposed
WDH,/data/5/entries/15/entries/2/entries/4/name,V3. Stairs and Fresco,V3. 樓梯和壁畫,project-proposed
WDH,/data/5/entries/15/entries/2/entries/4/entries/2/name,Enthralling Fresco,迷人的壁畫,project-proposed
WDH,/data/5/entries/15/entries/2/entries/5/name,V4. Hall of Moradin,V4. 摩拉丁大廳,project-proposed
WDH,/data/5/entries/15/entries/2/entries/5/entries/2/name,Black Pudding,黑布丁,existing-site
WDH,/data/5/entries/15/entries/2/entries/5/entries/3/name,Secret Door,暗門,project-proposed
WDH,/data/5/entries/15/entries/2/entries/6/name,V5. Secret Room,V5. 秘密房間,project-proposed
WDH,/data/5/entries/15/entries/2/entries/6/entries/1/name,Treasure,寶藏,existing-site
WDH,/data/5/entries/15/entries/2/entries/7/name,V6. Hammer and Anvil,V6. 錘子與鐵砧,project-proposed
WDH,/data/5/entries/15/entries/2/entries/7/entries/2/name,Frescoes,壁畫,project-proposed
WDH,/data/5/entries/15/entries/2/entries/7/entries/3/name,Iron Anvil,鐵砧,project-proposed
WDH,/data/5/entries/15/entries/2/entries/8/name,V7. Dumathoin's Secret,V7. 杜馬索因的秘密,project-proposed
WDH,/data/5/entries/15/entries/2/entries/8/entries/3/name,Secret Stair,秘密樓梯,project-proposed
WDH,/data/5/entries/15/entries/2/entries/9/name,V8. Ol' Fire Eyes,V8. 老火眼,project-proposed
WDH,/data/5/entries/15/entries/2/entries/9/entries/2/name,Trap,陷阱,existing-site
WDH,/data/5/entries/15/entries/2/entries/10/name,V9. Main Vault,V9. 主金庫,project-proposed
WDH,/data/5/entries/15/entries/2/entries/10/entries/8/name,Treasure,寶藏,existing-site
WDH,/data/5/entries/15/entries/3/name,Leaving the Vault,離開金庫,project-proposed
WDH,/data/5/entries/15/entries/3/entries/4/name,Faction Reinforcements,派系增援,project-proposed
WDH,/data/5/entries/15/entries/3/entries/4/entries/1/name,Bregan D'aerthe,布雷甘·達耶,project-proposed
WDH,/data/5/entries/15/entries/3/entries/4/entries/2/name,Harpers,豎琴手聯盟,project-proposed
WDH,/data/5/entries/15/entries/3/entries/4/entries/3/name,Emerald Enclave,翠綠閒庭,project-proposed
WDH,/data/5/entries/15/entries/3/entries/4/entries/4/name,Force Grey,灰色力量,project-proposed
WDH,/data/5/entries/15/entries/3/entries/4/entries/5/name,Lords' Alliance,領主聯盟,project-proposed
WDH,/data/5/entries/15/entries/3/entries/4/entries/6/name,Order of the Gauntlet,鐵手套教團,project-proposed
WDH,/data/5/entries/15/entries/3/entries/4/entries/7/name,Zhentarim,散塔林會,project-proposed
WDH,/data/5/entries/16/name,Adventure Conclusion,冒險結局,project-proposed
WDH,/data/5/entries/16/entries/1/name,Dying in the Vault,在金庫中死去,project-proposed
WDH,/data/5/entries/16/entries/2/name,Removing the Gold,移除黃金,project-proposed
WDH,/data/5/entries/16/entries/3/name,Onward and Downward,向前並向下,project-proposed
WDH,/data/6/name,Chapter 5: Spring Madness,第5章：春日瘋狂,project-proposed
WDH,/data/6/entries/5/name,Facing Xanathar,面對姍娜薩,project-proposed
WDH,/data/6/entries/6/name,Foiling Xanathar's Operation,破壞姍娜薩的行動,project-proposed
WDH,/data/6/entries/6/entries/1/name,Enrage Xanathar,激怒姍娜薩,project-proposed
WDH,/data/6/entries/6/entries/1/entries/1/name,Abduct or Kill Sylgar,綁架或殺死斯爾嘉,project-proposed
WDH,/data/6/entries/6/entries/1/entries/2/name,Destroy the Dream Nullifier,摧毀夢境消除器,project-proposed
WDH,/data/6/entries/6/entries/1/entries/3/name,Take Its Food Away,拿走它的食物,project-proposed
WDH,/data/6/entries/6/entries/2/name,Disrupt Command,擾亂命令,project-proposed
WDH,/data/6/entries/6/entries/2/entries/1/name,Assassination,暗殺,project-proposed
WDH,/data/6/entries/6/entries/2/entries/2/name,Blind Xanathar,使姍娜薩失明,project-proposed
WDH,/data/6/entries/6/entries/2/entries/3/name,Sow Mistrust,播下不信任,project-proposed
WDH,/data/6/entries/6/entries/2/entries/3/entries/1/name,Important Underlings,重要下屬,project-proposed
WDH,/data/6/entries/6/entries/3/name,Destroy the Lair,摧毀巢穴,project-proposed
WDH,/data/6/entries/7/name,Xanathar's Lair,姍娜薩的巢穴,project-proposed
WDH,/data/6/entries/7/entries/3/name,Getting to the Lair,到達巢穴,project-proposed
WDH,/data/6/entries/7/entries/3/entries/1/name,Bregan D'aerthe,布雷甘·達耶,project-proposed
WDH,/data/6/entries/7/entries/3/entries/2/name,Harpers,豎琴手聯盟,project-proposed
WDH,/data/6/entries/7/entries/3/entries/3/name,Lords' Alliance,領主聯盟,project-proposed
WDH,/data/6/entries/7/entries/3/entries/4/name,Emerald Enclave,翠綠閒庭,project-proposed
WDH,/data/6/entries/7/entries/3/entries/5/name,Zhentarim,散塔林會,project-proposed
WDH,/data/6/entries/7/entries/4/name,Areas of the Lair,巢穴區域,project-proposed
WDH,/data/6/entries/7/entries/4/entries/2/name,X1. Staircase of Eyes,X1. 眼睛樓梯,project-proposed
WDH,/data/6/entries/7/entries/4/entries/3/name,X2. Watched Hall,X2. 被監視的大廳,project-proposed
WDH,/data/6/entries/7/entries/4/entries/3/entries/2/name,Blinking Eyes,閃爍的眼睛,project-proposed
WDH,/data/6/entries/7/entries/4/entries/3/entries/3/name,Scrying Sensor,偵測感應器,project-proposed
WDH,/data/6/entries/7/entries/4/entries/3/entries/4/name,Secret Door,暗門,project-proposed
WDH,/data/6/entries/7/entries/4/entries/4/name,X3. Beholder Zombie Guard,X3. 眼魔殭屍守衛,project-proposed
WDH,/data/6/entries/7/entries/4/entries/5/name,X4. Tunnel to Skullport,X4. 通往骷髏港的隧道,project-proposed
WDH,/data/6/entries/7/entries/4/entries/6/name,X5. Horror's Alcove,X5. 恐怖的壁龕,project-proposed
WDH,/data/6/entries/7/entries/4/entries/7/name,X6. Pit of Blood and Fortune,X6. 血與財富之坑,project-proposed
WDH,/data/6/entries/7/entries/4/entries/7/entries/5/name,Joining a Tournament,參加錦標賽,project-proposed
WDH,/data/6/entries/7/entries/4/entries/7/entries/6/name,Scrying Sensor,偵測感應器,project-proposed
WDH,/data/6/entries/7/entries/4/entries/7/entries/7/name,Secret Door,暗門,project-proposed
WDH,/data/6/entries/7/entries/4/entries/8/name,X7. Cell Block,X7. 牢房區,project-proposed
WDH,/data/6/entries/7/entries/4/entries/9/name,X8. Hall of Statues,X8. 雕像大廳,project-proposed
WDH,/data/6/entries/7/entries/4/entries/9/entries/2/name,Gnome Clown,侏儒小丑,project-proposed
WDH,/data/6/entries/7/entries/4/entries/9/entries/3/name,Lifelike Statues,栩栩如生的雕像,project-proposed
WDH,/data/6/entries/7/entries/4/entries/9/entries/4/name,Secret Door,暗門,project-proposed
WDH,/data/6/entries/7/entries/4/entries/10/name,X9. Guild Barracks,X9. 公會兵營,project-proposed
WDH,/data/6/entries/7/entries/4/entries/10/entries/2/name,Xanathar Guild Members,姍娜薩公會成員,project-proposed
WDH,/data/6/entries/7/entries/4/entries/11/name,X10. Noska's Quarters,X10. 諾思卡的住處,project-proposed
WDH,/data/6/entries/7/entries/4/entries/11/entries/3/name,Wooden Cage,木製籠子,project-proposed
WDH,/data/6/entries/7/entries/4/entries/11/entries/4/name,Treasure,寶藏,existing-site
WDH,/data/6/entries/7/entries/4/entries/12/name,X11. Ahmaergo's Collection,X11. 阿莫戈的收藏,project-proposed
WDH,/data/6/entries/7/entries/4/entries/12/entries/2/name,Stone Maze,石質迷宮,project-proposed
WDH,/data/6/entries/7/entries/4/entries/12/entries/3/name,Stuffed Minotaur,填充牛頭人,project-proposed
WDH,/data/6/entries/7/entries/4/entries/13/name,X12. Ahmaergo's Quarters,X12. 阿莫戈的住處,project-proposed
WDH,/data/6/entries/7/entries/4/entries/13/entries/4/name,Treasure,寶藏,existing-site
WDH,/data/6/entries/7/entries/4/entries/14/name,X13. Thorvin's Workshop,X13. 索文的工作室,project-proposed
WDH,/data/6/entries/7/entries/4/entries/14/entries/2/name,Albino Gazer,白化凝視者眼魔,project-proposed
WDH,/data/6/entries/7/entries/4/entries/14/entries/3/name,Thorvin Twinbeard,索文·雙須,existing-site
WDH,/data/6/entries/7/entries/4/entries/15/name,X14. Secret Hallway,X14. 秘密走廊,project-proposed
WDH,/data/6/entries/7/entries/4/entries/16/name,X15. Stairs to the Maze,X15. 迷宮樓梯,project-proposed
WDH,/data/6/entries/7/entries/4/entries/18/name,X16. Panopticus Guard Station,X16. 全視機警衛站,project-proposed
WDH,/data/6/entries/7/entries/4/entries/18/entries/2/name,Dwarves,矮人,existing-site
WDH,/data/6/entries/7/entries/4/entries/18/entries/3/name,Amplification Bell,放大鐘,project-proposed
WDH,/data/6/entries/7/entries/4/entries/18/entries/4/name,Scrying Circle,偵查圈,project-proposed
WDH,/data/6/entries/7/entries/4/entries/18/entries/5/name,Secret Door,暗門,project-proposed
WDH,/data/6/entries/7/entries/4/entries/19/name,X17. Promenade,X17. 長廊,project-proposed
WDH,/data/6/entries/7/entries/4/entries/19/entries/1/name,Majordomo,總管,project-proposed
WDH,/data/6/entries/7/entries/4/entries/19/entries/2/name,Secret Door,暗門,project-proposed
WDH,/data/6/entries/7/entries/4/entries/20/name,X18. Audience Chamber,X18. 聽眾大廳,project-proposed
WDH,/data/6/entries/7/entries/4/entries/20/entries/6/name,Secret Trapdoor,秘密陷阱門,project-proposed
WDH,/data/6/entries/7/entries/4/entries/21/name,X19. Xanathar's Sanctum,X19. 姍娜薩的聖所,project-proposed
WDH,/data/6/entries/7/entries/4/entries/21/entries/3/name,Dwarf Fishkeeper,矮人魚飼養員,project-proposed
WDH,/data/6/entries/7/entries/4/entries/21/entries/4/name,Fishbowls,魚缸,project-proposed
WDH,/data/6/entries/7/entries/4/entries/21/entries/5/name,Mirror,鏡子,existing-site
WDH,/data/6/entries/7/entries/4/entries/21/entries/6/name,Spores,孢子,project-proposed
WDH,/data/6/entries/7/entries/4/entries/21/entries/7/name,Treasure,寶藏,existing-site
WDH,/data/6/entries/7/entries/4/entries/22/name,X20. Dream Nullifier,X20. 夢境消除器,project-proposed
WDH,/data/6/entries/7/entries/4/entries/22/entries/2/name,Dream Nullifier,夢境中和器,project-proposed
WDH,/data/6/entries/7/entries/4/entries/23/name,X21. Beholder Escape Route,X21. 眼魔逃生路線,project-proposed
WDH,/data/6/entries/7/entries/4/entries/24/name,X22. Arrival Point,X22. 到達點,project-proposed
WDH,/data/6/entries/7/entries/4/entries/25/name,X23. Antechamber of Madness,X23. 瘋狂的前廳,project-proposed
WDH,/data/6/entries/7/entries/4/entries/25/entries/2/name,Kuo-toa,寇濤,existing-site
WDH,/data/6/entries/7/entries/4/entries/25/entries/3/name,Portcullis,鐵閘,project-proposed
WDH,/data/6/entries/7/entries/4/entries/25/entries/4/name,Scrying Sensor,偵測感應器,project-proposed
WDH,/data/6/entries/7/entries/4/entries/25/entries/5/name,Sticky Slime,粘軟泥,existing-site
WDH,/data/6/entries/7/entries/4/entries/26/name,X24. Extraction Chamber,X24. 提取室,project-proposed
WDH,/data/6/entries/7/entries/4/entries/26/entries/2/name,Drow Captive,黑暗精靈俘虜,project-proposed
WDH,/data/6/entries/7/entries/4/entries/26/entries/3/name,Mind Flayer,奪心魔,existing-site
WDH,/data/6/entries/7/entries/4/entries/27/name,Replacing the Mind Flayer,替換奪心魔,project-proposed
WDH,/data/6/entries/7/entries/4/entries/28/name,X25. Food for Thought,X25. 思考的食物,project-proposed
WDH,/data/6/entries/7/entries/4/entries/28/entries/2/name,Unhappy Meals,不愉快的餐點,project-proposed
WDH,/data/6/entries/7/entries/4/entries/29/name,X26. Devourer Spawning Pool,X26. 吞噬者孵化池,project-proposed
WDH,/data/6/entries/7/entries/4/entries/30/name,X27. Prison,X27. 監獄,project-proposed
WDH,/data/6/entries/7/entries/4/entries/30/entries/2/name,Cells,牢房,project-proposed
WDH,/data/6/entries/7/entries/4/entries/30/entries/3/name,God Figurine,神像,project-proposed
WDH,/data/6/entries/7/entries/4/entries/31/name,X28. Guild Recreation Hall,X28. 公會娛樂大廳,project-proposed
WDH,/data/6/entries/7/entries/4/entries/31/entries/2/name,Xanathar Guild Members,姍娜薩公會成員,project-proposed
WDH,/data/6/entries/7/entries/4/entries/31/entries/3/name,Goblins,地精,existing-site
WDH,/data/6/entries/7/entries/4/entries/31/entries/4/name,Scrying Sensor,偵測感應器,project-proposed
WDH,/data/6/entries/7/entries/4/entries/32/name,X29. Trapdoor,X29. 活板門,project-proposed
WDH,/data/6/entries/7/entries/4/entries/33/name,X30. Xanathar's Gourmet Kitchen,X30. 姍娜薩的美食廚房,project-proposed
WDH,/data/6/entries/7/entries/4/entries/33/entries/4/name,Spice Rack,調料架,project-proposed
WDH,/data/6/entries/7/entries/4/entries/34/name,X31. The Other Kitchen,X31. 另一個廚房,project-proposed
WDH,/data/6/entries/7/entries/4/entries/34/entries/2/name,Halfling Cook,半身人廚師,project-proposed
WDH,/data/6/entries/7/entries/4/entries/35/name,X32. Stairs and Scrying Sensor,X32. 樓梯和偵視感應器,project-proposed
WDH,/data/6/entries/7/entries/4/entries/36/name,X33. Crypt of Xanathars Past,X33. 姍娜薩先輩的墓穴,project-proposed
WDH,/data/6/entries/7/entries/4/entries/36/entries/3/name,Beholder Urns,眼魔骨灰盒,project-proposed
WDH,/data/6/entries/7/entries/4/entries/36/entries/4/name,Crystal Crypts,水晶墓穴,project-proposed
WDH,/data/6/entries/7/entries/4/entries/36/entries/5/name,Secret Door,暗門,project-proposed
WDH,/data/6/entries/7/entries/4/entries/36/entries/6/name,Wall Carvings,牆雕,project-proposed
WDH,/data/6/entries/7/entries/4/entries/37/name,X34. Wizard Tombs,X34. 法師墓穴,project-proposed
WDH,/data/6/entries/7/entries/4/entries/37/entries/1/name,X34a,X34a,project-proposed
WDH,/data/6/entries/7/entries/4/entries/37/entries/2/name,X34b,X34b,project-proposed
WDH,/data/6/entries/7/entries/4/entries/38/name,X35. Nar'l Xibrindas's Office,X35. 納爾·澤布林達斯的辦公室,project-proposed
WDH,/data/6/entries/7/entries/4/entries/38/entries/2/name,Crates,板條箱,project-proposed
WDH,/data/6/entries/7/entries/4/entries/38/entries/3/name,Desk,書桌,project-proposed
WDH,/data/6/entries/7/entries/4/entries/38/entries/4/name,Secret Doors,暗門,project-proposed
WDH,/data/6/entries/7/entries/4/entries/39/name,X36. Secret Room,X36. 秘密房間,project-proposed
WDH,/data/6/entries/7/entries/4/entries/39/entries/4/name,Kegs,小桶,project-proposed
WDH,/data/6/entries/8/name,Special Events,特殊事件,project-proposed
WDH,/data/6/entries/8/entries/1/name,Blood and Fortune,血與財富,project-proposed
WDH,/data/6/entries/8/entries/1/entries/3/name,Tournament Structure,錦標賽結構,project-proposed
WDH,/data/6/entries/8/entries/1/entries/4/name,Winning the Tournament,贏得錦標賽,project-proposed
WDH,/data/6/entries/8/entries/1/entries/5/name,Tournament Wagers,錦標賽賭注,project-proposed
WDH,/data/6/entries/8/entries/2/name,Trolltide Slaughter,巨魔節屠殺,project-proposed
WDH,/data/6/entries/8/entries/2/entries/6/name,Development,發展,project-proposed
WDH,/data/7/name,Chapter 6: Hell of a Summer,第6章：炎熱的夏天,project-proposed
WDH,/data/7/entries/5/name,Cult of Asmodeus,阿斯蒙蒂斯教派,existing-site
WDH,/data/7/entries/5/entries/1/name,Meet the Cassalanters,遇見卡薩蘭特家族,project-proposed
WDH,/data/7/entries/5/entries/1/entries/2/name,Lady Ammalia Cassalanter,阿瑪利亞·卡薩蘭特夫人,project-proposed
WDH,/data/7/entries/5/entries/1/entries/3/name,Lord Victoro Cassalanter,維克托羅·卡薩蘭特勳爵,project-proposed
WDH,/data/7/entries/5/entries/1/entries/3/entries/3/name,Cassalanter Lore,卡薩蘭特家族傳說,project-proposed
WDH,/data/7/entries/5/entries/1/entries/4/name,Terenzio and Elzerina,特倫齊奧和艾爾澤琳娜,project-proposed
WDH,/data/7/entries/5/entries/2/name,Head Servants,主要僕人,project-proposed
WDH,/data/7/entries/5/entries/2/entries/2/name,Willifort Crowelle,威利福特·克羅威爾,existing-site
WDH,/data/7/entries/5/entries/2/entries/3/name,Tissina Khyret,蒂西娜·凱瑞特,existing-site
WDH,/data/7/entries/5/entries/2/entries/4/name,"Laiba ""Nana"" Rosse",萊巴 '娜娜' 羅斯,existing-site
WDH,/data/7/entries/5/entries/2/entries/5/name,Jandar Chergoba,詹達爾·切爾戈巴,existing-site
WDH,/data/7/entries/6/name,Facing the Cassalanters,面對卡薩蘭特家族,project-proposed
WDH,/data/7/entries/6/entries/4/name,Disrupting the Cassalanters' Operation,幹擾卡薩蘭特家族的行動,project-proposed
WDH,/data/7/entries/6/entries/5/name,Gathering Information,收集資訊,project-proposed
WDH,/data/7/entries/7/name,Cassalanter Villa,卡薩蘭特莊園,project-proposed
WDH,/data/7/entries/7/entries/3/name,Approaching Cassalanter Villa,接近卡薩蘭特別墅,project-proposed
WDH,/data/7/entries/7/entries/3/entries/2/name,Spotted by the Guards,被守衛發現,project-proposed
WDH,/data/7/entries/7/entries/3/entries/3/name,Reinforcements,援軍,project-proposed
WDH,/data/7/entries/7/entries/3/entries/4/name,Denizens of Cassalanter Villa,卡薩蘭特別墅的居民,project-proposed
WDH,/data/7/entries/7/entries/4/name,Villa Features,別墅特點,project-proposed
WDH,/data/7/entries/7/entries/5/name,Areas of the Villa,別墅區域,project-proposed
WDH,/data/7/entries/7/entries/5/entries/3/name,Guest House,客房,project-proposed
WDH,/data/7/entries/7/entries/5/entries/3/entries/1/items/0/name,CG1. Mud Room,CG1. 泥巴房,project-proposed
WDH,/data/7/entries/7/entries/5/entries/3/entries/1/items/1/name,CG2. Storage,CG2. 儲存室,project-proposed
WDH,/data/7/entries/7/entries/5/entries/3/entries/1/items/2/name,CG3. Dining Room,CG3. 餐廳,project-proposed
WDH,/data/7/entries/7/entries/5/entries/3/entries/1/items/3/name,CG4. Kitchen,CG4. 廚房,project-proposed
WDH,/data/7/entries/7/entries/5/entries/3/entries/1/items/4/name,CG5. Parlor,CG5. 客廳,project-proposed
WDH,/data/7/entries/7/entries/5/entries/3/entries/1/items/5/name,CG6. Sitting Room,CG6. 客廳,project-proposed
WDH,/data/7/entries/7/entries/5/entries/3/entries/1/items/6/name,CG7. Bedrooms,CG7. 臥室,project-proposed
WDH,/data/7/entries/7/entries/5/entries/3/entries/1/items/7/name,CG8. Master Bedroom,CG8. 主臥室,project-proposed
WDH,/data/7/entries/7/entries/5/entries/4/name,Coach House,馬車房,project-proposed
WDH,/data/7/entries/7/entries/5/entries/5/name,C1. Entrance Hall,C1. 入口大廳,project-proposed
WDH,/data/7/entries/7/entries/5/entries/5/entries/3/name,Founders' Day,創始人日,project-proposed
WDH,/data/7/entries/7/entries/5/entries/6/name,C2. Garden Mudroom,C2. 花園泥房,project-proposed
WDH,/data/7/entries/7/entries/5/entries/6/entries/2/name,Founders' Day,創始人日,project-proposed
WDH,/data/7/entries/7/entries/5/entries/7/name,C3. Library,C3. 圖書館,project-proposed
WDH,/data/7/entries/7/entries/5/entries/7/entries/3/name,Books,書籍,project-proposed
WDH,/data/7/entries/7/entries/5/entries/7/entries/4/name,Jars of Mist,迷霧罐,project-proposed
WDH,/data/7/entries/7/entries/5/entries/7/entries/5/name,Secret Door,暗門,project-proposed
WDH,/data/7/entries/7/entries/5/entries/8/name,C4. Reading Room,C4. 閱覽室,project-proposed
WDH,/data/7/entries/7/entries/5/entries/8/entries/3/name,Journal,日誌,project-proposed
WDH,/data/7/entries/7/entries/5/entries/9/name,C5. Foyer,C5. 門廳,project-proposed
WDH,/data/7/entries/7/entries/5/entries/9/entries/2/name,Founders' Day,創始人日,project-proposed
WDH,/data/7/entries/7/entries/5/entries/10/name,C6. Victoro's Office,C6. 維克托羅的辦公室,project-proposed
WDH,/data/7/entries/7/entries/5/entries/10/entries/3/name,Armor,護甲,existing-site
WDH,/data/7/entries/7/entries/5/entries/10/entries/4/name,Desk,書桌,project-proposed
WDH,/data/7/entries/7/entries/5/entries/10/entries/5/name,Stone of Golorr,格洛爾之石,existing-site
WDH,/data/7/entries/7/entries/5/entries/11/name,C7. Cloakroom,C7. 斗篷室,project-proposed
WDH,/data/7/entries/7/entries/5/entries/12/name,C8. Covered Porch,C8. 有蓋門廊,project-proposed
WDH,/data/7/entries/7/entries/5/entries/13/name,C9. Family Dining Room,C9. 家庭餐廳,project-proposed
WDH,/data/7/entries/7/entries/5/entries/13/entries/3/name,Founders' Day,創始人日,project-proposed
WDH,/data/7/entries/7/entries/5/entries/13/entries/4/name,Treasure,寶藏,existing-site
WDH,/data/7/entries/7/entries/5/entries/14/name,C10. Kitchen,C10. 廚房,project-proposed
WDH,/data/7/entries/7/entries/5/entries/14/entries/4/name,Founders' Day,創始人日,project-proposed
WDH,/data/7/entries/7/entries/5/entries/15/name,C11. Pantry,C11. 食品儲藏室,project-proposed
WDH,/data/7/entries/7/entries/5/entries/15/entries/2/name,Locked Iron Box,鎖住的鐵箱,project-proposed
WDH,/data/7/entries/7/entries/5/entries/15/entries/3/name,Secret Door,暗門,project-proposed
WDH,/data/7/entries/7/entries/5/entries/16/name,C12. Smoking Room,C12. 吸菸室,project-proposed
WDH,/data/7/entries/7/entries/5/entries/16/entries/3/name,Portraits,肖像,project-proposed
WDH,/data/7/entries/7/entries/5/entries/17/name,C13. Ballroom,C13. 舞廳,project-proposed
WDH,/data/7/entries/7/entries/5/entries/17/entries/3/name,Dancing Construct,舞動構裝生物,project-proposed
WDH,/data/7/entries/7/entries/5/entries/17/entries/4/name,Founders' Day,創始人日,project-proposed
WDH,/data/7/entries/7/entries/5/entries/18/name,C14. Banquet Kitchen,C14. 宴會廚房,project-proposed
WDH,/data/7/entries/7/entries/5/entries/18/entries/1/name,Founders' Day,創始人日,project-proposed
WDH,/data/7/entries/7/entries/5/entries/19/name,C15. Banquet Hall,C15. 宴會廳,project-proposed
WDH,/data/7/entries/7/entries/5/entries/19/entries/3/name,Founders' Day,創始人日,project-proposed
WDH,/data/7/entries/7/entries/5/entries/20/name,C16. Piano Room,C16. 鋼琴室,project-proposed
WDH,/data/7/entries/7/entries/5/entries/20/entries/2/name,Founders' Day,創始人日,project-proposed
WDH,/data/7/entries/7/entries/5/entries/20/entries/3/name,C16a. Storage Closet,C16a. 儲藏壁櫥,project-proposed
WDH,/data/7/entries/7/entries/5/entries/20/entries/4/name,C16b. Powder Rooms,C16b. 化妝間,project-proposed
WDH,/data/7/entries/7/entries/5/entries/20/entries/5/name,Founders' Day,創始人日,project-proposed
WDH,/data/7/entries/7/entries/5/entries/21/name,C17. Playroom,C17. 遊戲室,project-proposed
WDH,/data/7/entries/7/entries/5/entries/22/name,C18. Twins' Bedroom,C18. 雙胞胎的臥室,project-proposed
WDH,/data/7/entries/7/entries/5/entries/22/entries/3/name,Stuffed Unicorn,填充獨角獸,project-proposed
WDH,/data/7/entries/7/entries/5/entries/22/entries/4/name,C-18a-C18b. Closets,C18a–C18b. 衣櫥,project-proposed
WDH,/data/7/entries/7/entries/5/entries/23/name,C19. Master Sitting Room,C19. 主人休息室,project-proposed
WDH,/data/7/entries/7/entries/5/entries/24/name,C20. Linen Closet,C20. 亞麻壁櫥,project-proposed
WDH,/data/7/entries/7/entries/5/entries/24/entries/1/name,Lockbox,鎖箱,project-proposed
WDH,/data/7/entries/7/entries/5/entries/25/name,C21. Master Bedroom,C21. 主臥室,project-proposed
WDH,/data/7/entries/7/entries/5/entries/25/entries/3/name,Golden Lockbox,金色鎖盒,project-proposed
WDH,/data/7/entries/7/entries/5/entries/26/name,C22. Ammalia's Private Study,C22. 阿瑪利亞的私人書房,project-proposed
WDH,/data/7/entries/7/entries/5/entries/26/entries/2/name,Bookshelves,書架,project-proposed
WDH,/data/7/entries/7/entries/5/entries/26/entries/3/name,Desk,書桌,project-proposed
WDH,/data/7/entries/7/entries/5/entries/26/entries/4/name,Red Grimoire,紅色魔法書,project-proposed
WDH,/data/7/entries/7/entries/5/entries/26/entries/5/name,Trapdoor,活板門,project-proposed
WDH,/data/7/entries/7/entries/5/entries/27/name,C23. Attic Landing,C23. 閣樓平臺,project-proposed
WDH,/data/7/entries/7/entries/5/entries/29/name,C24. Osvaldo's Prison,C24. 奧斯瓦多的監獄,project-proposed
WDH,/data/7/entries/7/entries/5/entries/30/name,C24a. Attic Storage,C24a. 閣樓儲藏室,project-proposed
WDH,/data/7/entries/7/entries/5/entries/31/name,C25. Butterfly Garden,C25. 蝴蝶花園,project-proposed
WDH,/data/7/entries/7/entries/5/entries/31/entries/2/name,Founders' Day,創始人日,project-proposed
WDH,/data/7/entries/7/entries/5/entries/32/name,C25a. Garden Balcony,C25a. 花園陽臺,project-proposed
WDH,/data/7/entries/7/entries/5/entries/33/name,C26. Cellar,C26. 地下室,project-proposed
WDH,/data/7/entries/7/entries/5/entries/34/name,C27. False Vault,C27. 假金庫,project-proposed
WDH,/data/7/entries/7/entries/5/entries/34/entries/2/name,Cold Trap,寒冷陷阱,project-proposed
WDH,/data/7/entries/7/entries/5/entries/35/name,C28. Wine Cellar,C28. 酒窖,project-proposed
WDH,/data/7/entries/7/entries/5/entries/35/entries/3/name,Secret Door,暗門,project-proposed
WDH,/data/7/entries/7/entries/5/entries/36/name,C29. Secret Vault,C29. 秘密金庫,project-proposed
WDH,/data/7/entries/7/entries/5/entries/36/entries/1/name,Founders' Day,創始人日,project-proposed
WDH,/data/7/entries/8/name,Temple of Asmodeus,阿斯蒙蒂斯神廟,project-proposed
WDH,/data/7/entries/8/entries/1/name,Temple Features,廟宇特徵,project-proposed
WDH,/data/7/entries/8/entries/2/name,Areas of the Temple,神殿各區域,project-proposed
WDH,/data/7/entries/8/entries/2/entries/3/name,A1. Hall of the Damned,A1. 被詛咒者的大廳,project-proposed
WDH,/data/7/entries/8/entries/2/entries/3/entries/2/name,Cells,牢房,project-proposed
WDH,/data/7/entries/8/entries/2/entries/3/entries/3/name,Chanting,吟唱聲,project-proposed
WDH,/data/7/entries/8/entries/2/entries/4/name,A2. Balconies,A2. 陽臺,project-proposed
WDH,/data/7/entries/8/entries/2/entries/4/entries/1/name,Collapsing Floor,坍塌的地板,project-proposed
WDH,/data/7/entries/8/entries/2/entries/5/name,A3. Anterior Vestibule,A3. 前廳,project-proposed
WDH,/data/7/entries/8/entries/2/entries/5/entries/1/name,Asmodeus Portrait,阿斯蒙蒂斯肖像,project-proposed
WDH,/data/7/entries/8/entries/2/entries/5/entries/2/name,Cult Gathering,邪教集會,project-proposed
WDH,/data/7/entries/8/entries/2/entries/6/name,A4. Family Crypt,A4. 家族墓穴,project-proposed
WDH,/data/7/entries/8/entries/2/entries/7/name,A4a. Caladorn's Crypt,A4a. 卡拉多恩的墓穴,project-proposed
WDH,/data/7/entries/8/entries/2/entries/7/entries/1/name,Treasure,寶藏,existing-site
WDH,/data/7/entries/8/entries/2/entries/8/name,A4b. Empty Crypt,A4b. 空墓穴,project-proposed
WDH,/data/7/entries/8/entries/2/entries/9/name,A5. Cultists' Chamber,A5. 邪教徒的密室,project-proposed
WDH,/data/7/entries/8/entries/2/entries/9/entries/3/name,Secret Door,暗門,project-proposed
WDH,/data/7/entries/8/entries/2/entries/10/name,A6. Secret Vestry,A6. 秘密聖器室,project-proposed
WDH,/data/7/entries/8/entries/2/entries/10/entries/3/name,Cult Gathering,邪教集會,project-proposed
WDH,/data/7/entries/8/entries/2/entries/11/name,A7. Ceremonial Hall,A7. 儀式大廳,project-proposed
WDH,/data/7/entries/8/entries/2/entries/11/entries/3/name,Cult Gathering,邪教集會,project-proposed
WDH,/data/7/entries/8/entries/2/entries/11/entries/4/name,Devil Statue and Sacrificial Bowl,魔鬼雕像和祭品碗,project-proposed
WDH,/data/7/entries/8/entries/2/entries/11/entries/5/name,Secret Door,暗門,project-proposed
WDH,/data/7/entries/8/entries/2/entries/11/entries/6/name,Stream,溪流,project-proposed
WDH,/data/7/entries/8/entries/2/entries/12/name,A8. Storage Closet,A8. 儲物間,project-proposed
WDH,/data/7/entries/8/entries/2/entries/12/entries/1/name,Cult Gathering,邪教集會,project-proposed
WDH,/data/7/entries/8/entries/2/entries/13/name,A9. Stream and Pool,A9. 小溪與池塘,project-proposed
WDH,/data/7/entries/9/name,Special Events,特殊事件,project-proposed
WDH,/data/7/entries/9/entries/1/name,Getting the Gold,獲取金子,project-proposed
WDH,/data/7/entries/9/entries/3/name,Day of the Damned,受詛咒的日子,project-proposed
WDH,/data/8/name,Chapter 7: Maestro's Fall,第7章：大師的隕落,project-proposed
WDH,/data/8/entries/2/name,Facing Jarlaxle,面對賈拉索萊,project-proposed
WDH,/data/8/entries/2/entries/4/name,Disrupting Jarlaxle's Operation,破壞賈拉索的行動,project-proposed
WDH,/data/8/entries/2/entries/4/entries/1/name,Destroy the Figureheads,摧毀船首像,project-proposed
WDH,/data/8/entries/2/entries/4/entries/2/name,Sink or Steal a Vessel,擊沉或偷走船隻,project-proposed
WDH,/data/8/entries/3/name,Sea Maidens Faire,海之少女嘉年華,project-proposed
WDH,/data/8/entries/3/entries/3/name,Approaching the Ships,接近船隻,project-proposed
WDH,/data/8/entries/3/entries/4/name,Crews,船員,project-proposed
WDH,/data/8/entries/3/entries/4/entries/1/name,Ship Captains,船隻船長,project-proposed
WDH,/data/8/entries/3/entries/4/entries/2/name,Sailors,水手們,project-proposed
WDH,/data/8/entries/3/entries/4/entries/3/name,Carnies,嘉年華工作人員,project-proposed
WDH,/data/8/entries/3/entries/5/name,Discovering the Drow,發現黑暗精靈,project-proposed
WDH,/data/8/entries/3/entries/6/name,Ship Features,船隻特點,project-proposed
WDH,/data/8/entries/3/entries/6/entries/1/name,Alarms,警報,project-proposed
WDH,/data/8/entries/3/entries/6/entries/2/name,Ceilings,天花板,existing-site
WDH,/data/8/entries/3/entries/6/entries/3/name,Doors,門,existing-site
WDH,/data/8/entries/3/entries/6/entries/4/name,Elevator Platforms,電梯平臺,project-proposed
WDH,/data/8/entries/3/entries/6/entries/5/name,Lighting,光照,existing-site
WDH,/data/8/entries/3/entries/6/entries/6/name,Rigging,索具,existing-site
WDH,/data/8/entries/3/entries/7/name,Areas of the Ships,船隻區域,project-proposed
WDH,/data/8/entries/3/entries/7/entries/2/name,J1. Main Deck,J1. 主甲板,project-proposed
WDH,/data/8/entries/3/entries/7/entries/2/entries/1/name,Jolly Boats,小艇,project-proposed
WDH,/data/8/entries/3/entries/7/entries/3/name,J2. Storage,J2. 儲藏室,project-proposed
WDH,/data/8/entries/3/entries/7/entries/4/name,J3. Mates' Cabin,J3. 船員艙,project-proposed
WDH,/data/8/entries/3/entries/7/entries/4/entries/2/name,Treasure,寶藏,existing-site
WDH,/data/8/entries/3/entries/7/entries/5/name,J4. Crew Cabins,J4. 船員艙室,project-proposed
WDH,/data/8/entries/3/entries/7/entries/6/name,J5. Galley,J5. 廚房,project-proposed
WDH,/data/8/entries/3/entries/7/entries/7/name,J6. Pantry,J6. 食品儲藏室,project-proposed
WDH,/data/8/entries/3/entries/7/entries/8/name,J7. Dining Cabin,J7. 餐廳艙,project-proposed
WDH,/data/8/entries/3/entries/7/entries/9/name,J8. Forecastle,J8. 前甲板,project-proposed
WDH,/data/8/entries/3/entries/7/entries/9/entries/1/name,Figurehead,船首像,existing-site
WDH,/data/8/entries/3/entries/7/entries/10/name,J9. Aft Castle Lower Deck,J9. 後甲板下層甲板,project-proposed
WDH,/data/8/entries/3/entries/7/entries/10/entries/2/name,Anchor,錨,existing-site
WDH,/data/8/entries/3/entries/7/entries/11/name,J10. Captain's Cabin,J10. 船長艙,project-proposed
WDH,/data/8/entries/3/entries/7/entries/11/entries/2/name,Captain,船長,project-proposed
WDH,/data/8/entries/3/entries/7/entries/11/entries/3/name,Book Cabinet,書櫃,project-proposed
WDH,/data/8/entries/3/entries/7/entries/11/entries/4/name,Locked Trunk,鎖著的箱子,project-proposed
WDH,/data/8/entries/3/entries/7/entries/12/name,J11. Aft Castle Upper Deck,J11. 後甲板上層甲板,project-proposed
WDH,/data/8/entries/3/entries/7/entries/12/entries/2/name,Wheel,輪子,existing-site
WDH,/data/8/entries/3/entries/7/entries/13/name,J12. Upper Cargo Hold,J12. 上層貨艙,project-proposed
WDH,/data/8/entries/3/entries/7/entries/13/entries/2/name,Cargo Elevator,貨物電梯,project-proposed
WDH,/data/8/entries/3/entries/7/entries/14/name,J13. Head,J13. 船頭,project-proposed
WDH,/data/8/entries/3/entries/7/entries/15/name,J14. Carnies' Cabins,J14. 隨行人員艙室,project-proposed
WDH,/data/8/entries/3/entries/7/entries/16/name,J15. Brig,J15. 囚籠,project-proposed
WDH,/data/8/entries/3/entries/7/entries/16/entries/1/name,Jailed Sailor,被監禁的水手,project-proposed
WDH,/data/8/entries/3/entries/7/entries/17/name,J16. Armory,J16. 軍械庫,project-proposed
WDH,/data/8/entries/3/entries/7/entries/17/entries/2/name,Safe (Eyecatcher Only),保險箱（僅奪目號）,project-proposed
WDH,/data/8/entries/3/entries/7/entries/17/entries/3/name,Stairs,樓梯,existing-site
WDH,/data/8/entries/3/entries/7/entries/18/name,J17. Lower Cargo Hold,J17. 下層貨艙,project-proposed
WDH,/data/8/entries/3/entries/7/entries/18/entries/2/name,Cargo Elevator,貨物電梯,project-proposed
WDH,/data/8/entries/3/entries/7/entries/18/entries/3/name,Hellraiser's Hold,煽亂號的貨艙,project-proposed
WDH,/data/8/entries/3/entries/7/entries/18/entries/4/name,Eyecatcher's Hold,奪目號的貨艙,project-proposed
WDH,/data/8/entries/3/entries/7/entries/19/name,J18. Craft Supplies,J18. 工藝用品,project-proposed
WDH,/data/8/entries/3/entries/7/entries/20/name,J19. Lower Cargo Hold,J19. 下層貨艙,project-proposed
WDH,/data/8/entries/3/entries/7/entries/20/entries/2/name,Cargo Elevator,貨物電梯,project-proposed
WDH,/data/8/entries/3/entries/7/entries/21/name,J20. Creature Pens,J20. 生物圍欄,project-proposed
WDH,/data/8/entries/3/entries/7/entries/22/name,J21. Handlers' Cabin,J21. 馴獸師小屋,project-proposed
WDH,/data/8/entries/3/entries/7/entries/23/name,J22. Beast Supplies,J22. 獸類物資,project-proposed
WDH,/data/8/entries/3/entries/7/entries/24/name,J23. Gunslingers' Hold,J23. 槍手據點,project-proposed
WDH,/data/8/entries/3/entries/7/entries/24/entries/3/name,Drow Gunslingers,卓爾火槍手,project-proposed
WDH,/data/8/entries/3/entries/7/entries/25/name,J24. Cleaning Supplies,J24. 清潔用品,project-proposed
WDH,/data/8/entries/3/entries/7/entries/26/name,J25. Gunslingers' Cabins,J25. 槍手艙,project-proposed
WDH,/data/8/entries/3/entries/7/entries/26/entries/4/name,Treasure,寶藏,existing-site
WDH,/data/8/entries/3/entries/7/entries/27/name,J26. Lockers,J26. 儲物櫃,project-proposed
WDH,/data/8/entries/3/entries/7/entries/28/name,J27. Smokepowder Storage,J27. 煙霧粉儲藏室,project-proposed
WDH,/data/8/entries/3/entries/7/entries/28/entries/3/name,Boxes,箱子,project-proposed
WDH,/data/8/entries/3/entries/7/entries/28/entries/4/name,Kegs,小桶,project-proposed
WDH,/data/8/entries/3/entries/7/entries/29/name,J28. Walk-in Closets,J28. 步入式衣櫥,project-proposed
WDH,/data/8/entries/3/entries/7/entries/29/entries/2/name,Port Closet,左舷儲物櫃,project-proposed
WDH,/data/8/entries/3/entries/7/entries/29/entries/3/name,Starboard Closet,右舷儲物櫃,project-proposed
WDH,/data/8/entries/3/entries/7/entries/30/name,J29. Guest Cabin,J29. 客房,project-proposed
WDH,/data/8/entries/3/entries/7/entries/30/entries/7/name,Secret Door,暗門,project-proposed
WDH,/data/8/entries/3/entries/7/entries/30/entries/8/name,Treasure,寶藏,existing-site
WDH,/data/8/entries/3/entries/7/entries/31/name,J30. Zardoz Zord's Cabin,J30. 扎多茲·佐德的艙室,project-proposed
WDH,/data/8/entries/3/entries/7/entries/31/entries/4/name,Nimblewright,秘偶,existing-site
WDH,/data/8/entries/3/entries/7/entries/31/entries/5/name,Secret Doors,暗門,project-proposed
WDH,/data/8/entries/3/entries/7/entries/31/entries/6/name,Treasure,寶藏,existing-site
WDH,/data/8/entries/3/entries/7/entries/32/name,J31. Training Area,J31. 訓練區,project-proposed
WDH,/data/8/entries/3/entries/7/entries/32/entries/3/name,Attack Mannequins,攻擊型人體模型,project-proposed
WDH,/data/8/entries/3/entries/7/entries/32/entries/4/name,Dagger,匕首,existing-site
WDH,/data/8/entries/3/entries/7/entries/32/entries/5/name,Ropes,繩索,project-proposed
WDH,/data/8/entries/3/entries/7/entries/33/name,J32. Jarlaxle's Sauna,J32. 賈拉索的桑拿室,project-proposed
WDH,/data/8/entries/3/entries/7/entries/33/entries/2/name,Steam,蒸汽,project-proposed
WDH,/data/8/entries/4/name,Scarlet Marpenoth,緋紅瑪佩諾斯,project-proposed
WDH,/data/8/entries/4/entries/2/name,Drow Crew,黑暗精靈船員,project-proposed
WDH,/data/8/entries/4/entries/3/name,Gnome Engineers,侏儒工程師,project-proposed
WDH,/data/8/entries/4/entries/4/name,Submarine Features,潛艇特點,project-proposed
WDH,/data/8/entries/4/entries/5/name,Areas of the Scarlet Marpenoth,赤紅瑪佩諾斯號的區域,project-proposed
WDH,/data/8/entries/4/entries/5/entries/2/name,U1. Entrance Hatch,U1. 入口艙口,project-proposed
WDH,/data/8/entries/4/entries/5/entries/3/name,U2. Engine Room,U2. 引擎室,project-proposed
WDH,/data/8/entries/4/entries/5/entries/3/entries/2/name,Machinery,機械,project-proposed
WDH,/data/8/entries/4/entries/5/entries/4/name,U3. Soluun's Stateroom,U3. 索倫的客艙,project-proposed
WDH,/data/8/entries/4/entries/5/entries/4/entries/2/name,Diving Suit,潛水服,project-proposed
WDH,/data/8/entries/4/entries/5/entries/4/entries/3/name,Treasure,寶藏,existing-site
WDH,/data/8/entries/4/entries/5/entries/5/name,U4. Jarlaxle's Stateroom,U4. 賈拉索的客艙,project-proposed
WDH,/data/8/entries/4/entries/5/entries/5/entries/2/name,Closet,壁櫥,project-proposed
WDH,/data/8/entries/4/entries/5/entries/5/entries/3/name,Magic Window,魔法窗戶,project-proposed
WDH,/data/8/entries/4/entries/5/entries/5/entries/4/name,Wooden Trunk,木製行李箱,project-proposed
WDH,/data/8/entries/4/entries/5/entries/6/name,U5. Fel'rekt's Stateroom,U5. 菲爾萊科特的客艙,project-proposed
WDH,/data/8/entries/4/entries/5/entries/6/entries/1/name,Treasure,寶藏,existing-site
WDH,/data/8/entries/4/entries/5/entries/7/name,U6. Krebbyg's Stateroom,U6. 克雷比格的客艙,project-proposed
WDH,/data/8/entries/4/entries/5/entries/8/name,U7. Control Room,U7. 控制室,project-proposed
WDH,/data/8/entries/4/entries/5/entries/8/entries/1/name,U7a. Observation Deck,U7a. 觀察甲板,project-proposed
WDH,/data/8/entries/4/entries/5/entries/8/entries/2/name,U7b. Command Center,U7b. 指揮中心,project-proposed
WDH,/data/8/entries/4/entries/5/entries/9/name,U8. Engineers' Staterooms,U8. 工程師的客艙,project-proposed
WDH,/data/8/entries/4/entries/5/entries/9/entries/1/name,Footlockers,腳鎖箱,existing-site
WDH,/data/8/entries/4/entries/5/entries/10/name,U9. Dining Room,U9. 餐廳,project-proposed
WDH,/data/8/entries/4/entries/5/entries/11/name,U10. Galley,U10. 廚房,project-proposed
WDH,/data/8/entries/4/entries/5/entries/12/name,U11. Pantry,U11. 食品儲藏室,project-proposed
WDH,/data/8/entries/4/entries/5/entries/13/name,U12. Privy,U12. 廁所,project-proposed
WDH,/data/8/entries/4/entries/5/entries/14/name,U13. Air System,U13. 空氣系統,project-proposed
WDH,/data/8/entries/4/entries/5/entries/14/entries/2/name,Machinery,機械,project-proposed
WDH,/data/8/entries/5/name,Special Events,特殊事件,project-proposed
WDH,/data/8/entries/5/entries/1/name,The Friendly Dragon,友好的龍,project-proposed
WDH,/data/8/entries/5/entries/1/entries/2/name,Treasure,寶藏,existing-site
WDH,/data/8/entries/5/entries/2/name,A Night to Remember,難忘的一夜,project-proposed
WDH,/data/8/entries/5/entries/2/entries/6/name,Jarlaxle's Letter,賈拉索的信,project-proposed
WDH,/data/8/entries/5/entries/2/entries/7/name,Conversation with Laeral,與萊拉的對話,project-proposed
WDH,/data/8/entries/5/entries/4/name,Day of Wonders Parade,奇蹟之日遊行,project-proposed
WDH,/data/8/entries/5/entries/4/entries/2/name,While the Boss Is Away,當老闆不在時,project-proposed
WDH,/data/8/entries/5/entries/5/name,Escaped Bear,逃脫的熊,project-proposed
WDH,/data/9/name,Chapter 8: Winter Wizardry,第8章：冬季魔法,project-proposed
WDH,/data/9/entries/2/name,Facing Manshoon,面對曼松,project-proposed
WDH,/data/9/entries/2/entries/3/name,Disrupting Manshoon's Operation,打亂曼松的行動,project-proposed
WDH,/data/9/entries/2/entries/3/entries/1/name,Release the Barlgura,釋放惡猿魔,project-proposed
WDH,/data/9/entries/2/entries/3/entries/2/name,Report Manshoon,舉報曼松,project-proposed
WDH,/data/9/entries/2/entries/3/entries/3/name,Steal Manshoon's Spellbook,偷取曼松的魔法書,project-proposed
WDH,/data/9/entries/3/name,Kolat Towers,克拉特雙塔,project-proposed
WDH,/data/9/entries/3/entries/3/name,Force Field,防禦力場,existing-site
WDH,/data/9/entries/3/entries/3/entries/1/name,Digging under the Force Field,在力場下挖掘,project-proposed
WDH,/data/9/entries/3/entries/3/entries/2/name,Using Magic to Bypass the Force Field,使用魔法繞過力場,project-proposed
WDH,/data/9/entries/3/entries/3/entries/3/name,Destroying the Force Field,摧毀力場,project-proposed
WDH,/data/9/entries/3/entries/4/name,Kolat Towers Features,克拉特雙塔特點,project-proposed
WDH,/data/9/entries/3/entries/4/entries/2/name,Kolat Towers Lore,克拉特雙塔傳說,project-proposed
WDH,/data/9/entries/3/entries/5/name,Areas of Kolat Towers,克拉特雙塔區域,project-proposed
WDH,/data/9/entries/3/entries/5/entries/2/name,K1. Storeroom,K1. 儲藏室,project-proposed
WDH,/data/9/entries/3/entries/5/entries/3/name,K2. Dining Room,K2. 餐廳,project-proposed
WDH,/data/9/entries/3/entries/5/entries/3/entries/2/name,Zhents,散塔林會成員,project-proposed
WDH,/data/9/entries/3/entries/5/entries/3/entries/3/name,Treasure,寶藏,existing-site
WDH,/data/9/entries/3/entries/5/entries/4/name,K3. Kitchen,K3. 廚房,project-proposed
WDH,/data/9/entries/3/entries/5/entries/4/entries/2/name,Zhent Cook,散塔林會成員廚師,project-proposed
WDH,/data/9/entries/3/entries/5/entries/4/entries/3/name,Treasure,寶藏,existing-site
WDH,/data/9/entries/3/entries/5/entries/5/name,K4. Musty Library,K4. 黴味圖書館,project-proposed
WDH,/data/9/entries/3/entries/5/entries/5/entries/2/name,Gargoyles,石像鬼,project-proposed
WDH,/data/9/entries/3/entries/5/entries/5/entries/3/name,Tomes,書籍,project-proposed
WDH,/data/9/entries/3/entries/5/entries/5/entries/4/name,Treasure,寶藏,existing-site
WDH,/data/9/entries/3/entries/5/entries/6/name,K5. Garbage-Filled Room,K5. 垃圾填滿的房間,project-proposed
WDH,/data/9/entries/3/entries/5/entries/7/name,K6. Main Tower Landing and Ledge,K6. 主塔平臺和壁架,project-proposed
WDH,/data/9/entries/3/entries/5/entries/7/entries/2/name,Ledge,巖架,project-proposed
WDH,/data/9/entries/3/entries/5/entries/7/entries/3/name,Mimic,擬身怪,existing-site
WDH,/data/9/entries/3/entries/5/entries/7/entries/4/name,Treasure,寶藏,existing-site
WDH,/data/9/entries/3/entries/5/entries/8/name,K7. Reading Room,K7. 閱覽室,project-proposed
WDH,/data/9/entries/3/entries/5/entries/8/entries/2/name,Zhent,散塔林會成員,project-proposed
WDH,/data/9/entries/3/entries/5/entries/8/entries/3/name,Treasure,寶藏,existing-site
WDH,/data/9/entries/3/entries/5/entries/9/name,K8. Apprentice Bedroom,K8. 學徒臥室,project-proposed
WDH,/data/9/entries/3/entries/5/entries/9/entries/3/name,Treasure,寶藏,existing-site
WDH,/data/9/entries/3/entries/5/entries/10/name,K9. Bridge and Walkway,K9. 橋和步行道,project-proposed
WDH,/data/9/entries/3/entries/5/entries/11/name,K10. Wizard Statue,K10. 法師雕像,project-proposed
WDH,/data/9/entries/3/entries/5/entries/11/entries/2/name,Statue,雕像,existing-site
WDH,/data/9/entries/3/entries/5/entries/12/name,K11. Laboratory,K11. 實驗室,project-proposed
WDH,/data/9/entries/3/entries/5/entries/13/name,K12. Staff Display,K12. 法杖展示區,project-proposed
WDH,/data/9/entries/3/entries/5/entries/13/entries/2/name,Staffs,法杖,project-proposed
WDH,/data/9/entries/3/entries/5/entries/14/name,K13. Holding Cell,K13. 拘留室,project-proposed
WDH,/data/9/entries/3/entries/5/entries/14/entries/2/name,Trapped Door,陷阱門,project-proposed
WDH,/data/9/entries/3/entries/5/entries/14/entries/3/name,Lady Gondafrey,岡達弗蕾女士,existing-site
WDH,/data/9/entries/3/entries/5/entries/15/name,K14. Servants' Quarters,K14. 僕人區,project-proposed
WDH,/data/9/entries/3/entries/5/entries/15/entries/3/name,Treasure,寶藏,existing-site
WDH,/data/9/entries/3/entries/5/entries/16/name,K15. Summoning Chamber,K15. 召喚室,project-proposed
WDH,/data/9/entries/3/entries/5/entries/17/name,K16. Construct Workshop,K16. 構造物工坊,project-proposed
WDH,/data/9/entries/3/entries/5/entries/17/entries/4/name,Floor Clamps,地板夾具,project-proposed
WDH,/data/9/entries/3/entries/5/entries/17/entries/5/name,Partially Collapsed Stairs,部分坍塌的樓梯,project-proposed
WDH,/data/9/entries/3/entries/5/entries/18/name,K17. Flesh Golem,K17. 血肉魔像,project-proposed
WDH,/data/9/entries/3/entries/5/entries/18/entries/2/name,Golem Trap,魔像陷阱,project-proposed
WDH,/data/9/entries/3/entries/5/entries/18/entries/3/name,One-Way Secret Door,單向暗門,project-proposed
WDH,/data/9/entries/3/entries/5/entries/19/name,K18. Arcane Rune,K18. 奧術符文,project-proposed
WDH,/data/9/entries/3/entries/5/entries/19/entries/2/name,Arcane Rune,奧術符文,project-proposed
WDH,/data/9/entries/3/entries/5/entries/19/entries/3/name,Secret Door,暗門,project-proposed
WDH,/data/9/entries/3/entries/5/entries/20/name,K19. Duhlark's Bedroom,K19. 杜拉克的臥室,project-proposed
WDH,/data/9/entries/3/entries/5/entries/20/entries/3/name,Bookshelves,書架,project-proposed
WDH,/data/9/entries/3/entries/5/entries/21/name,K20. Alcedor's Private Library,K20. 阿爾塞多的私人圖書館,project-proposed
WDH,/data/9/entries/3/entries/5/entries/22/name,K21. Duhlark's Private Library,K21. 杜拉克的私人圖書館,project-proposed
WDH,/data/9/entries/3/entries/5/entries/22/entries/2/name,Bookshelf,書架,project-proposed
WDH,/data/9/entries/3/entries/5/entries/23/name,K22. Teleportation Circle,K22. 傳送法陣,project-proposed
WDH,/data/9/entries/3/entries/5/entries/23/entries/2/name,Guardians,守衛,project-proposed
WDH,/data/9/entries/3/entries/5/entries/23/entries/3/name,Teleportation Circle,傳送法陣,existing-site
WDH,/data/9/entries/3/entries/5/entries/23/entries/4/name,Treasure Chests,寶箱,project-proposed
WDH,/data/9/entries/4/name,Extradimensional Sanctum,超維度聖所,project-proposed
WDH,/data/9/entries/4/entries/3/name,Sanctum Features,避難所特點,project-proposed
WDH,/data/9/entries/4/entries/4/name,Teleporter Rings,傳送戒指,project-proposed
WDH,/data/9/entries/4/entries/5/name,Areas of the Sanctum,避難所區域,project-proposed
WDH,/data/9/entries/4/entries/5/entries/2/name,E1. Arrival Point,E1. 到達點,project-proposed
WDH,/data/9/entries/4/entries/5/entries/2/entries/2/name,Dreadful Host,可怕的主人,project-proposed
WDH,/data/9/entries/4/entries/5/entries/2/entries/3/name,Glass Walls,玻璃牆,project-proposed
WDH,/data/9/entries/4/entries/5/entries/2/entries/4/name,Teleportation Circle,傳送法陣,existing-site
WDH,/data/9/entries/4/entries/5/entries/3/name,E2. Foyer,E2. 門廳,project-proposed
WDH,/data/9/entries/4/entries/5/entries/3/entries/2/name,Alarm Mechanism,警報機制,project-proposed
WDH,/data/9/entries/4/entries/5/entries/4/name,Alarm Responders,警報響應者,project-proposed
WDH,/data/9/entries/4/entries/5/entries/4/entries/2/name,Masks of Manshoon,曼松的面具,project-proposed
WDH,/data/9/entries/4/entries/5/entries/5/name,E3. Guard Station,E3. 守衛站,project-proposed
WDH,/data/9/entries/4/entries/5/entries/6/name,E4. Pantry,E4. 食品儲藏室,project-proposed
WDH,/data/9/entries/4/entries/5/entries/7/name,E5. Laboratory,E5. 實驗室,project-proposed
WDH,/data/9/entries/4/entries/5/entries/7/entries/2/name,Urstul Floxin,厄斯圖爾·弗洛克辛,existing-site
WDH,/data/9/entries/4/entries/5/entries/8/name,E6. Binding Chamber,E6. 繫結室,project-proposed
WDH,/data/9/entries/4/entries/5/entries/9/name,E7. Manshoon's Simulacrum,E7. 曼松的模擬像,project-proposed
WDH,/data/9/entries/4/entries/5/entries/9/entries/2/name,Simulacrum,擬像術,existing-site
WDH,/data/9/entries/4/entries/5/entries/9/entries/3/name,Extreme Cold,極度寒冷,project-proposed
WDH,/data/9/entries/4/entries/5/entries/9/entries/4/name,Glass Wall,玻璃牆,project-proposed
WDH,/data/9/entries/4/entries/5/entries/9/entries/5/name,Simulacrum Sarcophagus,模擬像石棺,project-proposed
WDH,/data/9/entries/4/entries/5/entries/10/name,E8. Reading Room,E8. 閱讀室,project-proposed
WDH,/data/9/entries/4/entries/5/entries/10/entries/2/name,Zhents,散塔林會成員,project-proposed
WDH,/data/9/entries/4/entries/5/entries/10/entries/3/name,Green Flame Brazier,綠焰火盆,project-proposed
WDH,/data/9/entries/4/entries/5/entries/11/name,E9. Library,E9. 圖書館,project-proposed
WDH,/data/9/entries/4/entries/5/entries/11/entries/1/name,Treasure,寶藏,existing-site
WDH,/data/9/entries/4/entries/5/entries/12/name,E10. Audience Chamber,E10. 接見室,project-proposed
WDH,/data/9/entries/4/entries/5/entries/12/entries/2/name,Zhents,散塔林會成員,project-proposed
WDH,/data/9/entries/4/entries/5/entries/13/name,E11. Zhent Quarters,E11. 散塔林會成員宿舍,project-proposed
WDH,/data/9/entries/4/entries/5/entries/13/entries/3/name,Treasure,寶藏,existing-site
WDH,/data/9/entries/4/entries/5/entries/14/name,E12. Manshoon's Quarters,E12. 曼松的住處,project-proposed
WDH,/data/9/entries/4/entries/5/entries/14/entries/8/name,Tyrant's Mask,暴君面具,project-proposed
WDH,/data/9/entries/4/entries/5/entries/15/name,E13. Manshoon's Study,E13. 曼松的書房,project-proposed
WDH,/data/9/entries/4/entries/5/entries/15/entries/2/name,Table,表格,project-proposed
WDH,/data/9/entries/4/entries/5/entries/15/entries/3/name,Manshoon's Spellbook,曼松的咒語書,project-proposed
WDH,/data/9/entries/4/entries/5/entries/15/entries/4/name,Stone of Golorr,格洛爾之石,existing-site
WDH,/data/9/entries/5/name,Special Events,特殊事件,project-proposed
WDH,/data/9/entries/5/entries/1/name,Blackmailed Lords,被勒索的領主,project-proposed
WDH,/data/9/entries/5/entries/1/entries/1/name,Corylus Thann,科里勒斯·坦恩,project-proposed
WDH,/data/9/entries/5/entries/1/entries/2/name,Jelenn Urmbrusk,傑倫·烏姆布魯斯克,project-proposed
WDH,/data/9/entries/5/entries/2/name,Deadwinter Day Feast,寒冬日盛宴,project-proposed
WDH,/data/9/entries/5/entries/3/name,Secret Simulacrum,秘密模擬像,project-proposed
WDH,/data/10/name,Chapter 9: Volo's Waterdeep Enchiridion,第9章：瓦羅的深水城手冊,project-proposed
WDH,/data/10/entries/2/name,Entering Waterdeep,進入深水城,project-proposed
WDH,/data/10/entries/2/entries/9/name,Your Arrival in the City,你抵達城市,project-proposed
WDH,/data/10/entries/3/name,A Long History (in Brief),悠久的歷史（簡述）,project-proposed
WDH,/data/10/entries/4/name,Surviving in the City,在城市中生存,project-proposed
WDH,/data/10/entries/4/entries/1/name,The Code Legal,法律法典,project-proposed
WDH,/data/10/entries/4/entries/2/name,"Arms, Armor, and Combat",武器、盔甲和戰鬥,project-proposed
WDH,/data/10/entries/4/entries/3/name,City Watch,城市守衛,existing-site
WDH,/data/10/entries/4/entries/4/name,Watch Talk,守衛談話,project-proposed
WDH,/data/10/entries/4/entries/5/name,The Watchful Order of Magists and Protectors,警戒法師與護衛教團,project-proposed
WDH,/data/10/entries/4/entries/6/name,Coinage,幣制,project-proposed
WDH,/data/10/entries/4/entries/7/name,Taxes and Fees,稅費,project-proposed
WDH,/data/10/entries/4/entries/8/name,Getting About,出行,project-proposed
WDH,/data/10/entries/4/entries/8/entries/1/name,Traffic and Travel,交通與旅行,project-proposed
WDH,/data/10/entries/4/entries/8/entries/2/name,Street Signs,街道標誌,project-proposed
WDH,/data/10/entries/4/entries/8/entries/3/name,Landmarks,地標,existing-site
WDH,/data/10/entries/4/entries/8/entries/4/name,Traffic Wardens,交通管理員,project-proposed
WDH,/data/10/entries/4/entries/8/entries/5/name,The Unflappable Waterdavian,泰然自若的深水城居民,project-proposed
WDH,/data/10/entries/4/entries/8/entries/6/name,Drays,鼠窩,project-proposed
WDH,/data/10/entries/4/entries/8/entries/7/name,Hire-Coaches,出租馬車,project-proposed
WDH,/data/10/entries/4/entries/8/entries/8/name,Carriages,馬車,project-proposed
WDH,/data/10/entries/4/entries/8/entries/9/name,Travel in Winter,冬季旅行,project-proposed
WDH,/data/10/entries/4/entries/9/name,Nobility,貴族血統,project-proposed
WDH,/data/10/entries/4/entries/9/entries/0/name,Spotting a Noble,發現貴族,project-proposed
WDH,/data/10/entries/4/entries/9/entries/1/name,A Wondrous People,一個奇妙的民族,project-proposed
WDH,/data/10/entries/4/entries/9/entries/2/name,Nobles and Patronage,貴族與贊助,project-proposed
WDH,/data/10/entries/4/entries/9/entries/3/name,Know a Noble's Business,瞭解貴族的生意,project-proposed
WDH,/data/10/entries/4/entries/10/name,Guilds and Guild Law,公會和公會法,project-proposed
WDH,/data/10/entries/5/name,The Wards of Waterdeep,深水城各大區,project-proposed
WDH,/data/10/entries/5/entries/3/name,Speak like a Native,像當地人一樣說話,project-proposed
WDH,/data/10/entries/5/entries/4/name,Sea Ward,海區,project-proposed
WDH,/data/10/entries/5/entries/5/name,North Ward,北區,project-proposed
WDH,/data/10/entries/5/entries/6/name,Castle Ward,城堡區,project-proposed
WDH,/data/10/entries/5/entries/7/name,Trades Ward,商業區,project-proposed
WDH,/data/10/entries/5/entries/8/name,Southern Ward,南區,project-proposed
WDH,/data/10/entries/5/entries/9/name,Dock Ward,碼頭區,project-proposed
WDH,/data/10/entries/5/entries/10/name,City of the Dead,亡者之城,project-proposed
WDH,/data/10/entries/5/entries/11/name,Outside the City Proper,城外,project-proposed
WDH,/data/10/entries/5/entries/11/entries/1/name,Field Ward,原野區,project-proposed
WDH,/data/10/entries/5/entries/11/entries/2/name,The Wonders of the Waymoot,路會廣場的奇蹟,project-proposed
WDH,/data/10/entries/5/entries/11/entries/3/name,Undercliff,崖下區,project-proposed
WDH,/data/10/entries/5/entries/11/entries/4/name,Undermountain,地脈迷城,project-proposed
WDH,/data/10/entries/6/name,The City's Splendors,城市的輝煌,project-proposed
WDH,/data/10/entries/6/entries/1/name,Amenities,便利設施,project-proposed
WDH,/data/10/entries/6/entries/2/name,The Griffon Cavalry,獅鷲騎兵隊,project-proposed
WDH,/data/10/entries/6/entries/3/name,The Walking Statues,行走的雕像,project-proposed
WDH,/data/10/entries/6/entries/3/entries/2/name,The God Catcher,捕神者,project-proposed
WDH,/data/10/entries/6/entries/3/entries/3/name,The Griffon,獅鷲,project-proposed
WDH,/data/10/entries/6/entries/3/entries/4/name,The Sahuagin Humbled,鯊華魚人謙卑,project-proposed
WDH,/data/10/entries/6/entries/3/entries/5/name,The Great Drunkard,醉漢,project-proposed
WDH,/data/10/entries/6/entries/3/entries/6/name,The Lady Dreaming,夢想女神,project-proposed
WDH,/data/10/entries/6/entries/3/entries/7/name,The Honorable Knight,榮譽騎士,project-proposed
WDH,/data/10/entries/6/entries/3/entries/8/name,The Hawk Man,鷹人,project-proposed
WDH,/data/10/entries/6/entries/3/entries/9/name,The Swordmaiden,劍舞者,project-proposed
WDH,/data/10/entries/6/entries/4/name,Infamous Alleys,臭名昭著的小巷,project-proposed
WDH,/data/10/entries/6/entries/4/entries/1/name,Ruid's Stroll,路德漫步道,project-proposed
WDH,/data/10/entries/6/entries/4/entries/2/name,Brindul Alley,布林度巷,project-proposed
WDH,/data/10/entries/6/entries/4/entries/3/name,Manycats Alley,群貓巷,project-proposed
WDH,/data/10/entries/6/entries/4/entries/4/name,Gondwatch Lane,貢德注視巷,project-proposed
WDH,/data/10/entries/6/entries/4/entries/5/name,Pharra's Alley,法拉巷,project-proposed
WDH,/data/10/entries/6/entries/4/entries/6/name,Three Daggers Alley,三匕首巷,project-proposed
WDH,/data/10/entries/6/entries/5/name,City Celebrations,城市慶典,project-proposed
WDH,/data/10/entries/6/entries/5/entries/1/name,Hammer 1: Wintershield,錘子節1: 冬盾節,project-proposed
WDH,/data/10/entries/6/entries/5/entries/2/name,Alturiak 14: The Grand Revel,阿爾圖里亞克14日：盛大狂歡節,project-proposed
WDH,/data/10/entries/6/entries/5/entries/3/name,Ches 1: Rhyestertide,切斯1日：瑞斯特潮節,project-proposed
WDH,/data/10/entries/6/entries/5/entries/4/name,Ches 19: Fey Day,切斯 19: 精類日,project-proposed
WDH,/data/10/entries/6/entries/5/entries/5/name,Ches 21–30: Fleetswake,切斯月21–30日：艦隊覺醒節,project-proposed
WDH,/data/10/entries/6/entries/5/entries/6/name,Tarsahk 1–10: Waukeentide,塔薩克月1-10日：沃金節,project-proposed
WDH,/data/10/entries/6/entries/5/entries/7/name,Mirtul 6–9: The Plowing and Running,米爾圖6–9日：耕耘與奔跑,project-proposed
WDH,/data/10/entries/6/entries/5/entries/8/name,Kythorn 1: Trolltide,凱索恩 1: 巨魔節,project-proposed
WDH,/data/10/entries/6/entries/5/entries/9/name,Kythorn 14: Guildhall Day,凱索恩 14: 公會大廳日,project-proposed
WDH,/data/10/entries/6/entries/5/entries/10/name,Kythorn 20: Dragondown,凱索恩 20: 龍降日,project-proposed
WDH,/data/10/entries/6/entries/5/entries/11/name,Flamerule 1: Founders' Day,弗萊姆魯爾 1: 創始者日,project-proposed
WDH,/data/10/entries/6/entries/5/entries/12/name,Flamerule 3–5: Sornyn,弗萊姆魯爾3-5日：索爾寧,project-proposed
WDH,/data/10/entries/6/entries/5/entries/13/name,Flamerule 7: Lliira's Night,弗萊姆魯爾 7: 莉拉之夜,project-proposed
WDH,/data/10/entries/6/entries/5/entries/14/name,Eleasis 1: Ahghairon's Day,伊萊西斯 1: 阿蓋爾倫日,project-proposed
WDH,/data/10/entries/6/entries/5/entries/15/name,Eleint 21: Brightswords,伊萊恩特 21: 明亮劍日,project-proposed
WDH,/data/10/entries/6/entries/5/entries/16/name,Marpenoth 3: Day of Wonders,瑪佩諾斯 3: 奇蹟日,project-proposed
WDH,/data/10/entries/6/entries/5/entries/17/name,Marpenoth 7: Stoneshar,瑪佩諾斯 7: 石刃日,project-proposed
WDH,/data/10/entries/6/entries/5/entries/18/name,Marpenoth 10: Reign of Misrule,瑪佩諾斯 10: 混亂統治日,project-proposed
WDH,/data/10/entries/6/entries/5/entries/19/name,Marpenoth 15: Gods' Day,瑪佩諾斯 15: 諸神之日,project-proposed
WDH,/data/10/entries/6/entries/5/entries/20/name,Marpenoth 30: Liar's Night,瑪佩諾斯 30: 說謊者之夜,project-proposed
WDH,/data/10/entries/6/entries/5/entries/21/name,Uktar: Selûne's Hallowing,烏克塔爾: 賽爾菲之夜,project-proposed
WDH,/data/10/entries/6/entries/5/entries/22/name,Uktar 20: Last Sheaf,烏克塔爾 20: 最後一捆,project-proposed
WDH,/data/10/entries/6/entries/5/entries/23/name,Nightal 11: Howldown,奈塔爾 11: 嚎哭日,project-proposed
WDH,/data/10/entries/6/entries/5/entries/24/name,Nightal 20: Simril,奈塔爾 20: 辛裡爾,project-proposed
WDH,/data/10/entries/7/name,Parting Words,結束語,project-proposed
WDH,/data/11/name,Appendix A: Magic Items,附錄A：魔法物品,project-proposed
WDH,/data/12/name,Appendix B: Monsters and NPCs,附錄B：怪物與非玩家角色,project-proposed
WDH,/data/12/entries/1/name,Ahmaergo,阿莫戈,existing-site
WDH,/data/12/entries/2/name,Ammalia Cassalanter,阿瑪利亞·卡薩蘭特,existing-site
WDH,/data/12/entries/3/name,Apprentice Wizard,學徒法師,existing-site
WDH,/data/12/entries/4/name,Aurinax,奧瑞納克斯,existing-site
WDH,/data/12/entries/4/entries/4/name,Game Statistics,遊戲資料,existing-site
WDH,/data/12/entries/5/name,Bard,吟遊詩人,existing-site
WDH,/data/12/entries/6/name,Barnibus Blastwind,巴尼布斯·陣風,existing-site
WDH,/data/12/entries/7/name,The Black Viper,黑毒蛇,project-proposed
WDH,/data/12/entries/8/name,City Guard,城防軍,project-proposed
WDH,/data/12/entries/8/entries/2/name,Ranks in the City Guard,城防軍的等級,existing-site
WDH,/data/12/entries/8/entries/3/name,Game Statistics,遊戲資料,existing-site
WDH,/data/12/entries/9/name,City Watch,城市守衛,existing-site
WDH,/data/12/entries/9/entries/2/name,Ranks in the City Watch,城市守衛的等級,project-proposed
WDH,/data/12/entries/9/entries/3/name,Game Statistics,遊戲資料,existing-site
WDH,/data/12/entries/10/name,The Doom Raiders,末日劫掠者,existing-site
WDH,/data/12/entries/10/entries/2/name,Davil Starsong,達維爾·星歌,existing-site
WDH,/data/12/entries/10/entries/3/name,Istrid Horn,伊思崔德·霍恩,existing-site
WDH,/data/12/entries/10/entries/4/name,Skeemo Weirdbottle,斯齊莫·奇瓶,existing-site
WDH,/data/12/entries/10/entries/5/name,Tashlyn Yafeera,塔什琳·雅菲拉,existing-site
WDH,/data/12/entries/10/entries/6/name,Ziraj the Hunter,獵人茲拉吉,existing-site
WDH,/data/12/entries/10/entries/6/entries/2/name,Treasure,寶藏,existing-site
WDH,/data/12/entries/11/name,Drow Gunslinger,卓爾火槍手,existing-site
WDH,/data/12/entries/11/entries/2/name,Fel'rekt Lafeen,菲爾萊科特·拉菲恩,existing-site
WDH,/data/12/entries/11/entries/2/entries/2/name,Game Statistics,遊戲資料,existing-site
WDH,/data/12/entries/11/entries/3/name,Krebbyg Masq'il'yr,克雷比格·馬斯奇爾,existing-site
WDH,/data/12/entries/11/entries/3/entries/2/name,Game Statistics,遊戲資料,existing-site
WDH,/data/12/entries/11/entries/4/name,Soluun Xibrindas,索倫·希布林達斯,existing-site
WDH,/data/12/entries/11/entries/4/entries/2/name,Game Statistics,遊戲資料,existing-site
WDH,/data/12/entries/12/name,Durnan,杜爾南,existing-site
WDH,/data/12/entries/13/name,Floon Blagmaar,福盧恩·布拉格瑪,existing-site
WDH,/data/12/entries/13/entries/2/name,Game Statistics,遊戲資料,existing-site
WDH,/data/12/entries/14/name,Gazer,凝視者眼魔,existing-site
WDH,/data/12/entries/15/name,Hlam,胡拉姆,existing-site
WDH,/data/12/entries/16/name,Hrabbaz,哈巴茲,existing-site
WDH,/data/12/entries/17/name,Jalester Silvermane,加萊斯特·銀鬃,existing-site
WDH,/data/12/entries/17/entries/2/name,Treasure,寶藏,existing-site
WDH,/data/12/entries/18/name,Jarlaxle Baenre,賈拉索·班瑞,existing-site
WDH,/data/12/entries/19/name,Laeral Silverhand,萊拉·銀手,existing-site
WDH,/data/12/entries/20/name,Manshoon,曼松,existing-site
WDH,/data/12/entries/20/entries/5/name,Manshoon Simulacrum,曼松的擬像,existing-site
WDH,/data/12/entries/21/name,Martial Arts Adept,武術高手,existing-site
WDH,/data/12/entries/22/name,Meloon Wardragon,麥倫·戰龍,existing-site
WDH,/data/12/entries/22/entries/3/name,Adjusted Game Statistics,調整後的遊戲具體數值,existing-site
WDH,/data/12/entries/23/name,Mirt,米爾特,existing-site
WDH,/data/12/entries/23/entries/3/name,Treasure,寶藏,existing-site
WDH,/data/12/entries/24/name,Nar'l Xibrindas,納爾·澤布林達斯,existing-site
WDH,/data/12/entries/24/entries/3/name,Game Statistics,遊戲資料,existing-site
WDH,/data/12/entries/25/name,Nihiloor,尼希盧爾,existing-site
WDH,/data/12/entries/25/entries/3/name,Game Statistics,遊戲資料,existing-site
WDH,/data/12/entries/26/name,Nimblewright,秘偶,existing-site
WDH,/data/12/entries/26/entries/2/name,Duelist,決鬥家,existing-site
WDH,/data/12/entries/26/entries/3/name,Constructed Nature,構裝本質,existing-site
WDH,/data/12/entries/27/name,Noska Ur'gray,諾思卡·厄格雷,existing-site
WDH,/data/12/entries/27/entries/2/name,Game Statistics,遊戲資料,existing-site
WDH,/data/12/entries/28/name,Orond Gralhund,奧隆德·格勞洪德,existing-site
WDH,/data/12/entries/28/entries/6/name,Game Statistics,遊戲資料,existing-site
WDH,/data/12/entries/29/name,Osvaldo Cassalanter,奧斯瓦多·卡薩蘭特,existing-site
WDH,/data/12/entries/29/entries/1/name,Game Statistics,遊戲資料,existing-site
WDH,/data/12/entries/30/name,Ott Steeltoes,奧特·鋼趾,existing-site
WDH,/data/12/entries/30/entries/2/name,Game Statistics,遊戲資料,existing-site
WDH,/data/12/entries/31/name,Remallia Haventree,蕾米莉亞·港樹,existing-site
WDH,/data/12/entries/32/name,Renaer Neverember,瑞納爾·無燼,existing-site
WDH,/data/12/entries/32/entries/4/name,Game Statistics,遊戲資料,existing-site
WDH,/data/12/entries/33/name,Saeth Cromley,薩斯·克姆利,existing-site
WDH,/data/12/entries/33/entries/1/name,Game Statistics,遊戲資料,existing-site
WDH,/data/12/entries/34/name,Swashbuckler,風流劍客,existing-site
WDH,/data/12/entries/35/name,Thorvin Twinbeard,索文·雙須,existing-site
WDH,/data/12/entries/35/entries/3/name,Game Statistics,遊戲資料,existing-site
WDH,/data/12/entries/36/name,Urstul Floxin,厄斯圖爾·弗洛克辛,existing-site
WDH,/data/12/entries/36/entries/2/name,Game Statistics,遊戲資料,existing-site
WDH,/data/12/entries/37/name,Vajra Safahr,瓦婕拉·莎法爾,existing-site
WDH,/data/12/entries/38/name,Victoro Cassalanter,維克托羅·卡薩蘭特,existing-site
WDH,/data/12/entries/39/name,Volothamp Geddarm,瓦羅贊普·格達姆,project-proposed
WDH,/data/12/entries/40/name,Walking Statues of Waterdeep,深水城自走雕像,project-proposed
WDH,/data/12/entries/40/entries/3/entries/0/name,Landmarks,地標,existing-site
WDH,/data/12/entries/40/entries/3/entries/1/name,Constructed Nature,構裝本質,existing-site
WDH,/data/12/entries/41/name,Xanathar,姍娜薩,existing-site
WDH,/data/12/entries/41/entries/6/name,Game Statistics,遊戲資料,existing-site
WDH,/data/12/entries/42/name,Yalah Gralhund,雅拉·格勞洪德,existing-site
WDH,/data/12/entries/42/entries/3/name,Game Statistics,遊戲資料,existing-site
WDH,/data/13/name,Appendix C: Handouts,附錄C：資料,project-proposed
WDH,/data/13/entries/0/name,Yawning Portal Friendly Faces,呵欠之門友好的面孔,project-proposed
WDH,/data/13/entries/1/name,The Code Legal,法律法典,project-proposed
WDH,/data/13/entries/2/name,Trollskull Manor,巨魔顱骨莊園,project-proposed
WDH,/data/13/entries/3/name,Key to the Yawning Portal,呵欠之門之鑰,project-proposed
WDH,/data/14/name,Poster Map,海報地圖,project-proposed
WDH,/data/15/name,Credits,製作組,project-proposed
WDH,/data/15/entries/0/items/0/name,Lead Designer,主設計師,project-proposed
WDH,/data/15/entries/0/items/1/name,Designers,設計師,project-proposed
WDH,/data/15/entries/0/items/2/name,Rules Development,規則開發,project-proposed
WDH,/data/15/entries/0/items/3/name,Story Consultants,故事顧問,project-proposed
WDH,/data/15/entries/0/items/4/name,Managing Editor,主管編輯,project-proposed
WDH,/data/15/entries/0/items/5/name,Lead Editor,主編,project-proposed
WDH,/data/15/entries/0/items/6/name,Editors,編輯,project-proposed
WDH,/data/15/entries/0/items/7/name,Art Director,美術指導,project-proposed
WDH,/data/15/entries/0/items/8/name,Additional Art Direction,其他藝術指導,project-proposed
WDH,/data/15/entries/0/items/9/name,Graphic Designer,平面設計師,project-proposed
WDH,/data/15/entries/0/items/10/name,Cover Illustrator,封面插畫師,project-proposed
WDH,/data/15/entries/0/items/11/name,Interior Illustrators,內頁插畫師,project-proposed
WDH,/data/15/entries/0/items/12/name,Interior Cartographer,內部製圖師,project-proposed
WDH,/data/15/entries/0/items/13/name,Poster Map,海報地圖,project-proposed
WDH,/data/15/entries/0/items/14/name,Producers,製作人,project-proposed
WDH,/data/15/entries/0/items/15/name,Product Engineer,產品工程師,project-proposed
WDH,/data/15/entries/0/items/16/name,Imaging Technicians,成像技術,project-proposed
WDH,/data/15/entries/0/items/17/name,Art Administration,藝術管理,project-proposed
WDH,/data/15/entries/0/items/18/name,Prepress Specialist,印前專家,project-proposed
WDH,/data/15/entries/0/items/19/name,Other D&D Team Members,其他D&D團隊成員,project-proposed
