category,english,source,zh_tw,status,existing_files
background,City Watch,scag,城市守衛,existing-site,data/zh-TW/character-options/backgrounds.json;data/zh-TW/character-options/fluff-backgrounds.json
background,Waterdhavian noble,scag,深水人貴族,existing-site,data/zh-TW/character-options/backgrounds.json;data/zh-TW/character-options/fluff-backgrounds.json
background,cloistered scholar,scag,與世隔絕的學者,existing-site,data/zh-TW/character-options/backgrounds.json;data/zh-TW/character-options/fluff-backgrounds.json
background,courtier,scag,朝臣,existing-site,data/zh-TW/character-options/backgrounds.json;data/zh-TW/character-options/fluff-backgrounds.json
background,faction agent,scag,組織代理人,existing-site,data/zh-TW/character-options/backgrounds.json;data/zh-TW/character-options/fluff-backgrounds.json
background,far traveler,scag,遠行者,existing-site,data/zh-TW/character-options/backgrounds.json;data/zh-TW/character-options/fluff-backgrounds.json
background,inheritor,scag,繼承人,existing-site,data/zh-TW/character-options/backgrounds.json;data/zh-TW/character-options/fluff-backgrounds.json;data/zh-TW/reference-pages/charcreationoptions.json
background,mercenary veteran,scag,老傭兵,existing-site,data/zh-TW/character-options/backgrounds.json;data/zh-TW/character-options/fluff-backgrounds.json
background,urban bounty hunter,scag,城市獵人,existing-site,data/zh-TW/character-options/backgrounds.json;data/zh-TW/character-options/fluff-backgrounds.json
condition,Invisible,,隱形,existing-site,data/zh-TW/rules/conditionsdiseases.json;data/zh-TW/rules/fluff-conditionsdiseases.json
condition,Invisible,PHB,隱形,existing-site,data/zh-TW/rules/conditionsdiseases.json;data/zh-TW/rules/fluff-conditionsdiseases.json
condition,blinded,,目盲,existing-site,data/zh-TW/rules/conditionsdiseases.json;data/zh-TW/rules/fluff-conditionsdiseases.json
condition,blinded,PHB,目盲,existing-site,data/zh-TW/rules/conditionsdiseases.json;data/zh-TW/rules/fluff-conditionsdiseases.json
condition,charmed,,魅惑,existing-site,data/zh-TW/rules/conditionsdiseases.json;data/zh-TW/rules/fluff-conditionsdiseases.json
condition,charmed,PHB,魅惑,existing-site,data/zh-TW/rules/conditionsdiseases.json;data/zh-TW/rules/fluff-conditionsdiseases.json
condition,exhaustion,,力竭,existing-site,data/zh-TW/rules/conditionsdiseases.json
condition,exhaustion,PHB,力竭,existing-site,data/zh-TW/rules/conditionsdiseases.json
condition,frightened,,恐懼,existing-site,data/zh-TW/rules/conditionsdiseases.json;data/zh-TW/rules/fluff-conditionsdiseases.json
condition,frightened,PHB,恐懼,existing-site,data/zh-TW/rules/conditionsdiseases.json;data/zh-TW/rules/fluff-conditionsdiseases.json
condition,incapacitated,,無力,existing-site,data/zh-TW/rules/conditionsdiseases.json
condition,incapacitated,PHB,無力,existing-site,data/zh-TW/rules/conditionsdiseases.json
condition,invisible,,隱形,existing-site,data/zh-TW/rules/conditionsdiseases.json;data/zh-TW/rules/fluff-conditionsdiseases.json
condition,invisible,PHB,隱形,existing-site,data/zh-TW/rules/conditionsdiseases.json;data/zh-TW/rules/fluff-conditionsdiseases.json
condition,paralyzed,,麻痺,existing-site,data/zh-TW/rules/conditionsdiseases.json;data/zh-TW/rules/fluff-conditionsdiseases.json
condition,paralyzed,PHB,麻痺,existing-site,data/zh-TW/rules/conditionsdiseases.json;data/zh-TW/rules/fluff-conditionsdiseases.json
condition,petrified,,石化,existing-site,data/zh-TW/rules/conditionsdiseases.json;data/zh-TW/rules/fluff-conditionsdiseases.json
condition,petrified,PHB,石化,existing-site,data/zh-TW/rules/conditionsdiseases.json;data/zh-TW/rules/fluff-conditionsdiseases.json
condition,poisoned,,中毒,existing-site,data/zh-TW/rules/conditionsdiseases.json;data/zh-TW/rules/fluff-conditionsdiseases.json
condition,poisoned,PHB,中毒,existing-site,data/zh-TW/rules/conditionsdiseases.json;data/zh-TW/rules/fluff-conditionsdiseases.json
condition,prone,,伏地,existing-site,data/zh-TW/rules/conditionsdiseases.json;data/zh-TW/rules/fluff-conditionsdiseases.json
condition,prone,PHB,伏地,existing-site,data/zh-TW/rules/conditionsdiseases.json;data/zh-TW/rules/fluff-conditionsdiseases.json
condition,restrained,,束縛,existing-site,data/zh-TW/rules/conditionsdiseases.json;data/zh-TW/rules/fluff-conditionsdiseases.json
condition,restrained,PHB,束縛,existing-site,data/zh-TW/rules/conditionsdiseases.json;data/zh-TW/rules/fluff-conditionsdiseases.json
condition,stunned,,震懾,existing-site,data/zh-TW/rules/conditionsdiseases.json;data/zh-TW/rules/fluff-conditionsdiseases.json
condition,stunned,PHB,震懾,existing-site,data/zh-TW/rules/conditionsdiseases.json;data/zh-TW/rules/fluff-conditionsdiseases.json
condition,unconscious,,昏迷,existing-site,data/zh-TW/rules/conditionsdiseases.json;data/zh-TW/rules/fluff-conditionsdiseases.json
condition,unconscious,PHB,昏迷,existing-site,data/zh-TW/rules/conditionsdiseases.json;data/zh-TW/rules/fluff-conditionsdiseases.json
creature,Ahmaergo,WDH,阿莫戈,existing-site,data/zh-TW/bestiary/bestiary-wdh.json;data/zh-TW/bestiary/fluff-bestiary-wdh.json
creature,Ammalia Cassalanter,WDH,阿瑪利亞·卡薩蘭特,existing-site,data/zh-TW/bestiary/bestiary-wdh.json;data/zh-TW/bestiary/fluff-bestiary-wdh.json
creature,Aurinax,WDH,奧瑞納克斯,existing-site,data/zh-TW/bestiary/bestiary-wdh.json;data/zh-TW/bestiary/fluff-bestiary-wdh.json
creature,Avi,WDH,阿維,existing-site,data/zh-TW/bestiary/bestiary-wdh.json;data/zh-TW/bestiary/fluff-bestiary-wdh.json
creature,Avi,wdh,阿維,existing-site,data/zh-TW/bestiary/bestiary-wdh.json;data/zh-TW/bestiary/fluff-bestiary-wdh.json
creature,Barnibus Blastwind,WDH,巴尼布斯·陣風,existing-site,data/zh-TW/bestiary/bestiary-wdh.json;data/zh-TW/bestiary/fluff-bestiary-wdh.json
creature,Bepis Honeymaker,wdh,貝皮斯·蜜釀師,existing-site,data/zh-TW/bestiary/bestiary-wdh.json;data/zh-TW/bestiary/fluff-bestiary-wdh.json
creature,Black Viper,WDH,黑毒蛇,existing-site,data/zh-TW/bestiary/bestiary-wdh.json;data/zh-TW/bestiary/fluff-bestiary-wdh.json
creature,Black Viper,wdh,黑毒蛇,existing-site,data/zh-TW/bestiary/bestiary-wdh.json;data/zh-TW/bestiary/fluff-bestiary-wdh.json
creature,Bonnie,WDH,邦妮,existing-site,data/zh-TW/bestiary/bestiary-wdh.json;data/zh-TW/bestiary/fluff-bestiary-wdh.json
creature,Davil Starsong,WDH,達維爾·星歌,existing-site,data/zh-TW/bestiary/bestiary-wdh.json;data/zh-TW/bestiary/fluff-bestiary-wdh.json
creature,Drow Gunslinger,wdh,卓爾火槍手,existing-site,data/zh-TW/bestiary/bestiary-wdh.json;data/zh-TW/bestiary/fluff-bestiary-wdh.json
creature,Durnan,WDH,杜爾南,existing-site,data/zh-TW/bestiary/bestiary-wdh.json;data/zh-TW/bestiary/fluff-bestiary-wdh.json
creature,Durnan,wdh,杜爾南,existing-site,data/zh-TW/bestiary/bestiary-wdh.json;data/zh-TW/bestiary/fluff-bestiary-wdh.json
creature,Embric,WDH,恩布里克,existing-site,data/zh-TW/bestiary/bestiary-wdh.json;data/zh-TW/bestiary/fluff-bestiary-wdh.json
creature,Embric,wdh,恩布里克,existing-site,data/zh-TW/bestiary/bestiary-wdh.json;data/zh-TW/bestiary/fluff-bestiary-wdh.json
creature,Emmek Frewn,WDH,埃梅克·弗倫,existing-site,data/zh-TW/bestiary/bestiary-wdh.json
creature,Fala Lefaliir,WDH,法拉·勒法利爾,existing-site,data/zh-TW/bestiary/bestiary-wdh.json;data/zh-TW/bestiary/fluff-bestiary-wdh.json
creature,Fala Lefaliir,wdh,法拉·勒法利爾,existing-site,data/zh-TW/bestiary/bestiary-wdh.json;data/zh-TW/bestiary/fluff-bestiary-wdh.json
creature,Fel'rekt Lafeen,WDH,菲爾萊科特·拉菲恩,existing-site,data/zh-TW/bestiary/bestiary-wdh.json
creature,Floon Blagmaar,WDH,福盧恩·布拉格瑪,existing-site,data/zh-TW/bestiary/bestiary-wdh.json
creature,Goblin,,地精,existing-site,data/zh-TW/bestiary/bestiary-mm.json;data/zh-TW/bestiary/fluff-bestiary-mm.json;data/zh-TW/character-options/fluff-races.json;data/zh-TW/character-options/races.json
creature,Goblin,MM,地精,existing-site,data/zh-TW/bestiary/bestiary-mm.json;data/zh-TW/bestiary/fluff-bestiary-mm.json;data/zh-TW/character-options/fluff-races.json;data/zh-TW/character-options/races.json
creature,Griffon Cavalry rider,WDH,獅鷲騎兵騎手,existing-site,data/zh-TW/bestiary/bestiary-wdh.json;data/zh-TW/bestiary/fluff-bestiary-wdh.json
creature,Grinda Garloth,WDH,格林達·加洛斯,existing-site,data/zh-TW/bestiary/bestiary-wdh.json;data/zh-TW/bestiary/fluff-bestiary-wdh.json
creature,Grum'shar,WDH,格魯姆沙,existing-site,data/zh-TW/bestiary/bestiary-wdh.json;data/zh-TW/bestiary/fluff-bestiary-wdh.json
creature,Grum'shar,wdh,格魯姆沙,existing-site,data/zh-TW/bestiary/bestiary-wdh.json;data/zh-TW/bestiary/fluff-bestiary-wdh.json
creature,Half-Ogre (Ogrillon),,半食人魔 (半獸食人魔),existing-site,data/zh-TW/bestiary/bestiary-mm.json;data/zh-TW/bestiary/fluff-bestiary-mm.json
creature,Hester Barch,WDH,赫絲特·巴奇,existing-site,data/zh-TW/bestiary/bestiary-wdh.json
creature,Hlam,WDH,胡拉姆,existing-site,data/zh-TW/bestiary/bestiary-wdh.json;data/zh-TW/bestiary/fluff-bestiary-wdh.json
creature,Hlam,wdh,胡拉姆,existing-site,data/zh-TW/bestiary/bestiary-wdh.json;data/zh-TW/bestiary/fluff-bestiary-wdh.json
creature,Hrabbaz,WDH,哈巴茲,existing-site,data/zh-TW/bestiary/bestiary-wdh.json;data/zh-TW/bestiary/fluff-bestiary-wdh.json
creature,Hrabbaz,wdh,哈巴茲,existing-site,data/zh-TW/bestiary/bestiary-wdh.json;data/zh-TW/bestiary/fluff-bestiary-wdh.json
creature,Istrid Horn,WDH,伊思崔德·霍恩,existing-site,data/zh-TW/bestiary/bestiary-wdh.json;data/zh-TW/bestiary/fluff-bestiary-wdh.json
creature,Jalester Silvermane,WDH,加萊斯特·銀鬃,existing-site,data/zh-TW/bestiary/bestiary-wdh.json;data/zh-TW/bestiary/fluff-bestiary-wdh.json
creature,Jandar Chergoba,wdh,詹達爾·切爾戈巴,existing-site,data/zh-TW/bestiary/bestiary-wdh.json;data/zh-TW/bestiary/fluff-bestiary-wdh.json
creature,Jarlaxle Baenre,WDH,賈拉索·班瑞,existing-site,data/zh-TW/bestiary/bestiary-wdh.json;data/zh-TW/bestiary/fluff-bestiary-wdh.json
creature,Jenks,WDH,詹克斯,existing-site,data/zh-TW/bestiary/bestiary-wdh.json;data/zh-TW/bestiary/fluff-bestiary-wdh.json
creature,Kaevja Cynavern,WDH,凱夫賈·西納文,existing-site,data/zh-TW/bestiary/bestiary-wdh.json;data/zh-TW/bestiary/fluff-bestiary-wdh.json
creature,Kaevja Cynavern,wdh,凱夫賈·西納文,existing-site,data/zh-TW/bestiary/bestiary-wdh.json;data/zh-TW/bestiary/fluff-bestiary-wdh.json
creature,Kalain,WDH,卡萊恩,existing-site,data/zh-TW/bestiary/bestiary-wdh.json;data/zh-TW/bestiary/fluff-bestiary-wdh.json
creature,Kalain,wdh,卡萊恩,existing-site,data/zh-TW/bestiary/bestiary-wdh.json;data/zh-TW/bestiary/fluff-bestiary-wdh.json
creature,Krebbyg Masq'il'yr,WDH,克雷比格·馬斯奇爾,existing-site,data/zh-TW/bestiary/bestiary-wdh.json
creature,Lady Gondafrey,WDH,岡達弗蕾女士,existing-site,data/zh-TW/bestiary/bestiary-wdh.json;data/zh-TW/bestiary/fluff-bestiary-wdh.json
creature,Lady Gondafrey,wdh,岡達弗蕾女士,existing-site,data/zh-TW/bestiary/bestiary-wdh.json;data/zh-TW/bestiary/fluff-bestiary-wdh.json
creature,Laeral Silverhand,WDH,萊拉·銀手,existing-site,data/zh-TW/bestiary/bestiary-wdh.json;data/zh-TW/bestiary/fluff-bestiary-wdh.json
creature,Laeral Silverhand,wdh,萊拉·銀手,existing-site,data/zh-TW/bestiary/bestiary-wdh.json;data/zh-TW/bestiary/fluff-bestiary-wdh.json
creature,"Laiba ""Nana"" Rosse",wdh,萊巴 '娜娜' 羅斯,existing-site,data/zh-TW/bestiary/bestiary-wdh.json;data/zh-TW/bestiary/fluff-bestiary-wdh.json
creature,Losser Mirklav,WDH,洛瑟·米爾克拉夫,existing-site,data/zh-TW/bestiary/bestiary-wdh.json;data/zh-TW/bestiary/fluff-bestiary-wdh.json
creature,Losser Mirklav,wdh,洛瑟·米爾克拉夫,existing-site,data/zh-TW/bestiary/bestiary-wdh.json;data/zh-TW/bestiary/fluff-bestiary-wdh.json
creature,Magister Umbero Zastro,wdh,大師翁貝羅·扎斯特羅,existing-site,data/zh-TW/bestiary/bestiary-wdh.json;data/zh-TW/bestiary/fluff-bestiary-wdh.json
creature,Manafret Cherryport,wdh,馬納弗雷特·切裡波特,existing-site,data/zh-TW/bestiary/bestiary-wdh.json;data/zh-TW/bestiary/fluff-bestiary-wdh.json
creature,Manshoon,WDH,曼松,existing-site,data/zh-TW/bestiary/bestiary-fraif.json;data/zh-TW/bestiary/bestiary-wdh.json;data/zh-TW/bestiary/fluff-bestiary-fraif.json;data/zh-TW/bestiary/fluff-bestiary-wdh.json
creature,Manshoon,wdh,曼松,existing-site,data/zh-TW/bestiary/bestiary-fraif.json;data/zh-TW/bestiary/bestiary-wdh.json;data/zh-TW/bestiary/fluff-bestiary-fraif.json;data/zh-TW/bestiary/fluff-bestiary-wdh.json
creature,Manshoon Simulacrum,wdh,曼松的擬像,existing-site,data/zh-TW/bestiary/bestiary-wdh.json;data/zh-TW/bestiary/fluff-bestiary-wdh.json
creature,Manshoon simulacrum,wdh,曼松的擬像,existing-site,data/zh-TW/bestiary/bestiary-wdh.json;data/zh-TW/bestiary/fluff-bestiary-wdh.json
creature,Martial arts adept,VGM,武術高手,existing-site,data/zh-TW/bestiary/bestiary-mpmm.json;data/zh-TW/bestiary/bestiary-vgm.json;data/zh-TW/bestiary/fluff-bestiary-mpmm.json;data/zh-TW/bestiary/fluff-bestiary-vgm.json
creature,Maxeene,WDH,瑪克辛,existing-site,data/zh-TW/bestiary/bestiary-wdh.json;data/zh-TW/bestiary/fluff-bestiary-wdh.json
creature,Maxeene,wdh,瑪克辛,existing-site,data/zh-TW/bestiary/bestiary-wdh.json;data/zh-TW/bestiary/fluff-bestiary-wdh.json
creature,Melannor Fellbranch,WDH,梅蘭諾·費爾布蘭奇,existing-site,data/zh-TW/bestiary/bestiary-wdh.json;data/zh-TW/bestiary/fluff-bestiary-wdh.json
creature,Melannor Fellbranch,wdh,梅蘭諾·費爾布蘭奇,existing-site,data/zh-TW/bestiary/bestiary-wdh.json;data/zh-TW/bestiary/fluff-bestiary-wdh.json
creature,Meloon Wardragon,WDH,麥倫·戰龍,existing-site,data/zh-TW/bestiary/bestiary-wdh.json;data/zh-TW/bestiary/fluff-bestiary-wdh.json
creature,Meloon Wardragon,wdh,麥倫·戰龍,existing-site,data/zh-TW/bestiary/bestiary-wdh.json;data/zh-TW/bestiary/fluff-bestiary-wdh.json
creature,Mimic,,擬身怪,existing-site,data/zh-TW/bestiary/bestiary-mm.json;data/zh-TW/bestiary/bestiary-xmm.json;data/zh-TW/bestiary/fluff-bestiary-mm.json;data/zh-TW/bestiary/fluff-bestiary-xmm.json
creature,Mimic,MM,擬身怪,existing-site,data/zh-TW/bestiary/bestiary-mm.json;data/zh-TW/bestiary/bestiary-xmm.json;data/zh-TW/bestiary/fluff-bestiary-mm.json;data/zh-TW/bestiary/fluff-bestiary-xmm.json
creature,Mirt,WDH,米爾特,existing-site,data/zh-TW/bestiary/bestiary-wdh.json;data/zh-TW/bestiary/fluff-bestiary-wdh.json
creature,Mirt,wdh,米爾特,existing-site,data/zh-TW/bestiary/bestiary-wdh.json;data/zh-TW/bestiary/fluff-bestiary-wdh.json
creature,Nar'l Xibrindas,WDH,納爾·澤布林達斯,existing-site,data/zh-TW/bestiary/bestiary-wdh.json;data/zh-TW/bestiary/fluff-bestiary-wdh.json
creature,Nar'l Xibrindas,wdh,納爾·澤布林達斯,existing-site,data/zh-TW/bestiary/bestiary-wdh.json;data/zh-TW/bestiary/fluff-bestiary-wdh.json
creature,Nat,WDH,納特,existing-site,data/zh-TW/bestiary/bestiary-wdh.json;data/zh-TW/bestiary/fluff-bestiary-wdh.json
creature,Nihiloor,WDH,尼希盧爾,existing-site,data/zh-TW/bestiary/bestiary-wdh.json;data/zh-TW/bestiary/fluff-bestiary-wdh.json
creature,Noska Ur'gray,wdh,諾思卡·厄格雷,existing-site,data/zh-TW/bestiary/bestiary-wdh.json;data/zh-TW/bestiary/fluff-bestiary-wdh.json
creature,Obaya Uday,WDH,歐芭雅·烏黛,existing-site,data/zh-TW/bestiary/bestiary-wdh.json;data/zh-TW/bestiary/fluff-bestiary-wdh.json
creature,Obliteros,wdh,奧布里特羅斯,existing-site,data/zh-TW/bestiary/bestiary-wdh.json;data/zh-TW/bestiary/fluff-bestiary-wdh.json
creature,Orond Gralhund,WDH,奧隆德·格勞洪德,existing-site,data/zh-TW/bestiary/bestiary-wdh.json;data/zh-TW/bestiary/fluff-bestiary-wdh.json
creature,Orond Gralhund,wdh,奧隆德·格勞洪德,existing-site,data/zh-TW/bestiary/bestiary-wdh.json;data/zh-TW/bestiary/fluff-bestiary-wdh.json
creature,Osvaldo Cassalanter,WDH,奧斯瓦多·卡薩蘭特,existing-site,data/zh-TW/bestiary/bestiary-wdh.json;data/zh-TW/bestiary/fluff-bestiary-wdh.json
creature,Ott Steeltoes,wdh,奧特·鋼趾,existing-site,data/zh-TW/bestiary/bestiary-wdh.json;data/zh-TW/bestiary/fluff-bestiary-wdh.json
creature,Panopticus Wizard,wdh,全視之眼法師,existing-site,data/zh-TW/bestiary/bestiary-wdh.json;data/zh-TW/bestiary/fluff-bestiary-wdh.json
creature,Remallia Haventree,WDH,蕾米莉亞·港樹,existing-site,data/zh-TW/bestiary/bestiary-wdh.json;data/zh-TW/bestiary/fluff-bestiary-wdh.json
creature,Remallia Haventree,wdh,蕾米莉亞·港樹,existing-site,data/zh-TW/bestiary/bestiary-wdh.json;data/zh-TW/bestiary/fluff-bestiary-wdh.json
creature,Renaer Neverember,WDH,瑞納爾·無燼,existing-site,data/zh-TW/bestiary/bestiary-wdh.json;data/zh-TW/bestiary/fluff-bestiary-wdh.json
creature,Renaer Neverember,wdh,瑞納爾·無燼,existing-site,data/zh-TW/bestiary/bestiary-wdh.json;data/zh-TW/bestiary/fluff-bestiary-wdh.json
creature,Saeth Cromley,WDH,薩斯·克姆利,existing-site,data/zh-TW/bestiary/bestiary-wdh.json;data/zh-TW/bestiary/fluff-bestiary-wdh.json
creature,Saeth Cromley,wdh,薩斯·克姆利,existing-site,data/zh-TW/bestiary/bestiary-wdh.json;data/zh-TW/bestiary/fluff-bestiary-wdh.json
creature,Samara Strongbones,WDH,薩馬拉·強骨,existing-site,data/zh-TW/bestiary/bestiary-wdh.json
creature,Sergeant,WDH,軍士,existing-site,data/zh-TW/bestiary/bestiary-erlw.json;data/zh-TW/bestiary/bestiary-wdh.json
creature,Shard Shunner,WDH,碎片迴避者,existing-site,data/zh-TW/bestiary/bestiary-wdh.json;data/zh-TW/bestiary/fluff-bestiary-wdh.json
creature,Shard Shunner,wdh,碎片迴避者,existing-site,data/zh-TW/bestiary/bestiary-wdh.json;data/zh-TW/bestiary/fluff-bestiary-wdh.json
creature,Skeemo Weirdbottle,WDH,斯齊莫·奇瓶,existing-site,data/zh-TW/bestiary/bestiary-wdh.json;data/zh-TW/bestiary/fluff-bestiary-wdh.json
creature,Soluun Xibrindas,WDH,索倫·希布林達斯,existing-site,data/zh-TW/bestiary/bestiary-wdh.json;data/zh-TW/bestiary/fluff-bestiary-wdh.json
creature,Soluun Xibrindas,wdh,索倫·希布林達斯,existing-site,data/zh-TW/bestiary/bestiary-wdh.json;data/zh-TW/bestiary/fluff-bestiary-wdh.json
creature,Squiddly,WDH,斯奎迪利,existing-site,data/zh-TW/bestiary/bestiary-wdh.json;data/zh-TW/bestiary/fluff-bestiary-wdh.json
creature,Swashbuckler,VGM,風流劍客,existing-site,data/zh-TW/bestiary/bestiary-mpmm.json;data/zh-TW/bestiary/bestiary-vgm.json;data/zh-TW/bestiary/fluff-bestiary-mpmm.json;data/zh-TW/bestiary/fluff-bestiary-vgm.json;data/zh-TW/bestiary/fluff-bestiary-wdh.json;data/zh-TW/class/class-rogue.json;data/zh-TW/class/fluff-class-rogue.json
creature,Sylgar,WDH,斯爾嘉,existing-site,data/zh-TW/bestiary/bestiary-wdh.json;data/zh-TW/bestiary/fluff-bestiary-wdh.json
creature,Sylgar,wdh,斯爾嘉,existing-site,data/zh-TW/bestiary/bestiary-wdh.json;data/zh-TW/bestiary/fluff-bestiary-wdh.json
creature,"Talisolvanar ""Tally"" Fellbranch",wdh,"塔利索瓦納 ""塔莉"" 費爾布蘭奇",existing-site,data/zh-TW/bestiary/bestiary-wdh.json;data/zh-TW/bestiary/fluff-bestiary-wdh.json
creature,Tashlyn Yafeera,WDH,塔什琳·雅菲拉,existing-site,data/zh-TW/bestiary/bestiary-wdh.json;data/zh-TW/bestiary/fluff-bestiary-wdh.json
creature,Thorvin Twinbeard,wdh,索文·雙須,existing-site,data/zh-TW/bestiary/bestiary-wdh.json;data/zh-TW/bestiary/fluff-bestiary-wdh.json
creature,Thrakkus,WDH,薩卡斯,existing-site,data/zh-TW/bestiary/bestiary-wdh.json;data/zh-TW/bestiary/fluff-bestiary-wdh.json
creature,Thrakkus,wdh,薩卡斯,existing-site,data/zh-TW/bestiary/bestiary-wdh.json;data/zh-TW/bestiary/fluff-bestiary-wdh.json
creature,Tissina Khyret,WDH,蒂西娜·凱瑞特,existing-site,data/zh-TW/bestiary/bestiary-wdh.json;data/zh-TW/bestiary/fluff-bestiary-wdh.json
creature,Tissina Khyret,wdh,蒂西娜·凱瑞特,existing-site,data/zh-TW/bestiary/bestiary-wdh.json;data/zh-TW/bestiary/fluff-bestiary-wdh.json
creature,Urstul Floxin,WDH,厄斯圖爾·弗洛克辛,existing-site,data/zh-TW/bestiary/bestiary-wdh.json;data/zh-TW/bestiary/fluff-bestiary-wdh.json
creature,Urstul Floxin,wdh,厄斯圖爾·弗洛克辛,existing-site,data/zh-TW/bestiary/bestiary-wdh.json;data/zh-TW/bestiary/fluff-bestiary-wdh.json
creature,Vajra Safahr,WDH,瓦婕拉·莎法爾,existing-site,data/zh-TW/bestiary/bestiary-wdh.json;data/zh-TW/bestiary/fluff-bestiary-wdh.json
creature,Vajra Safahr,wdh,瓦婕拉·莎法爾,existing-site,data/zh-TW/bestiary/bestiary-wdh.json;data/zh-TW/bestiary/fluff-bestiary-wdh.json
creature,Valetta,WDH,瓦萊塔,existing-site,data/zh-TW/bestiary/bestiary-wdh.json;data/zh-TW/bestiary/fluff-bestiary-wdh.json
creature,Valetta,wdh,瓦萊塔,existing-site,data/zh-TW/bestiary/bestiary-wdh.json;data/zh-TW/bestiary/fluff-bestiary-wdh.json
creature,Victoro Cassalanter,WDH,維克托羅·卡薩蘭特,existing-site,data/zh-TW/bestiary/bestiary-wdh.json;data/zh-TW/bestiary/fluff-bestiary-wdh.json
creature,Victoro Cassalanter,wdh,維克托羅·卡薩蘭特,existing-site,data/zh-TW/bestiary/bestiary-wdh.json;data/zh-TW/bestiary/fluff-bestiary-wdh.json
creature,Vincent Trench,WDH,文森特·特倫奇,existing-site,data/zh-TW/bestiary/bestiary-wdh.json
creature,Walking Statue of Waterdeep,wdh,深水城自走雕像,existing-site,data/zh-TW/bestiary/bestiary-wdh.json;data/zh-TW/bestiary/fluff-bestiary-wdh.json
creature,Willifort Crowelle,WDH,威利福特·克羅威爾,existing-site,data/zh-TW/bestiary/bestiary-wdh.json
creature,Xanathar,WDH,姍娜薩,existing-site,data/zh-TW/bestiary/bestiary-wdh.json;data/zh-TW/bestiary/fluff-bestiary-wdh.json
creature,Yagra Stonefist,WDH,雅格拉·石拳,existing-site,data/zh-TW/bestiary/bestiary-wdh.json;data/zh-TW/bestiary/fluff-bestiary-wdh.json
creature,Yagra Stonefist,wdh,雅格拉·石拳,existing-site,data/zh-TW/bestiary/bestiary-wdh.json;data/zh-TW/bestiary/fluff-bestiary-wdh.json
creature,Yalah Gralhund,WDH,雅拉·格勞洪德,existing-site,data/zh-TW/bestiary/bestiary-wdh.json;data/zh-TW/bestiary/fluff-bestiary-wdh.json
creature,Yalah Gralhund,wdh,雅拉·格勞洪德,existing-site,data/zh-TW/bestiary/bestiary-wdh.json;data/zh-TW/bestiary/fluff-bestiary-wdh.json
creature,Yorn,WDH,約恩,existing-site,data/zh-TW/bestiary/bestiary-wdh.json;data/zh-TW/bestiary/fluff-bestiary-wdh.json
creature,Yorn,wdh,約恩,existing-site,data/zh-TW/bestiary/bestiary-wdh.json;data/zh-TW/bestiary/fluff-bestiary-wdh.json
creature,Zhent Martial Arts Adept,wdh,贊特武術專家,existing-site,data/zh-TW/bestiary/bestiary-wdh.json;data/zh-TW/bestiary/fluff-bestiary-wdh.json
creature,Ziraj the Hunter,WDH,獵人茲拉吉,existing-site,data/zh-TW/bestiary/bestiary-wdh.json;data/zh-TW/bestiary/fluff-bestiary-wdh.json
creature,acolyte,,侍僧,existing-site,data/zh-TW/bestiary/bestiary-mm.json;data/zh-TW/bestiary/fluff-bestiary-mm.json;data/zh-TW/character-options/backgrounds.json;data/zh-TW/character-options/fluff-backgrounds.json
creature,acolyte,MM,侍僧,existing-site,data/zh-TW/bestiary/bestiary-mm.json;data/zh-TW/bestiary/fluff-bestiary-mm.json;data/zh-TW/character-options/backgrounds.json;data/zh-TW/character-options/fluff-backgrounds.json
creature,adult gold dragon,,成年金龍,existing-site,data/zh-TW/bestiary/bestiary-mm.json;data/zh-TW/bestiary/bestiary-xmm.json;data/zh-TW/bestiary/fluff-bestiary-mm.json;data/zh-TW/bestiary/fluff-bestiary-xmm.json
creature,adult gold dragon,MM,成年金龍,existing-site,data/zh-TW/bestiary/bestiary-mm.json;data/zh-TW/bestiary/bestiary-xmm.json;data/zh-TW/bestiary/fluff-bestiary-mm.json;data/zh-TW/bestiary/fluff-bestiary-xmm.json
creature,allosaurus,,異特龍,existing-site,data/zh-TW/bestiary/bestiary-mm.json;data/zh-TW/bestiary/bestiary-xmm.json;data/zh-TW/bestiary/fluff-bestiary-mm.json;data/zh-TW/bestiary/fluff-bestiary-xmm.json
creature,allosaurus,MM,異特龍,existing-site,data/zh-TW/bestiary/bestiary-mm.json;data/zh-TW/bestiary/bestiary-xmm.json;data/zh-TW/bestiary/fluff-bestiary-mm.json;data/zh-TW/bestiary/fluff-bestiary-xmm.json
creature,animated armor,,活化盔甲,existing-site,data/zh-TW/bestiary/bestiary-mm.json;data/zh-TW/bestiary/bestiary-xmm.json;data/zh-TW/bestiary/fluff-bestiary-mm.json;data/zh-TW/bestiary/fluff-bestiary-xmm.json
creature,animated armor,MM,活化盔甲,existing-site,data/zh-TW/bestiary/bestiary-mm.json;data/zh-TW/bestiary/bestiary-xmm.json;data/zh-TW/bestiary/fluff-bestiary-mm.json;data/zh-TW/bestiary/fluff-bestiary-xmm.json
creature,ape,,猿,existing-site,data/zh-TW/bestiary/bestiary-mm.json;data/zh-TW/bestiary/bestiary-xmm.json;data/zh-TW/bestiary/fluff-bestiary-xmm.json
creature,apprentice wizard,VGM,學徒法師,existing-site,data/zh-TW/bestiary/bestiary-mpmm.json;data/zh-TW/bestiary/bestiary-vgm.json;data/zh-TW/bestiary/fluff-bestiary-mpmm.json;data/zh-TW/bestiary/fluff-bestiary-vgm.json
creature,apprentice wizard,vgm,學徒法師,existing-site,data/zh-TW/bestiary/bestiary-mpmm.json;data/zh-TW/bestiary/bestiary-vgm.json;data/zh-TW/bestiary/fluff-bestiary-mpmm.json;data/zh-TW/bestiary/fluff-bestiary-vgm.json
creature,archmage,,大法師,existing-site,data/zh-TW/bestiary/bestiary-mm.json;data/zh-TW/bestiary/bestiary-xmm.json;data/zh-TW/bestiary/fluff-bestiary-mm.json;data/zh-TW/bestiary/fluff-bestiary-xmm.json
creature,archmage,MM,大法師,existing-site,data/zh-TW/bestiary/bestiary-mm.json;data/zh-TW/bestiary/bestiary-xmm.json;data/zh-TW/bestiary/fluff-bestiary-mm.json;data/zh-TW/bestiary/fluff-bestiary-xmm.json
creature,assassin,,刺客,existing-site,data/zh-TW/bestiary/bestiary-mm.json;data/zh-TW/bestiary/bestiary-xmm.json;data/zh-TW/bestiary/fluff-bestiary-mm.json;data/zh-TW/bestiary/fluff-bestiary-xmm.json;data/zh-TW/class/class-rogue.json;data/zh-TW/class/fluff-class-rogue.json
creature,assassin,MM,刺客,existing-site,data/zh-TW/bestiary/bestiary-mm.json;data/zh-TW/bestiary/bestiary-xmm.json;data/zh-TW/bestiary/fluff-bestiary-mm.json;data/zh-TW/bestiary/fluff-bestiary-xmm.json;data/zh-TW/class/class-rogue.json;data/zh-TW/class/fluff-class-rogue.json
creature,awakened rat,wdh,啟蒙鼠,existing-site,data/zh-TW/bestiary/bestiary-wdh.json
creature,axe beak,,斧嘴鳥,existing-site,data/zh-TW/bestiary/bestiary-mm.json;data/zh-TW/bestiary/bestiary-xmm.json;data/zh-TW/bestiary/fluff-bestiary-mm.json;data/zh-TW/bestiary/fluff-bestiary-xmm.json;data/zh-TW/items/fluff-items.json;data/zh-TW/items/items-000.json
creature,axe beak,MM,斧嘴鳥,existing-site,data/zh-TW/bestiary/bestiary-mm.json;data/zh-TW/bestiary/bestiary-xmm.json;data/zh-TW/bestiary/fluff-bestiary-mm.json;data/zh-TW/bestiary/fluff-bestiary-xmm.json;data/zh-TW/items/fluff-items.json;data/zh-TW/items/items-000.json
creature,bandit,,匪徒,existing-site,data/zh-TW/bestiary/bestiary-mm.json;data/zh-TW/bestiary/bestiary-xmm.json;data/zh-TW/bestiary/fluff-bestiary-mm.json;data/zh-TW/bestiary/fluff-bestiary-xmm.json
creature,bandit,MM,匪徒,existing-site,data/zh-TW/bestiary/bestiary-mm.json;data/zh-TW/bestiary/bestiary-xmm.json;data/zh-TW/bestiary/fluff-bestiary-mm.json;data/zh-TW/bestiary/fluff-bestiary-xmm.json
creature,bandit captain,,匪幫隊長,existing-site,data/zh-TW/bestiary/bestiary-mm.json;data/zh-TW/bestiary/bestiary-xmm.json;data/zh-TW/bestiary/fluff-bestiary-mm.json;data/zh-TW/bestiary/fluff-bestiary-xmm.json
creature,bandit captain,MM,匪幫隊長,existing-site,data/zh-TW/bestiary/bestiary-mm.json;data/zh-TW/bestiary/bestiary-xmm.json;data/zh-TW/bestiary/fluff-bestiary-mm.json;data/zh-TW/bestiary/fluff-bestiary-xmm.json
creature,barbed devil,MM,蝟魔,existing-site,data/zh-TW/bestiary/bestiary-mm.json;data/zh-TW/bestiary/bestiary-wtthc.json;data/zh-TW/bestiary/bestiary-xmm.json;data/zh-TW/bestiary/fluff-bestiary-mm.json;data/zh-TW/bestiary/fluff-bestiary-wtthc.json;data/zh-TW/bestiary/fluff-bestiary-xmm.json
creature,bard,VGM,吟遊詩人,existing-site,data/zh-TW/bestiary/bestiary-mpmm.json;data/zh-TW/bestiary/bestiary-vgm.json;data/zh-TW/bestiary/fluff-bestiary-mpmm.json;data/zh-TW/bestiary/fluff-bestiary-vgm.json;data/zh-TW/class/class-bard.json;data/zh-TW/class/fluff-class-bard.json
creature,bard,vgm,吟遊詩人,existing-site,data/zh-TW/bestiary/bestiary-mpmm.json;data/zh-TW/bestiary/bestiary-vgm.json;data/zh-TW/bestiary/fluff-bestiary-mpmm.json;data/zh-TW/bestiary/fluff-bestiary-vgm.json;data/zh-TW/class/class-bard.json;data/zh-TW/class/fluff-class-bard.json
creature,barlgura,,惡猿魔,existing-site,data/zh-TW/bestiary/bestiary-mm.json;data/zh-TW/bestiary/bestiary-xmm.json;data/zh-TW/bestiary/fluff-bestiary-mm.json;data/zh-TW/bestiary/fluff-bestiary-xmm.json
creature,barlgura,MM,惡猿魔,existing-site,data/zh-TW/bestiary/bestiary-mm.json;data/zh-TW/bestiary/bestiary-xmm.json;data/zh-TW/bestiary/fluff-bestiary-mm.json;data/zh-TW/bestiary/fluff-bestiary-xmm.json
creature,bearded devil,,須魔,existing-site,data/zh-TW/bestiary/bestiary-mm.json;data/zh-TW/bestiary/bestiary-wtthc.json;data/zh-TW/bestiary/bestiary-xmm.json;data/zh-TW/bestiary/fluff-bestiary-mm.json;data/zh-TW/bestiary/fluff-bestiary-wtthc.json;data/zh-TW/bestiary/fluff-bestiary-xmm.json
creature,bearded devil,MM,須魔,existing-site,data/zh-TW/bestiary/bestiary-mm.json;data/zh-TW/bestiary/bestiary-wtthc.json;data/zh-TW/bestiary/bestiary-xmm.json;data/zh-TW/bestiary/fluff-bestiary-mm.json;data/zh-TW/bestiary/fluff-bestiary-wtthc.json;data/zh-TW/bestiary/fluff-bestiary-xmm.json
creature,beholder,,眼魔,existing-site,data/zh-TW/bestiary/bestiary-mm.json;data/zh-TW/bestiary/bestiary-xmm.json;data/zh-TW/bestiary/fluff-bestiary-mm.json;data/zh-TW/bestiary/fluff-bestiary-xmm.json;data/zh-TW/bestiary/legendarygroups.json;data/zh-TW/craft-pages/fluff-homecrafts.json;data/zh-TW/craft-pages/homecrafts.json
creature,beholder,MM,眼魔,existing-site,data/zh-TW/bestiary/bestiary-mm.json;data/zh-TW/bestiary/bestiary-xmm.json;data/zh-TW/bestiary/fluff-bestiary-mm.json;data/zh-TW/bestiary/fluff-bestiary-xmm.json;data/zh-TW/bestiary/legendarygroups.json;data/zh-TW/craft-pages/fluff-homecrafts.json;data/zh-TW/craft-pages/homecrafts.json
creature,beholder zombie,,眼魔喪屍,existing-site,data/zh-TW/bestiary/bestiary-mm.json;data/zh-TW/bestiary/bestiary-xmm.json;data/zh-TW/bestiary/fluff-bestiary-mm.json;data/zh-TW/bestiary/fluff-bestiary-xmm.json
creature,beholder zombie,MM,眼魔喪屍,existing-site,data/zh-TW/bestiary/bestiary-mm.json;data/zh-TW/bestiary/bestiary-xmm.json;data/zh-TW/bestiary/fluff-bestiary-mm.json;data/zh-TW/bestiary/fluff-bestiary-xmm.json
creature,berserker,,狂戰士,existing-site,data/zh-TW/bestiary/bestiary-mm.json;data/zh-TW/bestiary/bestiary-xmm.json;data/zh-TW/bestiary/fluff-bestiary-mm.json;data/zh-TW/bestiary/fluff-bestiary-xmm.json
creature,berserker,MM,狂戰士,existing-site,data/zh-TW/bestiary/bestiary-mm.json;data/zh-TW/bestiary/bestiary-xmm.json;data/zh-TW/bestiary/fluff-bestiary-mm.json;data/zh-TW/bestiary/fluff-bestiary-xmm.json
creature,black pudding,,黑布丁,existing-site,data/zh-TW/bestiary/bestiary-mm.json;data/zh-TW/bestiary/bestiary-xmm.json;data/zh-TW/bestiary/fluff-bestiary-mm.json;data/zh-TW/bestiary/fluff-bestiary-xmm.json;data/zh-TW/craft-pages/fluff-recipes.json;data/zh-TW/craft-pages/recipes.json
creature,black pudding,MM,黑布丁,existing-site,data/zh-TW/bestiary/bestiary-mm.json;data/zh-TW/bestiary/bestiary-xmm.json;data/zh-TW/bestiary/fluff-bestiary-mm.json;data/zh-TW/bestiary/fluff-bestiary-xmm.json;data/zh-TW/craft-pages/fluff-recipes.json;data/zh-TW/craft-pages/recipes.json
creature,bugbear,,熊地精,existing-site,data/zh-TW/bestiary/bestiary-mm.json;data/zh-TW/bestiary/fluff-bestiary-mm.json;data/zh-TW/character-options/fluff-races.json;data/zh-TW/character-options/races.json
creature,bugbear,MM,熊地精,existing-site,data/zh-TW/bestiary/bestiary-mm.json;data/zh-TW/bestiary/fluff-bestiary-mm.json;data/zh-TW/character-options/fluff-races.json;data/zh-TW/character-options/races.json
creature,carrion crawler,,食腐蟲,existing-site,data/zh-TW/bestiary/bestiary-mm.json;data/zh-TW/bestiary/bestiary-xmm.json;data/zh-TW/bestiary/fluff-bestiary-mm.json;data/zh-TW/bestiary/fluff-bestiary-xmm.json
creature,carrion crawler,MM,食腐蟲,existing-site,data/zh-TW/bestiary/bestiary-mm.json;data/zh-TW/bestiary/bestiary-xmm.json;data/zh-TW/bestiary/fluff-bestiary-mm.json;data/zh-TW/bestiary/fluff-bestiary-xmm.json
creature,chain devil,,鏈魔,existing-site,data/zh-TW/bestiary/bestiary-mm.json;data/zh-TW/bestiary/bestiary-xmm.json;data/zh-TW/bestiary/fluff-bestiary-mm.json;data/zh-TW/bestiary/fluff-bestiary-xmm.json
creature,chain devil,MM,鏈魔,existing-site,data/zh-TW/bestiary/bestiary-mm.json;data/zh-TW/bestiary/bestiary-xmm.json;data/zh-TW/bestiary/fluff-bestiary-mm.json;data/zh-TW/bestiary/fluff-bestiary-xmm.json
creature,commoner,,平民,existing-site,data/zh-TW/bestiary/bestiary-mm.json;data/zh-TW/bestiary/bestiary-wtthc.json;data/zh-TW/bestiary/bestiary-xmm.json;data/zh-TW/bestiary/fluff-bestiary-mm.json;data/zh-TW/bestiary/fluff-bestiary-wtthc.json;data/zh-TW/bestiary/fluff-bestiary-xmm.json
creature,commoner,MM,平民,existing-site,data/zh-TW/bestiary/bestiary-mm.json;data/zh-TW/bestiary/bestiary-wtthc.json;data/zh-TW/bestiary/bestiary-xmm.json;data/zh-TW/bestiary/fluff-bestiary-mm.json;data/zh-TW/bestiary/fluff-bestiary-wtthc.json;data/zh-TW/bestiary/fluff-bestiary-xmm.json
creature,crawling claw,,蠕行之爪,existing-site,data/zh-TW/bestiary/bestiary-mm.json;data/zh-TW/bestiary/bestiary-xmm.json;data/zh-TW/bestiary/fluff-bestiary-mm.json;data/zh-TW/bestiary/fluff-bestiary-xmm.json
creature,cult fanatic,,邪教狂信者,existing-site,data/zh-TW/bestiary/bestiary-mm.json;data/zh-TW/bestiary/fluff-bestiary-mm.json
creature,cult fanatic,MM,邪教狂信者,existing-site,data/zh-TW/bestiary/bestiary-mm.json;data/zh-TW/bestiary/fluff-bestiary-mm.json
creature,cultist,,邪教徒,existing-site,data/zh-TW/bestiary/bestiary-mm.json;data/zh-TW/bestiary/bestiary-xmm.json;data/zh-TW/bestiary/fluff-bestiary-mm.json;data/zh-TW/bestiary/fluff-bestiary-xmm.json
creature,cultist,MM,邪教徒,existing-site,data/zh-TW/bestiary/bestiary-mm.json;data/zh-TW/bestiary/bestiary-xmm.json;data/zh-TW/bestiary/fluff-bestiary-mm.json;data/zh-TW/bestiary/fluff-bestiary-xmm.json
creature,death dog,,亡命惡犬,existing-site,data/zh-TW/bestiary/bestiary-mm.json;data/zh-TW/bestiary/bestiary-xmm.json;data/zh-TW/bestiary/fluff-bestiary-mm.json;data/zh-TW/bestiary/fluff-bestiary-xmm.json
creature,deep gnome (svirfneblin),,地底侏儒（斯涅布力）,existing-site,data/zh-TW/bestiary/bestiary-mm.json;data/zh-TW/bestiary/fluff-bestiary-mm.json
creature,diatryma,WDH,不飛鳥,existing-site,data/zh-TW/bestiary/bestiary-wdh.json
creature,dining table mimic,wdh,餐桌擬身怪,existing-site,data/zh-TW/bestiary/bestiary-wdh.json
creature,displacer beast,,移位獸,existing-site,data/zh-TW/bestiary/bestiary-mm.json;data/zh-TW/bestiary/bestiary-xmm.json;data/zh-TW/bestiary/fluff-bestiary-mm.json;data/zh-TW/bestiary/fluff-bestiary-xmm.json;data/zh-TW/craft-pages/fluff-homecrafts.json;data/zh-TW/craft-pages/homecrafts.json
creature,displacer beast,MM,移位獸,existing-site,data/zh-TW/bestiary/bestiary-mm.json;data/zh-TW/bestiary/bestiary-xmm.json;data/zh-TW/bestiary/fluff-bestiary-mm.json;data/zh-TW/bestiary/fluff-bestiary-xmm.json;data/zh-TW/craft-pages/fluff-homecrafts.json;data/zh-TW/craft-pages/homecrafts.json
creature,doppelganger,,變形怪,existing-site,data/zh-TW/bestiary/bestiary-mm.json;data/zh-TW/bestiary/bestiary-xmm.json;data/zh-TW/bestiary/fluff-bestiary-mm.json;data/zh-TW/bestiary/fluff-bestiary-xmm.json;data/zh-TW/reference-pages/charcreationoptions.json
creature,doppelganger,MM,變形怪,existing-site,data/zh-TW/bestiary/bestiary-mm.json;data/zh-TW/bestiary/bestiary-xmm.json;data/zh-TW/bestiary/fluff-bestiary-mm.json;data/zh-TW/bestiary/fluff-bestiary-xmm.json;data/zh-TW/reference-pages/charcreationoptions.json
creature,draft horse,,馱用馬,existing-site,data/zh-TW/bestiary/bestiary-mm.json;data/zh-TW/bestiary/bestiary-xmm.json;data/zh-TW/bestiary/fluff-bestiary-xmm.json;data/zh-TW/items/items-001.json
creature,draft horse,MM,馱用馬,existing-site,data/zh-TW/bestiary/bestiary-mm.json;data/zh-TW/bestiary/bestiary-xmm.json;data/zh-TW/bestiary/fluff-bestiary-xmm.json;data/zh-TW/items/items-001.json
creature,drow,,卓爾,existing-site,data/zh-TW/bestiary/bestiary-mm.json;data/zh-TW/bestiary/fluff-bestiary-mm.json;data/zh-TW/bestiary/fluff-bestiary-mtf.json;data/zh-TW/character-options/fluff-races.json;data/zh-TW/character-options/races.json
creature,drow,MM,卓爾,existing-site,data/zh-TW/bestiary/bestiary-mm.json;data/zh-TW/bestiary/fluff-bestiary-mm.json;data/zh-TW/bestiary/fluff-bestiary-mtf.json;data/zh-TW/character-options/fluff-races.json;data/zh-TW/character-options/races.json
creature,drow elite warrior,,卓爾精英武者,existing-site,data/zh-TW/bestiary/bestiary-mm.json;data/zh-TW/bestiary/fluff-bestiary-mm.json
creature,drow elite warrior,MM,卓爾精英武者,existing-site,data/zh-TW/bestiary/bestiary-mm.json;data/zh-TW/bestiary/fluff-bestiary-mm.json
creature,drow gunslinger,WDH,卓爾火槍手,existing-site,data/zh-TW/bestiary/bestiary-wdh.json;data/zh-TW/bestiary/fluff-bestiary-wdh.json
creature,drow gunslinger,wdh,卓爾火槍手,existing-site,data/zh-TW/bestiary/bestiary-wdh.json;data/zh-TW/bestiary/fluff-bestiary-wdh.json
creature,drow mage,,卓爾魔法師,existing-site,data/zh-TW/bestiary/bestiary-mm.json;data/zh-TW/bestiary/fluff-bestiary-mm.json
creature,drow mage,MM,卓爾魔法師,existing-site,data/zh-TW/bestiary/bestiary-mm.json;data/zh-TW/bestiary/fluff-bestiary-mm.json
creature,druid,,德魯伊,existing-site,data/zh-TW/bestiary/bestiary-mm.json;data/zh-TW/bestiary/bestiary-xmm.json;data/zh-TW/bestiary/fluff-bestiary-mm.json;data/zh-TW/bestiary/fluff-bestiary-xmm.json;data/zh-TW/class/class-druid.json;data/zh-TW/class/fluff-class-druid.json
creature,druid,MM,德魯伊,existing-site,data/zh-TW/bestiary/bestiary-mm.json;data/zh-TW/bestiary/bestiary-xmm.json;data/zh-TW/bestiary/fluff-bestiary-mm.json;data/zh-TW/bestiary/fluff-bestiary-xmm.json;data/zh-TW/class/class-druid.json;data/zh-TW/class/fluff-class-druid.json
creature,duergar,,灰矮人,existing-site,data/zh-TW/bestiary/bestiary-mm.json;data/zh-TW/bestiary/fluff-bestiary-mm.json;data/zh-TW/bestiary/fluff-bestiary-mpmm.json;data/zh-TW/bestiary/fluff-bestiary-mtf.json;data/zh-TW/bestiary/fluff-bestiary-oota.json;data/zh-TW/character-options/fluff-races.json;data/zh-TW/character-options/races.json
creature,duergar,MM,灰矮人,existing-site,data/zh-TW/bestiary/bestiary-mm.json;data/zh-TW/bestiary/fluff-bestiary-mm.json;data/zh-TW/bestiary/fluff-bestiary-mpmm.json;data/zh-TW/bestiary/fluff-bestiary-mtf.json;data/zh-TW/bestiary/fluff-bestiary-oota.json;data/zh-TW/character-options/fluff-races.json;data/zh-TW/character-options/races.json
creature,earth elemental,,土元素,existing-site,data/zh-TW/bestiary/bestiary-mm.json;data/zh-TW/bestiary/bestiary-xmm.json;data/zh-TW/bestiary/fluff-bestiary-mm.json;data/zh-TW/bestiary/fluff-bestiary-xmm.json
creature,earth elemental,MM,土元素,existing-site,data/zh-TW/bestiary/bestiary-mm.json;data/zh-TW/bestiary/bestiary-xmm.json;data/zh-TW/bestiary/fluff-bestiary-mm.json;data/zh-TW/bestiary/fluff-bestiary-xmm.json
creature,engineer,wdh,工程師,existing-site,data/zh-TW/bestiary/bestiary-wdh.json;data/zh-TW/bestiary/fluff-bestiary-wdh.json
creature,faerie dragon (violet),,妖精龍(紫),existing-site,data/zh-TW/bestiary/bestiary-mm.json;data/zh-TW/bestiary/fluff-bestiary-mm.json
creature,falcon,WDH,獵鷹,existing-site,data/zh-TW/bestiary/bestiary-wdh.json;data/zh-TW/class/class-barbarian.json
creature,flameskull,,燃焰之顱,existing-site,data/zh-TW/bestiary/bestiary-mm.json;data/zh-TW/bestiary/bestiary-xmm.json;data/zh-TW/bestiary/fluff-bestiary-mm.json;data/zh-TW/bestiary/fluff-bestiary-xmm.json
creature,flameskull,MM,燃焰之顱,existing-site,data/zh-TW/bestiary/bestiary-mm.json;data/zh-TW/bestiary/bestiary-xmm.json;data/zh-TW/bestiary/fluff-bestiary-mm.json;data/zh-TW/bestiary/fluff-bestiary-xmm.json
creature,flesh golem,,血肉魔像,existing-site,data/zh-TW/bestiary/bestiary-mm.json;data/zh-TW/bestiary/bestiary-xmm.json;data/zh-TW/bestiary/fluff-bestiary-mm.json;data/zh-TW/bestiary/fluff-bestiary-xmm.json
creature,flesh golem,MM,血肉魔像,existing-site,data/zh-TW/bestiary/bestiary-mm.json;data/zh-TW/bestiary/bestiary-xmm.json;data/zh-TW/bestiary/fluff-bestiary-mm.json;data/zh-TW/bestiary/fluff-bestiary-xmm.json
creature,flying Staff,wdh,飛杖,existing-site,data/zh-TW/bestiary/bestiary-bgg.json;data/zh-TW/bestiary/bestiary-wdh.json
creature,flying snake,,飛蛇,existing-site,data/zh-TW/bestiary/bestiary-mm.json;data/zh-TW/bestiary/bestiary-xmm.json;data/zh-TW/bestiary/fluff-bestiary-mm.json;data/zh-TW/bestiary/fluff-bestiary-xmm.json;data/zh-TW/items/fluff-items.json;data/zh-TW/items/items-002.json
creature,flying snake,MM,飛蛇,existing-site,data/zh-TW/bestiary/bestiary-mm.json;data/zh-TW/bestiary/bestiary-xmm.json;data/zh-TW/bestiary/fluff-bestiary-mm.json;data/zh-TW/bestiary/fluff-bestiary-xmm.json;data/zh-TW/items/fluff-items.json;data/zh-TW/items/items-002.json
creature,flying sword,,凌空劍,existing-site,data/zh-TW/bestiary/bestiary-mm.json;data/zh-TW/bestiary/bestiary-xmm.json;data/zh-TW/bestiary/fluff-bestiary-mm.json
creature,gargoyle,,石像鬼,existing-site,data/zh-TW/bestiary/bestiary-mm.json;data/zh-TW/bestiary/bestiary-xmm.json;data/zh-TW/bestiary/fluff-bestiary-mm.json;data/zh-TW/bestiary/fluff-bestiary-xmm.json
creature,gargoyle,MM,石像鬼,existing-site,data/zh-TW/bestiary/bestiary-mm.json;data/zh-TW/bestiary/bestiary-xmm.json;data/zh-TW/bestiary/fluff-bestiary-mm.json;data/zh-TW/bestiary/fluff-bestiary-xmm.json
creature,gas spore,,毒氣孢子,existing-site,data/zh-TW/bestiary/bestiary-mm.json;data/zh-TW/bestiary/fluff-bestiary-mm.json
creature,gazer,VGM,凝視者眼魔,existing-site,data/zh-TW/bestiary/bestiary-mpmm.json;data/zh-TW/bestiary/bestiary-vgm.json;data/zh-TW/bestiary/fluff-bestiary-mpmm.json;data/zh-TW/bestiary/fluff-bestiary-vgm.json
creature,gazer,vgm,凝視者眼魔,existing-site,data/zh-TW/bestiary/bestiary-mpmm.json;data/zh-TW/bestiary/bestiary-vgm.json;data/zh-TW/bestiary/fluff-bestiary-mpmm.json;data/zh-TW/bestiary/fluff-bestiary-vgm.json
creature,ghost,,幽魂,existing-site,data/zh-TW/bestiary/bestiary-mm.json;data/zh-TW/bestiary/bestiary-xmm.json;data/zh-TW/bestiary/fluff-bestiary-mm.json;data/zh-TW/bestiary/fluff-bestiary-xmm.json;data/zh-TW/rules/variantrules.json
creature,ghost,MM,幽魂,existing-site,data/zh-TW/bestiary/bestiary-mm.json;data/zh-TW/bestiary/bestiary-xmm.json;data/zh-TW/bestiary/fluff-bestiary-mm.json;data/zh-TW/bestiary/fluff-bestiary-xmm.json;data/zh-TW/rules/variantrules.json
creature,giant fire beetle,,巨火甲蟲,existing-site,data/zh-TW/bestiary/bestiary-mm.json;data/zh-TW/bestiary/bestiary-xmm.json;data/zh-TW/bestiary/fluff-bestiary-mm.json;data/zh-TW/bestiary/fluff-bestiary-xmm.json
creature,giant shark,,巨鯊,existing-site,data/zh-TW/bestiary/bestiary-mm.json;data/zh-TW/bestiary/bestiary-xmm.json;data/zh-TW/bestiary/fluff-bestiary-mm.json;data/zh-TW/bestiary/fluff-bestiary-xmm.json
creature,giant shark,MM,巨鯊,existing-site,data/zh-TW/bestiary/bestiary-mm.json;data/zh-TW/bestiary/bestiary-xmm.json;data/zh-TW/bestiary/fluff-bestiary-mm.json;data/zh-TW/bestiary/fluff-bestiary-xmm.json
creature,giant vulture,,巨禿鷲,existing-site,data/zh-TW/bestiary/bestiary-mm.json;data/zh-TW/bestiary/bestiary-xmm.json;data/zh-TW/bestiary/fluff-bestiary-mm.json;data/zh-TW/bestiary/fluff-bestiary-xmm.json
creature,giant vulture,MM,巨禿鷲,existing-site,data/zh-TW/bestiary/bestiary-mm.json;data/zh-TW/bestiary/bestiary-xmm.json;data/zh-TW/bestiary/fluff-bestiary-mm.json;data/zh-TW/bestiary/fluff-bestiary-xmm.json
creature,gibbering mouther,,囈語之口,existing-site,data/zh-TW/bestiary/bestiary-mm.json;data/zh-TW/bestiary/bestiary-xmm.json;data/zh-TW/bestiary/fluff-bestiary-mm.json;data/zh-TW/bestiary/fluff-bestiary-xmm.json
creature,gibbering mouther,MM,囈語之口,existing-site,data/zh-TW/bestiary/bestiary-mm.json;data/zh-TW/bestiary/bestiary-xmm.json;data/zh-TW/bestiary/fluff-bestiary-mm.json;data/zh-TW/bestiary/fluff-bestiary-xmm.json
creature,goblin,,地精,existing-site,data/zh-TW/bestiary/bestiary-mm.json;data/zh-TW/bestiary/fluff-bestiary-mm.json;data/zh-TW/character-options/fluff-races.json;data/zh-TW/character-options/races.json
creature,gray ooze,,灰泥怪,existing-site,data/zh-TW/bestiary/bestiary-mm.json;data/zh-TW/bestiary/bestiary-xmm.json;data/zh-TW/bestiary/fluff-bestiary-mm.json;data/zh-TW/bestiary/fluff-bestiary-xmm.json
creature,gray ooze,MM,灰泥怪,existing-site,data/zh-TW/bestiary/bestiary-mm.json;data/zh-TW/bestiary/bestiary-xmm.json;data/zh-TW/bestiary/fluff-bestiary-mm.json;data/zh-TW/bestiary/fluff-bestiary-xmm.json
creature,grell,,觸鬚怪,existing-site,data/zh-TW/bestiary/bestiary-mm.json;data/zh-TW/bestiary/bestiary-xmm.json;data/zh-TW/bestiary/fluff-bestiary-mm.json;data/zh-TW/bestiary/fluff-bestiary-xmm.json;data/zh-TW/reference-pages/languages.json
creature,grell,MM,觸鬚怪,existing-site,data/zh-TW/bestiary/bestiary-mm.json;data/zh-TW/bestiary/bestiary-xmm.json;data/zh-TW/bestiary/fluff-bestiary-mm.json;data/zh-TW/bestiary/fluff-bestiary-xmm.json;data/zh-TW/reference-pages/languages.json
creature,griffon,,獅鷲,existing-site,data/zh-TW/bestiary/bestiary-mm.json;data/zh-TW/bestiary/bestiary-xmm.json;data/zh-TW/bestiary/fluff-bestiary-mm.json;data/zh-TW/bestiary/fluff-bestiary-xmm.json
creature,griffon,MM,獅鷲,existing-site,data/zh-TW/bestiary/bestiary-mm.json;data/zh-TW/bestiary/bestiary-xmm.json;data/zh-TW/bestiary/fluff-bestiary-mm.json;data/zh-TW/bestiary/fluff-bestiary-xmm.json
creature,griffon cavalry rider,WDH,獅鷲騎兵騎手,existing-site,data/zh-TW/bestiary/bestiary-wdh.json;data/zh-TW/bestiary/fluff-bestiary-wdh.json
creature,guard,,警衛,existing-site,data/zh-TW/bestiary/bestiary-mm.json;data/zh-TW/bestiary/bestiary-wtthc.json;data/zh-TW/bestiary/bestiary-xmm.json;data/zh-TW/bestiary/fluff-bestiary-mm.json;data/zh-TW/bestiary/fluff-bestiary-wtthc.json;data/zh-TW/bestiary/fluff-bestiary-xmm.json;data/zh-TW/character-options/backgrounds.json;data/zh-TW/character-options/fluff-backgrounds.json
creature,guard,MM,警衛,existing-site,data/zh-TW/bestiary/bestiary-mm.json;data/zh-TW/bestiary/bestiary-wtthc.json;data/zh-TW/bestiary/bestiary-xmm.json;data/zh-TW/bestiary/fluff-bestiary-mm.json;data/zh-TW/bestiary/fluff-bestiary-wtthc.json;data/zh-TW/bestiary/fluff-bestiary-xmm.json;data/zh-TW/character-options/backgrounds.json;data/zh-TW/character-options/fluff-backgrounds.json
creature,hawk,,隼,existing-site,data/zh-TW/bestiary/bestiary-mm.json;data/zh-TW/bestiary/bestiary-xmm.json;data/zh-TW/bestiary/fluff-bestiary-mm.json;data/zh-TW/bestiary/fluff-bestiary-xmm.json
creature,hawk,MM,隼,existing-site,data/zh-TW/bestiary/bestiary-mm.json;data/zh-TW/bestiary/bestiary-xmm.json;data/zh-TW/bestiary/fluff-bestiary-mm.json;data/zh-TW/bestiary/fluff-bestiary-xmm.json
creature,helmed horror,,恐怖鎧甲,existing-site,data/zh-TW/bestiary/bestiary-mm.json;data/zh-TW/bestiary/bestiary-xmm.json;data/zh-TW/bestiary/fluff-bestiary-mm.json;data/zh-TW/bestiary/fluff-bestiary-xmm.json
creature,helmed horror,MM,恐怖鎧甲,existing-site,data/zh-TW/bestiary/bestiary-mm.json;data/zh-TW/bestiary/bestiary-xmm.json;data/zh-TW/bestiary/fluff-bestiary-mm.json;data/zh-TW/bestiary/fluff-bestiary-xmm.json
creature,hippogriff,,駿鷹,existing-site,data/zh-TW/bestiary/bestiary-mm.json;data/zh-TW/bestiary/bestiary-xmm.json;data/zh-TW/bestiary/fluff-bestiary-mm.json;data/zh-TW/bestiary/fluff-bestiary-xmm.json
creature,hippogriff,MM,駿鷹,existing-site,data/zh-TW/bestiary/bestiary-mm.json;data/zh-TW/bestiary/bestiary-xmm.json;data/zh-TW/bestiary/fluff-bestiary-mm.json;data/zh-TW/bestiary/fluff-bestiary-xmm.json
creature,imp,,小魔鬼,existing-site,data/zh-TW/bestiary/bestiary-mm.json;data/zh-TW/bestiary/bestiary-xmm.json;data/zh-TW/bestiary/fluff-bestiary-mm.json;data/zh-TW/bestiary/fluff-bestiary-xmm.json
creature,imp,MM,小魔鬼,existing-site,data/zh-TW/bestiary/bestiary-mm.json;data/zh-TW/bestiary/bestiary-xmm.json;data/zh-TW/bestiary/fluff-bestiary-mm.json;data/zh-TW/bestiary/fluff-bestiary-xmm.json
creature,intellect devourer,,噬腦怪,existing-site,data/zh-TW/bestiary/bestiary-mm.json;data/zh-TW/bestiary/bestiary-xmm.json;data/zh-TW/bestiary/fluff-bestiary-mm.json;data/zh-TW/bestiary/fluff-bestiary-xmm.json
creature,intellect devourer,MM,噬腦怪,existing-site,data/zh-TW/bestiary/bestiary-mm.json;data/zh-TW/bestiary/bestiary-xmm.json;data/zh-TW/bestiary/fluff-bestiary-mm.json;data/zh-TW/bestiary/fluff-bestiary-xmm.json
creature,kenku,,天狗,existing-site,data/zh-TW/bestiary/bestiary-mm.json;data/zh-TW/bestiary/bestiary-xmm.json;data/zh-TW/bestiary/fluff-bestiary-mm.json;data/zh-TW/bestiary/fluff-bestiary-xmm.json;data/zh-TW/character-options/fluff-races.json;data/zh-TW/character-options/races.json
creature,kenku,MM,天狗,existing-site,data/zh-TW/bestiary/bestiary-mm.json;data/zh-TW/bestiary/bestiary-xmm.json;data/zh-TW/bestiary/fluff-bestiary-mm.json;data/zh-TW/bestiary/fluff-bestiary-xmm.json;data/zh-TW/character-options/fluff-races.json;data/zh-TW/character-options/races.json
creature,knight,,騎士,existing-site,data/zh-TW/bestiary/bestiary-mm.json;data/zh-TW/bestiary/bestiary-xmm.json;data/zh-TW/bestiary/fluff-bestiary-mm.json;data/zh-TW/bestiary/fluff-bestiary-xmm.json;data/zh-TW/items/items-001.json
creature,knight,MM,騎士,existing-site,data/zh-TW/bestiary/bestiary-mm.json;data/zh-TW/bestiary/bestiary-xmm.json;data/zh-TW/bestiary/fluff-bestiary-mm.json;data/zh-TW/bestiary/fluff-bestiary-xmm.json;data/zh-TW/items/items-001.json
creature,kobold,,狗頭人,existing-site,data/zh-TW/bestiary/bestiary-mm.json;data/zh-TW/bestiary/fluff-bestiary-mm.json;data/zh-TW/character-options/fluff-races.json;data/zh-TW/character-options/races.json
creature,kuo-toa,,寇濤,existing-site,data/zh-TW/bestiary/bestiary-mm.json;data/zh-TW/bestiary/bestiary-xmm.json;data/zh-TW/bestiary/fluff-bestiary-mm.json;data/zh-TW/bestiary/fluff-bestiary-xmm.json;data/zh-TW/character-options/races.json
creature,kuo-toa,MM,寇濤,existing-site,data/zh-TW/bestiary/bestiary-mm.json;data/zh-TW/bestiary/bestiary-xmm.json;data/zh-TW/bestiary/fluff-bestiary-mm.json;data/zh-TW/bestiary/fluff-bestiary-xmm.json;data/zh-TW/character-options/races.json
creature,kuo-toa whip,,寇濤驅策者,existing-site,data/zh-TW/bestiary/bestiary-mm.json;data/zh-TW/bestiary/bestiary-xmm.json;data/zh-TW/bestiary/fluff-bestiary-mm.json;data/zh-TW/bestiary/fluff-bestiary-xmm.json
creature,kuo-toa whip,MM,寇濤驅策者,existing-site,data/zh-TW/bestiary/bestiary-mm.json;data/zh-TW/bestiary/bestiary-xmm.json;data/zh-TW/bestiary/fluff-bestiary-mm.json;data/zh-TW/bestiary/fluff-bestiary-xmm.json
creature,lemure,,劣魔,existing-site,data/zh-TW/bestiary/bestiary-mm.json;data/zh-TW/bestiary/bestiary-xmm.json;data/zh-TW/bestiary/fluff-bestiary-mm.json;data/zh-TW/bestiary/fluff-bestiary-xmm.json
creature,mage,,魔法師,existing-site,data/zh-TW/bestiary/bestiary-mm.json;data/zh-TW/bestiary/bestiary-xmm.json;data/zh-TW/bestiary/fluff-bestiary-mm.json;data/zh-TW/bestiary/fluff-bestiary-xmm.json;data/zh-TW/items/items-001.json
creature,mage,MM,魔法師,existing-site,data/zh-TW/bestiary/bestiary-mm.json;data/zh-TW/bestiary/bestiary-xmm.json;data/zh-TW/bestiary/fluff-bestiary-mm.json;data/zh-TW/bestiary/fluff-bestiary-xmm.json;data/zh-TW/items/items-001.json
creature,martial arts adept,VGM,武術高手,existing-site,data/zh-TW/bestiary/bestiary-mpmm.json;data/zh-TW/bestiary/bestiary-vgm.json;data/zh-TW/bestiary/fluff-bestiary-mpmm.json;data/zh-TW/bestiary/fluff-bestiary-vgm.json
creature,mastiff,,獒犬,existing-site,data/zh-TW/bestiary/bestiary-mm.json;data/zh-TW/bestiary/bestiary-xmm.json;data/zh-TW/bestiary/fluff-bestiary-mm.json;data/zh-TW/bestiary/fluff-bestiary-xmm.json;data/zh-TW/items/items-004.json
creature,merfolk,,人魚,existing-site,data/zh-TW/bestiary/bestiary-mm.json;data/zh-TW/bestiary/fluff-bestiary-mm.json;data/zh-TW/bestiary/fluff-bestiary-xmm.json;data/zh-TW/character-options/fluff-races.json;data/zh-TW/character-options/races.json
creature,merfolk,MM,人魚,existing-site,data/zh-TW/bestiary/bestiary-mm.json;data/zh-TW/bestiary/fluff-bestiary-mm.json;data/zh-TW/bestiary/fluff-bestiary-xmm.json;data/zh-TW/character-options/fluff-races.json;data/zh-TW/character-options/races.json
creature,merrow,,邁羅人魚,existing-site,data/zh-TW/bestiary/bestiary-mm.json;data/zh-TW/bestiary/bestiary-xmm.json;data/zh-TW/bestiary/fluff-bestiary-lfl.json;data/zh-TW/bestiary/fluff-bestiary-mm.json;data/zh-TW/bestiary/fluff-bestiary-xmm.json
creature,merrow,MM,邁羅人魚,existing-site,data/zh-TW/bestiary/bestiary-mm.json;data/zh-TW/bestiary/bestiary-xmm.json;data/zh-TW/bestiary/fluff-bestiary-lfl.json;data/zh-TW/bestiary/fluff-bestiary-mm.json;data/zh-TW/bestiary/fluff-bestiary-xmm.json
creature,mimic,,擬身怪,existing-site,data/zh-TW/bestiary/bestiary-mm.json;data/zh-TW/bestiary/bestiary-xmm.json;data/zh-TW/bestiary/fluff-bestiary-mm.json;data/zh-TW/bestiary/fluff-bestiary-xmm.json
creature,mimic,MM,擬身怪,existing-site,data/zh-TW/bestiary/bestiary-mm.json;data/zh-TW/bestiary/bestiary-xmm.json;data/zh-TW/bestiary/fluff-bestiary-mm.json;data/zh-TW/bestiary/fluff-bestiary-xmm.json
creature,mind flayer,,奪心魔,existing-site,data/zh-TW/bestiary/bestiary-mm.json;data/zh-TW/bestiary/bestiary-xmm.json;data/zh-TW/bestiary/fluff-bestiary-mm.json;data/zh-TW/bestiary/fluff-bestiary-vgm.json;data/zh-TW/bestiary/fluff-bestiary-xmm.json;data/zh-TW/craft-pages/fluff-homecrafts.json;data/zh-TW/craft-pages/homecrafts.json
creature,mind flayer,MM,奪心魔,existing-site,data/zh-TW/bestiary/bestiary-mm.json;data/zh-TW/bestiary/bestiary-xmm.json;data/zh-TW/bestiary/fluff-bestiary-mm.json;data/zh-TW/bestiary/fluff-bestiary-vgm.json;data/zh-TW/bestiary/fluff-bestiary-xmm.json;data/zh-TW/craft-pages/fluff-homecrafts.json;data/zh-TW/craft-pages/homecrafts.json
creature,minotaur,,牛頭人,existing-site,data/zh-TW/bestiary/bestiary-mm.json;data/zh-TW/bestiary/fluff-bestiary-mm.json;data/zh-TW/character-options/fluff-races.json;data/zh-TW/character-options/races.json
creature,minotaur,MM,牛頭人,existing-site,data/zh-TW/bestiary/bestiary-mm.json;data/zh-TW/bestiary/fluff-bestiary-mm.json;data/zh-TW/character-options/fluff-races.json;data/zh-TW/character-options/races.json
creature,minotaur skeleton,,骷髏牛頭人,existing-site,data/zh-TW/bestiary/bestiary-mm.json;data/zh-TW/bestiary/bestiary-xmm.json;data/zh-TW/bestiary/fluff-bestiary-mm.json;data/zh-TW/bestiary/fluff-bestiary-xmm.json
creature,minotaur skeleton,MM,骷髏牛頭人,existing-site,data/zh-TW/bestiary/bestiary-mm.json;data/zh-TW/bestiary/bestiary-xmm.json;data/zh-TW/bestiary/fluff-bestiary-mm.json;data/zh-TW/bestiary/fluff-bestiary-xmm.json
creature,nimblewright,WDH,秘偶,existing-site,data/zh-TW/bestiary/bestiary-wdh.json;data/zh-TW/bestiary/fluff-bestiary-fraif.json;data/zh-TW/bestiary/fluff-bestiary-wdh.json
creature,nimblewright,wdh,秘偶,existing-site,data/zh-TW/bestiary/bestiary-wdh.json;data/zh-TW/bestiary/fluff-bestiary-fraif.json;data/zh-TW/bestiary/fluff-bestiary-wdh.json
creature,noble,,貴族,existing-site,data/zh-TW/bestiary/bestiary-mm.json;data/zh-TW/bestiary/bestiary-xmm.json;data/zh-TW/bestiary/fluff-bestiary-mm.json;data/zh-TW/bestiary/fluff-bestiary-xmm.json;data/zh-TW/character-options/backgrounds.json;data/zh-TW/character-options/fluff-backgrounds.json
creature,noble,MM,貴族,existing-site,data/zh-TW/bestiary/bestiary-mm.json;data/zh-TW/bestiary/bestiary-xmm.json;data/zh-TW/bestiary/fluff-bestiary-mm.json;data/zh-TW/bestiary/fluff-bestiary-xmm.json;data/zh-TW/character-options/backgrounds.json;data/zh-TW/character-options/fluff-backgrounds.json
creature,ogre,,食人魔,existing-site,data/zh-TW/bestiary/bestiary-mm.json;data/zh-TW/bestiary/bestiary-xmm.json;data/zh-TW/bestiary/fluff-bestiary-mm.json;data/zh-TW/bestiary/fluff-bestiary-mtf.json;data/zh-TW/bestiary/fluff-bestiary-xmm.json
creature,owlbear,,梟熊,existing-site,data/zh-TW/bestiary/bestiary-mm.json;data/zh-TW/bestiary/bestiary-xmm.json;data/zh-TW/bestiary/fluff-bestiary-mm.json;data/zh-TW/bestiary/fluff-bestiary-xmm.json
creature,owlbear,MM,梟熊,existing-site,data/zh-TW/bestiary/bestiary-mm.json;data/zh-TW/bestiary/bestiary-xmm.json;data/zh-TW/bestiary/fluff-bestiary-mm.json;data/zh-TW/bestiary/fluff-bestiary-xmm.json
creature,panther,,豹,existing-site,data/zh-TW/bestiary/bestiary-mm.json;data/zh-TW/bestiary/bestiary-xmm.json;data/zh-TW/bestiary/fluff-bestiary-xmm.json;data/zh-TW/class/class-barbarian.json
creature,polar bear,,白熊,existing-site,data/zh-TW/bestiary/bestiary-mm.json;data/zh-TW/bestiary/bestiary-xmm.json;data/zh-TW/bestiary/fluff-bestiary-xmm.json
creature,polar bear,MM,白熊,existing-site,data/zh-TW/bestiary/bestiary-mm.json;data/zh-TW/bestiary/bestiary-xmm.json;data/zh-TW/bestiary/fluff-bestiary-xmm.json
creature,priest,,祭司,existing-site,data/zh-TW/bestiary/bestiary-mm.json;data/zh-TW/bestiary/bestiary-xmm.json;data/zh-TW/bestiary/fluff-bestiary-mm.json;data/zh-TW/bestiary/fluff-bestiary-xmm.json;data/zh-TW/items/items-001.json
creature,priest,MM,祭司,existing-site,data/zh-TW/bestiary/bestiary-mm.json;data/zh-TW/bestiary/bestiary-xmm.json;data/zh-TW/bestiary/fluff-bestiary-mm.json;data/zh-TW/bestiary/fluff-bestiary-xmm.json;data/zh-TW/items/items-001.json
creature,quipper,,食人魚,existing-site,data/zh-TW/bestiary/bestiary-mm.json;data/zh-TW/bestiary/fluff-bestiary-mm.json
creature,quipper,MM,食人魚,existing-site,data/zh-TW/bestiary/bestiary-mm.json;data/zh-TW/bestiary/fluff-bestiary-mm.json
creature,rakshasa,,羅剎,existing-site,data/zh-TW/bestiary/bestiary-mm.json;data/zh-TW/bestiary/bestiary-xmm.json;data/zh-TW/bestiary/fluff-bestiary-mm.json;data/zh-TW/bestiary/fluff-bestiary-xmm.json
creature,rakshasa,MM,羅剎,existing-site,data/zh-TW/bestiary/bestiary-mm.json;data/zh-TW/bestiary/bestiary-xmm.json;data/zh-TW/bestiary/fluff-bestiary-mm.json;data/zh-TW/bestiary/fluff-bestiary-xmm.json
creature,rat,,老鼠,existing-site,data/zh-TW/bestiary/bestiary-mm.json;data/zh-TW/bestiary/bestiary-xmm.json;data/zh-TW/bestiary/fluff-bestiary-mm.json;data/zh-TW/bestiary/fluff-bestiary-xmm.json
creature,rat,MM,老鼠,existing-site,data/zh-TW/bestiary/bestiary-mm.json;data/zh-TW/bestiary/bestiary-xmm.json;data/zh-TW/bestiary/fluff-bestiary-mm.json;data/zh-TW/bestiary/fluff-bestiary-xmm.json
creature,red slaad,,史拉紅蟾,existing-site,data/zh-TW/bestiary/bestiary-mm.json;data/zh-TW/bestiary/bestiary-xmm.json;data/zh-TW/bestiary/fluff-bestiary-mm.json;data/zh-TW/bestiary/fluff-bestiary-xmm.json
creature,red slaad,MM,史拉紅蟾,existing-site,data/zh-TW/bestiary/bestiary-mm.json;data/zh-TW/bestiary/bestiary-xmm.json;data/zh-TW/bestiary/fluff-bestiary-mm.json;data/zh-TW/bestiary/fluff-bestiary-xmm.json
creature,rhinoceros,,犀牛,existing-site,data/zh-TW/bestiary/bestiary-mm.json;data/zh-TW/bestiary/bestiary-xmm.json;data/zh-TW/bestiary/fluff-bestiary-xmm.json
creature,rhinoceros,MM,犀牛,existing-site,data/zh-TW/bestiary/bestiary-mm.json;data/zh-TW/bestiary/bestiary-xmm.json;data/zh-TW/bestiary/fluff-bestiary-xmm.json
creature,riding horse,,乘用馬,existing-site,data/zh-TW/bestiary/bestiary-mm.json;data/zh-TW/bestiary/bestiary-xmm.json;data/zh-TW/bestiary/fluff-bestiary-mm.json;data/zh-TW/bestiary/fluff-bestiary-xmm.json;data/zh-TW/items/items-005.json
creature,riding horse,MM,乘用馬,existing-site,data/zh-TW/bestiary/bestiary-mm.json;data/zh-TW/bestiary/bestiary-xmm.json;data/zh-TW/bestiary/fluff-bestiary-mm.json;data/zh-TW/bestiary/fluff-bestiary-xmm.json;data/zh-TW/items/items-005.json
creature,rug of smothering,,悶人毯,existing-site,data/zh-TW/bestiary/bestiary-mm.json;data/zh-TW/bestiary/fluff-bestiary-mm.json
creature,rust monster,,鏽蝕怪,existing-site,data/zh-TW/bestiary/bestiary-mm.json;data/zh-TW/bestiary/bestiary-xmm.json;data/zh-TW/bestiary/fluff-bestiary-mm.json;data/zh-TW/bestiary/fluff-bestiary-xmm.json
creature,rust monster,MM,鏽蝕怪,existing-site,data/zh-TW/bestiary/bestiary-mm.json;data/zh-TW/bestiary/bestiary-xmm.json;data/zh-TW/bestiary/fluff-bestiary-mm.json;data/zh-TW/bestiary/fluff-bestiary-xmm.json
creature,scarecrow,,稻草人,existing-site,data/zh-TW/bestiary/bestiary-mm.json;data/zh-TW/bestiary/bestiary-wtthc.json;data/zh-TW/bestiary/bestiary-xmm.json;data/zh-TW/bestiary/fluff-bestiary-mm.json;data/zh-TW/bestiary/fluff-bestiary-wtthc.json;data/zh-TW/bestiary/fluff-bestiary-xmm.json
creature,sergeant,WDH,軍士,existing-site,data/zh-TW/bestiary/bestiary-erlw.json;data/zh-TW/bestiary/bestiary-wdh.json
creature,shadow,,幽影,existing-site,data/zh-TW/bestiary/bestiary-mm.json;data/zh-TW/bestiary/bestiary-wtthc.json;data/zh-TW/bestiary/bestiary-xmm.json;data/zh-TW/bestiary/fluff-bestiary-mm.json;data/zh-TW/bestiary/fluff-bestiary-wtthc.json;data/zh-TW/bestiary/fluff-bestiary-xmm.json
creature,shield guardian,,構裝盾衛,existing-site,data/zh-TW/bestiary/bestiary-mm.json;data/zh-TW/bestiary/bestiary-xmm.json;data/zh-TW/bestiary/fluff-bestiary-mm.json;data/zh-TW/bestiary/fluff-bestiary-xmm.json
creature,shield guardian,MM,構裝盾衛,existing-site,data/zh-TW/bestiary/bestiary-mm.json;data/zh-TW/bestiary/bestiary-xmm.json;data/zh-TW/bestiary/fluff-bestiary-mm.json;data/zh-TW/bestiary/fluff-bestiary-xmm.json
creature,skeleton,,骷髏,existing-site,data/zh-TW/bestiary/bestiary-mm.json;data/zh-TW/bestiary/bestiary-xmm.json;data/zh-TW/bestiary/fluff-bestiary-mm.json;data/zh-TW/bestiary/fluff-bestiary-xmm.json;data/zh-TW/character-options/races.json
creature,spectator,,觀察者眼魔,existing-site,data/zh-TW/bestiary/bestiary-mm.json;data/zh-TW/bestiary/bestiary-xmm.json;data/zh-TW/bestiary/fluff-bestiary-mm.json;data/zh-TW/bestiary/fluff-bestiary-xmm.json
creature,spectator,MM,觀察者眼魔,existing-site,data/zh-TW/bestiary/bestiary-mm.json;data/zh-TW/bestiary/bestiary-xmm.json;data/zh-TW/bestiary/fluff-bestiary-mm.json;data/zh-TW/bestiary/fluff-bestiary-xmm.json
creature,specter,,惡靈,existing-site,data/zh-TW/bestiary/bestiary-mm.json;data/zh-TW/bestiary/bestiary-xmm.json;data/zh-TW/bestiary/fluff-bestiary-mm.json;data/zh-TW/bestiary/fluff-bestiary-xmm.json
creature,specter,MM,惡靈,existing-site,data/zh-TW/bestiary/bestiary-mm.json;data/zh-TW/bestiary/bestiary-xmm.json;data/zh-TW/bestiary/fluff-bestiary-mm.json;data/zh-TW/bestiary/fluff-bestiary-xmm.json
creature,spined devil,,棘魔,existing-site,data/zh-TW/bestiary/bestiary-mm.json;data/zh-TW/bestiary/bestiary-xmm.json;data/zh-TW/bestiary/fluff-bestiary-mm.json;data/zh-TW/bestiary/fluff-bestiary-xmm.json
creature,spy,,間諜,existing-site,data/zh-TW/bestiary/bestiary-mm.json;data/zh-TW/bestiary/bestiary-xmm.json;data/zh-TW/bestiary/fluff-bestiary-mm.json;data/zh-TW/bestiary/fluff-bestiary-xmm.json;data/zh-TW/reference-pages/charcreationoptions.json
creature,spy,MM,間諜,existing-site,data/zh-TW/bestiary/bestiary-mm.json;data/zh-TW/bestiary/bestiary-xmm.json;data/zh-TW/bestiary/fluff-bestiary-mm.json;data/zh-TW/bestiary/fluff-bestiary-xmm.json;data/zh-TW/reference-pages/charcreationoptions.json
creature,stirge,,蚊蝠,existing-site,data/zh-TW/bestiary/bestiary-mm.json;data/zh-TW/bestiary/bestiary-xmm.json;data/zh-TW/bestiary/fluff-bestiary-mm.json;data/zh-TW/bestiary/fluff-bestiary-xmm.json
creature,swarm of bats,,蝙蝠群,existing-site,data/zh-TW/bestiary/bestiary-mm.json;data/zh-TW/bestiary/bestiary-xmm.json;data/zh-TW/bestiary/fluff-bestiary-mm.json;data/zh-TW/bestiary/fluff-bestiary-xmm.json
creature,swarm of bats,MM,蝙蝠群,existing-site,data/zh-TW/bestiary/bestiary-mm.json;data/zh-TW/bestiary/bestiary-xmm.json;data/zh-TW/bestiary/fluff-bestiary-mm.json;data/zh-TW/bestiary/fluff-bestiary-xmm.json
creature,swarm of books,wdh,書群,existing-site,data/zh-TW/bestiary/bestiary-wdh.json;data/zh-TW/bestiary/fluff-bestiary-wdh.json
creature,swarm of mechanical spiders,wdh,機械蜘蛛群,existing-site,data/zh-TW/bestiary/bestiary-wdh.json;data/zh-TW/bestiary/fluff-bestiary-wdh.json
creature,swarm of rats,,鼠群,existing-site,data/zh-TW/bestiary/bestiary-mm.json;data/zh-TW/bestiary/bestiary-xmm.json;data/zh-TW/bestiary/fluff-bestiary-mm.json;data/zh-TW/bestiary/fluff-bestiary-xmm.json
creature,swarm of spiders,,蜘蛛群,existing-site,data/zh-TW/bestiary/bestiary-mm.json;data/zh-TW/bestiary/fluff-bestiary-mm.json
creature,swashbuckler,VGM,風流劍客,existing-site,data/zh-TW/bestiary/bestiary-mpmm.json;data/zh-TW/bestiary/bestiary-vgm.json;data/zh-TW/bestiary/fluff-bestiary-mpmm.json;data/zh-TW/bestiary/fluff-bestiary-vgm.json;data/zh-TW/bestiary/fluff-bestiary-wdh.json;data/zh-TW/class/class-rogue.json;data/zh-TW/class/fluff-class-rogue.json
creature,thug,,暴徒,existing-site,data/zh-TW/bestiary/bestiary-mm.json;data/zh-TW/bestiary/fluff-bestiary-mm.json
creature,thug,MM,暴徒,existing-site,data/zh-TW/bestiary/bestiary-mm.json;data/zh-TW/bestiary/fluff-bestiary-mm.json
creature,tiger,,虎,existing-site,data/zh-TW/bestiary/bestiary-mm.json;data/zh-TW/bestiary/bestiary-xmm.json;data/zh-TW/bestiary/fluff-bestiary-xmm.json;data/zh-TW/class/class-barbarian.json
creature,tiger,MM,虎,existing-site,data/zh-TW/bestiary/bestiary-mm.json;data/zh-TW/bestiary/bestiary-xmm.json;data/zh-TW/bestiary/fluff-bestiary-xmm.json;data/zh-TW/class/class-barbarian.json
creature,treant,,樹人,existing-site,data/zh-TW/bestiary/bestiary-mm.json;data/zh-TW/bestiary/bestiary-xmm.json;data/zh-TW/bestiary/fluff-bestiary-mm.json;data/zh-TW/bestiary/fluff-bestiary-xmm.json
creature,treant,MM,樹人,existing-site,data/zh-TW/bestiary/bestiary-mm.json;data/zh-TW/bestiary/bestiary-xmm.json;data/zh-TW/bestiary/fluff-bestiary-mm.json;data/zh-TW/bestiary/fluff-bestiary-xmm.json
creature,troglodyte,,穴蜥人,existing-site,data/zh-TW/bestiary/bestiary-mm.json;data/zh-TW/bestiary/bestiary-xmm.json;data/zh-TW/bestiary/fluff-bestiary-mm.json;data/zh-TW/bestiary/fluff-bestiary-xmm.json;data/zh-TW/character-options/races.json
creature,troll,,巨魔,existing-site,data/zh-TW/bestiary/bestiary-mm.json;data/zh-TW/bestiary/bestiary-xmm.json;data/zh-TW/bestiary/fluff-bestiary-mm.json;data/zh-TW/bestiary/fluff-bestiary-mtf.json;data/zh-TW/bestiary/fluff-bestiary-xmm.json
creature,troll,MM,巨魔,existing-site,data/zh-TW/bestiary/bestiary-mm.json;data/zh-TW/bestiary/bestiary-xmm.json;data/zh-TW/bestiary/fluff-bestiary-mm.json;data/zh-TW/bestiary/fluff-bestiary-mtf.json;data/zh-TW/bestiary/fluff-bestiary-xmm.json
creature,veteran,,老兵,existing-site,data/zh-TW/bestiary/bestiary-mm.json;data/zh-TW/bestiary/fluff-bestiary-mm.json
creature,veteran,MM,老兵,existing-site,data/zh-TW/bestiary/bestiary-mm.json;data/zh-TW/bestiary/fluff-bestiary-mm.json
creature,wererat,,鼠人,existing-site,data/zh-TW/bestiary/bestiary-mm.json;data/zh-TW/bestiary/bestiary-xmm.json;data/zh-TW/bestiary/fluff-bestiary-mm.json;data/zh-TW/bestiary/fluff-bestiary-tftyp.json;data/zh-TW/bestiary/fluff-bestiary-xmm.json
creature,wererat,MM,鼠人,existing-site,data/zh-TW/bestiary/bestiary-mm.json;data/zh-TW/bestiary/bestiary-xmm.json;data/zh-TW/bestiary/fluff-bestiary-mm.json;data/zh-TW/bestiary/fluff-bestiary-tftyp.json;data/zh-TW/bestiary/fluff-bestiary-xmm.json
creature,wolf,,狼,existing-site,data/zh-TW/bestiary/bestiary-mm.json;data/zh-TW/bestiary/bestiary-xmm.json;data/zh-TW/bestiary/fluff-bestiary-mm.json;data/zh-TW/bestiary/fluff-bestiary-xmm.json;data/zh-TW/class/class-barbarian.json
creature,young bronze dragon,,青年青銅龍,existing-site,data/zh-TW/bestiary/bestiary-mabjov.json;data/zh-TW/bestiary/bestiary-mm.json;data/zh-TW/bestiary/bestiary-xmm.json;data/zh-TW/bestiary/fluff-bestiary-mm.json;data/zh-TW/bestiary/fluff-bestiary-xmm.json
creature,young bronze dragon,MM,青年青銅龍,existing-site,data/zh-TW/bestiary/bestiary-mabjov.json;data/zh-TW/bestiary/bestiary-mm.json;data/zh-TW/bestiary/bestiary-xmm.json;data/zh-TW/bestiary/fluff-bestiary-mm.json;data/zh-TW/bestiary/fluff-bestiary-xmm.json
disease,sewer plague,,下水道瘟疫,existing-site,data/zh-TW/rules/conditionsdiseases.json
item,Azuredge,WDH,蔚藍之鋒,existing-site,data/zh-TW/bestiary/bestiary-wdh.json;data/zh-TW/items/items-000.json
item,Azuredge,wdh,蔚藍之鋒,existing-site,data/zh-TW/bestiary/bestiary-wdh.json;data/zh-TW/items/items-000.json
item,Badge of the Watch,wdh,警衛徽章,existing-site,data/zh-TW/items/fluff-items.json;data/zh-TW/items/items-000.json
item,Blackstaff,wdh,黑杖,existing-site,data/zh-TW/bestiary/bestiary-wdh.json;data/zh-TW/items/items-000.json
item,Bracer of Flying Daggers,wdh,飛刀護腕,existing-site,data/zh-TW/items/items-000.json
item,Dragonstaff of Ahghairon,wdh,阿蓋爾倫的龍杖,existing-site,data/zh-TW/items/fluff-items.json;data/zh-TW/items/items-002.json
item,Feather of Diatryma Summoning,wdh,戴翠瑪召喚羽飾,existing-site,data/zh-TW/items/items-002.json
item,Knave's Eye Patch,wdh,欺詐者眼罩,existing-site,data/zh-TW/items/items-003.json
item,Lord's Ensemble,wdh,領主套裝,existing-site,data/zh-TW/items/fluff-items.json;data/zh-TW/items/items-004.json
item,Lord's ensemble,wdh,領主套裝,existing-site,data/zh-TW/items/fluff-items.json;data/zh-TW/items/items-004.json
item,Paper Bird,wdh,紙鳶,existing-site,data/zh-TW/bestiary/bestiary-wbtw.json;data/zh-TW/bestiary/fluff-bestiary-wbtw.json;data/zh-TW/items/fluff-items.json;data/zh-TW/items/items-004.json
item,Potion of animal friendship,,化獸為友藥水,existing-site,data/zh-TW/items/items-005.json
item,Potion of animal friendship,DMG,化獸為友藥水,existing-site,data/zh-TW/items/items-005.json
item,Potion of climbing,,攀爬藥水,existing-site,data/zh-TW/items/fluff-items.json;data/zh-TW/items/items-005.json
item,Potion of climbing,DMG,攀爬藥水,existing-site,data/zh-TW/items/fluff-items.json;data/zh-TW/items/items-005.json
item,Potion of greater healing,,高等治療藥水,existing-site,data/zh-TW/items/items-005.json
item,Potion of greater healing,DMG,高等治療藥水,existing-site,data/zh-TW/items/items-005.json
item,Potion of healing,,治療藥水,existing-site,data/zh-TW/items/fluff-items.json;data/zh-TW/items/items-005.json
item,Potion of healing,DMG,治療藥水,existing-site,data/zh-TW/items/fluff-items.json;data/zh-TW/items/items-005.json
item,Potion of water breathing,,水下呼吸藥水,existing-site,data/zh-TW/items/fluff-items.json;data/zh-TW/items/items-005.json
item,Potion of water breathing,DMG,水下呼吸藥水,existing-site,data/zh-TW/items/fluff-items.json;data/zh-TW/items/items-005.json
item,Ring of Truth Telling,wdh,真言戒指,existing-site,data/zh-TW/items/items-005.json
item,Smokepowder,wdh,發煙粉,existing-site,data/zh-TW/items/items-006.json
item,Stone of Golorr,WDH,格洛爾之石,existing-site,data/zh-TW/items/fluff-items.json;data/zh-TW/items/items-007.json
item,Stone of Golorr,wdh,格洛爾之石,existing-site,data/zh-TW/items/fluff-items.json;data/zh-TW/items/items-007.json
item,Trinket,phb,飾品,existing-site,data/zh-TW/items/fluff-items.json;data/zh-TW/items/items-007.json
item,apparatus of Kwalish,,誇力許裝置,existing-site,data/zh-TW/craft-pages/fluff-vehicles.json;data/zh-TW/craft-pages/vehicles.json;data/zh-TW/items/fluff-items.json;data/zh-TW/items/items-000.json
item,apparatus of Kwalish,DMG,誇力許裝置,existing-site,data/zh-TW/craft-pages/fluff-vehicles.json;data/zh-TW/craft-pages/vehicles.json;data/zh-TW/items/fluff-items.json;data/zh-TW/items/items-000.json
item,badge of the Watch,WDH,警衛徽章,existing-site,data/zh-TW/items/fluff-items.json;data/zh-TW/items/items-000.json
item,badge of the Watch,wdh,警衛徽章,existing-site,data/zh-TW/items/fluff-items.json;data/zh-TW/items/items-000.json
item,bag of holding,,次元袋,existing-site,data/zh-TW/craft-pages/fluff-homecrafts.json;data/zh-TW/craft-pages/homecrafts.json;data/zh-TW/items/fluff-items.json;data/zh-TW/items/items-000.json
item,bag of holding,DMG,次元袋,existing-site,data/zh-TW/craft-pages/fluff-homecrafts.json;data/zh-TW/craft-pages/homecrafts.json;data/zh-TW/items/fluff-items.json;data/zh-TW/items/items-000.json
item,boots of elvenkind,,精靈之靴,existing-site,data/zh-TW/bestiary/bestiary-wdh.json;data/zh-TW/items/fluff-items.json;data/zh-TW/items/items-000.json
item,boots of elvenkind,DMG,精靈之靴,existing-site,data/zh-TW/bestiary/bestiary-wdh.json;data/zh-TW/items/fluff-items.json;data/zh-TW/items/items-000.json
item,bracer of flying daggers,wdh,飛刀護腕,existing-site,data/zh-TW/items/items-000.json
item,bracers of archery,,射手護腕,existing-site,data/zh-TW/craft-pages/fluff-homecrafts.json;data/zh-TW/craft-pages/homecrafts.json;data/zh-TW/items/fluff-items.json;data/zh-TW/items/items-000.json
item,bracers of archery,DMG,射手護腕,existing-site,data/zh-TW/craft-pages/fluff-homecrafts.json;data/zh-TW/craft-pages/homecrafts.json;data/zh-TW/items/fluff-items.json;data/zh-TW/items/items-000.json
item,bucket,PHB,吊桶,existing-site,data/zh-TW/items/items-001.json
item,candle,PHB,蠟燭,existing-site,data/zh-TW/items/items-001.json
item,cap of water breathing,,水下呼吸帽,existing-site,data/zh-TW/items/items-001.json
item,cap of water breathing,DMG,水下呼吸帽,existing-site,data/zh-TW/items/items-001.json
item,cape of the mountebank,,江湖騙子披風,existing-site,data/zh-TW/items/fluff-items.json;data/zh-TW/items/items-001.json
item,cape of the mountebank,DMG,江湖騙子披風,existing-site,data/zh-TW/items/fluff-items.json;data/zh-TW/items/items-001.json
item,carriage,PHB,四輪客車,existing-site,data/zh-TW/items/items-001.json
item,cart,PHB,二輪貨車,existing-site,data/zh-TW/items/items-001.json
item,club,phb,短棒,existing-site,data/zh-TW/bestiary/bestiary-bgg.json;data/zh-TW/bestiary/bestiary-cm.json;data/zh-TW/bestiary/bestiary-cos.json;data/zh-TW/bestiary/bestiary-crcotn.json;data/zh-TW/bestiary/bestiary-ggr.json;data/zh-TW/bestiary/bestiary-gos.json;data/zh-TW/bestiary/bestiary-lr.json;data/zh-TW/bestiary/bestiary-mabjov.json;data/zh-TW/bestiary/bestiary-mcv4ec.json;data/zh-TW/bestiary/bestiary-mff.json;data/zh-TW/bestiary/bestiary-mm.json;data/zh-TW/bestiary/bestiary-mpmm.json;data/zh-TW/bestiary/bestiary-nrh-at.json;data/zh-TW/bestiary/bestiary-rtg.json;data/zh-TW/bestiary/bestiary-skt.json;data/zh-TW/bestiary/bestiary-tftyp.json;data/zh-TW/bestiary/bestiary-ttp.json;data/zh-TW/bestiary/bestiary-vgm.json;data/zh-TW/bestiary/bestiary-wbtw.json;data/zh-TW/bestiary/bestiary-wdh.json;data/zh-TW/bestiary/bestiary-xmm.json;data/zh-TW/items/fluff-items.json;data/zh-TW/items/items-base.json
item,common clothes,phb,普通服裝,existing-site,data/zh-TW/items/items-001.json
item,component pouch,phb,材料包,existing-site,data/zh-TW/items/items-001.json
item,diamond,,鑽石,existing-site,data/zh-TW/items/items-001.json
item,dragonstaff of Ahghairon,WDH,阿蓋爾倫的龍杖,existing-site,data/zh-TW/items/fluff-items.json;data/zh-TW/items/items-002.json
item,dragonstaff of Ahghairon,wdh,阿蓋爾倫的龍杖,existing-site,data/zh-TW/items/fluff-items.json;data/zh-TW/items/items-002.json
item,driftglobe,,漂浮之球,existing-site,data/zh-TW/items/fluff-items.json;data/zh-TW/items/items-002.json
item,driftglobe,DMG,漂浮之球,existing-site,data/zh-TW/items/fluff-items.json;data/zh-TW/items/items-002.json
item,dust of disappearance,,無蹤粉,existing-site,data/zh-TW/items/fluff-items.json;data/zh-TW/items/items-002.json
item,dust of disappearance,DMG,無蹤粉,existing-site,data/zh-TW/items/fluff-items.json;data/zh-TW/items/items-002.json
item,essence of ether,,乙醚精,existing-site,data/zh-TW/items/items-002.json
item,essence of ether,DMG,乙醚精,existing-site,data/zh-TW/items/items-002.json
item,eyes of charming,,魅惑鏡片,existing-site,data/zh-TW/items/fluff-items.json;data/zh-TW/items/items-002.json
item,eyes of charming,DMG,魅惑鏡片,existing-site,data/zh-TW/items/fluff-items.json;data/zh-TW/items/items-002.json
item,eyescratch,WDH,眼撓,existing-site,data/zh-TW/items/items-002.json
item,feather of diatryma summoning,WDH,戴翠瑪召喚羽飾,existing-site,data/zh-TW/items/items-002.json
item,feather of diatryma summoning,wdh,戴翠瑪召喚羽飾,existing-site,data/zh-TW/items/items-002.json
item,gold,PHB,金,existing-site,data/zh-TW/bestiary/bestiary-vgm.json;data/zh-TW/bestiary/fluff-bestiary-vgm.json;data/zh-TW/items/items-002.json
item,hat of disguise,,易容帽,existing-site,data/zh-TW/items/fluff-items.json;data/zh-TW/items/items-003.json
item,hat of disguise,DMG,易容帽,existing-site,data/zh-TW/items/fluff-items.json;data/zh-TW/items/items-003.json
item,headband of intellect,,智力頭帶,existing-site,data/zh-TW/items/fluff-items.json;data/zh-TW/items/items-003.json
item,headband of intellect,DMG,智力頭帶,existing-site,data/zh-TW/items/fluff-items.json;data/zh-TW/items/items-003.json
item,horseshoes of speed,,加速馬蹄鐵,existing-site,data/zh-TW/items/items-003.json
item,horseshoes of speed,DMG,加速馬蹄鐵,existing-site,data/zh-TW/items/items-003.json
item,iron bands of Bilarro,,比拉羅的鐵索,existing-site,data/zh-TW/items/fluff-items.json;data/zh-TW/items/items-003.json
item,iron bands of Bilarro,DMG,比拉羅的鐵索,existing-site,data/zh-TW/items/fluff-items.json;data/zh-TW/items/items-003.json
item,knave's eye patch,wdh,欺詐者眼罩,existing-site,data/zh-TW/items/items-003.json
item,lamp,PHB,油燈,existing-site,data/zh-TW/bestiary/bestiary-veor.json;data/zh-TW/items/fluff-items.json;data/zh-TW/items/items-003.json
item,longbow,phb,長弓,existing-site,data/zh-TW/bestiary/bestiary-ai.json;data/zh-TW/bestiary/bestiary-aitfr-dn.json;data/zh-TW/bestiary/bestiary-bam.json;data/zh-TW/bestiary/bestiary-bgdia.json;data/zh-TW/bestiary/bestiary-coa.json;data/zh-TW/bestiary/bestiary-crcotn.json;data/zh-TW/bestiary/bestiary-dc.json;data/zh-TW/bestiary/bestiary-dip.json;data/zh-TW/bestiary/bestiary-dsotdq.json;data/zh-TW/bestiary/bestiary-efa.json;data/zh-TW/bestiary/bestiary-egw.json;data/zh-TW/bestiary/bestiary-erlw.json;data/zh-TW/bestiary/bestiary-esk.json;data/zh-TW/bestiary/bestiary-ggr.json;data/zh-TW/bestiary/bestiary-mabjov.json;data/zh-TW/bestiary/bestiary-mm.json;data/zh-TW/bestiary/bestiary-mot.json;data/zh-TW/bestiary/bestiary-mpmm.json;data/zh-TW/bestiary/bestiary-mtf.json;data/zh-TW/bestiary/bestiary-rot.json;data/zh-TW/bestiary/bestiary-sdw.json;data/zh-TW/bestiary/bestiary-skt.json;data/zh-TW/bestiary/bestiary-slw.json;data/zh-TW/bestiary/bestiary-tftyp.json;data/zh-TW/bestiary/bestiary-toa.json;data/zh-TW/bestiary/bestiary-vgm.json;data/zh-TW/bestiary/bestiary-xmm.json;data/zh-TW/items/fluff-items.json;data/zh-TW/items/items-base.json
item,longsword,PHB,長劍,existing-site,data/zh-TW/bestiary/bestiary-ai.json;data/zh-TW/bestiary/bestiary-aitfr-fcd.json;data/zh-TW/bestiary/bestiary-bam.json;data/zh-TW/bestiary/bestiary-bgg.json;data/zh-TW/bestiary/bestiary-bmt.json;data/zh-TW/bestiary/bestiary-coa.json;data/zh-TW/bestiary/bestiary-dc.json;data/zh-TW/bestiary/bestiary-dip.json;data/zh-TW/bestiary/bestiary-dsotdq.json;data/zh-TW/bestiary/bestiary-efa.json;data/zh-TW/bestiary/bestiary-egw.json;data/zh-TW/bestiary/bestiary-erlw.json;data/zh-TW/bestiary/bestiary-esk.json;data/zh-TW/bestiary/bestiary-ftd.json;data/zh-TW/bestiary/bestiary-ggr.json;data/zh-TW/bestiary/bestiary-gos.json;data/zh-TW/bestiary/bestiary-hat-tg.json;data/zh-TW/bestiary/bestiary-hol.json;data/zh-TW/bestiary/bestiary-hotdq.json;data/zh-TW/bestiary/bestiary-lmop.json;data/zh-TW/bestiary/bestiary-mabjov.json;data/zh-TW/bestiary/bestiary-mcv4ec.json;data/zh-TW/bestiary/bestiary-mm.json;data/zh-TW/bestiary/bestiary-mot.json;data/zh-TW/bestiary/bestiary-mpmm.json;data/zh-TW/bestiary/bestiary-mtf.json;data/zh-TW/bestiary/bestiary-oota.json;data/zh-TW/bestiary/bestiary-pabtso.json;data/zh-TW/bestiary/bestiary-pota.json;data/zh-TW/bestiary/bestiary-qftis.json;data/zh-TW/bestiary/bestiary-rot.json;data/zh-TW/bestiary/bestiary-sdw.json;data/zh-TW/bestiary/bestiary-skt.json;data/zh-TW/bestiary/bestiary-slw.json;data/zh-TW/bestiary/bestiary-tftyp.json;data/zh-TW/bestiary/bestiary-toa.json;data/zh-TW/bestiary/bestiary-veor.json;data/zh-TW/bestiary/bestiary-vgm.json;data/zh-TW/bestiary/bestiary-wdh.json;data/zh-TW/bestiary/bestiary-wdmm.json;data/zh-TW/bestiary/bestiary-xmm.json;data/zh-TW/items/fluff-items.json;data/zh-TW/items/items-base.json
item,mace of disruption,,瓦解之錘,existing-site,data/zh-TW/items/fluff-items.json;data/zh-TW/items/items-004.json
item,mace of disruption,DMG,瓦解之錘,existing-site,data/zh-TW/items/fluff-items.json;data/zh-TW/items/items-004.json
item,necklace of fireballs,,火球項鍊,existing-site,data/zh-TW/items/fluff-items.json;data/zh-TW/items/items-004.json
item,necklace of fireballs,DMG,火球項鍊,existing-site,data/zh-TW/items/fluff-items.json;data/zh-TW/items/items-004.json
item,oversized longbow,wdh,超大長弓,existing-site,data/zh-TW/bestiary/bestiary-wdh.json;data/zh-TW/items/items-004.json
item,paper (one sheet),PHB,紙(每張),existing-site,data/zh-TW/items/items-004.json
item,paper bird,WDH,紙鳶,existing-site,data/zh-TW/bestiary/bestiary-wbtw.json;data/zh-TW/bestiary/fluff-bestiary-wbtw.json;data/zh-TW/items/fluff-items.json;data/zh-TW/items/items-004.json
item,paper bird,wdh,紙鳶,existing-site,data/zh-TW/bestiary/bestiary-wbtw.json;data/zh-TW/bestiary/fluff-bestiary-wbtw.json;data/zh-TW/items/fluff-items.json;data/zh-TW/items/items-004.json
item,potion of flying,,飛行藥水,existing-site,data/zh-TW/items/items-005.json
item,potion of flying,DMG,飛行藥水,existing-site,data/zh-TW/items/items-005.json
item,potion of greater healing,DMG,高等治療藥水,existing-site,data/zh-TW/items/items-005.json
item,potion of healing,,治療藥水,existing-site,data/zh-TW/items/fluff-items.json;data/zh-TW/items/items-005.json
item,potion of healing,DMG,治療藥水,existing-site,data/zh-TW/items/fluff-items.json;data/zh-TW/items/items-005.json
item,potion of invisibility,,隱形藥水,existing-site,data/zh-TW/items/fluff-items.json;data/zh-TW/items/items-005.json
item,potion of mind reading,DMG,讀心藥水,existing-site,data/zh-TW/items/items-005.json
item,potion of resistance,,抗性藥水,existing-site,data/zh-TW/items/item-groups.json;data/zh-TW/items/items-base.json
item,potion of resistance,DMG,抗性藥水,existing-site,data/zh-TW/items/item-groups.json;data/zh-TW/items/items-base.json
item,potion of water breathing,,水下呼吸藥水,existing-site,data/zh-TW/items/fluff-items.json;data/zh-TW/items/items-005.json
item,potion of water breathing,DMG,水下呼吸藥水,existing-site,data/zh-TW/items/fluff-items.json;data/zh-TW/items/items-005.json
item,quarterstaff,PHB,長棍,existing-site,data/zh-TW/bestiary/bestiary-aitfr-thp.json;data/zh-TW/bestiary/bestiary-cm.json;data/zh-TW/bestiary/bestiary-cos.json;data/zh-TW/bestiary/bestiary-dc.json;data/zh-TW/bestiary/bestiary-dsotdq.json;data/zh-TW/bestiary/bestiary-esk.json;data/zh-TW/bestiary/bestiary-ggr.json;data/zh-TW/bestiary/bestiary-gos.json;data/zh-TW/bestiary/bestiary-hat-tg.json;data/zh-TW/bestiary/bestiary-hftt.json;data/zh-TW/bestiary/bestiary-hol.json;data/zh-TW/bestiary/bestiary-hotdq.json;data/zh-TW/bestiary/bestiary-llk.json;data/zh-TW/bestiary/bestiary-lmop.json;data/zh-TW/bestiary/bestiary-mabjov.json;data/zh-TW/bestiary/bestiary-mm.json;data/zh-TW/bestiary/bestiary-mpmm.json;data/zh-TW/bestiary/bestiary-mtf.json;data/zh-TW/bestiary/bestiary-pota.json;data/zh-TW/bestiary/bestiary-qftis.json;data/zh-TW/bestiary/bestiary-sdw.json;data/zh-TW/bestiary/bestiary-skt.json;data/zh-TW/bestiary/bestiary-slw.json;data/zh-TW/bestiary/bestiary-tftyp.json;data/zh-TW/bestiary/bestiary-toa.json;data/zh-TW/bestiary/bestiary-vgm.json;data/zh-TW/bestiary/bestiary-wdh.json;data/zh-TW/items/fluff-items.json;data/zh-TW/items/items-base.json
item,ring of force resistance,,力場抗性戒指,existing-site,data/zh-TW/items/items-005.json
item,ring of invisibility,,隱身戒指,existing-site,data/zh-TW/items/fluff-items.json;data/zh-TW/items/items-005.json
item,ring of invisibility,DMG,隱身戒指,existing-site,data/zh-TW/items/fluff-items.json;data/zh-TW/items/items-005.json
item,ring of mind shielding,,心靈護盾戒指,existing-site,data/zh-TW/items/fluff-items.json;data/zh-TW/items/items-005.json
item,ring of mind shielding,DMG,心靈護盾戒指,existing-site,data/zh-TW/items/fluff-items.json;data/zh-TW/items/items-005.json
item,ring of truth telling,wdh,真言戒指,existing-site,data/zh-TW/items/items-005.json
item,ring of warmth,,溫暖戒指,existing-site,data/zh-TW/items/fluff-items.json;data/zh-TW/items/items-005.json
item,ring of warmth,DMG,溫暖戒指,existing-site,data/zh-TW/items/fluff-items.json;data/zh-TW/items/items-005.json
item,rod of rulership,,統御權杖,existing-site,data/zh-TW/bestiary/bestiary-wdh.json;data/zh-TW/items/fluff-items.json;data/zh-TW/items/items-006.json
item,rod of rulership,DMG,統御權杖,existing-site,data/zh-TW/bestiary/bestiary-wdh.json;data/zh-TW/items/fluff-items.json;data/zh-TW/items/items-006.json
item,rowboat,,划艇,existing-site,data/zh-TW/craft-pages/fluff-vehicles.json;data/zh-TW/craft-pages/vehicles.json;data/zh-TW/items/items-006.json
item,sailing ship,,帆船,existing-site,data/zh-TW/craft-pages/fluff-vehicles.json;data/zh-TW/craft-pages/vehicles.json;data/zh-TW/items/items-006.json
item,sailing ship,DMG,帆船,existing-site,data/zh-TW/craft-pages/fluff-vehicles.json;data/zh-TW/craft-pages/vehicles.json;data/zh-TW/items/items-006.json
item,shield,PHB,盾牌,existing-site,data/zh-TW/bestiary/bestiary-bgdia.json;data/zh-TW/items/fluff-items.json;data/zh-TW/items/items-001.json;data/zh-TW/items/items-003.json;data/zh-TW/items/items-004.json;data/zh-TW/items/items-base.json
item,shovel,PHB,鏟子,existing-site,data/zh-TW/bestiary/bestiary-cos.json;data/zh-TW/items/items-006.json
item,smith's tools,PHB,鐵匠工具,existing-site,data/zh-TW/items/items-base.json;data/zh-TW/rules/variantrules.json
item,smokepowder,WDH,發煙粉,existing-site,data/zh-TW/items/items-006.json
item,smokepowder,wdh,發煙粉,existing-site,data/zh-TW/items/items-006.json
item,soap,PHB,肥皂,existing-site,data/zh-TW/items/items-006.json
item,spell scroll,,法術卷軸,existing-site,data/zh-TW/items/fluff-items.json;data/zh-TW/items/item-groups.json
item,spell scroll,DMG,法術卷軸,existing-site,data/zh-TW/items/fluff-items.json;data/zh-TW/items/item-groups.json
item,staff of power,,威力法杖,existing-site,data/zh-TW/bestiary/bestiary-mabjov.json;data/zh-TW/bestiary/bestiary-wbtw.json;data/zh-TW/bestiary/bestiary-wdh.json;data/zh-TW/items/fluff-items.json;data/zh-TW/items/items-007.json
item,staff of power,DMG,威力法杖,existing-site,data/zh-TW/bestiary/bestiary-mabjov.json;data/zh-TW/bestiary/bestiary-wbtw.json;data/zh-TW/bestiary/bestiary-wdh.json;data/zh-TW/items/fluff-items.json;data/zh-TW/items/items-007.json
item,tankard,PHB,大杯,existing-site,data/zh-TW/items/items-007.json
item,teleporter ring,WDH,傳送戒指,existing-site,data/zh-TW/items/items-007.json
item,thieves' tools,PHB,盜賊工具,existing-site,data/zh-TW/items/fluff-items.json;data/zh-TW/items/items-007.json;data/zh-TW/rules/variantrules.json
item,wagon,PHB,四輪貨車,existing-site,data/zh-TW/items/items-007.json
item,wand of binding,DMG,定身魔杖,existing-site,data/zh-TW/items/fluff-items.json;data/zh-TW/items/items-007.json
item,wand of lightning bolts,,閃電束魔杖,existing-site,data/zh-TW/items/fluff-items.json;data/zh-TW/items/items-007.json
item,wand of lightning bolts,DMG,閃電束魔杖,existing-site,data/zh-TW/items/fluff-items.json;data/zh-TW/items/items-007.json
item,wand of magic missiles,,魔法飛彈魔杖,existing-site,data/zh-TW/bestiary/bestiary-idrotf.json;data/zh-TW/items/fluff-items.json;data/zh-TW/items/items-007.json
item,wand of magic missiles,DMG,魔法飛彈魔杖,existing-site,data/zh-TW/bestiary/bestiary-idrotf.json;data/zh-TW/items/fluff-items.json;data/zh-TW/items/items-007.json
item,wand of secrets,,探秘魔杖,existing-site,data/zh-TW/items/fluff-items.json;data/zh-TW/items/items-007.json
item,wand of secrets,DMG,探秘魔杖,existing-site,data/zh-TW/items/fluff-items.json;data/zh-TW/items/items-007.json
item,waterskin,phb,水袋,existing-site,data/zh-TW/items/items-007.json
name,A Beholder's Lair,,眼魔的巢穴,existing-site,data/zh-TW/bestiary/fluff-bestiary-mm.json
name,Adamantine bar,,精金條,existing-site,data/zh-TW/items/items-000.json
name,Adjustable Stilts,,可調節高蹺,existing-site,data/zh-TW/items/items-000.json
name,Adjusted Game Statistics,,調整後的遊戲具體數值,existing-site,data/zh-TW/bestiary/fluff-bestiary-wdh.json
name,Ahmaergo,,阿莫戈,existing-site,data/zh-TW/bestiary/bestiary-wdh.json;data/zh-TW/bestiary/fluff-bestiary-wdh.json
name,Alustriel Silverhand,,艾拉斯卓·銀手,existing-site,data/zh-TW/bestiary/bestiary-veor.json;data/zh-TW/bestiary/fluff-bestiary-veor.json
name,Ambushers,,伏擊者,existing-site,data/zh-TW/bestiary/fluff-bestiary-vgm.json
name,Ammalia Cassalanter,,阿瑪利亞·卡薩蘭特,existing-site,data/zh-TW/bestiary/bestiary-wdh.json;data/zh-TW/bestiary/fluff-bestiary-wdh.json
name,Anchor,,錨,existing-site,data/zh-TW/items/items-005.json
name,Antimagic Field,,反魔法場,existing-site,data/zh-TW/spells/spells-phb.json;data/zh-TW/spells/spells-xphb.json
name,Apprentice Wizard,,學徒法師,existing-site,data/zh-TW/bestiary/bestiary-mpmm.json;data/zh-TW/bestiary/bestiary-vgm.json;data/zh-TW/bestiary/fluff-bestiary-mpmm.json;data/zh-TW/bestiary/fluff-bestiary-vgm.json
name,Arkhan the Cruel,,殘酷者阿克漢,existing-site,data/zh-TW/bestiary/bestiary-bgdia.json;data/zh-TW/bestiary/fluff-bestiary-bgdia.json
name,Armor,,護甲,existing-site,data/zh-TW/items/items-004.json;data/zh-TW/items/items-005.json
name,Art Imitates Life (3/Day),,藝術模仿生活（每日3次）,existing-site,data/zh-TW/bestiary/bestiary-wdh.json
name,Artus Cimber,,阿圖斯·辛貝爾,existing-site,data/zh-TW/bestiary/bestiary-toa.json;data/zh-TW/bestiary/fluff-bestiary-toa.json
name,Assets,,資產,existing-site,data/zh-TW/rules/variantrules.json
name,Athar,,神明非神會,existing-site,data/zh-TW/character-options/backgrounds.json
name,Aurinax,,奧瑞納克斯,existing-site,data/zh-TW/bestiary/bestiary-wdh.json;data/zh-TW/bestiary/fluff-bestiary-wdh.json
name,Autumn,,秋,existing-site,data/zh-TW/character-options/races.json;data/zh-TW/items/items-002.json
name,Azuth,,阿祖斯,existing-site,data/zh-TW/reference-pages/deities.json
name,Backpack Parachute,,降落傘包,existing-site,data/zh-TW/items/items-000.json
name,Bard,,吟遊詩人,existing-site,data/zh-TW/bestiary/bestiary-mpmm.json;data/zh-TW/bestiary/bestiary-vgm.json;data/zh-TW/bestiary/fluff-bestiary-mpmm.json;data/zh-TW/bestiary/fluff-bestiary-vgm.json;data/zh-TW/class/class-bard.json;data/zh-TW/class/fluff-class-bard.json
name,Barking Box,,吠叫箱,existing-site,data/zh-TW/items/items-000.json
name,Barnibus Blastwind,,巴尼布斯·陣風,existing-site,data/zh-TW/bestiary/bestiary-wdh.json;data/zh-TW/bestiary/fluff-bestiary-wdh.json
name,Bhaal,,巴爾,existing-site,data/zh-TW/bestiary/fluff-bestiary-mabjov.json;data/zh-TW/reference-pages/deities.json
name,Black Pudding,,黑布丁,existing-site,data/zh-TW/bestiary/bestiary-mm.json;data/zh-TW/bestiary/bestiary-xmm.json;data/zh-TW/bestiary/fluff-bestiary-mm.json;data/zh-TW/bestiary/fluff-bestiary-xmm.json;data/zh-TW/craft-pages/fluff-recipes.json;data/zh-TW/craft-pages/recipes.json
name,Ceilings,,天花板,existing-site,data/zh-TW/craft-pages/fluff-vehicles.json
name,Character Advancement,,角色升級,existing-site,data/zh-TW/rules/variantrules.json
name,Chest,,箱子,existing-site,data/zh-TW/items/items-001.json
name,Children,,子嗣,existing-site,data/zh-TW/bestiary/bestiary-mpmm.json
name,City Watch,,城市守衛,existing-site,data/zh-TW/character-options/backgrounds.json;data/zh-TW/character-options/fluff-backgrounds.json
name,Common,,通用語,existing-site,data/zh-TW/reference-pages/languages.json
name,Constructed Nature,,構裝本質,existing-site,data/zh-TW/bestiary/bestiary-cos.json;data/zh-TW/bestiary/bestiary-wdh.json;data/zh-TW/bestiary/fluff-bestiary-erlw.json;data/zh-TW/bestiary/fluff-bestiary-mm.json;data/zh-TW/bestiary/fluff-bestiary-mtf.json;data/zh-TW/bestiary/fluff-bestiary-tftyp.json;data/zh-TW/bestiary/fluff-bestiary-wdh.json;data/zh-TW/bestiary/fluff-bestiary-wdmm.json
name,Corellon Larethian,,科瑞隆·拉瑞斯安,existing-site,data/zh-TW/reference-pages/deities.json
name,Corpses,,屍體,existing-site,data/zh-TW/bestiary/bestiary-mpmm.json;data/zh-TW/bestiary/bestiary-mtf.json
name,Cult of Asmodeus,,阿斯蒙蒂斯教派,existing-site,data/zh-TW/cults-boons/cultsboons.json
name,Cyric,,希瑞克,existing-site,data/zh-TW/reference-pages/deities.json
name,Dagger,,匕首,existing-site,data/zh-TW/bestiary/bestiary-ai.json;data/zh-TW/bestiary/bestiary-aitfr-fcd.json;data/zh-TW/bestiary/bestiary-aitfr-isf.json;data/zh-TW/bestiary/bestiary-bam.json;data/zh-TW/bestiary/bestiary-bgdia.json;data/zh-TW/bestiary/bestiary-cm.json;data/zh-TW/bestiary/bestiary-coa.json;data/zh-TW/bestiary/bestiary-cos.json;data/zh-TW/bestiary/bestiary-crcotn.json;data/zh-TW/bestiary/bestiary-dc.json;data/zh-TW/bestiary/bestiary-dip.json;data/zh-TW/bestiary/bestiary-dosi.json;data/zh-TW/bestiary/bestiary-dsotdq.json;data/zh-TW/bestiary/bestiary-efa.json;data/zh-TW/bestiary/bestiary-egw.json;data/zh-TW/bestiary/bestiary-erlw.json;data/zh-TW/bestiary/bestiary-esk.json;data/zh-TW/bestiary/bestiary-ftd.json;data/zh-TW/bestiary/bestiary-ggr.json;data/zh-TW/bestiary/bestiary-gos.json;data/zh-TW/bestiary/bestiary-hat-tg.json;data/zh-TW/bestiary/bestiary-hol.json;data/zh-TW/bestiary/bestiary-hotdq.json;data/zh-TW/bestiary/bestiary-idrotf.json;data/zh-TW/bestiary/bestiary-imr.json;data/zh-TW/bestiary/bestiary-kkw.json;data/zh-TW/bestiary/bestiary-lr.json;data/zh-TW/bestiary/bestiary-mabjov.json;data/zh-TW/bestiary/bestiary-mff.json;data/zh-TW/bestiary/bestiary-mgelft.json;data/zh-TW/bestiary/bestiary-mm.json;data/zh-TW/bestiary/bestiary-mpmm.json;data/zh-TW/bestiary/bestiary-pota.json;data/zh-TW/bestiary/bestiary-sdw.json;data/zh-TW/bestiary/bestiary-skt.json;data/zh-TW/bestiary/bestiary-slw.json;data/zh-TW/bestiary/bestiary-tftyp.json;data/zh-TW/bestiary/bestiary-toa.json;data/zh-TW/bestiary/bestiary-vgm.json;data/zh-TW/bestiary/bestiary-wbtw.json;data/zh-TW/bestiary/bestiary-wdh.json;data/zh-TW/bestiary/bestiary-xmm.json;data/zh-TW/items/fluff-items.json;data/zh-TW/items/items-base.json
name,Davil Starsong,,達維爾·星歌,existing-site,data/zh-TW/bestiary/bestiary-wdh.json;data/zh-TW/bestiary/fluff-bestiary-wdh.json
name,Doors,,門,existing-site,data/zh-TW/craft-pages/fluff-vehicles.json;data/zh-TW/spells/spells-phb.json;data/zh-TW/spells/spells-xphb.json
name,Dragonbait,,龍餌,existing-site,data/zh-TW/bestiary/bestiary-toa.json;data/zh-TW/bestiary/fluff-bestiary-toa.json
name,Drow Gunslinger,,卓爾火槍手,existing-site,data/zh-TW/bestiary/bestiary-wdh.json;data/zh-TW/bestiary/fluff-bestiary-wdh.json
name,Duelist,,決鬥家,existing-site,data/zh-TW/bestiary/fluff-bestiary-wdh.json
name,Durnan,,杜爾南,existing-site,data/zh-TW/bestiary/bestiary-wdh.json;data/zh-TW/bestiary/fluff-bestiary-wdh.json
name,Dwarves,,矮人,existing-site,data/zh-TW/character-options/fluff-races.json
name,Eldath,,埃達絲,existing-site,data/zh-TW/reference-pages/deities.json
name,Fala Lefaliir,,法拉·勒法利爾,existing-site,data/zh-TW/bestiary/bestiary-wdh.json;data/zh-TW/bestiary/fluff-bestiary-wdh.json
name,Fel'rekt Lafeen,,菲爾萊科特·拉菲恩,existing-site,data/zh-TW/bestiary/bestiary-wdh.json
name,Figurehead,,船首像,existing-site,data/zh-TW/craft-pages/fluff-vehicles.json
name,Floon Blagmaar,,福盧恩·布拉格瑪,existing-site,data/zh-TW/bestiary/bestiary-wdh.json
name,Footlockers,,腳鎖箱,existing-site,data/zh-TW/craft-pages/fluff-vehicles.json
name,Force Field,,防禦力場,existing-site,data/zh-TW/bestiary/bestiary-kftgv.json;data/zh-TW/items/items-005.json
name,Game Statistics,,遊戲資料,existing-site,data/zh-TW/class/class-druid.json
name,Gazer,,凝視者眼魔,existing-site,data/zh-TW/bestiary/bestiary-mpmm.json;data/zh-TW/bestiary/bestiary-vgm.json;data/zh-TW/bestiary/fluff-bestiary-mpmm.json;data/zh-TW/bestiary/fluff-bestiary-vgm.json
name,Glyph of Warding,,守衛刻文,existing-site,data/zh-TW/spells/spells-phb.json;data/zh-TW/spells/spells-xphb.json
name,Goals,,目標,existing-site,data/zh-TW/rules/variantrules.json
name,Goblins,,地精,existing-site,data/zh-TW/bestiary/fluff-bestiary-xmm.json
name,Grimvault,,冷酷之竿,existing-site,data/zh-TW/bestiary/bestiary-wdh.json
name,Halaster Blackcloak,,海拉斯特·黑袍,existing-site,data/zh-TW/bestiary/bestiary-wdmm.json;data/zh-TW/bestiary/fluff-bestiary-wdmm.json;data/zh-TW/bestiary/legendarygroups.json
name,Hammer,,錘子,existing-site,data/zh-TW/bestiary/bestiary-gos.json;data/zh-TW/bestiary/bestiary-mpmm.json;data/zh-TW/bestiary/bestiary-mtf.json;data/zh-TW/items/items-003.json
name,Harper,,豎琴手,existing-site,data/zh-TW/character-options/backgrounds.json;data/zh-TW/character-options/fluff-backgrounds.json
name,Heat Wave,,熱浪,existing-site,data/zh-TW/bestiary/bestiary-pota.json
name,Hlam,,胡拉姆,existing-site,data/zh-TW/bestiary/bestiary-wdh.json;data/zh-TW/bestiary/fluff-bestiary-wdh.json
name,Hrabbaz,,哈巴茲,existing-site,data/zh-TW/bestiary/bestiary-wdh.json;data/zh-TW/bestiary/fluff-bestiary-wdh.json
name,Ilmater,,伊爾梅特,existing-site,data/zh-TW/reference-pages/deities.json
name,Insight,,洞悉,existing-site,data/zh-TW/items/items-base.json;data/zh-TW/rules/skills.json;data/zh-TW/rules/variantrules.json
name,Istrid Horn,,伊思崔德·霍恩,existing-site,data/zh-TW/bestiary/bestiary-wdh.json;data/zh-TW/bestiary/fluff-bestiary-wdh.json
name,Jalester Silvermane,,加萊斯特·銀鬃,existing-site,data/zh-TW/bestiary/bestiary-wdh.json;data/zh-TW/bestiary/fluff-bestiary-wdh.json
name,Jandar Chergoba,,詹達爾·切爾戈巴,existing-site,data/zh-TW/bestiary/bestiary-wdh.json;data/zh-TW/bestiary/fluff-bestiary-wdh.json
name,Jarlaxle Baenre,,賈拉索·班瑞,existing-site,data/zh-TW/bestiary/bestiary-wdh.json;data/zh-TW/bestiary/fluff-bestiary-wdh.json
name,Kalain,,卡萊恩,existing-site,data/zh-TW/bestiary/bestiary-wdh.json;data/zh-TW/bestiary/fluff-bestiary-wdh.json
name,Kelemvor,,凱蘭沃,existing-site,data/zh-TW/reference-pages/deities.json
name,Krebbyg Masq'il'yr,,克雷比格·馬斯奇爾,existing-site,data/zh-TW/bestiary/bestiary-wdh.json
name,Kuo-toa,,寇濤,existing-site,data/zh-TW/bestiary/bestiary-mm.json;data/zh-TW/bestiary/bestiary-xmm.json;data/zh-TW/bestiary/fluff-bestiary-mm.json;data/zh-TW/bestiary/fluff-bestiary-xmm.json;data/zh-TW/character-options/races.json
name,Ladder,,梯子,existing-site,data/zh-TW/items/items-003.json
name,Lady Gondafrey,,岡達弗蕾女士,existing-site,data/zh-TW/bestiary/bestiary-wdh.json;data/zh-TW/bestiary/fluff-bestiary-wdh.json
name,Laeral Silverhand,,萊拉·銀手,existing-site,data/zh-TW/bestiary/bestiary-wdh.json;data/zh-TW/bestiary/fluff-bestiary-wdh.json
name,"Laiba ""Nana"" Rosse",,萊巴 '娜娜' 羅斯,existing-site,data/zh-TW/bestiary/bestiary-wdh.json;data/zh-TW/bestiary/fluff-bestiary-wdh.json
name,Landmarks,,地標,existing-site,data/zh-TW/bestiary/fluff-bestiary-wdh.json
name,Lantanese,,蘭檀語,existing-site,data/zh-TW/reference-pages/languages.json
name,Lighting,,光照,existing-site,data/zh-TW/bestiary/legendarygroups.json
name,Lolth,,羅絲,existing-site,data/zh-TW/bestiary/fluff-bestiary-mm.json;data/zh-TW/reference-pages/deities.json
name,Manshoon,,曼松,existing-site,data/zh-TW/bestiary/bestiary-fraif.json;data/zh-TW/bestiary/bestiary-wdh.json;data/zh-TW/bestiary/fluff-bestiary-fraif.json;data/zh-TW/bestiary/fluff-bestiary-wdh.json
name,Manshoon Simulacrum,,曼松的擬像,existing-site,data/zh-TW/bestiary/bestiary-wdh.json;data/zh-TW/bestiary/fluff-bestiary-wdh.json
name,Martial Arts Adept,,武術高手,existing-site,data/zh-TW/bestiary/bestiary-mpmm.json;data/zh-TW/bestiary/bestiary-vgm.json;data/zh-TW/bestiary/fluff-bestiary-mpmm.json;data/zh-TW/bestiary/fluff-bestiary-vgm.json
name,Matchless Pipe,,無雙菸斗,existing-site,data/zh-TW/items/items-004.json
name,"Mattrim ""Threestrings"" Mereg",,"馬特里姆""三絃"" 梅雷格",existing-site,data/zh-TW/bestiary/bestiary-wdh.json;data/zh-TW/bestiary/fluff-bestiary-wdh.json
name,Mechanical Beholder,,機械眼魔,existing-site,data/zh-TW/craft-pages/fluff-vehicles.json;data/zh-TW/craft-pages/vehicles.json
name,Melannor Fellbranch,,梅蘭諾·費爾布蘭奇,existing-site,data/zh-TW/bestiary/bestiary-wdh.json;data/zh-TW/bestiary/fluff-bestiary-wdh.json
name,Meloon Wardragon,,麥倫·戰龍,existing-site,data/zh-TW/bestiary/bestiary-wdh.json;data/zh-TW/bestiary/fluff-bestiary-wdh.json
name,Mimic,,擬身怪,existing-site,data/zh-TW/bestiary/bestiary-mm.json;data/zh-TW/bestiary/bestiary-xmm.json;data/zh-TW/bestiary/fluff-bestiary-mm.json;data/zh-TW/bestiary/fluff-bestiary-xmm.json
name,Mind Flayer,,奪心魔,existing-site,data/zh-TW/bestiary/bestiary-mm.json;data/zh-TW/bestiary/bestiary-xmm.json;data/zh-TW/bestiary/fluff-bestiary-mm.json;data/zh-TW/bestiary/fluff-bestiary-vgm.json;data/zh-TW/bestiary/fluff-bestiary-xmm.json;data/zh-TW/craft-pages/fluff-homecrafts.json;data/zh-TW/craft-pages/homecrafts.json
name,Mirror,,鏡子,existing-site,data/zh-TW/items/items-004.json
name,Mirt,,米爾特,existing-site,data/zh-TW/bestiary/bestiary-wdh.json;data/zh-TW/bestiary/fluff-bestiary-wdh.json
name,Mulan,,穆蘭人,existing-site,data/zh-TW/character-options/fluff-races.json
name,Myrkul,,米爾寇,existing-site,data/zh-TW/reference-pages/deities.json
name,Nar'l Xibrindas,,納爾·澤布林達斯,existing-site,data/zh-TW/bestiary/bestiary-wdh.json;data/zh-TW/bestiary/fluff-bestiary-wdh.json
name,Necromancer,,死靈師,existing-site,data/zh-TW/bestiary/bestiary-vgm.json;data/zh-TW/bestiary/fluff-bestiary-vgm.json;data/zh-TW/craft-pages/fluff-recipes.json;data/zh-TW/craft-pages/recipes.json
name,Netherese,,耐瑟瑞爾語,existing-site,data/zh-TW/reference-pages/languages.json
name,Nihiloor,,尼希盧爾,existing-site,data/zh-TW/bestiary/bestiary-wdh.json;data/zh-TW/bestiary/fluff-bestiary-wdh.json
name,Nimblewright,,秘偶,existing-site,data/zh-TW/bestiary/bestiary-wdh.json;data/zh-TW/bestiary/fluff-bestiary-fraif.json;data/zh-TW/bestiary/fluff-bestiary-wdh.json
name,Nimblewright Detector,,秘偶探測器,existing-site,data/zh-TW/items/items-004.json
name,Noska Ur'gray,,諾思卡·厄格雷,existing-site,data/zh-TW/bestiary/bestiary-wdh.json;data/zh-TW/bestiary/fluff-bestiary-wdh.json
name,Obaya Uday,,歐芭雅·烏黛,existing-site,data/zh-TW/bestiary/bestiary-wdh.json;data/zh-TW/bestiary/fluff-bestiary-wdh.json
name,Orond Gralhund,,奧隆德·格勞洪德,existing-site,data/zh-TW/bestiary/bestiary-wdh.json;data/zh-TW/bestiary/fluff-bestiary-wdh.json
name,Osvaldo Cassalanter,,奧斯瓦多·卡薩蘭特,existing-site,data/zh-TW/bestiary/bestiary-wdh.json;data/zh-TW/bestiary/fluff-bestiary-wdh.json
name,Ott Steeltoes,,奧特·鋼趾,existing-site,data/zh-TW/bestiary/bestiary-wdh.json;data/zh-TW/bestiary/fluff-bestiary-wdh.json
name,Perception,,感知,existing-site,data/zh-TW/items/items-base.json;data/zh-TW/rules/skills.json;data/zh-TW/rules/variantrules.json
name,Persuasion,,說服,existing-site,data/zh-TW/items/items-001.json;data/zh-TW/items/items-base.json;data/zh-TW/rules/skills.json;data/zh-TW/rules/variantrules.json
name,Plans,,計劃,existing-site,data/zh-TW/rules/variantrules.json
name,Ranks in the City Guard,,城市警衛的等級,existing-site,data/zh-TW/bestiary/fluff-bestiary-wdh.json
name,Remallia Haventree,,蕾米莉亞·港樹,existing-site,data/zh-TW/bestiary/bestiary-wdh.json;data/zh-TW/bestiary/fluff-bestiary-wdh.json
name,Renaer Neverember,,瑞納爾·無燼,existing-site,data/zh-TW/bestiary/bestiary-wdh.json;data/zh-TW/bestiary/fluff-bestiary-wdh.json
name,Rewards,,獎勵,existing-site,data/zh-TW/craft-pages/fluff-recipes.json;data/zh-TW/craft-pages/recipes.json
name,Rigging,,索具,existing-site,data/zh-TW/craft-pages/fluff-vehicles.json
name,Robes,,長袍,existing-site,data/zh-TW/items/items-005.json
name,Saeth Cromley,,薩斯·克姆利,existing-site,data/zh-TW/bestiary/bestiary-wdh.json;data/zh-TW/bestiary/fluff-bestiary-wdh.json
name,Shadowdark,,暗影黑暗,existing-site,data/zh-TW/craft-pages/fluff-recipes.json;data/zh-TW/craft-pages/recipes.json
name,Shapechanger,,變形者,existing-site,data/zh-TW/bestiary/bestiary-aitfr-thp.json;data/zh-TW/bestiary/bestiary-cm.json;data/zh-TW/bestiary/bestiary-cos.json;data/zh-TW/bestiary/bestiary-dip.json;data/zh-TW/bestiary/bestiary-ftd.json;data/zh-TW/bestiary/bestiary-idrotf.json;data/zh-TW/bestiary/bestiary-mabjov.json;data/zh-TW/bestiary/bestiary-mm.json;data/zh-TW/bestiary/bestiary-mtf.json;data/zh-TW/bestiary/bestiary-ps-i.json;data/zh-TW/bestiary/bestiary-tftyp.json;data/zh-TW/bestiary/bestiary-toa.json;data/zh-TW/bestiary/bestiary-vgm.json;data/zh-TW/bestiary/bestiary-vrgr.json;data/zh-TW/bestiary/bestiary-wdh.json;data/zh-TW/bestiary/bestiary-wdmm.json;data/zh-TW/character-options/feats.json;data/zh-TW/character-options/races.json;data/zh-TW/class/class-wizard.json
name,Simulacrum,,擬像術,existing-site,data/zh-TW/bestiary/bestiary-mabjov.json;data/zh-TW/bestiary/legendarygroups.json;data/zh-TW/spells/spells-phb.json;data/zh-TW/spells/spells-xphb.json
name,Skeemo Weirdbottle,,斯齊莫·奇瓶,existing-site,data/zh-TW/bestiary/bestiary-wdh.json;data/zh-TW/bestiary/fluff-bestiary-wdh.json
name,Soluun Xibrindas,,索倫·希布林達斯,existing-site,data/zh-TW/bestiary/bestiary-wdh.json;data/zh-TW/bestiary/fluff-bestiary-wdh.json
name,Spring,,春,existing-site,data/zh-TW/bestiary/bestiary-toa.json;data/zh-TW/character-options/races.json;data/zh-TW/items/items-002.json
name,Stairs,,樓梯,existing-site,data/zh-TW/spells/spells-phb.json;data/zh-TW/spells/spells-xphb.json
name,Statue,,雕像,existing-site,data/zh-TW/items/items-001.json
name,Sticky Slime,,粘軟泥,existing-site,data/zh-TW/bestiary/legendarygroups.json
name,Stirges,,蚊蝠們,existing-site,data/zh-TW/bestiary/fluff-bestiary-xmm.json
name,Stone of Golorr,,格洛爾之石,existing-site,data/zh-TW/items/fluff-items.json;data/zh-TW/items/items-007.json
name,Summer,,夏,existing-site,data/zh-TW/character-options/races.json;data/zh-TW/items/items-002.json
name,Sunlight,,陽光,existing-site,data/zh-TW/bestiary/bestiary-abh.json;data/zh-TW/bestiary/bestiary-rhw.json;data/zh-TW/bestiary/bestiary-xmm.json;data/zh-TW/class/class-paladin.json;data/zh-TW/items/items-003.json;data/zh-TW/items/items-007.json
name,Swashbuckler,,風流劍客,existing-site,data/zh-TW/bestiary/bestiary-mpmm.json;data/zh-TW/bestiary/bestiary-vgm.json;data/zh-TW/bestiary/fluff-bestiary-mpmm.json;data/zh-TW/bestiary/fluff-bestiary-vgm.json;data/zh-TW/bestiary/fluff-bestiary-wdh.json;data/zh-TW/class/class-rogue.json;data/zh-TW/class/fluff-class-rogue.json
name,Tashlyn Yafeera,,塔什琳·雅菲拉,existing-site,data/zh-TW/bestiary/bestiary-wdh.json;data/zh-TW/bestiary/fluff-bestiary-wdh.json
name,Teleportation Circle,,傳送法陣,existing-site,data/zh-TW/bastions/bastions.json;data/zh-TW/spells/spells-phb.json;data/zh-TW/spells/spells-xphb.json
name,Tempus,,坦帕斯,existing-site,data/zh-TW/reference-pages/deities.json
name,Tethyrian,,泰瑟爾人,existing-site,data/zh-TW/character-options/fluff-races.json
name,The Doom Raiders,,末日劫掠者,existing-site,data/zh-TW/bestiary/fluff-bestiary-wdh.json
name,Theater,,劇院,existing-site,data/zh-TW/bastions/bastions.json
name,Thorvin Twinbeard,,索文·雙須,existing-site,data/zh-TW/bestiary/bestiary-wdh.json;data/zh-TW/bestiary/fluff-bestiary-wdh.json
name,Tissina Khyret,,蒂西娜·凱瑞特,existing-site,data/zh-TW/bestiary/bestiary-wdh.json;data/zh-TW/bestiary/fluff-bestiary-wdh.json
name,Trap,,陷阱,existing-site,data/zh-TW/bestiary/legendarygroups.json
name,Treasure,,寶藏,existing-site,data/zh-TW/bestiary/fluff-bestiary-wdh.json;data/zh-TW/items/items-base.json
name,Turami,,圖拉米人,existing-site,data/zh-TW/character-options/fluff-races.json
name,Tymora,,泰摩拉,existing-site,data/zh-TW/reference-pages/deities.json
name,Tyr,,提爾,existing-site,data/zh-TW/reference-pages/deities.json
name,Unicorn,,獨角獸,existing-site,data/zh-TW/bestiary/bestiary-mm.json;data/zh-TW/bestiary/bestiary-xmm.json;data/zh-TW/bestiary/fluff-bestiary-mm.json;data/zh-TW/bestiary/fluff-bestiary-xmm.json;data/zh-TW/bestiary/legendarygroups.json
name,Urstul Floxin,,厄斯圖爾·弗洛克辛,existing-site,data/zh-TW/bestiary/bestiary-wdh.json;data/zh-TW/bestiary/fluff-bestiary-wdh.json
name,Vajra Safahr,,瓦婕拉·莎法爾,existing-site,data/zh-TW/bestiary/bestiary-wdh.json;data/zh-TW/bestiary/fluff-bestiary-wdh.json
name,Victoro Cassalanter,,維克托羅·卡薩蘭特,existing-site,data/zh-TW/bestiary/bestiary-wdh.json;data/zh-TW/bestiary/fluff-bestiary-wdh.json
name,WATER,,水,existing-site,data/zh-TW/character-options/races.json;data/zh-TW/items/items-005.json
name,Wheel,,輪子,existing-site,data/zh-TW/craft-pages/fluff-vehicles.json
name,Willifort Crowelle,,威利福特·克羅威爾,existing-site,data/zh-TW/bestiary/bestiary-wdh.json
name,Winter,,冬,existing-site,data/zh-TW/character-options/races.json;data/zh-TW/items/items-002.json
name,Wishes,,許願,existing-site,data/zh-TW/bestiary/bestiary-fraif.json;data/zh-TW/bestiary/bestiary-mm.json;data/zh-TW/bestiary/bestiary-xmm.json
name,Xanathar,,姍娜薩,existing-site,data/zh-TW/bestiary/bestiary-wdh.json;data/zh-TW/bestiary/fluff-bestiary-wdh.json
name,Y,,歪,existing-site,data/zh-TW/bestiary/bestiary-oota.json;data/zh-TW/bestiary/fluff-bestiary-oota.json
name,Yagra Stonefist,,雅格拉·石拳,existing-site,data/zh-TW/bestiary/bestiary-wdh.json;data/zh-TW/bestiary/fluff-bestiary-wdh.json
name,Yalah Gralhund,,雅拉·格勞洪德,existing-site,data/zh-TW/bestiary/bestiary-wdh.json;data/zh-TW/bestiary/fluff-bestiary-wdh.json
name,Ziraj the Hunter,,獵人茲拉吉,existing-site,data/zh-TW/bestiary/bestiary-wdh.json;data/zh-TW/bestiary/fluff-bestiary-wdh.json
name,drow,,卓爾,existing-site,data/zh-TW/bestiary/bestiary-mm.json;data/zh-TW/bestiary/fluff-bestiary-mm.json;data/zh-TW/bestiary/fluff-bestiary-mtf.json;data/zh-TW/character-options/fluff-races.json;data/zh-TW/character-options/races.json
name,gazer,,凝視者眼魔,existing-site,data/zh-TW/bestiary/bestiary-mpmm.json;data/zh-TW/bestiary/bestiary-vgm.json;data/zh-TW/bestiary/fluff-bestiary-mpmm.json;data/zh-TW/bestiary/fluff-bestiary-vgm.json
name,kenku,,天狗,existing-site,data/zh-TW/bestiary/bestiary-mm.json;data/zh-TW/bestiary/bestiary-xmm.json;data/zh-TW/bestiary/fluff-bestiary-mm.json;data/zh-TW/bestiary/fluff-bestiary-xmm.json;data/zh-TW/character-options/fluff-races.json;data/zh-TW/character-options/races.json
name,nib,,尖兒,existing-site,data/zh-TW/items/items-004.json
name,stirges,,蚊蝠們,existing-site,data/zh-TW/bestiary/fluff-bestiary-xmm.json
name,swashbuckler,,風流劍客,existing-site,data/zh-TW/bestiary/bestiary-mpmm.json;data/zh-TW/bestiary/bestiary-vgm.json;data/zh-TW/bestiary/fluff-bestiary-mpmm.json;data/zh-TW/bestiary/fluff-bestiary-vgm.json;data/zh-TW/bestiary/fluff-bestiary-wdh.json;data/zh-TW/class/class-rogue.json;data/zh-TW/class/fluff-class-rogue.json
name,treant,,樹人,existing-site,data/zh-TW/bestiary/bestiary-mm.json;data/zh-TW/bestiary/bestiary-xmm.json;data/zh-TW/bestiary/fluff-bestiary-mm.json;data/zh-TW/bestiary/fluff-bestiary-xmm.json
reward,charm of restoration,,復原護咒,existing-site,data/zh-TW/reference-pages/rewards.json
spell,Arcane eye,,秘法眼,existing-site,data/zh-TW/spells/spells-phb.json;data/zh-TW/spells/spells-xphb.json
spell,Arcane eye,PHB,秘法眼,existing-site,data/zh-TW/spells/spells-phb.json;data/zh-TW/spells/spells-xphb.json
spell,Arcane lock,,秘法鎖,existing-site,data/zh-TW/spells/spells-phb.json;data/zh-TW/spells/spells-xphb.json
spell,Arcane lock,PHB,秘法鎖,existing-site,data/zh-TW/spells/spells-phb.json;data/zh-TW/spells/spells-xphb.json
spell,Bigby's hand,,畢格比之手,existing-site,data/zh-TW/spells/fluff-spells-xphb.json;data/zh-TW/spells/spells-phb.json;data/zh-TW/spells/spells-xphb.json
spell,Bigby's hand,PHB,畢格比之手,existing-site,data/zh-TW/spells/fluff-spells-xphb.json;data/zh-TW/spells/spells-phb.json;data/zh-TW/spells/spells-xphb.json
spell,Clairvoyance,,鷹眼術,existing-site,data/zh-TW/spells/spells-phb.json;data/zh-TW/spells/spells-xphb.json
spell,Clairvoyance,PHB,鷹眼術,existing-site,data/zh-TW/spells/spells-phb.json;data/zh-TW/spells/spells-xphb.json
spell,Comprehend languages,,通曉語言,existing-site,data/zh-TW/character-options/feats.json;data/zh-TW/spells/spells-phb.json;data/zh-TW/spells/spells-xphb.json
spell,Comprehend languages,PHB,通曉語言,existing-site,data/zh-TW/character-options/feats.json;data/zh-TW/spells/spells-phb.json;data/zh-TW/spells/spells-xphb.json
spell,Evard's black tentacles,,艾伐黑觸手,existing-site,data/zh-TW/spells/fluff-spells-xphb.json;data/zh-TW/spells/spells-phb.json;data/zh-TW/spells/spells-xphb.json
spell,Evard's black tentacles,PHB,艾伐黑觸手,existing-site,data/zh-TW/spells/fluff-spells-xphb.json;data/zh-TW/spells/spells-phb.json;data/zh-TW/spells/spells-xphb.json
spell,Rary's telepathic bond,,拉瑞心靈聯結,existing-site,data/zh-TW/spells/spells-phb.json;data/zh-TW/spells/spells-xphb.json
spell,Rary's telepathic bond,PHB,拉瑞心靈聯結,existing-site,data/zh-TW/spells/spells-phb.json;data/zh-TW/spells/spells-xphb.json
spell,Sending,,短訊術,existing-site,data/zh-TW/spells/spells-phb.json;data/zh-TW/spells/spells-xphb.json
spell,Sending,PHB,短訊術,existing-site,data/zh-TW/spells/spells-phb.json;data/zh-TW/spells/spells-xphb.json
spell,Speak with dead,,死者交談,existing-site,data/zh-TW/bastions/bastions.json;data/zh-TW/spells/spells-phb.json;data/zh-TW/spells/spells-xphb.json
spell,Speak with dead,PHB,死者交談,existing-site,data/zh-TW/bastions/bastions.json;data/zh-TW/spells/spells-phb.json;data/zh-TW/spells/spells-xphb.json
spell,Tasha's hideous laughter,,塔莎狂笑術,existing-site,data/zh-TW/spells/spells-phb.json;data/zh-TW/spells/spells-xphb.json
spell,Tasha's hideous laughter,PHB,塔莎狂笑術,existing-site,data/zh-TW/spells/spells-phb.json;data/zh-TW/spells/spells-xphb.json
spell,Tenser's floating disk,,譚森浮碟術,existing-site,data/zh-TW/spells/fluff-spells-xphb.json;data/zh-TW/spells/spells-phb.json;data/zh-TW/spells/spells-xphb.json
spell,Tenser's floating disk,PHB,譚森浮碟術,existing-site,data/zh-TW/spells/fluff-spells-xphb.json;data/zh-TW/spells/spells-phb.json;data/zh-TW/spells/spells-xphb.json
spell,alarm,,警報術,existing-site,data/zh-TW/items/magicvariants.json;data/zh-TW/spells/spells-phb.json;data/zh-TW/spells/spells-xphb.json
spell,alarm,PHB,警報術,existing-site,data/zh-TW/items/magicvariants.json;data/zh-TW/spells/spells-phb.json;data/zh-TW/spells/spells-xphb.json
spell,alter self,,變身術,existing-site,data/zh-TW/spells/spells-phb.json;data/zh-TW/spells/spells-xphb.json
spell,alter self,PHB,變身術,existing-site,data/zh-TW/spells/spells-phb.json;data/zh-TW/spells/spells-xphb.json
spell,animal messenger,,動物信使,existing-site,data/zh-TW/spells/spells-phb.json;data/zh-TW/spells/spells-xphb.json
spell,animal messenger,PHB,動物信使,existing-site,data/zh-TW/spells/spells-phb.json;data/zh-TW/spells/spells-xphb.json
spell,animate dead,,活化死屍,existing-site,data/zh-TW/spells/spells-phb.json;data/zh-TW/spells/spells-xphb.json
spell,animate dead,PHB,活化死屍,existing-site,data/zh-TW/spells/spells-phb.json;data/zh-TW/spells/spells-xphb.json
spell,animate objects,PHB,活化物件,existing-site,data/zh-TW/spells/fluff-spells-xphb.json;data/zh-TW/spells/spells-phb.json;data/zh-TW/spells/spells-xphb.json
spell,antimagic field,,反魔法場,existing-site,data/zh-TW/spells/spells-phb.json;data/zh-TW/spells/spells-xphb.json
spell,antimagic field,PHB,反魔法場,existing-site,data/zh-TW/spells/spells-phb.json;data/zh-TW/spells/spells-xphb.json
spell,arcane lock,,秘法鎖,existing-site,data/zh-TW/spells/spells-phb.json;data/zh-TW/spells/spells-xphb.json
spell,arcane lock,PHB,秘法鎖,existing-site,data/zh-TW/spells/spells-phb.json;data/zh-TW/spells/spells-xphb.json
spell,blight,,枯萎術,existing-site,data/zh-TW/spells/spells-phb.json;data/zh-TW/spells/spells-xphb.json
spell,blight,PHB,枯萎術,existing-site,data/zh-TW/spells/spells-phb.json;data/zh-TW/spells/spells-xphb.json
spell,blindness/deafness,,目盲術/耳聾術,existing-site,data/zh-TW/spells/spells-phb.json;data/zh-TW/spells/spells-xphb.json
spell,blindness/deafness,PHB,目盲術/耳聾術,existing-site,data/zh-TW/spells/spells-phb.json;data/zh-TW/spells/spells-xphb.json
spell,burning hands,,燃燒之手,existing-site,data/zh-TW/spells/fluff-spells-phb.json;data/zh-TW/spells/spells-phb.json;data/zh-TW/spells/spells-xphb.json
spell,burning hands,PHB,燃燒之手,existing-site,data/zh-TW/spells/fluff-spells-phb.json;data/zh-TW/spells/spells-phb.json;data/zh-TW/spells/spells-xphb.json
spell,charm person,,魅惑類人,existing-site,data/zh-TW/spells/spells-phb.json;data/zh-TW/spells/spells-xphb.json
spell,charm person,PHB,魅惑類人,existing-site,data/zh-TW/spells/spells-phb.json;data/zh-TW/spells/spells-xphb.json
spell,commune,,通神術,existing-site,data/zh-TW/spells/spells-phb.json;data/zh-TW/spells/spells-xphb.json
spell,commune,PHB,通神術,existing-site,data/zh-TW/spells/spells-phb.json;data/zh-TW/spells/spells-xphb.json
spell,comprehend languages,,通曉語言,existing-site,data/zh-TW/character-options/feats.json;data/zh-TW/spells/spells-phb.json;data/zh-TW/spells/spells-xphb.json
spell,comprehend languages,PHB,通曉語言,existing-site,data/zh-TW/character-options/feats.json;data/zh-TW/spells/spells-phb.json;data/zh-TW/spells/spells-xphb.json
spell,cone of cold,,寒冰錐,existing-site,data/zh-TW/spells/fluff-spells-xphb.json;data/zh-TW/spells/spells-phb.json;data/zh-TW/spells/spells-xphb.json
spell,cone of cold,PHB,寒冰錐,existing-site,data/zh-TW/spells/fluff-spells-xphb.json;data/zh-TW/spells/spells-phb.json;data/zh-TW/spells/spells-xphb.json
spell,conjure celestial,,咒喚聖光,existing-site,data/zh-TW/spells/spells-phb.json;data/zh-TW/spells/spells-xphb.json
spell,conjure celestial,PHB,咒喚聖光,existing-site,data/zh-TW/spells/spells-phb.json;data/zh-TW/spells/spells-xphb.json
spell,continual flame,,不滅明焰,existing-site,data/zh-TW/spells/spells-phb.json;data/zh-TW/spells/spells-xphb.json
spell,continual flame,PHB,不滅明焰,existing-site,data/zh-TW/spells/spells-phb.json;data/zh-TW/spells/spells-xphb.json
spell,control water,,操控水體,existing-site,data/zh-TW/spells/spells-phb.json;data/zh-TW/spells/spells-xphb.json
spell,control water,PHB,操控水體,existing-site,data/zh-TW/spells/spells-phb.json;data/zh-TW/spells/spells-xphb.json
spell,counterspell,,法術反制,existing-site,data/zh-TW/bestiary/bestiary-coa.json;data/zh-TW/bestiary/bestiary-egw.json;data/zh-TW/bestiary/bestiary-fraif.json;data/zh-TW/bestiary/bestiary-xmm.json;data/zh-TW/spells/spells-phb.json;data/zh-TW/spells/spells-xphb.json
spell,counterspell,PHB,法術反制,existing-site,data/zh-TW/bestiary/bestiary-coa.json;data/zh-TW/bestiary/bestiary-egw.json;data/zh-TW/bestiary/bestiary-fraif.json;data/zh-TW/bestiary/bestiary-xmm.json;data/zh-TW/spells/spells-phb.json;data/zh-TW/spells/spells-xphb.json
spell,darkvision,,黑暗視覺,existing-site,data/zh-TW/bestiary/bestiary-mpmm.json;data/zh-TW/character-options/races.json;data/zh-TW/class/class-monk.json;data/zh-TW/class/class-wizard.json;data/zh-TW/items/items-000.json;data/zh-TW/items/items-006.json;data/zh-TW/reference-pages/rewards.json;data/zh-TW/rules/senses.json;data/zh-TW/spells/spells-phb.json;data/zh-TW/spells/spells-xphb.json
spell,darkvision,PHB,黑暗視覺,existing-site,data/zh-TW/bestiary/bestiary-mpmm.json;data/zh-TW/character-options/races.json;data/zh-TW/class/class-monk.json;data/zh-TW/class/class-wizard.json;data/zh-TW/items/items-000.json;data/zh-TW/items/items-006.json;data/zh-TW/reference-pages/rewards.json;data/zh-TW/rules/senses.json;data/zh-TW/spells/spells-phb.json;data/zh-TW/spells/spells-xphb.json
spell,detect magic,,偵測魔法,existing-site,data/zh-TW/spells/spells-phb.json;data/zh-TW/spells/spells-xphb.json
spell,detect magic,PHB,偵測魔法,existing-site,data/zh-TW/spells/spells-phb.json;data/zh-TW/spells/spells-xphb.json
spell,detect thoughts,,偵測思想,existing-site,data/zh-TW/character-options/feats.json;data/zh-TW/spells/spells-phb.json;data/zh-TW/spells/spells-xphb.json
spell,detect thoughts,PHB,偵測思想,existing-site,data/zh-TW/character-options/feats.json;data/zh-TW/spells/spells-phb.json;data/zh-TW/spells/spells-xphb.json
spell,dimension door,,任意門,existing-site,data/zh-TW/spells/fluff-spells-phb.json;data/zh-TW/spells/spells-phb.json;data/zh-TW/spells/spells-xphb.json
spell,dimension door,PHB,任意門,existing-site,data/zh-TW/spells/fluff-spells-phb.json;data/zh-TW/spells/spells-phb.json;data/zh-TW/spells/spells-xphb.json
spell,disguise self,,易容術,existing-site,data/zh-TW/items/items-004.json;data/zh-TW/spells/spells-phb.json;data/zh-TW/spells/spells-xphb.json
spell,disguise self,PHB,易容術,existing-site,data/zh-TW/items/items-004.json;data/zh-TW/spells/spells-phb.json;data/zh-TW/spells/spells-xphb.json
spell,disintegrate,,解離術,existing-site,data/zh-TW/spells/spells-phb.json;data/zh-TW/spells/spells-xphb.json
spell,disintegrate,PHB,解離術,existing-site,data/zh-TW/spells/spells-phb.json;data/zh-TW/spells/spells-xphb.json
spell,dispel magic,,解除魔法,existing-site,data/zh-TW/items/items-000.json;data/zh-TW/spells/spells-phb.json;data/zh-TW/spells/spells-xphb.json
spell,dispel magic,PHB,解除魔法,existing-site,data/zh-TW/items/items-000.json;data/zh-TW/spells/spells-phb.json;data/zh-TW/spells/spells-xphb.json
spell,dominate monster,,支配怪物,existing-site,data/zh-TW/spells/spells-phb.json;data/zh-TW/spells/spells-xphb.json
spell,dominate monster,PHB,支配怪物,existing-site,data/zh-TW/spells/spells-phb.json;data/zh-TW/spells/spells-xphb.json
spell,dominate person,,支配類人,existing-site,data/zh-TW/spells/spells-phb.json;data/zh-TW/spells/spells-xphb.json
spell,dominate person,PHB,支配類人,existing-site,data/zh-TW/spells/spells-phb.json;data/zh-TW/spells/spells-xphb.json
spell,dream,,託夢術,existing-site,data/zh-TW/spells/spells-phb.json;data/zh-TW/spells/spells-xphb.json
spell,dream,PHB,託夢術,existing-site,data/zh-TW/spells/spells-phb.json;data/zh-TW/spells/spells-xphb.json
spell,etherealness,,以太化,existing-site,data/zh-TW/bestiary/bestiary-cm.json;data/zh-TW/bestiary/bestiary-cos.json;data/zh-TW/bestiary/bestiary-dc.json;data/zh-TW/bestiary/bestiary-dsotdq.json;data/zh-TW/bestiary/bestiary-idrotf.json;data/zh-TW/bestiary/bestiary-mm.json;data/zh-TW/bestiary/bestiary-ps-i.json;data/zh-TW/bestiary/bestiary-xmm.json;data/zh-TW/spells/spells-phb.json;data/zh-TW/spells/spells-xphb.json
spell,etherealness,PHB,以太化,existing-site,data/zh-TW/bestiary/bestiary-cm.json;data/zh-TW/bestiary/bestiary-cos.json;data/zh-TW/bestiary/bestiary-dc.json;data/zh-TW/bestiary/bestiary-dsotdq.json;data/zh-TW/bestiary/bestiary-idrotf.json;data/zh-TW/bestiary/bestiary-mm.json;data/zh-TW/bestiary/bestiary-ps-i.json;data/zh-TW/bestiary/bestiary-xmm.json;data/zh-TW/spells/spells-phb.json;data/zh-TW/spells/spells-xphb.json
spell,fabricate,,鬼斧神工,existing-site,data/zh-TW/spells/spells-phb.json;data/zh-TW/spells/spells-xphb.json
spell,fabricate,PHB,鬼斧神工,existing-site,data/zh-TW/spells/spells-phb.json;data/zh-TW/spells/spells-xphb.json
spell,false life,,虛假生命,existing-site,data/zh-TW/spells/spells-phb.json;data/zh-TW/spells/spells-xphb.json
spell,false life,PHB,虛假生命,existing-site,data/zh-TW/spells/spells-phb.json;data/zh-TW/spells/spells-xphb.json
spell,feather fall,,羽落術,existing-site,data/zh-TW/bestiary/bestiary-wdh.json;data/zh-TW/spells/spells-phb.json;data/zh-TW/spells/spells-xphb.json
spell,feather fall,PHB,羽落術,existing-site,data/zh-TW/bestiary/bestiary-wdh.json;data/zh-TW/spells/spells-phb.json;data/zh-TW/spells/spells-xphb.json
spell,find familiar,,尋獲魔寵,existing-site,data/zh-TW/spells/fluff-spells-xphb.json;data/zh-TW/spells/spells-phb.json;data/zh-TW/spells/spells-xphb.json
spell,find familiar,PHB,尋獲魔寵,existing-site,data/zh-TW/spells/fluff-spells-xphb.json;data/zh-TW/spells/spells-phb.json;data/zh-TW/spells/spells-xphb.json
spell,fireball,,火球術,existing-site,data/zh-TW/bestiary/bestiary-bgdia.json;data/zh-TW/bestiary/bestiary-coa.json;data/zh-TW/bestiary/legendarygroups.json;data/zh-TW/spells/fluff-spells-phb.json;data/zh-TW/spells/fluff-spells-xphb.json;data/zh-TW/spells/spells-phb.json;data/zh-TW/spells/spells-xphb.json
spell,fireball,PHB,火球術,existing-site,data/zh-TW/bestiary/bestiary-bgdia.json;data/zh-TW/bestiary/bestiary-coa.json;data/zh-TW/bestiary/legendarygroups.json;data/zh-TW/spells/fluff-spells-phb.json;data/zh-TW/spells/fluff-spells-xphb.json;data/zh-TW/spells/spells-phb.json;data/zh-TW/spells/spells-xphb.json
spell,fly,,飛行術,existing-site,data/zh-TW/spells/spells-phb.json;data/zh-TW/spells/spells-xphb.json
spell,fly,PHB,飛行術,existing-site,data/zh-TW/spells/spells-phb.json;data/zh-TW/spells/spells-xphb.json
spell,gaseous form,,氣化形體,existing-site,data/zh-TW/character-options/feats.json;data/zh-TW/spells/spells-phb.json;data/zh-TW/spells/spells-xphb.json
spell,gaseous form,PHB,氣化形體,existing-site,data/zh-TW/character-options/feats.json;data/zh-TW/spells/spells-phb.json;data/zh-TW/spells/spells-xphb.json
spell,gate,,異界之門,existing-site,data/zh-TW/spells/fluff-spells-xphb.json;data/zh-TW/spells/spells-phb.json;data/zh-TW/spells/spells-xphb.json
spell,geas,,指使術,existing-site,data/zh-TW/spells/spells-phb.json;data/zh-TW/spells/spells-xphb.json
spell,geas,PHB,指使術,existing-site,data/zh-TW/spells/spells-phb.json;data/zh-TW/spells/spells-xphb.json
spell,gentle repose,,遺體防腐,existing-site,data/zh-TW/spells/spells-phb.json;data/zh-TW/spells/spells-xphb.json
spell,gentle repose,PHB,遺體防腐,existing-site,data/zh-TW/spells/spells-phb.json;data/zh-TW/spells/spells-xphb.json
spell,glyph of warding,,守衛刻文,existing-site,data/zh-TW/spells/spells-phb.json;data/zh-TW/spells/spells-xphb.json
spell,glyph of warding,PHB,守衛刻文,existing-site,data/zh-TW/spells/spells-phb.json;data/zh-TW/spells/spells-xphb.json
spell,greater invisibility,,高等隱形術,existing-site,data/zh-TW/spells/spells-phb.json;data/zh-TW/spells/spells-xphb.json
spell,greater invisibility,PHB,高等隱形術,existing-site,data/zh-TW/spells/spells-phb.json;data/zh-TW/spells/spells-xphb.json
spell,greater restoration,,高等復原術,existing-site,data/zh-TW/spells/spells-phb.json;data/zh-TW/spells/spells-xphb.json
spell,greater restoration,PHB,高等復原術,existing-site,data/zh-TW/spells/spells-phb.json;data/zh-TW/spells/spells-xphb.json
spell,gust of wind,,造風術,existing-site,data/zh-TW/spells/spells-phb.json;data/zh-TW/spells/spells-xphb.json
spell,gust of wind,PHB,造風術,existing-site,data/zh-TW/spells/spells-phb.json;data/zh-TW/spells/spells-xphb.json
spell,hold monster,,定身怪物,existing-site,data/zh-TW/spells/spells-phb.json;data/zh-TW/spells/spells-xphb.json
spell,hold monster,PHB,定身怪物,existing-site,data/zh-TW/spells/spells-phb.json;data/zh-TW/spells/spells-xphb.json
spell,ice storm,,冰風暴,existing-site,data/zh-TW/spells/spells-phb.json;data/zh-TW/spells/spells-xphb.json
spell,ice storm,PHB,冰風暴,existing-site,data/zh-TW/spells/spells-phb.json;data/zh-TW/spells/spells-xphb.json
spell,imprisonment,,禁錮術,existing-site,data/zh-TW/spells/spells-phb.json;data/zh-TW/spells/spells-xphb.json
spell,imprisonment,PHB,禁錮術,existing-site,data/zh-TW/spells/spells-phb.json;data/zh-TW/spells/spells-xphb.json
spell,inflict wounds,,致傷術,existing-site,data/zh-TW/spells/spells-phb.json;data/zh-TW/spells/spells-xphb.json
spell,inflict wounds,PHB,致傷術,existing-site,data/zh-TW/spells/spells-phb.json;data/zh-TW/spells/spells-xphb.json
spell,invisibility,,隱形,existing-site,data/zh-TW/bestiary/bestiary-aitfr-thp.json;data/zh-TW/bestiary/bestiary-bam.json;data/zh-TW/bestiary/bestiary-bmt.json;data/zh-TW/bestiary/bestiary-hotb.json;data/zh-TW/bestiary/bestiary-mm.json;data/zh-TW/bestiary/bestiary-wdmm.json;data/zh-TW/bestiary/bestiary-wtthc.json;data/zh-TW/bestiary/bestiary-xmm.json;data/zh-TW/class/class-monk.json;data/zh-TW/rules/senses.json;data/zh-TW/spells/spells-phb.json;data/zh-TW/spells/spells-xphb.json
spell,invisibility,PHB,隱形,existing-site,data/zh-TW/bestiary/bestiary-aitfr-thp.json;data/zh-TW/bestiary/bestiary-bam.json;data/zh-TW/bestiary/bestiary-bmt.json;data/zh-TW/bestiary/bestiary-hotb.json;data/zh-TW/bestiary/bestiary-mm.json;data/zh-TW/bestiary/bestiary-wdmm.json;data/zh-TW/bestiary/bestiary-wtthc.json;data/zh-TW/bestiary/bestiary-xmm.json;data/zh-TW/class/class-monk.json;data/zh-TW/rules/senses.json;data/zh-TW/spells/spells-phb.json;data/zh-TW/spells/spells-xphb.json
spell,knock,,敲擊術,existing-site,data/zh-TW/spells/spells-phb.json;data/zh-TW/spells/spells-xphb.json
spell,knock,PHB,敲擊術,existing-site,data/zh-TW/spells/spells-phb.json;data/zh-TW/spells/spells-xphb.json
spell,levitate,,浮空術,existing-site,data/zh-TW/bestiary/bestiary-wbtw.json;data/zh-TW/spells/spells-phb.json;data/zh-TW/spells/spells-xphb.json
spell,levitate,PHB,浮空術,existing-site,data/zh-TW/bestiary/bestiary-wbtw.json;data/zh-TW/spells/spells-phb.json;data/zh-TW/spells/spells-xphb.json
spell,lightning bolt,,閃電束,existing-site,data/zh-TW/items/items-003.json;data/zh-TW/spells/spells-phb.json;data/zh-TW/spells/spells-xphb.json
spell,lightning bolt,PHB,閃電束,existing-site,data/zh-TW/items/items-003.json;data/zh-TW/spells/spells-phb.json;data/zh-TW/spells/spells-xphb.json
spell,locate creature,,生物定位術,existing-site,data/zh-TW/spells/spells-phb.json;data/zh-TW/spells/spells-xphb.json
spell,locate creature,PHB,生物定位術,existing-site,data/zh-TW/spells/spells-phb.json;data/zh-TW/spells/spells-xphb.json
spell,mage armor,,法師護甲,existing-site,data/zh-TW/spells/fluff-spells-xphb.json;data/zh-TW/spells/spells-phb.json;data/zh-TW/spells/spells-xphb.json
spell,mage armor,PHB,法師護甲,existing-site,data/zh-TW/spells/fluff-spells-xphb.json;data/zh-TW/spells/spells-phb.json;data/zh-TW/spells/spells-xphb.json
spell,magic missile,,魔法飛彈,existing-site,data/zh-TW/bestiary/bestiary-wdmm.json;data/zh-TW/spells/fluff-spells-phb.json;data/zh-TW/spells/fluff-spells-xphb.json;data/zh-TW/spells/spells-phb.json;data/zh-TW/spells/spells-xphb.json
spell,magic missile,PHB,魔法飛彈,existing-site,data/zh-TW/bestiary/bestiary-wdmm.json;data/zh-TW/spells/fluff-spells-phb.json;data/zh-TW/spells/fluff-spells-xphb.json;data/zh-TW/spells/spells-phb.json;data/zh-TW/spells/spells-xphb.json
spell,magic mouth,,魔嘴術,existing-site,data/zh-TW/spells/spells-phb.json;data/zh-TW/spells/spells-xphb.json
spell,magic mouth,PHB,魔嘴術,existing-site,data/zh-TW/spells/spells-phb.json;data/zh-TW/spells/spells-xphb.json
spell,magic weapon,,魔化武器,existing-site,data/zh-TW/items/items-000.json;data/zh-TW/items/items-002.json;data/zh-TW/items/items-006.json;data/zh-TW/items/items-007.json;data/zh-TW/items/items-008.json;data/zh-TW/spells/spells-phb.json;data/zh-TW/spells/spells-xphb.json
spell,magic weapon,PHB,魔化武器,existing-site,data/zh-TW/items/items-000.json;data/zh-TW/items/items-002.json;data/zh-TW/items/items-006.json;data/zh-TW/items/items-007.json;data/zh-TW/items/items-008.json;data/zh-TW/spells/spells-phb.json;data/zh-TW/spells/spells-xphb.json
spell,major image,,高等幻影,existing-site,data/zh-TW/spells/spells-phb.json;data/zh-TW/spells/spells-xphb.json
spell,major image,PHB,高等幻影,existing-site,data/zh-TW/spells/spells-phb.json;data/zh-TW/spells/spells-xphb.json
spell,mass suggestion,,群體暗示術,existing-site,data/zh-TW/spells/spells-phb.json;data/zh-TW/spells/spells-xphb.json
spell,mass suggestion,PHB,群體暗示術,existing-site,data/zh-TW/spells/spells-phb.json;data/zh-TW/spells/spells-xphb.json
spell,maze,,迷宮術,existing-site,data/zh-TW/spells/spells-phb.json;data/zh-TW/spells/spells-xphb.json
spell,maze,PHB,迷宮術,existing-site,data/zh-TW/spells/spells-phb.json;data/zh-TW/spells/spells-xphb.json
spell,mending,,修復術,existing-site,data/zh-TW/spells/spells-phb.json;data/zh-TW/spells/spells-xphb.json
spell,mending,PHB,修復術,existing-site,data/zh-TW/spells/spells-phb.json;data/zh-TW/spells/spells-xphb.json
spell,mirror image,,鏡影術,existing-site,data/zh-TW/spells/spells-phb.json;data/zh-TW/spells/spells-xphb.json
spell,mirror image,PHB,鏡影術,existing-site,data/zh-TW/spells/spells-phb.json;data/zh-TW/spells/spells-xphb.json
spell,misty step,,迷蹤步,existing-site,data/zh-TW/bestiary/bestiary-fraif.json;data/zh-TW/bestiary/bestiary-xmm.json;data/zh-TW/reference-pages/charcreationoptions.json;data/zh-TW/spells/spells-phb.json;data/zh-TW/spells/spells-xphb.json
spell,misty step,PHB,迷蹤步,existing-site,data/zh-TW/bestiary/bestiary-fraif.json;data/zh-TW/bestiary/bestiary-xmm.json;data/zh-TW/reference-pages/charcreationoptions.json;data/zh-TW/spells/spells-phb.json;data/zh-TW/spells/spells-xphb.json
spell,modify memory,,篡改記憶,existing-site,data/zh-TW/spells/spells-phb.json;data/zh-TW/spells/spells-xphb.json
spell,modify memory,PHB,篡改記憶,existing-site,data/zh-TW/spells/spells-phb.json;data/zh-TW/spells/spells-xphb.json
spell,nondetection,,迴避偵測,existing-site,data/zh-TW/bestiary/bestiary-skt.json;data/zh-TW/items/items-005.json;data/zh-TW/spells/spells-phb.json;data/zh-TW/spells/spells-xphb.json
spell,nondetection,PHB,迴避偵測,existing-site,data/zh-TW/bestiary/bestiary-skt.json;data/zh-TW/items/items-005.json;data/zh-TW/spells/spells-phb.json;data/zh-TW/spells/spells-xphb.json
spell,phantasmal force,,魅影之力,existing-site,data/zh-TW/spells/spells-phb.json;data/zh-TW/spells/spells-xphb.json
spell,phantasmal force,PHB,魅影之力,existing-site,data/zh-TW/spells/spells-phb.json;data/zh-TW/spells/spells-xphb.json
spell,phantom steed,,魅影駒,existing-site,data/zh-TW/spells/fluff-spells-xphb.json;data/zh-TW/spells/spells-phb.json;data/zh-TW/spells/spells-xphb.json
spell,phantom steed,PHB,魅影駒,existing-site,data/zh-TW/spells/fluff-spells-xphb.json;data/zh-TW/spells/spells-phb.json;data/zh-TW/spells/spells-xphb.json
spell,polymorph,,變形術,existing-site,data/zh-TW/spells/spells-phb.json;data/zh-TW/spells/spells-xphb.json
spell,polymorph,PHB,變形術,existing-site,data/zh-TW/spells/spells-phb.json;data/zh-TW/spells/spells-xphb.json
spell,produce flame,,燃火術,existing-site,data/zh-TW/spells/spells-phb.json;data/zh-TW/spells/spells-xphb.json
spell,produce flame,PHB,燃火術,existing-site,data/zh-TW/spells/spells-phb.json;data/zh-TW/spells/spells-xphb.json
spell,protection from evil and good,,防護善惡,existing-site,data/zh-TW/spells/spells-phb.json;data/zh-TW/spells/spells-xphb.json
spell,protection from evil and good,PHB,防護善惡,existing-site,data/zh-TW/spells/spells-phb.json;data/zh-TW/spells/spells-xphb.json
spell,raise dead,,死者復活,existing-site,data/zh-TW/items/items-001.json;data/zh-TW/spells/fluff-spells-xphb.json;data/zh-TW/spells/spells-phb.json;data/zh-TW/spells/spells-xphb.json
spell,raise dead,PHB,死者復活,existing-site,data/zh-TW/items/items-001.json;data/zh-TW/spells/fluff-spells-xphb.json;data/zh-TW/spells/spells-phb.json;data/zh-TW/spells/spells-xphb.json
spell,revivify,PHB,回生術,existing-site,data/zh-TW/items/items-007.json;data/zh-TW/spells/spells-phb.json;data/zh-TW/spells/spells-xphb.json
spell,rope trick,,魔繩術,existing-site,data/zh-TW/spells/spells-phb.json;data/zh-TW/spells/spells-xphb.json
spell,rope trick,PHB,魔繩術,existing-site,data/zh-TW/spells/spells-phb.json;data/zh-TW/spells/spells-xphb.json
spell,scrying,,探知術,existing-site,data/zh-TW/spells/fluff-spells-xphb.json;data/zh-TW/spells/spells-phb.json;data/zh-TW/spells/spells-xphb.json
spell,scrying,PHB,探知術,existing-site,data/zh-TW/spells/fluff-spells-xphb.json;data/zh-TW/spells/spells-phb.json;data/zh-TW/spells/spells-xphb.json
spell,see invisibility,PHB,識破隱形,existing-site,data/zh-TW/class/class-wizard.json;data/zh-TW/spells/spells-phb.json;data/zh-TW/spells/spells-xphb.json
spell,sending,,短訊術,existing-site,data/zh-TW/spells/spells-phb.json;data/zh-TW/spells/spells-xphb.json
spell,sending,PHB,短訊術,existing-site,data/zh-TW/spells/spells-phb.json;data/zh-TW/spells/spells-xphb.json
spell,shield,,護盾術,existing-site,data/zh-TW/bestiary/bestiary-idrotf.json;data/zh-TW/bestiary/bestiary-mm.json;data/zh-TW/spells/spells-phb.json;data/zh-TW/spells/spells-xphb.json
spell,shield,PHB,護盾術,existing-site,data/zh-TW/bestiary/bestiary-idrotf.json;data/zh-TW/bestiary/bestiary-mm.json;data/zh-TW/spells/spells-phb.json;data/zh-TW/spells/spells-xphb.json
spell,simulacrum,,擬像術,existing-site,data/zh-TW/bestiary/bestiary-mabjov.json;data/zh-TW/bestiary/legendarygroups.json;data/zh-TW/spells/spells-phb.json;data/zh-TW/spells/spells-xphb.json
spell,simulacrum,PHB,擬像術,existing-site,data/zh-TW/bestiary/bestiary-mabjov.json;data/zh-TW/bestiary/legendarygroups.json;data/zh-TW/spells/spells-phb.json;data/zh-TW/spells/spells-xphb.json
spell,speak with dead,,死者交談,existing-site,data/zh-TW/bastions/bastions.json;data/zh-TW/spells/spells-phb.json;data/zh-TW/spells/spells-xphb.json
spell,speak with dead,PHB,死者交談,existing-site,data/zh-TW/bastions/bastions.json;data/zh-TW/spells/spells-phb.json;data/zh-TW/spells/spells-xphb.json
spell,stone shape,,塑石術,existing-site,data/zh-TW/spells/spells-phb.json;data/zh-TW/spells/spells-xphb.json
spell,stone shape,PHB,塑石術,existing-site,data/zh-TW/spells/spells-phb.json;data/zh-TW/spells/spells-xphb.json
spell,suggestion,,暗示術,existing-site,data/zh-TW/bestiary/bestiary-idrotf.json;data/zh-TW/spells/spells-phb.json;data/zh-TW/spells/spells-xphb.json
spell,suggestion,PHB,暗示術,existing-site,data/zh-TW/bestiary/bestiary-idrotf.json;data/zh-TW/spells/spells-phb.json;data/zh-TW/spells/spells-xphb.json
spell,symbol,,徽記術,existing-site,data/zh-TW/spells/spells-phb.json;data/zh-TW/spells/spells-xphb.json
spell,symbol,PHB,徽記術,existing-site,data/zh-TW/spells/spells-phb.json;data/zh-TW/spells/spells-xphb.json
spell,telekinesis,,心靈遙控,existing-site,data/zh-TW/spells/spells-phb.json;data/zh-TW/spells/spells-xphb.json
spell,telekinesis,PHB,心靈遙控,existing-site,data/zh-TW/spells/spells-phb.json;data/zh-TW/spells/spells-xphb.json
spell,teleport,,傳送術,existing-site,data/zh-TW/bestiary/bestiary-coa.json;data/zh-TW/bestiary/bestiary-erlw.json;data/zh-TW/bestiary/bestiary-idrotf.json;data/zh-TW/bestiary/bestiary-mabjov.json;data/zh-TW/bestiary/bestiary-mm.json;data/zh-TW/bestiary/bestiary-mpmm.json;data/zh-TW/bestiary/bestiary-mpp.json;data/zh-TW/bestiary/bestiary-mtf.json;data/zh-TW/bestiary/bestiary-pabtso.json;data/zh-TW/bestiary/bestiary-veor.json;data/zh-TW/bestiary/bestiary-xmm.json;data/zh-TW/craft-pages/vehicles.json;data/zh-TW/spells/spells-phb.json;data/zh-TW/spells/spells-xphb.json
spell,teleport,PHB,傳送術,existing-site,data/zh-TW/bestiary/bestiary-coa.json;data/zh-TW/bestiary/bestiary-erlw.json;data/zh-TW/bestiary/bestiary-idrotf.json;data/zh-TW/bestiary/bestiary-mabjov.json;data/zh-TW/bestiary/bestiary-mm.json;data/zh-TW/bestiary/bestiary-mpmm.json;data/zh-TW/bestiary/bestiary-mpp.json;data/zh-TW/bestiary/bestiary-mtf.json;data/zh-TW/bestiary/bestiary-pabtso.json;data/zh-TW/bestiary/bestiary-veor.json;data/zh-TW/bestiary/bestiary-xmm.json;data/zh-TW/craft-pages/vehicles.json;data/zh-TW/spells/spells-phb.json;data/zh-TW/spells/spells-xphb.json
spell,teleportation circle,,傳送法陣,existing-site,data/zh-TW/bastions/bastions.json;data/zh-TW/spells/spells-phb.json;data/zh-TW/spells/spells-xphb.json
spell,teleportation circle,PHB,傳送法陣,existing-site,data/zh-TW/bastions/bastions.json;data/zh-TW/spells/spells-phb.json;data/zh-TW/spells/spells-xphb.json
spell,thunderwave,,雷鳴波,existing-site,data/zh-TW/spells/spells-phb.json;data/zh-TW/spells/spells-xphb.json
spell,thunderwave,PHB,雷鳴波,existing-site,data/zh-TW/spells/spells-phb.json;data/zh-TW/spells/spells-xphb.json
spell,tongues,,巧言術,existing-site,data/zh-TW/spells/spells-phb.json;data/zh-TW/spells/spells-xphb.json
spell,tongues,PHB,巧言術,existing-site,data/zh-TW/spells/spells-phb.json;data/zh-TW/spells/spells-xphb.json
spell,true seeing,,真知術,existing-site,data/zh-TW/spells/spells-phb.json;data/zh-TW/spells/spells-xphb.json
spell,true seeing,PHB,真知術,existing-site,data/zh-TW/spells/spells-phb.json;data/zh-TW/spells/spells-xphb.json
spell,unseen servant,,隱形僕役,existing-site,data/zh-TW/spells/spells-phb.json;data/zh-TW/spells/spells-xphb.json
spell,unseen servant,PHB,隱形僕役,existing-site,data/zh-TW/spells/spells-phb.json;data/zh-TW/spells/spells-xphb.json
spell,vampiric touch,,吸血鬼之觸,existing-site,data/zh-TW/spells/spells-phb.json;data/zh-TW/spells/spells-xphb.json
spell,vampiric touch,PHB,吸血鬼之觸,existing-site,data/zh-TW/spells/spells-phb.json;data/zh-TW/spells/spells-xphb.json
spell,wall of fire,,火牆術,existing-site,data/zh-TW/spells/spells-phb.json;data/zh-TW/spells/spells-xphb.json
spell,wall of fire,PHB,火牆術,existing-site,data/zh-TW/spells/spells-phb.json;data/zh-TW/spells/spells-xphb.json
spell,water breathing,,水下呼吸,existing-site,data/zh-TW/bestiary/bestiary-crcotn.json;data/zh-TW/bestiary/bestiary-dosi.json;data/zh-TW/bestiary/bestiary-gos.json;data/zh-TW/bestiary/bestiary-idrotf.json;data/zh-TW/bestiary/bestiary-mm.json;data/zh-TW/bestiary/bestiary-tftyp.json;data/zh-TW/bestiary/bestiary-wdh.json;data/zh-TW/bestiary/bestiary-xmm.json;data/zh-TW/items/items-000.json;data/zh-TW/items/items-002.json;data/zh-TW/spells/fluff-spells-xphb.json;data/zh-TW/spells/spells-phb.json;data/zh-TW/spells/spells-xphb.json
spell,water breathing,PHB,水下呼吸,existing-site,data/zh-TW/bestiary/bestiary-crcotn.json;data/zh-TW/bestiary/bestiary-dosi.json;data/zh-TW/bestiary/bestiary-gos.json;data/zh-TW/bestiary/bestiary-idrotf.json;data/zh-TW/bestiary/bestiary-mm.json;data/zh-TW/bestiary/bestiary-tftyp.json;data/zh-TW/bestiary/bestiary-wdh.json;data/zh-TW/bestiary/bestiary-xmm.json;data/zh-TW/items/items-000.json;data/zh-TW/items/items-002.json;data/zh-TW/spells/fluff-spells-xphb.json;data/zh-TW/spells/spells-phb.json;data/zh-TW/spells/spells-xphb.json
spell,web,,蛛網術,existing-site,data/zh-TW/bestiary/bestiary-dod.json;data/zh-TW/items/items-001.json;data/zh-TW/spells/fluff-spells-phb.json;data/zh-TW/spells/spells-phb.json;data/zh-TW/spells/spells-xphb.json
spell,web,PHB,蛛網術,existing-site,data/zh-TW/bestiary/bestiary-dod.json;data/zh-TW/items/items-001.json;data/zh-TW/spells/fluff-spells-phb.json;data/zh-TW/spells/spells-phb.json;data/zh-TW/spells/spells-xphb.json
spell,wish,,祈願術,existing-site,data/zh-TW/bestiary/bestiary-bam.json;data/zh-TW/items/item-groups.json;data/zh-TW/items/items-007.json;data/zh-TW/items/magicvariants.json;data/zh-TW/spells/spells-phb.json;data/zh-TW/spells/spells-xphb.json
spell,wish,PHB,祈願術,existing-site,data/zh-TW/bestiary/bestiary-bam.json;data/zh-TW/items/item-groups.json;data/zh-TW/items/items-007.json;data/zh-TW/items/magicvariants.json;data/zh-TW/spells/spells-phb.json;data/zh-TW/spells/spells-xphb.json
spell,witch bolt,,巫術箭,existing-site,data/zh-TW/spells/fluff-spells-xphb.json;data/zh-TW/spells/spells-phb.json;data/zh-TW/spells/spells-xphb.json
spell,witch bolt,PHB,巫術箭,existing-site,data/zh-TW/spells/fluff-spells-xphb.json;data/zh-TW/spells/spells-phb.json;data/zh-TW/spells/spells-xphb.json
status,surprised,,突襲,existing-site,data/zh-TW/rules/conditionsdiseases.json
status,surprised,PHB,突襲,existing-site,data/zh-TW/rules/conditionsdiseases.json
