book,context,english,zh_tw,status
BGDIA,/data/0/name,About the Adventure,關於冒險,project-proposed
BGDIA,/data/0/entries/2/name,Adventure Overview,冒險概述,project-proposed
BGDIA,/data/0/entries/2/entries/1/name,Trouble in Baldur's Gate,博德之門的麻煩,project-proposed
BGDIA,/data/0/entries/2/entries/2/name,Visit to Candlekeep,燭堡之旅,project-proposed
BGDIA,/data/0/entries/2/entries/3/name,To the Nine Hells!,去九獄！,project-proposed
BGDIA,/data/0/entries/3/name,Adventure Background,冒險背景,project-proposed
BGDIA,/data/0/entries/3/entries/2/name,Zariel's Fall,扎瑞爾的墜落,project-proposed
BGDIA,/data/0/entries/3/entries/3/name,The Companion,伴陽,project-proposed
BGDIA,/data/0/entries/3/entries/4/name,Thavius's Betrayal,塔維斯的背叛,project-proposed
BGDIA,/data/0/entries/4/name,Roleplaying Devils,扮演魔鬼,project-proposed
BGDIA,/data/0/entries/4/entries/4/name,Important References,重要參考,project-proposed
BGDIA,/data/0/entries/4/entries/4/entries/1/name,Stat Blocks,資料卡,project-proposed
BGDIA,/data/0/entries/4/entries/4/entries/2/name,Spells and Magic Items,法術與魔法物品,project-proposed
BGDIA,/data/0/entries/4/entries/5/name,Devil Traits,魔鬼特質,project-proposed
BGDIA,/data/0/entries/5/name,Life in the Nine Hells,九獄生活,project-proposed
BGDIA,/data/0/entries/5/entries/1/name,Everyone's Unhappy,諸人不幸,project-proposed
BGDIA,/data/0/entries/5/entries/2/name,Everything's Awful,萬物可憎,project-proposed
BGDIA,/data/0/entries/5/entries/3/name,Paradise Lost,失落樂園,project-proposed
BGDIA,/data/0/entries/5/entries/4/name,Anywhere is Everywhere,此即彼處,project-proposed
BGDIA,/data/0/entries/5/entries/5/name,That Personal Touch,個人心魔,project-proposed
BGDIA,/data/1/name,Chapter 1: A Tale of Two Cities,第1章：雙城記,project-proposed
BGDIA,/data/1/entries/3/name,Fall of Elturel,艾爾托瑞爾的隕落,project-proposed
BGDIA,/data/1/entries/4/name,Evil in Baldur's Gate,博德之門的邪惡,project-proposed
BGDIA,/data/1/entries/5/name,Running This Chapter,運作本章,project-proposed
BGDIA,/data/1/entries/6/name,The Basilisk Gate,石化蜥蜴之門,project-proposed
BGDIA,/data/1/entries/6/entries/7/name,Meeting Captain Zodge,與佐迪隊長見面,project-proposed
BGDIA,/data/1/entries/7/name,Elfsong Tavern,精靈之歌酒館,project-proposed
BGDIA,/data/1/entries/7/entries/2/name,About the Tavern,關於酒館,project-proposed
BGDIA,/data/1/entries/7/entries/2/entries/3/name,Taverns in Baldur's Gate,博德之門的酒館,project-proposed
BGDIA,/data/1/entries/7/entries/2/entries/3/entries/1/name,Baldur's Bones,博德之骨,project-proposed
BGDIA,/data/1/entries/7/entries/3/name,Tavern Patrons,酒館顧客,project-proposed
BGDIA,/data/1/entries/7/entries/4/name,Tavern Locations,酒館地點,project-proposed
BGDIA,/data/1/entries/7/entries/4/entries/1/name,E1. Taproom,E1. 酒吧間,project-proposed
BGDIA,/data/1/entries/7/entries/4/entries/2/name,E2. Lounge,E2. 休息室,project-proposed
BGDIA,/data/1/entries/7/entries/4/entries/3/name,E3. Private Dining Room,E3. 私人餐廳,project-proposed
BGDIA,/data/1/entries/7/entries/4/entries/4/name,E4. Storage Alcove,E4. 儲藏凹室,project-proposed
BGDIA,/data/1/entries/7/entries/4/entries/5/name,E5. Storeroom,E5. 儲藏室,project-proposed
BGDIA,/data/1/entries/7/entries/4/entries/6/name,E6. Kitchen,E6. 廚房,project-proposed
BGDIA,/data/1/entries/7/entries/4/entries/7/name,E7. Upstairs Dining Room,E7. 上層餐廳,project-proposed
BGDIA,/data/1/entries/7/entries/4/entries/8/name,E8. Private Dining Room,E8. 私人餐廳,project-proposed
BGDIA,/data/1/entries/7/entries/4/entries/9/name,E9. Fancy Guest Suite,E9. 夢幻套房,project-proposed
BGDIA,/data/1/entries/7/entries/4/entries/10/name,E10. Private Dining Room,E10. 私人餐廳,project-proposed
BGDIA,/data/1/entries/7/entries/4/entries/11/name,E11. Large Guest Room,E11. 大客房,project-proposed
BGDIA,/data/1/entries/7/entries/4/entries/11/entries/3/name,Treasure,寶藏,existing-site
BGDIA,/data/1/entries/7/entries/4/entries/12/name,E12. Plain Guest Rooms,E12. 普通客房,project-proposed
BGDIA,/data/1/entries/7/entries/4/entries/13/name,E13. Alan's Bedroom,E13. 艾倫的臥室,project-proposed
BGDIA,/data/1/entries/7/entries/4/entries/13/entries/2/name,Treasure,寶藏,existing-site
BGDIA,/data/1/entries/7/entries/5/name,Dealing with Tarina,和塔麗娜打交道,project-proposed
BGDIA,/data/1/entries/7/entries/5/entries/3/name,Killing Time in the Tavern,在酒館消磨時間,project-proposed
BGDIA,/data/1/entries/7/entries/6/name,Elfsong,精靈之歌,project-proposed
BGDIA,/data/1/entries/7/entries/7/name,With Friends Like These,有像這樣的朋友,project-proposed
BGDIA,/data/1/entries/7/entries/7/entries/6/name,Treasure,寶藏,existing-site
BGDIA,/data/1/entries/7/entries/8/name,What Tarina Knows,塔麗娜所知道的事情,project-proposed
BGDIA,/data/1/entries/8/name,Dungeon of the Dead Three,死亡三神地城,project-proposed
BGDIA,/data/1/entries/8/entries/2/name,Arrival at the Bathhouse,到達澡堂,project-proposed
BGDIA,/data/1/entries/8/entries/3/name,Bathhouse Locations,澡堂地點,project-proposed
BGDIA,/data/1/entries/8/entries/3/entries/1/name,D1. Courtyard,D1. 庭院,project-proposed
BGDIA,/data/1/entries/8/entries/3/entries/2/name,D2. Baths,D2. 浴室,project-proposed
BGDIA,/data/1/entries/8/entries/3/entries/3/name,D3. South Massage Room,D3. 南部按摩室,project-proposed
BGDIA,/data/1/entries/8/entries/3/entries/4/name,D4. North Massage Room,D4. 北部按摩室,project-proposed
BGDIA,/data/1/entries/8/entries/3/entries/5/name,D5. Welcome to the Dungeon,D5. 歡迎來到地下城,project-proposed
BGDIA,/data/1/entries/8/entries/3/entries/5/entries/2/name,Dungeon Features,地下城特徵物,project-proposed
BGDIA,/data/1/entries/8/entries/3/entries/6/name,D6. Bloated Corpse,D6. 腫脹的屍體,project-proposed
BGDIA,/data/1/entries/8/entries/3/entries/7/name,D7. Bhaal's Altar,D7. 巴爾的祭壇,project-proposed
BGDIA,/data/1/entries/8/entries/3/entries/8/name,D8. Moldy Tapestry,D8. 發黴的掛毯,project-proposed
BGDIA,/data/1/entries/8/entries/3/entries/9/name,D9. The Dead Three Doors,D9. 死亡三神之門,project-proposed
BGDIA,/data/1/entries/8/entries/3/entries/9/entries/1/name,East Door,東門,project-proposed
BGDIA,/data/1/entries/8/entries/3/entries/9/entries/2/name,North Door,北門,project-proposed
BGDIA,/data/1/entries/8/entries/3/entries/9/entries/3/name,South Door,南門,project-proposed
BGDIA,/data/1/entries/8/entries/3/entries/10/name,D10. Necromites' Room,D10. 屍從房間,project-proposed
BGDIA,/data/1/entries/8/entries/3/entries/11/name,D11. Partially Collapsed Crypt,D11. 部分坍塌的墓穴,project-proposed
BGDIA,/data/1/entries/8/entries/3/entries/11/entries/1/name,Treasure,寶藏,existing-site
BGDIA,/data/1/entries/8/entries/3/entries/12/name,D12. Bane's Altar,D12. 班恩的祭壇,project-proposed
BGDIA,/data/1/entries/8/entries/3/entries/13/name,D13. Morgue,D13. 停屍房,project-proposed
BGDIA,/data/1/entries/8/entries/3/entries/13/entries/4/name,Treasure,寶藏,existing-site
BGDIA,/data/1/entries/8/entries/3/entries/14/name,D14. Hungry Rat,D14. 飢餓的老鼠,project-proposed
BGDIA,/data/1/entries/8/entries/3/entries/15/name,D15. Flooded Room,D15. 被水淹沒的房間,project-proposed
BGDIA,/data/1/entries/8/entries/3/entries/16/name,D16. Flooded Crypt,D16. 被水淹沒的墓穴,project-proposed
BGDIA,/data/1/entries/8/entries/3/entries/16/entries/2/name,Trap,陷阱,existing-site
BGDIA,/data/1/entries/8/entries/3/entries/17/name,D17. Myrkul's Altar,D17. 米爾寇的祭壇,project-proposed
BGDIA,/data/1/entries/8/entries/3/entries/18/name,D18. Gas Buildup,D18. 瓦斯匯聚,project-proposed
BGDIA,/data/1/entries/8/entries/3/entries/19/name,D19. Partially Collapsed Crypt,D19. 部分坍塌的墓穴,project-proposed
BGDIA,/data/1/entries/8/entries/3/entries/20/name,D20. Half-Plundered Crypt,D20. 被掠奪過的墓穴,project-proposed
BGDIA,/data/1/entries/8/entries/3/entries/20/entries/1/name,Treasure,寶藏,existing-site
BGDIA,/data/1/entries/8/entries/3/entries/21/name,D21. Zombie Crypt,D21. 殭屍墓穴,project-proposed
BGDIA,/data/1/entries/8/entries/3/entries/22/name,D22. Torture Chamber,D22. 拷問室,project-proposed
BGDIA,/data/1/entries/8/entries/3/entries/23/name,D23. Secret Door and Sentry,D23. 密門和崗哨,project-proposed
BGDIA,/data/1/entries/8/entries/3/entries/24/name,D24. Myrkul's Rest,D24. 米爾寇信徒休息區,project-proposed
BGDIA,/data/1/entries/8/entries/3/entries/25/name,D25. Bane's Rest,D25. 班恩信徒休息區,project-proposed
BGDIA,/data/1/entries/8/entries/3/entries/26/name,D26. Bhaal's Rest,D26. 巴爾信徒休息區,project-proposed
BGDIA,/data/1/entries/8/entries/3/entries/27/name,D27. Echoes of Battle,D27. 戰鬥迴響,project-proposed
BGDIA,/data/1/entries/8/entries/3/entries/28/name,D28. Old Cellar,D28. 舊地窖,project-proposed
BGDIA,/data/1/entries/8/entries/3/entries/29/name,D29. Mortlock Vanthampur,D29. 摩特洛克·范薩普爾,project-proposed
BGDIA,/data/1/entries/8/entries/3/entries/30/name,D30. Tiamat's Stolen Treasure,D30. 被盜的提亞馬特寶藏,project-proposed
BGDIA,/data/1/entries/8/entries/3/entries/30/entries/1/name,Treasure,寶藏,existing-site
BGDIA,/data/1/entries/8/entries/3/entries/31/name,D31. Torches,D31. 火把,project-proposed
BGDIA,/data/1/entries/8/entries/3/entries/32/name,D32. Stolen Goods,D32. 失竊的貨物,project-proposed
BGDIA,/data/1/entries/8/entries/3/entries/32/entries/1/name,Treasure,寶藏,existing-site
BGDIA,/data/1/entries/8/entries/3/entries/33/name,D33. Covenant of the Dead Three,D33. 死亡三神的契約,project-proposed
BGDIA,/data/1/entries/8/entries/3/entries/33/entries/4/name,Bane Statue,班恩雕像,project-proposed
BGDIA,/data/1/entries/8/entries/3/entries/33/entries/5/name,Bhaal Statue,巴爾雕像,project-proposed
BGDIA,/data/1/entries/8/entries/3/entries/33/entries/6/name,Myrkul Statue,米爾寇雕像,project-proposed
BGDIA,/data/1/entries/8/entries/4/name,Surprise! Dragon Cultists!,驚喜！龍巫教徒！,project-proposed
BGDIA,/data/1/entries/8/entries/5/name,Where Next?,下一步去哪裡？,project-proposed
BGDIA,/data/1/entries/8/entries/5/entries/2/name,More Dead Three Encounters,更多死亡三神的遭遇,project-proposed
BGDIA,/data/1/entries/8/entries/5/entries/2/entries/1/name,Abduction Squad (for 3rd-level characters),綁架小隊（適合3級角色）,project-proposed
BGDIA,/data/1/entries/8/entries/5/entries/2/entries/2/name,Murder Squad (for 4th-level characters),謀殺小隊（適合4級角色）,project-proposed
BGDIA,/data/1/entries/8/entries/5/entries/2/entries/3/name,Revenge Squad (for 5th-level characters),復仇小隊（適合5級角色）,project-proposed
BGDIA,/data/1/entries/9/name,Low Lantern,矮提燈,project-proposed
BGDIA,/data/1/entries/9/entries/1/name,About the Tavern,關於酒館,project-proposed
BGDIA,/data/1/entries/9/entries/2/name,Tavern Patrons,酒館顧客,project-proposed
BGDIA,/data/1/entries/9/entries/3/name,Tavern Locations,酒館地點,project-proposed
BGDIA,/data/1/entries/9/entries/3/entries/1/name,L1. Main Deck,L1. 主甲板,project-proposed
BGDIA,/data/1/entries/9/entries/3/entries/2/name,L2. Forecastle,L2. 前甲板,project-proposed
BGDIA,/data/1/entries/9/entries/3/entries/3/name,L3. Aftcastle,L3. 後甲板,project-proposed
BGDIA,/data/1/entries/9/entries/3/entries/4/name,L4. Laraelra's Cabin,L4. 拉瑞娜的艙房,project-proposed
BGDIA,/data/1/entries/9/entries/3/entries/4/entries/6/name,Treasure,寶藏,existing-site
BGDIA,/data/1/entries/9/entries/3/entries/5/name,L5. Taproom and Gambling Hall,L5. 酒吧與賭場,project-proposed
BGDIA,/data/1/entries/9/entries/3/entries/6/name,L6. Tavern Lounge,L6. 酒館休息室,project-proposed
BGDIA,/data/1/entries/9/entries/3/entries/7/name,L7. Guest Cabin,L7. 客房,project-proposed
BGDIA,/data/1/entries/9/entries/3/entries/8/name,L8. Sleeping Quarters,L8. 睡眠區,project-proposed
BGDIA,/data/1/entries/9/entries/4/name,Dealing with Amrik,和阿姆利克打交道,project-proposed
BGDIA,/data/1/entries/9/entries/5/name,Reya Mantlemorn,蕾婭·曼特勒蒙,project-proposed
BGDIA,/data/1/entries/9/entries/5/entries/4/name,Reya's Tale,蕾婭的故事,project-proposed
BGDIA,/data/1/entries/9/entries/5/entries/5/name,If Reya Joins the Party,如果蕾婭加入隊伍,project-proposed
BGDIA,/data/1/entries/10/name,Vanthampur Villa,范薩普爾別墅,project-proposed
BGDIA,/data/1/entries/10/entries/2/name,Getting to the Villa,前往別墅,project-proposed
BGDIA,/data/1/entries/10/entries/3/name,The Vanthampur Family,范薩普爾家族,project-proposed
BGDIA,/data/1/entries/10/entries/4/name,About the Villa,關於別墅,project-proposed
BGDIA,/data/1/entries/10/entries/4/entries/2/name,Servants,僕人,project-proposed
BGDIA,/data/1/entries/10/entries/5/name,Villa Locations,別墅地點,project-proposed
BGDIA,/data/1/entries/10/entries/5/entries/1/name,V1. Yard,V1. 庭院,project-proposed
BGDIA,/data/1/entries/10/entries/5/entries/2/name,V2. Stable House,V2. 馬廄,project-proposed
BGDIA,/data/1/entries/10/entries/5/entries/2/entries/1/name,Trapdoor,活板門,project-proposed
BGDIA,/data/1/entries/10/entries/5/entries/3/name,V3. Foyer,V3. 門廳,project-proposed
BGDIA,/data/1/entries/10/entries/5/entries/3/entries/4/name,Treasure,寶藏,existing-site
BGDIA,/data/1/entries/10/entries/5/entries/4/name,V4. Servants' Quarters,V4. 僕人宿舍,project-proposed
BGDIA,/data/1/entries/10/entries/5/entries/5/name,V5. Kitchen,V5. 廚房,project-proposed
BGDIA,/data/1/entries/10/entries/5/entries/6/name,V6. Pantry,V6. 食品儲藏室,project-proposed
BGDIA,/data/1/entries/10/entries/5/entries/7/name,V7. Stairs Down,V7. 向下的樓梯,project-proposed
BGDIA,/data/1/entries/10/entries/5/entries/8/name,V8. Parlor,V8. 客廳,project-proposed
BGDIA,/data/1/entries/10/entries/5/entries/8/entries/2/name,Treasure,寶藏,existing-site
BGDIA,/data/1/entries/10/entries/5/entries/9/name,V9. Dining Room,V9. 餐廳,project-proposed
BGDIA,/data/1/entries/10/entries/5/entries/9/entries/3/name,Treasure,寶藏,existing-site
BGDIA,/data/1/entries/10/entries/5/entries/10/name,V10. Gallery,V10. 陳列室,project-proposed
BGDIA,/data/1/entries/10/entries/5/entries/10/entries/2/name,Wax Statue,蠟像,project-proposed
BGDIA,/data/1/entries/10/entries/5/entries/11/name,V11. Upstairs Hall,V11. 上層大廳,project-proposed
BGDIA,/data/1/entries/10/entries/5/entries/12/name,V12. Balcony,V12. 陽臺,project-proposed
BGDIA,/data/1/entries/10/entries/5/entries/13/name,V13. Thurstwell's Bedroom,V13. 瑟斯維爾的臥室,project-proposed
BGDIA,/data/1/entries/10/entries/5/entries/13/entries/4/name,Treasure,寶藏,existing-site
BGDIA,/data/1/entries/10/entries/5/entries/14/name,V14. Mortlock's Bedroom,V14. 摩特洛克的臥室,project-proposed
BGDIA,/data/1/entries/10/entries/5/entries/15/name,V15. Amrik's Bedroom,V15. 阿姆利克的臥室,project-proposed
BGDIA,/data/1/entries/10/entries/5/entries/15/entries/1/name,Treasure,寶藏,existing-site
BGDIA,/data/1/entries/10/entries/5/entries/16/name,V16. Duke's Powder Room,V16. 公爵的化妝間,project-proposed
BGDIA,/data/1/entries/10/entries/5/entries/16/entries/1/name,Treasure,寶藏,existing-site
BGDIA,/data/1/entries/10/entries/5/entries/17/name,V17. Master Bedroom,V17. 主臥室,project-proposed
BGDIA,/data/1/entries/10/entries/5/entries/17/entries/1/name,Treasure,寶藏,existing-site
BGDIA,/data/1/entries/10/entries/5/entries/17/entries/2/name,Trap,陷阱,existing-site
BGDIA,/data/1/entries/10/entries/5/entries/18/name,V18. Duke's Study,V18. 公爵的書房,project-proposed
BGDIA,/data/1/entries/10/entries/5/entries/18/entries/2/name,Bookcases,書架,project-proposed
BGDIA,/data/1/entries/10/entries/5/entries/19/name,V19. Tower Peak,V19. 塔頂,project-proposed
BGDIA,/data/1/entries/10/entries/5/entries/19/entries/4/name,Prisoners,囚犯,project-proposed
BGDIA,/data/1/entries/11/name,Under the Villa,別墅之下,project-proposed
BGDIA,/data/1/entries/11/entries/2/name,Dungeon Features,地下城特徵物,project-proposed
BGDIA,/data/1/entries/11/entries/3/name,Dungeon Locations,地下城地區,project-proposed
BGDIA,/data/1/entries/11/entries/3/entries/2/name,V20. Cellar,V20. 地下室,project-proposed
BGDIA,/data/1/entries/11/entries/3/entries/3/name,V21. Wine Cellar,V21. 酒窖,project-proposed
BGDIA,/data/1/entries/11/entries/3/entries/3/entries/1/name,Treasure,寶藏,existing-site
BGDIA,/data/1/entries/11/entries/3/entries/4/name,V22. Sewer Tunnels,V22. 汙水管道,project-proposed
BGDIA,/data/1/entries/11/entries/3/entries/4/entries/2/name,Wandering Monsters,遊蕩怪物,project-proposed
BGDIA,/data/1/entries/11/entries/3/entries/5/name,V23. Cold Storage,V23. 冷藏室,project-proposed
BGDIA,/data/1/entries/11/entries/3/entries/6/name,V24. Dining Room,V24. 餐廳,project-proposed
BGDIA,/data/1/entries/11/entries/3/entries/7/name,V25. Kitchen,V25. 廚房,project-proposed
BGDIA,/data/1/entries/11/entries/3/entries/8/name,V26. Temple of Zariel,V26. 扎瑞爾的神殿,project-proposed
BGDIA,/data/1/entries/11/entries/3/entries/8/entries/1/name,Disguised Characters,偽裝的角色,project-proposed
BGDIA,/data/1/entries/11/entries/3/entries/8/entries/6/name,Statue,雕像,existing-site
BGDIA,/data/1/entries/11/entries/3/entries/8/entries/7/name,Treasure,寶藏,existing-site
BGDIA,/data/1/entries/11/entries/3/entries/9/name,V27. Escape Tunnel,V27. 撤離通道,project-proposed
BGDIA,/data/1/entries/11/entries/3/entries/10/name,V28. Secret Shrine,V28. 秘密神殿,project-proposed
BGDIA,/data/1/entries/11/entries/3/entries/10/entries/5/name,Obsidian Altar,黑曜石祭壇,project-proposed
BGDIA,/data/1/entries/11/entries/3/entries/11/name,V29. Prison,V29. 監獄,project-proposed
BGDIA,/data/1/entries/11/entries/3/entries/11/entries/4/name,Falaster Fisk,福萊斯特·菲斯克,project-proposed
BGDIA,/data/1/entries/11/entries/3/entries/11/entries/5/name,Satiir Thione-Hhune,薩蒂爾·席歐妮·胡妮,project-proposed
BGDIA,/data/1/entries/11/entries/3/entries/12/name,V30. Barrier of Iron Bars,V30. 鐵柵欄,project-proposed
BGDIA,/data/1/entries/11/entries/3/entries/12/entries/2/name,Imprisoned Characters,被囚禁的角色,project-proposed
BGDIA,/data/1/entries/11/entries/3/entries/13/name,V31. Vestry,V31. 祭衣室,project-proposed
BGDIA,/data/1/entries/11/entries/3/entries/14/name,V32. Connecting Tunnel,V32. 連線隧道,project-proposed
BGDIA,/data/1/entries/11/entries/3/entries/15/name,V33. Cultists' Quarters,V33. 教徒大廳宿舍,project-proposed
BGDIA,/data/1/entries/11/entries/3/entries/16/name,V34. Ritual Chamber,V34. 儀式室,project-proposed
BGDIA,/data/1/entries/11/entries/3/entries/17/name,V35. Thavius Kreeg's Quarters,V35. 塔維斯·克雷格的房間,project-proposed
BGDIA,/data/1/entries/11/entries/3/entries/17/entries/2/name,Treasure,寶藏,existing-site
BGDIA,/data/1/entries/11/entries/3/entries/18/name,V36. Vanthampur Vault,V36. 范薩普爾的寶庫,project-proposed
BGDIA,/data/1/entries/11/entries/3/entries/18/entries/6/name,Shield of the Hidden Lord,隱藏領主的盾牌,existing-site
BGDIA,/data/1/entries/11/entries/3/entries/18/entries/7/name,Treasure,寶藏,existing-site
BGDIA,/data/1/entries/12/name,Final Encounters in Baldur's Gate,博德之門的最終遭遇,project-proposed
BGDIA,/data/1/entries/12/entries/3/name,Reporting to Captain Zodge,向佐迪隊長報告,project-proposed
BGDIA,/data/1/entries/12/entries/4/name,Commander Portyr,波特爾指揮官,project-proposed
BGDIA,/data/1/entries/13/name,Journey to Candlekeep,燭堡之旅,project-proposed
BGDIA,/data/1/entries/13/entries/3/name,Wyrm's Crossing,飛龍渡,project-proposed
BGDIA,/data/1/entries/13/entries/4/name,Knights of the Shield,堅盾騎士團,project-proposed
BGDIA,/data/1/entries/13/entries/5/name,Tale of the Hellriders,地獄騎士的傳說,project-proposed
BGDIA,/data/1/entries/14/name,Candlekeep,燭堡,project-proposed
BGDIA,/data/1/entries/14/entries/4/name,The Way of the Lion,雄獅小徑,project-proposed
BGDIA,/data/1/entries/14/entries/5/name,Entering Candlekeep,進入燭堡,project-proposed
BGDIA,/data/1/entries/14/entries/5/entries/6/name,The Hearth,爐邊,project-proposed
BGDIA,/data/1/entries/14/entries/6/name,Sylvira Savikas,西爾維拉·薩維卡斯,existing-site
BGDIA,/data/1/entries/14/entries/6/entries/4/name,Candlekeep Defenses,燭堡防禦,project-proposed
BGDIA,/data/1/entries/14/entries/6/entries/5/name,Thavius and the Puzzle Box,塔維斯和謎語盒,project-proposed
BGDIA,/data/1/entries/14/entries/6/entries/6/name,Gargauth and the Shield,加葛斯和盾牌,project-proposed
BGDIA,/data/1/entries/14/entries/6/entries/7/name,Poster Map of Avernus,阿弗納斯的地圖,project-proposed
BGDIA,/data/1/entries/15/name,Getting to Avernus,前往阿弗納斯,project-proposed
BGDIA,/data/1/entries/15/entries/8/name,Traxigor's Tower,特拉克西哥的高塔,project-proposed
BGDIA,/data/1/entries/15/entries/9/name,Lulu the Hollyphant,聖象露露,project-proposed
BGDIA,/data/1/entries/15/entries/9/entries/2/name,Lulu's Background,露露的背景,project-proposed
BGDIA,/data/1/entries/15/entries/9/entries/3/name,Lulu's Memories,露露的記憶,project-proposed
BGDIA,/data/1/entries/15/entries/9/entries/4/name,Restored Memories,重建記憶,project-proposed
BGDIA,/data/1/entries/15/entries/9/entries/5/name,Roleplaying Lulu,扮演露露,project-proposed
BGDIA,/data/1/entries/15/entries/10/name,Plane Shift,位面轉移,existing-site
BGDIA,/data/2/name,Chapter 2: Elturel Has Fallen,第2章：艾爾托瑞爾已然墜落,project-proposed
BGDIA,/data/2/entries/4/name,Running This Chapter,運作本章,project-proposed
BGDIA,/data/2/entries/5/name,Arrival in Elturel,抵達艾爾托瑞爾,project-proposed
BGDIA,/data/2/entries/5/entries/8/name,Unwelcome Party,不受歡迎的聚會,project-proposed
BGDIA,/data/2/entries/5/entries/8/entries/7/name,Aftermath,後續,project-proposed
BGDIA,/data/2/entries/5/entries/8/entries/7/entries/5/name,Handling Noncombatants,處理非戰鬥人員,project-proposed
BGDIA,/data/2/entries/5/entries/9/name,More Encounters in Elturel,艾爾托瑞爾中的更多遭遇,project-proposed
BGDIA,/data/2/entries/5/entries/9/entries/4/name,Collapsed Building,倒塌的建築,project-proposed
BGDIA,/data/2/entries/5/entries/9/entries/5/name,Cry for Help,求救的呼喊,project-proposed
BGDIA,/data/2/entries/5/entries/9/entries/6/name,Ghastly Meal,恐怖大餐,project-proposed
BGDIA,/data/2/entries/5/entries/9/entries/7/name,Ghoul Pack,食屍鬼群,project-proposed
BGDIA,/data/2/entries/5/entries/9/entries/7/entries/1/name,Treasure,寶藏,existing-site
BGDIA,/data/2/entries/5/entries/9/entries/8/name,Hateful Patrol,可憎巡邏隊,project-proposed
BGDIA,/data/2/entries/5/entries/9/entries/9/name,Imp Sales Pitch,小魔鬼推銷,project-proposed
BGDIA,/data/2/entries/5/entries/9/entries/9/entries/3/name,Treasure,寶藏,existing-site
BGDIA,/data/2/entries/5/entries/9/entries/9/entries/3/entries/1/name,Elturel Hazards,艾爾托瑞爾的威脅,project-proposed
BGDIA,/data/2/entries/5/entries/9/entries/9/entries/3/entries/1/entries/1/name,Falling,墜落,existing-site
BGDIA,/data/2/entries/5/entries/9/entries/9/entries/3/entries/1/entries/2/name,Lightning,閃電,existing-site
BGDIA,/data/2/entries/5/entries/9/entries/9/entries/3/entries/1/entries/3/name,Quakes,地震,project-proposed
BGDIA,/data/2/entries/5/entries/9/entries/10/name,Narzugon Cavalier,魘騎魔騎士,project-proposed
BGDIA,/data/2/entries/5/entries/9/entries/11/name,Spouts of Hellfire,地獄火噴發,project-proposed
BGDIA,/data/2/entries/5/entries/9/entries/11/entries/1/name,Treasure,寶藏,existing-site
BGDIA,/data/2/entries/5/entries/9/entries/12/name,Vrock Philosophy,鷲魔哲學,project-proposed
BGDIA,/data/2/entries/5/entries/9/entries/13/name,Zombie Horde,喪屍群落,project-proposed
BGDIA,/data/2/entries/5/entries/10/name,Torm's Bridges,託姆之橋,project-proposed
BGDIA,/data/2/entries/5/entries/10/entries/4/name,Holy Runes,神聖符文,project-proposed
BGDIA,/data/2/entries/6/name,High Hall,至高大廳,project-proposed
BGDIA,/data/2/entries/6/entries/2/name,High Hall Overview,至高大廳概述,project-proposed
BGDIA,/data/2/entries/6/entries/3/name,Approaching the High Hall,接近至高大廳,project-proposed
BGDIA,/data/2/entries/6/entries/4/name,Cathedral Assault,大教堂突擊,project-proposed
BGDIA,/data/2/entries/6/entries/4/entries/4/name,Group 1: Abishai and Cultists,第一組：亞比莎龍魔和邪教徒,project-proposed
BGDIA,/data/2/entries/6/entries/4/entries/5/name,Group 2: Crab Attack,第二組：蟹群攻擊,project-proposed
BGDIA,/data/2/entries/6/entries/4/entries/6/name,Group 3: Devilish Brigands,第三組：魔鬼強盜,project-proposed
BGDIA,/data/2/entries/6/entries/4/entries/7/name,Group 4: Hellish Hunters,第四組：地獄獵人,project-proposed
BGDIA,/data/2/entries/6/entries/5/name,High Hall Cathedral,至高大廳大教堂,project-proposed
BGDIA,/data/2/entries/6/entries/5/entries/2/name,High Hall Cathedral Features,至高大廳大教堂特徵,project-proposed
BGDIA,/data/2/entries/6/entries/5/entries/2/entries/1/name,Art,藝術品,project-proposed
BGDIA,/data/2/entries/6/entries/5/entries/2/entries/2/name,Dimensions,尺寸,project-proposed
BGDIA,/data/2/entries/6/entries/5/entries/2/entries/3/name,Doors,門,existing-site
BGDIA,/data/2/entries/6/entries/5/entries/2/entries/4/name,Illumination,照明,existing-site
BGDIA,/data/2/entries/6/entries/5/entries/2/entries/5/name,Walls,牆壁,project-proposed
BGDIA,/data/2/entries/6/entries/5/entries/2/entries/6/name,Windows,窗戶,project-proposed
BGDIA,/data/2/entries/6/entries/5/entries/3/name,H1. Hall of Heroes,H1. 英雄大廳,project-proposed
BGDIA,/data/2/entries/6/entries/5/entries/4/name,H2. Grand Foyer,H2. 大門廳,project-proposed
BGDIA,/data/2/entries/6/entries/5/entries/5/name,H3. Central Altar,H3. 中央祭壇,project-proposed
BGDIA,/data/2/entries/6/entries/5/entries/5/entries/3/name,Activating the Altar,啟用祭壇,project-proposed
BGDIA,/data/2/entries/6/entries/5/entries/5/entries/4/name,Secret Door,暗門,project-proposed
BGDIA,/data/2/entries/6/entries/5/entries/6/name,H4. Private Chapels,H4. 獨立禮拜堂,project-proposed
BGDIA,/data/2/entries/6/entries/5/entries/6/entries/1/name,Survivor,生還者,existing-site
BGDIA,/data/2/entries/6/entries/5/entries/7/name,H5. Stairs to Residences,H5. 通往住宅的樓梯,project-proposed
BGDIA,/data/2/entries/6/entries/5/entries/8/name,H6. Desecrated Altar of Torm,H6. 被褻瀆的託姆神壇,project-proposed
BGDIA,/data/2/entries/6/entries/5/entries/9/name,H7. Pipe Organ,H7. 管風琴,project-proposed
BGDIA,/data/2/entries/6/entries/5/entries/10/name,H8. Defenses,H8. 防禦設施,project-proposed
BGDIA,/data/2/entries/6/entries/5/entries/11/name,H9. Balcony,H9. 陽臺,project-proposed
BGDIA,/data/2/entries/6/entries/5/entries/12/name,H10. Recessed Mausoleums,H10. 壁龕陵墓,project-proposed
BGDIA,/data/2/entries/6/entries/5/entries/13/name,H11. Vaults,H11. 地窖,project-proposed
BGDIA,/data/2/entries/6/entries/5/entries/14/name,H12. Temple of the Highest,H12. 至高神殿,project-proposed
BGDIA,/data/2/entries/6/entries/5/entries/14/entries/1/name,Treasure,寶藏,existing-site
BGDIA,/data/2/entries/6/entries/5/entries/15/name,H13. Hall of Scholars,H13. 學者大廳,project-proposed
BGDIA,/data/2/entries/6/entries/5/entries/15/entries/1/name,Treasure,寶藏,existing-site
BGDIA,/data/2/entries/6/entries/5/entries/16/name,H14. Chamber of Torm's Council,H14. 託姆議會的議事廳,project-proposed
BGDIA,/data/2/entries/6/entries/5/entries/17/name,H15. Unknown Hero,H15. 無名英雄,project-proposed
BGDIA,/data/2/entries/6/entries/5/entries/18/name,H16. Main Crypts,H16. 主墓穴,project-proposed
BGDIA,/data/2/entries/6/entries/5/entries/18/entries/4/name,Tome of the Creed Resolute,堅毅信條名錄,project-proposed
BGDIA,/data/2/entries/6/entries/5/entries/18/entries/5/name,Holy Water Fonts,聖水盆,project-proposed
BGDIA,/data/2/entries/6/entries/5/entries/18/entries/6/name,Development,發展,project-proposed
BGDIA,/data/2/entries/6/entries/5/entries/19/name,H17. Escape Tunnel,H17. 逃生隧道,project-proposed
BGDIA,/data/2/entries/7/name,Grand Cemetery,大墓地,project-proposed
BGDIA,/data/2/entries/7/entries/6/name,Gideon Lightward,吉迪恩·萊特沃德,existing-site
BGDIA,/data/2/entries/7/entries/7/name,Demon Portal,惡魔傳送門,project-proposed
BGDIA,/data/2/entries/7/entries/8/name,Exploring the Cemetery,探索墓地,project-proposed
BGDIA,/data/2/entries/7/entries/8/entries/3/name,Approaching the Chapel,接近教堂,project-proposed
BGDIA,/data/2/entries/7/entries/8/entries/4/name,G1. Walk of Bravery,G1. 勇氣步道,project-proposed
BGDIA,/data/2/entries/7/entries/8/entries/5/name,G2. Chapel of Light,G2. 光之教堂,project-proposed
BGDIA,/data/2/entries/7/entries/8/entries/5/entries/3/name,Stained-Glass Window,彩色玻璃窗,project-proposed
BGDIA,/data/2/entries/7/entries/8/entries/6/name,G3. Chapel of Mourning,G3. 哀悼教堂,project-proposed
BGDIA,/data/2/entries/7/entries/8/entries/6/entries/4/name,Treasure,寶藏,existing-site
BGDIA,/data/2/entries/7/entries/8/entries/7/name,G4. Vestment Chamber,G4. 聖衣間,project-proposed
BGDIA,/data/2/entries/7/entries/8/entries/7/entries/5/name,Parley,談判,project-proposed
BGDIA,/data/2/entries/7/entries/8/entries/8/name,G5. Gideon's Quarters,G5. 吉迪恩的住處,project-proposed
BGDIA,/data/2/entries/7/entries/8/entries/8/entries/3/name,Gideon's Testament,吉迪恩的遺囑,project-proposed
BGDIA,/data/2/entries/7/entries/8/entries/9/name,G6. Undead Pit,G6. 亡靈坑窪,project-proposed
BGDIA,/data/2/entries/7/entries/8/entries/9/entries/3/name,Necromantic Mist,暗蝕迷霧,project-proposed
BGDIA,/data/2/entries/7/entries/8/entries/10/name,G7. Workshop,G7. 工作室,project-proposed
BGDIA,/data/2/entries/7/entries/8/entries/10/entries/3/name,Tracks,蹤跡,project-proposed
BGDIA,/data/2/entries/7/entries/8/entries/11/name,G8. Ossuary of the Faithful,G8. 虔敬藏骨堂,project-proposed
BGDIA,/data/2/entries/7/entries/8/entries/12/name,G9. Main Ossuary,G9. 主藏骨堂,project-proposed
BGDIA,/data/2/entries/7/entries/8/entries/13/name,G10. Meditation Chamber,G10. 冥想室,project-proposed
BGDIA,/data/2/entries/7/entries/8/entries/14/name,G11. Vault of Honor,G11. 榮譽寶庫,project-proposed
BGDIA,/data/2/entries/7/entries/8/entries/14/entries/4/name,Tracks,蹤跡,project-proposed
BGDIA,/data/2/entries/7/entries/8/entries/15/name,G12. Vault of Ascendance,G12. 飛昇之室,project-proposed
BGDIA,/data/2/entries/7/entries/8/entries/15/entries/9/name,Treasure,寶藏,existing-site
BGDIA,/data/2/entries/7/entries/8/entries/16/name,Leaving the Chapel,離開教堂,project-proposed
BGDIA,/data/2/entries/8/name,Escaping the Siege,逃出圍城,project-proposed
BGDIA,/data/2/entries/8/entries/2/name,Return to the Cathedral,返回大教堂,project-proposed
BGDIA,/data/2/entries/8/entries/3/name,Ritual of Returning,歸還儀式,project-proposed
BGDIA,/data/2/entries/8/entries/3/entries/2/name,Ritual Preparations,儀式準備,project-proposed
BGDIA,/data/2/entries/8/entries/3/entries/3/name,Performing the Prayer,進行禱告,project-proposed
BGDIA,/data/2/entries/8/entries/3/entries/3/entries/4/name,Helm of Torm's Sight,託姆之視頭盔,project-proposed
BGDIA,/data/2/entries/8/entries/4/name,The Path Forward,前進的道路,project-proposed
BGDIA,/data/2/entries/8/entries/4/entries/5/name,Next Moves,下一步行動,project-proposed
BGDIA,/data/2/entries/8/entries/5/name,Leaving Elturel,離開艾爾托瑞爾,project-proposed
BGDIA,/data/2/entries/8/entries/5/entries/1/name,Climbing Down,爬下,project-proposed
BGDIA,/data/2/entries/8/entries/5/entries/2/name,Flying,飛行,existing-site
BGDIA,/data/2/entries/8/entries/5/entries/3/name,Improvised Equipment,臨時裝置,project-proposed
BGDIA,/data/2/entries/8/entries/6/name,Battle of Elturel,艾爾托瑞爾的戰鬥,project-proposed
BGDIA,/data/2/entries/8/entries/6/entries/5/entries/0/name,Treasure,寶藏,existing-site
BGDIA,/data/2/entries/8/entries/6/entries/5/entries/1/name,Development,發展,project-proposed
BGDIA,/data/2/entries/8/entries/7/name,To Fort Knucklebone!,前往指節骨要塞！,project-proposed
BGDIA,/data/3/name,Chapter 3: Avernus,第3章：阿弗納斯,project-proposed
BGDIA,/data/3/entries/3/name,Running This Chapter,運作本章,project-proposed
BGDIA,/data/3/entries/4/name,What Is Avernus?,什麼是阿弗納斯？,project-proposed
BGDIA,/data/3/entries/4/entries/6/name,Visitors to Avernus,阿弗納斯的訪客,project-proposed
BGDIA,/data/3/entries/4/entries/7/name,Zariel's War,扎瑞爾的戰爭,project-proposed
BGDIA,/data/3/entries/4/entries/7/entries/1/name,Zariel's Struggle,扎瑞爾的鬥爭,project-proposed
BGDIA,/data/3/entries/4/entries/7/entries/2/name,War for Souls,靈魂戰爭,project-proposed
BGDIA,/data/3/entries/4/entries/7/entries/3/name,Yoke of Evil,邪惡枷鎖,project-proposed
BGDIA,/data/3/entries/4/entries/7/entries/3/entries/1/name,Infernal Order of Battle,戰爭中的地獄軍團,project-proposed
BGDIA,/data/3/entries/5/name,Features of Avernus,阿弗納斯的特徵,project-proposed
BGDIA,/data/3/entries/5/entries/3/name,River Styx,冥河,project-proposed
BGDIA,/data/3/entries/5/entries/4/name,Alterations to Magic,魔法的變化,project-proposed
BGDIA,/data/3/entries/5/entries/4/entries/1/name,Cosmetic Spell Modifications,咒語效果畸變,project-proposed
BGDIA,/data/3/entries/5/entries/4/entries/2/name,Telepathic Communications,心靈通訊,project-proposed
BGDIA,/data/3/entries/5/entries/5/name,Demon Ichor,惡魔穢液,existing-site
BGDIA,/data/3/entries/5/entries/6/name,Food and Drink,食物和飲品,existing-site
BGDIA,/data/3/entries/5/entries/7/name,Rests in Avernus,在阿弗納斯休整,project-proposed
BGDIA,/data/3/entries/5/entries/8/name,Optional Rules,外層位面選用規則,project-proposed
BGDIA,/data/3/entries/5/entries/8/entries/1/name,Commerce,商業,project-proposed
BGDIA,/data/3/entries/5/entries/8/entries/2/name,Bargain-Basement Death Saves,特價起死回生,project-proposed
BGDIA,/data/3/entries/5/entries/8/entries/3/name,Exhaustion,力竭,existing-site
BGDIA,/data/3/entries/5/entries/8/entries/4/name,Pervasive Evil,邪惡四溢,project-proposed
BGDIA,/data/3/entries/6/name,Using the Poster Map,使用海報地圖,project-proposed
BGDIA,/data/3/entries/6/entries/4/name,Mapping Avernus,繪製阿弗納斯地圖,project-proposed
BGDIA,/data/3/entries/6/entries/5/name,Charting a Course,規劃路線,project-proposed
BGDIA,/data/3/entries/7/name,Fort Knucklebone,指節骨要塞,project-proposed
BGDIA,/data/3/entries/7/entries/3/name,Areas of Fort Knucklebone,指節骨要塞區域,project-proposed
BGDIA,/data/3/entries/7/entries/4/name,Arrival at the Fort,抵達要塞,project-proposed
BGDIA,/data/3/entries/7/entries/4/entries/3/name,Running the Fort,執行要塞,project-proposed
BGDIA,/data/3/entries/7/entries/5/name,Entering the Fort,進入要塞,project-proposed
BGDIA,/data/3/entries/7/entries/5/entries/2/name,Seeing the Kenku,與天狗見面,project-proposed
BGDIA,/data/3/entries/7/entries/6/name,Mad Maggie,瘋喜鵲,existing-site
BGDIA,/data/3/entries/7/entries/6/entries/4/name,Maggie's Goals,瘋喜鵲的目標,project-proposed
BGDIA,/data/3/entries/7/entries/6/entries/5/name,Maggie's Offers,瘋喜鵲的籌碼,project-proposed
BGDIA,/data/3/entries/7/entries/7/name,The Knucklebones Gang,指節骨幫,project-proposed
BGDIA,/data/3/entries/7/entries/7/entries/2/name,Chukka and Clonk,楚卡和克朗克,project-proposed
BGDIA,/data/3/entries/7/entries/7/entries/2/entries/3/name,Chukka and Clonk's Goal,楚卡和克朗克的目標,project-proposed
BGDIA,/data/3/entries/7/entries/7/entries/2/entries/4/name,Helping the Kenku,幫助天狗,project-proposed
BGDIA,/data/3/entries/7/entries/7/entries/3/name,Mickey the Flesh Golem,血肉魔像米奇,project-proposed
BGDIA,/data/3/entries/7/entries/7/entries/3/entries/1/name,Mickey's Goal,米奇的目標,project-proposed
BGDIA,/data/3/entries/7/entries/7/entries/4/name,Pins and Needles,大頭針和細縫針,project-proposed
BGDIA,/data/3/entries/7/entries/7/entries/4/entries/2/name,The Imps' Goals,小魔鬼的目標,project-proposed
BGDIA,/data/3/entries/7/entries/7/entries/4/entries/3/name,Helping the Imps,幫助小魔鬼,project-proposed
BGDIA,/data/3/entries/7/entries/7/entries/5/name,Barnabas the Flameskull,燃焰之顱巴納巴斯,project-proposed
BGDIA,/data/3/entries/7/entries/7/entries/5/entries/2/name,Barnabas's Goal,巴納巴斯的目標,project-proposed
BGDIA,/data/3/entries/7/entries/7/entries/5/entries/3/name,Helping Barnabas,幫助巴納巴斯,project-proposed
BGDIA,/data/3/entries/7/entries/7/entries/6/name,Redcaps and Madcaps,紅帽子和瘋帽子,project-proposed
BGDIA,/data/3/entries/7/entries/7/entries/6/entries/1/name,Redcap and Madcap Goals,紅帽子和瘋帽子的目標,project-proposed
BGDIA,/data/3/entries/7/entries/7/entries/7/name,Mad Maggie's Infernal War Machines,瘋喜鵲的地獄戰爭機器,project-proposed
BGDIA,/data/3/entries/7/entries/8/name,Lulu's Dream Quest,露露的夢境探索,project-proposed
BGDIA,/data/3/entries/7/entries/8/entries/5/name,Dream 1: Rainbow Angels,夢境1：彩虹天使,project-proposed
BGDIA,/data/3/entries/7/entries/8/entries/6/name,Dream 2: Betrayal!,夢境2：背叛！,project-proposed
BGDIA,/data/3/entries/7/entries/8/entries/7/name,Dream 3: Devil Deal,夢境3：魔鬼交易,project-proposed
BGDIA,/data/3/entries/7/entries/8/entries/8/name,Dream 4: Desolation,夢境4：死寂,project-proposed
BGDIA,/data/3/entries/7/entries/8/entries/9/name,Dream 5: Revelation,夢境5：啟示,project-proposed
BGDIA,/data/3/entries/7/entries/9/name,Farewell,告別,existing-site
BGDIA,/data/3/entries/7/entries/9/entries/1/name,Vengeful Pursuits,復仇追擊,project-proposed
BGDIA,/data/3/entries/8/name,Raggadragga Attacks!,拉加德拉格進攻！,project-proposed
BGDIA,/data/3/entries/8/entries/8/entries/0/entries/0/name,Treasure,寶藏,existing-site
BGDIA,/data/3/entries/9/name,Warlords of the Avernian Wastelands,阿弗納斯廢土上的軍閥們,project-proposed
BGDIA,/data/3/entries/9/entries/4/name,Infernal War Machine Combat,地獄戰爭機器戰鬥,project-proposed
BGDIA,/data/3/entries/9/entries/5/name,Bitter Breath,苦痛之息,existing-site
BGDIA,/data/3/entries/9/entries/5/entries/3/name,Bitter Breath's Marauders,苦痛之息的掠奪者們,project-proposed
BGDIA,/data/3/entries/9/entries/6/name,Feonor,菲奧諾,existing-site
BGDIA,/data/3/entries/9/entries/6/entries/3/name,Golden Doom,黃金厄運,project-proposed
BGDIA,/data/3/entries/9/entries/7/name,Princeps Kovik,元首科維克,existing-site
BGDIA,/data/3/entries/9/entries/7/entries/3/name,The Eighth Remnant,第八殘餘,project-proposed
BGDIA,/data/3/entries/10/name,Quest for the Sword,尋劍之旅,project-proposed
BGDIA,/data/3/entries/11/name,Haruman's Hill,哈魯曼之丘,project-proposed
BGDIA,/data/3/entries/11/entries/5/name,Jander Sunstar,詹德·日星,project-proposed
BGDIA,/data/3/entries/11/entries/6/name,Haruman's Arrival,哈魯曼的到來,project-proposed
BGDIA,/data/3/entries/11/entries/6/entries/3/name,Treasure,寶藏,existing-site
BGDIA,/data/3/entries/11/entries/6/entries/4/name,Development,發展,project-proposed
BGDIA,/data/3/entries/12/name,Hellwasp Nest,黃泉蜂巢,project-proposed
BGDIA,/data/3/entries/12/entries/7/name,Encounters in the Nest,巢穴中的遭遇,project-proposed
BGDIA,/data/3/entries/12/entries/7/entries/3/name,N1. Entry Level,N1. 入口層,project-proposed
BGDIA,/data/3/entries/12/entries/7/entries/3/entries/1/name,Treasure,寶藏,existing-site
BGDIA,/data/3/entries/12/entries/7/entries/3/entries/2/name,Development,發展,project-proposed
BGDIA,/data/3/entries/12/entries/7/entries/4/name,N2. Drone Cells,N2. 雄蜂房間,project-proposed
BGDIA,/data/3/entries/12/entries/7/entries/5/name,N3. Hellwasp Larvae,N3. 黃泉蜂幼蟲魔,project-proposed
BGDIA,/data/3/entries/12/entries/7/entries/6/name,N4. Larder,N4. 食品儲藏室,project-proposed
BGDIA,/data/3/entries/12/entries/7/entries/6/entries/2/name,Treasure,寶藏,existing-site
BGDIA,/data/3/entries/12/entries/7/entries/6/entries/3/name,Development,發展,project-proposed
BGDIA,/data/4/name,Chapter 3: Avernus - Path of Demons,第3章：阿弗納斯 - 惡魔之路,project-proposed
BGDIA,/data/4/entries/0/name,Spawning Trees,孵化樹,project-proposed
BGDIA,/data/4/entries/0/entries/7/name,Devilish Work Crew,魔鬼的工作人員,project-proposed
BGDIA,/data/4/entries/0/entries/7/entries/3/name,Treasure,寶藏,existing-site
BGDIA,/data/4/entries/0/entries/7/entries/4/name,Development,發展,project-proposed
BGDIA,/data/4/entries/1/name,Tower of Urm,烏爾姆之塔,project-proposed
BGDIA,/data/4/entries/1/entries/8/name,Talking to Mordenkainen,與魔鄧肯交談,project-proposed
BGDIA,/data/4/entries/2/name,Obelisk,方尖碑,project-proposed
BGDIA,/data/4/entries/2/entries/8/name,A Wizard's Theory,法師的理論,project-proposed
BGDIA,/data/4/entries/2/entries/8/entries/2/name,Standing Stone Effects,立石效應,project-proposed
BGDIA,/data/4/entries/2/entries/8/entries/3/name,Development,發展,project-proposed
BGDIA,/data/4/entries/3/name,Mirror of Mephistar,梅菲斯特之鏡,project-proposed
BGDIA,/data/4/entries/3/entries/6/name,The Emissary,使節,project-proposed
BGDIA,/data/4/entries/3/entries/6/entries/5/name,Development,發展,project-proposed
BGDIA,/data/4/entries/3/entries/6/entries/5/entries/1/name,Shatterstick,粉碎棒,existing-site
BGDIA,/data/4/entries/4/name,Pit of Shummrath,舒姆拉斯之坑,project-proposed
BGDIA,/data/4/entries/4/entries/6/name,Imprisoned Ultroloth,被囚禁的超等羅斯魔,project-proposed
BGDIA,/data/4/entries/4/entries/6/entries/3/name,Creating a Homunculus,創造人工生命體,project-proposed
BGDIA,/data/4/entries/4/entries/6/entries/4/name,Treasure,寶藏,existing-site
BGDIA,/data/4/entries/4/entries/7/name,Damming the Styx,築壩冥河,project-proposed
BGDIA,/data/4/entries/4/entries/7/entries/2/name,Development,發展,project-proposed
BGDIA,/data/4/entries/5/name,Crypt of the Hellriders,地獄騎士之墓,project-proposed
BGDIA,/data/4/entries/5/entries/7/name,Encounters in the Crypt,在墓穴裡的遭遇,project-proposed
BGDIA,/data/4/entries/5/entries/7/entries/1/name,C1. Sealed Gates,C1. 封閉的大門,project-proposed
BGDIA,/data/4/entries/5/entries/7/entries/2/name,C2. Funerary Chambers,C2. 葬禮室,project-proposed
BGDIA,/data/4/entries/5/entries/7/entries/3/name,C3. Knights' Caskets,C3. 騎士的棺材,project-proposed
BGDIA,/data/4/entries/5/entries/7/entries/4/name,C4. Warlocks' Tomb,C4. 魔契師的墓穴,project-proposed
BGDIA,/data/4/entries/5/entries/7/entries/4/entries/3/name,Treasure,寶藏,existing-site
BGDIA,/data/4/entries/5/entries/7/entries/5/name,C5. Memorial Steles,C5. 追悼石碑,project-proposed
BGDIA,/data/4/entries/5/entries/7/entries/6/name,C6. Ritual Rooms,C6. 儀式室,project-proposed
BGDIA,/data/4/entries/5/entries/7/entries/7/name,C7. Olanthius's Retreat,C7. 奧蘭蘇斯的休息處,project-proposed
BGDIA,/data/4/entries/5/entries/8/name,Olanthius Returns,奧蘭蘇斯歸來,project-proposed
BGDIA,/data/4/entries/5/entries/8/entries/3/name,Development,發展,project-proposed
BGDIA,/data/4/entries/6/name,Arches of Ulloch,烏洛克拱門,project-proposed
BGDIA,/data/4/entries/7/name,Kostchtchie's Maw,科斯徹奇巨口,project-proposed
BGDIA,/data/4/entries/7/entries/8/name,The Chasm,深坑,project-proposed
BGDIA,/data/4/entries/7/entries/8/entries/1/name,Prison Guards,監獄看守,project-proposed
BGDIA,/data/4/entries/7/entries/8/entries/2/name,Development,發展,project-proposed
BGDIA,/data/5/name,Chapter 3: Avernus - Path of Devils,第3章：阿弗納斯 - 魔鬼之路,project-proposed
BGDIA,/data/5/entries/0/name,Demon Zapper,滅魔器,project-proposed
BGDIA,/data/5/entries/0/entries/8/name,Ralzala the Dao,土巨靈拉爾薩拉,project-proposed
BGDIA,/data/5/entries/1/name,Bone Brambles,骨棘林,project-proposed
BGDIA,/data/5/entries/1/entries/6/name,Encounters in the Brambles,骨棘林中的遭遇,project-proposed
BGDIA,/data/5/entries/1/entries/6/entries/2/name,B1. Entrances,B1. 入口,project-proposed
BGDIA,/data/5/entries/1/entries/6/entries/3/name,B2. Dead Ends,B2. 死衚衕,project-proposed
BGDIA,/data/5/entries/1/entries/6/entries/3/entries/2/name,Dead Traveler,死去的旅行者,project-proposed
BGDIA,/data/5/entries/1/entries/6/entries/3/entries/3/name,Dryad Spirits,樹精靈魄,project-proposed
BGDIA,/data/5/entries/1/entries/6/entries/3/entries/4/name,Shambling Mounds,蔓生怪,project-proposed
BGDIA,/data/5/entries/1/entries/6/entries/3/entries/5/name,Thorn Trap,荊棘陷阱,project-proposed
BGDIA,/data/5/entries/1/entries/6/entries/4/name,B3. Red Ruth's Lair,B3. 紅露絲的巢穴,project-proposed
BGDIA,/data/5/entries/1/entries/7/name,Hold the Fort,堅守陣地,project-proposed
BGDIA,/data/5/entries/1/entries/7/entries/4/name,Treasure,寶藏,existing-site
BGDIA,/data/5/entries/1/entries/7/entries/5/name,Development,發展,project-proposed
BGDIA,/data/5/entries/2/name,Uldrak's Grave,烏爾德拉克之墓,project-proposed
BGDIA,/data/5/entries/2/entries/5/name,Dealing with Uldrak,與烏爾德拉克交涉,project-proposed
BGDIA,/data/5/entries/2/entries/5/entries/3/entries/0/name,Treasure,寶藏,existing-site
BGDIA,/data/5/entries/2/entries/5/entries/4/name,Development,發展,project-proposed
BGDIA,/data/5/entries/3/name,Arkhan's Tower,阿克漢之塔,project-proposed
BGDIA,/data/5/entries/3/entries/9/entries/0/entries/0/name,Treasure,寶藏,existing-site
BGDIA,/data/5/entries/3/entries/9/entries/1/name,Development,發展,project-proposed
BGDIA,/data/5/entries/4/name,Monument to Tiamat,提亞馬特崇神處,project-proposed
BGDIA,/data/5/entries/4/entries/9/name,Arkhan the Cruel,殘酷者阿克漢,existing-site
BGDIA,/data/5/entries/4/entries/9/entries/5/name,Development,發展,project-proposed
BGDIA,/data/5/entries/5/name,Bel's Forge,貝爾鍛爐,project-proposed
BGDIA,/data/5/entries/5/entries/7/name,Forge Features,鍛爐特性,project-proposed
BGDIA,/data/5/entries/5/entries/8/name,Encounters in the Forge,熔爐的遭遇,project-proposed
BGDIA,/data/5/entries/5/entries/8/entries/2/name,F1. Descent to the Forge,F1. 降臨熔爐,project-proposed
BGDIA,/data/5/entries/5/entries/8/entries/3/name,F2. Fire Giant Blacksmiths,F2. 火巨人鐵匠,project-proposed
BGDIA,/data/5/entries/5/entries/8/entries/4/name,F3. Weapons Rack,F3. 武器架,project-proposed
BGDIA,/data/5/entries/5/entries/8/entries/4/entries/1/name,Treasure,寶藏,existing-site
BGDIA,/data/5/entries/5/entries/8/entries/5/name,F4. Pool of Magma,F4. 巖漿池,project-proposed
BGDIA,/data/5/entries/5/entries/9/name,Roleplaying Bel,扮演貝爾,project-proposed
BGDIA,/data/5/entries/5/entries/9/entries/7/name,Development,發展,project-proposed
BGDIA,/data/5/entries/5/entries/9/entries/8/name,River Travel,渡河旅行,project-proposed
BGDIA,/data/5/entries/5/entries/9/entries/9/name,Overland Travel,陸上旅行,project-proposed
BGDIA,/data/5/entries/6/name,Sibriex,巨顱魔,existing-site
BGDIA,/data/5/entries/6/entries/9/entries/0/name,Treasure,寶藏,existing-site
BGDIA,/data/5/entries/6/entries/10/name,Interrogating the Sibriex,盤問巨顱魔,project-proposed
BGDIA,/data/5/entries/6/entries/11/name,Releasing the Sibriex,釋放巨顱魔,project-proposed
BGDIA,/data/5/entries/6/entries/12/name,Flesh Warping,肉體扭曲,existing-site
BGDIA,/data/5/entries/6/entries/12/entries/2/name,Development,發展,project-proposed
BGDIA,/data/5/entries/7/name,Wrecked Flying Fortress,飛行堡壘廢墟,project-proposed
BGDIA,/data/5/entries/7/entries/5/name,Arrival at the Wreck,抵達廢墟,project-proposed
BGDIA,/data/5/entries/7/entries/6/name,Lower Decks,底層甲板,project-proposed
BGDIA,/data/5/entries/7/entries/6/entries/1/name,Bone Whelks,骸骨螺,project-proposed
BGDIA,/data/5/entries/7/entries/6/entries/2/name,Soul Intake,靈魂抽取管道,project-proposed
BGDIA,/data/5/entries/7/entries/7/name,Command Deck Features,指揮層的特徵,project-proposed
BGDIA,/data/5/entries/7/entries/8/name,Command Deck Encounters,指揮層的遭遇,project-proposed
BGDIA,/data/5/entries/7/entries/8/entries/2/name,W1. Bridge,W1. 艦橋,project-proposed
BGDIA,/data/5/entries/7/entries/8/entries/2/entries/3/name,Development,發展,project-proposed
BGDIA,/data/5/entries/7/entries/8/entries/3/name,W2. Alarm Console,W2. 警報控制室,project-proposed
BGDIA,/data/5/entries/7/entries/8/entries/4/name,W3. Damaged Machinery,W3. 損壞的機械,project-proposed
BGDIA,/data/5/entries/7/entries/8/entries/5/name,W4. Records Room,W4. 檔案室,project-proposed
BGDIA,/data/5/entries/7/entries/8/entries/5/entries/4/name,Bite,啃咬,existing-site
BGDIA,/data/5/entries/7/entries/8/entries/5/entries/5/name,Machinery,機械,project-proposed
BGDIA,/data/5/entries/7/entries/8/entries/6/name,W5. Adamantine Rods,W5. 精金法杖,project-proposed
BGDIA,/data/5/entries/7/entries/8/entries/6/entries/5/name,Dead Devil,死去的魔鬼,project-proposed
BGDIA,/data/5/entries/7/entries/8/entries/7/name,W6. Black Bell,W6. 黑鍾,project-proposed
BGDIA,/data/5/entries/7/entries/8/entries/8/name,W7. Stirge Nest,W7. 蚊蝠巢穴,project-proposed
BGDIA,/data/5/entries/7/entries/8/entries/9/name,W8. Signal Desks,W8. 資訊中心,project-proposed
BGDIA,/data/5/entries/7/entries/8/entries/10/name,Development,發展,project-proposed
BGDIA,/data/5/entries/7/entries/8/entries/11/name,Returning the Rods to Bel,把精金權杖還給貝爾,project-proposed
BGDIA,/data/6/name,Chapter 3: Avernus - Other Locations,第3章：阿弗納斯 - 其他地點,project-proposed
BGDIA,/data/6/entries/7/name,Stygian Dock,斯泰吉亞碼頭,project-proposed
BGDIA,/data/6/entries/7/entries/9/name,Dealing with Bazelsteen,和巴澤勒斯滕做交易,project-proposed
BGDIA,/data/6/entries/7/entries/9/entries/1/name,Test Run 221,試執行 221,project-proposed
BGDIA,/data/6/entries/7/entries/9/entries/2/name,Demon Attack,惡魔襲擊,project-proposed
BGDIA,/data/6/entries/8/name,Styx Watchtowers,冥河瞭望塔,project-proposed
BGDIA,/data/6/entries/8/entries/3/name,Watchtower Features,瞭望塔特點,project-proposed
BGDIA,/data/6/entries/8/entries/4/name,Watchtower Locations,瞭望塔地區,project-proposed
BGDIA,/data/6/entries/8/entries/4/entries/1/name,T1. Ground Floor,T1. 一樓,project-proposed
BGDIA,/data/6/entries/8/entries/4/entries/2/name,T2. Second Floor,T2. 二樓,project-proposed
BGDIA,/data/6/entries/8/entries/4/entries/3/name,T3. Roof,T3. 屋頂,project-proposed
BGDIA,/data/6/entries/9/name,Sundered Chains,破碎鎖鏈,project-proposed
BGDIA,/data/6/entries/9/entries/6/name,Infernal Pilgrim,煉獄聖地,project-proposed
BGDIA,/data/6/entries/10/name,The Wandering Emporium,流浪商城,project-proposed
BGDIA,/data/6/entries/10/entries/4/name,Story Hooks,故事動機,project-proposed
BGDIA,/data/6/entries/10/entries/5/name,"Mahadi, Emporium Master",商城之主馬哈迪,project-proposed
BGDIA,/data/6/entries/10/entries/5/entries/4/name,Roleplaying Mahadi,扮演馬哈迪,project-proposed
BGDIA,/data/6/entries/10/entries/5/entries/5/name,Mahadi's Deals,馬哈迪的交易,project-proposed
BGDIA,/data/6/entries/10/entries/5/entries/6/name,Mahadi and Zariel,馬哈迪與扎瑞爾,project-proposed
BGDIA,/data/6/entries/10/entries/5/entries/7/name,Mahadi and Lulu,馬哈迪與露露,project-proposed
BGDIA,/data/6/entries/10/entries/6/name,Approaching the Wandering Emporium,接近流浪商城,project-proposed
BGDIA,/data/6/entries/10/entries/7/name,Wandering Emporium Businesses,流浪商城的商店,project-proposed
BGDIA,/data/6/entries/10/entries/7/entries/1/name,Infernal Rapture,地獄極樂,project-proposed
BGDIA,/data/6/entries/10/entries/7/entries/1/entries/5/name,Dining Services,餐飲服務,project-proposed
BGDIA,/data/6/entries/10/entries/7/entries/1/entries/6/name,Spa Services,水療服務,project-proposed
BGDIA,/data/6/entries/10/entries/7/entries/2/name,Firesnake Forge,火蛇鍛爐,project-proposed
BGDIA,/data/6/entries/10/entries/7/entries/2/entries/2/name,Weapons and Armor,武器和護甲,project-proposed
BGDIA,/data/6/entries/10/entries/7/entries/2/entries/3/name,Infernal War Machine Repair,地獄戰爭機器修理,project-proposed
BGDIA,/data/6/entries/10/entries/7/entries/3/name,Burney the Barber,理髮師布妮,existing-site
BGDIA,/data/6/entries/10/entries/7/entries/3/entries/5/name,Barber Pricing,理髮價格,project-proposed
BGDIA,/data/6/entries/10/entries/7/entries/4/name,From Here to Avernus,從這裡到阿弗納斯,project-proposed
BGDIA,/data/6/entries/10/entries/7/entries/4/entries/2/name,Delivery Pricing,運輸費,project-proposed
BGDIA,/data/6/entries/10/entries/7/entries/4/entries/3/name,Notary Pricing,公證費,project-proposed
BGDIA,/data/6/entries/10/entries/7/entries/5/name,Ichor's Aweigh!,新鮮穢液！,project-proposed
BGDIA,/data/6/entries/10/entries/7/entries/5/entries/3/name,Demon Ichor Prices,惡魔穢液價格,project-proposed
BGDIA,/data/6/entries/10/entries/7/entries/6/name,Z'neth's Larva Farm,澤尼斯的幼蟲魔牧場,project-proposed
BGDIA,/data/6/entries/10/entries/7/entries/6/entries/3/name,Larvae,幼蟲魔們,existing-site
BGDIA,/data/6/entries/11/name,Zariel's Flying Fortress,扎瑞爾的飛行堡壘,project-proposed
BGDIA,/data/6/entries/11/entries/3/name,Infiltrating the Fortress,入侵堡壘,project-proposed
BGDIA,/data/6/entries/11/entries/3/entries/1/name,Rooftop Hatch,屋頂艙口,project-proposed
BGDIA,/data/6/entries/11/entries/3/entries/2/name,Signal Vents,訊號口,project-proposed
BGDIA,/data/6/entries/11/entries/3/entries/3/name,Soul Intake Pipe,靈魂抽取管道,project-proposed
BGDIA,/data/6/entries/11/entries/4/name,Moving the Fortress,開動堡壘,project-proposed
BGDIA,/data/6/entries/11/entries/5/name,Sabotaging the Fortress,破壞堡壘,project-proposed
BGDIA,/data/6/entries/11/entries/6/name,Stowing Away,偷渡,project-proposed
BGDIA,/data/6/entries/11/entries/7/name,Poor Devil: Thavius Kreeg,可憐的魔鬼：塔維斯·克雷格,project-proposed
BGDIA,/data/6/entries/11/entries/7/entries/7/name,Symbols and Shackles,符號與枷鎖,project-proposed
BGDIA,/data/6/entries/12/name,Roaming Encounter: Smiler the Defiler,漫遊遭遇：汙化者笑爺,project-proposed
BGDIA,/data/6/entries/12/entries/8/entries/0/name,Treasure,寶藏,existing-site
BGDIA,/data/7/name,Chapter 4: Sword of Zariel,第4章：扎瑞爾之劍,project-proposed
BGDIA,/data/7/entries/3/name,Approaching the Citadel,前往城砦,project-proposed
BGDIA,/data/7/entries/4/name,The Scab,大血痂,project-proposed
BGDIA,/data/7/entries/4/entries/1/name,Entering the Scab,進入血痂,project-proposed
BGDIA,/data/7/entries/4/entries/2/name,Interior Features,內部特徵,project-proposed
BGDIA,/data/7/entries/4/entries/3/name,Scab Locations,血痂的地區,project-proposed
BGDIA,/data/7/entries/4/entries/3/entries/1/name,S1. Oozing Entrance,S1. 黏嗒嗒的入口,project-proposed
BGDIA,/data/7/entries/4/entries/3/entries/2/name,S2. Angelic Window,S2. 天使之窗,project-proposed
BGDIA,/data/7/entries/4/entries/3/entries/3/name,S3. Drowned Hag,S3. 淹死的鬼婆,project-proposed
BGDIA,/data/7/entries/4/entries/3/entries/3/entries/3/name,Treasure,寶藏,existing-site
BGDIA,/data/7/entries/4/entries/3/entries/4/name,S4. Bloody Downpour,S4. 血雨傾盆,project-proposed
BGDIA,/data/7/entries/4/entries/3/entries/5/name,S5. Food Fight,S5. 奪食之戰,project-proposed
BGDIA,/data/7/entries/4/entries/3/entries/5/entries/3/name,Treasure,寶藏,existing-site
BGDIA,/data/7/entries/4/entries/3/entries/6/name,S6. Torture Chamber,S6. 拷問室,project-proposed
BGDIA,/data/7/entries/4/entries/3/entries/6/entries/4/name,Chains,鏈條,project-proposed
BGDIA,/data/7/entries/4/entries/3/entries/6/entries/5/name,Roleplaying Alazub,扮演埃拉札布,project-proposed
BGDIA,/data/7/entries/4/entries/3/entries/7/name,S7. Trantolox's Larder,S7. 川託洛克斯的儲藏室,project-proposed
BGDIA,/data/7/entries/4/entries/3/entries/8/name,S8. Hag's Lair,S8. 鬼婆的巢穴,project-proposed
BGDIA,/data/7/entries/4/entries/3/entries/8/entries/3/name,Treasure,寶藏,existing-site
BGDIA,/data/7/entries/4/entries/3/entries/9/name,S9. Digging Demons,S9. 挖掘中的惡魔們,project-proposed
BGDIA,/data/7/entries/4/entries/3/entries/10/name,S10. Crokek'toeck's Prison,S10. 咔洛咯克托克的監獄,project-proposed
BGDIA,/data/7/entries/4/entries/3/entries/11/name,S11. Statue of Yeenoghu,S11. 耶諾古的雕像,project-proposed
BGDIA,/data/7/entries/4/entries/3/entries/12/name,S12. Trantolox's Chamber,S12. 川託洛克斯的房間,project-proposed
BGDIA,/data/7/entries/4/entries/3/entries/12/entries/3/name,Treasure,寶藏,existing-site
BGDIA,/data/7/entries/4/entries/3/entries/13/name,S13. Cackling Gnolls,S13. 咯咯笑的鬣狗人,project-proposed
BGDIA,/data/7/entries/4/entries/3/entries/14/name,S14. Entrance to the Bleeding Citadel,S14. 湧血城砦的入口,project-proposed
BGDIA,/data/7/entries/4/entries/3/entries/14/entries/4/name,Doors,門,existing-site
BGDIA,/data/7/entries/4/entries/3/entries/14/entries/5/name,Character Advancement,角色升級,existing-site
BGDIA,/data/7/entries/5/name,Entering the Citadel,進入城砦,project-proposed
BGDIA,/data/7/entries/5/entries/9/name,Yael's Ghost,雅埃爾的靈魂,project-proposed
BGDIA,/data/7/entries/6/name,Idyllglen,艾德爾格蘭,project-proposed
BGDIA,/data/7/entries/6/entries/1/name,Idyllglen History,艾德爾格蘭的歷史,project-proposed
BGDIA,/data/7/entries/6/entries/2/name,Idyllglen Features,艾德爾格蘭特徵,project-proposed
BGDIA,/data/7/entries/6/entries/2/entries/1/name,Borders,邊界,existing-site
BGDIA,/data/7/entries/6/entries/2/entries/2/name,Burning Buildings,燃燒的房屋,project-proposed
BGDIA,/data/7/entries/6/entries/2/entries/3/name,Burning Trees,燃燒的樹木,project-proposed
BGDIA,/data/7/entries/6/entries/2/entries/4/name,Townsfolk,鎮民,project-proposed
BGDIA,/data/7/entries/6/entries/2/entries/5/name,Character Death,角色死亡,project-proposed
BGDIA,/data/7/entries/6/entries/3/name,Idyllglen Locations,艾德爾格蘭地區,project-proposed
BGDIA,/data/7/entries/6/entries/3/entries/2/name,I1. Idyll Road,I1. 艾德爾路,project-proposed
BGDIA,/data/7/entries/6/entries/3/entries/3/name,I2. Statue of Zariel,I2. 扎瑞爾的雕像,project-proposed
BGDIA,/data/7/entries/6/entries/3/entries/4/name,I3. Temple of Lathander,I3. 洛山達的神殿,project-proposed
BGDIA,/data/7/entries/6/entries/3/entries/4/entries/5/name,Roleplaying Jhessa Brightstar,扮演傑莎·明星,project-proposed
BGDIA,/data/7/entries/6/entries/4/name,Idyllglen Events,艾德爾格蘭事件,project-proposed
BGDIA,/data/7/entries/6/entries/4/entries/1/name,Event 1. Characters' Arrival,事件1. 角色到達,project-proposed
BGDIA,/data/7/entries/6/entries/4/entries/1/entries/3/name,Gnolls,鬣狗人,existing-site
BGDIA,/data/7/entries/6/entries/4/entries/1/entries/4/name,Cart and Dretches,貨車與怯魔們,project-proposed
BGDIA,/data/7/entries/6/entries/4/entries/1/entries/5/name,Giant Hyena and Mastiff,巨鬣狗與獒犬,project-proposed
BGDIA,/data/7/entries/6/entries/4/entries/1/entries/6/name,Hezrou,狂蟾魔,existing-site
BGDIA,/data/7/entries/6/entries/4/entries/1/entries/7/name,Next Event,下一個事件,project-proposed
BGDIA,/data/7/entries/6/entries/4/entries/2/name,Event 2. Yeenoghu's Champion,事件2. 耶諾古的鬥士,project-proposed
BGDIA,/data/7/entries/6/entries/4/entries/2/entries/3/name,Next Event,下一個事件,project-proposed
BGDIA,/data/7/entries/6/entries/4/entries/3/name,Event 3. Madness Reigns,事件3. 瘋狂渴權,project-proposed
BGDIA,/data/7/entries/6/entries/4/entries/3/entries/5/name,Next Event,下一個事件,project-proposed
BGDIA,/data/7/entries/6/entries/4/entries/4/name,Event 4. Unsettling Calm,事件4. 大戰前的短暫和平,project-proposed
BGDIA,/data/7/entries/6/entries/4/entries/4/entries/3/name,Next Event,下一個事件,project-proposed
BGDIA,/data/7/entries/6/entries/4/entries/5/name,Event 5. Renewed Assault,事件5. 新一輪進攻,project-proposed
BGDIA,/data/7/entries/6/entries/4/entries/5/entries/3/name,Next Event,下一個事件,project-proposed
BGDIA,/data/7/entries/6/entries/4/entries/6/name,Event 6. Yeenoghu,事件6. 耶諾古,project-proposed
BGDIA,/data/7/entries/6/entries/4/entries/6/entries/3/name,Next Event,下一個事件,project-proposed
BGDIA,/data/7/entries/6/entries/4/entries/7/name,Event 7. Zariel's Arrival,事件7. 扎瑞爾降臨,project-proposed
BGDIA,/data/7/entries/7/name,Claiming the Sword,執握寶劍,project-proposed
BGDIA,/data/7/entries/7/entries/6/name,Character Advancement,角色升級,existing-site
BGDIA,/data/8/name,Chapter 5: Escape from Avernus,第5章：逃離阿弗納斯,project-proposed
BGDIA,/data/8/entries/5/name,Who Should Rule Avernus?,誰應該統治阿弗納斯？,project-proposed
BGDIA,/data/8/entries/5/entries/1/name,Redeeming Zariel,救贖扎瑞爾,project-proposed
BGDIA,/data/8/entries/5/entries/1/entries/1/name,Presenting the Sword,獻劍,project-proposed
BGDIA,/data/8/entries/5/entries/1/entries/2/name,Zariel's Redemption,扎瑞爾的救贖,project-proposed
BGDIA,/data/8/entries/5/entries/2/name,Zariel's Wrath,扎瑞爾的憤怒,project-proposed
BGDIA,/data/8/entries/5/entries/2/entries/3/name,"Baphomet, Kostchtchie, or Yeenoghu",巴弗滅，科斯徹奇或耶諾古,project-proposed
BGDIA,/data/8/entries/5/entries/2/entries/4/name,Bel,貝爾,existing-site
BGDIA,/data/8/entries/5/entries/2/entries/5/name,Gargauth,加葛斯,project-proposed
BGDIA,/data/8/entries/5/entries/2/entries/6/name,Tiamat,提亞馬特,existing-site
BGDIA,/data/8/entries/5/entries/3/name,Serving Zariel,服從扎瑞爾,project-proposed
BGDIA,/data/8/entries/5/entries/3/entries/1/name,Souls are Forfeit,剝奪靈魂,project-proposed
BGDIA,/data/8/entries/5/entries/3/entries/2/name,Zariel's Sword is Destroyed,扎瑞爾之劍被摧毀,project-proposed
BGDIA,/data/8/entries/5/entries/3/entries/3/name,Lulu Falls,露露墮落,project-proposed
BGDIA,/data/8/entries/5/entries/4/name,Ruling Avernus,統治阿弗納斯,project-proposed
BGDIA,/data/8/entries/6/name,Will Elturel Be Saved?,艾爾托瑞爾會得救嗎？,project-proposed
BGDIA,/data/8/entries/6/entries/2/name,Forging the Blade of Avernus,鑄造阿弗納斯之刃,project-proposed
BGDIA,/data/8/entries/6/entries/3/name,Breaking the Chains,打破枷鎖,project-proposed
BGDIA,/data/8/entries/6/entries/3/entries/2/name,Ire of Tiamat,提亞瑪特之怒,project-proposed
BGDIA,/data/8/entries/6/entries/3/entries/3/name,Jaws of Crokek'toeck,咔洛咯克托克之頜,project-proposed
BGDIA,/data/8/entries/6/entries/4/name,Breaking the Contract,打破契約,project-proposed
BGDIA,/data/8/entries/6/entries/4/entries/3/name,The Fate of Thavius Kreeg,塔維斯·克雷格的命運,project-proposed
BGDIA,/data/8/entries/6/entries/4/entries/3/entries/1/name,Killing Thavius,殺死塔維斯,project-proposed
BGDIA,/data/8/entries/6/entries/4/entries/3/entries/2/name,Mercy for the Fallen,憐憫墮落之人,project-proposed
BGDIA,/data/8/entries/6/entries/5/name,The Ultimate Sacrifice,終極犧牲,project-proposed
BGDIA,/data/8/entries/6/entries/5/entries/4/name,Relinquishing the Sword,放棄聖劍,project-proposed
BGDIA,/data/8/entries/6/entries/6/name,Making a Deal with Zariel,和扎瑞爾做交易,project-proposed
BGDIA,/data/8/entries/6/entries/6/entries/1/name,To Destroy a Demon Lord,消滅惡魔領主,project-proposed
BGDIA,/data/8/entries/6/entries/6/entries/2/name,Shield of the Hidden Lord,隱藏領主的盾牌,existing-site
BGDIA,/data/8/entries/6/entries/7/name,Dealing with the Companion,處理伴陽,project-proposed
BGDIA,/data/8/entries/6/entries/7/entries/2/name,Unlocking the Companion,解鎖伴陽,project-proposed
BGDIA,/data/8/entries/6/entries/7/entries/3/name,Shattering the Companion,粉碎伴陽,project-proposed
BGDIA,/data/8/entries/6/entries/7/entries/4/name,The Planetar's Power,異界神侍的力量,project-proposed
BGDIA,/data/8/entries/7/name,Endgame in Elturel,艾爾托瑞爾的終局,project-proposed
BGDIA,/data/8/entries/7/entries/2/name,Event 1: River's Edge,事件1：河邊,project-proposed
BGDIA,/data/8/entries/7/entries/3/name,Event 2: Field of Flames,事件2: 火焰之地,project-proposed
BGDIA,/data/8/entries/7/entries/3/entries/6/entries/0/name,Treasure,寶藏,existing-site
BGDIA,/data/8/entries/7/entries/4/name,Event 3: Showdown with Zariel,事件3: 決戰扎瑞爾,project-proposed
BGDIA,/data/9/name,Baldur's Gate Gazetteer,博德之門地理志,project-proposed
BGDIA,/data/9/entries/4/name,History of Baldur's Gate,博德之門的歷史,project-proposed
BGDIA,/data/9/entries/4/entries/1/name,Founding Baldur's Gate,建立博德之門,project-proposed
BGDIA,/data/9/entries/4/entries/2/name,Order in Baldur's Gate,博德之門的秩序,project-proposed
BGDIA,/data/9/entries/4/entries/3/name,Bhaalspawn,巴爾之子,project-proposed
BGDIA,/data/9/entries/5/name,Baldur's Gate Today,現今的博德之門,project-proposed
BGDIA,/data/9/entries/5/entries/8/name,Baldur's Gate and Its Coat of Arms,博德之門及其紋章,project-proposed
BGDIA,/data/9/entries/5/entries/10/name,"Neighbors, Rivals, and Allies",鄰居、對手和盟友,project-proposed
BGDIA,/data/9/entries/5/entries/10/entries/3/name,Candlekeep,燭堡,project-proposed
BGDIA,/data/9/entries/5/entries/10/entries/4/name,Elturel,艾爾托瑞爾,project-proposed
BGDIA,/data/9/entries/5/entries/10/entries/5/name,Port Nyanzaru,南扎路港,project-proposed
BGDIA,/data/9/entries/6/name,Government,政治,project-proposed
BGDIA,/data/9/entries/6/entries/2/name,Council of Four,四人議會,project-proposed
BGDIA,/data/9/entries/6/entries/2/entries/1/name,Grand Duke Ulder Ravengard,烏爾德·瑞文嘉德大公爵,project-proposed
BGDIA,/data/9/entries/6/entries/2/entries/2/name,Duke Belynne Stelmane,貝萊恩·斯特梅公爵,project-proposed
BGDIA,/data/9/entries/6/entries/2/entries/3/name,Duke Dillard Portyr,迪拉德·波特爾公爵,project-proposed
BGDIA,/data/9/entries/6/entries/2/entries/4/name,Duke Thalamra Vanthampur,薩納姆娜·范薩普爾公爵,existing-site
BGDIA,/data/9/entries/6/entries/3/name,Military,軍用,existing-site
BGDIA,/data/9/entries/6/entries/3/entries/1/name,The Flaming Fist,焰拳,project-proposed
BGDIA,/data/9/entries/6/entries/3/entries/2/name,The Watch,守望者,project-proposed
BGDIA,/data/9/entries/6/entries/4/name,Guard Reactions,守衛反應,project-proposed
BGDIA,/data/9/entries/6/entries/5/name,Law and Order,律法與秩序,project-proposed
BGDIA,/data/9/entries/7/name,Citizenry,市民,project-proposed
BGDIA,/data/9/entries/7/entries/2/name,Commoners and Crews,平民和船員,project-proposed
BGDIA,/data/9/entries/7/entries/2/entries/5/name,Noteworthy Laws,值得注意的法律,project-proposed
BGDIA,/data/9/entries/7/entries/2/entries/5/entries/1/name,Foreign Agents,外國代理人,project-proposed
BGDIA,/data/9/entries/7/entries/2/entries/5/entries/2/name,Livestock Restriction,牲畜限制,project-proposed
BGDIA,/data/9/entries/7/entries/3/name,Patriars,族長,project-proposed
BGDIA,/data/9/entries/7/entries/3/entries/8/name,Prominent Patriar Families,著名族長家族,project-proposed
BGDIA,/data/9/entries/8/name,Economy and Trade,經濟與貿易,project-proposed
BGDIA,/data/9/entries/8/entries/4/name,Professional Guilds,專業行會,project-proposed
BGDIA,/data/9/entries/9/name,Religion,宗教,existing-site
BGDIA,/data/9/entries/9/entries/3/name,Dead Three,死亡三神,project-proposed
BGDIA,/data/9/entries/9/entries/4/name,Gond,貢德,existing-site
BGDIA,/data/9/entries/9/entries/5/name,Helm,海姆,existing-site
BGDIA,/data/9/entries/9/entries/6/name,Ilmater,伊爾梅特,existing-site
BGDIA,/data/9/entries/9/entries/7/name,Oghma,歐格瑪,existing-site
BGDIA,/data/9/entries/9/entries/8/name,Siamorphe,賽雅茉芙,project-proposed
BGDIA,/data/9/entries/9/entries/9/name,Tymora,泰摩拉,existing-site
BGDIA,/data/9/entries/9/entries/10/name,Umberlee,安博裡,existing-site
BGDIA,/data/9/entries/10/name,Dangers in Baldur's Gate,博德之門的危險,project-proposed
BGDIA,/data/9/entries/10/entries/1/name,The Guild,公會,project-proposed
BGDIA,/data/9/entries/10/entries/1/entries/8/name,Nine-Fingers Keene,九指基恩,existing-site
BGDIA,/data/9/entries/10/entries/2/name,The Dead Three,死亡三神,project-proposed
BGDIA,/data/9/entries/10/entries/2/entries/6/name,Prominent Guild Kingpins,顯赫的行會頭目,project-proposed
BGDIA,/data/9/entries/10/entries/2/entries/6/entries/1/name,Goblin Behnie,地精貝尼,project-proposed
BGDIA,/data/9/entries/10/entries/2/entries/6/entries/2/name,Straightstick,直棍,project-proposed
BGDIA,/data/9/entries/10/entries/2/entries/6/entries/3/name,The Whiskey Lady,威士忌女士,project-proposed
BGDIA,/data/9/entries/10/entries/3/name,Murder,謀殺,project-proposed
BGDIA,/data/9/entries/11/name,City Landmarks,城市地標,project-proposed
BGDIA,/data/9/entries/11/entries/2/name,The Gates,城門,project-proposed
BGDIA,/data/9/entries/11/entries/3/name,Gray Harbor,灰港,project-proposed
BGDIA,/data/9/entries/11/entries/4/name,Dusthawk Hill,塵鷹山,project-proposed
BGDIA,/data/9/entries/12/name,Upper City,上城區,project-proposed
BGDIA,/data/9/entries/12/entries/9/name,Gates,大門,project-proposed
BGDIA,/data/9/entries/12/entries/10/name,Neighborhoods,社群,project-proposed
BGDIA,/data/9/entries/12/entries/11/name,The Old Wall,老城牆,project-proposed
BGDIA,/data/9/entries/12/entries/11/entries/3/name,Green Lights in the Fog,霧中的綠光,project-proposed
BGDIA,/data/9/entries/12/entries/11/entries/3/entries/1/name,Fog,霧,existing-site
BGDIA,/data/9/entries/12/entries/11/entries/3/entries/2/name,Green Lights,綠光,project-proposed
BGDIA,/data/9/entries/12/entries/12/name,Patriar Manors,族長莊園,project-proposed
BGDIA,/data/9/entries/12/entries/13/name,Upper City Gazetteer,上城區地名詞典,project-proposed
BGDIA,/data/9/entries/12/entries/13/entries/1/name,Bormul House,博姆爾莊園,project-proposed
BGDIA,/data/9/entries/12/entries/13/entries/2/name,Distant Shores,遠岸,project-proposed
BGDIA,/data/9/entries/12/entries/13/entries/3/name,Eomane House,艾奧梅恩宅邸,project-proposed
BGDIA,/data/9/entries/12/entries/13/entries/4/name,Hall of Wonders,奇蹟之廳,project-proposed
BGDIA,/data/9/entries/12/entries/13/entries/5/name,Harbreeze Bakery,港風麵包坊,project-proposed
BGDIA,/data/9/entries/12/entries/13/entries/6/name,Helm and Cloak,頭盔與斗篷,project-proposed
BGDIA,/data/9/entries/12/entries/13/entries/7/name,High Hall,至高大廳,project-proposed
BGDIA,/data/9/entries/12/entries/13/entries/8/name,High House of Wonders,奇蹟高殿,project-proposed
BGDIA,/data/9/entries/12/entries/13/entries/9/name,Hhune House,休恩莊園,project-proposed
BGDIA,/data/9/entries/12/entries/13/entries/10/name,Lady's Hall,女士大廳,project-proposed
BGDIA,/data/9/entries/12/entries/13/entries/11/name,Ramazith's Tower,拉馬齊斯之塔,project-proposed
BGDIA,/data/9/entries/12/entries/13/entries/12/name,Rillyn House,裡林莊園,project-proposed
BGDIA,/data/9/entries/12/entries/13/entries/13/name,Three Old Kegs,三個老桶,project-proposed
BGDIA,/data/9/entries/12/entries/13/entries/14/name,The Undercellar,地下室,project-proposed
BGDIA,/data/9/entries/12/entries/13/entries/15/name,Unrolling Scroll,展開的卷軸,project-proposed
BGDIA,/data/9/entries/12/entries/13/entries/16/name,Vanthampur Villa,范薩普爾別墅,project-proposed
BGDIA,/data/9/entries/12/entries/13/entries/17/name,Watch Citadel,守望堡壘,project-proposed
BGDIA,/data/9/entries/12/entries/13/entries/18/name,Watchful Shield,警惕之盾,project-proposed
BGDIA,/data/9/entries/12/entries/13/entries/19/name,The Wide,廣闊之地,project-proposed
BGDIA,/data/9/entries/12/entries/13/entries/19/entries/3/name,Statue of Minsc and Boo,米斯和布的雕像,project-proposed
BGDIA,/data/9/entries/13/name,Lower City,下城區,project-proposed
BGDIA,/data/9/entries/13/entries/2/name,Gates,大門,project-proposed
BGDIA,/data/9/entries/13/entries/3/name,Neighborhoods,社群,project-proposed
BGDIA,/data/9/entries/13/entries/4/name,Crew Territories,團隊領地,project-proposed
BGDIA,/data/9/entries/13/entries/5/name,Lower City Gazetteer,下城區地理志,project-proposed
BGDIA,/data/9/entries/13/entries/5/entries/1/name,Baldur's Mouth,巴爾德爾之口,project-proposed
BGDIA,/data/9/entries/13/entries/5/entries/2/name,Blade and Stars,刀鋒與星辰,project-proposed
BGDIA,/data/9/entries/13/entries/5/entries/3/name,Blushing Mermaid,臉紅的美人魚,project-proposed
BGDIA,/data/9/entries/13/entries/5/entries/4/name,Candulhallow's Funeral Arrangements,坎杜洛霍洛的葬禮安排,project-proposed
BGDIA,/data/9/entries/13/entries/5/entries/5/name,Counting House,會計所,project-proposed
BGDIA,/data/9/entries/13/entries/5/entries/6/name,Eastway Expeditions,東道探險隊,project-proposed
BGDIA,/data/9/entries/13/entries/5/entries/7/name,Elfsong Tavern,精靈之歌酒館,project-proposed
BGDIA,/data/9/entries/13/entries/5/entries/8/name,Felogyr's Fireworks,費洛吉爾的焰火,project-proposed
BGDIA,/data/9/entries/13/entries/5/entries/9/name,Garmult's House of Mastery,加穆爾特武藝館,project-proposed
BGDIA,/data/9/entries/13/entries/5/entries/10/name,Harborside Hospital,海濱醫院,project-proposed
BGDIA,/data/9/entries/13/entries/5/entries/11/name,Hissing Stones,嘶嘶石,project-proposed
BGDIA,/data/9/entries/13/entries/5/entries/12/name,Insight Park,洞察公園,project-proposed
BGDIA,/data/9/entries/13/entries/5/entries/13/name,Jopalin's,喬帕林的,project-proposed
BGDIA,/data/9/entries/13/entries/5/entries/14/name,Low Lantern,矮提燈,project-proposed
BGDIA,/data/9/entries/13/entries/5/entries/15/name,Mandorcai's Mansion,曼多卡伊的大廈,project-proposed
BGDIA,/data/9/entries/13/entries/5/entries/16/name,Seatower of Balduran,巴爾杜蘭的海塔,project-proposed
BGDIA,/data/9/entries/13/entries/5/entries/17/name,Seskergates,塞斯克爾門,project-proposed
BGDIA,/data/9/entries/13/entries/5/entries/18/name,Sewer Keep,下水道守衛,project-proposed
BGDIA,/data/9/entries/13/entries/5/entries/19/name,Shrine of the Suffering,苦難聖殿,project-proposed
BGDIA,/data/9/entries/13/entries/5/entries/20/name,Smilin' Boar,微笑野豬,project-proposed
BGDIA,/data/9/entries/13/entries/5/entries/21/name,Sorcerous Sundries,魔法雜貨,project-proposed
BGDIA,/data/9/entries/13/entries/5/entries/22/name,Water Queen's House,水之女王之屋,project-proposed
BGDIA,/data/9/entries/14/name,Outer City,外城區,project-proposed
BGDIA,/data/9/entries/14/entries/3/name,Approaching the City,接近城市,project-proposed
BGDIA,/data/9/entries/14/entries/4/name,Neighborhoods,社群,project-proposed
BGDIA,/data/9/entries/14/entries/5/name,Outer City Gazetteer,外城公報,project-proposed
BGDIA,/data/9/entries/14/entries/5/entries/5/name,Balduran Looks Out to Sea,巴爾杜蘭望向大海,project-proposed
BGDIA,/data/9/entries/14/entries/5/entries/6/name,Cliffside Cemetery,懸崖墓地,project-proposed
BGDIA,/data/9/entries/14/entries/5/entries/7/name,Church of Last Hope,最後的希望教堂,project-proposed
BGDIA,/data/9/entries/14/entries/5/entries/8/name,Danthelon's Dancing Axe,丹瑟隆的跳舞斧,project-proposed
BGDIA,/data/9/entries/14/entries/5/entries/9/name,Garynmor Stables and Menagerie,加里姆諾馬廄和動物園,project-proposed
BGDIA,/data/9/entries/14/entries/5/entries/10/name,Hamhocks Slaughterhouse,火腿屠場,project-proposed
BGDIA,/data/9/entries/14/entries/5/entries/11/name,Little Calimshan,小卡利姆沙,project-proposed
BGDIA,/data/9/entries/14/entries/5/entries/12/name,Oasis Theater,綠洲劇院,project-proposed
BGDIA,/data/9/entries/14/entries/5/entries/13/name,Riverveins,瑞弗文,project-proposed
BGDIA,/data/9/entries/14/entries/5/entries/14/name,Whitkeep Hostel,惠特堡旅舍,project-proposed
BGDIA,/data/9/entries/14/entries/5/entries/15/name,Wyrm's Crossing,飛龍渡,project-proposed
BGDIA,/data/9/entries/14/entries/5/entries/16/name,Wyrm's Rock,龍之巖,project-proposed
BGDIA,/data/9/entries/15/name,Beyond Baldur's Gate,博德之門外,project-proposed
BGDIA,/data/9/entries/16/name,Baldur's Gate Character Backgrounds,博德之門角色背景,project-proposed
BGDIA,/data/9/entries/17/name,Dark Secrets,黑暗秘密,project-proposed
BGDIA,/data/9/entries/17/entries/3/name,Conspiracy in Baldur's Gate,博德之門的陰謀,project-proposed
BGDIA,/data/9/entries/17/entries/3/entries/1/name,Conspiracy Details,陰謀細節,project-proposed
BGDIA,/data/9/entries/17/entries/3/entries/2/name,Roles in the Conspiracy,陰謀中的角色,project-proposed
BGDIA,/data/9/entries/17/entries/3/entries/3/name,Conspiracy Consequences,陰謀後果,project-proposed
BGDIA,/data/9/entries/17/entries/4/name,Murder in Baldur's Gate,博德之門的謀殺案,project-proposed
BGDIA,/data/9/entries/17/entries/4/entries/1/name,Murder Details,謀殺細節,project-proposed
BGDIA,/data/9/entries/17/entries/4/entries/2/name,Roles in the Murder,謀殺中的角色,project-proposed
BGDIA,/data/9/entries/17/entries/4/entries/3/name,Murder Consequences,謀殺後果,project-proposed
BGDIA,/data/9/entries/17/entries/5/name,Theft in Baldur's Gate,博德之門的盜竊案,project-proposed
BGDIA,/data/9/entries/17/entries/5/entries/1/name,Theft Details,盜竊細節,project-proposed
BGDIA,/data/9/entries/17/entries/5/entries/2/name,Roles in the Theft,盜竊中的角色,project-proposed
BGDIA,/data/9/entries/17/entries/5/entries/3/name,Theft Consequences,盜竊後果,project-proposed
BGDIA,/data/9/entries/17/entries/6/name,Failed Coup in Baldur's Gate,博德之門的未遂政變,project-proposed
BGDIA,/data/9/entries/17/entries/6/entries/1/name,Failed Coup Details,未遂政變詳情,project-proposed
BGDIA,/data/9/entries/17/entries/6/entries/2/name,Roles in the Failed Coup,未遂政變中的角色,project-proposed
BGDIA,/data/9/entries/17/entries/6/entries/3/name,Failed Coup Consequences,政變失敗的後果,project-proposed
BGDIA,/data/10/name,Appendix A: Diabolical Deals,附錄A：魔鬼契約,project-proposed
BGDIA,/data/10/entries/4/name,Entering into a Deal,達成協議,project-proposed
BGDIA,/data/10/entries/4/entries/4/name,Infernal Hierarchy,地獄階級,project-proposed
BGDIA,/data/10/entries/5/name,Proposal,提案,project-proposed
BGDIA,/data/10/entries/5/entries/3/name,Ability Checks and Deal-Making,屬性檢定與交易制定,project-proposed
BGDIA,/data/10/entries/6/name,What Devils Want,魔鬼想要什麼,project-proposed
BGDIA,/data/10/entries/6/entries/1/name,Souls,靈魂,project-proposed
BGDIA,/data/10/entries/6/entries/2/name,Services,服務,project-proposed
BGDIA,/data/10/entries/6/entries/3/name,Fealty (Archdevils),效忠（魔鬼大公）,project-proposed
BGDIA,/data/10/entries/7/name,What Devils Offer,魔鬼所提供的,project-proposed
BGDIA,/data/10/entries/7/entries/3/name,Lesser Devils,下級魔鬼,existing-site
BGDIA,/data/10/entries/7/entries/4/name,Greater Devils,上級魔鬼,existing-site
BGDIA,/data/10/entries/7/entries/5/name,Archdevils,魔鬼大公,existing-site
BGDIA,/data/10/entries/8/name,Infernal Contracts,地獄契約,project-proposed
BGDIA,/data/10/entries/8/entries/2/name,Breach of Contract,違背契約,project-proposed
BGDIA,/data/10/entries/8/entries/3/name,Voiding a Contract,使契約失效,project-proposed
BGDIA,/data/10/entries/8/entries/4/name,Contract Forms,契約形式,project-proposed
BGDIA,/data/10/entries/8/entries/4/entries/2/name,Baby Dolls,洋娃娃,project-proposed
BGDIA,/data/10/entries/8/entries/4/entries/3/name,Damned Wretch,下地獄的可憐蟲,project-proposed
BGDIA,/data/10/entries/8/entries/4/entries/4/name,Infernal Scroll,地獄卷軸,project-proposed
BGDIA,/data/10/entries/8/entries/4/entries/5/name,Lemure Kiss,劣魔之吻,project-proposed
BGDIA,/data/10/entries/8/entries/4/entries/6/name,Song of the Devil,魔鬼之歌,project-proposed
BGDIA,/data/10/entries/8/entries/4/entries/7/name,Written in Stone,以石為墨,project-proposed
BGDIA,/data/10/entries/9/name,Archdevil Charms,魔鬼大公的護咒,project-proposed
BGDIA,/data/11/name,Appendix B: Infernal War Machines,附錄B：地獄戰爭機器,project-proposed
BGDIA,/data/11/entries/3/name,Stat Blocks,資料卡,project-proposed
BGDIA,/data/11/entries/3/entries/1/name,Creature and Cargo Capacity,乘員數量和載貨量,project-proposed
BGDIA,/data/11/entries/3/entries/2/name,Armor Class,護甲等級,existing-site
BGDIA,/data/11/entries/3/entries/3/name,Ability Scores,屬性值,existing-site
BGDIA,/data/11/entries/3/entries/4/name,Hit Points,生命值,existing-site
BGDIA,/data/11/entries/3/entries/4/entries/1/name,Damage Threshold,傷害閾值,existing-site
BGDIA,/data/11/entries/3/entries/4/entries/2/name,Mishap Threshold,厄運閥值,project-proposed
BGDIA,/data/11/entries/3/entries/5/name,Actions Stations and Crew,操作檯和操作人員,project-proposed
BGDIA,/data/11/entries/4/name,Rules,規則,project-proposed
BGDIA,/data/11/entries/4/entries/1/name,Magical Elements,魔法要素,project-proposed
BGDIA,/data/11/entries/4/entries/2/name,Opportunity Attacks,藉機攻擊,project-proposed
BGDIA,/data/11/entries/4/entries/3/name,Action Stations,操作檯,project-proposed
BGDIA,/data/11/entries/4/entries/3/entries/2/name,Helm,海姆,existing-site
BGDIA,/data/11/entries/4/entries/3/entries/2/entries/2/name,Drive,駕駛,project-proposed
BGDIA,/data/11/entries/4/entries/3/entries/2/entries/3/name,Bonus Actions,附贈動作,existing-site
BGDIA,/data/11/entries/4/entries/3/entries/3/name,Weapon Stations,武器操作檯,project-proposed
BGDIA,/data/11/entries/4/entries/4/name,Soul Fuel,靈魂燃料,project-proposed
BGDIA,/data/11/entries/4/entries/5/name,Demon Ichor Boost,惡魔穢液提速,project-proposed
BGDIA,/data/11/entries/4/entries/7/name,Mishaps,厄運,project-proposed
BGDIA,/data/11/entries/4/entries/8/name,Vehicular Exhaustion,車輛損壞,project-proposed
BGDIA,/data/11/entries/4/entries/9/name,Repairs,維修,project-proposed
BGDIA,/data/11/entries/4/entries/9/entries/3/name,End a Mishap,結束厄運,project-proposed
BGDIA,/data/11/entries/4/entries/9/entries/4/name,Remove Exhaustion,移除力竭,project-proposed
BGDIA,/data/11/entries/4/entries/9/entries/5/name,Restore Hit Points,回覆生命,project-proposed
BGDIA,/data/11/entries/4/entries/10/name,Crashing,撞擊,existing-site
BGDIA,/data/11/entries/4/entries/10/entries/2/name,Crashing into Creatures,撞擊生物,project-proposed
BGDIA,/data/11/entries/4/entries/11/name,Falling,墜落,existing-site
BGDIA,/data/11/entries/5/name,Fiendish Variations,惡魔變體,project-proposed
BGDIA,/data/11/entries/5/entries/1/name,Alternative Weapon Stations,可選武器,project-proposed
BGDIA,/data/11/entries/5/entries/2/name,Armor Upgrades,裝甲升級,project-proposed
BGDIA,/data/11/entries/5/entries/3/name,Magical Gadgets,魔法小工具,project-proposed
BGDIA,/data/11/entries/6/name,Chases on Avernus,阿弗納斯的追逐戰,project-proposed
BGDIA,/data/11/entries/6/entries/2/entries/0/name,Avernus Chase Complications,阿弗納斯追逐複雜情況,project-proposed
BGDIA,/data/12/name,Appendix C: Magic Items,附錄C：魔法物品,project-proposed
BGDIA,/data/13/name,Appendix D: Creatures,附錄D：生物,project-proposed
BGDIA,/data/14/name,Appendix E: Infernal Rapture Menu,附錄E：地獄極樂選單,project-proposed
BGDIA,/data/14/entries/1/name,- Menu -,- 選單 -,project-proposed
BGDIA,/data/14/entries/1/entries/0/name,APPETIZERS,開胃菜,project-proposed
BGDIA,/data/14/entries/1/entries/1/name,MAIN DISHES,主菜,project-proposed
BGDIA,/data/14/entries/1/entries/2/name,DESSERTS,甜點,project-proposed
BGDIA,/data/15/name,Appendix F: Story Concept Art,附錄F：故事概念藝術,project-proposed
BGDIA,/data/16/name,Appendix G: Infernal Script,附錄G：地獄文字,project-proposed
BGDIA,/data/17/name,Credits,製作組,project-proposed
BGDIA,/data/17/entries/0/items/0/name,Story Creators,故事創作者,project-proposed
BGDIA,/data/17/entries/0/items/1/name,Story Consultants,故事顧問,project-proposed
BGDIA,/data/17/entries/0/items/2/name,Writers,作者,project-proposed
BGDIA,/data/17/entries/0/items/3/name,Developers,開發者,project-proposed
BGDIA,/data/17/entries/0/items/4/name,Editors,編輯,project-proposed
BGDIA,/data/17/entries/0/items/5/name,Managing Editor,主管編輯,project-proposed
BGDIA,/data/17/entries/0/items/6/name,Art Director,美術指導,project-proposed
BGDIA,/data/17/entries/0/items/7/name,Graphic Designers,平面設計師,project-proposed
BGDIA,/data/17/entries/0/items/8/name,Concept Art Director,概念藝術總監,project-proposed
BGDIA,/data/17/entries/0/items/9/name,Creative Art Director,創意藝術總監,project-proposed
BGDIA,/data/17/entries/0/items/10/name,Cover Illustrators,封面插圖畫家,project-proposed
BGDIA,/data/17/entries/0/items/11/name,Interior Illustrators,內頁插畫師,project-proposed
BGDIA,/data/17/entries/0/items/12/name,Concept Illustrators,概念插畫師,project-proposed
BGDIA,/data/17/entries/0/items/13/name,Infernal Font Designer,地獄字型設計師,project-proposed
BGDIA,/data/17/entries/0/items/14/name,Interior Cartographers,內部製圖師,project-proposed
BGDIA,/data/17/entries/0/items/15/name,Poster Map Cartographer,海報地圖製圖師,project-proposed
BGDIA,/data/17/entries/0/items/16/name,Producers,製作人,project-proposed
BGDIA,/data/17/entries/0/items/17/name,Product Engineer,產品工程師,project-proposed
BGDIA,/data/17/entries/0/items/18/name,Imaging Technicians,成像技術,project-proposed
BGDIA,/data/17/entries/0/items/19/name,Art Administration,藝術管理,project-proposed
BGDIA,/data/17/entries/0/items/20/name,Prepress Specialist,印前專家,project-proposed
BGDIA,/data/17/entries/0/items/21/name,Franchise & Global Brand Strategy,特許經營與全球品牌戰略,project-proposed
BGDIA,/data/17/entries/0/items/22/name,Director Licensing & Publishing,授權與出版總監,project-proposed
BGDIA,/data/17/entries/0/items/23/name,Licensing Manager,許可管理,project-proposed
BGDIA,/data/17/entries/0/items/24/name,Marketing and Communications,市場營銷和交流,project-proposed
BGDIA,/data/17/entries/0/items/25/name,Brand Manager,品牌經理,project-proposed
BGDIA,/data/17/entries/0/items/26/name,Playtest Coordinator,測試協調員,project-proposed
BGDIA,/data/17/entries/0/items/27/name,The following D&D books provided material and inspiration,以下D&D書籍提供了素材和靈感,project-proposed
BGDIA,/data/17/entries/0/items/29/name,Thanks to Our Playtesters,感謝我們的測試玩家,project-proposed
ToA,/data/0/name,Foreword,前言,project-proposed
ToA,/data/0/entries/1/name,Dramatis Personae,登場人物,project-proposed
ToA,/data/0/entries/2/name,Introduction,簡介,project-proposed
ToA,/data/0/entries/3/name,Story Overview,故事梗概,project-proposed
ToA,/data/0/entries/4/name,Running the Adventure,運作冒險,project-proposed
ToA,/data/0/entries/4/entries/5/name,Abbreviations,縮寫,project-proposed
ToA,/data/0/entries/4/entries/6/name,Adventure Summary,冒險摘要,project-proposed
ToA,/data/0/entries/4/entries/6/entries/4/name,Who Is Acererak?,誰是阿瑟瑞克？,project-proposed
ToA,/data/0/entries/4/entries/7/name,Death Curse,死亡詛咒,existing-site
ToA,/data/0/entries/4/entries/7/entries/3/name,Meat Grinder,肉磨機,project-proposed
ToA,/data/0/entries/4/entries/7/entries/4/name,Soul Devouring,靈魂吞噬,project-proposed
ToA,/data/0/entries/4/entries/7/entries/5/name,Replacement Characters,替代角色,project-proposed
ToA,/data/0/entries/4/entries/7/entries/6/name,Ticking Clock,倒計時,project-proposed
ToA,/data/0/entries/4/entries/8/name,Character Advancement,角色升級,existing-site
ToA,/data/0/entries/4/entries/8/entries/1/name,Suggested Character Levels,建議角色等級,project-proposed
ToA,/data/0/entries/4/entries/9/name,Starting at Higher Levels,從更高等級開始,project-proposed
ToA,/data/0/entries/4/entries/9/entries/1/name,Starting at 5th Level,從5級開始,project-proposed
ToA,/data/0/entries/4/entries/9/entries/2/name,Starting at 9th Level,從9級開始,project-proposed
ToA,/data/0/entries/5/name,Starting the Adventure,開始冒險,project-proposed
ToA,/data/0/entries/5/entries/4/name,Syndra Silvane's Curse,希瓦娜的詛咒,project-proposed
ToA,/data/0/entries/5/entries/4/entries/5/name,Roleplaying Syndra Silvane,扮演辛德拉·西爾瓦尼,project-proposed
ToA,/data/0/entries/5/entries/4/entries/6/name,Treasure,寶藏,existing-site
ToA,/data/0/entries/5/entries/4/entries/7/name,Players' Map of Chult,玩家的楚爾特地圖,project-proposed
ToA,/data/0/entries/5/entries/4/entries/8/name,Teleporting to Chult,傳送到楚爾特,project-proposed
ToA,/data/0/entries/5/entries/5/name,Character Hooks,角色鉤子,project-proposed
ToA,/data/0/entries/5/entries/5/entries/1/name,Character Hooks for Select Backgrounds,針對特定背景的角色鉤子,project-proposed
ToA,/data/0/entries/6/name,Welcome to Chult,歡迎來到楚爾特,project-proposed
ToA,/data/0/entries/6/entries/2/name,Weather,天氣,project-proposed
ToA,/data/0/entries/6/entries/3/name,Races of Chult,楚爾特的種族,project-proposed
ToA,/data/0/entries/6/entries/3/entries/3/name,Chultans,楚爾特人,project-proposed
ToA,/data/0/entries/6/entries/3/entries/3/entries/5/name,Chultan Names,楚爾特名字,project-proposed
ToA,/data/0/entries/6/entries/3/entries/4/name,Aarakocra,鳥羽人,existing-site
ToA,/data/0/entries/6/entries/3/entries/5/name,Batiri (Goblins),巴提裡（地精）,project-proposed
ToA,/data/0/entries/6/entries/3/entries/5/entries/1/name,War Masks,戰爭面具,project-proposed
ToA,/data/0/entries/6/entries/3/entries/5/entries/2/name,Battle Stacks,戰鬥堆疊,project-proposed
ToA,/data/0/entries/6/entries/3/entries/6/name,Dwarves,矮人,existing-site
ToA,/data/0/entries/6/entries/3/entries/7/name,Frost Giants,霜巨人,project-proposed
ToA,/data/0/entries/6/entries/3/entries/8/name,Grungs,格龍蛙人們,existing-site
ToA,/data/0/entries/6/entries/3/entries/9/name,"Pterafolk (""Terror Folk"")","翼手獸（""恐怖族""）",project-proposed
ToA,/data/0/entries/6/entries/3/entries/10/name,Tabaxi,斑貓人,existing-site
ToA,/data/0/entries/6/entries/3/entries/11/name,Undead,亡靈,existing-site
ToA,/data/0/entries/6/entries/3/entries/12/name,Weretigers,虎人,project-proposed
ToA,/data/0/entries/6/entries/3/entries/13/name,Yuan-ti,蛇人,existing-site
ToA,/data/0/entries/6/entries/3/entries/13/entries/3/name,Gods of Chult,楚爾特的神祇,project-proposed
ToA,/data/1/name,Chapter 1: Port Nyanzaru,第1章：南扎路港,project-proposed
ToA,/data/1/entries/6/name,Arrival,抵達,project-proposed
ToA,/data/1/entries/7/name,Side Quests,支線任務,project-proposed
ToA,/data/1/entries/7/entries/2/items/0/name,Collect a Debt,討債,project-proposed
ToA,/data/1/entries/7/entries/2/items/1/name,Create a Distraction at Fort Beluarian,在貝路利安堡製造騷動,project-proposed
ToA,/data/1/entries/7/entries/2/items/2/name,Escort a Priest to Camp Vengeance,護送牧師前往復仇營地,project-proposed
ToA,/data/1/entries/7/entries/2/items/3/name,Explore the Aldani Basin,探索阿爾達尼盆地,project-proposed
ToA,/data/1/entries/7/entries/2/items/4/name,Find Artus Cimber,尋找阿圖斯·辛貝爾,project-proposed
ToA,/data/1/entries/7/entries/2/items/5/name,Help a Dyeing Man,幫助一位垂死之人,project-proposed
ToA,/data/1/entries/7/entries/2/items/6/name,Help the Lords' Alliance,協助領主聯盟,project-proposed
ToA,/data/1/entries/7/entries/2/items/7/name,Hunt Pirates,追獵海盜,project-proposed
ToA,/data/1/entries/7/entries/2/items/8/name,Save an Innocent Man,拯救無辜之人,project-proposed
ToA,/data/1/entries/7/entries/2/items/9/name,Seek Wisdom at Orolunga,在奧羅倫加尋求智慧,project-proposed
ToA,/data/1/entries/8/name,Locations in the City,城市中的地點,project-proposed
ToA,/data/1/entries/8/entries/4/name,Troubleshooting,解決問題,project-proposed
ToA,/data/1/entries/8/entries/6/name,Old City,舊城區,project-proposed
ToA,/data/1/entries/8/entries/6/entries/3/name,1. Beggars' Palaces,1. 乞丐宮殿,project-proposed
ToA,/data/1/entries/8/entries/6/entries/4/name,2. Executioner's Run,2. 劊子手之路,project-proposed
ToA,/data/1/entries/8/entries/6/entries/5/name,3. Refuse Pit,3. 垃圾坑,project-proposed
ToA,/data/1/entries/8/entries/7/name,Merchants' Ward,商人區,project-proposed
ToA,/data/1/entries/8/entries/7/entries/1/name,4. Goldenthrone,4. 金王座,project-proposed
ToA,/data/1/entries/8/entries/7/entries/2/name,5. Merchant Prince's Villa,5. 商王別墅,project-proposed
ToA,/data/1/entries/8/entries/7/entries/3/name,6. Grand Souk,6. 大市集,project-proposed
ToA,/data/1/entries/8/entries/7/entries/4/name,7. Temple of Savras,7. 薩弗拉斯神廟,project-proposed
ToA,/data/1/entries/8/entries/7/entries/5/name,8. Temple of Gond,8. 貢德神廟,project-proposed
ToA,/data/1/entries/8/entries/7/entries/6/name,9. Temple of Sune,9. 蘇恩神廟,project-proposed
ToA,/data/1/entries/8/entries/7/entries/7/name,10. Jewel Market,10. 珠寶市場,project-proposed
ToA,/data/1/entries/8/entries/8/name,Harbor Ward,海港區,project-proposed
ToA,/data/1/entries/8/entries/8/entries/5/name,11. Royal Docks,11. 皇家碼頭,project-proposed
ToA,/data/1/entries/8/entries/8/entries/6/name,12. Statue,12. 雕像,project-proposed
ToA,/data/1/entries/8/entries/8/entries/7/name,13. Harbormaster's Office,13. 港務長辦公室,project-proposed
ToA,/data/1/entries/8/entries/8/entries/8/name,14. Lighthouse,14. 燈塔,project-proposed
ToA,/data/1/entries/8/entries/8/entries/9/name,15. Fort Nyanzaru,15. 尼亞扎魯堡壘,project-proposed
ToA,/data/1/entries/8/entries/8/entries/10/name,16. Warehouse District,16. 倉庫區,project-proposed
ToA,/data/1/entries/8/entries/8/entries/11/name,17. Dry Dock,17. 幹船塢,project-proposed
ToA,/data/1/entries/8/entries/9/name,Market Ward,市場區,project-proposed
ToA,/data/1/entries/8/entries/9/entries/1/name,18. Red Bazaar,18. 紅市集,project-proposed
ToA,/data/1/entries/8/entries/9/entries/1/entries/2/name,Inns,旅館,project-proposed
ToA,/data/1/entries/8/entries/9/entries/2/name,19. Fish Market,19. 魚市場,project-proposed
ToA,/data/1/entries/8/entries/9/entries/3/name,20. Grand Coliseum,20. 大競技場,project-proposed
ToA,/data/1/entries/8/entries/9/entries/4/name,21. Hall of Gold,21. 黃金大廳,project-proposed
ToA,/data/1/entries/8/entries/9/entries/5/name,22. Public Bathhouse,22. 公共浴場,project-proposed
ToA,/data/1/entries/8/entries/9/entries/6/name,23. Dye Works,23. 染色工坊,project-proposed
ToA,/data/1/entries/8/entries/10/name,Malar's Throat,馬拉之喉,project-proposed
ToA,/data/1/entries/8/entries/10/entries/2/name,24. Temple of Tymora,24. 提莫拉神廟,project-proposed
ToA,/data/1/entries/8/entries/11/name,Tiryki Anchorage,提爾基錨地,project-proposed
ToA,/data/1/entries/8/entries/11/entries/2/name,25. Dinosaur Pens,25. 恐龍圍欄,project-proposed
ToA,/data/1/entries/9/name,City Denizens,城市居民,project-proposed
ToA,/data/1/entries/9/entries/1/name,"Volothamp ""Volo"" Geddarm","瓦羅贊普""瓦羅""格達姆",existing-site
ToA,/data/1/entries/9/entries/2/name,Merchant Princes,商王,project-proposed
ToA,/data/1/entries/9/entries/2/entries/3/name,Ekene-Afa,艾珂內-阿法,existing-site
ToA,/data/1/entries/9/entries/2/entries/4/name,Magic Shields and Weapons for Sale,出售魔法盾牌和武器,project-proposed
ToA,/data/1/entries/9/entries/2/entries/5/name,Ifan Talro'a,伊方·塔若阿,existing-site
ToA,/data/1/entries/9/entries/2/entries/5/entries/4/name,Buying Beasts,購買野獸,project-proposed
ToA,/data/1/entries/9/entries/2/entries/6/name,Beasts for Sale,待售的野獸,project-proposed
ToA,/data/1/entries/9/entries/2/entries/7/name,Jessamine,婕薩敏,existing-site
ToA,/data/1/entries/9/entries/2/entries/7/entries/5/name,Jessamine's Curse,婕薩敏的詛咒,project-proposed
ToA,/data/1/entries/9/entries/2/entries/8/name,Jobal,喬巴,existing-site
ToA,/data/1/entries/9/entries/2/entries/8/entries/4/name,Hiring a Guide,僱傭嚮導,project-proposed
ToA,/data/1/entries/9/entries/2/entries/9/name,Kwayothé,克薇歐澤,existing-site
ToA,/data/1/entries/9/entries/2/entries/10/name,Wakanga O'tamu,瓦康嘎·歐塔姆,existing-site
ToA,/data/1/entries/9/entries/2/entries/11/name,Magic Items for Sale,魔法物品出售表,project-proposed
ToA,/data/1/entries/9/entries/2/entries/11/entries/1/name,Wizard's Journal,法師的日誌,project-proposed
ToA,/data/1/entries/9/entries/2/entries/12/name,Zhanthi,絳則,existing-site
ToA,/data/1/entries/10/name,Merchant Prince's Villa,商王別墅,project-proposed
ToA,/data/1/entries/10/entries/5/name,Lower Level,低層,project-proposed
ToA,/data/1/entries/10/entries/5/entries/1/name,1. Entryway,1. 入口,project-proposed
ToA,/data/1/entries/10/entries/5/entries/2/name,2. Sitting Area,2. 休息區,project-proposed
ToA,/data/1/entries/10/entries/5/entries/3/name,3. Grand Hall,3. 大廳,project-proposed
ToA,/data/1/entries/10/entries/5/entries/4/name,4. Guest Rooms,4. 客房,project-proposed
ToA,/data/1/entries/10/entries/5/entries/5/name,5. Garden,5. 花園,project-proposed
ToA,/data/1/entries/10/entries/5/entries/6/name,6. Dining Room,6. 餐廳,project-proposed
ToA,/data/1/entries/10/entries/5/entries/7/name,7. Sauna,7. 桑拿,project-proposed
ToA,/data/1/entries/10/entries/5/entries/8/name,8. Bath,8. 浴室,project-proposed
ToA,/data/1/entries/10/entries/5/entries/9/name,9. Kitchen,9. 廚房,project-proposed
ToA,/data/1/entries/10/entries/6/name,Upper Level,高層,project-proposed
ToA,/data/1/entries/10/entries/6/entries/1/name,10. Library,10. 圖書館,project-proposed
ToA,/data/1/entries/10/entries/6/entries/2/name,11. Family Rooms,11. 家庭房,project-proposed
ToA,/data/1/entries/10/entries/6/entries/3/name,12. Master Suite,12. 主臥,project-proposed
ToA,/data/1/entries/10/entries/6/entries/3/entries/1/name,Treasure,寶藏,existing-site
ToA,/data/1/entries/10/entries/6/entries/4/name,13. Guard Rooms,13. 警衛室,project-proposed
ToA,/data/1/entries/10/entries/6/entries/5/name,14. Laundry Room,14. 洗衣房,project-proposed
ToA,/data/1/entries/10/entries/6/entries/6/name,15. Servants' Quarters,15. 僕人住處,project-proposed
ToA,/data/1/entries/10/entries/6/entries/7/name,16. Rain Traps,16. 雨水收集器,project-proposed
ToA,/data/1/entries/11/name,Factions and Their Representatives,派系及其代表,project-proposed
ToA,/data/1/entries/11/entries/1/name,Laws and Punishments,法律與懲罰,project-proposed
ToA,/data/1/entries/11/entries/2/name,Emerald Enclave,翠綠閒庭,project-proposed
ToA,/data/1/entries/11/entries/3/name,Flaming Fist,焰拳,project-proposed
ToA,/data/1/entries/11/entries/4/name,Harpers,豎琴手聯盟,project-proposed
ToA,/data/1/entries/11/entries/5/name,Lords' Alliance,領主聯盟,project-proposed
ToA,/data/1/entries/11/entries/6/name,Order of the Gauntlet,鐵手套教團,project-proposed
ToA,/data/1/entries/11/entries/7/name,Red Wizards of Thay,泰伊紅袍法師,project-proposed
ToA,/data/1/entries/11/entries/8/name,Ytepka Society,伊特帕卡協會,project-proposed
ToA,/data/1/entries/11/entries/9/name,Zhentarim,散塔林會,project-proposed
ToA,/data/1/entries/12/name,Things to Do,要做的事情,project-proposed
ToA,/data/1/entries/12/entries/2/name,Buying a Special Item,購買特殊物品,project-proposed
ToA,/data/1/entries/12/entries/2/entries/4/name,Canoe,獨木舟,existing-site
ToA,/data/1/entries/12/entries/2/entries/5/name,Insect Repellent,驅蟲劑,project-proposed
ToA,/data/1/entries/12/entries/2/entries/6/name,Rain Catcher,集雨器,existing-site
ToA,/data/1/entries/12/entries/2/entries/7/name,Tej,特吉,existing-site
ToA,/data/1/entries/12/entries/2/entries/8/name,Yklwa,伊庫瓦短矛,existing-site
ToA,/data/1/entries/12/entries/3/name,Dinosaur Racing,恐龍賽跑,project-proposed
ToA,/data/1/entries/12/entries/3/entries/3/name,Betting on Dinosaur Races,在恐龍賽跑上投注,project-proposed
ToA,/data/1/entries/12/entries/3/entries/4/name,Racing Dinosaurs,賽跑恐龍,project-proposed
ToA,/data/1/entries/12/entries/3/entries/5/name,Betting,下注,project-proposed
ToA,/data/1/entries/12/entries/3/entries/6/name,Racing,賽跑,project-proposed
ToA,/data/1/entries/12/entries/4/name,Finding a Guide,尋找嚮導,project-proposed
ToA,/data/1/entries/12/entries/4/entries/4/name,Guides as Party Members,嚮導作為隊伍成員,project-proposed
ToA,/data/1/entries/12/entries/4/entries/5/name,Azaka Stormfang,婀扎卡·風暴之牙,existing-site
ToA,/data/1/entries/12/entries/4/entries/6/name,Eku,依庫,existing-site
ToA,/data/1/entries/12/entries/4/entries/7/name,Faroul and Gondolo,法魯爾和岡多洛,project-proposed
ToA,/data/1/entries/12/entries/4/entries/8/name,Hew Hackinstone,休·哈金斯頓,existing-site
ToA,/data/1/entries/12/entries/4/entries/9/name,Musharib,穆沙瑞卜,existing-site
ToA,/data/1/entries/12/entries/4/entries/10/name,Qawasha and Kupalué,卡瓦沙和庫帕魯艾,project-proposed
ToA,/data/1/entries/12/entries/4/entries/11/name,River Mist and Flask of Wine,河霧與酒壺,project-proposed
ToA,/data/1/entries/12/entries/4/entries/12/name,Salida,薩莉達,existing-site
ToA,/data/1/entries/12/entries/4/entries/13/name,Shago,鯊狗,existing-site
ToA,/data/1/entries/12/entries/5/name,Gathering Information,收集資訊,project-proposed
ToA,/data/1/entries/12/entries/5/entries/2/name,Chult Rumors,楚爾特謠言,project-proposed
ToA,/data/2/name,Chapter 2: The Land of Chult,第2章：楚爾特之地,project-proposed
ToA,/data/2/entries/3/name,The Expedition Begins,遠徵開始,project-proposed
ToA,/data/2/entries/3/entries/2/name,Travel Distances,旅行距離,project-proposed
ToA,/data/2/entries/3/entries/2/entries/3/name,Tracking Miles,追蹤里程,project-proposed
ToA,/data/2/entries/3/entries/2/entries/3/entries/2/name,Where's Artus Cimber?,阿圖斯·辛貝爾在哪裡？,project-proposed
ToA,/data/2/entries/3/entries/3/name,Navigation,導航,project-proposed
ToA,/data/2/entries/3/entries/4/name,Dehydration,脫水,project-proposed
ToA,/data/2/entries/3/entries/5/name,Diseases,疾病,project-proposed
ToA,/data/2/entries/3/entries/5/entries/1/name,Blue Mist Fever,藍霧熱,existing-site
ToA,/data/2/entries/3/entries/5/entries/2/name,Shivering Sickness,寒顫病,existing-site
ToA,/data/2/entries/3/entries/5/entries/3/name,Throat Leeches,咽喉水蛭,existing-site
ToA,/data/2/entries/3/entries/5/entries/3/entries/2/name,A Cure for Dead Characters,治癒已死亡角色的方法,project-proposed
ToA,/data/2/entries/3/entries/6/name,Random Encounters,隨機遭遇,existing-site
ToA,/data/2/entries/3/entries/6/entries/1/name,Undead Territory,不死生物領地,project-proposed
ToA,/data/2/entries/4/name,Locations in Chult,楚爾特的地點,project-proposed
ToA,/data/2/entries/4/entries/2/name,Aldani Basin,阿爾達尼盆地,project-proposed
ToA,/data/2/entries/4/entries/3/name,Ataaz Kahakla,阿塔茲·卡哈克拉,project-proposed
ToA,/data/2/entries/4/entries/4/name,Ataaz Muhahah,阿塔茲·穆哈哈,project-proposed
ToA,/data/2/entries/4/entries/4/entries/4/name,Shrine of Ubtao,烏布塔奧神廟,project-proposed
ToA,/data/2/entries/4/entries/4/entries/5/name,Bridge Gap,橋面斷裂,project-proposed
ToA,/data/2/entries/4/entries/4/entries/6/name,Hanging Vines,懸掛藤蔓,project-proposed
ToA,/data/2/entries/4/entries/5/name,Ataaz Yklwazi,阿塔茲·伊庫瓦茲,project-proposed
ToA,/data/2/entries/4/entries/6/name,Bay of Chult,楚爾特灣,project-proposed
ToA,/data/2/entries/4/entries/7/name,Camp Righteous,正義營地,project-proposed
ToA,/data/2/entries/4/entries/7/entries/6/name,1. Command Tents,1. 指揮帳篷,project-proposed
ToA,/data/2/entries/4/entries/7/entries/7/name,2. Soldiers' Tents,2. 士兵帳篷,project-proposed
ToA,/data/2/entries/4/entries/7/entries/8/name,3. Burned-Out Shrine,3. 燒燬的神龕,project-proposed
ToA,/data/2/entries/4/entries/7/entries/8/entries/1/name,Treasure,寶藏,existing-site
ToA,/data/2/entries/4/entries/7/entries/9/name,4. Animal Pens,4. 動物圍欄,project-proposed
ToA,/data/2/entries/4/entries/7/entries/10/name,5. Latrines,5. 廁所,project-proposed
ToA,/data/2/entries/4/entries/7/entries/10/entries/1/name,Treasure,寶藏,existing-site
ToA,/data/2/entries/4/entries/7/entries/11/name,6. House of the Man and Crocodile,6. 人與鱷魚之屋,project-proposed
ToA,/data/2/entries/4/entries/7/entries/11/entries/3/name,Man and Crocodile,人類與鱷魚,project-proposed
ToA,/data/2/entries/4/entries/7/entries/11/entries/4/name,Ledges,巖架,project-proposed
ToA,/data/2/entries/4/entries/7/entries/11/entries/5/name,Spotting Traps,發現陷阱,project-proposed
ToA,/data/2/entries/4/entries/7/entries/12/name,6A. Concealed Pit Trap,6A. 隱藏的坑陷阱,project-proposed
ToA,/data/2/entries/4/entries/7/entries/13/name,6B. Blade Trap,6B. 刀刃陷阱,project-proposed
ToA,/data/2/entries/4/entries/7/entries/14/name,6C. Puzzle Floor,6C. 謎題地板,project-proposed
ToA,/data/2/entries/4/entries/7/entries/15/name,6D. Puzzle Door,6D. 謎題門,project-proposed
ToA,/data/2/entries/4/entries/7/entries/16/name,6E. Treasury,6E. 寶庫,project-proposed
ToA,/data/2/entries/4/entries/7/entries/16/entries/2/name,Trapped Steps,觸發陷阱的臺階,project-proposed
ToA,/data/2/entries/4/entries/7/entries/16/entries/3/name,Treasure,寶藏,existing-site
ToA,/data/2/entries/4/entries/8/name,Camp Vengeance,復仇營地,project-proposed
ToA,/data/2/entries/4/entries/8/entries/6/name,1. Boats,1. 船隻,project-proposed
ToA,/data/2/entries/4/entries/8/entries/7/name,2. Gatehouse,2. 門房,project-proposed
ToA,/data/2/entries/4/entries/8/entries/8/name,3. Watchtowers,3. 瞭望塔,project-proposed
ToA,/data/2/entries/4/entries/8/entries/9/name,4. Animal Pen,4. 動物圍欄,project-proposed
ToA,/data/2/entries/4/entries/8/entries/10/name,5. Field Hospital Tents,5. 野戰醫院帳篷,project-proposed
ToA,/data/2/entries/4/entries/8/entries/11/name,6. Command Tent,6. 指揮帳篷,project-proposed
ToA,/data/2/entries/4/entries/8/entries/12/name,7. Soldiers' Tents,7. 士兵帳篷,project-proposed
ToA,/data/2/entries/4/entries/8/entries/13/name,8. Latrines,8. 廁所,project-proposed
ToA,/data/2/entries/4/entries/9/name,The Cauldron,大鍋,project-proposed
ToA,/data/2/entries/4/entries/10/name,Dungrunglung,登格隆格,project-proposed
ToA,/data/2/entries/4/entries/10/entries/7/name,Grungs of Dungrunglung,登格隆格的格龍蛙人們,project-proposed
ToA,/data/2/entries/4/entries/10/entries/9/name,1. Thorn Maze,1. 荊棘迷宮,project-proposed
ToA,/data/2/entries/4/entries/10/entries/10/name,2. Main Entrance,2. 主入口,project-proposed
ToA,/data/2/entries/4/entries/10/entries/11/name,3. Groak's Isle,3. 格羅克島,project-proposed
ToA,/data/2/entries/4/entries/10/entries/12/name,4. Shrine,4. 神龕,project-proposed
ToA,/data/2/entries/4/entries/10/entries/12/entries/3/name,Treasure,寶藏,existing-site
ToA,/data/2/entries/4/entries/10/entries/13/name,5. Grung Hovels,5. 格隆小屋,project-proposed
ToA,/data/2/entries/4/entries/10/entries/14/name,6. Lake Grunglung,6. 格隆隆湖,project-proposed
ToA,/data/2/entries/4/entries/10/entries/15/name,7. Prison Pit,7. 監獄坑,project-proposed
ToA,/data/2/entries/4/entries/10/entries/15/entries/2/name,The Great Ritual,大儀式,project-proposed
ToA,/data/2/entries/4/entries/10/entries/15/entries/2/entries/1/items/0/name,Krr'ook's Plan.,克魯克的計劃。,project-proposed
ToA,/data/2/entries/4/entries/10/entries/15/entries/2/entries/1/items/1/name,Moment of Truth.,真相時刻。,project-proposed
ToA,/data/2/entries/4/entries/10/entries/15/entries/2/entries/4/items/0/name,Making Nangnang.,製作娜浪。,project-proposed
ToA,/data/2/entries/4/entries/10/entries/15/entries/2/entries/6/items/0/name,End Result.,最終結果。,project-proposed
ToA,/data/2/entries/4/entries/11/name,Firefinger,火指,project-proposed
ToA,/data/2/entries/4/entries/11/entries/10/name,Level 1. Abandoned Cave,第一層。廢棄的洞穴,project-proposed
ToA,/data/2/entries/4/entries/11/entries/10/entries/2/name,Reaching Level 2,到達第二層,project-proposed
ToA,/data/2/entries/4/entries/11/entries/11/name,Level 2. Stirge Cave,第二層。吸血蝙蝠洞,project-proposed
ToA,/data/2/entries/4/entries/11/entries/11/entries/3/name,Treasure,寶藏,existing-site
ToA,/data/2/entries/4/entries/11/entries/11/entries/4/name,Reaching Level 3,到達第三層,project-proposed
ToA,/data/2/entries/4/entries/11/entries/12/name,Level 3. Pterafolk Nest,第三層。翼手獸的巢穴,project-proposed
ToA,/data/2/entries/4/entries/11/entries/12/entries/4/name,Reaching Level 4,到達第四層,project-proposed
ToA,/data/2/entries/4/entries/11/entries/13/name,Level 4. Pinnacle,第四層。尖頂,project-proposed
ToA,/data/2/entries/4/entries/11/entries/13/entries/6/name,Treasure,寶藏,existing-site
ToA,/data/2/entries/4/entries/12/name,Fort Beluarian,貝路利安堡,project-proposed
ToA,/data/2/entries/4/entries/12/entries/12/name,1. West Gate,1. 西門,project-proposed
ToA,/data/2/entries/4/entries/12/entries/13/name,2. Ore Gate,2. 礦石門,project-proposed
ToA,/data/2/entries/4/entries/12/entries/14/name,3. Armorer/Weaponsmith,3. 盔甲匠/武器匠,project-proposed
ToA,/data/2/entries/4/entries/12/entries/15/name,4. Bazaar,4. 市集,project-proposed
ToA,/data/2/entries/4/entries/12/entries/16/name,5. Temple of Helm,5. 海爾姆神廟,project-proposed
ToA,/data/2/entries/4/entries/12/entries/17/name,6. Stables,6. 馬廄,project-proposed
ToA,/data/2/entries/4/entries/12/entries/18/name,7. Jousting Field,7. 馬上比武場,project-proposed
ToA,/data/2/entries/4/entries/12/entries/18/entries/3/name,Agents of the Flaming Fist,赤拳代理人,project-proposed
ToA,/data/2/entries/4/entries/12/entries/18/entries/3/entries/1/items/0/name,Ghoul Hunters.,食屍鬼獵人,project-proposed
ToA,/data/2/entries/4/entries/12/entries/18/entries/3/entries/1/items/1/name,Shilku Reconnaissance.,希爾庫偵察,project-proposed
ToA,/data/2/entries/4/entries/12/entries/18/entries/3/entries/1/items/2/name,Strangers in a Strange Land.,在陌生之地的陌生人。,project-proposed
ToA,/data/2/entries/4/entries/12/entries/19/name,8. Flaming Fist Provisioner,8. 焰拳供應站,project-proposed
ToA,/data/2/entries/4/entries/12/entries/20/name,9. Flaming Fist Barracks,9. 焰拳團軍營,project-proposed
ToA,/data/2/entries/4/entries/12/entries/21/name,10. Inner Bailey,10. 內堡,project-proposed
ToA,/data/2/entries/4/entries/12/entries/22/name,10A. Courtyard,10A. 庭院,project-proposed
ToA,/data/2/entries/4/entries/12/entries/23/name,10B. Raptor Pen,10B. 猛禽籠,project-proposed
ToA,/data/2/entries/4/entries/12/entries/24/name,10C. Hall,10C. 大廳,project-proposed
ToA,/data/2/entries/4/entries/12/entries/25/name,10D. Kitchen,10D. 廚房,project-proposed
ToA,/data/2/entries/4/entries/12/entries/26/name,10E. Castellan,10E. 城堡指揮官,project-proposed
ToA,/data/2/entries/4/entries/12/entries/27/name,10F. Bell Tower,10F. 鐘樓,project-proposed
ToA,/data/2/entries/4/entries/12/entries/28/name,10G. Stores,10G. 倉庫,project-proposed
ToA,/data/2/entries/4/entries/12/entries/28/entries/2/name,Treasure,寶藏,existing-site
ToA,/data/2/entries/4/entries/12/entries/29/name,10H. Gauntlets' Room,10H. 鐵手套房間,project-proposed
ToA,/data/2/entries/4/entries/12/entries/30/name,10I. Command Quarters,10I. 指揮區,project-proposed
ToA,/data/2/entries/4/entries/12/entries/30/entries/1/name,Treasure,寶藏,existing-site
ToA,/data/2/entries/4/entries/12/entries/31/name,10J. Guest Quarters,10J. 客房,project-proposed
ToA,/data/2/entries/4/entries/13/name,Heart of Ubtao,烏塔歐之心,project-proposed
ToA,/data/2/entries/4/entries/13/entries/13/name,1. Petrified Tree,1. 石化樹,project-proposed
ToA,/data/2/entries/4/entries/13/entries/14/name,2. Staircase,2. 樓梯,project-proposed
ToA,/data/2/entries/4/entries/13/entries/15/name,3. Cave Entrance,3. 洞穴入口,project-proposed
ToA,/data/2/entries/4/entries/13/entries/16/name,4. Valindra's Lair,4. 瓦琳朵拉的巢穴,project-proposed
ToA,/data/2/entries/4/entries/13/entries/16/entries/3/name,Treasure,寶藏,existing-site
ToA,/data/2/entries/4/entries/13/entries/17/name,5. Undead Guardians,5. 不死生物守衛,project-proposed
ToA,/data/2/entries/4/entries/13/entries/18/name,6. Teleportation Circle,6. 傳送陣,project-proposed
ToA,/data/2/entries/4/entries/14/name,Hisari,希薩裡,project-proposed
ToA,/data/2/entries/4/entries/15/name,Hrakhamar,赫拉卡馬爾,project-proposed
ToA,/data/2/entries/4/entries/15/entries/9/name,1. Magma Rift,1. 巖漿裂縫,project-proposed
ToA,/data/2/entries/4/entries/15/entries/10/name,2. Smelter,2. 冶煉廠,project-proposed
ToA,/data/2/entries/4/entries/15/entries/11/name,3. Armory,3. 軍械庫,project-proposed
ToA,/data/2/entries/4/entries/15/entries/12/name,4. Forge,4. 鍛造車間,project-proposed
ToA,/data/2/entries/4/entries/15/entries/12/entries/2/name,Iron Lever,鐵質槓桿,project-proposed
ToA,/data/2/entries/4/entries/15/entries/13/name,5. Stores,5. 倉庫,project-proposed
ToA,/data/2/entries/4/entries/15/entries/14/name,6. Treasury,6. 國庫,project-proposed
ToA,/data/2/entries/4/entries/15/entries/14/entries/2/name,Locked Door,鎖住的門,project-proposed
ToA,/data/2/entries/4/entries/15/entries/14/entries/3/name,Side Chamber,側室,project-proposed
ToA,/data/2/entries/4/entries/15/entries/14/entries/4/name,Treasure,寶藏,existing-site
ToA,/data/2/entries/4/entries/15/entries/15/name,7. Imix Shrine,7. 伊米西神殿,project-proposed
ToA,/data/2/entries/4/entries/15/entries/16/name,8. Smoke-Filled Caverns,8. 煙霧瀰漫的洞穴,project-proposed
ToA,/data/2/entries/4/entries/15/entries/17/name,9. Cells and Passage to Wyrmheart Mine,9. 通往龍心礦井的牢房和通道,project-proposed
ToA,/data/2/entries/4/entries/15/entries/18/name,10. Mine Cart Bay,10. 礦車灣,project-proposed
ToA,/data/2/entries/4/entries/16/name,Hvalspyd,瓦爾斯皮德,project-proposed
ToA,/data/2/entries/4/entries/16/entries/4/name,Frost Giant Search Parties,霜巨人搜尋隊,project-proposed
ToA,/data/2/entries/4/entries/16/entries/5/name,Treasure,寶藏,existing-site
ToA,/data/2/entries/4/entries/17/name,Ishau,伊肖,project-proposed
ToA,/data/2/entries/4/entries/18/name,Jahaka Anchorage,賈哈卡錨地,project-proposed
ToA,/data/2/entries/4/entries/18/entries/12/name,Pirates of Jahaka Anchorage,賈哈卡錨地的海盜,project-proposed
ToA,/data/2/entries/4/entries/18/entries/12/entries/1/name,Dragonfang,龍牙,existing-site
ToA,/data/2/entries/4/entries/18/entries/12/entries/2/name,Emerald Eye,翡翠之眼,project-proposed
ToA,/data/2/entries/4/entries/18/entries/12/entries/3/name,Stirge,蚊蝠,existing-site
ToA,/data/2/entries/4/entries/18/entries/14/name,1. Jungle Gate,1. 叢林之門,project-proposed
ToA,/data/2/entries/4/entries/18/entries/15/name,2. Pier,2. 碼頭,project-proposed
ToA,/data/2/entries/4/entries/18/entries/16/name,3. Officers' Quarters Ashore,3. 岸上軍官宿舍,project-proposed
ToA,/data/2/entries/4/entries/18/entries/17/name,4. Warehouse,4. 倉庫,project-proposed
ToA,/data/2/entries/4/entries/18/entries/17/entries/3/name,Treasure,寶藏,existing-site
ToA,/data/2/entries/4/entries/18/entries/18/name,5. The Cage,5. 籠子,project-proposed
ToA,/data/2/entries/4/entries/18/entries/19/name,6. Watchtower,6. 瞭望塔,project-proposed
ToA,/data/2/entries/4/entries/18/entries/20/name,6A. Bosco's Bilge,6A. 博斯科的底艙,project-proposed
ToA,/data/2/entries/4/entries/18/entries/21/name,6B. Kitchen,6B. 廚房,project-proposed
ToA,/data/2/entries/4/entries/18/entries/22/name,6C. Bosco's Bunk,6C. 博斯科的鋪位,project-proposed
ToA,/data/2/entries/4/entries/18/entries/22/entries/1/name,Treasure,寶藏,existing-site
ToA,/data/2/entries/4/entries/19/name,Jahaka Bay,賈哈卡灣,project-proposed
ToA,/data/2/entries/4/entries/20/name,Kir Sabal,基爾·薩巴爾,project-proposed
ToA,/data/2/entries/4/entries/20/entries/10/entries/0/name,Spellcasting,施法,existing-site
ToA,/data/2/entries/4/entries/20/entries/10/entries/4/name,Dance of the Seven Winds,七風之舞,existing-site
ToA,/data/2/entries/4/entries/20/entries/10/entries/13/name,When Gargoyles Attack,當石像鬼攻擊時,project-proposed
ToA,/data/2/entries/4/entries/20/entries/11/name,1. Monastery,1. 修道院,project-proposed
ToA,/data/2/entries/4/entries/20/entries/11/entries/2/name,1A. Refectory,1A. 食堂,project-proposed
ToA,/data/2/entries/4/entries/20/entries/11/entries/3/name,1B. Prayer Hall,1B. 祈禱大廳,project-proposed
ToA,/data/2/entries/4/entries/20/entries/11/entries/4/name,1C. Masters' Quarters,1C. 導師寢室,project-proposed
ToA,/data/2/entries/4/entries/20/entries/11/entries/5/name,1D. Antechamber,1D. 前廳,project-proposed
ToA,/data/2/entries/4/entries/20/entries/11/entries/6/name,1E. Shrine,1E. 神殿,project-proposed
ToA,/data/2/entries/4/entries/20/entries/11/entries/7/name,1F. Training Hall,1F. 訓練大廳,project-proposed
ToA,/data/2/entries/4/entries/20/entries/12/name,2. Cleansing Chambers,2. 淨化室,project-proposed
ToA,/data/2/entries/4/entries/20/entries/12/entries/1/name,2A. Washroom,2A. 洗手間,project-proposed
ToA,/data/2/entries/4/entries/20/entries/12/entries/2/name,2B. Shrine,2B. 神殿,project-proposed
ToA,/data/2/entries/4/entries/20/entries/13/name,3. Elder's House,3. 長老的房屋,project-proposed
ToA,/data/2/entries/4/entries/20/entries/13/entries/1/name,3A. Shrine,3A. 神殿,project-proposed
ToA,/data/2/entries/4/entries/20/entries/13/entries/2/name,3B. Asharra's Quarters,3B. 阿莎爾的房間,project-proposed
ToA,/data/2/entries/4/entries/20/entries/14/name,4. Dwellings,4. 住宅,project-proposed
ToA,/data/2/entries/4/entries/20/entries/15/name,5. Royal House,5. 王宮,project-proposed
ToA,/data/2/entries/4/entries/20/entries/15/entries/1/name,Treasure,寶藏,existing-site
ToA,/data/2/entries/4/entries/21/name,Kitcher's Inlet,基徹爾灣,project-proposed
ToA,/data/2/entries/4/entries/22/name,Lake Luo,羅湖,project-proposed
ToA,/data/2/entries/4/entries/23/name,Land of Ash and Smoke,灰燼與煙霧之地,project-proposed
ToA,/data/2/entries/4/entries/24/name,Mbala,姆巴拉,project-proposed
ToA,/data/2/entries/4/entries/24/entries/9/name,Nanny Pu'pu,普普奶奶,existing-site
ToA,/data/2/entries/4/entries/24/entries/10/name,Rite of Stolen Life,偷來的生命儀式,project-proposed
ToA,/data/2/entries/4/entries/24/entries/11/name,Treasure,寶藏,existing-site
ToA,/data/2/entries/4/entries/24/entries/12/name,Pterafolk Nest,翼手獸巢穴,project-proposed
ToA,/data/2/entries/4/entries/24/entries/12/entries/2/name,Treasure,寶藏,existing-site
ToA,/data/2/entries/4/entries/25/name,Mezro,梅茲羅,project-proposed
ToA,/data/2/entries/4/entries/25/entries/3/name,Exploring the Ruins,探索廢墟,project-proposed
ToA,/data/2/entries/4/entries/26/name,Mistcliff,迷霧崖,project-proposed
ToA,/data/2/entries/4/entries/27/name,Nangalore,南戈爾,project-proposed
ToA,/data/2/entries/4/entries/27/entries/9/name,1. Entrance,1. 入口,project-proposed
ToA,/data/2/entries/4/entries/27/entries/9/entries/3/name,Stone Faces,石雕面孔,project-proposed
ToA,/data/2/entries/4/entries/27/entries/10/name,2. Terraces,2. 梯田,project-proposed
ToA,/data/2/entries/4/entries/27/entries/10/entries/5/name,Garden Discoveries,花園發現,project-proposed
ToA,/data/2/entries/4/entries/27/entries/11/name,3. Spirit Domes,3. 靈魂穹頂,project-proposed
ToA,/data/2/entries/4/entries/27/entries/11/entries/2/name,Western Dome,西圓頂,project-proposed
ToA,/data/2/entries/4/entries/27/entries/11/entries/3/name,Eastern Dome,東圓頂,project-proposed
ToA,/data/2/entries/4/entries/27/entries/12/name,4. Ruined Palace,4. 廢墟宮殿,project-proposed
ToA,/data/2/entries/4/entries/27/entries/12/entries/8/name,Mezzanine Message,夾層訊息,project-proposed
ToA,/data/2/entries/4/entries/27/entries/12/entries/9/name,Statues,雕像,project-proposed
ToA,/data/2/entries/4/entries/27/entries/12/entries/10/name,Urn,甕,project-proposed
ToA,/data/2/entries/4/entries/27/entries/13/name,5. Hallucinogenic Plants,5. 致幻植物,project-proposed
ToA,/data/2/entries/4/entries/27/entries/13/entries/6/name,5A. Southwest Garden,5A. 西南花園,project-proposed
ToA,/data/2/entries/4/entries/27/entries/13/entries/7/name,5B. Southeast Garden,5B. 東南花園,project-proposed
ToA,/data/2/entries/4/entries/27/entries/13/entries/8/name,5C. Northwest Garden,5C. 西北花園,project-proposed
ToA,/data/2/entries/4/entries/27/entries/13/entries/9/name,5D. Northeast Garden,5D. 東北花園,project-proposed
ToA,/data/2/entries/4/entries/27/entries/14/name,6. Pagoda,6. 寶塔,project-proposed
ToA,/data/2/entries/4/entries/27/entries/14/entries/2/name,Treasure,寶藏,existing-site
ToA,/data/2/entries/4/entries/27/entries/15/name,7. Flooded Garden,7. 洪水花園,project-proposed
ToA,/data/2/entries/4/entries/27/entries/16/name,8. Zalkoré's Lair,8. 扎爾柯蕊的巢穴,project-proposed
ToA,/data/2/entries/4/entries/27/entries/16/entries/6/name,Black Orchid,黑蘭花,project-proposed
ToA,/data/2/entries/4/entries/27/entries/16/entries/7/name,Poisonous Hospitality,有毒的款待,project-proposed
ToA,/data/2/entries/4/entries/27/entries/16/entries/8/name,Thiru-Taya,提魯-塔亞,project-proposed
ToA,/data/2/entries/4/entries/27/entries/16/entries/9/name,Treasure,寶藏,existing-site
ToA,/data/2/entries/4/entries/28/name,Needle's Bones,針骨,project-proposed
ToA,/data/2/entries/4/entries/28/entries/4/name,Treasure,寶藏,existing-site
ToA,/data/2/entries/4/entries/29/name,Nsi Wastes,恩西荒原,project-proposed
ToA,/data/2/entries/4/entries/30/name,Omu,奧姆,project-proposed
ToA,/data/2/entries/4/entries/31/name,Orolunga,奧羅倫加,project-proposed
ToA,/data/2/entries/4/entries/31/entries/3/name,First Steps,第一步,project-proposed
ToA,/data/2/entries/4/entries/31/entries/4/name,Second Steps,第二臺階,project-proposed
ToA,/data/2/entries/4/entries/31/entries/5/name,Third Steps,第三步,project-proposed
ToA,/data/2/entries/4/entries/31/entries/6/name,Saja N'baza's Shrine,薩迦·恩巴扎的神殿,project-proposed
ToA,/data/2/entries/4/entries/31/entries/7/name,Leaving the Shrine,離開神殿,project-proposed
ToA,/data/2/entries/4/entries/32/name,Port Castigliar,卡斯蒂利亞港,project-proposed
ToA,/data/2/entries/4/entries/33/name,Refuge Bay,避難灣,project-proposed
ToA,/data/2/entries/4/entries/34/name,River Olung,奧倫河,project-proposed
ToA,/data/2/entries/4/entries/35/name,River Soshenstar,索申斯塔河,project-proposed
ToA,/data/2/entries/4/entries/36/name,River Tath,塔斯河,project-proposed
ToA,/data/2/entries/4/entries/37/name,River Tiryki,提爾基河,project-proposed
ToA,/data/2/entries/4/entries/38/name,Shilku,希爾庫,project-proposed
ToA,/data/2/entries/4/entries/39/name,Shilku Bay,希爾庫灣,project-proposed
ToA,/data/2/entries/4/entries/40/name,Snapping Turtle Bay,咬合龜灣,project-proposed
ToA,/data/2/entries/4/entries/40/entries/2/name,King Toba,託巴國王,project-proposed
ToA,/data/2/entries/4/entries/40/entries/2/entries/1/name,Treasure,寶藏,existing-site
ToA,/data/2/entries/4/entries/41/name,Snout of Omgar,奧姆加的鼻子,project-proposed
ToA,/data/2/entries/4/entries/42/name,Valley of Dread,恐懼之谷,project-proposed
ToA,/data/2/entries/4/entries/43/name,Valley of Embers,餘燼谷,project-proposed
ToA,/data/2/entries/4/entries/44/name,Valley of Lost Honor,失落榮譽谷,project-proposed
ToA,/data/2/entries/4/entries/45/name,Vorn,沃恩,project-proposed
ToA,/data/2/entries/4/entries/46/name,Wreck of the Narwhal,獨角鯨號殘骸,project-proposed
ToA,/data/2/entries/4/entries/46/entries/5/name,Treasure,寶藏,existing-site
ToA,/data/2/entries/4/entries/47/name,Wreck of the Star Goddess,星辰女神號的殘骸,project-proposed
ToA,/data/2/entries/4/entries/47/entries/3/name,Crash Survivors,生還者,project-proposed
ToA,/data/2/entries/4/entries/47/entries/4/name,Undead Scavengers,不死生物清道夫,project-proposed
ToA,/data/2/entries/4/entries/47/entries/5/name,Treasure,寶藏,existing-site
ToA,/data/2/entries/4/entries/48/name,Wyrmheart Mine,龍心礦井,project-proposed
ToA,/data/2/entries/4/entries/48/entries/6/name,1. Office,1. 辦公室,project-proposed
ToA,/data/2/entries/4/entries/48/entries/7/name,2. Supply Shed,2. 供應棚,project-proposed
ToA,/data/2/entries/4/entries/48/entries/8/name,3. Ore Cart,3. 礦車,project-proposed
ToA,/data/2/entries/4/entries/48/entries/9/name,4. Upper Shaft,4. 上層井道,project-proposed
ToA,/data/2/entries/4/entries/48/entries/10/name,5. Haunted Forge,5. 鬧鬼的鍛造間,project-proposed
ToA,/data/2/entries/4/entries/48/entries/10/entries/2/name,Treasure,寶藏,existing-site
ToA,/data/2/entries/4/entries/48/entries/11/name,6A. Ledge,6A. 巖架,project-proposed
ToA,/data/2/entries/4/entries/48/entries/12/name,6B. Egg Nursery,6B. 蛋孵化室,project-proposed
ToA,/data/2/entries/4/entries/48/entries/13/name,6C. Rolling Stone Trap,6C. 滾動石陷阱,project-proposed
ToA,/data/2/entries/4/entries/48/entries/14/name,7. Upper Landing,7. 上層著陸點,project-proposed
ToA,/data/2/entries/4/entries/48/entries/14/entries/1/name,Ore Cart,礦車,project-proposed
ToA,/data/2/entries/4/entries/48/entries/15/name,8. Main Living Quarters,8. 主要居住區,project-proposed
ToA,/data/2/entries/4/entries/48/entries/15/entries/3/name,Shrine,聖壇,project-proposed
ToA,/data/2/entries/4/entries/48/entries/16/name,9. Inventors' Quarters,9. 發明家區,project-proposed
ToA,/data/2/entries/4/entries/48/entries/17/name,10. Big Smash,10. 大破壞,project-proposed
ToA,/data/2/entries/4/entries/48/entries/18/name,11. Urds' Quarters,11. 烏爾德區,project-proposed
ToA,/data/2/entries/4/entries/48/entries/18/entries/1/name,Ore Cart,礦車,project-proposed
ToA,/data/2/entries/4/entries/48/entries/19/name,12. Bottom of the Shaft,12. 井道底部,project-proposed
ToA,/data/2/entries/4/entries/48/entries/19/entries/3/name,Passage to Hrakhamar,通往赫拉卡馬爾的通道,project-proposed
ToA,/data/2/entries/4/entries/48/entries/20/name,13. Audience Chamber,13. 接見室,project-proposed
ToA,/data/2/entries/4/entries/48/entries/21/name,14. Tinder's Lair,14. 廷德的巢穴,project-proposed
ToA,/data/2/entries/4/entries/48/entries/21/entries/3/name,Treasure,寶藏,existing-site
ToA,/data/2/entries/4/entries/49/name,Yellyark,葉利亞克,project-proposed
ToA,/data/2/entries/4/entries/49/entries/6/name,1. Canoes,1. 獨木舟,project-proposed
ToA,/data/2/entries/4/entries/49/entries/7/name,2. Larder,2. 食品儲藏室,project-proposed
ToA,/data/2/entries/4/entries/49/entries/8/name,3. Queen Grabstab's Hut,3. 格拉布斯塔布女王的小屋,project-proposed
ToA,/data/2/entries/4/entries/49/entries/8/entries/1/name,Treasure,寶藏,existing-site
ToA,/data/2/entries/4/entries/49/entries/9/name,4. Wooden Cage,4. 木籠,project-proposed
ToA,/data/2/entries/4/entries/49/entries/10/name,5. Ant Hills,5. 蟻丘,project-proposed
ToA,/data/2/entries/4/entries/49/entries/11/name,6. Launch Mechanism,6. 發射機制,project-proposed
ToA,/data/3/name,Chapter 3: Dwellers of the Forbidden City,第3章：禁城居民,project-proposed
ToA,/data/3/entries/3/name,Omu,奧姆,project-proposed
ToA,/data/3/entries/3/entries/1/name,Approaching the City,接近城市,project-proposed
ToA,/data/3/entries/3/entries/2/name,Entering the City,進入城市,project-proposed
ToA,/data/3/entries/3/entries/3/name,History of Omu,奧姆的歷史,project-proposed
ToA,/data/3/entries/3/entries/3/entries/1/name,Forbidden City,禁城,project-proposed
ToA,/data/3/entries/3/entries/3/entries/2/name,Nine Trickster Gods,九位詭神,project-proposed
ToA,/data/3/entries/3/entries/3/entries/3/name,Fall of Omu,奧姆的陷落,project-proposed
ToA,/data/3/entries/3/entries/3/entries/4/name,Rise of Ras Nsi,拉茲·納斯的崛起,project-proposed
ToA,/data/3/entries/3/entries/4/name,Legend of the Nine Gods,九神傳說,project-proposed
ToA,/data/3/entries/3/entries/5/name,City Inhabitants,城市居民,project-proposed
ToA,/data/3/entries/3/entries/5/entries/1/name,Yuan-ti,蛇人,existing-site
ToA,/data/3/entries/3/entries/5/entries/1/entries/1/name,Salida's Treachery,薩莉達的背叛,project-proposed
ToA,/data/3/entries/3/entries/5/entries/2/name,Grungs,格龍蛙人們,existing-site
ToA,/data/3/entries/3/entries/5/entries/3/name,Vegepygmies,孢子人們,existing-site
ToA,/data/3/entries/3/entries/5/entries/4/name,Kobolds,狗頭人,existing-site
ToA,/data/3/entries/3/entries/5/entries/5/name,Red Wizards of Thay,泰伊紅袍法師,project-proposed
ToA,/data/3/entries/3/entries/5/entries/6/name,Tabaxi Hunters,斑貓獵人,project-proposed
ToA,/data/3/entries/3/entries/5/entries/6/entries/3/name,Old Omuan,老奧姆安,project-proposed
ToA,/data/3/entries/3/entries/6/name,Puzzle Cubes,謎題魔方,project-proposed
ToA,/data/3/entries/3/entries/6/entries/4/name,Learning of the Shrines,瞭解聖地,project-proposed
ToA,/data/3/entries/3/entries/6/entries/5/name,Race for the Puzzle Cubes,爭奪謎題立方體,project-proposed
ToA,/data/3/entries/3/entries/6/entries/6/name,An Uneasy Alliance,一個不穩定的聯盟,project-proposed
ToA,/data/3/entries/3/entries/7/name,Navigation,導航,project-proposed
ToA,/data/3/entries/3/entries/7/entries/2/name,Ruin Interior,廢墟內部,project-proposed
ToA,/data/3/entries/3/entries/7/entries/3/name,Assassin Vines,刺客藤蔓,project-proposed
ToA,/data/3/entries/3/entries/7/entries/4/name,Collapsing Floor,坍塌的地板,project-proposed
ToA,/data/3/entries/3/entries/7/entries/5/name,Blue Mist,藍色霧氣,project-proposed
ToA,/data/3/entries/3/entries/7/entries/6/name,Nest,巢穴,project-proposed
ToA,/data/3/entries/3/entries/7/entries/7/name,Nest Occupants,巢穴居住者,project-proposed
ToA,/data/3/entries/3/entries/7/entries/8/name,Plant Discovery,植物發現,project-proposed
ToA,/data/3/entries/3/entries/7/entries/9/name,Treasure,寶藏,existing-site
ToA,/data/3/entries/3/entries/7/entries/10/name,Vegepygmies,孢子人們,existing-site
ToA,/data/3/entries/3/entries/8/name,Random Encounters in Omu,奧姆的隨機遭遇,project-proposed
ToA,/data/3/entries/4/name,Locations in the City,城市中的地點,project-proposed
ToA,/data/3/entries/4/entries/2/name,1. City Entrance,1. 城市入口,project-proposed
ToA,/data/3/entries/4/entries/2/entries/5/name,Ras Nsi's Scouts,拉茲·納斯的偵察兵,project-proposed
ToA,/data/3/entries/4/entries/2/entries/6/name,Treasure,寶藏,existing-site
ToA,/data/3/entries/4/entries/3/name,2. Walled Compound,2. 圍牆大院,project-proposed
ToA,/data/3/entries/4/entries/3/entries/2/name,Spirit Pole,靈柱,project-proposed
ToA,/data/3/entries/4/entries/3/entries/3/name,Orvex Ocrammas,奧爾威克斯·歐誇瑪斯,existing-site
ToA,/data/3/entries/4/entries/4/name,3. Kubazan's Shrine,3. 庫巴贊的神龕,project-proposed
ToA,/data/3/entries/4/entries/4/entries/2/name,3A. Froghemoth Pool,3A. 巨蛙池,project-proposed
ToA,/data/3/entries/4/entries/4/entries/2/entries/2/name,Stone Key,石鑰匙,project-proposed
ToA,/data/3/entries/4/entries/4/entries/3/name,3B. Locked Gate,3B. 上鎖的大門,project-proposed
ToA,/data/3/entries/4/entries/4/entries/4/name,3C. Chamber of Bravery,3C. 勇敢之室,project-proposed
ToA,/data/3/entries/4/entries/4/entries/4/entries/2/name,Spiked Pit,尖刺陷坑,project-proposed
ToA,/data/3/entries/4/entries/4/entries/4/entries/3/name,Wooden Beams,木樑,project-proposed
ToA,/data/3/entries/4/entries/4/entries/4/entries/4/name,Puzzle Cube,謎題立方體,project-proposed
ToA,/data/3/entries/4/entries/5/name,4. Shagambi's Shrine,4. 莎根比的神龕,project-proposed
ToA,/data/3/entries/4/entries/5/entries/3/name,4A. Shrine Entrance,4A. 神殿入口,project-proposed
ToA,/data/3/entries/4/entries/5/entries/4/name,4B. Arena Gallery,4B. 競技場長廊,project-proposed
ToA,/data/3/entries/4/entries/5/entries/4/entries/4/name,Pedestal,基座,project-proposed
ToA,/data/3/entries/4/entries/5/entries/4/entries/5/name,Puzzle Cube,謎題立方體,project-proposed
ToA,/data/3/entries/4/entries/5/entries/5/name,4C. Gladiator Cells,4C. 角鬥士牢房,project-proposed
ToA,/data/3/entries/4/entries/5/entries/6/name,4D. Gladiatorial Pit,4D. 角鬥場坑,project-proposed
ToA,/data/3/entries/4/entries/6/name,5. Great Rift,5. 大裂谷,project-proposed
ToA,/data/3/entries/4/entries/6/entries/2/name,Sacrifice of Fire,火焰的獻祭,project-proposed
ToA,/data/3/entries/4/entries/7/name,6. Moa's Shrine,6. 莫阿的神殿,project-proposed
ToA,/data/3/entries/4/entries/7/entries/4/name,6A. Shrine Entrance,6A. 神龕入口,project-proposed
ToA,/data/3/entries/4/entries/7/entries/5/name,6B. Trapped Passage,6B. 陷阱通道,project-proposed
ToA,/data/3/entries/4/entries/7/entries/5/entries/3/name,Pits,陷坑,project-proposed
ToA,/data/3/entries/4/entries/7/entries/6/name,6C. Chamber of Deception,6C. 欺騙之室,project-proposed
ToA,/data/3/entries/4/entries/7/entries/6/entries/4/name,Secret Doors,暗門,project-proposed
ToA,/data/3/entries/4/entries/7/entries/7/name,6D. Western Secret Room,6D. 西側密室,project-proposed
ToA,/data/3/entries/4/entries/7/entries/8/name,6E. Eastern Secret Room,6E. 東部密室,project-proposed
ToA,/data/3/entries/4/entries/7/entries/8/entries/2/name,Puzzle Cube,謎題立方體,project-proposed
ToA,/data/3/entries/4/entries/8/name,7. Fallen Tree,7. 倒下的樹,project-proposed
ToA,/data/3/entries/4/entries/8/entries/3/name,Bag of Nails,釘包,existing-site
ToA,/data/3/entries/4/entries/8/entries/3/entries/5/entries/0/name,Feline Agility,貓之迅捷,existing-site
ToA,/data/3/entries/4/entries/8/entries/4/name,Treasure,寶藏,existing-site
ToA,/data/3/entries/4/entries/9/name,8. Unkh's Shrine,8. 安珂的神龕,project-proposed
ToA,/data/3/entries/4/entries/9/entries/2/name,8A. Shrine Entrance,8A. 神殿入口,project-proposed
ToA,/data/3/entries/4/entries/9/entries/3/name,8B. Ruined Workshop,8B. 毀壞的工作室,project-proposed
ToA,/data/3/entries/4/entries/9/entries/4/name,8C. Chamber of Contemplation,8C. 沉思之室,project-proposed
ToA,/data/3/entries/4/entries/9/entries/4/entries/3/name,Puzzle Cube,謎題立方體,project-proposed
ToA,/data/3/entries/4/entries/9/entries/4/entries/4/name,Trap,陷阱,existing-site
ToA,/data/3/entries/4/entries/10/name,9. Adventurers' Camp,9. 冒險者營地,project-proposed
ToA,/data/3/entries/4/entries/10/entries/3/name,Development,發展,project-proposed
ToA,/data/3/entries/4/entries/11/name,10. I'jin's Shrine,10. 艾金的神龕,project-proposed
ToA,/data/3/entries/4/entries/11/entries/2/name,10A. Shrine Entrance,10A. 神龕入口,project-proposed
ToA,/data/3/entries/4/entries/11/entries/3/name,10B. Puzzle Floor,10B. 謎題地板,project-proposed
ToA,/data/3/entries/4/entries/11/entries/3/entries/3/name,Poison Darts,毒鏢,project-proposed
ToA,/data/3/entries/4/entries/11/entries/3/entries/4/name,Almiraj Tiles,獨角兔瓷磚,project-proposed
ToA,/data/3/entries/4/entries/11/entries/4/name,10C. Labyrinth,10C. 迷宮,project-proposed
ToA,/data/3/entries/4/entries/11/entries/5/name,10D. Puzzle Cube,10D. 謎題立方體,project-proposed
ToA,/data/3/entries/4/entries/12/name,11. Chwinga Wagon,11. 怯蘊阿靈貨車,project-proposed
ToA,/data/3/entries/4/entries/12/entries/4/name,Queen's Decree,女王的法令,project-proposed
ToA,/data/3/entries/4/entries/13/name,12. Wongo's Shrine,12. 望戈的神龕,project-proposed
ToA,/data/3/entries/4/entries/13/entries/2/entries/0/name,Portcullises,吊閘門,project-proposed
ToA,/data/3/entries/4/entries/13/entries/3/name,12A. Cracked Obelisks,12A. 破裂的方尖碑,project-proposed
ToA,/data/3/entries/4/entries/13/entries/4/name,12B. Test of Friendship,12B. 友誼的考驗,project-proposed
ToA,/data/3/entries/4/entries/13/entries/4/entries/2/name,Statue and Puzzle Cube,雕像和謎題立方體,project-proposed
ToA,/data/3/entries/4/entries/13/entries/4/entries/3/name,Masks,面具,project-proposed
ToA,/data/3/entries/4/entries/13/entries/5/name,12C. Viewing Corridors,12C. 觀景走廊,project-proposed
ToA,/data/3/entries/4/entries/14/name,13. Amphitheater,13. 露天劇場,project-proposed
ToA,/data/3/entries/4/entries/14/entries/3/name,Hail to the King,向國王致敬,project-proposed
ToA,/data/3/entries/4/entries/14/entries/3/entries/2/entries/0/name,Legendary Resistance (3/Day),傳奇抗性 (3/日),existing-site
ToA,/data/3/entries/4/entries/14/entries/3/entries/2/entries/1/name,Summon Swarm {@recharge 5},召喚蜂群 {@recharge 5},existing-site
ToA,/data/3/entries/4/entries/14/entries/4/name,Treasure,寶藏,existing-site
ToA,/data/3/entries/4/entries/14/entries/4/entries/1/name,The King of Feathers,翎羽之王,project-proposed
ToA,/data/3/entries/4/entries/15/name,14. Tomb of the Nine Gods,14. 九神之墓,project-proposed
ToA,/data/3/entries/4/entries/16/name,15. Ruined Bazaar,15. 廢墟市集,project-proposed
ToA,/data/3/entries/4/entries/16/entries/3/name,Kobold Cellars,狗頭人地窖,project-proposed
ToA,/data/3/entries/4/entries/16/entries/4/name,Treasure,寶藏,existing-site
ToA,/data/3/entries/4/entries/16/entries/5/name,Development,發展,project-proposed
ToA,/data/3/entries/4/entries/17/name,16. Papazotl's Shrine,16. 帕帕扎圖的神龕,project-proposed
ToA,/data/3/entries/4/entries/17/entries/2/name,16A. Shrine Entrance,16A. 神殿入口,project-proposed
ToA,/data/3/entries/4/entries/17/entries/3/name,16B. Mosaic Floor,16B. 馬賽克地板,project-proposed
ToA,/data/3/entries/4/entries/17/entries/4/name,16C. Chamber of Command,16C. 指揮之室,project-proposed
ToA,/data/3/entries/4/entries/17/entries/4/entries/4/name,Puzzle Cube,謎題立方體,project-proposed
ToA,/data/3/entries/4/entries/17/entries/5/name,16D. Hidden Room,16D. 隱藏房間,project-proposed
ToA,/data/3/entries/4/entries/18/name,17. Waterfall,17. 瀑布,project-proposed
ToA,/data/3/entries/4/entries/18/entries/1/name,Vision of Acererak,阿瑟瑞克的幻象,project-proposed
ToA,/data/3/entries/4/entries/19/name,18. Nangnang's Shrine,18. 娜浪的神殿,project-proposed
ToA,/data/3/entries/4/entries/19/entries/3/name,18A. Shrine Entrance,18A. 神龕入口,project-proposed
ToA,/data/3/entries/4/entries/19/entries/3/entries/4/name,Shrine Doors,神祠門,project-proposed
ToA,/data/3/entries/4/entries/19/entries/4/name,18B. Chamber of Greed,18B. 貪婪之室,project-proposed
ToA,/data/3/entries/4/entries/19/entries/4/entries/3/name,Locked Doors,鎖住的門,project-proposed
ToA,/data/3/entries/4/entries/19/entries/5/name,18C. Puzzle Cube,18C. 謎題立方體,project-proposed
ToA,/data/3/entries/4/entries/20/name,19. Obo'laka's Shrine,19. 奧博娜卡的神殿,project-proposed
ToA,/data/3/entries/4/entries/20/entries/2/name,19A. Shrine Entrance,19A. 神龕入口,project-proposed
ToA,/data/3/entries/4/entries/20/entries/3/name,19B. Gallery of Carvings,19B. 雕刻長廊,project-proposed
ToA,/data/3/entries/4/entries/20/entries/3/entries/2/name,Barred Secret Door,被閂住的秘密門,project-proposed
ToA,/data/3/entries/4/entries/20/entries/4/name,19C. Sun Pool,19C. 日光池,project-proposed
ToA,/data/3/entries/4/entries/20/entries/5/name,19D. Moon Pool,19D. 月池,project-proposed
ToA,/data/3/entries/4/entries/20/entries/5/entries/3/name,Locked Secret Door,鎖住的秘密門,project-proposed
ToA,/data/3/entries/4/entries/20/entries/6/name,19E. Chamber of Sacraments,19E. 聖禮之室,project-proposed
ToA,/data/3/entries/4/entries/20/entries/6/entries/4/name,Puzzle Cube,謎題立方體,project-proposed
ToA,/data/3/entries/4/entries/20/entries/6/entries/5/name,Torches,火把,project-proposed
ToA,/data/3/entries/4/entries/20/entries/6/entries/6/name,Treasure,寶藏,existing-site
ToA,/data/3/entries/4/entries/20/entries/7/name,19F. Secret Passage,19F. 秘密通道,project-proposed
ToA,/data/3/entries/4/entries/21/name,20. Royal Palace,20. 王宮,project-proposed
ToA,/data/3/entries/4/entries/21/entries/3/name,20A. Main Entrance to the Fane,20A. 聖所主入口,project-proposed
ToA,/data/3/entries/4/entries/21/entries/4/name,20B. Secret Entrance to the Fane,20B. 神廟的秘密入口,project-proposed
ToA,/data/4/name,Chapter 4: Fane of the Night Serpent,第4章：夜蛇神殿,project-proposed
ToA,/data/4/entries/2/name,Schemes of the Yuan-ti,玉蜓族的陰謀,project-proposed
ToA,/data/4/entries/2/entries/1/name,Ras Nsi,拉茲·納斯,existing-site
ToA,/data/4/entries/2/entries/2/name,Fenthaza,芬薩札,existing-site
ToA,/data/4/entries/2/entries/2/entries/2/name,Temple Roster and Reinforcements,神廟名單和增援,project-proposed
ToA,/data/4/entries/3/name,Getting Inside,進入內部,project-proposed
ToA,/data/4/entries/3/entries/2/name,Infiltrating the Temple,潛入神廟,project-proposed
ToA,/data/4/entries/3/entries/3/name,Captured by the Yuan-ti,被元帝族捕獲,project-proposed
ToA,/data/4/entries/3/entries/3/entries/2/name,Audience with Ras Nsi,與拉茲·納斯會面,project-proposed
ToA,/data/4/entries/3/entries/3/entries/3/name,Audience with Fenthaza,與芬薩札會面,project-proposed
ToA,/data/4/entries/3/entries/3/entries/4/name,Slave Labors,奴隸勞動,project-proposed
ToA,/data/4/entries/3/entries/3/entries/5/name,Temple Roster,神廟名單,project-proposed
ToA,/data/4/entries/3/entries/3/entries/6/name,Temple Reinforcements,寺廟援軍,project-proposed
ToA,/data/4/entries/4/name,Locations in the Temple,神廟內的位置,project-proposed
ToA,/data/4/entries/4/entries/1/entries/0/name,Ceilings,天花板,existing-site
ToA,/data/4/entries/4/entries/1/entries/1/name,Doors,門,existing-site
ToA,/data/4/entries/4/entries/1/entries/2/name,Illumination,照明,existing-site
ToA,/data/4/entries/4/entries/1/entries/3/name,Portcullises,吊閘門,project-proposed
ToA,/data/4/entries/4/entries/1/entries/4/name,Ramps,斜坡,project-proposed
ToA,/data/4/entries/4/entries/1/entries/5/name,Teleporters,傳送裝置,project-proposed
ToA,/data/4/entries/4/entries/2/name,1. Main Gate,1. 主門,project-proposed
ToA,/data/4/entries/4/entries/2/entries/5/name,Snake Pits,蛇坑,project-proposed
ToA,/data/4/entries/4/entries/2/entries/6/name,Treasure,寶藏,existing-site
ToA,/data/4/entries/4/entries/3/name,2. Hall of War,2. 戰爭大廳,project-proposed
ToA,/data/4/entries/4/entries/3/entries/5/name,Giant Cobra Statue,巨型眼鏡蛇雕像,project-proposed
ToA,/data/4/entries/4/entries/3/entries/6/name,Wagons,四輪貨車,project-proposed
ToA,/data/4/entries/4/entries/4/name,3. Hall of Serpents,3. 蛇廳,project-proposed
ToA,/data/4/entries/4/entries/5/name,4. Armory,4. 軍械庫,project-proposed
ToA,/data/4/entries/4/entries/5/entries/5/name,Treasure,寶藏,existing-site
ToA,/data/4/entries/4/entries/6/name,5. Fenthaza's Quarters,5. 芬薩札的住處,project-proposed
ToA,/data/4/entries/4/entries/6/entries/5/name,Stone Urn,石甕,project-proposed
ToA,/data/4/entries/4/entries/6/entries/6/name,Treasure,寶藏,existing-site
ToA,/data/4/entries/4/entries/7/name,6. Sacrificial Chamber,6. 祭祀室,project-proposed
ToA,/data/4/entries/4/entries/7/entries/3/name,Chanting Skulls,吟唱頭骨,project-proposed
ToA,/data/4/entries/4/entries/7/entries/4/name,Portcullis,鐵閘,project-proposed
ToA,/data/4/entries/4/entries/8/name,7. Evil Oracle,7. 邪惡預言者,project-proposed
ToA,/data/4/entries/4/entries/8/entries/3/name,Oracle Pool,神諭池,project-proposed
ToA,/data/4/entries/4/entries/8/entries/3/entries/2/name,Prisoners of the Yuan-ti,元提人的囚犯,project-proposed
ToA,/data/4/entries/4/entries/9/name,8. Prisoner Pits,8. 囚犯坑,project-proposed
ToA,/data/4/entries/4/entries/9/entries/9/name,Teleporter,傳送器,existing-site
ToA,/data/4/entries/4/entries/10/name,9. The Fane,9. 聖所,project-proposed
ToA,/data/4/entries/4/entries/10/entries/2/name,Blood Pool,血池,project-proposed
ToA,/data/4/entries/4/entries/10/entries/3/name,Cauldron,吊掛大鍋,project-proposed
ToA,/data/4/entries/4/entries/10/entries/4/name,North Balcony and Teleporter,北陽臺和傳送器,project-proposed
ToA,/data/4/entries/4/entries/10/entries/5/name,Portcullis,鐵閘,project-proposed
ToA,/data/4/entries/4/entries/10/entries/6/name,Yuan-ti Rituals,元提儀式,project-proposed
ToA,/data/4/entries/4/entries/10/entries/6/entries/3/name,Darkvision,黑暗視覺,existing-site
ToA,/data/4/entries/4/entries/10/entries/6/entries/4/name,Innate Spellcasting,天生施法,existing-site
ToA,/data/4/entries/4/entries/10/entries/6/entries/5/name,Magic Resistance,魔法抗性,existing-site
ToA,/data/4/entries/4/entries/10/entries/6/entries/6/name,Poison Immunity,中毒免疫,existing-site
ToA,/data/4/entries/4/entries/11/name,10. Harem,10. 後宮,project-proposed
ToA,/data/4/entries/4/entries/11/entries/5/name,Doppelganger Spy,變形怪間諜,project-proposed
ToA,/data/4/entries/4/entries/11/entries/6/name,Teleporter,傳送器,existing-site
ToA,/data/4/entries/4/entries/11/entries/7/name,Treasure,寶藏,existing-site
ToA,/data/4/entries/4/entries/12/name,11. Throne Room,11. 寶座室,project-proposed
ToA,/data/4/entries/4/entries/12/entries/3/name,Sekelok,瑟克洛克,existing-site
ToA,/data/4/entries/4/entries/12/entries/3/entries/2/entries/0/name,Innate Spellcasting,天生施法,existing-site
ToA,/data/4/entries/4/entries/12/entries/6/name,Secret Door,暗門,project-proposed
ToA,/data/4/entries/4/entries/12/entries/7/name,Teleporter,傳送器,existing-site
ToA,/data/4/entries/4/entries/13/name,12. Ras Nsi's Lair,12. 拉茲·納斯的巢穴,project-proposed
ToA,/data/4/entries/4/entries/13/entries/4/name,Flying Shields,飛行盾牌,project-proposed
ToA,/data/4/entries/4/entries/13/entries/5/name,Teleporter,傳送器,existing-site
ToA,/data/4/entries/4/entries/13/entries/6/name,Treasure,寶藏,existing-site
ToA,/data/4/entries/4/entries/13/entries/6/entries/2/name,Puzzle Cubes,謎題魔方,project-proposed
ToA,/data/4/entries/4/entries/14/name,13. Storeroom,13. 儲藏室,project-proposed
ToA,/data/4/entries/4/entries/14/entries/4/name,Treasure,寶藏,existing-site
ToA,/data/4/entries/4/entries/14/entries/4/entries/1/name,Mesmerizing Incense,迷人香,project-proposed
ToA,/data/4/entries/4/entries/15/name,14. Venom Distillery,14. 毒液蒸餾廠,project-proposed
ToA,/data/4/entries/4/entries/15/entries/5/name,Bottled Poisons,瓶裝毒藥,project-proposed
ToA,/data/4/entries/4/entries/15/entries/6/name,Treasure,寶藏,existing-site
ToA,/data/4/entries/4/entries/16/name,15. Snake Pit,15. 蛇坑,project-proposed
ToA,/data/4/entries/4/entries/17/name,16. Blood Baths,16. 血浴,project-proposed
ToA,/data/4/entries/4/entries/18/name,17. Sauna,17. 桑拿,project-proposed
ToA,/data/4/entries/4/entries/19/name,18. Yuan-ti Nests,18. 遠地蛇巢,project-proposed
ToA,/data/4/entries/4/entries/20/name,19. Slave Grotto,19. 奴隸洞穴,project-proposed
ToA,/data/4/entries/4/entries/20/entries/3/name,Slaves,奴隸,project-proposed
ToA,/data/4/entries/4/entries/20/entries/4/name,Treasure,寶藏,existing-site
ToA,/data/4/entries/4/entries/21/name,20. Underground River,20. 地下河,project-proposed
ToA,/data/4/entries/4/entries/21/entries/2/name,Rowboats,划艇,existing-site
ToA,/data/4/entries/4/entries/21/entries/3/name,Yuan-ti Broodguards,原體衛雛蛇人,project-proposed
ToA,/data/4/entries/4/entries/22/name,21. Hydra's Lair,21. 九頭蛇的巢穴,project-proposed
ToA,/data/4/entries/4/entries/23/name,22. Fungi Cavern,22. 真菌洞穴,project-proposed
ToA,/data/4/entries/4/entries/24/name,23. Secret Entrance,23. 秘密入口,project-proposed
ToA,/data/5/name,Chapter 5: Tomb of the Nine Gods,第5章：九神之墓,project-proposed
ToA,/data/5/entries/2/name,History of the Tomb,陵墓的歷史,project-proposed
ToA,/data/5/entries/2/entries/1/name,Rise of the Tomb,墓穴的崛起,project-proposed
ToA,/data/5/entries/2/entries/2/name,Nourishing the Atropal,滋養萎縮者爾,project-proposed
ToA,/data/5/entries/3/name,Exploring the Tomb,探索墓穴,project-proposed
ToA,/data/5/entries/3/entries/1/name,General Features,通用特徵,project-proposed
ToA,/data/5/entries/3/entries/1/entries/1/name,Ceilings,天花板,existing-site
ToA,/data/5/entries/3/entries/1/entries/2/name,Crawlways,爬行道,project-proposed
ToA,/data/5/entries/3/entries/1/entries/3/name,Lighting,光照,existing-site
ToA,/data/5/entries/3/entries/1/entries/4/name,Secret Doors,暗門,project-proposed
ToA,/data/5/entries/3/entries/1/entries/5/name,Staircases,樓梯,project-proposed
ToA,/data/5/entries/3/entries/1/entries/6/name,Tracks,蹤跡,project-proposed
ToA,/data/5/entries/3/entries/2/name,Tomb Inhabitants,墓穴居民,project-proposed
ToA,/data/5/entries/3/entries/2/entries/1/name,Withers and the Tomb Dwarves,威瑟斯和墓穴矮人,project-proposed
ToA,/data/5/entries/3/entries/2/entries/2/name,Legendary Monsters,傳奇怪物,project-proposed
ToA,/data/5/entries/3/entries/2/entries/3/name,Skeleton Keys,骷髏鑰匙,project-proposed
ToA,/data/5/entries/3/entries/2/entries/3/entries/4/name,Finding a Skeleton Key,尋找一個骷髏鑰匙,project-proposed
ToA,/data/5/entries/3/entries/2/entries/4/name,Skeleton Keys,骷髏鑰匙,project-proposed
ToA,/data/5/entries/3/entries/2/entries/5/name,The Sewn Sisters,縫合姐妹,project-proposed
ToA,/data/5/entries/3/entries/2/entries/6/name,Tomb Guardians,墓穴守衛,project-proposed
ToA,/data/5/entries/3/entries/2/entries/7/name,Trickster God Spirits,詭神的靈魂,project-proposed
ToA,/data/5/entries/3/entries/3/name,Fabled Treasures,傳說中的寶藏,project-proposed
ToA,/data/5/entries/3/entries/3/entries/2/name,Black Opal Crown,黑歐珀皇冠,project-proposed
ToA,/data/5/entries/3/entries/3/entries/3/name,Eye of Zaltec,扎爾特克之眼,project-proposed
ToA,/data/5/entries/3/entries/3/entries/4/name,Navel of the Moon,月亮的肚臍,project-proposed
ToA,/data/5/entries/3/entries/3/entries/5/name,Skull Chalice of Ch'gakare,查加卡雷的骷髏聖盃,project-proposed
ToA,/data/5/entries/3/entries/4/name,Spell Restrictions,法術限制,project-proposed
ToA,/data/5/entries/3/entries/5/name,Replacing Dead Characters,替換死亡角色,project-proposed
ToA,/data/5/entries/4/name,Spirits of the Nine Trickster Gods,九詭神亡魂,project-proposed
ToA,/data/5/entries/4/entries/2/name,Spiritual Inhabitation,靈性居住,project-proposed
ToA,/data/5/entries/4/entries/3/name,Leaving a Host,離開宿主,project-proposed
ToA,/data/5/entries/4/entries/4/name,Fighting Over a Host,爭奪宿主,project-proposed
ToA,/data/5/entries/4/entries/5/name,Roleplaying the Spirits,扮演神靈的角色,project-proposed
ToA,/data/5/entries/5/name,Level 1: Rotten Halls,第一層：腐爛大廳,project-proposed
ToA,/data/5/entries/5/entries/2/entries/0/name,Ceiling Cracks,天花板裂縫,project-proposed
ToA,/data/5/entries/5/entries/2/entries/1/name,Underground River,地下河,existing-site
ToA,/data/5/entries/5/entries/3/name,1. Acererak's Warning,1. 阿瑟瑞克的警告,project-proposed
ToA,/data/5/entries/5/entries/3/entries/4/name,Obelisk,方尖碑,project-proposed
ToA,/data/5/entries/5/entries/4/name,2. Gallery of Tricksters,2. 詭計長廊,project-proposed
ToA,/data/5/entries/5/entries/4/entries/4/name,Treasure,寶藏,existing-site
ToA,/data/5/entries/5/entries/5/name,3. False Entrance,3. 假入口,project-proposed
ToA,/data/5/entries/5/entries/6/name,4. True Entrance,4. 真正入口,project-proposed
ToA,/data/5/entries/5/entries/6/entries/3/name,4A. First Puzzle Door,4A. 第一謎題門,project-proposed
ToA,/data/5/entries/5/entries/6/entries/4/name,4B. Second Puzzle Door,4B. 第二道謎題門,project-proposed
ToA,/data/5/entries/5/entries/6/entries/4/entries/6/name,Pit Trap,陷坑陷阱,project-proposed
ToA,/data/5/entries/5/entries/7/name,5. Trapped Corridor,5. 陷阱走廊,project-proposed
ToA,/data/5/entries/5/entries/7/entries/1/name,5A. Poison Darts,5A. 毒鏢,project-proposed
ToA,/data/5/entries/5/entries/7/entries/2/name,5B. Devil Face,5B. 魔鬼面孔,project-proposed
ToA,/data/5/entries/5/entries/7/entries/3/name,5C. Floor Hatch,5C. 地板艙口,project-proposed
ToA,/data/5/entries/5/entries/8/name,6. Crystal Window,6. 水晶窗戶,project-proposed
ToA,/data/5/entries/5/entries/9/name,7. Grand Staircase,7. 大樓梯,project-proposed
ToA,/data/5/entries/5/entries/9/entries/2/name,7A. We Are Not Alone,7A. 我們並不孤單,project-proposed
ToA,/data/5/entries/5/entries/9/entries/3/name,7B. Acererak's Second Warning,7B. 阿瑟瑞克的第二次警告,project-proposed
ToA,/data/5/entries/5/entries/9/entries/4/name,7C. Acererak's Third Warning,7C. 阿瑟瑞克的第三次警告,project-proposed
ToA,/data/5/entries/5/entries/9/entries/5/name,7D. Acererak's Fourth Warning,7D. 阿瑟瑞克的第四次警告,project-proposed
ToA,/data/5/entries/5/entries/10/name,8. Magical Attraction,8. 魔法吸引,project-proposed
ToA,/data/5/entries/5/entries/11/name,9. Magic Fountain,9. 魔法噴泉,project-proposed
ToA,/data/5/entries/5/entries/11/entries/1/name,Advice from the Spirits,來自靈魂的建議,project-proposed
ToA,/data/5/entries/5/entries/11/entries/2/name,Magic Fountain,魔法噴泉,project-proposed
ToA,/data/5/entries/5/entries/11/entries/3/name,Magic Fountain Effects,魔法噴泉效果,project-proposed
ToA,/data/5/entries/5/entries/12/name,10. Obo'laka's Tomb,10. 奧博娜卡的墓,project-proposed
ToA,/data/5/entries/5/entries/12/entries/3/name,Disk of Eyes,眼睛盤,project-proposed
ToA,/data/5/entries/5/entries/12/entries/4/name,Sarcophagus,石棺,project-proposed
ToA,/data/5/entries/5/entries/12/entries/5/name,Secret Doors,暗門,project-proposed
ToA,/data/5/entries/5/entries/12/entries/6/name,Treasure,寶藏,existing-site
ToA,/data/5/entries/5/entries/12/entries/6/entries/1/name,Obo'laka's Spirit,奧博娜卡的靈魂,project-proposed
ToA,/data/5/entries/5/entries/13/name,11. Gas Pocket,11. 氣體囊,project-proposed
ToA,/data/5/entries/5/entries/14/name,12. Trapped Chest,12. 陷阱寶箱,project-proposed
ToA,/data/5/entries/5/entries/14/entries/5/name,Treasure,寶藏,existing-site
ToA,/data/5/entries/5/entries/15/name,13. Stone Skull,13. 石骷髏,project-proposed
ToA,/data/5/entries/5/entries/16/name,14. Moa's Tomb,14. 莫阿的墓,project-proposed
ToA,/data/5/entries/5/entries/16/entries/3/name,Nepartak's Skull,尼帕塔克的頭骨,project-proposed
ToA,/data/5/entries/5/entries/16/entries/4/name,Undead Spider Warrens,不死生物蜘蛛巢穴,project-proposed
ToA,/data/5/entries/5/entries/16/entries/5/name,Treasure,寶藏,existing-site
ToA,/data/5/entries/5/entries/16/entries/5/entries/1/name,Moa's Spirit,莫阿的靈魂,project-proposed
ToA,/data/5/entries/5/entries/17/name,15. Wind Tunnel,15. 風道,project-proposed
ToA,/data/5/entries/5/entries/18/name,16. Wongo's Tomb,16. 望戈的墓,project-proposed
ToA,/data/5/entries/5/entries/18/entries/2/name,Treasure Chests,寶箱,project-proposed
ToA,/data/5/entries/5/entries/18/entries/3/name,Sarcophagus,石棺,project-proposed
ToA,/data/5/entries/5/entries/18/entries/4/name,Treasure,寶藏,existing-site
ToA,/data/5/entries/5/entries/18/entries/4/entries/1/name,Wongo's Spirit,望戈的靈,project-proposed
ToA,/data/5/entries/5/entries/19/name,17. Underground Waterfall,17. 地下瀑布,project-proposed
ToA,/data/5/entries/5/entries/19/entries/2/name,Ledge,巖架,project-proposed
ToA,/data/5/entries/6/name,Level 2: Dungeon of Deception,第二層：欺騙之迷宮,project-proposed
ToA,/data/5/entries/6/entries/2/name,18. Devil Pit,18. 魔鬼坑,project-proposed
ToA,/data/5/entries/6/entries/3/name,19. Gravity Ring,19. 重力環,project-proposed
ToA,/data/5/entries/6/entries/3/entries/3/name,Advice from the Spirits,來自靈魂的建議,project-proposed
ToA,/data/5/entries/6/entries/3/entries/4/name,Mirror Tomb,鏡之墓,project-proposed
ToA,/data/5/entries/6/entries/3/entries/5/name,Devlin's Journal,德夫林的日誌,project-proposed
ToA,/data/5/entries/6/entries/3/entries/6/name,Treasure,寶藏,existing-site
ToA,/data/5/entries/6/entries/4/name,20. False Tomb,20. 假墓,project-proposed
ToA,/data/5/entries/6/entries/4/entries/3/name,Advice from the Spirits,來自靈魂的建議,project-proposed
ToA,/data/5/entries/6/entries/4/entries/4/name,Trap,陷阱,existing-site
ToA,/data/5/entries/6/entries/4/entries/5/name,Escape Tunnel,逃跑隧道,project-proposed
ToA,/data/5/entries/6/entries/5/name,21. Zombie Door,21. 殭屍門,project-proposed
ToA,/data/5/entries/6/entries/6/name,22. Papazotl's Tomb,22. 帕帕扎圖的墓,project-proposed
ToA,/data/5/entries/6/entries/6/entries/2/name,Advice from the Spirits,來自靈魂的建議,project-proposed
ToA,/data/5/entries/6/entries/6/entries/3/name,Glass Cauldrons,玻璃大鍋,project-proposed
ToA,/data/5/entries/6/entries/6/entries/4/name,Bronze Shield,銅盾牌,project-proposed
ToA,/data/5/entries/6/entries/6/entries/5/name,Sarcophagus,石棺,project-proposed
ToA,/data/5/entries/6/entries/6/entries/6/name,Treasure,寶藏,existing-site
ToA,/data/5/entries/6/entries/6/entries/6/entries/1/name,Papazotl's Spirit,帕帕扎圖的靈魂,project-proposed
ToA,/data/5/entries/6/entries/7/name,23. Bottled Genie,23. 瓶中精靈,project-proposed
ToA,/data/5/entries/6/entries/7/entries/3/name,Advice from the Spirits,來自靈魂的建議,project-proposed
ToA,/data/5/entries/6/entries/7/entries/4/name,Roleplaying the Dao,扮演土巨靈,project-proposed
ToA,/data/5/entries/6/entries/7/entries/5/name,Treasure,寶藏,existing-site
ToA,/data/5/entries/6/entries/8/name,24. Nangnang's Tomb,24. 娜浪的墓,project-proposed
ToA,/data/5/entries/6/entries/8/entries/2/name,Advice from the Spirits,來自靈魂的建議,project-proposed
ToA,/data/5/entries/6/entries/8/entries/3/name,Sarcophagus,石棺,project-proposed
ToA,/data/5/entries/6/entries/8/entries/4/name,Treasure,寶藏,existing-site
ToA,/data/5/entries/6/entries/8/entries/4/entries/1/name,Nangnang's Spirit,娜浪的靈魂,project-proposed
ToA,/data/5/entries/6/entries/9/name,25. Scrying Pool,25. 占卜池,project-proposed
ToA,/data/5/entries/6/entries/10/name,26. Spiral Staircase,26. 螺旋樓梯,project-proposed
ToA,/data/5/entries/6/entries/11/name,27. Forge of the Tomb Dwarves,27. 墓穴矮人的鍛造場,project-proposed
ToA,/data/5/entries/6/entries/11/entries/4/name,Iron Kiln,鐵砧爐,project-proposed
ToA,/data/5/entries/6/entries/11/entries/5/name,Treasure,寶藏,existing-site
ToA,/data/5/entries/6/entries/12/name,28. Withers's Office,28. 威瑟斯的辦公室,project-proposed
ToA,/data/5/entries/6/entries/12/entries/4/entries/0/name,Spellcasting,施法,existing-site
ToA,/data/5/entries/6/entries/12/entries/8/name,Journals,日誌,project-proposed
ToA,/data/5/entries/6/entries/12/entries/9/name,Treasure,寶藏,existing-site
ToA,/data/5/entries/7/name,Level 3: Vault of Reflection,第三層：反思之庫,project-proposed
ToA,/data/5/entries/7/entries/2/entries/0/name,Alien Growth,外星生長物,project-proposed
ToA,/data/5/entries/7/entries/3/name,29. Jackal Mask,29. 豺狼面具,project-proposed
ToA,/data/5/entries/7/entries/4/name,30. Iron Barrier,30. 鐵製屏障,project-proposed
ToA,/data/5/entries/7/entries/5/name,31. Reflected Hall,31. 反射大廳,project-proposed
ToA,/data/5/entries/7/entries/5/entries/4/entries/0/name,South Hall,南大廳,project-proposed
ToA,/data/5/entries/7/entries/5/entries/4/entries/1/name,North Hall,北大廳,project-proposed
ToA,/data/5/entries/7/entries/5/entries/5/name,31A. Hidden Alcoves,31A. 隱藏凹室,project-proposed
ToA,/data/5/entries/7/entries/5/entries/5/entries/2/name,Crystal Eyes,水晶之眼,project-proposed
ToA,/data/5/entries/7/entries/5/entries/6/name,31B. Curtain of Water,31B. 水簾,project-proposed
ToA,/data/5/entries/7/entries/6/name,32. Rotating Crawlways,32. 旋轉通道,project-proposed
ToA,/data/5/entries/7/entries/6/entries/2/name,Rotating Tunnel,旋轉隧道,project-proposed
ToA,/data/5/entries/7/entries/6/entries/3/name,Skeletal Remains,遺骨殘骸,project-proposed
ToA,/data/5/entries/7/entries/6/entries/4/name,Treasure,寶藏,existing-site
ToA,/data/5/entries/7/entries/6/entries/4/entries/1/name,Crystal Eye,水晶眼,project-proposed
ToA,/data/5/entries/7/entries/7/name,33. Chamber of Opposition,33. 對立之室,project-proposed
ToA,/data/5/entries/7/entries/7/entries/6/name,Treasure,寶藏,existing-site
ToA,/data/5/entries/7/entries/7/entries/6/entries/1/name,Crystal Eye,水晶眼,project-proposed
ToA,/data/5/entries/7/entries/7/entries/7/name,Empty Closet,空衣櫃,project-proposed
ToA,/data/5/entries/7/entries/8/name,34. Peephole,34. 窺視孔,project-proposed
ToA,/data/5/entries/7/entries/9/name,35. I'jin's Tomb,35. 艾金的墓,project-proposed
ToA,/data/5/entries/7/entries/9/entries/1/name,35A. Stone Block,35A. 石塊,project-proposed
ToA,/data/5/entries/7/entries/9/entries/2/name,35B. Tomb,35B. 墓穴,project-proposed
ToA,/data/5/entries/7/entries/9/entries/3/name,Advice from the Spirits,來自靈魂的建議,project-proposed
ToA,/data/5/entries/7/entries/9/entries/4/name,Hieroglyphic Floor,象形文字地板,project-proposed
ToA,/data/5/entries/7/entries/9/entries/5/name,Sphinx Statues,獅身人面像雕像,project-proposed
ToA,/data/5/entries/7/entries/9/entries/6/name,Sarcophagus,石棺,project-proposed
ToA,/data/5/entries/7/entries/9/entries/6/entries/2/name,I'jin's Spirit,艾金的靈魂,project-proposed
ToA,/data/5/entries/7/entries/9/entries/7/name,Treasure,寶藏,existing-site
ToA,/data/5/entries/7/entries/9/entries/7/entries/1/name,Crystal Eyes,水晶之眼,project-proposed
ToA,/data/5/entries/7/entries/10/name,36. Chamber of Respite,36. 休息之室,project-proposed
ToA,/data/5/entries/7/entries/11/name,37. Winds of Pandemonium,37. 混亂之風,project-proposed
ToA,/data/5/entries/7/entries/11/entries/2/name,Advice from the Spirits,來自靈魂的建議,project-proposed
ToA,/data/5/entries/7/entries/11/entries/3/name,Floating Platforms,漂浮平臺,project-proposed
ToA,/data/5/entries/7/entries/11/entries/4/name,Wailing Winds,狂風呼嘯,project-proposed
ToA,/data/5/entries/7/entries/11/entries/5/name,Statue,雕像,existing-site
ToA,/data/5/entries/7/entries/11/entries/6/name,Treasure,寶藏,existing-site
ToA,/data/5/entries/7/entries/11/entries/6/entries/1/name,Crystal Eyes,水晶之眼,project-proposed
ToA,/data/5/entries/7/entries/12/name,38. Revolving Room Trap,38. 旋轉房間陷阱,project-proposed
ToA,/data/5/entries/7/entries/12/entries/2/name,38A. Control Room,38A. 控制室,project-proposed
ToA,/data/5/entries/7/entries/12/entries/2/entries/2/name,Window,視窗,project-proposed
ToA,/data/5/entries/7/entries/12/entries/2/entries/3/name,Iron Lever,鐵質槓桿,project-proposed
ToA,/data/5/entries/7/entries/12/entries/3/name,38B. Access Tunnel,38B. 通道,project-proposed
ToA,/data/5/entries/7/entries/12/entries/4/name,38C. Revolving Drum,38C. 旋轉鼓,project-proposed
ToA,/data/5/entries/7/entries/12/entries/5/name,Revolving Room Effects,旋轉房間效果,project-proposed
ToA,/data/5/entries/7/entries/13/name,39. Golem Pit,39. 魔像坑,project-proposed
ToA,/data/5/entries/7/entries/13/entries/2/name,Advice from the Spirits,來自靈魂的建議,project-proposed
ToA,/data/5/entries/7/entries/13/entries/3/name,God Statues,神像,project-proposed
ToA,/data/5/entries/7/entries/13/entries/4/name,Stone Chest,石質寶箱,project-proposed
ToA,/data/5/entries/7/entries/13/entries/5/name,Treasure,寶藏,existing-site
ToA,/data/5/entries/7/entries/13/entries/5/entries/1/name,Crystal Eyes,水晶之眼,project-proposed
ToA,/data/5/entries/7/entries/14/name,40. Curse of the Golden Skull,40. 黃金骷髏的詛咒,project-proposed
ToA,/data/5/entries/7/entries/15/name,41. Tomb Guardians,41. 墓穴守衛,project-proposed
ToA,/data/5/entries/7/entries/15/entries/3/name,Spiked Chain,刺鏈,existing-site
ToA,/data/5/entries/7/entries/16/name,42. Kubazan's Tomb,42. 庫巴贊的墓,project-proposed
ToA,/data/5/entries/7/entries/16/entries/2/name,Advice from the Spirits,來自靈魂的建議,project-proposed
ToA,/data/5/entries/7/entries/16/entries/3/name,Frescoes,壁畫,project-proposed
ToA,/data/5/entries/7/entries/16/entries/3/entries/1/name,Fresco 1,壁畫1,project-proposed
ToA,/data/5/entries/7/entries/16/entries/3/entries/2/name,Fresco 2,壁畫2,project-proposed
ToA,/data/5/entries/7/entries/16/entries/3/entries/3/name,Fresco 3,壁畫3,project-proposed
ToA,/data/5/entries/7/entries/16/entries/3/entries/4/name,Fresco 4,壁畫4,project-proposed
ToA,/data/5/entries/7/entries/16/entries/4/name,Performing the Ritual,執行儀式,project-proposed
ToA,/data/5/entries/7/entries/16/entries/5/name,Sarcophagus,石棺,project-proposed
ToA,/data/5/entries/7/entries/16/entries/6/name,Treasure,寶藏,existing-site
ToA,/data/5/entries/7/entries/16/entries/6/entries/1/name,Kubazan's Spirit,庫巴贊的靈魂,project-proposed
ToA,/data/5/entries/7/entries/17/name,43. Veils of Fear,43. 恐懼之幕,project-proposed
ToA,/data/5/entries/7/entries/17/entries/7/name,Lord of the Feast,饕餮之主,project-proposed
ToA,/data/5/entries/7/entries/17/entries/8/name,Treasure,寶藏,existing-site
ToA,/data/5/entries/7/entries/18/name,44. Vault of the Beholder,44. 凝視者之庫,project-proposed
ToA,/data/5/entries/7/entries/18/entries/1/name,44A. Eyes of the Beholder,44A. 凝視者之眼,project-proposed
ToA,/data/5/entries/7/entries/18/entries/2/name,44B. Inside the Vault,44B. 庫內,project-proposed
ToA,/data/5/entries/7/entries/18/entries/3/name,Advice from the Spirits,來自靈魂的建議,project-proposed
ToA,/data/5/entries/7/entries/18/entries/4/name,"Black Drape, Iron Sphere",黑色布幔，鐵球,project-proposed
ToA,/data/5/entries/7/entries/18/entries/5/name,Beholder Tactics,巨眼魔戰術,project-proposed
ToA,/data/5/entries/7/entries/18/entries/6/name,Treasure,寶藏,existing-site
ToA,/data/5/entries/8/name,Level 4: Chambers of Horror,第四層：恐怖之室,project-proposed
ToA,/data/5/entries/8/entries/2/name,45. Gargoyle Guardians,45. 石像鬼守衛,project-proposed
ToA,/data/5/entries/8/entries/2/entries/7/name,Shaft,豎井,project-proposed
ToA,/data/5/entries/8/entries/2/entries/8/name,Treasure,寶藏,existing-site
ToA,/data/5/entries/8/entries/3/name,46. Lizard Den,46. 蜥蜴巢穴,project-proposed
ToA,/data/5/entries/8/entries/4/name,47. Elemental Cells,47. 元素牢房,project-proposed
ToA,/data/5/entries/8/entries/4/entries/2/name,47A. Fire Cell,47A. 火元素牢房,project-proposed
ToA,/data/5/entries/8/entries/4/entries/2/entries/2/name,Secret Door,暗門,project-proposed
ToA,/data/5/entries/8/entries/4/entries/2/entries/3/name,Lava Trap,熔岩陷阱,project-proposed
ToA,/data/5/entries/8/entries/4/entries/2/entries/4/name,Extinguishing the Candle,熄滅蠟燭,project-proposed
ToA,/data/5/entries/8/entries/4/entries/3/name,47B. Water Cell,47B. 水元素牢房,project-proposed
ToA,/data/5/entries/8/entries/4/entries/3/entries/2/name,Flood Trap,洪水陷阱,project-proposed
ToA,/data/5/entries/8/entries/4/entries/3/entries/3/name,Snails and Oysters,蝸牛和牡蠣,project-proposed
ToA,/data/5/entries/8/entries/4/entries/4/name,47C. Air Cell,47C. 風元素牢房,project-proposed
ToA,/data/5/entries/8/entries/4/entries/4/entries/5/name,Aarakocra Bones,鳥羽人骨骼,project-proposed
ToA,/data/5/entries/8/entries/4/entries/4/entries/6/name,Unlit Candle,未點燃的蠟燭,project-proposed
ToA,/data/5/entries/8/entries/4/entries/5/name,47D. Earth Cell,47D. 土元素牢房,project-proposed
ToA,/data/5/entries/8/entries/4/entries/5/entries/3/name,Trap,陷阱,existing-site
ToA,/data/5/entries/8/entries/4/entries/5/entries/4/name,Secret Door,暗門,project-proposed
ToA,/data/5/entries/8/entries/5/name,48. Shagambi's Tomb,48. 莎根比的墓,project-proposed
ToA,/data/5/entries/8/entries/5/entries/3/name,Advice from the Spirits,來自靈魂的建議,project-proposed
ToA,/data/5/entries/8/entries/5/entries/4/name,Teleportation Runes,傳送符文,project-proposed
ToA,/data/5/entries/8/entries/5/entries/5/name,Terracotta Warriors,兵馬俑戰士,project-proposed
ToA,/data/5/entries/8/entries/5/entries/6/name,Coffin,棺材,project-proposed
ToA,/data/5/entries/8/entries/5/entries/7/name,Treasure,寶藏,existing-site
ToA,/data/5/entries/8/entries/5/entries/7/entries/1/name,Shagambi's Spirit,莎根比的靈魂,project-proposed
ToA,/data/5/entries/8/entries/6/name,49. Maze of Death,49. 死亡迷宮,project-proposed
ToA,/data/5/entries/8/entries/6/entries/1/name,49A. Stone Slabs,49A. 石板,project-proposed
ToA,/data/5/entries/8/entries/6/entries/2/name,49B. Green Devil Face,49B. 綠色魔鬼面孔,project-proposed
ToA,/data/5/entries/8/entries/6/entries/3/name,49C. Black Opal Crown,49C. 黑蛋白石皇冠,project-proposed
ToA,/data/5/entries/8/entries/6/entries/3/entries/4/name,Treasure,寶藏,existing-site
ToA,/data/5/entries/8/entries/7/name,50. Mirror of Life Trapping,50. 生命陷阱之鏡,project-proposed
ToA,/data/5/entries/8/entries/7/entries/6/name,Destroying the Mirror,摧毀鏡子,project-proposed
ToA,/data/5/entries/8/entries/7/entries/7/name,Prisoners of the Mirror,鏡子的囚犯,project-proposed
ToA,/data/5/entries/8/entries/8/name,51. Ghastly Door,51. 恐怖之門,project-proposed
ToA,/data/5/entries/8/entries/9/name,52. Throne Room,52. 王座廳,project-proposed
ToA,/data/5/entries/8/entries/9/entries/2/name,Advice from the Spirits,來自靈魂的建議,project-proposed
ToA,/data/5/entries/8/entries/9/entries/3/name,Blind Artists,盲人藝術家,project-proposed
ToA,/data/5/entries/8/entries/9/entries/4/name,Throne of Acererak,阿瑟瑞克的寶座,project-proposed
ToA,/data/5/entries/8/entries/9/entries/4/entries/1/name,Acererak's Scepter,阿瑟瑞克的權杖,project-proposed
ToA,/data/5/entries/8/entries/9/entries/5/name,Secret Doors,暗門,project-proposed
ToA,/data/5/entries/8/entries/10/name,53. Crypt of the Sun Queen,53. 日之女王的墓穴,project-proposed
ToA,/data/5/entries/8/entries/10/entries/4/name,Golden Sun,金色太陽,project-proposed
ToA,/data/5/entries/8/entries/10/entries/5/name,Treasure,寶藏,existing-site
ToA,/data/5/entries/8/entries/10/entries/5/entries/1/name,Jewelry Box,珠寶盒,project-proposed
ToA,/data/5/entries/8/entries/10/entries/5/entries/2/name,Sarcophagus,石棺,project-proposed
ToA,/data/5/entries/8/entries/10/entries/6/name,Questioning Napaka,詢問納帕卡,project-proposed
ToA,/data/5/entries/8/entries/11/name,54. Rolling Doom,54. 滾動的厄運,project-proposed
ToA,/data/5/entries/8/entries/11/entries/2/name,54A. Treasure Chest,54A. 寶箱,project-proposed
ToA,/data/5/entries/8/entries/11/entries/3/name,54B. Granite Ball,54B. 花崗巖球,project-proposed
ToA,/data/5/entries/8/entries/11/entries/4/name,54C. Acid Pit,54C. 酸液坑,project-proposed
ToA,/data/5/entries/8/entries/12/name,55. Unkh's Tomb,55. 安珂的墓,project-proposed
ToA,/data/5/entries/8/entries/12/entries/2/name,Advice from the Spirits,來自靈魂的建議,project-proposed
ToA,/data/5/entries/8/entries/12/entries/3/name,Maze,迷宮術,existing-site
ToA,/data/5/entries/8/entries/12/entries/3/entries/8/name,Finding a Key,尋找鑰匙,project-proposed
ToA,/data/5/entries/8/entries/12/entries/4/name,Maze Discoveries,迷宮發現,project-proposed
ToA,/data/5/entries/8/entries/12/entries/5/name,Sarcophagus,石棺,project-proposed
ToA,/data/5/entries/8/entries/12/entries/6/name,Treasure,寶藏,existing-site
ToA,/data/5/entries/8/entries/12/entries/6/entries/1/name,Unkh's Spirit,安珂的靈魂,project-proposed
ToA,/data/5/entries/8/entries/12/entries/7/name,Acererak's Gift,阿瑟瑞克的禮物,project-proposed
ToA,/data/5/entries/8/entries/12/entries/7/entries/1/name,Black Key,黑色鑰匙,project-proposed
ToA,/data/5/entries/8/entries/12/entries/7/entries/2/name,Blue Key,藍色鑰匙,project-proposed
ToA,/data/5/entries/8/entries/12/entries/7/entries/3/name,Gold Key,金鑰匙,project-proposed
ToA,/data/5/entries/8/entries/12/entries/7/entries/4/name,Green Key,綠色鑰匙,project-proposed
ToA,/data/5/entries/8/entries/12/entries/7/entries/5/name,Purple Key,紫色鑰匙,project-proposed
ToA,/data/5/entries/8/entries/12/entries/7/entries/6/name,Red Key,紅鑰匙,project-proposed
ToA,/data/5/entries/8/entries/13/name,56. Grandfather Clock,56. 祖父鍾,project-proposed
ToA,/data/5/entries/8/entries/13/entries/3/name,Advice from the Spirits,來自靈魂的建議,project-proposed
ToA,/data/5/entries/8/entries/13/entries/4/name,Clock,時鐘,project-proposed
ToA,/data/5/entries/8/entries/13/entries/5/name,Treasure,寶藏,existing-site
ToA,/data/5/entries/8/entries/14/name,57. Oubliette,57. 遺忘之井,project-proposed
ToA,/data/5/entries/8/entries/14/entries/4/name,Green Devil Face,綠色魔鬼面具,project-proposed
ToA,/data/5/entries/9/name,Level 5: Gears of Hate,第五層：仇恨之齒輪,project-proposed
ToA,/data/5/entries/9/entries/2/entries/0/name,Aboleth Slime,阿波羅斯粘液,project-proposed
ToA,/data/5/entries/9/entries/2/entries/1/name,Great Stone Gears,巨石齒輪,project-proposed
ToA,/data/5/entries/9/entries/3/name,58. Cog of Rot,58. 腐朽齒輪,project-proposed
ToA,/data/5/entries/9/entries/4/name,59. Cog of Acid,59. 酸液齒輪,project-proposed
ToA,/data/5/entries/9/entries/5/name,60. Cog of Blood,60. 血之齒輪,project-proposed
ToA,/data/5/entries/9/entries/5/entries/5/name,Acheron Wardrobe,修羅場衣櫃,project-proposed
ToA,/data/5/entries/9/entries/5/entries/6/name,Gehenna Wardrobe,焦炎火獄衣櫃,project-proposed
ToA,/data/5/entries/9/entries/5/entries/7/name,Mechanus Wardrobe,機械境衣櫃,project-proposed
ToA,/data/5/entries/9/entries/5/entries/8/name,Nine Hells Wardrobe,九層地獄衣櫃,project-proposed
ToA,/data/5/entries/9/entries/5/entries/9/name,Shadowfell Wardrobe,影域衣櫃,project-proposed
ToA,/data/5/entries/9/entries/6/name,61. Control Room,61. 控制室,project-proposed
ToA,/data/5/entries/9/entries/6/entries/2/name,Advice from the Spirits,來自靈魂的建議,project-proposed
ToA,/data/5/entries/9/entries/6/entries/3/name,Concealed Crawlway,隱蔽的爬行通道,project-proposed
ToA,/data/5/entries/9/entries/6/entries/4/name,Control Panel,控制面板,project-proposed
ToA,/data/5/entries/9/entries/6/entries/4/entries/2/name,Blue Dial,藍色刻度盤,project-proposed
ToA,/data/5/entries/9/entries/6/entries/4/entries/3/name,Blue Button,藍色按鈕,project-proposed
ToA,/data/5/entries/9/entries/6/entries/4/entries/4/name,Gold Lever,金色槓桿,project-proposed
ToA,/data/5/entries/9/entries/6/entries/4/entries/5/name,Red Button,紅色按鈕,project-proposed
ToA,/data/5/entries/9/entries/6/entries/4/entries/6/name,Red Dial,紅色刻度盤,project-proposed
ToA,/data/5/entries/9/entries/6/entries/5/name,Cog Configurations,齒輪配置,project-proposed
ToA,/data/5/entries/9/entries/7/name,62. Stone Juggernaut,62. 岩石戰車,project-proposed
ToA,/data/5/entries/9/entries/7/entries/1/name,"62A. ""Awaken Napaka!""","62A. ""喚醒納帕卡！""",project-proposed
ToA,/data/5/entries/9/entries/7/entries/2/name,62B. Sloped Hall,62B. 傾斜走廊,project-proposed
ToA,/data/5/entries/9/entries/7/entries/2/entries/2/name,Candles,蠟燭,project-proposed
ToA,/data/5/entries/9/entries/7/entries/2/entries/3/name,Secret Crawlway,秘密爬行通道,project-proposed
ToA,/data/5/entries/9/entries/7/entries/3/name,62C. Broken Statue,62C. 破碎的雕像,project-proposed
ToA,/data/5/entries/9/entries/7/entries/4/name,62D. Secret Room,62D. 秘密房間,project-proposed
ToA,/data/5/entries/9/entries/7/entries/4/entries/2/name,Napaka Awakens,納帕卡覺醒,project-proposed
ToA,/data/5/entries/9/entries/7/entries/4/entries/3/name,Treasure,寶藏,existing-site
ToA,/data/5/entries/9/entries/8/name,63. Gas-Filled Room,63. 充滿氣體的房間,project-proposed
ToA,/data/5/entries/9/entries/8/entries/5/name,Treasure,寶藏,existing-site
ToA,/data/5/entries/9/entries/9/name,64. Base of the Waterfall,64. 瀑布底部,project-proposed
ToA,/data/5/entries/9/entries/10/name,65. Underground Lake,65. 地下湖,project-proposed
ToA,/data/5/entries/9/entries/10/entries/4/name,Lurker in the Lake,湖中的潛伏者,project-proposed
ToA,/data/5/entries/9/entries/11/name,66. Door of Devouring,66. 吞噬之門,project-proposed
ToA,/data/5/entries/9/entries/11/entries/5/name,Hungry Door,飢餓之門,project-proposed
ToA,/data/5/entries/9/entries/11/entries/6/name,Diving Cage,潛水籠,project-proposed
ToA,/data/5/entries/9/entries/11/entries/7/name,Rowboats,划艇,existing-site
ToA,/data/5/entries/9/entries/11/entries/7/entries/1/name,Predator,捕食者,project-proposed
ToA,/data/5/entries/9/entries/11/entries/7/entries/2/name,Prey,獵物,existing-site
ToA,/data/5/entries/9/entries/12/name,67. Hall of the Golden Mastodon,67. 金象大廳,project-proposed
ToA,/data/5/entries/9/entries/12/entries/3/name,Advice from the Spirits,來自靈魂的建議,project-proposed
ToA,/data/5/entries/9/entries/12/entries/4/name,Golden Mastodon,金色乳齒象,project-proposed
ToA,/data/5/entries/9/entries/12/entries/5/name,Ch'gakare,查加卡雷,project-proposed
ToA,/data/5/entries/9/entries/12/entries/6/name,Treasure,寶藏,existing-site
ToA,/data/5/entries/9/entries/13/name,68. Hall of Decay,68. 腐朽之廳,project-proposed
ToA,/data/5/entries/9/entries/14/name,69. Mechanus Chain,69. 機械境鏈,project-proposed
ToA,/data/5/entries/9/entries/14/entries/2/name,Modron Intervention,魔冢幹預,project-proposed
ToA,/data/5/entries/9/entries/14/entries/3/name,Planar Lore,位面知識,project-proposed
ToA,/data/5/entries/9/entries/14/entries/4/name,The Shaft,井道,project-proposed
ToA,/data/5/entries/9/entries/15/name,70. Armillary Sphere,70. 渾天儀,project-proposed
ToA,/data/5/entries/9/entries/15/entries/2/name,Activating the Sphere,啟用球體,project-proposed
ToA,/data/5/entries/9/entries/15/entries/3/name,Monster in the Moon,月亮中的怪物,project-proposed
ToA,/data/5/entries/9/entries/15/entries/4/name,Critical Conjunction,關鍵合相,project-proposed
ToA,/data/5/entries/9/entries/15/entries/5/name,Armillary Sphere Conjunction,渾天儀合相,project-proposed
ToA,/data/5/entries/9/entries/15/entries/6/name,Secret Crawlway,秘密爬行通道,project-proposed
ToA,/data/5/entries/10/name,Level 6: Cradle of the Death God,第六層：死亡之神的搖籃,project-proposed
ToA,/data/5/entries/10/entries/2/name,71. Lair of the Sewn Sisters,71. 縫補姐妹的巢穴,project-proposed
ToA,/data/5/entries/10/entries/2/entries/5/name,Hag Dolls,女巫玩偶,project-proposed
ToA,/data/5/entries/10/entries/2/entries/5/entries/9/name,Strawbundle's Charm,草包的護咒,existing-site
ToA,/data/5/entries/10/entries/2/entries/5/entries/10/name,Clay No-Face's Charm,無臉粘土的護咒,existing-site
ToA,/data/5/entries/10/entries/2/entries/5/entries/11/name,Joho's Charm,約霍的護咒,existing-site
ToA,/data/5/entries/10/entries/2/entries/5/entries/11/entries/2/name,The Sewn Sisters,縫合姐妹,project-proposed
ToA,/data/5/entries/10/entries/2/entries/6/name,Cage,籠子,project-proposed
ToA,/data/5/entries/10/entries/2/entries/7/name,Cauldron,吊掛大鍋,project-proposed
ToA,/data/5/entries/10/entries/2/entries/8/name,Skeleton Gate,骷髏門,project-proposed
ToA,/data/5/entries/10/entries/2/entries/8/entries/5/name,Facing the Night Hags,面對夜巫婆,project-proposed
ToA,/data/5/entries/10/entries/3/name,72. Trial of the Triangle,72. 三角試煉,project-proposed
ToA,/data/5/entries/10/entries/4/name,73. Trial of the Square,73. 正方形試煉,project-proposed
ToA,/data/5/entries/10/entries/4/entries/9/name,Phantom Lever,幻影拉桿,project-proposed
ToA,/data/5/entries/10/entries/5/name,74. Trial of the Pentagon,74. 五邊形試煉,project-proposed
ToA,/data/5/entries/10/entries/5/entries/5/name,Advice from the Spirits,來自靈魂的建議,project-proposed
ToA,/data/5/entries/10/entries/5/entries/6/name,Magical Feast,魔法盛宴,project-proposed
ToA,/data/5/entries/10/entries/5/entries/7/name,Tapestries,掛毯,project-proposed
ToA,/data/5/entries/10/entries/6/name,75. Trial of the Hexagon,75. 六邊形試煉,project-proposed
ToA,/data/5/entries/10/entries/6/entries/3/name,Cracked Mirror,破裂的鏡子,project-proposed
ToA,/data/5/entries/10/entries/6/entries/3/entries/3/name,True Lever,真正的拉桿,project-proposed
ToA,/data/5/entries/10/entries/6/entries/3/entries/4/name,False Lever,假拉桿,project-proposed
ToA,/data/5/entries/10/entries/7/name,76. Trial of the Octagon,76. 八邊形試煉,project-proposed
ToA,/data/5/entries/10/entries/7/entries/6/name,Nursery Rhyme Book,兒歌書,project-proposed
ToA,/data/5/entries/10/entries/7/entries/7/name,Spider Fan Trap,蜘蛛扇陷阱,project-proposed
ToA,/data/5/entries/10/entries/8/name,77. Death God's Nursery,77. 死神的育嬰室,project-proposed
ToA,/data/5/entries/10/entries/8/entries/5/name,Advice from the Spirits,來自靈魂的建議,project-proposed
ToA,/data/5/entries/10/entries/8/entries/6/name,The Soulmonger,噬魂器,project-proposed
ToA,/data/5/entries/10/entries/8/entries/6/entries/3/name,Adamantine Struts,精金支架,project-proposed
ToA,/data/5/entries/10/entries/8/entries/6/entries/4/name,Tentacles,觸鬚,existing-site
ToA,/data/5/entries/10/entries/8/entries/6/entries/5/name,Destroying the Soulmonger,摧毀噬魂器,project-proposed
ToA,/data/5/entries/10/entries/8/entries/7/name,Lava Pit,巖漿坑,project-proposed
ToA,/data/5/entries/10/entries/8/entries/8/name,Phylacteries,符咒盒,project-proposed
ToA,/data/5/entries/10/entries/8/entries/9/name,Mist Gate,迷霧之門,project-proposed
ToA,/data/5/entries/10/entries/8/entries/10/name,Acererak's Revenge,阿瑟瑞克的復仇,project-proposed
ToA,/data/5/entries/10/entries/8/entries/10/entries/4/name,Wrath of the Trickster Gods,詭神的憤怒,project-proposed
ToA,/data/5/entries/10/entries/8/entries/11/name,Acererak's Defeat,阿瑟瑞克的失敗,project-proposed
ToA,/data/5/entries/10/entries/9/name,78. Chapel of Hate,78. 仇恨禮拜堂,project-proposed
ToA,/data/5/entries/10/entries/9/entries/3/name,Advice from the Spirits,來自靈魂的建議,project-proposed
ToA,/data/5/entries/10/entries/9/entries/4/name,Body Bag,身體袋,project-proposed
ToA,/data/5/entries/10/entries/9/entries/5/name,Devotees of Acererak,阿瑟瑞克的信徒,project-proposed
ToA,/data/5/entries/10/entries/10/name,79. Hall of Finality,79. 最終之廳,project-proposed
ToA,/data/5/entries/10/entries/10/entries/2/name,Advice from the Spirits,來自靈魂的建議,project-proposed
ToA,/data/5/entries/10/entries/10/entries/3/name,Charred Skeleton and Secret Door,焦黑的骷髏和秘密門,project-proposed
ToA,/data/5/entries/10/entries/10/entries/3/entries/1/name,Glyph of Warding,守衛刻文,existing-site
ToA,/data/5/entries/10/entries/10/entries/3/entries/2/name,Wall of Fire,火牆術,existing-site
ToA,/data/5/entries/10/entries/10/entries/4/name,Golden Trail and Secret Door,金色小徑和秘密門,project-proposed
ToA,/data/5/entries/10/entries/10/entries/4/entries/1/name,Glyph of Warding,守衛刻文,existing-site
ToA,/data/5/entries/10/entries/10/entries/5/name,Purple Trail,紫色小徑,project-proposed
ToA,/data/5/entries/10/entries/10/entries/6/name,Red Trail,紅色小徑,project-proposed
ToA,/data/5/entries/10/entries/11/name,80. Red Library,80. 紅圖書館,project-proposed
ToA,/data/5/entries/10/entries/11/entries/6/name,Alcove,壁龕,project-proposed
ToA,/data/5/entries/10/entries/11/entries/7/name,Treasure,寶藏,existing-site
ToA,/data/5/entries/10/entries/12/name,81. Ebon Pool,81. 烏木池,project-proposed
ToA,/data/5/entries/10/entries/12/entries/2/name,Activating the Pool,啟用水池,project-proposed
ToA,/data/5/entries/11/name,Conclusion,結局,project-proposed
ToA,/data/5/entries/11/entries/1/name,Lost Treasures,失落的寶藏,project-proposed
ToA,/data/5/entries/11/entries/1/entries/1/name,Relics of the Past,過去的聖物,project-proposed
ToA,/data/5/entries/11/entries/1/entries/1/entries/1/name,Black Opal Crown (Area 49),黑蛋白石皇冠（區域49）,project-proposed
ToA,/data/5/entries/11/entries/1/entries/1/entries/2/name,Eye of Zaltec (Area 62),扎爾特克之眼（區域62）,project-proposed
ToA,/data/5/entries/11/entries/1/entries/1/entries/3/name,Navel of the Moon (Area 56),月亮的肚臍（區域56）,project-proposed
ToA,/data/5/entries/11/entries/1/entries/1/entries/4/name,Skull Chalice of Ch'gakare (Area 67),奇加克雷的骷髏聖盃（區域67）,project-proposed
ToA,/data/5/entries/11/entries/1/entries/2/name,Magic Items of the Trickster Gods,詭神的魔法物品,project-proposed
ToA,/data/5/entries/11/entries/2/name,Syndra's Fate,辛德拉的命運,project-proposed
ToA,/data/5/entries/11/entries/3/name,Artus and the Ring of Winter,阿圖斯和寒冬之戒,project-proposed
ToA,/data/5/entries/11/entries/4/name,Dragonbait,龍餌,existing-site
ToA,/data/5/entries/11/entries/5/name,Omu,奧姆,project-proposed
ToA,/data/5/entries/11/entries/6/name,Red Wizards of Thay,泰伊紅袍法師,project-proposed
ToA,/data/5/entries/11/entries/7/name,Acererak the Eternal,永恆之阿瑟瑞克,project-proposed
ToA,/data/5/entries/11/entries/8/name,More Adventures,更多冒險,project-proposed
ToA,/data/6/name,Appendix A: Character Backgrounds,附錄A：角色背景,project-proposed
ToA,/data/7/name,Appendix B: Random Encounters,附錄B：隨機遭遇,project-proposed
ToA,/data/7/entries/1/name,Port Nyanzaru Encounters,南扎路港遭遇,project-proposed
ToA,/data/7/entries/2/name,Wilderness Encounters,野外遭遇,project-proposed
ToA,/data/7/entries/2/entries/5/entries/0/name,Aarakocra,鳥羽人,existing-site
ToA,/data/7/entries/2/entries/5/entries/1/name,Albino Dwarves,白矮人,project-proposed
ToA,/data/7/entries/2/entries/5/entries/2/name,Aldani,龍蝦人,project-proposed
ToA,/data/7/entries/2/entries/5/entries/3/name,Almiraj,獨角兔,existing-site
ToA,/data/7/entries/2/entries/5/entries/4/name,Apes,猿,project-proposed
ToA,/data/7/entries/2/entries/5/entries/5/name,Artus Cimber,阿圖斯·辛貝爾,existing-site
ToA,/data/7/entries/2/entries/5/entries/6/name,Assassin Vines,刺客藤蔓,project-proposed
ToA,/data/7/entries/2/entries/5/entries/7/name,Axe Beaks,斧嘴鳥們,existing-site
ToA,/data/7/entries/2/entries/5/entries/8/name,Baboons,狒狒,project-proposed
ToA,/data/7/entries/2/entries/5/entries/9/name,Cache,儲藏處,project-proposed
ToA,/data/7/entries/2/entries/5/entries/10/name,Cannibals,食人族,project-proposed
ToA,/data/7/entries/2/entries/5/entries/11/name,Chwinga,怯蘊阿靈,existing-site
ToA,/data/7/entries/2/entries/5/entries/12/name,Crocodiles,鱷魚,project-proposed
ToA,/data/7/entries/2/entries/5/entries/13/name,Cyclops,獨眼巨人,existing-site
ToA,/data/7/entries/2/entries/5/entries/14/name,Dinosaurs,恐龍,existing-site
ToA,/data/7/entries/2/entries/5/entries/14/entries/1/name,Allosaurus,異特龍,existing-site
ToA,/data/7/entries/2/entries/5/entries/14/entries/2/name,Ankylosaurus,甲龍,existing-site
ToA,/data/7/entries/2/entries/5/entries/14/entries/3/name,Brontosaurus,雷龍,existing-site
ToA,/data/7/entries/2/entries/5/entries/14/entries/4/name,Deinonychus,恐爪龍,existing-site
ToA,/data/7/entries/2/entries/5/entries/14/entries/5/name,Dimetrodon,異齒龍,existing-site
ToA,/data/7/entries/2/entries/5/entries/14/entries/6/name,Hadrosaurus,鴨嘴龍,existing-site
ToA,/data/7/entries/2/entries/5/entries/14/entries/7/name,Plesiosaurus,蛇頸龍,existing-site
ToA,/data/7/entries/2/entries/5/entries/14/entries/8/name,Pteranodon,翼龍,existing-site
ToA,/data/7/entries/2/entries/5/entries/14/entries/9/name,Quetzalcoatlus,風神翼龍,existing-site
ToA,/data/7/entries/2/entries/5/entries/14/entries/10/name,Stegosaurus,劍龍,existing-site
ToA,/data/7/entries/2/entries/5/entries/14/entries/11/name,Triceratops,三角龍,existing-site
ToA,/data/7/entries/2/entries/5/entries/14/entries/12/name,Tyrannosaurus,霸王龍,project-proposed
ToA,/data/7/entries/2/entries/5/entries/14/entries/13/name,Velociraptor,伶盜龍,existing-site
ToA,/data/7/entries/2/entries/5/entries/15/name,"Dragon, Faerie",仙女龍,project-proposed
ToA,/data/7/entries/2/entries/5/entries/16/name,"Dragon, Red",紅龍,project-proposed
ToA,/data/7/entries/2/entries/5/entries/17/name,Eblis,魔王鶴,existing-site
ToA,/data/7/entries/2/entries/5/entries/18/name,Emerald Enclave,翠綠閒庭,project-proposed
ToA,/data/7/entries/2/entries/5/entries/18/entries/1/name,Enclave Scouts,聯盟偵察兵,project-proposed
ToA,/data/7/entries/2/entries/5/entries/18/entries/2/name,Enclave Outpost,聯盟前哨站,project-proposed
ToA,/data/7/entries/2/entries/5/entries/19/name,"Explorer, Dead",死去的探險家,project-proposed
ToA,/data/7/entries/2/entries/5/entries/20/name,Explorers,探險家,project-proposed
ToA,/data/7/entries/2/entries/5/entries/20/entries/1/items/0/name,1–2,1–2,project-proposed
ToA,/data/7/entries/2/entries/5/entries/20/entries/1/items/1/name,3–4,3–4,project-proposed
ToA,/data/7/entries/2/entries/5/entries/20/entries/1/items/2/name,5,5,project-proposed
ToA,/data/7/entries/2/entries/5/entries/20/entries/1/items/3/name,6,6,project-proposed
ToA,/data/7/entries/2/entries/5/entries/21/name,Firenewts,熔螈,existing-site
ToA,/data/7/entries/2/entries/5/entries/22/name,Flail Snail,鏈枷蝸牛,existing-site
ToA,/data/7/entries/2/entries/5/entries/23/name,Flaming Fist,焰拳,project-proposed
ToA,/data/7/entries/2/entries/5/entries/24/name,Flying Monkeys,飛猴,project-proposed
ToA,/data/7/entries/2/entries/5/entries/25/name,Flying Snakes,飛蛇,project-proposed
ToA,/data/7/entries/2/entries/5/entries/26/name,Frost Giants,霜巨人,project-proposed
ToA,/data/7/entries/2/entries/5/entries/27/name,Giant Boars,鉅野豬,project-proposed
ToA,/data/7/entries/2/entries/5/entries/28/name,Giant Crocodile,巨鱷,existing-site
ToA,/data/7/entries/2/entries/5/entries/29/name,Giant Frogs,巨蛙,project-proposed
ToA,/data/7/entries/2/entries/5/entries/30/name,Giant Lizards,巨蜥,project-proposed
ToA,/data/7/entries/2/entries/5/entries/31/name,Giant Scorpions,巨蠍,project-proposed
ToA,/data/7/entries/2/entries/5/entries/32/name,Giant Snapping Turtle,巨鱷龜,existing-site
ToA,/data/7/entries/2/entries/5/entries/33/name,Giant Wasps,巨黃蜂,project-proposed
ToA,/data/7/entries/2/entries/5/entries/34/name,Girallons,四臂猿怪,project-proposed
ToA,/data/7/entries/2/entries/5/entries/35/name,Goblins,地精,existing-site
ToA,/data/7/entries/2/entries/5/entries/36/name,Grungs,格龍蛙人們,existing-site
ToA,/data/7/entries/2/entries/5/entries/37/name,Jaculis,幻色蛇,project-proposed
ToA,/data/7/entries/2/entries/5/entries/38/name,Kamadans,六岐蛇豹人,project-proposed
ToA,/data/7/entries/2/entries/5/entries/39/name,Lizardfolk,蜥蜴人,existing-site
ToA,/data/7/entries/2/entries/5/entries/40/name,Blue Mist,藍色霧氣,project-proposed
ToA,/data/7/entries/2/entries/5/entries/41/name,Magmins,火童,project-proposed
ToA,/data/7/entries/2/entries/5/entries/42/name,Mantraps,捕人草,project-proposed
ToA,/data/7/entries/2/entries/5/entries/43/name,Mephits,魔蝠,existing-site
ToA,/data/7/entries/2/entries/5/entries/44/name,Night Hag,夜鬼婆,existing-site
ToA,/data/7/entries/2/entries/5/entries/45/name,Pterafolk,翼手獸,existing-site
ToA,/data/7/entries/2/entries/5/entries/46/name,Rare Plant(s),稀有植物,project-proposed
ToA,/data/7/entries/2/entries/5/entries/47/name,Red Wizard,紅袍巫師會,existing-site
ToA,/data/7/entries/2/entries/5/entries/48/name,Salamander,火蜥蜴,existing-site
ToA,/data/7/entries/2/entries/5/entries/49/name,Sea Hags,海鬼婆,project-proposed
ToA,/data/7/entries/2/entries/5/entries/50/name,Shambling Mound,蔓生怪,existing-site
ToA,/data/7/entries/2/entries/5/entries/51/name,"Snake, Constrictor",蟒蛇，絞殺者,project-proposed
ToA,/data/7/entries/2/entries/5/entries/52/name,"Snake, Giant Constrictor",巨蟒，絞殺者,project-proposed
ToA,/data/7/entries/2/entries/5/entries/53/name,"Snake, Giant Poisonous",巨蛇，有毒,project-proposed
ToA,/data/7/entries/2/entries/5/entries/54/name,Spiders,蜘蛛,project-proposed
ToA,/data/7/entries/2/entries/5/entries/55/name,Statue of Ubtao,烏巴奧雕像,project-proposed
ToA,/data/7/entries/2/entries/5/entries/56/name,Stirges,蚊蝠們,existing-site
ToA,/data/7/entries/2/entries/5/entries/57/name,Su-monsters,蘇怪,project-proposed
ToA,/data/7/entries/2/entries/5/entries/58/name,Swarms of Bats,蝙蝠群,project-proposed
ToA,/data/7/entries/2/entries/5/entries/59/name,Swarms of Insects,昆蟲叢集,existing-site
ToA,/data/7/entries/2/entries/5/entries/60/name,Swarms of Quippers,食人魚群,project-proposed
ToA,/data/7/entries/2/entries/5/entries/61/name,Tabaxi Hunter,斑貓獵人,existing-site
ToA,/data/7/entries/2/entries/5/entries/62/name,Tiger,虎,existing-site
ToA,/data/7/entries/2/entries/5/entries/63/name,Tri-flower Frond,三花株,existing-site
ToA,/data/7/entries/2/entries/5/entries/64/name,Troll,巨魔,existing-site
ToA,/data/7/entries/2/entries/5/entries/65/name,Undead,亡靈,existing-site
ToA,/data/7/entries/2/entries/5/entries/65/entries/1/name,Ghouls,食屍鬼們,existing-site
ToA,/data/7/entries/2/entries/5/entries/65/entries/2/name,Skeletons,骷髏們,existing-site
ToA,/data/7/entries/2/entries/5/entries/65/entries/3/name,Specter,惡靈,existing-site
ToA,/data/7/entries/2/entries/5/entries/65/entries/4/name,Wight,屍妖,existing-site
ToA,/data/7/entries/2/entries/5/entries/65/entries/5/name,Zombies,喪屍們,existing-site
ToA,/data/7/entries/2/entries/5/entries/65/entries/5/entries/2/items/0/name,1–3,1–3,project-proposed
ToA,/data/7/entries/2/entries/5/entries/65/entries/5/entries/2/items/1/name,4–5,4–5,project-proposed
ToA,/data/7/entries/2/entries/5/entries/65/entries/5/entries/2/items/2/name,6–7,6–7,project-proposed
ToA,/data/7/entries/2/entries/5/entries/65/entries/5/entries/2/items/3/name,8–9,8–9,project-proposed
ToA,/data/7/entries/2/entries/5/entries/65/entries/5/entries/2/items/4/name,10,10,project-proposed
ToA,/data/7/entries/2/entries/5/entries/66/name,Vegepygmies,孢子人們,existing-site
ToA,/data/7/entries/2/entries/5/entries/67/name,Wereboar,野豬人,existing-site
ToA,/data/7/entries/2/entries/5/entries/68/name,Weretiger,虎人,existing-site
ToA,/data/7/entries/2/entries/5/entries/69/name,Winterscape,冬日景象,project-proposed
ToA,/data/7/entries/2/entries/5/entries/70/name,Yellow Musk Creeper and Zombies,黃迷香爬藤和殭屍,project-proposed
ToA,/data/7/entries/2/entries/5/entries/71/name,Yuan-Ti,蛇人,existing-site
ToA,/data/7/entries/2/entries/5/entries/72/name,Zhentarim,散塔林會,project-proposed
ToA,/data/7/entries/2/entries/5/entries/73/name,Zorbos,佐博怪,project-proposed
ToA,/data/7/entries/3/name,Omu Encounters,奧姆遭遇,project-proposed
ToA,/data/7/entries/3/entries/2/entries/0/name,Gargoyles,石像鬼,project-proposed
ToA,/data/7/entries/3/entries/2/entries/1/name,Giant Wolf Spiders,巨狼蛛,project-proposed
ToA,/data/7/entries/3/entries/2/entries/2/name,King of Feathers,翎羽之王,existing-site
ToA,/data/7/entries/3/entries/2/entries/3/name,Kobolds,狗頭人,existing-site
ToA,/data/8/name,Appendix C: Discoveries,附錄C：發現,project-proposed
ToA,/data/8/entries/1/name,Flora and Fauna,動植物分佈,project-proposed
ToA,/data/8/entries/1/entries/4/name,Dancing Monkey Fruit,猴舞果,existing-site
ToA,/data/8/entries/1/entries/5/name,Menga Leaves,曼加葉,project-proposed
ToA,/data/8/entries/1/entries/6/name,Ryath Root,雷亞斯根莖,existing-site
ToA,/data/8/entries/1/entries/7/name,Sinda Berries,辛達莓果,project-proposed
ToA,/data/8/entries/1/entries/8/name,Wildroot,荒根,existing-site
ToA,/data/8/entries/1/entries/9/name,Wukka Nuts,嗚咔堅果,project-proposed
ToA,/data/8/entries/1/entries/10/name,Yahcha,亞查甲蟲,existing-site
ToA,/data/8/entries/1/entries/11/name,Zabou,扎孢菇,existing-site
ToA,/data/8/entries/2/name,Magic Items,魔法物品,existing-site
ToA,/data/9/name,Appendix D: Monsters and NPCs,附錄D：怪物與非玩家角色,project-proposed
ToA,/data/10/name,Appendix E: Player Handouts,附錄E：玩家講義,project-proposed
ToA,/data/10/entries/0/name,Handout 1: Players' Map of Chult,資料1：玩家的楚爾特地圖,project-proposed
ToA,/data/10/entries/1/name,Guides,嚮導,project-proposed
ToA,/data/10/entries/1/entries/0/name,Handout 2: Azaka Stormfang,資料2：婀扎卡·風暴之牙,project-proposed
ToA,/data/10/entries/1/entries/1/name,Handout 3: Eku,資料3：埃庫,project-proposed
ToA,/data/10/entries/1/entries/2/name,Handout 4: Faroul and Gondolo,資料4：法魯爾和岡多洛,project-proposed
ToA,/data/10/entries/1/entries/3/name,Handout 5: Hew Hackinstone,資料5：休·哈金斯通,project-proposed
ToA,/data/10/entries/1/entries/4/name,Handout 6: Musharib,資料6：穆沙瑞卜,project-proposed
ToA,/data/10/entries/1/entries/5/name,Handout 7: Qawasha and Kupalué,資料7：卡瓦沙和庫帕魯艾,project-proposed
ToA,/data/10/entries/1/entries/6/name,Handout 8: River Mist and Flask of Wine,資料8：河霧與酒壺,project-proposed
ToA,/data/10/entries/1/entries/7/name,Handout 9: Salida,資料9：薩莉達,project-proposed
ToA,/data/10/entries/1/entries/8/name,Handout 10: Shago,資料10：鯊狗,project-proposed
ToA,/data/10/entries/2/name,Handout 11: Puzzle Cubes,資料11：拼圖立方體,project-proposed
ToA,/data/10/entries/3/name,Handout 12: Players' Map of Omu,資料12：玩家的奧姆地圖,project-proposed
ToA,/data/10/entries/4/name,Handout 13: Lord Brixton's Letter,資料13：布里斯頓勳爵的信,project-proposed
ToA,/data/10/entries/5/name,Handout 14: I'jin's Puzzle Floor,資料14：艾金的拼圖地板,project-proposed
ToA,/data/10/entries/6/name,Handout 15: Papazotl's Riddle,資料15：帕帕扎圖的謎題,project-proposed
ToA,/data/10/entries/7/name,Handout 16: Papazotl's Puzzle Key,資料16：帕帕扎圖的謎題鑰匙,project-proposed
ToA,/data/10/entries/8/name,Acererak's Warnings,阿瑟瑞克的警告,project-proposed
ToA,/data/10/entries/8/entries/0/name,Handout 17: Acererak's First Warning,資料17：阿瑟瑞克的首次警告,project-proposed
ToA,/data/10/entries/8/entries/1/name,Handout 18: Acererak's Second Warning,資料18：阿瑟瑞克的第二次警告,project-proposed
ToA,/data/10/entries/8/entries/2/name,Handout 19: Acererak's Third Warning,資料19：阿瑟瑞克的第三次警告,project-proposed
ToA,/data/10/entries/8/entries/3/name,Handout 20: Acererak's Fourth Warning,資料20：阿瑟瑞克的第四次警告,project-proposed
ToA,/data/10/entries/9/name,Handout 21: Devlin's Journal Excerpt,資料21：德夫林的日記摘錄,project-proposed
ToA,/data/10/entries/10/name,Handout 22: Withers's Journal Excerpt,資料22：威瑟斯的日記摘錄,project-proposed
ToA,/data/10/entries/11/name,Handout 23: Hieroglyphic Floor,資料23：象形文字地板,project-proposed
ToA,/data/10/entries/12/name,Handout 24: Control Panel,資料24：控制面板,project-proposed
ToA,/data/11/name,Appendix F: Trickster Gods of Omu,附錄F：奧姆的詭神,project-proposed
ToA,/data/11/entries/1/name,Trickster Gods of Omu,奧姆城詭神,project-proposed
ToA,/data/12/name,Credits,製作組,project-proposed
ToA,/data/12/entries/0/entries/0/items/0/name,Designers,設計師,project-proposed
ToA,/data/12/entries/0/entries/0/items/1/name,Additional Design,額外設計,project-proposed
ToA,/data/12/entries/0/entries/0/items/2/name,Story Consultants,故事顧問,project-proposed
ToA,/data/12/entries/0/entries/0/items/3/name,Story Creators,故事創作者,project-proposed
ToA,/data/12/entries/0/entries/0/items/4/name,Lead Rules Developer,首席規則開發者,project-proposed
ToA,/data/12/entries/0/entries/0/items/5/name,Managing Editors,管理編輯,project-proposed
ToA,/data/12/entries/0/entries/0/items/6/name,Editors,編輯,project-proposed
ToA,/data/12/entries/0/entries/0/items/7/name,Editorial Assistance,編輯助理,project-proposed
ToA,/data/12/entries/0/entries/0/items/8/name,Art Director,美術指導,project-proposed
ToA,/data/12/entries/0/entries/0/items/9/name,Additional Art Direction,其他藝術指導,project-proposed
ToA,/data/12/entries/0/entries/0/items/10/name,Graphic Designer,平面設計師,project-proposed
ToA,/data/12/entries/0/entries/0/items/11/name,Cover Illustrator,封面插畫師,project-proposed
ToA,/data/12/entries/0/entries/0/items/12/name,Interior Illustrators,內頁插畫師,project-proposed
ToA,/data/12/entries/0/entries/0/items/13/name,Cartographer,製圖師,existing-site
ToA,/data/12/entries/0/entries/0/items/14/name,Producer,出品人,project-proposed
ToA,/data/12/entries/0/entries/0/items/15/name,Project Manager,專案經理,project-proposed
ToA,/data/12/entries/0/entries/0/items/16/name,Product Engineer,產品工程師,project-proposed
ToA,/data/12/entries/0/entries/0/items/17/name,Imaging Technician,影像技術員,project-proposed
ToA,/data/12/entries/0/entries/0/items/18/name,Art Administration,藝術管理,project-proposed
ToA,/data/12/entries/0/entries/0/items/19/name,Prepress Specialist,印前專家,project-proposed
ToA,/data/12/entries/0/entries/0/items/20/name,Other D&D Team Members,其他D&D團隊成員,project-proposed
ToA,/data/12/entries/0/entries/0/items/21/name,The following D&D books provided material and inspiration:,以下D&D書籍提供了素材與靈感：,project-proposed
ToA,/data/12/entries/1/name,Playtesters,測試玩家,project-proposed
ToA,/data/13/name,Poster Map,海報地圖,project-proposed
