category,english,source,zh_tw,status,existing_files
action,Attack,,攻擊,existing-site,data/zh-TW/bestiary/bestiary-bgdia.json;data/zh-TW/bestiary/bestiary-bmt.json;data/zh-TW/bestiary/bestiary-cm.json;data/zh-TW/bestiary/bestiary-crcotn.json;data/zh-TW/bestiary/bestiary-erlw.json;data/zh-TW/bestiary/bestiary-fraif.json;data/zh-TW/bestiary/bestiary-ftd.json;data/zh-TW/bestiary/bestiary-ggr.json;data/zh-TW/bestiary/bestiary-idrotf.json;data/zh-TW/bestiary/bestiary-mabjov.json;data/zh-TW/bestiary/bestiary-mm.json;data/zh-TW/bestiary/bestiary-mot.json;data/zh-TW/bestiary/bestiary-mpmm.json;data/zh-TW/bestiary/bestiary-mtf.json;data/zh-TW/bestiary/bestiary-ps-x.json;data/zh-TW/bestiary/bestiary-rot.json;data/zh-TW/bestiary/bestiary-scc.json;data/zh-TW/bestiary/bestiary-vrgr.json;data/zh-TW/bestiary/legendarygroups.json;data/zh-TW/class/class-fighter.json;data/zh-TW/rules/actions.json
action,Dash,,疾走,existing-site,data/zh-TW/bestiary/bestiary-veor.json;data/zh-TW/rules/actions.json
action,Disengage,,撤離,existing-site,data/zh-TW/bestiary/bestiary-hol.json;data/zh-TW/rules/actions.json
action,Dodge,,閃避,existing-site,data/zh-TW/rules/actions.json
action,Help,,協助,existing-site,data/zh-TW/rules/actions.json
action,Help,PHB,協助,existing-site,data/zh-TW/rules/actions.json
action,Hide,,躲藏,existing-site,data/zh-TW/bestiary/bestiary-hotdq.json;data/zh-TW/rules/actions.json
background,Anthropologist,ToA,人類學家,existing-site,data/zh-TW/character-options/backgrounds.json;data/zh-TW/character-options/fluff-backgrounds.json
background,Archaeologist,ToA,考古學家,existing-site,data/zh-TW/character-options/backgrounds.json;data/zh-TW/character-options/fluff-backgrounds.json
background,Baldur's Gate Acolyte,BGDIA,博德之門侍僧,existing-site,data/zh-TW/character-options/backgrounds.json;data/zh-TW/character-options/fluff-backgrounds.json
background,Baldur's Gate Charlatan,BGDIA,博德之門騙子,existing-site,data/zh-TW/character-options/backgrounds.json;data/zh-TW/character-options/fluff-backgrounds.json
background,Baldur's Gate Criminal,BGDIA,博德之門罪犯,existing-site,data/zh-TW/character-options/backgrounds.json;data/zh-TW/character-options/fluff-backgrounds.json
background,Baldur's Gate Entertainer,BGDIA,博德之門藝人,existing-site,data/zh-TW/character-options/backgrounds.json;data/zh-TW/character-options/fluff-backgrounds.json
background,Baldur's Gate Folk Hero,BGDIA,博德之門平民英雄,existing-site,data/zh-TW/character-options/backgrounds.json;data/zh-TW/character-options/fluff-backgrounds.json
background,Baldur's Gate Guild Artisan,BGDIA,博德之門公會工匠,existing-site,data/zh-TW/character-options/backgrounds.json;data/zh-TW/character-options/fluff-backgrounds.json
background,Baldur's Gate Hermit,BGDIA,博德之門隱士,existing-site,data/zh-TW/character-options/backgrounds.json;data/zh-TW/character-options/fluff-backgrounds.json
background,Baldur's Gate Noble,BGDIA,博德之門貴族,existing-site,data/zh-TW/character-options/backgrounds.json;data/zh-TW/character-options/fluff-backgrounds.json
background,Baldur's Gate Outlander,BGDIA,博德之門化外之民,existing-site,data/zh-TW/character-options/backgrounds.json;data/zh-TW/character-options/fluff-backgrounds.json
background,Baldur's Gate Sage,BGDIA,博德之門賢者,existing-site,data/zh-TW/character-options/backgrounds.json;data/zh-TW/character-options/fluff-backgrounds.json
background,Baldur's Gate Sailor,BGDIA,博德之門水手,existing-site,data/zh-TW/character-options/backgrounds.json;data/zh-TW/character-options/fluff-backgrounds.json
background,Baldur's Gate Soldier,BGDIA,博德之門士兵,existing-site,data/zh-TW/character-options/backgrounds.json;data/zh-TW/character-options/fluff-backgrounds.json
background,Baldur's Gate Urchin,BGDIA,博德之門流浪兒,existing-site,data/zh-TW/character-options/backgrounds.json;data/zh-TW/character-options/fluff-backgrounds.json
background,Cloistered Scholar,SCAG,與世隔絕的學者,existing-site,data/zh-TW/character-options/backgrounds.json;data/zh-TW/character-options/fluff-backgrounds.json
background,Faceless,BGDIA,無面者,existing-site,data/zh-TW/character-options/backgrounds.json;data/zh-TW/character-options/fluff-backgrounds.json
background,Sage,,智者,existing-site,data/zh-TW/bestiary/bestiary-cm.json;data/zh-TW/bestiary/fluff-bestiary-cm.json;data/zh-TW/character-options/backgrounds.json;data/zh-TW/character-options/fluff-backgrounds.json;data/zh-TW/items/items-001.json
condition,blinded,,目盲,existing-site,data/zh-TW/rules/conditionsdiseases.json;data/zh-TW/rules/fluff-conditionsdiseases.json
condition,blinded,PHB,目盲,existing-site,data/zh-TW/rules/conditionsdiseases.json;data/zh-TW/rules/fluff-conditionsdiseases.json
condition,charmed,,魅惑,existing-site,data/zh-TW/rules/conditionsdiseases.json;data/zh-TW/rules/fluff-conditionsdiseases.json
condition,charmed,PHB,魅惑,existing-site,data/zh-TW/rules/conditionsdiseases.json;data/zh-TW/rules/fluff-conditionsdiseases.json
condition,exhaustion,,力竭,existing-site,data/zh-TW/rules/conditionsdiseases.json
condition,exhaustion,PHB,力竭,existing-site,data/zh-TW/rules/conditionsdiseases.json
condition,frightened,,恐懼,existing-site,data/zh-TW/rules/conditionsdiseases.json;data/zh-TW/rules/fluff-conditionsdiseases.json
condition,frightened,PHB,恐懼,existing-site,data/zh-TW/rules/conditionsdiseases.json;data/zh-TW/rules/fluff-conditionsdiseases.json
condition,grappled,,被擒,existing-site,data/zh-TW/rules/conditionsdiseases.json;data/zh-TW/rules/fluff-conditionsdiseases.json
condition,grappled,PHB,被擒,existing-site,data/zh-TW/rules/conditionsdiseases.json;data/zh-TW/rules/fluff-conditionsdiseases.json
condition,incapacitated,,無力,existing-site,data/zh-TW/rules/conditionsdiseases.json
condition,incapacitated,PHB,無力,existing-site,data/zh-TW/rules/conditionsdiseases.json
condition,invisible,,隱形,existing-site,data/zh-TW/rules/conditionsdiseases.json;data/zh-TW/rules/fluff-conditionsdiseases.json
condition,invisible,PHB,隱形,existing-site,data/zh-TW/rules/conditionsdiseases.json;data/zh-TW/rules/fluff-conditionsdiseases.json
condition,paralyzed,,麻痺,existing-site,data/zh-TW/rules/conditionsdiseases.json;data/zh-TW/rules/fluff-conditionsdiseases.json
condition,paralyzed,PHB,麻痺,existing-site,data/zh-TW/rules/conditionsdiseases.json;data/zh-TW/rules/fluff-conditionsdiseases.json
condition,petrified,,石化,existing-site,data/zh-TW/rules/conditionsdiseases.json;data/zh-TW/rules/fluff-conditionsdiseases.json
condition,petrified,PHB,石化,existing-site,data/zh-TW/rules/conditionsdiseases.json;data/zh-TW/rules/fluff-conditionsdiseases.json
condition,poisoned,,中毒,existing-site,data/zh-TW/rules/conditionsdiseases.json;data/zh-TW/rules/fluff-conditionsdiseases.json
condition,poisoned,PHB,中毒,existing-site,data/zh-TW/rules/conditionsdiseases.json;data/zh-TW/rules/fluff-conditionsdiseases.json
condition,prone,,伏地,existing-site,data/zh-TW/rules/conditionsdiseases.json;data/zh-TW/rules/fluff-conditionsdiseases.json
condition,prone,PHB,伏地,existing-site,data/zh-TW/rules/conditionsdiseases.json;data/zh-TW/rules/fluff-conditionsdiseases.json
condition,restrained,,束縛,existing-site,data/zh-TW/rules/conditionsdiseases.json;data/zh-TW/rules/fluff-conditionsdiseases.json
condition,restrained,PHB,束縛,existing-site,data/zh-TW/rules/conditionsdiseases.json;data/zh-TW/rules/fluff-conditionsdiseases.json
condition,stunned,,震懾,existing-site,data/zh-TW/rules/conditionsdiseases.json;data/zh-TW/rules/fluff-conditionsdiseases.json
condition,stunned,PHB,震懾,existing-site,data/zh-TW/rules/conditionsdiseases.json;data/zh-TW/rules/fluff-conditionsdiseases.json
condition,unconscious,,昏迷,existing-site,data/zh-TW/rules/conditionsdiseases.json;data/zh-TW/rules/fluff-conditionsdiseases.json
condition,unconscious,PHB,昏迷,existing-site,data/zh-TW/rules/conditionsdiseases.json;data/zh-TW/rules/fluff-conditionsdiseases.json
creature,Abyssal Chicken,BGDIA,深淵雞,existing-site,data/zh-TW/bestiary/bestiary-bgdia.json;data/zh-TW/bestiary/fluff-bestiary-bgdia.json
creature,Acererak,ToA,阿瑟瑞克,existing-site,data/zh-TW/bestiary/bestiary-mm.json;data/zh-TW/bestiary/bestiary-toa.json;data/zh-TW/bestiary/fluff-bestiary-toa.json
creature,Acolyte,,侍僧,existing-site,data/zh-TW/bestiary/bestiary-mm.json;data/zh-TW/bestiary/fluff-bestiary-mm.json;data/zh-TW/character-options/backgrounds.json;data/zh-TW/character-options/fluff-backgrounds.json
creature,Albino Dwarf Warrior,ToA,白矮人武者,existing-site,data/zh-TW/bestiary/bestiary-toa.json;data/zh-TW/bestiary/fluff-bestiary-toa.json
creature,Aldani (Lobsterfolk),ToA,阿拉尼（龍蝦人）,existing-site,data/zh-TW/bestiary/bestiary-toa.json;data/zh-TW/bestiary/fluff-bestiary-toa.json
creature,Allosaurus,,異特龍,existing-site,data/zh-TW/bestiary/bestiary-mm.json;data/zh-TW/bestiary/bestiary-xmm.json;data/zh-TW/bestiary/fluff-bestiary-mm.json;data/zh-TW/bestiary/fluff-bestiary-xmm.json
creature,Almiraj,ToA,獨角兔,existing-site,data/zh-TW/bestiary/bestiary-toa.json;data/zh-TW/bestiary/fluff-bestiary-toa.json
creature,Amnizu,MTF,安祖魔,existing-site,data/zh-TW/bestiary/bestiary-mpmm.json;data/zh-TW/bestiary/bestiary-mtf.json;data/zh-TW/bestiary/fluff-bestiary-mpmm.json;data/zh-TW/bestiary/fluff-bestiary-mtf.json
creature,Amrik Vanthampur,BGDIA,阿姆利克·范薩普爾,existing-site,data/zh-TW/bestiary/bestiary-bgdia.json;data/zh-TW/bestiary/fluff-bestiary-bgdia.json
creature,Ankheg,,掘地蟲,existing-site,data/zh-TW/bestiary/bestiary-mm.json;data/zh-TW/bestiary/bestiary-wtthc.json;data/zh-TW/bestiary/bestiary-xmm.json;data/zh-TW/bestiary/fluff-bestiary-mm.json;data/zh-TW/bestiary/fluff-bestiary-wtthc.json;data/zh-TW/bestiary/fluff-bestiary-xmm.json
creature,Ankylosaurus,,甲龍,existing-site,data/zh-TW/bestiary/bestiary-mm.json;data/zh-TW/bestiary/bestiary-xmm.json;data/zh-TW/bestiary/fluff-bestiary-mm.json;data/zh-TW/bestiary/fluff-bestiary-xmm.json
creature,Ankylosaurus,MM,甲龍,existing-site,data/zh-TW/bestiary/bestiary-mm.json;data/zh-TW/bestiary/bestiary-xmm.json;data/zh-TW/bestiary/fluff-bestiary-mm.json;data/zh-TW/bestiary/fluff-bestiary-xmm.json
creature,Ankylosaurus Zombie,ToA,甲龍喪屍,existing-site,data/zh-TW/bestiary/bestiary-toa.json;data/zh-TW/bestiary/fluff-bestiary-toa.json
creature,Arcanaloth,,奧法羅斯魔,existing-site,data/zh-TW/bestiary/bestiary-mm.json;data/zh-TW/bestiary/bestiary-xmm.json;data/zh-TW/bestiary/fluff-bestiary-mm.json;data/zh-TW/bestiary/fluff-bestiary-xmm.json
creature,Archduke Zariel of Avernus,BGDIA,阿弗納斯的大公扎瑞爾,existing-site,data/zh-TW/bestiary/bestiary-bgdia.json;data/zh-TW/bestiary/fluff-bestiary-bgdia.json
creature,Archmage,,大法師,existing-site,data/zh-TW/bestiary/bestiary-mm.json;data/zh-TW/bestiary/bestiary-xmm.json;data/zh-TW/bestiary/fluff-bestiary-mm.json;data/zh-TW/bestiary/fluff-bestiary-xmm.json
creature,Arkhan the Cruel,BGDIA,殘酷者阿克漢,existing-site,data/zh-TW/bestiary/bestiary-bgdia.json;data/zh-TW/bestiary/fluff-bestiary-bgdia.json
creature,Artus Cimber,ToA,阿圖斯·辛貝爾,existing-site,data/zh-TW/bestiary/bestiary-toa.json;data/zh-TW/bestiary/fluff-bestiary-toa.json
creature,Asharra,ToA,阿莎爾,existing-site,data/zh-TW/bestiary/bestiary-toa.json;data/zh-TW/bestiary/fluff-bestiary-toa.json
creature,Assassin,,刺客,existing-site,data/zh-TW/bestiary/bestiary-mm.json;data/zh-TW/bestiary/bestiary-xmm.json;data/zh-TW/bestiary/fluff-bestiary-mm.json;data/zh-TW/bestiary/fluff-bestiary-xmm.json;data/zh-TW/class/class-rogue.json;data/zh-TW/class/fluff-class-rogue.json
creature,Assassin Vine,ToA,刺客藤,existing-site,data/zh-TW/bestiary/bestiary-toa.json;data/zh-TW/bestiary/fluff-bestiary-toa.json
creature,Atropal,ToA,萎縮者,existing-site,data/zh-TW/bestiary/bestiary-toa.json;data/zh-TW/bestiary/fluff-bestiary-toa.json
creature,Axe Beak,,斧嘴鳥,existing-site,data/zh-TW/bestiary/bestiary-mm.json;data/zh-TW/bestiary/bestiary-xmm.json;data/zh-TW/bestiary/fluff-bestiary-mm.json;data/zh-TW/bestiary/fluff-bestiary-xmm.json;data/zh-TW/items/fluff-items.json;data/zh-TW/items/items-000.json
creature,Azaka Stormfang,ToA,婀扎卡·風暴之牙,existing-site,data/zh-TW/bestiary/bestiary-toa.json;data/zh-TW/bestiary/fluff-bestiary-toa.json
creature,Baboon,,狒狒,existing-site,data/zh-TW/bestiary/bestiary-mm.json;data/zh-TW/bestiary/bestiary-xmm.json;data/zh-TW/bestiary/fluff-bestiary-xmm.json
creature,Bag of Nails,ToA,釘包,existing-site,data/zh-TW/bestiary/bestiary-toa.json;data/zh-TW/bestiary/fluff-bestiary-toa.json
creature,Bandit,,匪徒,existing-site,data/zh-TW/bestiary/bestiary-mm.json;data/zh-TW/bestiary/bestiary-xmm.json;data/zh-TW/bestiary/fluff-bestiary-mm.json;data/zh-TW/bestiary/fluff-bestiary-xmm.json
creature,Baphomet,MTF,巴弗滅,existing-site,data/zh-TW/bestiary/bestiary-mpmm.json;data/zh-TW/bestiary/bestiary-mtf.json;data/zh-TW/bestiary/fluff-bestiary-mm.json;data/zh-TW/bestiary/fluff-bestiary-mpmm.json;data/zh-TW/bestiary/fluff-bestiary-mtf.json;data/zh-TW/bestiary/legendarygroups.json
creature,Barbed Devil,,蝟魔,existing-site,data/zh-TW/bestiary/bestiary-mm.json;data/zh-TW/bestiary/bestiary-wtthc.json;data/zh-TW/bestiary/bestiary-xmm.json;data/zh-TW/bestiary/fluff-bestiary-mm.json;data/zh-TW/bestiary/fluff-bestiary-wtthc.json;data/zh-TW/bestiary/fluff-bestiary-xmm.json
creature,Barbed devil,,蝟魔,existing-site,data/zh-TW/bestiary/bestiary-mm.json;data/zh-TW/bestiary/bestiary-wtthc.json;data/zh-TW/bestiary/bestiary-xmm.json;data/zh-TW/bestiary/fluff-bestiary-mm.json;data/zh-TW/bestiary/fluff-bestiary-wtthc.json;data/zh-TW/bestiary/fluff-bestiary-xmm.json
creature,Barbed devil,MM,蝟魔,existing-site,data/zh-TW/bestiary/bestiary-mm.json;data/zh-TW/bestiary/bestiary-wtthc.json;data/zh-TW/bestiary/bestiary-xmm.json;data/zh-TW/bestiary/fluff-bestiary-mm.json;data/zh-TW/bestiary/fluff-bestiary-wtthc.json;data/zh-TW/bestiary/fluff-bestiary-xmm.json
creature,Barlgura,,惡猿魔,existing-site,data/zh-TW/bestiary/bestiary-mm.json;data/zh-TW/bestiary/bestiary-xmm.json;data/zh-TW/bestiary/fluff-bestiary-mm.json;data/zh-TW/bestiary/fluff-bestiary-xmm.json
creature,Basilisk,,石化蜥蜴,existing-site,data/zh-TW/bestiary/bestiary-mm.json;data/zh-TW/bestiary/bestiary-xmm.json;data/zh-TW/bestiary/fluff-bestiary-mm.json;data/zh-TW/bestiary/fluff-bestiary-xmm.json
creature,Bearded Devil,,須魔,existing-site,data/zh-TW/bestiary/bestiary-mm.json;data/zh-TW/bestiary/bestiary-wtthc.json;data/zh-TW/bestiary/bestiary-xmm.json;data/zh-TW/bestiary/fluff-bestiary-mm.json;data/zh-TW/bestiary/fluff-bestiary-wtthc.json;data/zh-TW/bestiary/fluff-bestiary-xmm.json
creature,Bearded devil,,須魔,existing-site,data/zh-TW/bestiary/bestiary-mm.json;data/zh-TW/bestiary/bestiary-wtthc.json;data/zh-TW/bestiary/bestiary-xmm.json;data/zh-TW/bestiary/fluff-bestiary-mm.json;data/zh-TW/bestiary/fluff-bestiary-wtthc.json;data/zh-TW/bestiary/fluff-bestiary-xmm.json
creature,Bearded devil,MM,須魔,existing-site,data/zh-TW/bestiary/bestiary-mm.json;data/zh-TW/bestiary/bestiary-wtthc.json;data/zh-TW/bestiary/bestiary-xmm.json;data/zh-TW/bestiary/fluff-bestiary-mm.json;data/zh-TW/bestiary/fluff-bestiary-wtthc.json;data/zh-TW/bestiary/fluff-bestiary-xmm.json
creature,Bel,BGDIA,貝爾,existing-site,data/zh-TW/bestiary/bestiary-bgdia.json;data/zh-TW/bestiary/bestiary-coa.json;data/zh-TW/bestiary/fluff-bestiary-bgdia.json;data/zh-TW/bestiary/fluff-bestiary-coa.json;data/zh-TW/bestiary/legendarygroups.json
creature,Bitter Breath,BGDIA,苦痛之息,existing-site,data/zh-TW/bestiary/bestiary-bgdia.json;data/zh-TW/bestiary/fluff-bestiary-bgdia.json
creature,Black Gauntlet of Bane,BGDIA,班恩之黑手,existing-site,data/zh-TW/bestiary/bestiary-bgdia.json;data/zh-TW/bestiary/fluff-bestiary-bgdia.json
creature,Bodak,VGM,波達屍,existing-site,data/zh-TW/bestiary/bestiary-mpmm.json;data/zh-TW/bestiary/bestiary-vgm.json;data/zh-TW/bestiary/fluff-bestiary-mpmm.json;data/zh-TW/bestiary/fluff-bestiary-vgm.json
creature,Bone Devil,,骨魔,existing-site,data/zh-TW/bestiary/bestiary-mm.json;data/zh-TW/bestiary/bestiary-xmm.json;data/zh-TW/bestiary/fluff-bestiary-mm.json;data/zh-TW/bestiary/fluff-bestiary-xmm.json
creature,Bone Naga (Spirit),,骸骨納迦(精魂),existing-site,data/zh-TW/bestiary/bestiary-mm.json;data/zh-TW/bestiary/fluff-bestiary-mm.json
creature,Bone Whelk,BGDIA,骸骨螺,existing-site,data/zh-TW/bestiary/bestiary-bgdia.json;data/zh-TW/bestiary/fluff-bestiary-bgdia.json
creature,Bone devil,,骨魔,existing-site,data/zh-TW/bestiary/bestiary-mm.json;data/zh-TW/bestiary/bestiary-xmm.json;data/zh-TW/bestiary/fluff-bestiary-mm.json;data/zh-TW/bestiary/fluff-bestiary-xmm.json
creature,Bone devil,MM,骨魔,existing-site,data/zh-TW/bestiary/bestiary-mm.json;data/zh-TW/bestiary/bestiary-xmm.json;data/zh-TW/bestiary/fluff-bestiary-mm.json;data/zh-TW/bestiary/fluff-bestiary-xmm.json
creature,Bosco Daggerhand,ToA,博斯科·匕手,existing-site,data/zh-TW/bestiary/bestiary-toa.json
creature,Brontosaurus,VGM,雷龍,existing-site,data/zh-TW/bestiary/bestiary-mpmm.json;data/zh-TW/bestiary/bestiary-vgm.json;data/zh-TW/bestiary/fluff-bestiary-mpmm.json;data/zh-TW/bestiary/fluff-bestiary-vgm.json
creature,Bulezau,MTF,佈雷祖魔,existing-site,data/zh-TW/bestiary/bestiary-mpmm.json;data/zh-TW/bestiary/bestiary-mtf.json;data/zh-TW/bestiary/fluff-bestiary-mpmm.json;data/zh-TW/bestiary/fluff-bestiary-mtf.json
creature,Carrion Crawler,,食腐蟲,existing-site,data/zh-TW/bestiary/bestiary-mm.json;data/zh-TW/bestiary/bestiary-xmm.json;data/zh-TW/bestiary/fluff-bestiary-mm.json;data/zh-TW/bestiary/fluff-bestiary-xmm.json
creature,Chain Devil,,鏈魔,existing-site,data/zh-TW/bestiary/bestiary-mm.json;data/zh-TW/bestiary/bestiary-xmm.json;data/zh-TW/bestiary/fluff-bestiary-mm.json;data/zh-TW/bestiary/fluff-bestiary-xmm.json
creature,Chain devil,,鏈魔,existing-site,data/zh-TW/bestiary/bestiary-mm.json;data/zh-TW/bestiary/bestiary-xmm.json;data/zh-TW/bestiary/fluff-bestiary-mm.json;data/zh-TW/bestiary/fluff-bestiary-xmm.json
creature,Chain devil,MM,鏈魔,existing-site,data/zh-TW/bestiary/bestiary-mm.json;data/zh-TW/bestiary/bestiary-xmm.json;data/zh-TW/bestiary/fluff-bestiary-mm.json;data/zh-TW/bestiary/fluff-bestiary-xmm.json
creature,Champion,VGM,勇士,existing-site,data/zh-TW/bestiary/bestiary-mpmm.json;data/zh-TW/bestiary/bestiary-vgm.json;data/zh-TW/bestiary/fluff-bestiary-mpmm.json;data/zh-TW/bestiary/fluff-bestiary-vgm.json;data/zh-TW/class/class-fighter.json;data/zh-TW/class/fluff-class-fighter.json;data/zh-TW/items/items-001.json
creature,Chasme,,喀嘶魔,existing-site,data/zh-TW/bestiary/bestiary-mm.json;data/zh-TW/bestiary/bestiary-xmm.json;data/zh-TW/bestiary/fluff-bestiary-mm.json;data/zh-TW/bestiary/fluff-bestiary-xmm.json
creature,Chukka,BGDIA,楚卡,existing-site,data/zh-TW/bestiary/bestiary-bgdia.json;data/zh-TW/bestiary/fluff-bestiary-bgdia.json
creature,Chwinga,ToA,怯蘊阿靈,existing-site,data/zh-TW/bestiary/bestiary-cm.json;data/zh-TW/bestiary/bestiary-idrotf.json;data/zh-TW/bestiary/bestiary-toa.json;data/zh-TW/bestiary/fluff-bestiary-cm.json;data/zh-TW/bestiary/fluff-bestiary-idrotf.json;data/zh-TW/bestiary/fluff-bestiary-toa.json
creature,Clay Gladiator,ToA,粘土角鬥士,existing-site,data/zh-TW/bestiary/bestiary-toa.json;data/zh-TW/bestiary/fluff-bestiary-toa.json
creature,Clonk,BGDIA,克朗克,existing-site,data/zh-TW/bestiary/bestiary-bgdia.json;data/zh-TW/bestiary/fluff-bestiary-bgdia.json
creature,Commoner,,平民,existing-site,data/zh-TW/bestiary/bestiary-mm.json;data/zh-TW/bestiary/bestiary-wtthc.json;data/zh-TW/bestiary/bestiary-xmm.json;data/zh-TW/bestiary/fluff-bestiary-mm.json;data/zh-TW/bestiary/fluff-bestiary-wtthc.json;data/zh-TW/bestiary/fluff-bestiary-xmm.json
creature,Crab,,蟹,existing-site,data/zh-TW/bestiary/bestiary-mm.json;data/zh-TW/bestiary/bestiary-xmm.json;data/zh-TW/bestiary/fluff-bestiary-xmm.json
creature,Crawling Claw,,蠕行之爪,existing-site,data/zh-TW/bestiary/bestiary-mm.json;data/zh-TW/bestiary/bestiary-xmm.json;data/zh-TW/bestiary/fluff-bestiary-mm.json;data/zh-TW/bestiary/fluff-bestiary-xmm.json
creature,Crocodile,,鱷魚,existing-site,data/zh-TW/bestiary/bestiary-mm.json;data/zh-TW/bestiary/bestiary-xmm.json;data/zh-TW/bestiary/fluff-bestiary-xmm.json
creature,Crokek'toeck,BGDIA,克魯科克'託伊克,existing-site,data/zh-TW/bestiary/bestiary-bgdia.json;data/zh-TW/bestiary/fluff-bestiary-bgdia.json
creature,Cult Fanatic,,邪教狂信者,existing-site,data/zh-TW/bestiary/bestiary-mm.json;data/zh-TW/bestiary/fluff-bestiary-mm.json
creature,Cultist,,邪教徒,existing-site,data/zh-TW/bestiary/bestiary-mm.json;data/zh-TW/bestiary/bestiary-xmm.json;data/zh-TW/bestiary/fluff-bestiary-mm.json;data/zh-TW/bestiary/fluff-bestiary-xmm.json
creature,Death's Head of Bhaal,BGDIA,巴爾的死神之首,existing-site,data/zh-TW/bestiary/bestiary-bgdia.json;data/zh-TW/bestiary/fluff-bestiary-bgdia.json
creature,Deinonychus,VGM,恐爪龍,existing-site,data/zh-TW/bestiary/bestiary-mpmm.json;data/zh-TW/bestiary/bestiary-vgm.json;data/zh-TW/bestiary/fluff-bestiary-mpmm.json;data/zh-TW/bestiary/fluff-bestiary-vgm.json
creature,Dimetrodon,VGM,異齒龍,existing-site,data/zh-TW/bestiary/bestiary-mpmm.json;data/zh-TW/bestiary/bestiary-vgm.json;data/zh-TW/bestiary/fluff-bestiary-mpmm.json;data/zh-TW/bestiary/fluff-bestiary-vgm.json
creature,Doppelganger,,變形怪,existing-site,data/zh-TW/bestiary/bestiary-mm.json;data/zh-TW/bestiary/bestiary-xmm.json;data/zh-TW/bestiary/fluff-bestiary-mm.json;data/zh-TW/bestiary/fluff-bestiary-xmm.json;data/zh-TW/reference-pages/charcreationoptions.json
creature,Draft Horse,,馱用馬,existing-site,data/zh-TW/bestiary/bestiary-mm.json;data/zh-TW/bestiary/bestiary-xmm.json;data/zh-TW/bestiary/fluff-bestiary-xmm.json;data/zh-TW/items/items-001.json
creature,Dragonbait,ToA,龍餌,existing-site,data/zh-TW/bestiary/bestiary-toa.json;data/zh-TW/bestiary/fluff-bestiary-toa.json
creature,Dretch,,怯魔,existing-site,data/zh-TW/bestiary/bestiary-mm.json;data/zh-TW/bestiary/bestiary-wtthc.json;data/zh-TW/bestiary/bestiary-xmm.json;data/zh-TW/bestiary/fluff-bestiary-mm.json;data/zh-TW/bestiary/fluff-bestiary-wtthc.json;data/zh-TW/bestiary/fluff-bestiary-xmm.json
creature,Drufi,ToA,德魯菲,existing-site,data/zh-TW/bestiary/bestiary-toa.json
creature,Druid,,德魯伊,existing-site,data/zh-TW/bestiary/bestiary-mm.json;data/zh-TW/bestiary/bestiary-xmm.json;data/zh-TW/bestiary/fluff-bestiary-mm.json;data/zh-TW/bestiary/fluff-bestiary-xmm.json;data/zh-TW/class/class-druid.json;data/zh-TW/class/fluff-class-druid.json
creature,Duke Thalamra Vanthampur,BGDIA,薩納姆娜·范薩普爾公爵,existing-site,data/zh-TW/bestiary/bestiary-bgdia.json;data/zh-TW/bestiary/fluff-bestiary-bgdia.json
creature,Eblis,ToA,魔王鶴,existing-site,data/zh-TW/bestiary/bestiary-toa.json;data/zh-TW/bestiary/fluff-bestiary-toa.json
creature,Ekene-Afa,ToA,艾珂內-阿法,existing-site,data/zh-TW/bestiary/bestiary-toa.json;data/zh-TW/bestiary/fluff-bestiary-toa.json
creature,Eku,ToA,依庫,existing-site,data/zh-TW/bestiary/bestiary-toa.json;data/zh-TW/bestiary/fluff-bestiary-toa.json
creature,Elliach,BGDIA,艾拉赫,existing-site,data/zh-TW/bestiary/bestiary-bgdia.json
creature,Elok Jaharwon,ToA,伊洛克·加哈望,existing-site,data/zh-TW/bestiary/bestiary-toa.json;data/zh-TW/bestiary/fluff-bestiary-toa.json
creature,Erinyes,,罪魔,existing-site,data/zh-TW/bestiary/bestiary-mm.json;data/zh-TW/bestiary/bestiary-xmm.json;data/zh-TW/bestiary/fluff-bestiary-mm.json;data/zh-TW/bestiary/fluff-bestiary-xmm.json
creature,Erinyes,MM,罪魔,existing-site,data/zh-TW/bestiary/bestiary-mm.json;data/zh-TW/bestiary/bestiary-xmm.json;data/zh-TW/bestiary/fluff-bestiary-mm.json;data/zh-TW/bestiary/fluff-bestiary-xmm.json
creature,Ettercap,,伊特怪,existing-site,data/zh-TW/bestiary/bestiary-mm.json;data/zh-TW/bestiary/bestiary-xmm.json;data/zh-TW/bestiary/fluff-bestiary-mm.json;data/zh-TW/bestiary/fluff-bestiary-xmm.json
creature,Faerie Dragon (Green),MM,妖精龍(綠),existing-site,data/zh-TW/bestiary/bestiary-mm.json;data/zh-TW/bestiary/fluff-bestiary-mm.json
creature,Faroul,ToA,法魯爾,existing-site,data/zh-TW/bestiary/bestiary-toa.json;data/zh-TW/bestiary/fluff-bestiary-toa.json
creature,Fenthaza,ToA,芬薩札,existing-site,data/zh-TW/bestiary/bestiary-toa.json;data/zh-TW/bestiary/fluff-bestiary-toa.json
creature,Feonor,BGDIA,菲奧諾,existing-site,data/zh-TW/bestiary/bestiary-bgdia.json;data/zh-TW/bestiary/fluff-bestiary-bgdia.json
creature,Fiendish Flesh Golem,BGDIA,邪魔血肉魔像,existing-site,data/zh-TW/bestiary/bestiary-bgdia.json;data/zh-TW/bestiary/fluff-bestiary-bgdia.json
creature,Fire Giant,,火巨人,existing-site,data/zh-TW/bestiary/bestiary-mm.json;data/zh-TW/bestiary/bestiary-xmm.json;data/zh-TW/bestiary/fluff-bestiary-mm.json;data/zh-TW/bestiary/fluff-bestiary-xmm.json
creature,Firenewt Warlock of Imix,VGM,熔螈·伊米希魔契師,existing-site,data/zh-TW/bestiary/bestiary-mpmm.json;data/zh-TW/bestiary/bestiary-vgm.json;data/zh-TW/bestiary/fluff-bestiary-mpmm.json;data/zh-TW/bestiary/fluff-bestiary-vgm.json
creature,Firenewt Warrior,VGM,火蠑螈武者,existing-site,data/zh-TW/bestiary/bestiary-mpmm.json;data/zh-TW/bestiary/bestiary-vgm.json;data/zh-TW/bestiary/fluff-bestiary-mpmm.json;data/zh-TW/bestiary/fluff-bestiary-vgm.json
creature,Fist of Bane,BGDIA,班恩之拳,existing-site,data/zh-TW/bestiary/bestiary-bgdia.json;data/zh-TW/bestiary/fluff-bestiary-bgdia.json
creature,Flail Snail,VGM,鏈枷蝸牛,existing-site,data/zh-TW/bestiary/bestiary-mpmm.json;data/zh-TW/bestiary/bestiary-vgm.json;data/zh-TW/bestiary/fluff-bestiary-mpmm.json;data/zh-TW/bestiary/fluff-bestiary-vgm.json
creature,Flask of Wine,ToA,酒瓶,existing-site,data/zh-TW/bestiary/bestiary-toa.json;data/zh-TW/bestiary/fluff-bestiary-toa.json
creature,Flesh Golem,,血肉魔像,existing-site,data/zh-TW/bestiary/bestiary-mm.json;data/zh-TW/bestiary/bestiary-xmm.json;data/zh-TW/bestiary/fluff-bestiary-mm.json;data/zh-TW/bestiary/fluff-bestiary-xmm.json
creature,Flying Monkey,ToA,飛猴,existing-site,data/zh-TW/bestiary/bestiary-toa.json;data/zh-TW/bestiary/fluff-bestiary-toa.json
creature,Flying Snake,,飛蛇,existing-site,data/zh-TW/bestiary/bestiary-mm.json;data/zh-TW/bestiary/bestiary-xmm.json;data/zh-TW/bestiary/fluff-bestiary-mm.json;data/zh-TW/bestiary/fluff-bestiary-xmm.json;data/zh-TW/items/fluff-items.json;data/zh-TW/items/items-002.json
creature,Flying Snake,MM,飛蛇,existing-site,data/zh-TW/bestiary/bestiary-mm.json;data/zh-TW/bestiary/bestiary-xmm.json;data/zh-TW/bestiary/fluff-bestiary-mm.json;data/zh-TW/bestiary/fluff-bestiary-xmm.json;data/zh-TW/items/fluff-items.json;data/zh-TW/items/items-002.json
creature,Flying Sword,,凌空劍,existing-site,data/zh-TW/bestiary/bestiary-mm.json;data/zh-TW/bestiary/bestiary-xmm.json;data/zh-TW/bestiary/fluff-bestiary-mm.json
creature,Flying monkey,ToA,飛猴,existing-site,data/zh-TW/bestiary/bestiary-toa.json;data/zh-TW/bestiary/fluff-bestiary-toa.json
creature,Froghemoth,VGM,沼喉怪,existing-site,data/zh-TW/bestiary/bestiary-mpmm.json;data/zh-TW/bestiary/bestiary-vgm.json;data/zh-TW/bestiary/fluff-bestiary-mpmm.json;data/zh-TW/bestiary/fluff-bestiary-vgm.json
creature,Frost Giant,,霜巨人,existing-site,data/zh-TW/bestiary/bestiary-mm.json;data/zh-TW/bestiary/bestiary-xmm.json;data/zh-TW/bestiary/fluff-bestiary-mm.json;data/zh-TW/bestiary/fluff-bestiary-xmm.json
creature,Gargoyle,,石像鬼,existing-site,data/zh-TW/bestiary/bestiary-mm.json;data/zh-TW/bestiary/bestiary-xmm.json;data/zh-TW/bestiary/fluff-bestiary-mm.json;data/zh-TW/bestiary/fluff-bestiary-xmm.json
creature,Ghast,,妖鬼,existing-site,data/zh-TW/bestiary/bestiary-mm.json;data/zh-TW/bestiary/bestiary-xmm.json;data/zh-TW/bestiary/fluff-bestiary-mm.json;data/zh-TW/bestiary/fluff-bestiary-xmm.json
creature,Ghast,MM,妖鬼,existing-site,data/zh-TW/bestiary/bestiary-mm.json;data/zh-TW/bestiary/bestiary-xmm.json;data/zh-TW/bestiary/fluff-bestiary-mm.json;data/zh-TW/bestiary/fluff-bestiary-xmm.json
creature,Ghost,,幽魂,existing-site,data/zh-TW/bestiary/bestiary-mm.json;data/zh-TW/bestiary/bestiary-xmm.json;data/zh-TW/bestiary/fluff-bestiary-mm.json;data/zh-TW/bestiary/fluff-bestiary-xmm.json;data/zh-TW/rules/variantrules.json
creature,Ghoul,,食屍鬼,existing-site,data/zh-TW/bestiary/bestiary-mm.json;data/zh-TW/bestiary/bestiary-xmm.json;data/zh-TW/bestiary/fluff-bestiary-mm.json;data/zh-TW/bestiary/fluff-bestiary-xmm.json
creature,Ghoul,MM,食屍鬼,existing-site,data/zh-TW/bestiary/bestiary-mm.json;data/zh-TW/bestiary/bestiary-xmm.json;data/zh-TW/bestiary/fluff-bestiary-mm.json;data/zh-TW/bestiary/fluff-bestiary-xmm.json
creature,Giant Centipede,,巨蜈蚣,existing-site,data/zh-TW/bestiary/bestiary-mm.json;data/zh-TW/bestiary/bestiary-xmm.json;data/zh-TW/bestiary/fluff-bestiary-xmm.json
creature,Giant Constrictor Snake,MM,巨蟒蛇,existing-site,data/zh-TW/bestiary/bestiary-mm.json;data/zh-TW/bestiary/bestiary-xmm.json;data/zh-TW/bestiary/fluff-bestiary-xmm.json
creature,Giant Crab,,巨蟹,existing-site,data/zh-TW/bestiary/bestiary-mm.json;data/zh-TW/bestiary/bestiary-xmm.json;data/zh-TW/bestiary/fluff-bestiary-xmm.json
creature,Giant Four-Armed Gargoyle,ToA,四臂巨石像鬼,existing-site,data/zh-TW/bestiary/bestiary-toa.json;data/zh-TW/bestiary/fluff-bestiary-toa.json
creature,Giant Rat,,巨鼠,existing-site,data/zh-TW/bestiary/bestiary-mm.json;data/zh-TW/bestiary/bestiary-xmm.json;data/zh-TW/bestiary/fluff-bestiary-mm.json;data/zh-TW/bestiary/fluff-bestiary-xmm.json
creature,Giant Snapping Turtle,ToA,巨鱷龜,existing-site,data/zh-TW/bestiary/bestiary-toa.json;data/zh-TW/bestiary/fluff-bestiary-toa.json
creature,Giant Spider,,巨蜘蛛,existing-site,data/zh-TW/bestiary/bestiary-mm.json;data/zh-TW/bestiary/bestiary-wtthc.json;data/zh-TW/bestiary/bestiary-xmm.json;data/zh-TW/bestiary/fluff-bestiary-mm.json;data/zh-TW/bestiary/fluff-bestiary-wtthc.json;data/zh-TW/bestiary/fluff-bestiary-xmm.json
creature,Giant Strider,VGM,闊步鳥,existing-site,data/zh-TW/bestiary/bestiary-mpmm.json;data/zh-TW/bestiary/bestiary-vgm.json;data/zh-TW/bestiary/fluff-bestiary-mpmm.json;data/zh-TW/bestiary/fluff-bestiary-vgm.json
creature,Giant Wasp,,巨黃蜂,existing-site,data/zh-TW/bestiary/bestiary-mm.json;data/zh-TW/bestiary/bestiary-xmm.json;data/zh-TW/bestiary/fluff-bestiary-xmm.json
creature,Giant Wolf Spider,,巨狼蛛,existing-site,data/zh-TW/bestiary/bestiary-mm.json;data/zh-TW/bestiary/bestiary-xmm.json;data/zh-TW/bestiary/fluff-bestiary-mm.json;data/zh-TW/bestiary/fluff-bestiary-xmm.json
creature,Giant four-armed gargoyle,ToA,四臂巨石像鬼,existing-site,data/zh-TW/bestiary/bestiary-toa.json;data/zh-TW/bestiary/fluff-bestiary-toa.json
creature,Gideon Lightward,BGDIA,吉迪恩·萊特沃德,existing-site,data/zh-TW/bestiary/bestiary-bgdia.json;data/zh-TW/bestiary/fluff-bestiary-bgdia.json
creature,Girallon,VGM,四臂猿怪,existing-site,data/zh-TW/bestiary/bestiary-mpmm.json;data/zh-TW/bestiary/bestiary-vgm.json;data/zh-TW/bestiary/fluff-bestiary-mpmm.json;data/zh-TW/bestiary/fluff-bestiary-vgm.json
creature,Girallon Zombie,ToA,四臂猿怪喪屍,existing-site,data/zh-TW/bestiary/bestiary-toa.json;data/zh-TW/bestiary/fluff-bestiary-toa.json
creature,Gladiator,,角鬥士,existing-site,data/zh-TW/bestiary/bestiary-mm.json;data/zh-TW/bestiary/bestiary-xmm.json;data/zh-TW/bestiary/fluff-bestiary-mm.json;data/zh-TW/bestiary/fluff-bestiary-xmm.json
creature,Gnoll,,鬣狗人,existing-site,data/zh-TW/bestiary/bestiary-mm.json;data/zh-TW/bestiary/fluff-bestiary-mm.json;data/zh-TW/character-options/races.json
creature,Goat,,山羊,existing-site,data/zh-TW/bestiary/bestiary-mm.json;data/zh-TW/bestiary/bestiary-xmm.json;data/zh-TW/bestiary/fluff-bestiary-xmm.json;data/zh-TW/items/items-002.json
creature,Goblin,,地精,existing-site,data/zh-TW/bestiary/bestiary-mm.json;data/zh-TW/bestiary/fluff-bestiary-mm.json;data/zh-TW/character-options/fluff-races.json;data/zh-TW/character-options/races.json
creature,Gondolo,ToA,岡多洛,existing-site,data/zh-TW/bestiary/bestiary-toa.json;data/zh-TW/bestiary/fluff-bestiary-toa.json
creature,Gorgon,,石化鐵牛,existing-site,data/zh-TW/bestiary/bestiary-mm.json;data/zh-TW/bestiary/bestiary-xmm.json;data/zh-TW/bestiary/fluff-bestiary-mm.json;data/zh-TW/bestiary/fluff-bestiary-xmm.json
creature,Grabstab,ToA,格拉布斯塔布,existing-site,data/zh-TW/bestiary/bestiary-toa.json;data/zh-TW/bestiary/fluff-bestiary-toa.json
creature,Grandfather Zitembe,ToA,澤騰貝爺爺,existing-site,data/zh-TW/bestiary/bestiary-toa.json
creature,Griffon,,獅鷲,existing-site,data/zh-TW/bestiary/bestiary-mm.json;data/zh-TW/bestiary/bestiary-xmm.json;data/zh-TW/bestiary/fluff-bestiary-mm.json;data/zh-TW/bestiary/fluff-bestiary-xmm.json
creature,Grung,VGM,格龍蛙人,existing-site,data/zh-TW/bestiary/bestiary-mpmm.json;data/zh-TW/bestiary/bestiary-vgm.json;data/zh-TW/bestiary/fluff-bestiary-mpmm.json;data/zh-TW/bestiary/fluff-bestiary-vgm.json;data/zh-TW/character-options/fluff-races.json;data/zh-TW/character-options/races.json
creature,Grung Elite Warrior,VGM,格龍蛙人精英戰士,existing-site,data/zh-TW/bestiary/bestiary-mpmm.json;data/zh-TW/bestiary/bestiary-vgm.json;data/zh-TW/bestiary/fluff-bestiary-mpmm.json;data/zh-TW/bestiary/fluff-bestiary-vgm.json
creature,Grung Wildling,VGM,格龍蛙人蠻荒祭司,existing-site,data/zh-TW/bestiary/bestiary-mpmm.json;data/zh-TW/bestiary/bestiary-vgm.json;data/zh-TW/bestiary/fluff-bestiary-mpmm.json;data/zh-TW/bestiary/fluff-bestiary-vgm.json
creature,Guard,,警衛,existing-site,data/zh-TW/bestiary/bestiary-mm.json;data/zh-TW/bestiary/bestiary-wtthc.json;data/zh-TW/bestiary/bestiary-xmm.json;data/zh-TW/bestiary/fluff-bestiary-mm.json;data/zh-TW/bestiary/fluff-bestiary-wtthc.json;data/zh-TW/bestiary/fluff-bestiary-xmm.json;data/zh-TW/character-options/backgrounds.json;data/zh-TW/character-options/fluff-backgrounds.json
creature,Hadrosaurus,VGM,鴨嘴龍,existing-site,data/zh-TW/bestiary/bestiary-mpmm.json;data/zh-TW/bestiary/bestiary-vgm.json;data/zh-TW/bestiary/fluff-bestiary-mpmm.json;data/zh-TW/bestiary/fluff-bestiary-vgm.json
creature,Half-Ogre (Ogrillon),,半食人魔 (半獸食人魔),existing-site,data/zh-TW/bestiary/bestiary-mm.json;data/zh-TW/bestiary/fluff-bestiary-mm.json
creature,Harkina Hunt,BGDIA,哈金娜·亨特,existing-site,data/zh-TW/bestiary/bestiary-bgdia.json
creature,Hell Hound,,地獄獵犬,existing-site,data/zh-TW/bestiary/bestiary-mm.json;data/zh-TW/bestiary/bestiary-wtthc.json;data/zh-TW/bestiary/bestiary-xmm.json;data/zh-TW/bestiary/fluff-bestiary-mm.json;data/zh-TW/bestiary/fluff-bestiary-wtthc.json;data/zh-TW/bestiary/fluff-bestiary-xmm.json
creature,Hellwasp,BGDIA,黃泉蜂,existing-site,data/zh-TW/bestiary/bestiary-bgdia.json;data/zh-TW/bestiary/fluff-bestiary-bgdia.json
creature,Hew Hackinstone,ToA,休·哈金斯頓,existing-site,data/zh-TW/bestiary/bestiary-toa.json;data/zh-TW/bestiary/fluff-bestiary-toa.json
creature,Hezrou,,狂蟾魔,existing-site,data/zh-TW/bestiary/bestiary-mm.json;data/zh-TW/bestiary/bestiary-xmm.json;data/zh-TW/bestiary/fluff-bestiary-mm.json;data/zh-TW/bestiary/fluff-bestiary-xmm.json
creature,Hobgoblin,,大地精,existing-site,data/zh-TW/bestiary/bestiary-mm.json;data/zh-TW/bestiary/fluff-bestiary-mm.json;data/zh-TW/character-options/fluff-races.json;data/zh-TW/character-options/races.json
creature,Hobgoblin Captain,,大地精長官,existing-site,data/zh-TW/bestiary/bestiary-mm.json;data/zh-TW/bestiary/bestiary-xmm.json;data/zh-TW/bestiary/fluff-bestiary-mm.json;data/zh-TW/bestiary/fluff-bestiary-xmm.json
creature,Hollyphant,BGDIA,聖飛象,existing-site,data/zh-TW/bestiary/bestiary-bgdia.json;data/zh-TW/bestiary/fluff-bestiary-bgdia.json
creature,Horned Devil,,角魔,existing-site,data/zh-TW/bestiary/bestiary-mm.json;data/zh-TW/bestiary/bestiary-xmm.json;data/zh-TW/bestiary/fluff-bestiary-mm.json;data/zh-TW/bestiary/fluff-bestiary-xmm.json
creature,Horned devil,,角魔,existing-site,data/zh-TW/bestiary/bestiary-mm.json;data/zh-TW/bestiary/bestiary-xmm.json;data/zh-TW/bestiary/fluff-bestiary-mm.json;data/zh-TW/bestiary/fluff-bestiary-xmm.json
creature,Horned devil,MM,角魔,existing-site,data/zh-TW/bestiary/bestiary-mm.json;data/zh-TW/bestiary/bestiary-xmm.json;data/zh-TW/bestiary/fluff-bestiary-mm.json;data/zh-TW/bestiary/fluff-bestiary-xmm.json
creature,Ice devil,,冰魔,existing-site,data/zh-TW/bestiary/bestiary-mm.json;data/zh-TW/bestiary/bestiary-xmm.json;data/zh-TW/bestiary/fluff-bestiary-mm.json;data/zh-TW/bestiary/fluff-bestiary-xmm.json
creature,Ice devil,MM,冰魔,existing-site,data/zh-TW/bestiary/bestiary-mm.json;data/zh-TW/bestiary/bestiary-xmm.json;data/zh-TW/bestiary/fluff-bestiary-mm.json;data/zh-TW/bestiary/fluff-bestiary-xmm.json
creature,Ifan Talro'a,ToA,伊方·塔若阿,existing-site,data/zh-TW/bestiary/bestiary-toa.json;data/zh-TW/bestiary/fluff-bestiary-toa.json
creature,Imp,,小魔鬼,existing-site,data/zh-TW/bestiary/bestiary-mm.json;data/zh-TW/bestiary/bestiary-xmm.json;data/zh-TW/bestiary/fluff-bestiary-mm.json;data/zh-TW/bestiary/fluff-bestiary-xmm.json
creature,Imp,MM,小魔鬼,existing-site,data/zh-TW/bestiary/bestiary-mm.json;data/zh-TW/bestiary/bestiary-xmm.json;data/zh-TW/bestiary/fluff-bestiary-mm.json;data/zh-TW/bestiary/fluff-bestiary-xmm.json
creature,Incubus,,夢魔,existing-site,data/zh-TW/bestiary/bestiary-mm.json;data/zh-TW/bestiary/bestiary-xmm.json;data/zh-TW/bestiary/fluff-bestiary-mm.json;data/zh-TW/bestiary/fluff-bestiary-xmm.json
creature,Invisible stalker,,隱形追獵者,existing-site,data/zh-TW/bestiary/bestiary-mm.json;data/zh-TW/bestiary/bestiary-xmm.json;data/zh-TW/bestiary/fluff-bestiary-mm.json;data/zh-TW/bestiary/fluff-bestiary-xmm.json
creature,Invisible stalker,MM,隱形追獵者,existing-site,data/zh-TW/bestiary/bestiary-mm.json;data/zh-TW/bestiary/bestiary-xmm.json;data/zh-TW/bestiary/fluff-bestiary-mm.json;data/zh-TW/bestiary/fluff-bestiary-xmm.json
creature,Iron Consul,BGDIA,鋼鐵領事,existing-site,data/zh-TW/bestiary/bestiary-bgdia.json;data/zh-TW/bestiary/fluff-bestiary-bgdia.json
creature,Jackalwere,,化形胡狼,existing-site,data/zh-TW/bestiary/bestiary-mm.json;data/zh-TW/bestiary/bestiary-xmm.json;data/zh-TW/bestiary/fluff-bestiary-mm.json;data/zh-TW/bestiary/fluff-bestiary-xmm.json
creature,Jaculi,ToA,幻色蛇,existing-site,data/zh-TW/bestiary/bestiary-toa.json;data/zh-TW/bestiary/fluff-bestiary-toa.json
creature,Jessamine,ToA,婕薩敏,existing-site,data/zh-TW/bestiary/bestiary-toa.json;data/zh-TW/bestiary/fluff-bestiary-toa.json
creature,Jobal,ToA,喬巴,existing-site,data/zh-TW/bestiary/bestiary-toa.json;data/zh-TW/bestiary/fluff-bestiary-toa.json
creature,Kamadan,ToA,六岐蛇豹,existing-site,data/zh-TW/bestiary/bestiary-toa.json;data/zh-TW/bestiary/fluff-bestiary-toa.json
creature,King of Feathers,ToA,翎羽之王,existing-site,data/zh-TW/bestiary/bestiary-toa.json;data/zh-TW/bestiary/fluff-bestiary-toa.json
creature,Knight,,騎士,existing-site,data/zh-TW/bestiary/bestiary-mm.json;data/zh-TW/bestiary/bestiary-xmm.json;data/zh-TW/bestiary/fluff-bestiary-mm.json;data/zh-TW/bestiary/fluff-bestiary-xmm.json;data/zh-TW/items/items-001.json
creature,Kobold,,狗頭人,existing-site,data/zh-TW/bestiary/bestiary-mm.json;data/zh-TW/bestiary/fluff-bestiary-mm.json;data/zh-TW/character-options/fluff-races.json;data/zh-TW/character-options/races.json
creature,Kobold Inventor,VGM,狗頭人發明家,existing-site,data/zh-TW/bestiary/bestiary-mpmm.json;data/zh-TW/bestiary/bestiary-vgm.json;data/zh-TW/bestiary/fluff-bestiary-mpmm.json;data/zh-TW/bestiary/fluff-bestiary-vgm.json
creature,Kobold Scale Sorcerer,VGM,狗頭人鱗術士,existing-site,data/zh-TW/bestiary/bestiary-mpmm.json;data/zh-TW/bestiary/bestiary-vgm.json;data/zh-TW/bestiary/fluff-bestiary-mpmm.json;data/zh-TW/bestiary/fluff-bestiary-vgm.json
creature,Kostchtchie,BGDIA,科斯徹奇,existing-site,data/zh-TW/bestiary/bestiary-bgdia.json;data/zh-TW/bestiary/fluff-bestiary-bgdia.json
creature,Krull,BGDIA,克魯爾,existing-site,data/zh-TW/bestiary/bestiary-bgdia.json;data/zh-TW/bestiary/fluff-bestiary-bgdia.json
creature,Kupalué,ToA,庫帕魯艾,existing-site,data/zh-TW/bestiary/bestiary-toa.json;data/zh-TW/bestiary/fluff-bestiary-toa.json
creature,Kwayothé,ToA,克薇歐澤,existing-site,data/zh-TW/bestiary/bestiary-toa.json;data/zh-TW/bestiary/fluff-bestiary-toa.json
creature,Larva,DMG,幼蟲魔,existing-site,data/zh-TW/bestiary/bestiary-dmg.json;data/zh-TW/bestiary/bestiary-xmm.json;data/zh-TW/bestiary/fluff-bestiary-xmm.json
creature,Laskilar,ToA,拉斯基拉爾,existing-site,data/zh-TW/bestiary/bestiary-toa.json;data/zh-TW/bestiary/fluff-bestiary-toa.json
creature,Lemure,,劣魔,existing-site,data/zh-TW/bestiary/bestiary-mm.json;data/zh-TW/bestiary/bestiary-xmm.json;data/zh-TW/bestiary/fluff-bestiary-mm.json;data/zh-TW/bestiary/fluff-bestiary-xmm.json
creature,Lemure,MM,劣魔,existing-site,data/zh-TW/bestiary/bestiary-mm.json;data/zh-TW/bestiary/bestiary-xmm.json;data/zh-TW/bestiary/fluff-bestiary-mm.json;data/zh-TW/bestiary/fluff-bestiary-xmm.json
creature,Liara Portyr,ToA,莉亞菈・波特爾,existing-site,data/zh-TW/bestiary/bestiary-toa.json;data/zh-TW/bestiary/fluff-bestiary-toa.json
creature,Lulu,BGDIA,露露,existing-site,data/zh-TW/bestiary/bestiary-bgdia.json;data/zh-TW/bestiary/fluff-bestiary-bgdia.json
creature,Mad Maggie,BGDIA,瘋喜鵲,existing-site,data/zh-TW/bestiary/bestiary-bgdia.json;data/zh-TW/bestiary/fluff-bestiary-bgdia.json
creature,Mage,,魔法師,existing-site,data/zh-TW/bestiary/bestiary-mm.json;data/zh-TW/bestiary/bestiary-xmm.json;data/zh-TW/bestiary/fluff-bestiary-mm.json;data/zh-TW/bestiary/fluff-bestiary-xmm.json;data/zh-TW/items/items-001.json
creature,Magmin,,火童,existing-site,data/zh-TW/bestiary/bestiary-mm.json;data/zh-TW/bestiary/bestiary-xmm.json;data/zh-TW/bestiary/fluff-bestiary-mm.json;data/zh-TW/bestiary/fluff-bestiary-xmm.json
creature,Mahadi the Rakshasa,BGDIA,羅剎馬哈迪,existing-site,data/zh-TW/bestiary/bestiary-bgdia.json;data/zh-TW/bestiary/fluff-bestiary-bgdia.json
creature,Mahadi the rakshasa,BGDIA,羅剎馬哈迪,existing-site,data/zh-TW/bestiary/bestiary-bgdia.json;data/zh-TW/bestiary/fluff-bestiary-bgdia.json
creature,Mantrap,ToA,捕人草,existing-site,data/zh-TW/bestiary/bestiary-toa.json;data/zh-TW/bestiary/fluff-bestiary-toa.json
creature,Master of Souls,BGDIA,馭魂者,existing-site,data/zh-TW/bestiary/bestiary-bgdia.json;data/zh-TW/bestiary/fluff-bestiary-bgdia.json
creature,Merregon,MTF,軍團魔,existing-site,data/zh-TW/bestiary/bestiary-mpmm.json;data/zh-TW/bestiary/bestiary-mtf.json;data/zh-TW/bestiary/fluff-bestiary-mpmm.json;data/zh-TW/bestiary/fluff-bestiary-mtf.json
creature,Mezzoloth,,毒蟲羅斯魔,existing-site,data/zh-TW/bestiary/bestiary-mm.json;data/zh-TW/bestiary/bestiary-xmm.json;data/zh-TW/bestiary/fluff-bestiary-mm.json;data/zh-TW/bestiary/fluff-bestiary-xmm.json
creature,Mimic,,擬身怪,existing-site,data/zh-TW/bestiary/bestiary-mm.json;data/zh-TW/bestiary/bestiary-xmm.json;data/zh-TW/bestiary/fluff-bestiary-mm.json;data/zh-TW/bestiary/fluff-bestiary-xmm.json
creature,Minotaur,,牛頭人,existing-site,data/zh-TW/bestiary/bestiary-mm.json;data/zh-TW/bestiary/fluff-bestiary-mm.json;data/zh-TW/character-options/fluff-races.json;data/zh-TW/character-options/races.json
creature,Minotaur,MM,牛頭人,existing-site,data/zh-TW/bestiary/bestiary-mm.json;data/zh-TW/bestiary/fluff-bestiary-mm.json;data/zh-TW/character-options/fluff-races.json;data/zh-TW/character-options/races.json
creature,Minotaur Skeleton,,骷髏牛頭人,existing-site,data/zh-TW/bestiary/bestiary-mm.json;data/zh-TW/bestiary/bestiary-xmm.json;data/zh-TW/bestiary/fluff-bestiary-mm.json;data/zh-TW/bestiary/fluff-bestiary-xmm.json
creature,Mister Threadneedle,ToA,針線先生,existing-site,data/zh-TW/bestiary/bestiary-toa.json
creature,Mortlock Vanthampur,BGDIA,摩特洛克·范薩普爾,existing-site,data/zh-TW/bestiary/bestiary-bgdia.json;data/zh-TW/bestiary/fluff-bestiary-bgdia.json
creature,Musharib,ToA,穆沙瑞卜,existing-site,data/zh-TW/bestiary/bestiary-toa.json;data/zh-TW/bestiary/fluff-bestiary-toa.json
creature,Mwaxanaré,ToA,姆瓦克絲娜瑞,existing-site,data/zh-TW/bestiary/bestiary-toa.json;data/zh-TW/bestiary/fluff-bestiary-toa.json
creature,Na,ToA,娜,existing-site,data/zh-TW/bestiary/bestiary-toa.json;data/zh-TW/bestiary/fluff-bestiary-toa.json
creature,Nanny Pu'pu,ToA,普普奶奶,existing-site,data/zh-TW/bestiary/bestiary-toa.json;data/zh-TW/bestiary/fluff-bestiary-toa.json
creature,Narzugon,MTF,魘騎魔,existing-site,data/zh-TW/bestiary/bestiary-mpmm.json;data/zh-TW/bestiary/bestiary-mtf.json;data/zh-TW/bestiary/fluff-bestiary-mpmm.json;data/zh-TW/bestiary/fluff-bestiary-mtf.json
creature,Necromite of Myrkul,BGDIA,米爾寇之屍從,existing-site,data/zh-TW/bestiary/bestiary-bgdia.json;data/zh-TW/bestiary/fluff-bestiary-bgdia.json
creature,Nepartak,ToA,妮博特,existing-site,data/zh-TW/bestiary/bestiary-toa.json
creature,Night Blade,BGDIA,夜刃,existing-site,data/zh-TW/bestiary/bestiary-bgdia.json;data/zh-TW/bestiary/fluff-bestiary-bgdia.json
creature,Night Hag,,夜鬼婆,existing-site,data/zh-TW/bestiary/bestiary-mm.json;data/zh-TW/bestiary/bestiary-xmm.json;data/zh-TW/bestiary/fluff-bestiary-mm.json;data/zh-TW/bestiary/fluff-bestiary-xmm.json;data/zh-TW/bestiary/legendarygroups.json
creature,Night Hag,MM,夜鬼婆,existing-site,data/zh-TW/bestiary/bestiary-mm.json;data/zh-TW/bestiary/bestiary-xmm.json;data/zh-TW/bestiary/fluff-bestiary-mm.json;data/zh-TW/bestiary/fluff-bestiary-xmm.json;data/zh-TW/bestiary/legendarygroups.json
creature,Niles Breakbone,ToA,奈爾斯·斷骨,existing-site,data/zh-TW/bestiary/bestiary-toa.json
creature,Nine-Fingers Keene,BGDIA,九指基恩,existing-site,data/zh-TW/bestiary/bestiary-bgdia.json;data/zh-TW/bestiary/fluff-bestiary-bgdia.json
creature,Noble,,貴族,existing-site,data/zh-TW/bestiary/bestiary-mm.json;data/zh-TW/bestiary/bestiary-xmm.json;data/zh-TW/bestiary/fluff-bestiary-mm.json;data/zh-TW/bestiary/fluff-bestiary-xmm.json;data/zh-TW/character-options/backgrounds.json;data/zh-TW/character-options/fluff-backgrounds.json
creature,Nothic,,諾斯怪,existing-site,data/zh-TW/bestiary/bestiary-mm.json;data/zh-TW/bestiary/bestiary-xmm.json;data/zh-TW/bestiary/fluff-bestiary-mm.json;data/zh-TW/bestiary/fluff-bestiary-xmm.json
creature,Nupperibo,MTF,臃腫魔,existing-site,data/zh-TW/bestiary/bestiary-mpmm.json;data/zh-TW/bestiary/bestiary-mtf.json;data/zh-TW/bestiary/fluff-bestiary-mpmm.json;data/zh-TW/bestiary/fluff-bestiary-mtf.json
creature,Nycaloth,,征伐羅斯魔,existing-site,data/zh-TW/bestiary/bestiary-mm.json;data/zh-TW/bestiary/bestiary-xmm.json;data/zh-TW/bestiary/fluff-bestiary-mm.json;data/zh-TW/bestiary/fluff-bestiary-xmm.json
creature,Ogre Zombie,,食人魔殭屍,existing-site,data/zh-TW/bestiary/bestiary-mm.json;data/zh-TW/bestiary/bestiary-xmm.json;data/zh-TW/bestiary/fluff-bestiary-mm.json;data/zh-TW/bestiary/fluff-bestiary-xmm.json
creature,Orc,,獸人,existing-site,data/zh-TW/bestiary/bestiary-mm.json;data/zh-TW/bestiary/fluff-bestiary-mm.json;data/zh-TW/character-options/fluff-races.json;data/zh-TW/character-options/races.json;data/zh-TW/reference-pages/fluff-languages.json;data/zh-TW/reference-pages/languages.json
creature,Orthon,MTF,奧頓魔,existing-site,data/zh-TW/bestiary/bestiary-mpmm.json;data/zh-TW/bestiary/bestiary-mtf.json;data/zh-TW/bestiary/fluff-bestiary-mpmm.json;data/zh-TW/bestiary/fluff-bestiary-mtf.json
creature,Ortimay Swift and Dark,ToA,鷗爾忒梅·斯威夫特·達克,existing-site,data/zh-TW/bestiary/bestiary-toa.json
creature,Orvex Ocrammas,ToA,奧爾威克斯·歐誇瑪斯,existing-site,data/zh-TW/bestiary/bestiary-toa.json;data/zh-TW/bestiary/fluff-bestiary-toa.json
creature,Otyugh,,食腐獸,existing-site,data/zh-TW/bestiary/bestiary-mm.json;data/zh-TW/bestiary/bestiary-xmm.json;data/zh-TW/bestiary/fluff-bestiary-mm.json;data/zh-TW/bestiary/fluff-bestiary-xmm.json
creature,Panther,,豹,existing-site,data/zh-TW/bestiary/bestiary-mm.json;data/zh-TW/bestiary/bestiary-xmm.json;data/zh-TW/bestiary/fluff-bestiary-xmm.json;data/zh-TW/class/class-barbarian.json
creature,Pit fiend,,深獄煉魔,existing-site,data/zh-TW/bestiary/bestiary-mm.json;data/zh-TW/bestiary/bestiary-xmm.json;data/zh-TW/bestiary/fluff-bestiary-mm.json;data/zh-TW/bestiary/fluff-bestiary-xmm.json
creature,Pit fiend,MM,深獄煉魔,existing-site,data/zh-TW/bestiary/bestiary-mm.json;data/zh-TW/bestiary/bestiary-xmm.json;data/zh-TW/bestiary/fluff-bestiary-mm.json;data/zh-TW/bestiary/fluff-bestiary-xmm.json
creature,Plesiosaurus,,蛇頸龍,existing-site,data/zh-TW/bestiary/bestiary-mm.json;data/zh-TW/bestiary/bestiary-xmm.json;data/zh-TW/bestiary/fluff-bestiary-mm.json;data/zh-TW/bestiary/fluff-bestiary-xmm.json
creature,Priest,,祭司,existing-site,data/zh-TW/bestiary/bestiary-mm.json;data/zh-TW/bestiary/bestiary-xmm.json;data/zh-TW/bestiary/fluff-bestiary-mm.json;data/zh-TW/bestiary/fluff-bestiary-xmm.json;data/zh-TW/items/items-001.json
creature,Princeps Kovik,BGDIA,元首科維克,existing-site,data/zh-TW/bestiary/bestiary-bgdia.json;data/zh-TW/bestiary/fluff-bestiary-bgdia.json
creature,Pterafolk,ToA,翼手獸,existing-site,data/zh-TW/bestiary/bestiary-toa.json;data/zh-TW/bestiary/fluff-bestiary-toa.json
creature,Qawasha,ToA,卡瓦沙,existing-site,data/zh-TW/bestiary/bestiary-toa.json;data/zh-TW/bestiary/fluff-bestiary-toa.json
creature,Quadrone,,四元冢,existing-site,data/zh-TW/bestiary/bestiary-mm.json;data/zh-TW/bestiary/fluff-bestiary-mm.json
creature,Quetzalcoatlus,VGM,風神翼龍,existing-site,data/zh-TW/bestiary/bestiary-mpmm.json;data/zh-TW/bestiary/bestiary-vgm.json;data/zh-TW/bestiary/fluff-bestiary-mpmm.json;data/zh-TW/bestiary/fluff-bestiary-vgm.json
creature,Quipper,,食人魚,existing-site,data/zh-TW/bestiary/bestiary-mm.json;data/zh-TW/bestiary/fluff-bestiary-mm.json
creature,Raggadragga,BGDIA,拉加德拉格,existing-site,data/zh-TW/bestiary/bestiary-bgdia.json;data/zh-TW/bestiary/fluff-bestiary-bgdia.json
creature,Ras Nsi,ToA,拉茲·納斯,existing-site,data/zh-TW/bestiary/bestiary-toa.json;data/zh-TW/bestiary/fluff-bestiary-toa.json
creature,Rat,,老鼠,existing-site,data/zh-TW/bestiary/bestiary-mm.json;data/zh-TW/bestiary/bestiary-xmm.json;data/zh-TW/bestiary/fluff-bestiary-mm.json;data/zh-TW/bestiary/fluff-bestiary-xmm.json
creature,Reaper of Bhaal,BGDIA,巴爾的收割者,existing-site,data/zh-TW/bestiary/bestiary-bgdia.json;data/zh-TW/bestiary/fluff-bestiary-bgdia.json
creature,Redcap,VGM,紅帽子,existing-site,data/zh-TW/bestiary/bestiary-mpmm.json;data/zh-TW/bestiary/bestiary-vgm.json;data/zh-TW/bestiary/fluff-bestiary-mpmm.json;data/zh-TW/bestiary/fluff-bestiary-vgm.json
creature,Reef Shark,,礁鯊,existing-site,data/zh-TW/bestiary/bestiary-mm.json;data/zh-TW/bestiary/bestiary-xmm.json;data/zh-TW/bestiary/fluff-bestiary-mm.json;data/zh-TW/bestiary/fluff-bestiary-xmm.json
creature,Riding Horse,,乘用馬,existing-site,data/zh-TW/bestiary/bestiary-mm.json;data/zh-TW/bestiary/bestiary-xmm.json;data/zh-TW/bestiary/fluff-bestiary-mm.json;data/zh-TW/bestiary/fluff-bestiary-xmm.json;data/zh-TW/items/items-005.json
creature,Rilsa Rael,BGDIA,瑞爾薩·雷爾,existing-site,data/zh-TW/bestiary/bestiary-bgdia.json;data/zh-TW/bestiary/fluff-bestiary-bgdia.json
creature,River Mist,ToA,河霧,existing-site,data/zh-TW/bestiary/bestiary-toa.json;data/zh-TW/bestiary/fluff-bestiary-toa.json
creature,Salamander,,火蜥蜴,existing-site,data/zh-TW/bestiary/bestiary-mm.json;data/zh-TW/bestiary/bestiary-xmm.json;data/zh-TW/bestiary/fluff-bestiary-mm.json;data/zh-TW/bestiary/fluff-bestiary-xmm.json
creature,Salida,ToA,薩莉達,existing-site,data/zh-TW/bestiary/bestiary-toa.json;data/zh-TW/bestiary/fluff-bestiary-toa.json
creature,Scout,,斥侯,existing-site,data/zh-TW/bestiary/bestiary-mm.json;data/zh-TW/bestiary/bestiary-xmm.json;data/zh-TW/bestiary/fluff-bestiary-mm.json;data/zh-TW/bestiary/fluff-bestiary-xmm.json;data/zh-TW/class/class-rogue.json;data/zh-TW/class/fluff-class-rogue.json
creature,Sekelok,ToA,瑟克洛克,existing-site,data/zh-TW/bestiary/bestiary-toa.json
creature,Shadow,,幽影,existing-site,data/zh-TW/bestiary/bestiary-mm.json;data/zh-TW/bestiary/bestiary-wtthc.json;data/zh-TW/bestiary/bestiary-xmm.json;data/zh-TW/bestiary/fluff-bestiary-mm.json;data/zh-TW/bestiary/fluff-bestiary-wtthc.json;data/zh-TW/bestiary/fluff-bestiary-xmm.json
creature,Shadow,MM,幽影,existing-site,data/zh-TW/bestiary/bestiary-mm.json;data/zh-TW/bestiary/bestiary-wtthc.json;data/zh-TW/bestiary/bestiary-xmm.json;data/zh-TW/bestiary/fluff-bestiary-mm.json;data/zh-TW/bestiary/fluff-bestiary-wtthc.json;data/zh-TW/bestiary/fluff-bestiary-xmm.json
creature,Shago,ToA,鯊狗,existing-site,data/zh-TW/bestiary/bestiary-toa.json;data/zh-TW/bestiary/fluff-bestiary-toa.json
creature,Shambling Mound,,蔓生怪,existing-site,data/zh-TW/bestiary/bestiary-mm.json;data/zh-TW/bestiary/bestiary-xmm.json;data/zh-TW/bestiary/fluff-bestiary-mm.json;data/zh-TW/bestiary/fluff-bestiary-xmm.json
creature,Skeleton,,骷髏,existing-site,data/zh-TW/bestiary/bestiary-mm.json;data/zh-TW/bestiary/bestiary-xmm.json;data/zh-TW/bestiary/fluff-bestiary-mm.json;data/zh-TW/bestiary/fluff-bestiary-xmm.json;data/zh-TW/character-options/races.json
creature,Skeleton,MM,骷髏,existing-site,data/zh-TW/bestiary/bestiary-mm.json;data/zh-TW/bestiary/bestiary-xmm.json;data/zh-TW/bestiary/fluff-bestiary-mm.json;data/zh-TW/bestiary/fluff-bestiary-xmm.json;data/zh-TW/character-options/races.json
creature,Skeleton Key,ToA,鑰匙骷髏,existing-site,data/zh-TW/bestiary/bestiary-toa.json;data/zh-TW/bestiary/fluff-bestiary-toa.json
creature,Skull Lasher of Myrkul,BGDIA,米爾寇之笞顱者,existing-site,data/zh-TW/bestiary/bestiary-bgdia.json;data/zh-TW/bestiary/fluff-bestiary-bgdia.json
creature,Smiler the Defiler,BGDIA,汙化者笑爺,existing-site,data/zh-TW/bestiary/bestiary-bgdia.json;data/zh-TW/bestiary/fluff-bestiary-bgdia.json
creature,Smoke Mephit,,煙魔蝠,existing-site,data/zh-TW/bestiary/bestiary-mm.json;data/zh-TW/bestiary/bestiary-xmm.json;data/zh-TW/bestiary/fluff-bestiary-mm.json;data/zh-TW/bestiary/fluff-bestiary-xmm.json
creature,Specter,,惡靈,existing-site,data/zh-TW/bestiary/bestiary-mm.json;data/zh-TW/bestiary/bestiary-xmm.json;data/zh-TW/bestiary/fluff-bestiary-mm.json;data/zh-TW/bestiary/fluff-bestiary-xmm.json
creature,Specter,MM,惡靈,existing-site,data/zh-TW/bestiary/bestiary-mm.json;data/zh-TW/bestiary/bestiary-xmm.json;data/zh-TW/bestiary/fluff-bestiary-mm.json;data/zh-TW/bestiary/fluff-bestiary-xmm.json
creature,Spined Devil,,棘魔,existing-site,data/zh-TW/bestiary/bestiary-mm.json;data/zh-TW/bestiary/bestiary-xmm.json;data/zh-TW/bestiary/fluff-bestiary-mm.json;data/zh-TW/bestiary/fluff-bestiary-xmm.json
creature,Spined devil,,棘魔,existing-site,data/zh-TW/bestiary/bestiary-mm.json;data/zh-TW/bestiary/bestiary-xmm.json;data/zh-TW/bestiary/fluff-bestiary-mm.json;data/zh-TW/bestiary/fluff-bestiary-xmm.json
creature,Spined devil,MM,棘魔,existing-site,data/zh-TW/bestiary/bestiary-mm.json;data/zh-TW/bestiary/bestiary-xmm.json;data/zh-TW/bestiary/fluff-bestiary-mm.json;data/zh-TW/bestiary/fluff-bestiary-xmm.json
creature,Sprite,,小仙靈,existing-site,data/zh-TW/bestiary/bestiary-mm.json;data/zh-TW/bestiary/bestiary-xmm.json;data/zh-TW/bestiary/fluff-bestiary-mm.json;data/zh-TW/bestiary/fluff-bestiary-xmm.json
creature,Spy,,間諜,existing-site,data/zh-TW/bestiary/bestiary-mm.json;data/zh-TW/bestiary/bestiary-xmm.json;data/zh-TW/bestiary/fluff-bestiary-mm.json;data/zh-TW/bestiary/fluff-bestiary-xmm.json;data/zh-TW/reference-pages/charcreationoptions.json
creature,Steam Mephit,,蒸汽魔蝠,existing-site,data/zh-TW/bestiary/bestiary-mm.json;data/zh-TW/bestiary/bestiary-xmm.json;data/zh-TW/bestiary/fluff-bestiary-mm.json;data/zh-TW/bestiary/fluff-bestiary-xmm.json
creature,Stegosaurus,VGM,劍龍,existing-site,data/zh-TW/bestiary/bestiary-mpmm.json;data/zh-TW/bestiary/bestiary-vgm.json;data/zh-TW/bestiary/fluff-bestiary-mpmm.json;data/zh-TW/bestiary/fluff-bestiary-vgm.json
creature,Stirge,,蚊蝠,existing-site,data/zh-TW/bestiary/bestiary-mm.json;data/zh-TW/bestiary/bestiary-xmm.json;data/zh-TW/bestiary/fluff-bestiary-mm.json;data/zh-TW/bestiary/fluff-bestiary-xmm.json
creature,Stirge,MM,蚊蝠,existing-site,data/zh-TW/bestiary/bestiary-mm.json;data/zh-TW/bestiary/bestiary-xmm.json;data/zh-TW/bestiary/fluff-bestiary-mm.json;data/zh-TW/bestiary/fluff-bestiary-xmm.json
creature,Stone Golem,,石魔像,existing-site,data/zh-TW/bestiary/bestiary-mm.json;data/zh-TW/bestiary/bestiary-xmm.json;data/zh-TW/bestiary/fluff-bestiary-mm.json;data/zh-TW/bestiary/fluff-bestiary-xmm.json
creature,Stone Juggernaut,ToA,岩石戰車,existing-site,data/zh-TW/bestiary/bestiary-toa.json;data/zh-TW/bestiary/fluff-bestiary-toa.json
creature,Su-monster,ToA,蘇怪,existing-site,data/zh-TW/bestiary/bestiary-toa.json;data/zh-TW/bestiary/fluff-bestiary-toa.json
creature,Succubus,,魅魔,existing-site,data/zh-TW/bestiary/bestiary-mm.json;data/zh-TW/bestiary/bestiary-xmm.json;data/zh-TW/bestiary/fluff-bestiary-mm.json;data/zh-TW/bestiary/fluff-bestiary-xmm.json
creature,Swarm of Insects,,昆蟲叢集,existing-site,data/zh-TW/bestiary/bestiary-mm.json;data/zh-TW/bestiary/bestiary-xmm.json;data/zh-TW/bestiary/fluff-bestiary-mm.json;data/zh-TW/bestiary/fluff-bestiary-xmm.json
creature,Swarm of Poisonous Snakes,,毒蛇群,existing-site,data/zh-TW/bestiary/bestiary-mm.json;data/zh-TW/bestiary/fluff-bestiary-mm.json
creature,Swarm of Quippers,,食人魚群,existing-site,data/zh-TW/bestiary/bestiary-mm.json;data/zh-TW/bestiary/fluff-bestiary-mm.json
creature,Swarm of Rats,,鼠群,existing-site,data/zh-TW/bestiary/bestiary-mm.json;data/zh-TW/bestiary/bestiary-xmm.json;data/zh-TW/bestiary/fluff-bestiary-mm.json;data/zh-TW/bestiary/fluff-bestiary-xmm.json
creature,Swarm of Wasps,,黃蜂群,existing-site,data/zh-TW/bestiary/bestiary-mm.json;data/zh-TW/bestiary/fluff-bestiary-mm.json
creature,Sylvira Savikas,BGDIA,西爾維拉·薩維卡斯,existing-site,data/zh-TW/bestiary/bestiary-bgdia.json
creature,Syndra Silvane,ToA,辛德拉·席爾瓦因,existing-site,data/zh-TW/bestiary/bestiary-toa.json
creature,Tabaxi Hunter,ToA,斑貓獵人,existing-site,data/zh-TW/bestiary/bestiary-toa.json;data/zh-TW/bestiary/fluff-bestiary-toa.json
creature,Tabaxi Minstrel,ToA,斑貓詩人,existing-site,data/zh-TW/bestiary/bestiary-toa.json;data/zh-TW/bestiary/fluff-bestiary-toa.json
creature,Terracotta Warrior,ToA,兵馬俑,existing-site,data/zh-TW/bestiary/bestiary-toa.json
creature,Thavius Kreeg,BGDIA,塔維斯·克雷格,existing-site,data/zh-TW/bestiary/bestiary-bgdia.json;data/zh-TW/bestiary/fluff-bestiary-bgdia.json
creature,Thorny,VGM,荊棘獸,existing-site,data/zh-TW/bestiary/bestiary-vgm.json;data/zh-TW/bestiary/fluff-bestiary-vgm.json
creature,Thug,,暴徒,existing-site,data/zh-TW/bestiary/bestiary-mm.json;data/zh-TW/bestiary/fluff-bestiary-mm.json
creature,Thurstwell Vanthampur,BGDIA,瑟斯維爾·范薩普爾,existing-site,data/zh-TW/bestiary/bestiary-bgdia.json;data/zh-TW/bestiary/fluff-bestiary-bgdia.json
creature,Tiamat,RoT,提亞馬特,existing-site,data/zh-TW/bestiary/bestiary-rot.json;data/zh-TW/bestiary/fluff-bestiary-rot.json;data/zh-TW/reference-pages/deities.json
creature,Tiger,,虎,existing-site,data/zh-TW/bestiary/bestiary-mm.json;data/zh-TW/bestiary/bestiary-xmm.json;data/zh-TW/bestiary/fluff-bestiary-xmm.json;data/zh-TW/class/class-barbarian.json
creature,Tomb Guardian,ToA,陵墓守衛,existing-site,data/zh-TW/bestiary/bestiary-toa.json;data/zh-TW/bestiary/fluff-bestiary-toa.json
creature,Torogar Steelfist,BGDIA,託羅加·鋼拳,existing-site,data/zh-TW/bestiary/bestiary-bgdia.json;data/zh-TW/bestiary/fluff-bestiary-bgdia.json
creature,Traxigor,BGDIA,特拉克西哥,existing-site,data/zh-TW/bestiary/bestiary-bgdia.json
creature,Tressym,BGDIA,翼貓,existing-site,data/zh-TW/bestiary/bestiary-bgdia.json;data/zh-TW/bestiary/bestiary-skt.json;data/zh-TW/bestiary/fluff-bestiary-bgdia.json;data/zh-TW/bestiary/fluff-bestiary-skt.json
creature,Tri-flower Frond,ToA,三花株,existing-site,data/zh-TW/bestiary/bestiary-toa.json;data/zh-TW/bestiary/fluff-bestiary-toa.json
creature,Tribal Warrior,,部族武者,existing-site,data/zh-TW/bestiary/bestiary-mm.json;data/zh-TW/bestiary/fluff-bestiary-mm.json
creature,Triceratops,,三角龍,existing-site,data/zh-TW/bestiary/bestiary-mm.json;data/zh-TW/bestiary/bestiary-xmm.json;data/zh-TW/bestiary/fluff-bestiary-mm.json;data/zh-TW/bestiary/fluff-bestiary-xmm.json
creature,Triceratops,MM,三角龍,existing-site,data/zh-TW/bestiary/bestiary-mm.json;data/zh-TW/bestiary/bestiary-xmm.json;data/zh-TW/bestiary/fluff-bestiary-mm.json;data/zh-TW/bestiary/fluff-bestiary-xmm.json
creature,Tyrannosaurus Zombie,ToA,暴龍喪屍,existing-site,data/zh-TW/bestiary/bestiary-toa.json;data/zh-TW/bestiary/fluff-bestiary-toa.json
creature,Ulder Ravengard,BGDIA,烏爾德·瑞文嘉德,existing-site,data/zh-TW/bestiary/bestiary-bgdia.json;data/zh-TW/bestiary/fluff-bestiary-bgdia.json
creature,Valindra Shadowmantle,ToA,瓦琳朵拉·暗影斗篷,existing-site,data/zh-TW/bestiary/bestiary-fraif.json;data/zh-TW/bestiary/bestiary-toa.json;data/zh-TW/bestiary/fluff-bestiary-fraif.json;data/zh-TW/bestiary/fluff-bestiary-toa.json
creature,Vegepygmy,VGM,孢子人,existing-site,data/zh-TW/bestiary/bestiary-mpmm.json;data/zh-TW/bestiary/bestiary-vgm.json;data/zh-TW/bestiary/fluff-bestiary-mpmm.json;data/zh-TW/bestiary/fluff-bestiary-qftis.json;data/zh-TW/bestiary/fluff-bestiary-vgm.json;data/zh-TW/reference-pages/languages.json
creature,Vegepygmy Chief,VGM,孢子人領主,existing-site,data/zh-TW/bestiary/bestiary-mpmm.json;data/zh-TW/bestiary/bestiary-vgm.json;data/zh-TW/bestiary/fluff-bestiary-mpmm.json;data/zh-TW/bestiary/fluff-bestiary-vgm.json
creature,Velociraptor,VGM,伶盜龍,existing-site,data/zh-TW/bestiary/bestiary-mpmm.json;data/zh-TW/bestiary/bestiary-vgm.json;data/zh-TW/bestiary/fluff-bestiary-mpmm.json;data/zh-TW/bestiary/fluff-bestiary-vgm.json
creature,Veteran,,老兵,existing-site,data/zh-TW/bestiary/bestiary-mm.json;data/zh-TW/bestiary/fluff-bestiary-mm.json
creature,"Volothamp ""Volo"" Geddarm",ToA,"瓦羅贊普""瓦羅""格達姆",existing-site,data/zh-TW/bestiary/bestiary-toa.json;data/zh-TW/bestiary/fluff-bestiary-toa.json
creature,Vrock,,鷲魔,existing-site,data/zh-TW/bestiary/bestiary-mm.json;data/zh-TW/bestiary/bestiary-xmm.json;data/zh-TW/bestiary/fluff-bestiary-mm.json;data/zh-TW/bestiary/fluff-bestiary-xmm.json
creature,Wakanga O'tamu,ToA,瓦康嘎·歐塔姆,existing-site,data/zh-TW/bestiary/bestiary-toa.json;data/zh-TW/bestiary/fluff-bestiary-toa.json
creature,Warhorse,,戰馬,existing-site,data/zh-TW/bestiary/bestiary-mm.json;data/zh-TW/bestiary/bestiary-xmm.json;data/zh-TW/bestiary/fluff-bestiary-xmm.json;data/zh-TW/items/items-007.json
creature,Water Elemental,,水元素,existing-site,data/zh-TW/bestiary/bestiary-mm.json;data/zh-TW/bestiary/bestiary-xmm.json;data/zh-TW/bestiary/fluff-bestiary-mm.json;data/zh-TW/bestiary/fluff-bestiary-xmm.json
creature,Wereboar,,野豬人,existing-site,data/zh-TW/bestiary/bestiary-mm.json;data/zh-TW/bestiary/bestiary-xmm.json;data/zh-TW/bestiary/fluff-bestiary-mm.json;data/zh-TW/bestiary/fluff-bestiary-tftyp.json;data/zh-TW/bestiary/fluff-bestiary-xmm.json
creature,Wererat,,鼠人,existing-site,data/zh-TW/bestiary/bestiary-mm.json;data/zh-TW/bestiary/bestiary-xmm.json;data/zh-TW/bestiary/fluff-bestiary-mm.json;data/zh-TW/bestiary/fluff-bestiary-tftyp.json;data/zh-TW/bestiary/fluff-bestiary-xmm.json
creature,Werewolf,,狼人,existing-site,data/zh-TW/bestiary/bestiary-mm.json;data/zh-TW/bestiary/bestiary-xmm.json;data/zh-TW/bestiary/fluff-bestiary-mm.json;data/zh-TW/bestiary/fluff-bestiary-tftyp.json;data/zh-TW/bestiary/fluff-bestiary-xmm.json
creature,White Abishai,MTF,亞比莎白龍魔,existing-site,data/zh-TW/bestiary/bestiary-mpmm.json;data/zh-TW/bestiary/bestiary-mtf.json;data/zh-TW/bestiary/fluff-bestiary-mpmm.json;data/zh-TW/bestiary/fluff-bestiary-mtf.json
creature,Wight,,屍妖,existing-site,data/zh-TW/bestiary/bestiary-mm.json;data/zh-TW/bestiary/bestiary-xmm.json;data/zh-TW/bestiary/fluff-bestiary-mm.json;data/zh-TW/bestiary/fluff-bestiary-xmm.json
creature,Wight,MM,屍妖,existing-site,data/zh-TW/bestiary/bestiary-mm.json;data/zh-TW/bestiary/bestiary-xmm.json;data/zh-TW/bestiary/fluff-bestiary-mm.json;data/zh-TW/bestiary/fluff-bestiary-xmm.json
creature,Will-o'-Wisp,,鬼火,existing-site,data/zh-TW/bestiary/bestiary-mm.json;data/zh-TW/bestiary/bestiary-xmm.json;data/zh-TW/bestiary/fluff-bestiary-mm.json;data/zh-TW/bestiary/fluff-bestiary-xmm.json
creature,Winged Kobold,,帶翼狗頭人,existing-site,data/zh-TW/bestiary/bestiary-mm.json;data/zh-TW/bestiary/bestiary-xmm.json;data/zh-TW/bestiary/fluff-bestiary-mm.json;data/zh-TW/bestiary/fluff-bestiary-xmm.json
creature,Winter Wolf,,冬狼,existing-site,data/zh-TW/bestiary/bestiary-mm.json;data/zh-TW/bestiary/bestiary-xmm.json;data/zh-TW/bestiary/fluff-bestiary-mm.json;data/zh-TW/bestiary/fluff-bestiary-xmm.json
creature,Withers,ToA,威瑟斯,existing-site,data/zh-TW/bestiary/bestiary-toa.json;data/zh-TW/bestiary/fluff-bestiary-toa.json
creature,Wraith,,邪靈,existing-site,data/zh-TW/bestiary/bestiary-mm.json;data/zh-TW/bestiary/bestiary-ps-z.json;data/zh-TW/bestiary/bestiary-xmm.json;data/zh-TW/bestiary/fluff-bestiary-mm.json;data/zh-TW/bestiary/fluff-bestiary-ps-z.json;data/zh-TW/bestiary/fluff-bestiary-xmm.json
creature,Wraith,MM,邪靈,existing-site,data/zh-TW/bestiary/bestiary-mm.json;data/zh-TW/bestiary/bestiary-ps-z.json;data/zh-TW/bestiary/bestiary-xmm.json;data/zh-TW/bestiary/fluff-bestiary-mm.json;data/zh-TW/bestiary/fluff-bestiary-ps-z.json;data/zh-TW/bestiary/fluff-bestiary-xmm.json
creature,Xandala,ToA,藏妲拉,existing-site,data/zh-TW/bestiary/bestiary-toa.json;data/zh-TW/bestiary/fluff-bestiary-toa.json
creature,Yeenoghu,MTF,耶諾古,existing-site,data/zh-TW/bestiary/bestiary-mpmm.json;data/zh-TW/bestiary/bestiary-mtf.json;data/zh-TW/bestiary/fluff-bestiary-mm.json;data/zh-TW/bestiary/fluff-bestiary-mpmm.json;data/zh-TW/bestiary/fluff-bestiary-mtf.json;data/zh-TW/bestiary/legendarygroups.json
creature,Yellow Musk Creeper,ToA,黃迷香爬藤,existing-site,data/zh-TW/bestiary/bestiary-toa.json;data/zh-TW/bestiary/fluff-bestiary-toa.json
creature,Yellow Musk Zombie,ToA,黃迷香喪屍,existing-site,data/zh-TW/bestiary/bestiary-toa.json;data/zh-TW/bestiary/fluff-bestiary-toa.json
creature,Yorb,ToA,約伯,existing-site,data/zh-TW/bestiary/bestiary-toa.json;data/zh-TW/bestiary/fluff-bestiary-toa.json
creature,Yuan-ti Broodguard,VGM,衛雛蛇人,existing-site,data/zh-TW/bestiary/bestiary-mpmm.json;data/zh-TW/bestiary/bestiary-vgm.json;data/zh-TW/bestiary/fluff-bestiary-mpmm.json;data/zh-TW/bestiary/fluff-bestiary-vgm.json
creature,Yuan-ti Malison (Type 1),,惡咒蛇人（1 型）,existing-site,data/zh-TW/bestiary/bestiary-mm.json;data/zh-TW/bestiary/bestiary-xmm.json;data/zh-TW/bestiary/fluff-bestiary-mm.json;data/zh-TW/bestiary/fluff-bestiary-xmm.json
creature,Yuan-ti Malison (Type 2),,惡咒蛇人（2 型）,existing-site,data/zh-TW/bestiary/bestiary-mm.json;data/zh-TW/bestiary/bestiary-xmm.json;data/zh-TW/bestiary/fluff-bestiary-mm.json;data/zh-TW/bestiary/fluff-bestiary-xmm.json
creature,Yuan-ti Malison (Type 3),,惡咒蛇人（3 型）,existing-site,data/zh-TW/bestiary/bestiary-mm.json;data/zh-TW/bestiary/bestiary-xmm.json;data/zh-TW/bestiary/fluff-bestiary-mm.json;data/zh-TW/bestiary/fluff-bestiary-xmm.json
creature,Yuan-ti Nightmare Speaker,VGM,蛇人夢魘語者,existing-site,data/zh-TW/bestiary/bestiary-mpmm.json;data/zh-TW/bestiary/bestiary-vgm.json;data/zh-TW/bestiary/fluff-bestiary-mpmm.json;data/zh-TW/bestiary/fluff-bestiary-vgm.json
creature,Yuan-ti Priest,ToA,蛇人祭司,existing-site,data/zh-TW/bestiary/bestiary-toa.json
creature,Yuan-ti Pureblood,,純血原體蛇人,existing-site,data/zh-TW/bestiary/bestiary-mm.json;data/zh-TW/bestiary/fluff-bestiary-mm.json;data/zh-TW/character-options/fluff-races.json;data/zh-TW/character-options/races.json
creature,Zalkoré,ToA,扎爾柯蕊,existing-site,data/zh-TW/bestiary/bestiary-toa.json
creature,Zaroum Al-Saryak,ToA,扎如姆·艾薩亞克,existing-site,data/zh-TW/bestiary/bestiary-toa.json;data/zh-TW/bestiary/fluff-bestiary-toa.json
creature,Zhanthi,ToA,絳則,existing-site,data/zh-TW/bestiary/bestiary-toa.json;data/zh-TW/bestiary/fluff-bestiary-toa.json
creature,Zindar,ToA,金達爾,existing-site,data/zh-TW/bestiary/bestiary-toa.json;data/zh-TW/bestiary/fluff-bestiary-toa.json
creature,Zombie,,喪屍,existing-site,data/zh-TW/bestiary/bestiary-mm.json;data/zh-TW/bestiary/bestiary-xmm.json;data/zh-TW/bestiary/fluff-bestiary-mm.json;data/zh-TW/bestiary/fluff-bestiary-xmm.json;data/zh-TW/character-options/races.json
creature,Zombie,MM,喪屍,existing-site,data/zh-TW/bestiary/bestiary-mm.json;data/zh-TW/bestiary/bestiary-xmm.json;data/zh-TW/bestiary/fluff-bestiary-mm.json;data/zh-TW/bestiary/fluff-bestiary-xmm.json;data/zh-TW/character-options/races.json
creature,Zorbo,ToA,佐博怪,existing-site,data/zh-TW/bestiary/bestiary-toa.json;data/zh-TW/bestiary/fluff-bestiary-toa.json
creature,aarakocra,,鳥羽人,existing-site,data/zh-TW/bestiary/bestiary-mm.json;data/zh-TW/bestiary/fluff-bestiary-mm.json;data/zh-TW/bestiary/fluff-bestiary-xmm.json;data/zh-TW/character-options/fluff-races.json;data/zh-TW/character-options/races.json
creature,aarakocra,MM,鳥羽人,existing-site,data/zh-TW/bestiary/bestiary-mm.json;data/zh-TW/bestiary/fluff-bestiary-mm.json;data/zh-TW/bestiary/fluff-bestiary-xmm.json;data/zh-TW/character-options/fluff-races.json;data/zh-TW/character-options/races.json
creature,aboleth,,底棲魔魚,existing-site,data/zh-TW/bestiary/bestiary-mm.json;data/zh-TW/bestiary/bestiary-xmm.json;data/zh-TW/bestiary/fluff-bestiary-mm.json;data/zh-TW/bestiary/fluff-bestiary-xmm.json;data/zh-TW/bestiary/legendarygroups.json
creature,aboleth,MM,底棲魔魚,existing-site,data/zh-TW/bestiary/bestiary-mm.json;data/zh-TW/bestiary/bestiary-xmm.json;data/zh-TW/bestiary/fluff-bestiary-mm.json;data/zh-TW/bestiary/fluff-bestiary-xmm.json;data/zh-TW/bestiary/legendarygroups.json
creature,abyssal chicken,BGDIA,深淵雞,existing-site,data/zh-TW/bestiary/bestiary-bgdia.json;data/zh-TW/bestiary/fluff-bestiary-bgdia.json
creature,abyssal wretch,MTF,深淵行屍,existing-site,data/zh-TW/bestiary/bestiary-mtf.json
creature,acolyte,,侍僧,existing-site,data/zh-TW/bestiary/bestiary-mm.json;data/zh-TW/bestiary/fluff-bestiary-mm.json;data/zh-TW/character-options/backgrounds.json;data/zh-TW/character-options/fluff-backgrounds.json
creature,acolyte,MM,侍僧,existing-site,data/zh-TW/bestiary/bestiary-mm.json;data/zh-TW/bestiary/fluff-bestiary-mm.json;data/zh-TW/character-options/backgrounds.json;data/zh-TW/character-options/fluff-backgrounds.json
creature,adult white dragon,,成年白龍,existing-site,data/zh-TW/bestiary/bestiary-mm.json;data/zh-TW/bestiary/bestiary-xmm.json;data/zh-TW/bestiary/fluff-bestiary-mm.json;data/zh-TW/bestiary/fluff-bestiary-xmm.json
creature,adult white dragon,MM,成年白龍,existing-site,data/zh-TW/bestiary/bestiary-mm.json;data/zh-TW/bestiary/bestiary-xmm.json;data/zh-TW/bestiary/fluff-bestiary-mm.json;data/zh-TW/bestiary/fluff-bestiary-xmm.json
creature,air elemental,,氣元素,existing-site,data/zh-TW/bestiary/bestiary-mm.json;data/zh-TW/bestiary/bestiary-xmm.json;data/zh-TW/bestiary/fluff-bestiary-mm.json;data/zh-TW/bestiary/fluff-bestiary-xmm.json
creature,air elemental,MM,氣元素,existing-site,data/zh-TW/bestiary/bestiary-mm.json;data/zh-TW/bestiary/bestiary-xmm.json;data/zh-TW/bestiary/fluff-bestiary-mm.json;data/zh-TW/bestiary/fluff-bestiary-xmm.json
creature,albino dwarf spirit warrior,ToA,白矮人精魂武者,existing-site,data/zh-TW/bestiary/bestiary-toa.json;data/zh-TW/bestiary/fluff-bestiary-toa.json
creature,albino dwarf warrior,ToA,白矮人武者,existing-site,data/zh-TW/bestiary/bestiary-toa.json;data/zh-TW/bestiary/fluff-bestiary-toa.json
creature,allosaurus,,異特龍,existing-site,data/zh-TW/bestiary/bestiary-mm.json;data/zh-TW/bestiary/bestiary-xmm.json;data/zh-TW/bestiary/fluff-bestiary-mm.json;data/zh-TW/bestiary/fluff-bestiary-xmm.json
creature,allosaurus,MM,異特龍,existing-site,data/zh-TW/bestiary/bestiary-mm.json;data/zh-TW/bestiary/bestiary-xmm.json;data/zh-TW/bestiary/fluff-bestiary-mm.json;data/zh-TW/bestiary/fluff-bestiary-xmm.json
creature,almiraj,ToA,獨角兔,existing-site,data/zh-TW/bestiary/bestiary-toa.json;data/zh-TW/bestiary/fluff-bestiary-toa.json
creature,amnizu,MTF,安祖魔,existing-site,data/zh-TW/bestiary/bestiary-mpmm.json;data/zh-TW/bestiary/bestiary-mtf.json;data/zh-TW/bestiary/fluff-bestiary-mpmm.json;data/zh-TW/bestiary/fluff-bestiary-mtf.json
creature,ancient copper dragon,,遠古赤銅龍,existing-site,data/zh-TW/bestiary/bestiary-mm.json;data/zh-TW/bestiary/bestiary-xmm.json;data/zh-TW/bestiary/fluff-bestiary-mm.json;data/zh-TW/bestiary/fluff-bestiary-xmm.json
creature,ancient copper dragon,MM,遠古赤銅龍,existing-site,data/zh-TW/bestiary/bestiary-mm.json;data/zh-TW/bestiary/bestiary-xmm.json;data/zh-TW/bestiary/fluff-bestiary-mm.json;data/zh-TW/bestiary/fluff-bestiary-xmm.json
creature,animated armor,,活化盔甲,existing-site,data/zh-TW/bestiary/bestiary-mm.json;data/zh-TW/bestiary/bestiary-xmm.json;data/zh-TW/bestiary/fluff-bestiary-mm.json;data/zh-TW/bestiary/fluff-bestiary-xmm.json
creature,animated armor,MM,活化盔甲,existing-site,data/zh-TW/bestiary/bestiary-mm.json;data/zh-TW/bestiary/bestiary-xmm.json;data/zh-TW/bestiary/fluff-bestiary-mm.json;data/zh-TW/bestiary/fluff-bestiary-xmm.json
creature,ankylosaurus,,甲龍,existing-site,data/zh-TW/bestiary/bestiary-mm.json;data/zh-TW/bestiary/bestiary-xmm.json;data/zh-TW/bestiary/fluff-bestiary-mm.json;data/zh-TW/bestiary/fluff-bestiary-xmm.json
creature,ankylosaurus,MM,甲龍,existing-site,data/zh-TW/bestiary/bestiary-mm.json;data/zh-TW/bestiary/bestiary-xmm.json;data/zh-TW/bestiary/fluff-bestiary-mm.json;data/zh-TW/bestiary/fluff-bestiary-xmm.json
creature,ape,,猿,existing-site,data/zh-TW/bestiary/bestiary-mm.json;data/zh-TW/bestiary/bestiary-xmm.json;data/zh-TW/bestiary/fluff-bestiary-xmm.json
creature,arcanaloth,,奧法羅斯魔,existing-site,data/zh-TW/bestiary/bestiary-mm.json;data/zh-TW/bestiary/bestiary-xmm.json;data/zh-TW/bestiary/fluff-bestiary-mm.json;data/zh-TW/bestiary/fluff-bestiary-xmm.json
creature,arcanaloth,MM,奧法羅斯魔,existing-site,data/zh-TW/bestiary/bestiary-mm.json;data/zh-TW/bestiary/bestiary-xmm.json;data/zh-TW/bestiary/fluff-bestiary-mm.json;data/zh-TW/bestiary/fluff-bestiary-xmm.json
creature,archmage,,大法師,existing-site,data/zh-TW/bestiary/bestiary-mm.json;data/zh-TW/bestiary/bestiary-xmm.json;data/zh-TW/bestiary/fluff-bestiary-mm.json;data/zh-TW/bestiary/fluff-bestiary-xmm.json
creature,archmage,MM,大法師,existing-site,data/zh-TW/bestiary/bestiary-mm.json;data/zh-TW/bestiary/bestiary-xmm.json;data/zh-TW/bestiary/fluff-bestiary-mm.json;data/zh-TW/bestiary/fluff-bestiary-xmm.json
creature,assassin,,刺客,existing-site,data/zh-TW/bestiary/bestiary-mm.json;data/zh-TW/bestiary/bestiary-xmm.json;data/zh-TW/bestiary/fluff-bestiary-mm.json;data/zh-TW/bestiary/fluff-bestiary-xmm.json;data/zh-TW/class/class-rogue.json;data/zh-TW/class/fluff-class-rogue.json
creature,assassin,MM,刺客,existing-site,data/zh-TW/bestiary/bestiary-mm.json;data/zh-TW/bestiary/bestiary-xmm.json;data/zh-TW/bestiary/fluff-bestiary-mm.json;data/zh-TW/bestiary/fluff-bestiary-xmm.json;data/zh-TW/class/class-rogue.json;data/zh-TW/class/fluff-class-rogue.json
creature,assassin vine,ToA,刺客藤,existing-site,data/zh-TW/bestiary/bestiary-toa.json;data/zh-TW/bestiary/fluff-bestiary-toa.json
creature,atropal,ToA,萎縮者,existing-site,data/zh-TW/bestiary/bestiary-toa.json;data/zh-TW/bestiary/fluff-bestiary-toa.json
creature,axe beak,,斧嘴鳥,existing-site,data/zh-TW/bestiary/bestiary-mm.json;data/zh-TW/bestiary/bestiary-xmm.json;data/zh-TW/bestiary/fluff-bestiary-mm.json;data/zh-TW/bestiary/fluff-bestiary-xmm.json;data/zh-TW/items/fluff-items.json;data/zh-TW/items/items-000.json
creature,axe beak,MM,斧嘴鳥,existing-site,data/zh-TW/bestiary/bestiary-mm.json;data/zh-TW/bestiary/bestiary-xmm.json;data/zh-TW/bestiary/fluff-bestiary-mm.json;data/zh-TW/bestiary/fluff-bestiary-xmm.json;data/zh-TW/items/fluff-items.json;data/zh-TW/items/items-000.json
creature,baboon,,狒狒,existing-site,data/zh-TW/bestiary/bestiary-mm.json;data/zh-TW/bestiary/bestiary-xmm.json;data/zh-TW/bestiary/fluff-bestiary-xmm.json
creature,baboon,MM,狒狒,existing-site,data/zh-TW/bestiary/bestiary-mm.json;data/zh-TW/bestiary/bestiary-xmm.json;data/zh-TW/bestiary/fluff-bestiary-xmm.json
creature,balor,,巴洛炎魔,existing-site,data/zh-TW/bestiary/bestiary-mm.json;data/zh-TW/bestiary/bestiary-xmm.json;data/zh-TW/bestiary/fluff-bestiary-mm.json;data/zh-TW/bestiary/fluff-bestiary-xmm.json
creature,balor,MM,巴洛炎魔,existing-site,data/zh-TW/bestiary/bestiary-mm.json;data/zh-TW/bestiary/bestiary-xmm.json;data/zh-TW/bestiary/fluff-bestiary-mm.json;data/zh-TW/bestiary/fluff-bestiary-xmm.json
creature,bandit,,匪徒,existing-site,data/zh-TW/bestiary/bestiary-mm.json;data/zh-TW/bestiary/bestiary-xmm.json;data/zh-TW/bestiary/fluff-bestiary-mm.json;data/zh-TW/bestiary/fluff-bestiary-xmm.json
creature,bandit,MM,匪徒,existing-site,data/zh-TW/bestiary/bestiary-mm.json;data/zh-TW/bestiary/bestiary-xmm.json;data/zh-TW/bestiary/fluff-bestiary-mm.json;data/zh-TW/bestiary/fluff-bestiary-xmm.json
creature,bandit captain,,匪幫隊長,existing-site,data/zh-TW/bestiary/bestiary-mm.json;data/zh-TW/bestiary/bestiary-xmm.json;data/zh-TW/bestiary/fluff-bestiary-mm.json;data/zh-TW/bestiary/fluff-bestiary-xmm.json
creature,bandit captain,MM,匪幫隊長,existing-site,data/zh-TW/bestiary/bestiary-mm.json;data/zh-TW/bestiary/bestiary-xmm.json;data/zh-TW/bestiary/fluff-bestiary-mm.json;data/zh-TW/bestiary/fluff-bestiary-xmm.json
creature,banshee,,報喪妖,existing-site,data/zh-TW/bestiary/bestiary-mm.json;data/zh-TW/bestiary/bestiary-xmm.json;data/zh-TW/bestiary/fluff-bestiary-mm.json;data/zh-TW/bestiary/fluff-bestiary-xmm.json
creature,banshee,MM,報喪妖,existing-site,data/zh-TW/bestiary/bestiary-mm.json;data/zh-TW/bestiary/bestiary-xmm.json;data/zh-TW/bestiary/fluff-bestiary-mm.json;data/zh-TW/bestiary/fluff-bestiary-xmm.json
creature,barbed devil,,蝟魔,existing-site,data/zh-TW/bestiary/bestiary-mm.json;data/zh-TW/bestiary/bestiary-wtthc.json;data/zh-TW/bestiary/bestiary-xmm.json;data/zh-TW/bestiary/fluff-bestiary-mm.json;data/zh-TW/bestiary/fluff-bestiary-wtthc.json;data/zh-TW/bestiary/fluff-bestiary-xmm.json
creature,barbed devil,MM,蝟魔,existing-site,data/zh-TW/bestiary/bestiary-mm.json;data/zh-TW/bestiary/bestiary-wtthc.json;data/zh-TW/bestiary/bestiary-xmm.json;data/zh-TW/bestiary/fluff-bestiary-mm.json;data/zh-TW/bestiary/fluff-bestiary-wtthc.json;data/zh-TW/bestiary/fluff-bestiary-xmm.json
creature,barlgura,,惡猿魔,existing-site,data/zh-TW/bestiary/bestiary-mm.json;data/zh-TW/bestiary/bestiary-xmm.json;data/zh-TW/bestiary/fluff-bestiary-mm.json;data/zh-TW/bestiary/fluff-bestiary-xmm.json
creature,barlgura,MM,惡猿魔,existing-site,data/zh-TW/bestiary/bestiary-mm.json;data/zh-TW/bestiary/bestiary-xmm.json;data/zh-TW/bestiary/fluff-bestiary-mm.json;data/zh-TW/bestiary/fluff-bestiary-xmm.json
creature,basilisk,,石化蜥蜴,existing-site,data/zh-TW/bestiary/bestiary-mm.json;data/zh-TW/bestiary/bestiary-xmm.json;data/zh-TW/bestiary/fluff-bestiary-mm.json;data/zh-TW/bestiary/fluff-bestiary-xmm.json
creature,basilisk,MM,石化蜥蜴,existing-site,data/zh-TW/bestiary/bestiary-mm.json;data/zh-TW/bestiary/bestiary-xmm.json;data/zh-TW/bestiary/fluff-bestiary-mm.json;data/zh-TW/bestiary/fluff-bestiary-xmm.json
creature,bat,,蝙蝠,existing-site,data/zh-TW/bestiary/bestiary-mm.json;data/zh-TW/bestiary/bestiary-xmm.json;data/zh-TW/bestiary/fluff-bestiary-mm.json;data/zh-TW/bestiary/fluff-bestiary-xmm.json
creature,bat,MM,蝙蝠,existing-site,data/zh-TW/bestiary/bestiary-mm.json;data/zh-TW/bestiary/bestiary-xmm.json;data/zh-TW/bestiary/fluff-bestiary-mm.json;data/zh-TW/bestiary/fluff-bestiary-xmm.json
creature,bearded devil,,須魔,existing-site,data/zh-TW/bestiary/bestiary-mm.json;data/zh-TW/bestiary/bestiary-wtthc.json;data/zh-TW/bestiary/bestiary-xmm.json;data/zh-TW/bestiary/fluff-bestiary-mm.json;data/zh-TW/bestiary/fluff-bestiary-wtthc.json;data/zh-TW/bestiary/fluff-bestiary-xmm.json
creature,bearded devil,MM,須魔,existing-site,data/zh-TW/bestiary/bestiary-mm.json;data/zh-TW/bestiary/bestiary-wtthc.json;data/zh-TW/bestiary/bestiary-xmm.json;data/zh-TW/bestiary/fluff-bestiary-mm.json;data/zh-TW/bestiary/fluff-bestiary-wtthc.json;data/zh-TW/bestiary/fluff-bestiary-xmm.json
creature,beholder,,眼魔,existing-site,data/zh-TW/bestiary/bestiary-mm.json;data/zh-TW/bestiary/bestiary-xmm.json;data/zh-TW/bestiary/fluff-bestiary-mm.json;data/zh-TW/bestiary/fluff-bestiary-xmm.json;data/zh-TW/bestiary/legendarygroups.json;data/zh-TW/craft-pages/fluff-homecrafts.json;data/zh-TW/craft-pages/homecrafts.json
creature,beholder,MM,眼魔,existing-site,data/zh-TW/bestiary/bestiary-mm.json;data/zh-TW/bestiary/bestiary-xmm.json;data/zh-TW/bestiary/fluff-bestiary-mm.json;data/zh-TW/bestiary/fluff-bestiary-xmm.json;data/zh-TW/bestiary/legendarygroups.json;data/zh-TW/craft-pages/fluff-homecrafts.json;data/zh-TW/craft-pages/homecrafts.json
creature,berserker,,狂戰士,existing-site,data/zh-TW/bestiary/bestiary-mm.json;data/zh-TW/bestiary/bestiary-xmm.json;data/zh-TW/bestiary/fluff-bestiary-mm.json;data/zh-TW/bestiary/fluff-bestiary-xmm.json
creature,berserker,MM,狂戰士,existing-site,data/zh-TW/bestiary/bestiary-mm.json;data/zh-TW/bestiary/bestiary-xmm.json;data/zh-TW/bestiary/fluff-bestiary-mm.json;data/zh-TW/bestiary/fluff-bestiary-xmm.json
creature,black gauntlet of Bane,BGDIA,班恩之黑手,existing-site,data/zh-TW/bestiary/bestiary-bgdia.json;data/zh-TW/bestiary/fluff-bestiary-bgdia.json
creature,boar,,野豬,existing-site,data/zh-TW/bestiary/bestiary-mm.json;data/zh-TW/bestiary/bestiary-xmm.json;data/zh-TW/bestiary/fluff-bestiary-xmm.json
creature,boar,MM,野豬,existing-site,data/zh-TW/bestiary/bestiary-mm.json;data/zh-TW/bestiary/bestiary-xmm.json;data/zh-TW/bestiary/fluff-bestiary-xmm.json
creature,bone devil,,骨魔,existing-site,data/zh-TW/bestiary/bestiary-mm.json;data/zh-TW/bestiary/bestiary-xmm.json;data/zh-TW/bestiary/fluff-bestiary-mm.json;data/zh-TW/bestiary/fluff-bestiary-xmm.json
creature,bone devil,MM,骨魔,existing-site,data/zh-TW/bestiary/bestiary-mm.json;data/zh-TW/bestiary/bestiary-xmm.json;data/zh-TW/bestiary/fluff-bestiary-mm.json;data/zh-TW/bestiary/fluff-bestiary-xmm.json
creature,brontosaurus,VGM,雷龍,existing-site,data/zh-TW/bestiary/bestiary-mpmm.json;data/zh-TW/bestiary/bestiary-vgm.json;data/zh-TW/bestiary/fluff-bestiary-mpmm.json;data/zh-TW/bestiary/fluff-bestiary-vgm.json
creature,cambion,,坎比翁,existing-site,data/zh-TW/bestiary/bestiary-mm.json;data/zh-TW/bestiary/bestiary-xmm.json;data/zh-TW/bestiary/fluff-bestiary-mm.json;data/zh-TW/bestiary/fluff-bestiary-xmm.json
creature,cambion,MM,坎比翁,existing-site,data/zh-TW/bestiary/bestiary-mm.json;data/zh-TW/bestiary/bestiary-xmm.json;data/zh-TW/bestiary/fluff-bestiary-mm.json;data/zh-TW/bestiary/fluff-bestiary-xmm.json
creature,carrion crawler,,食腐蟲,existing-site,data/zh-TW/bestiary/bestiary-mm.json;data/zh-TW/bestiary/bestiary-xmm.json;data/zh-TW/bestiary/fluff-bestiary-mm.json;data/zh-TW/bestiary/fluff-bestiary-xmm.json
creature,carrion crawler,MM,食腐蟲,existing-site,data/zh-TW/bestiary/bestiary-mm.json;data/zh-TW/bestiary/bestiary-xmm.json;data/zh-TW/bestiary/fluff-bestiary-mm.json;data/zh-TW/bestiary/fluff-bestiary-xmm.json
creature,chain devil,,鏈魔,existing-site,data/zh-TW/bestiary/bestiary-mm.json;data/zh-TW/bestiary/bestiary-xmm.json;data/zh-TW/bestiary/fluff-bestiary-mm.json;data/zh-TW/bestiary/fluff-bestiary-xmm.json
creature,chain devil,MM,鏈魔,existing-site,data/zh-TW/bestiary/bestiary-mm.json;data/zh-TW/bestiary/bestiary-xmm.json;data/zh-TW/bestiary/fluff-bestiary-mm.json;data/zh-TW/bestiary/fluff-bestiary-xmm.json
creature,champion,VGM,勇士,existing-site,data/zh-TW/bestiary/bestiary-mpmm.json;data/zh-TW/bestiary/bestiary-vgm.json;data/zh-TW/bestiary/fluff-bestiary-mpmm.json;data/zh-TW/bestiary/fluff-bestiary-vgm.json;data/zh-TW/class/class-fighter.json;data/zh-TW/class/fluff-class-fighter.json;data/zh-TW/items/items-001.json
creature,chimera,,奇美拉,existing-site,data/zh-TW/bestiary/bestiary-mm.json;data/zh-TW/bestiary/bestiary-xmm.json;data/zh-TW/bestiary/fluff-bestiary-mm.json;data/zh-TW/bestiary/fluff-bestiary-xmm.json
creature,chimera,MM,奇美拉,existing-site,data/zh-TW/bestiary/bestiary-mm.json;data/zh-TW/bestiary/bestiary-xmm.json;data/zh-TW/bestiary/fluff-bestiary-mm.json;data/zh-TW/bestiary/fluff-bestiary-xmm.json
creature,chwinga,ToA,怯蘊阿靈,existing-site,data/zh-TW/bestiary/bestiary-cm.json;data/zh-TW/bestiary/bestiary-idrotf.json;data/zh-TW/bestiary/bestiary-toa.json;data/zh-TW/bestiary/fluff-bestiary-cm.json;data/zh-TW/bestiary/fluff-bestiary-idrotf.json;data/zh-TW/bestiary/fluff-bestiary-toa.json
creature,clay gladiator,ToA,粘土角鬥士,existing-site,data/zh-TW/bestiary/bestiary-toa.json;data/zh-TW/bestiary/fluff-bestiary-toa.json
creature,clay golem,,粘土魔像,existing-site,data/zh-TW/bestiary/bestiary-mm.json;data/zh-TW/bestiary/bestiary-xmm.json;data/zh-TW/bestiary/fluff-bestiary-mm.json;data/zh-TW/bestiary/fluff-bestiary-xmm.json
creature,clay golem,MM,粘土魔像,existing-site,data/zh-TW/bestiary/bestiary-mm.json;data/zh-TW/bestiary/bestiary-xmm.json;data/zh-TW/bestiary/fluff-bestiary-mm.json;data/zh-TW/bestiary/fluff-bestiary-xmm.json
creature,cockatrice,,蛇雞,existing-site,data/zh-TW/bestiary/bestiary-mm.json;data/zh-TW/bestiary/bestiary-xmm.json;data/zh-TW/bestiary/fluff-bestiary-mm.json;data/zh-TW/bestiary/fluff-bestiary-xmm.json
creature,cockatrice,MM,蛇雞,existing-site,data/zh-TW/bestiary/bestiary-mm.json;data/zh-TW/bestiary/bestiary-xmm.json;data/zh-TW/bestiary/fluff-bestiary-mm.json;data/zh-TW/bestiary/fluff-bestiary-xmm.json
creature,commoner,,平民,existing-site,data/zh-TW/bestiary/bestiary-mm.json;data/zh-TW/bestiary/bestiary-wtthc.json;data/zh-TW/bestiary/bestiary-xmm.json;data/zh-TW/bestiary/fluff-bestiary-mm.json;data/zh-TW/bestiary/fluff-bestiary-wtthc.json;data/zh-TW/bestiary/fluff-bestiary-xmm.json
creature,commoner,MM,平民,existing-site,data/zh-TW/bestiary/bestiary-mm.json;data/zh-TW/bestiary/bestiary-wtthc.json;data/zh-TW/bestiary/bestiary-xmm.json;data/zh-TW/bestiary/fluff-bestiary-mm.json;data/zh-TW/bestiary/fluff-bestiary-wtthc.json;data/zh-TW/bestiary/fluff-bestiary-xmm.json
creature,constrictor snake,,蟒蛇,existing-site,data/zh-TW/bestiary/bestiary-mm.json;data/zh-TW/bestiary/bestiary-xmm.json;data/zh-TW/bestiary/fluff-bestiary-xmm.json
creature,constrictor snake,MM,蟒蛇,existing-site,data/zh-TW/bestiary/bestiary-mm.json;data/zh-TW/bestiary/bestiary-xmm.json;data/zh-TW/bestiary/fluff-bestiary-xmm.json
creature,couatl,,羽蛇,existing-site,data/zh-TW/bestiary/bestiary-mm.json;data/zh-TW/bestiary/bestiary-xmm.json;data/zh-TW/bestiary/fluff-bestiary-mm.json;data/zh-TW/bestiary/fluff-bestiary-xmm.json
creature,couatl,MM,羽蛇,existing-site,data/zh-TW/bestiary/bestiary-mm.json;data/zh-TW/bestiary/bestiary-xmm.json;data/zh-TW/bestiary/fluff-bestiary-mm.json;data/zh-TW/bestiary/fluff-bestiary-xmm.json
creature,crab,,蟹,existing-site,data/zh-TW/bestiary/bestiary-mm.json;data/zh-TW/bestiary/bestiary-xmm.json;data/zh-TW/bestiary/fluff-bestiary-xmm.json
creature,crab,MM,蟹,existing-site,data/zh-TW/bestiary/bestiary-mm.json;data/zh-TW/bestiary/bestiary-xmm.json;data/zh-TW/bestiary/fluff-bestiary-xmm.json
creature,crocodile,,鱷魚,existing-site,data/zh-TW/bestiary/bestiary-mm.json;data/zh-TW/bestiary/bestiary-xmm.json;data/zh-TW/bestiary/fluff-bestiary-xmm.json
creature,cult fanatic,,邪教狂信者,existing-site,data/zh-TW/bestiary/bestiary-mm.json;data/zh-TW/bestiary/fluff-bestiary-mm.json
creature,cult fanatic,MM,邪教狂信者,existing-site,data/zh-TW/bestiary/bestiary-mm.json;data/zh-TW/bestiary/fluff-bestiary-mm.json
creature,cyclops,,獨眼巨人,existing-site,data/zh-TW/bestiary/bestiary-mm.json;data/zh-TW/bestiary/fluff-bestiary-mm.json
creature,cyclops,MM,獨眼巨人,existing-site,data/zh-TW/bestiary/bestiary-mm.json;data/zh-TW/bestiary/fluff-bestiary-mm.json
creature,dao,,土巨靈,existing-site,data/zh-TW/bestiary/bestiary-mm.json;data/zh-TW/bestiary/bestiary-xmm.json;data/zh-TW/bestiary/fluff-bestiary-mm.json;data/zh-TW/bestiary/fluff-bestiary-xmm.json;data/zh-TW/class/class-warlock.json
creature,dao,MM,土巨靈,existing-site,data/zh-TW/bestiary/bestiary-mm.json;data/zh-TW/bestiary/bestiary-xmm.json;data/zh-TW/bestiary/fluff-bestiary-mm.json;data/zh-TW/bestiary/fluff-bestiary-xmm.json;data/zh-TW/class/class-warlock.json
creature,death knight,,死亡騎士,existing-site,data/zh-TW/bestiary/bestiary-mm.json;data/zh-TW/bestiary/bestiary-xmm.json;data/zh-TW/bestiary/fluff-bestiary-mm.json;data/zh-TW/bestiary/fluff-bestiary-xmm.json
creature,death knight,MM,死亡騎士,existing-site,data/zh-TW/bestiary/bestiary-mm.json;data/zh-TW/bestiary/bestiary-xmm.json;data/zh-TW/bestiary/fluff-bestiary-mm.json;data/zh-TW/bestiary/fluff-bestiary-xmm.json
creature,death slaad,,史拉亡蟾,existing-site,data/zh-TW/bestiary/bestiary-mm.json;data/zh-TW/bestiary/bestiary-xmm.json;data/zh-TW/bestiary/fluff-bestiary-mm.json;data/zh-TW/bestiary/fluff-bestiary-xmm.json
creature,death slaad,MM,史拉亡蟾,existing-site,data/zh-TW/bestiary/bestiary-mm.json;data/zh-TW/bestiary/bestiary-xmm.json;data/zh-TW/bestiary/fluff-bestiary-mm.json;data/zh-TW/bestiary/fluff-bestiary-xmm.json
creature,death's head of Bhaal,BGDIA,巴爾的死神之首,existing-site,data/zh-TW/bestiary/bestiary-bgdia.json;data/zh-TW/bestiary/fluff-bestiary-bgdia.json
creature,deinonychus,VGM,恐爪龍,existing-site,data/zh-TW/bestiary/bestiary-mpmm.json;data/zh-TW/bestiary/bestiary-vgm.json;data/zh-TW/bestiary/fluff-bestiary-mpmm.json;data/zh-TW/bestiary/fluff-bestiary-vgm.json
creature,dimetrodon,VGM,異齒龍,existing-site,data/zh-TW/bestiary/bestiary-mpmm.json;data/zh-TW/bestiary/bestiary-vgm.json;data/zh-TW/bestiary/fluff-bestiary-mpmm.json;data/zh-TW/bestiary/fluff-bestiary-vgm.json
creature,doppelganger,,變形怪,existing-site,data/zh-TW/bestiary/bestiary-mm.json;data/zh-TW/bestiary/bestiary-xmm.json;data/zh-TW/bestiary/fluff-bestiary-mm.json;data/zh-TW/bestiary/fluff-bestiary-xmm.json;data/zh-TW/reference-pages/charcreationoptions.json
creature,doppelganger,MM,變形怪,existing-site,data/zh-TW/bestiary/bestiary-mm.json;data/zh-TW/bestiary/bestiary-xmm.json;data/zh-TW/bestiary/fluff-bestiary-mm.json;data/zh-TW/bestiary/fluff-bestiary-xmm.json;data/zh-TW/reference-pages/charcreationoptions.json
creature,dragon turtle,,龍龜,existing-site,data/zh-TW/bestiary/bestiary-mm.json;data/zh-TW/bestiary/bestiary-xmm.json;data/zh-TW/bestiary/fluff-bestiary-mm.json;data/zh-TW/bestiary/fluff-bestiary-xmm.json
creature,dragon turtle,MM,龍龜,existing-site,data/zh-TW/bestiary/bestiary-mm.json;data/zh-TW/bestiary/bestiary-xmm.json;data/zh-TW/bestiary/fluff-bestiary-mm.json;data/zh-TW/bestiary/fluff-bestiary-xmm.json
creature,drow,,卓爾,existing-site,data/zh-TW/bestiary/bestiary-mm.json;data/zh-TW/bestiary/fluff-bestiary-mm.json;data/zh-TW/bestiary/fluff-bestiary-mtf.json;data/zh-TW/character-options/fluff-races.json;data/zh-TW/character-options/races.json
creature,drow,MM,卓爾,existing-site,data/zh-TW/bestiary/bestiary-mm.json;data/zh-TW/bestiary/fluff-bestiary-mm.json;data/zh-TW/bestiary/fluff-bestiary-mtf.json;data/zh-TW/character-options/fluff-races.json;data/zh-TW/character-options/races.json
creature,drow mage,,卓爾魔法師,existing-site,data/zh-TW/bestiary/bestiary-mm.json;data/zh-TW/bestiary/fluff-bestiary-mm.json
creature,drow mage,MM,卓爾魔法師,existing-site,data/zh-TW/bestiary/bestiary-mm.json;data/zh-TW/bestiary/fluff-bestiary-mm.json
creature,druid,,德魯伊,existing-site,data/zh-TW/bestiary/bestiary-mm.json;data/zh-TW/bestiary/bestiary-xmm.json;data/zh-TW/bestiary/fluff-bestiary-mm.json;data/zh-TW/bestiary/fluff-bestiary-xmm.json;data/zh-TW/class/class-druid.json;data/zh-TW/class/fluff-class-druid.json
creature,druid,MM,德魯伊,existing-site,data/zh-TW/bestiary/bestiary-mm.json;data/zh-TW/bestiary/bestiary-xmm.json;data/zh-TW/bestiary/fluff-bestiary-mm.json;data/zh-TW/bestiary/fluff-bestiary-xmm.json;data/zh-TW/class/class-druid.json;data/zh-TW/class/fluff-class-druid.json
creature,dryad,,樹精,existing-site,data/zh-TW/bestiary/bestiary-mm.json;data/zh-TW/bestiary/bestiary-ps-x.json;data/zh-TW/bestiary/bestiary-xmm.json;data/zh-TW/bestiary/fluff-bestiary-mm.json;data/zh-TW/bestiary/fluff-bestiary-ps-x.json;data/zh-TW/bestiary/fluff-bestiary-xmm.json
creature,dryad,MM,樹精,existing-site,data/zh-TW/bestiary/bestiary-mm.json;data/zh-TW/bestiary/bestiary-ps-x.json;data/zh-TW/bestiary/bestiary-xmm.json;data/zh-TW/bestiary/fluff-bestiary-mm.json;data/zh-TW/bestiary/fluff-bestiary-ps-x.json;data/zh-TW/bestiary/fluff-bestiary-xmm.json
creature,duergar,,灰矮人,existing-site,data/zh-TW/bestiary/bestiary-mm.json;data/zh-TW/bestiary/fluff-bestiary-mm.json;data/zh-TW/bestiary/fluff-bestiary-mpmm.json;data/zh-TW/bestiary/fluff-bestiary-mtf.json;data/zh-TW/bestiary/fluff-bestiary-oota.json;data/zh-TW/character-options/fluff-races.json;data/zh-TW/character-options/races.json
creature,duergar,MM,灰矮人,existing-site,data/zh-TW/bestiary/bestiary-mm.json;data/zh-TW/bestiary/fluff-bestiary-mm.json;data/zh-TW/bestiary/fluff-bestiary-mpmm.json;data/zh-TW/bestiary/fluff-bestiary-mtf.json;data/zh-TW/bestiary/fluff-bestiary-oota.json;data/zh-TW/character-options/fluff-races.json;data/zh-TW/character-options/races.json
creature,dust mephit,,塵魔蝠,existing-site,data/zh-TW/bestiary/bestiary-mm.json;data/zh-TW/bestiary/bestiary-xmm.json;data/zh-TW/bestiary/fluff-bestiary-mm.json;data/zh-TW/bestiary/fluff-bestiary-xmm.json
creature,dust mephit,MM,塵魔蝠,existing-site,data/zh-TW/bestiary/bestiary-mm.json;data/zh-TW/bestiary/bestiary-xmm.json;data/zh-TW/bestiary/fluff-bestiary-mm.json;data/zh-TW/bestiary/fluff-bestiary-xmm.json
creature,eblis,ToA,魔王鶴,existing-site,data/zh-TW/bestiary/bestiary-toa.json;data/zh-TW/bestiary/fluff-bestiary-toa.json
creature,empyrean,,至高天,existing-site,data/zh-TW/bestiary/bestiary-mm.json;data/zh-TW/bestiary/bestiary-xmm.json;data/zh-TW/bestiary/fluff-bestiary-mm.json;data/zh-TW/bestiary/fluff-bestiary-xmm.json
creature,empyrean,MM,至高天,existing-site,data/zh-TW/bestiary/bestiary-mm.json;data/zh-TW/bestiary/bestiary-xmm.json;data/zh-TW/bestiary/fluff-bestiary-mm.json;data/zh-TW/bestiary/fluff-bestiary-xmm.json
creature,erinyes,,罪魔,existing-site,data/zh-TW/bestiary/bestiary-mm.json;data/zh-TW/bestiary/bestiary-xmm.json;data/zh-TW/bestiary/fluff-bestiary-mm.json;data/zh-TW/bestiary/fluff-bestiary-xmm.json
creature,erinyes,MM,罪魔,existing-site,data/zh-TW/bestiary/bestiary-mm.json;data/zh-TW/bestiary/bestiary-xmm.json;data/zh-TW/bestiary/fluff-bestiary-mm.json;data/zh-TW/bestiary/fluff-bestiary-xmm.json
creature,fiendish flesh golem,BGDIA,邪魔血肉魔像,existing-site,data/zh-TW/bestiary/bestiary-bgdia.json;data/zh-TW/bestiary/fluff-bestiary-bgdia.json
creature,fire elemental,,火元素,existing-site,data/zh-TW/bestiary/bestiary-mm.json;data/zh-TW/bestiary/bestiary-xmm.json;data/zh-TW/bestiary/fluff-bestiary-mm.json;data/zh-TW/bestiary/fluff-bestiary-xmm.json
creature,fire elemental,MM,火元素,existing-site,data/zh-TW/bestiary/bestiary-mm.json;data/zh-TW/bestiary/bestiary-xmm.json;data/zh-TW/bestiary/fluff-bestiary-mm.json;data/zh-TW/bestiary/fluff-bestiary-xmm.json
creature,fire snake,,火蛇,existing-site,data/zh-TW/bestiary/bestiary-mm.json;data/zh-TW/bestiary/fluff-bestiary-mm.json
creature,firenewt warlock of Imix,VGM,熔螈·伊米希魔契師,existing-site,data/zh-TW/bestiary/bestiary-mpmm.json;data/zh-TW/bestiary/bestiary-vgm.json;data/zh-TW/bestiary/fluff-bestiary-mpmm.json;data/zh-TW/bestiary/fluff-bestiary-vgm.json
creature,firenewt warrior,VGM,火蠑螈武者,existing-site,data/zh-TW/bestiary/bestiary-mpmm.json;data/zh-TW/bestiary/bestiary-vgm.json;data/zh-TW/bestiary/fluff-bestiary-mpmm.json;data/zh-TW/bestiary/fluff-bestiary-vgm.json
creature,fist of Bane,BGDIA,班恩之拳,existing-site,data/zh-TW/bestiary/bestiary-bgdia.json;data/zh-TW/bestiary/fluff-bestiary-bgdia.json
creature,flail snail,VGM,鏈枷蝸牛,existing-site,data/zh-TW/bestiary/bestiary-mpmm.json;data/zh-TW/bestiary/bestiary-vgm.json;data/zh-TW/bestiary/fluff-bestiary-mpmm.json;data/zh-TW/bestiary/fluff-bestiary-vgm.json
creature,flameskull,,燃焰之顱,existing-site,data/zh-TW/bestiary/bestiary-mm.json;data/zh-TW/bestiary/bestiary-xmm.json;data/zh-TW/bestiary/fluff-bestiary-mm.json;data/zh-TW/bestiary/fluff-bestiary-xmm.json
creature,flameskull,MM,燃焰之顱,existing-site,data/zh-TW/bestiary/bestiary-mm.json;data/zh-TW/bestiary/bestiary-xmm.json;data/zh-TW/bestiary/fluff-bestiary-mm.json;data/zh-TW/bestiary/fluff-bestiary-xmm.json
creature,flesh golem,,血肉魔像,existing-site,data/zh-TW/bestiary/bestiary-mm.json;data/zh-TW/bestiary/bestiary-xmm.json;data/zh-TW/bestiary/fluff-bestiary-mm.json;data/zh-TW/bestiary/fluff-bestiary-xmm.json
creature,flesh golem,MM,血肉魔像,existing-site,data/zh-TW/bestiary/bestiary-mm.json;data/zh-TW/bestiary/bestiary-xmm.json;data/zh-TW/bestiary/fluff-bestiary-mm.json;data/zh-TW/bestiary/fluff-bestiary-xmm.json
creature,flying dagger,BGDIA,凌空匕首,existing-site,data/zh-TW/bestiary/bestiary-bgdia.json;data/zh-TW/bestiary/bestiary-wdh.json
creature,flying monkey,ToA,飛猴,existing-site,data/zh-TW/bestiary/bestiary-toa.json;data/zh-TW/bestiary/fluff-bestiary-toa.json
creature,flying snake,,飛蛇,existing-site,data/zh-TW/bestiary/bestiary-mm.json;data/zh-TW/bestiary/bestiary-xmm.json;data/zh-TW/bestiary/fluff-bestiary-mm.json;data/zh-TW/bestiary/fluff-bestiary-xmm.json;data/zh-TW/items/fluff-items.json;data/zh-TW/items/items-002.json
creature,flying snake,MM,飛蛇,existing-site,data/zh-TW/bestiary/bestiary-mm.json;data/zh-TW/bestiary/bestiary-xmm.json;data/zh-TW/bestiary/fluff-bestiary-mm.json;data/zh-TW/bestiary/fluff-bestiary-xmm.json;data/zh-TW/items/fluff-items.json;data/zh-TW/items/items-002.json
creature,flying sword,,凌空劍,existing-site,data/zh-TW/bestiary/bestiary-mm.json;data/zh-TW/bestiary/bestiary-xmm.json;data/zh-TW/bestiary/fluff-bestiary-mm.json
creature,flying sword,MM,凌空劍,existing-site,data/zh-TW/bestiary/bestiary-mm.json;data/zh-TW/bestiary/bestiary-xmm.json;data/zh-TW/bestiary/fluff-bestiary-mm.json
creature,frog,,青蛙,existing-site,data/zh-TW/bestiary/bestiary-mm.json;data/zh-TW/bestiary/bestiary-xmm.json;data/zh-TW/bestiary/fluff-bestiary-mm.json;data/zh-TW/bestiary/fluff-bestiary-xmm.json
creature,frog,MM,青蛙,existing-site,data/zh-TW/bestiary/bestiary-mm.json;data/zh-TW/bestiary/bestiary-xmm.json;data/zh-TW/bestiary/fluff-bestiary-mm.json;data/zh-TW/bestiary/fluff-bestiary-xmm.json
creature,froghemoth,VGM,沼喉怪,existing-site,data/zh-TW/bestiary/bestiary-mpmm.json;data/zh-TW/bestiary/bestiary-vgm.json;data/zh-TW/bestiary/fluff-bestiary-mpmm.json;data/zh-TW/bestiary/fluff-bestiary-vgm.json
creature,frost giant,,霜巨人,existing-site,data/zh-TW/bestiary/bestiary-mm.json;data/zh-TW/bestiary/bestiary-xmm.json;data/zh-TW/bestiary/fluff-bestiary-mm.json;data/zh-TW/bestiary/fluff-bestiary-xmm.json
creature,frost giant,MM,霜巨人,existing-site,data/zh-TW/bestiary/bestiary-mm.json;data/zh-TW/bestiary/bestiary-xmm.json;data/zh-TW/bestiary/fluff-bestiary-mm.json;data/zh-TW/bestiary/fluff-bestiary-xmm.json
creature,gargoyle,,石像鬼,existing-site,data/zh-TW/bestiary/bestiary-mm.json;data/zh-TW/bestiary/bestiary-xmm.json;data/zh-TW/bestiary/fluff-bestiary-mm.json;data/zh-TW/bestiary/fluff-bestiary-xmm.json
creature,gargoyle,MM,石像鬼,existing-site,data/zh-TW/bestiary/bestiary-mm.json;data/zh-TW/bestiary/bestiary-xmm.json;data/zh-TW/bestiary/fluff-bestiary-mm.json;data/zh-TW/bestiary/fluff-bestiary-xmm.json
creature,ghast,,妖鬼,existing-site,data/zh-TW/bestiary/bestiary-mm.json;data/zh-TW/bestiary/bestiary-xmm.json;data/zh-TW/bestiary/fluff-bestiary-mm.json;data/zh-TW/bestiary/fluff-bestiary-xmm.json
creature,ghast,MM,妖鬼,existing-site,data/zh-TW/bestiary/bestiary-mm.json;data/zh-TW/bestiary/bestiary-xmm.json;data/zh-TW/bestiary/fluff-bestiary-mm.json;data/zh-TW/bestiary/fluff-bestiary-xmm.json
creature,ghost,,幽魂,existing-site,data/zh-TW/bestiary/bestiary-mm.json;data/zh-TW/bestiary/bestiary-xmm.json;data/zh-TW/bestiary/fluff-bestiary-mm.json;data/zh-TW/bestiary/fluff-bestiary-xmm.json;data/zh-TW/rules/variantrules.json
creature,ghost,MM,幽魂,existing-site,data/zh-TW/bestiary/bestiary-mm.json;data/zh-TW/bestiary/bestiary-xmm.json;data/zh-TW/bestiary/fluff-bestiary-mm.json;data/zh-TW/bestiary/fluff-bestiary-xmm.json;data/zh-TW/rules/variantrules.json
creature,ghoul,,食屍鬼,existing-site,data/zh-TW/bestiary/bestiary-mm.json;data/zh-TW/bestiary/bestiary-xmm.json;data/zh-TW/bestiary/fluff-bestiary-mm.json;data/zh-TW/bestiary/fluff-bestiary-xmm.json
creature,ghoul,MM,食屍鬼,existing-site,data/zh-TW/bestiary/bestiary-mm.json;data/zh-TW/bestiary/bestiary-xmm.json;data/zh-TW/bestiary/fluff-bestiary-mm.json;data/zh-TW/bestiary/fluff-bestiary-xmm.json
creature,giant ape,,巨猿,existing-site,data/zh-TW/bestiary/bestiary-mm.json;data/zh-TW/bestiary/bestiary-xmm.json;data/zh-TW/bestiary/fluff-bestiary-xmm.json
creature,giant ape,MM,巨猿,existing-site,data/zh-TW/bestiary/bestiary-mm.json;data/zh-TW/bestiary/bestiary-xmm.json;data/zh-TW/bestiary/fluff-bestiary-xmm.json
creature,giant boar,,鉅野豬,existing-site,data/zh-TW/bestiary/bestiary-mm.json;data/zh-TW/bestiary/bestiary-xmm.json;data/zh-TW/bestiary/fluff-bestiary-xmm.json
creature,giant centipede,,巨蜈蚣,existing-site,data/zh-TW/bestiary/bestiary-mm.json;data/zh-TW/bestiary/bestiary-xmm.json;data/zh-TW/bestiary/fluff-bestiary-xmm.json
creature,giant centipede,MM,巨蜈蚣,existing-site,data/zh-TW/bestiary/bestiary-mm.json;data/zh-TW/bestiary/bestiary-xmm.json;data/zh-TW/bestiary/fluff-bestiary-xmm.json
creature,giant constrictor snake,,巨蟒蛇,existing-site,data/zh-TW/bestiary/bestiary-mm.json;data/zh-TW/bestiary/bestiary-xmm.json;data/zh-TW/bestiary/fluff-bestiary-xmm.json
creature,giant constrictor snake,MM,巨蟒蛇,existing-site,data/zh-TW/bestiary/bestiary-mm.json;data/zh-TW/bestiary/bestiary-xmm.json;data/zh-TW/bestiary/fluff-bestiary-xmm.json
creature,giant crocodile,,巨鱷,existing-site,data/zh-TW/bestiary/bestiary-mm.json;data/zh-TW/bestiary/bestiary-xmm.json;data/zh-TW/bestiary/fluff-bestiary-xmm.json
creature,giant crocodile,MM,巨鱷,existing-site,data/zh-TW/bestiary/bestiary-mm.json;data/zh-TW/bestiary/bestiary-xmm.json;data/zh-TW/bestiary/fluff-bestiary-xmm.json
creature,giant frog,,巨蛙,existing-site,data/zh-TW/bestiary/bestiary-mm.json;data/zh-TW/bestiary/bestiary-xmm.json;data/zh-TW/bestiary/fluff-bestiary-mm.json;data/zh-TW/bestiary/fluff-bestiary-xmm.json
creature,giant hyena,,巨鬣狗,existing-site,data/zh-TW/bestiary/bestiary-mm.json;data/zh-TW/bestiary/bestiary-xmm.json;data/zh-TW/bestiary/fluff-bestiary-xmm.json
creature,giant hyena,MM,巨鬣狗,existing-site,data/zh-TW/bestiary/bestiary-mm.json;data/zh-TW/bestiary/bestiary-xmm.json;data/zh-TW/bestiary/fluff-bestiary-xmm.json
creature,giant lizard,,巨蜥,existing-site,data/zh-TW/bestiary/bestiary-mm.json;data/zh-TW/bestiary/bestiary-xmm.json;data/zh-TW/bestiary/fluff-bestiary-mm.json;data/zh-TW/bestiary/fluff-bestiary-xmm.json
creature,giant lizard,MM,巨蜥,existing-site,data/zh-TW/bestiary/bestiary-mm.json;data/zh-TW/bestiary/bestiary-xmm.json;data/zh-TW/bestiary/fluff-bestiary-mm.json;data/zh-TW/bestiary/fluff-bestiary-xmm.json
creature,giant poisonous snake,,巨毒蛇,existing-site,data/zh-TW/bestiary/bestiary-mm.json
creature,giant poisonous snake,MM,巨毒蛇,existing-site,data/zh-TW/bestiary/bestiary-mm.json
creature,giant scorpion,,巨蠍,existing-site,data/zh-TW/bestiary/bestiary-mm.json;data/zh-TW/bestiary/bestiary-xmm.json;data/zh-TW/bestiary/fluff-bestiary-xmm.json
creature,giant scorpion,MM,巨蠍,existing-site,data/zh-TW/bestiary/bestiary-mm.json;data/zh-TW/bestiary/bestiary-xmm.json;data/zh-TW/bestiary/fluff-bestiary-xmm.json
creature,giant snapping turtle,ToA,巨鱷龜,existing-site,data/zh-TW/bestiary/bestiary-toa.json;data/zh-TW/bestiary/fluff-bestiary-toa.json
creature,giant spider,,巨蜘蛛,existing-site,data/zh-TW/bestiary/bestiary-mm.json;data/zh-TW/bestiary/bestiary-wtthc.json;data/zh-TW/bestiary/bestiary-xmm.json;data/zh-TW/bestiary/fluff-bestiary-mm.json;data/zh-TW/bestiary/fluff-bestiary-wtthc.json;data/zh-TW/bestiary/fluff-bestiary-xmm.json
creature,giant spider,MM,巨蜘蛛,existing-site,data/zh-TW/bestiary/bestiary-mm.json;data/zh-TW/bestiary/bestiary-wtthc.json;data/zh-TW/bestiary/bestiary-xmm.json;data/zh-TW/bestiary/fluff-bestiary-mm.json;data/zh-TW/bestiary/fluff-bestiary-wtthc.json;data/zh-TW/bestiary/fluff-bestiary-xmm.json
creature,giant strider,VGM,闊步鳥,existing-site,data/zh-TW/bestiary/bestiary-mpmm.json;data/zh-TW/bestiary/bestiary-vgm.json;data/zh-TW/bestiary/fluff-bestiary-mpmm.json;data/zh-TW/bestiary/fluff-bestiary-vgm.json
creature,giant wasp,,巨黃蜂,existing-site,data/zh-TW/bestiary/bestiary-mm.json;data/zh-TW/bestiary/bestiary-xmm.json;data/zh-TW/bestiary/fluff-bestiary-xmm.json
creature,giant wolf spider,,巨狼蛛,existing-site,data/zh-TW/bestiary/bestiary-mm.json;data/zh-TW/bestiary/bestiary-xmm.json;data/zh-TW/bestiary/fluff-bestiary-mm.json;data/zh-TW/bestiary/fluff-bestiary-xmm.json
creature,girallon,VGM,四臂猿怪,existing-site,data/zh-TW/bestiary/bestiary-mpmm.json;data/zh-TW/bestiary/bestiary-vgm.json;data/zh-TW/bestiary/fluff-bestiary-mpmm.json;data/zh-TW/bestiary/fluff-bestiary-vgm.json
creature,glabrezu,,迷誘魔,existing-site,data/zh-TW/bestiary/bestiary-mm.json;data/zh-TW/bestiary/bestiary-xmm.json;data/zh-TW/bestiary/fluff-bestiary-mm.json;data/zh-TW/bestiary/fluff-bestiary-xmm.json
creature,glabrezu,MM,迷誘魔,existing-site,data/zh-TW/bestiary/bestiary-mm.json;data/zh-TW/bestiary/bestiary-xmm.json;data/zh-TW/bestiary/fluff-bestiary-mm.json;data/zh-TW/bestiary/fluff-bestiary-xmm.json
creature,gladiator,,角鬥士,existing-site,data/zh-TW/bestiary/bestiary-mm.json;data/zh-TW/bestiary/bestiary-xmm.json;data/zh-TW/bestiary/fluff-bestiary-mm.json;data/zh-TW/bestiary/fluff-bestiary-xmm.json
creature,gladiator,MM,角鬥士,existing-site,data/zh-TW/bestiary/bestiary-mm.json;data/zh-TW/bestiary/bestiary-xmm.json;data/zh-TW/bestiary/fluff-bestiary-mm.json;data/zh-TW/bestiary/fluff-bestiary-xmm.json
creature,gnoll fang of Yeenoghu,,鬣狗人·耶諾古毒牙,existing-site,data/zh-TW/bestiary/bestiary-mm.json;data/zh-TW/bestiary/bestiary-xmm.json;data/zh-TW/bestiary/fluff-bestiary-mm.json;data/zh-TW/bestiary/fluff-bestiary-xmm.json
creature,gnoll fang of Yeenoghu,MM,鬣狗人·耶諾古毒牙,existing-site,data/zh-TW/bestiary/bestiary-mm.json;data/zh-TW/bestiary/bestiary-xmm.json;data/zh-TW/bestiary/fluff-bestiary-mm.json;data/zh-TW/bestiary/fluff-bestiary-xmm.json
creature,gnoll pack lord,,鬣狗人頭領,existing-site,data/zh-TW/bestiary/bestiary-mm.json;data/zh-TW/bestiary/bestiary-xmm.json;data/zh-TW/bestiary/fluff-bestiary-mm.json;data/zh-TW/bestiary/fluff-bestiary-xmm.json
creature,gnoll pack lord,MM,鬣狗人頭領,existing-site,data/zh-TW/bestiary/bestiary-mm.json;data/zh-TW/bestiary/bestiary-xmm.json;data/zh-TW/bestiary/fluff-bestiary-mm.json;data/zh-TW/bestiary/fluff-bestiary-xmm.json
creature,goat,,山羊,existing-site,data/zh-TW/bestiary/bestiary-mm.json;data/zh-TW/bestiary/bestiary-xmm.json;data/zh-TW/bestiary/fluff-bestiary-xmm.json;data/zh-TW/items/items-002.json
creature,goblin,,地精,existing-site,data/zh-TW/bestiary/bestiary-mm.json;data/zh-TW/bestiary/fluff-bestiary-mm.json;data/zh-TW/character-options/fluff-races.json;data/zh-TW/character-options/races.json
creature,goblin boss,,地精頭目,existing-site,data/zh-TW/bestiary/bestiary-mm.json;data/zh-TW/bestiary/bestiary-xmm.json;data/zh-TW/bestiary/fluff-bestiary-mm.json;data/zh-TW/bestiary/fluff-bestiary-xmm.json
creature,goblin boss,MM,地精頭目,existing-site,data/zh-TW/bestiary/bestiary-mm.json;data/zh-TW/bestiary/bestiary-xmm.json;data/zh-TW/bestiary/fluff-bestiary-mm.json;data/zh-TW/bestiary/fluff-bestiary-xmm.json
creature,gray slaad,,史拉灰蟾,existing-site,data/zh-TW/bestiary/bestiary-mm.json;data/zh-TW/bestiary/bestiary-xmm.json;data/zh-TW/bestiary/fluff-bestiary-mm.json;data/zh-TW/bestiary/fluff-bestiary-xmm.json
creature,gray slaad,MM,史拉灰蟾,existing-site,data/zh-TW/bestiary/bestiary-mm.json;data/zh-TW/bestiary/bestiary-xmm.json;data/zh-TW/bestiary/fluff-bestiary-mm.json;data/zh-TW/bestiary/fluff-bestiary-xmm.json
creature,green hag,,綠鬼婆,existing-site,data/zh-TW/bestiary/bestiary-mm.json;data/zh-TW/bestiary/bestiary-xmm.json;data/zh-TW/bestiary/fluff-bestiary-mm.json;data/zh-TW/bestiary/fluff-bestiary-xmm.json;data/zh-TW/bestiary/legendarygroups.json
creature,green hag,MM,綠鬼婆,existing-site,data/zh-TW/bestiary/bestiary-mm.json;data/zh-TW/bestiary/bestiary-xmm.json;data/zh-TW/bestiary/fluff-bestiary-mm.json;data/zh-TW/bestiary/fluff-bestiary-xmm.json;data/zh-TW/bestiary/legendarygroups.json
creature,grung,VGM,格龍蛙人,existing-site,data/zh-TW/bestiary/bestiary-mpmm.json;data/zh-TW/bestiary/bestiary-vgm.json;data/zh-TW/bestiary/fluff-bestiary-mpmm.json;data/zh-TW/bestiary/fluff-bestiary-vgm.json;data/zh-TW/character-options/fluff-races.json;data/zh-TW/character-options/races.json
creature,grung elite warrior,VGM,格龍蛙人精英戰士,existing-site,data/zh-TW/bestiary/bestiary-mpmm.json;data/zh-TW/bestiary/bestiary-vgm.json;data/zh-TW/bestiary/fluff-bestiary-mpmm.json;data/zh-TW/bestiary/fluff-bestiary-vgm.json
creature,grung wildling,VGM,格龍蛙人蠻荒祭司,existing-site,data/zh-TW/bestiary/bestiary-mpmm.json;data/zh-TW/bestiary/bestiary-vgm.json;data/zh-TW/bestiary/fluff-bestiary-mpmm.json;data/zh-TW/bestiary/fluff-bestiary-vgm.json
creature,guard,,警衛,existing-site,data/zh-TW/bestiary/bestiary-mm.json;data/zh-TW/bestiary/bestiary-wtthc.json;data/zh-TW/bestiary/bestiary-xmm.json;data/zh-TW/bestiary/fluff-bestiary-mm.json;data/zh-TW/bestiary/fluff-bestiary-wtthc.json;data/zh-TW/bestiary/fluff-bestiary-xmm.json;data/zh-TW/character-options/backgrounds.json;data/zh-TW/character-options/fluff-backgrounds.json
creature,guard,MM,警衛,existing-site,data/zh-TW/bestiary/bestiary-mm.json;data/zh-TW/bestiary/bestiary-wtthc.json;data/zh-TW/bestiary/bestiary-xmm.json;data/zh-TW/bestiary/fluff-bestiary-mm.json;data/zh-TW/bestiary/fluff-bestiary-wtthc.json;data/zh-TW/bestiary/fluff-bestiary-xmm.json;data/zh-TW/character-options/backgrounds.json;data/zh-TW/character-options/fluff-backgrounds.json
creature,guardian naga,,守秘納迦,existing-site,data/zh-TW/bestiary/bestiary-mm.json;data/zh-TW/bestiary/bestiary-xmm.json;data/zh-TW/bestiary/fluff-bestiary-mm.json;data/zh-TW/bestiary/fluff-bestiary-xmm.json
creature,guardian naga,MM,守秘納迦,existing-site,data/zh-TW/bestiary/bestiary-mm.json;data/zh-TW/bestiary/bestiary-xmm.json;data/zh-TW/bestiary/fluff-bestiary-mm.json;data/zh-TW/bestiary/fluff-bestiary-xmm.json
creature,hadrosaurus,VGM,鴨嘴龍,existing-site,data/zh-TW/bestiary/bestiary-mpmm.json;data/zh-TW/bestiary/bestiary-vgm.json;data/zh-TW/bestiary/fluff-bestiary-mpmm.json;data/zh-TW/bestiary/fluff-bestiary-vgm.json
creature,hawk,,隼,existing-site,data/zh-TW/bestiary/bestiary-mm.json;data/zh-TW/bestiary/bestiary-xmm.json;data/zh-TW/bestiary/fluff-bestiary-mm.json;data/zh-TW/bestiary/fluff-bestiary-xmm.json
creature,hawk,MM,隼,existing-site,data/zh-TW/bestiary/bestiary-mm.json;data/zh-TW/bestiary/bestiary-xmm.json;data/zh-TW/bestiary/fluff-bestiary-mm.json;data/zh-TW/bestiary/fluff-bestiary-xmm.json
creature,hell hound,,地獄獵犬,existing-site,data/zh-TW/bestiary/bestiary-mm.json;data/zh-TW/bestiary/bestiary-wtthc.json;data/zh-TW/bestiary/bestiary-xmm.json;data/zh-TW/bestiary/fluff-bestiary-mm.json;data/zh-TW/bestiary/fluff-bestiary-wtthc.json;data/zh-TW/bestiary/fluff-bestiary-xmm.json
creature,hell hound,MM,地獄獵犬,existing-site,data/zh-TW/bestiary/bestiary-mm.json;data/zh-TW/bestiary/bestiary-wtthc.json;data/zh-TW/bestiary/bestiary-xmm.json;data/zh-TW/bestiary/fluff-bestiary-mm.json;data/zh-TW/bestiary/fluff-bestiary-wtthc.json;data/zh-TW/bestiary/fluff-bestiary-xmm.json
creature,hellwasp,BGDIA,黃泉蜂,existing-site,data/zh-TW/bestiary/bestiary-bgdia.json;data/zh-TW/bestiary/fluff-bestiary-bgdia.json
creature,hellwasp grub,BGDIA,黃泉蜂幼蟲,existing-site,data/zh-TW/bestiary/bestiary-bgdia.json
creature,helmed horror,,恐怖鎧甲,existing-site,data/zh-TW/bestiary/bestiary-mm.json;data/zh-TW/bestiary/bestiary-xmm.json;data/zh-TW/bestiary/fluff-bestiary-mm.json;data/zh-TW/bestiary/fluff-bestiary-xmm.json
creature,helmed horror,MM,恐怖鎧甲,existing-site,data/zh-TW/bestiary/bestiary-mm.json;data/zh-TW/bestiary/bestiary-xmm.json;data/zh-TW/bestiary/fluff-bestiary-mm.json;data/zh-TW/bestiary/fluff-bestiary-xmm.json
creature,hezrou,,狂蟾魔,existing-site,data/zh-TW/bestiary/bestiary-mm.json;data/zh-TW/bestiary/bestiary-xmm.json;data/zh-TW/bestiary/fluff-bestiary-mm.json;data/zh-TW/bestiary/fluff-bestiary-xmm.json
creature,hezrou,MM,狂蟾魔,existing-site,data/zh-TW/bestiary/bestiary-mm.json;data/zh-TW/bestiary/bestiary-xmm.json;data/zh-TW/bestiary/fluff-bestiary-mm.json;data/zh-TW/bestiary/fluff-bestiary-xmm.json
creature,hobgoblin captain,,大地精長官,existing-site,data/zh-TW/bestiary/bestiary-mm.json;data/zh-TW/bestiary/bestiary-xmm.json;data/zh-TW/bestiary/fluff-bestiary-mm.json;data/zh-TW/bestiary/fluff-bestiary-xmm.json
creature,hobgoblin captain,MM,大地精長官,existing-site,data/zh-TW/bestiary/bestiary-mm.json;data/zh-TW/bestiary/bestiary-xmm.json;data/zh-TW/bestiary/fluff-bestiary-mm.json;data/zh-TW/bestiary/fluff-bestiary-xmm.json
creature,hobgoblin warlord,,大地精軍閥,existing-site,data/zh-TW/bestiary/bestiary-mm.json;data/zh-TW/bestiary/bestiary-xmm.json;data/zh-TW/bestiary/fluff-bestiary-mm.json;data/zh-TW/bestiary/fluff-bestiary-xmm.json
creature,hobgoblin warlord,MM,大地精軍閥,existing-site,data/zh-TW/bestiary/bestiary-mm.json;data/zh-TW/bestiary/bestiary-xmm.json;data/zh-TW/bestiary/fluff-bestiary-mm.json;data/zh-TW/bestiary/fluff-bestiary-xmm.json
creature,hollyphant,BGDIA,聖飛象,existing-site,data/zh-TW/bestiary/bestiary-bgdia.json;data/zh-TW/bestiary/fluff-bestiary-bgdia.json
creature,homunculus,,人工生命體,existing-site,data/zh-TW/bestiary/bestiary-mm.json;data/zh-TW/bestiary/bestiary-xmm.json;data/zh-TW/bestiary/fluff-bestiary-mm.json;data/zh-TW/bestiary/fluff-bestiary-xmm.json
creature,homunculus,MM,人工生命體,existing-site,data/zh-TW/bestiary/bestiary-mm.json;data/zh-TW/bestiary/bestiary-xmm.json;data/zh-TW/bestiary/fluff-bestiary-mm.json;data/zh-TW/bestiary/fluff-bestiary-xmm.json
creature,horned devil,,角魔,existing-site,data/zh-TW/bestiary/bestiary-mm.json;data/zh-TW/bestiary/bestiary-xmm.json;data/zh-TW/bestiary/fluff-bestiary-mm.json;data/zh-TW/bestiary/fluff-bestiary-xmm.json
creature,horned devil,MM,角魔,existing-site,data/zh-TW/bestiary/bestiary-mm.json;data/zh-TW/bestiary/bestiary-xmm.json;data/zh-TW/bestiary/fluff-bestiary-mm.json;data/zh-TW/bestiary/fluff-bestiary-xmm.json
creature,hydra,,多頭蛇,existing-site,data/zh-TW/bestiary/bestiary-mm.json;data/zh-TW/bestiary/bestiary-ps-k.json;data/zh-TW/bestiary/bestiary-xmm.json;data/zh-TW/bestiary/fluff-bestiary-mm.json;data/zh-TW/bestiary/fluff-bestiary-ps-k.json;data/zh-TW/bestiary/fluff-bestiary-xmm.json
creature,hydra,MM,多頭蛇,existing-site,data/zh-TW/bestiary/bestiary-mm.json;data/zh-TW/bestiary/bestiary-ps-k.json;data/zh-TW/bestiary/bestiary-xmm.json;data/zh-TW/bestiary/fluff-bestiary-mm.json;data/zh-TW/bestiary/fluff-bestiary-ps-k.json;data/zh-TW/bestiary/fluff-bestiary-xmm.json
creature,ice devil,MM,冰魔,existing-site,data/zh-TW/bestiary/bestiary-mm.json;data/zh-TW/bestiary/bestiary-xmm.json;data/zh-TW/bestiary/fluff-bestiary-mm.json;data/zh-TW/bestiary/fluff-bestiary-xmm.json
creature,imp,,小魔鬼,existing-site,data/zh-TW/bestiary/bestiary-mm.json;data/zh-TW/bestiary/bestiary-xmm.json;data/zh-TW/bestiary/fluff-bestiary-mm.json;data/zh-TW/bestiary/fluff-bestiary-xmm.json
creature,imp,MM,小魔鬼,existing-site,data/zh-TW/bestiary/bestiary-mm.json;data/zh-TW/bestiary/bestiary-xmm.json;data/zh-TW/bestiary/fluff-bestiary-mm.json;data/zh-TW/bestiary/fluff-bestiary-xmm.json
creature,incubus,,夢魔,existing-site,data/zh-TW/bestiary/bestiary-mm.json;data/zh-TW/bestiary/bestiary-xmm.json;data/zh-TW/bestiary/fluff-bestiary-mm.json;data/zh-TW/bestiary/fluff-bestiary-xmm.json
creature,incubus,MM,夢魔,existing-site,data/zh-TW/bestiary/bestiary-mm.json;data/zh-TW/bestiary/bestiary-xmm.json;data/zh-TW/bestiary/fluff-bestiary-mm.json;data/zh-TW/bestiary/fluff-bestiary-xmm.json
creature,invisible stalker,,隱形追獵者,existing-site,data/zh-TW/bestiary/bestiary-mm.json;data/zh-TW/bestiary/bestiary-xmm.json;data/zh-TW/bestiary/fluff-bestiary-mm.json;data/zh-TW/bestiary/fluff-bestiary-xmm.json
creature,invisible stalker,MM,隱形追獵者,existing-site,data/zh-TW/bestiary/bestiary-mm.json;data/zh-TW/bestiary/bestiary-xmm.json;data/zh-TW/bestiary/fluff-bestiary-mm.json;data/zh-TW/bestiary/fluff-bestiary-xmm.json
creature,iron consul,BGDIA,鋼鐵領事,existing-site,data/zh-TW/bestiary/bestiary-bgdia.json;data/zh-TW/bestiary/fluff-bestiary-bgdia.json
creature,jackal,,胡狼,existing-site,data/zh-TW/bestiary/bestiary-mm.json;data/zh-TW/bestiary/bestiary-xmm.json;data/zh-TW/bestiary/fluff-bestiary-xmm.json
creature,jackal,MM,胡狼,existing-site,data/zh-TW/bestiary/bestiary-mm.json;data/zh-TW/bestiary/bestiary-xmm.json;data/zh-TW/bestiary/fluff-bestiary-xmm.json
creature,jaculi,ToA,幻色蛇,existing-site,data/zh-TW/bestiary/bestiary-toa.json;data/zh-TW/bestiary/fluff-bestiary-toa.json
creature,kamadan,ToA,六岐蛇豹,existing-site,data/zh-TW/bestiary/bestiary-toa.json;data/zh-TW/bestiary/fluff-bestiary-toa.json
creature,kenku,,天狗,existing-site,data/zh-TW/bestiary/bestiary-mm.json;data/zh-TW/bestiary/bestiary-xmm.json;data/zh-TW/bestiary/fluff-bestiary-mm.json;data/zh-TW/bestiary/fluff-bestiary-xmm.json;data/zh-TW/character-options/fluff-races.json;data/zh-TW/character-options/races.json
creature,kenku,MM,天狗,existing-site,data/zh-TW/bestiary/bestiary-mm.json;data/zh-TW/bestiary/bestiary-xmm.json;data/zh-TW/bestiary/fluff-bestiary-mm.json;data/zh-TW/bestiary/fluff-bestiary-xmm.json;data/zh-TW/character-options/fluff-races.json;data/zh-TW/character-options/races.json
creature,knight,,騎士,existing-site,data/zh-TW/bestiary/bestiary-mm.json;data/zh-TW/bestiary/bestiary-xmm.json;data/zh-TW/bestiary/fluff-bestiary-mm.json;data/zh-TW/bestiary/fluff-bestiary-xmm.json;data/zh-TW/items/items-001.json
creature,knight,MM,騎士,existing-site,data/zh-TW/bestiary/bestiary-mm.json;data/zh-TW/bestiary/bestiary-xmm.json;data/zh-TW/bestiary/fluff-bestiary-mm.json;data/zh-TW/bestiary/fluff-bestiary-xmm.json;data/zh-TW/items/items-001.json
creature,kobold,,狗頭人,existing-site,data/zh-TW/bestiary/bestiary-mm.json;data/zh-TW/bestiary/fluff-bestiary-mm.json;data/zh-TW/character-options/fluff-races.json;data/zh-TW/character-options/races.json
creature,kobold,MM,狗頭人,existing-site,data/zh-TW/bestiary/bestiary-mm.json;data/zh-TW/bestiary/fluff-bestiary-mm.json;data/zh-TW/character-options/fluff-races.json;data/zh-TW/character-options/races.json
creature,kobold inventor,VGM,狗頭人發明家,existing-site,data/zh-TW/bestiary/bestiary-mpmm.json;data/zh-TW/bestiary/bestiary-vgm.json;data/zh-TW/bestiary/fluff-bestiary-mpmm.json;data/zh-TW/bestiary/fluff-bestiary-vgm.json
creature,kobold scale sorcerer,VGM,狗頭人鱗術士,existing-site,data/zh-TW/bestiary/bestiary-mpmm.json;data/zh-TW/bestiary/bestiary-vgm.json;data/zh-TW/bestiary/fluff-bestiary-mpmm.json;data/zh-TW/bestiary/fluff-bestiary-vgm.json
creature,lemure,,劣魔,existing-site,data/zh-TW/bestiary/bestiary-mm.json;data/zh-TW/bestiary/bestiary-xmm.json;data/zh-TW/bestiary/fluff-bestiary-mm.json;data/zh-TW/bestiary/fluff-bestiary-xmm.json
creature,lemure,MM,劣魔,existing-site,data/zh-TW/bestiary/bestiary-mm.json;data/zh-TW/bestiary/bestiary-xmm.json;data/zh-TW/bestiary/fluff-bestiary-mm.json;data/zh-TW/bestiary/fluff-bestiary-xmm.json
creature,lich,,巫妖,existing-site,data/zh-TW/bestiary/bestiary-mm.json;data/zh-TW/bestiary/bestiary-xmm.json;data/zh-TW/bestiary/fluff-bestiary-mm.json;data/zh-TW/bestiary/fluff-bestiary-xmm.json;data/zh-TW/bestiary/legendarygroups.json
creature,lich,MM,巫妖,existing-site,data/zh-TW/bestiary/bestiary-mm.json;data/zh-TW/bestiary/bestiary-xmm.json;data/zh-TW/bestiary/fluff-bestiary-mm.json;data/zh-TW/bestiary/fluff-bestiary-xmm.json;data/zh-TW/bestiary/legendarygroups.json
creature,lion,,雄獅,existing-site,data/zh-TW/bestiary/bestiary-mm.json;data/zh-TW/bestiary/bestiary-xmm.json;data/zh-TW/bestiary/fluff-bestiary-xmm.json;data/zh-TW/class/class-barbarian.json
creature,lion,MM,雄獅,existing-site,data/zh-TW/bestiary/bestiary-mm.json;data/zh-TW/bestiary/bestiary-xmm.json;data/zh-TW/bestiary/fluff-bestiary-xmm.json;data/zh-TW/class/class-barbarian.json
creature,lizard,MM,蜥蜴,existing-site,data/zh-TW/bestiary/bestiary-mm.json;data/zh-TW/bestiary/bestiary-xmm.json;data/zh-TW/bestiary/fluff-bestiary-xmm.json
creature,lizardfolk,,蜥蜴人,existing-site,data/zh-TW/bestiary/bestiary-mm.json;data/zh-TW/bestiary/fluff-bestiary-mm.json;data/zh-TW/bestiary/fluff-bestiary-xmm.json;data/zh-TW/character-options/fluff-races.json;data/zh-TW/character-options/races.json
creature,lizardfolk,MM,蜥蜴人,existing-site,data/zh-TW/bestiary/bestiary-mm.json;data/zh-TW/bestiary/fluff-bestiary-mm.json;data/zh-TW/bestiary/fluff-bestiary-xmm.json;data/zh-TW/character-options/fluff-races.json;data/zh-TW/character-options/races.json
creature,lizardfolk shaman,,蜥蜴人薩滿,existing-site,data/zh-TW/bestiary/bestiary-mm.json;data/zh-TW/bestiary/fluff-bestiary-mm.json
creature,lizardfolk shaman,MM,蜥蜴人薩滿,existing-site,data/zh-TW/bestiary/bestiary-mm.json;data/zh-TW/bestiary/fluff-bestiary-mm.json
creature,mage,,魔法師,existing-site,data/zh-TW/bestiary/bestiary-mm.json;data/zh-TW/bestiary/bestiary-xmm.json;data/zh-TW/bestiary/fluff-bestiary-mm.json;data/zh-TW/bestiary/fluff-bestiary-xmm.json;data/zh-TW/items/items-001.json
creature,mage,MM,魔法師,existing-site,data/zh-TW/bestiary/bestiary-mm.json;data/zh-TW/bestiary/bestiary-xmm.json;data/zh-TW/bestiary/fluff-bestiary-mm.json;data/zh-TW/bestiary/fluff-bestiary-xmm.json;data/zh-TW/items/items-001.json
creature,magma mephit,,熔岩魔蝠,existing-site,data/zh-TW/bestiary/bestiary-mm.json;data/zh-TW/bestiary/bestiary-xmm.json;data/zh-TW/bestiary/fluff-bestiary-mm.json;data/zh-TW/bestiary/fluff-bestiary-xmm.json
creature,magmin,,火童,existing-site,data/zh-TW/bestiary/bestiary-mm.json;data/zh-TW/bestiary/bestiary-xmm.json;data/zh-TW/bestiary/fluff-bestiary-mm.json;data/zh-TW/bestiary/fluff-bestiary-xmm.json
creature,manes,,原魔,existing-site,data/zh-TW/bestiary/bestiary-mm.json;data/zh-TW/bestiary/bestiary-xmm.json;data/zh-TW/bestiary/fluff-bestiary-mm.json;data/zh-TW/bestiary/fluff-bestiary-xmm.json
creature,manes,MM,原魔,existing-site,data/zh-TW/bestiary/bestiary-mm.json;data/zh-TW/bestiary/bestiary-xmm.json;data/zh-TW/bestiary/fluff-bestiary-mm.json;data/zh-TW/bestiary/fluff-bestiary-xmm.json
creature,manticore,,刺尾獅,existing-site,data/zh-TW/bestiary/bestiary-mm.json;data/zh-TW/bestiary/bestiary-xmm.json;data/zh-TW/bestiary/fluff-bestiary-mm.json;data/zh-TW/bestiary/fluff-bestiary-xmm.json
creature,manticore,MM,刺尾獅,existing-site,data/zh-TW/bestiary/bestiary-mm.json;data/zh-TW/bestiary/bestiary-xmm.json;data/zh-TW/bestiary/fluff-bestiary-mm.json;data/zh-TW/bestiary/fluff-bestiary-xmm.json
creature,mantrap,ToA,捕人草,existing-site,data/zh-TW/bestiary/bestiary-toa.json;data/zh-TW/bestiary/fluff-bestiary-toa.json
creature,marilith,,六臂蛇魔,existing-site,data/zh-TW/bestiary/bestiary-mm.json;data/zh-TW/bestiary/bestiary-xmm.json;data/zh-TW/bestiary/fluff-bestiary-mm.json;data/zh-TW/bestiary/fluff-bestiary-xmm.json
creature,marilith,MM,六臂蛇魔,existing-site,data/zh-TW/bestiary/bestiary-mm.json;data/zh-TW/bestiary/bestiary-xmm.json;data/zh-TW/bestiary/fluff-bestiary-mm.json;data/zh-TW/bestiary/fluff-bestiary-xmm.json
creature,master of souls,BGDIA,馭魂者,existing-site,data/zh-TW/bestiary/bestiary-bgdia.json;data/zh-TW/bestiary/fluff-bestiary-bgdia.json
creature,mastiff,,獒犬,existing-site,data/zh-TW/bestiary/bestiary-mm.json;data/zh-TW/bestiary/bestiary-xmm.json;data/zh-TW/bestiary/fluff-bestiary-mm.json;data/zh-TW/bestiary/fluff-bestiary-xmm.json;data/zh-TW/items/items-004.json
creature,mastiff,MM,獒犬,existing-site,data/zh-TW/bestiary/bestiary-mm.json;data/zh-TW/bestiary/bestiary-xmm.json;data/zh-TW/bestiary/fluff-bestiary-mm.json;data/zh-TW/bestiary/fluff-bestiary-xmm.json;data/zh-TW/items/items-004.json
creature,medusa,,美杜莎,existing-site,data/zh-TW/bestiary/bestiary-mm.json;data/zh-TW/bestiary/bestiary-mot.json;data/zh-TW/bestiary/bestiary-wtthc.json;data/zh-TW/bestiary/bestiary-xmm.json;data/zh-TW/bestiary/fluff-bestiary-mm.json;data/zh-TW/bestiary/fluff-bestiary-mot.json;data/zh-TW/bestiary/fluff-bestiary-wtthc.json;data/zh-TW/bestiary/fluff-bestiary-xmm.json
creature,medusa,MM,美杜莎,existing-site,data/zh-TW/bestiary/bestiary-mm.json;data/zh-TW/bestiary/bestiary-mot.json;data/zh-TW/bestiary/bestiary-wtthc.json;data/zh-TW/bestiary/bestiary-xmm.json;data/zh-TW/bestiary/fluff-bestiary-mm.json;data/zh-TW/bestiary/fluff-bestiary-mot.json;data/zh-TW/bestiary/fluff-bestiary-wtthc.json;data/zh-TW/bestiary/fluff-bestiary-xmm.json
creature,merregon,MTF,軍團魔,existing-site,data/zh-TW/bestiary/bestiary-mpmm.json;data/zh-TW/bestiary/bestiary-mtf.json;data/zh-TW/bestiary/fluff-bestiary-mpmm.json;data/zh-TW/bestiary/fluff-bestiary-mtf.json
creature,mezzoloth,,毒蟲羅斯魔,existing-site,data/zh-TW/bestiary/bestiary-mm.json;data/zh-TW/bestiary/bestiary-xmm.json;data/zh-TW/bestiary/fluff-bestiary-mm.json;data/zh-TW/bestiary/fluff-bestiary-xmm.json
creature,mezzoloth,MM,毒蟲羅斯魔,existing-site,data/zh-TW/bestiary/bestiary-mm.json;data/zh-TW/bestiary/bestiary-xmm.json;data/zh-TW/bestiary/fluff-bestiary-mm.json;data/zh-TW/bestiary/fluff-bestiary-xmm.json
creature,mimic,,擬身怪,existing-site,data/zh-TW/bestiary/bestiary-mm.json;data/zh-TW/bestiary/bestiary-xmm.json;data/zh-TW/bestiary/fluff-bestiary-mm.json;data/zh-TW/bestiary/fluff-bestiary-xmm.json
creature,mimic,MM,擬身怪,existing-site,data/zh-TW/bestiary/bestiary-mm.json;data/zh-TW/bestiary/bestiary-xmm.json;data/zh-TW/bestiary/fluff-bestiary-mm.json;data/zh-TW/bestiary/fluff-bestiary-xmm.json
creature,minotaur,,牛頭人,existing-site,data/zh-TW/bestiary/bestiary-mm.json;data/zh-TW/bestiary/fluff-bestiary-mm.json;data/zh-TW/character-options/fluff-races.json;data/zh-TW/character-options/races.json
creature,minotaur,MM,牛頭人,existing-site,data/zh-TW/bestiary/bestiary-mm.json;data/zh-TW/bestiary/fluff-bestiary-mm.json;data/zh-TW/character-options/fluff-races.json;data/zh-TW/character-options/races.json
creature,monodrone,,單元冢,existing-site,data/zh-TW/bestiary/bestiary-mm.json;data/zh-TW/bestiary/fluff-bestiary-mm.json
creature,monodrone,MM,單元冢,existing-site,data/zh-TW/bestiary/bestiary-mm.json;data/zh-TW/bestiary/fluff-bestiary-mm.json
creature,mud mephit,,泥魔蝠,existing-site,data/zh-TW/bestiary/bestiary-mm.json;data/zh-TW/bestiary/bestiary-xmm.json;data/zh-TW/bestiary/fluff-bestiary-mm.json;data/zh-TW/bestiary/fluff-bestiary-xmm.json
creature,mummy,,木乃伊,existing-site,data/zh-TW/bestiary/bestiary-mm.json;data/zh-TW/bestiary/bestiary-xmm.json;data/zh-TW/bestiary/fluff-bestiary-mm.json;data/zh-TW/bestiary/fluff-bestiary-xmm.json
creature,mummy,MM,木乃伊,existing-site,data/zh-TW/bestiary/bestiary-mm.json;data/zh-TW/bestiary/bestiary-xmm.json;data/zh-TW/bestiary/fluff-bestiary-mm.json;data/zh-TW/bestiary/fluff-bestiary-xmm.json
creature,nalfeshnee,,判魂魔,existing-site,data/zh-TW/bestiary/bestiary-mm.json;data/zh-TW/bestiary/bestiary-xmm.json;data/zh-TW/bestiary/fluff-bestiary-mm.json;data/zh-TW/bestiary/fluff-bestiary-xmm.json
creature,nalfeshnee,MM,判魂魔,existing-site,data/zh-TW/bestiary/bestiary-mm.json;data/zh-TW/bestiary/bestiary-xmm.json;data/zh-TW/bestiary/fluff-bestiary-mm.json;data/zh-TW/bestiary/fluff-bestiary-xmm.json
creature,narzugon,MTF,魘騎魔,existing-site,data/zh-TW/bestiary/bestiary-mpmm.json;data/zh-TW/bestiary/bestiary-mtf.json;data/zh-TW/bestiary/fluff-bestiary-mpmm.json;data/zh-TW/bestiary/fluff-bestiary-mtf.json
creature,necromite of Myrkul,BGDIA,米爾寇之屍從,existing-site,data/zh-TW/bestiary/bestiary-bgdia.json;data/zh-TW/bestiary/fluff-bestiary-bgdia.json
creature,night hag,,夜鬼婆,existing-site,data/zh-TW/bestiary/bestiary-mm.json;data/zh-TW/bestiary/bestiary-xmm.json;data/zh-TW/bestiary/fluff-bestiary-mm.json;data/zh-TW/bestiary/fluff-bestiary-xmm.json;data/zh-TW/bestiary/legendarygroups.json
creature,night hag,MM,夜鬼婆,existing-site,data/zh-TW/bestiary/bestiary-mm.json;data/zh-TW/bestiary/bestiary-xmm.json;data/zh-TW/bestiary/fluff-bestiary-mm.json;data/zh-TW/bestiary/fluff-bestiary-xmm.json;data/zh-TW/bestiary/legendarygroups.json
creature,nightmare,,夢魘,existing-site,data/zh-TW/bestiary/bestiary-mabjov.json;data/zh-TW/bestiary/bestiary-mm.json;data/zh-TW/bestiary/bestiary-xmm.json;data/zh-TW/bestiary/fluff-bestiary-mm.json;data/zh-TW/bestiary/fluff-bestiary-xmm.json
creature,nightmare,MM,夢魘,existing-site,data/zh-TW/bestiary/bestiary-mabjov.json;data/zh-TW/bestiary/bestiary-mm.json;data/zh-TW/bestiary/bestiary-xmm.json;data/zh-TW/bestiary/fluff-bestiary-mm.json;data/zh-TW/bestiary/fluff-bestiary-xmm.json
creature,noble,,貴族,existing-site,data/zh-TW/bestiary/bestiary-mm.json;data/zh-TW/bestiary/bestiary-xmm.json;data/zh-TW/bestiary/fluff-bestiary-mm.json;data/zh-TW/bestiary/fluff-bestiary-xmm.json;data/zh-TW/character-options/backgrounds.json;data/zh-TW/character-options/fluff-backgrounds.json
creature,noble,MM,貴族,existing-site,data/zh-TW/bestiary/bestiary-mm.json;data/zh-TW/bestiary/bestiary-xmm.json;data/zh-TW/bestiary/fluff-bestiary-mm.json;data/zh-TW/bestiary/fluff-bestiary-xmm.json;data/zh-TW/character-options/backgrounds.json;data/zh-TW/character-options/fluff-backgrounds.json
creature,nothic,,諾斯怪,existing-site,data/zh-TW/bestiary/bestiary-mm.json;data/zh-TW/bestiary/bestiary-xmm.json;data/zh-TW/bestiary/fluff-bestiary-mm.json;data/zh-TW/bestiary/fluff-bestiary-xmm.json
creature,nothic,MM,諾斯怪,existing-site,data/zh-TW/bestiary/bestiary-mm.json;data/zh-TW/bestiary/bestiary-xmm.json;data/zh-TW/bestiary/fluff-bestiary-mm.json;data/zh-TW/bestiary/fluff-bestiary-xmm.json
creature,nycaloth,,征伐羅斯魔,existing-site,data/zh-TW/bestiary/bestiary-mm.json;data/zh-TW/bestiary/bestiary-xmm.json;data/zh-TW/bestiary/fluff-bestiary-mm.json;data/zh-TW/bestiary/fluff-bestiary-xmm.json
creature,nycaloth,MM,征伐羅斯魔,existing-site,data/zh-TW/bestiary/bestiary-mm.json;data/zh-TW/bestiary/bestiary-xmm.json;data/zh-TW/bestiary/fluff-bestiary-mm.json;data/zh-TW/bestiary/fluff-bestiary-xmm.json
creature,ochre jelly,,赭果凍,existing-site,data/zh-TW/bestiary/bestiary-mm.json;data/zh-TW/bestiary/bestiary-xmm.json;data/zh-TW/bestiary/fluff-bestiary-mm.json;data/zh-TW/bestiary/fluff-bestiary-xmm.json
creature,ochre jelly,MM,赭果凍,existing-site,data/zh-TW/bestiary/bestiary-mm.json;data/zh-TW/bestiary/bestiary-xmm.json;data/zh-TW/bestiary/fluff-bestiary-mm.json;data/zh-TW/bestiary/fluff-bestiary-xmm.json
creature,ogre,,食人魔,existing-site,data/zh-TW/bestiary/bestiary-mm.json;data/zh-TW/bestiary/bestiary-xmm.json;data/zh-TW/bestiary/fluff-bestiary-mm.json;data/zh-TW/bestiary/fluff-bestiary-mtf.json;data/zh-TW/bestiary/fluff-bestiary-xmm.json
creature,ogre,MM,食人魔,existing-site,data/zh-TW/bestiary/bestiary-mm.json;data/zh-TW/bestiary/bestiary-xmm.json;data/zh-TW/bestiary/fluff-bestiary-mm.json;data/zh-TW/bestiary/fluff-bestiary-mtf.json;data/zh-TW/bestiary/fluff-bestiary-xmm.json
creature,orc war chief,,獸人軍官,existing-site,data/zh-TW/bestiary/bestiary-mm.json;data/zh-TW/bestiary/fluff-bestiary-mm.json
creature,orc war chief,MM,獸人軍官,existing-site,data/zh-TW/bestiary/bestiary-mm.json;data/zh-TW/bestiary/fluff-bestiary-mm.json
creature,otyugh,,食腐獸,existing-site,data/zh-TW/bestiary/bestiary-mm.json;data/zh-TW/bestiary/bestiary-xmm.json;data/zh-TW/bestiary/fluff-bestiary-mm.json;data/zh-TW/bestiary/fluff-bestiary-xmm.json
creature,otyugh,MM,食腐獸,existing-site,data/zh-TW/bestiary/bestiary-mm.json;data/zh-TW/bestiary/bestiary-xmm.json;data/zh-TW/bestiary/fluff-bestiary-mm.json;data/zh-TW/bestiary/fluff-bestiary-xmm.json
creature,peacock,BGDIA,孔雀,existing-site,data/zh-TW/bestiary/bestiary-bgdia.json
creature,pentadrone,,五元冢,existing-site,data/zh-TW/bestiary/bestiary-mm.json;data/zh-TW/bestiary/fluff-bestiary-mm.json
creature,pentadrone,MM,五元冢,existing-site,data/zh-TW/bestiary/bestiary-mm.json;data/zh-TW/bestiary/fluff-bestiary-mm.json
creature,pit fiend,,深獄煉魔,existing-site,data/zh-TW/bestiary/bestiary-mm.json;data/zh-TW/bestiary/bestiary-xmm.json;data/zh-TW/bestiary/fluff-bestiary-mm.json;data/zh-TW/bestiary/fluff-bestiary-xmm.json
creature,pit fiend,MM,深獄煉魔,existing-site,data/zh-TW/bestiary/bestiary-mm.json;data/zh-TW/bestiary/bestiary-xmm.json;data/zh-TW/bestiary/fluff-bestiary-mm.json;data/zh-TW/bestiary/fluff-bestiary-xmm.json
creature,planetar,,異界神侍,existing-site,data/zh-TW/bestiary/bestiary-mm.json;data/zh-TW/bestiary/bestiary-xmm.json;data/zh-TW/bestiary/fluff-bestiary-mm.json;data/zh-TW/bestiary/fluff-bestiary-xmm.json
creature,planetar,MM,異界神侍,existing-site,data/zh-TW/bestiary/bestiary-mm.json;data/zh-TW/bestiary/bestiary-xmm.json;data/zh-TW/bestiary/fluff-bestiary-mm.json;data/zh-TW/bestiary/fluff-bestiary-xmm.json
creature,poisonous snake,MM,毒蛇,existing-site,data/zh-TW/bestiary/bestiary-mm.json
creature,priest,,祭司,existing-site,data/zh-TW/bestiary/bestiary-mm.json;data/zh-TW/bestiary/bestiary-xmm.json;data/zh-TW/bestiary/fluff-bestiary-mm.json;data/zh-TW/bestiary/fluff-bestiary-xmm.json;data/zh-TW/items/items-001.json
creature,priest,MM,祭司,existing-site,data/zh-TW/bestiary/bestiary-mm.json;data/zh-TW/bestiary/bestiary-xmm.json;data/zh-TW/bestiary/fluff-bestiary-mm.json;data/zh-TW/bestiary/fluff-bestiary-xmm.json;data/zh-TW/items/items-001.json
creature,pseudodragon,,偽龍,existing-site,data/zh-TW/bestiary/bestiary-mm.json;data/zh-TW/bestiary/bestiary-xmm.json;data/zh-TW/bestiary/fluff-bestiary-mm.json;data/zh-TW/bestiary/fluff-bestiary-xmm.json
creature,pseudodragon,MM,偽龍,existing-site,data/zh-TW/bestiary/bestiary-mm.json;data/zh-TW/bestiary/bestiary-xmm.json;data/zh-TW/bestiary/fluff-bestiary-mm.json;data/zh-TW/bestiary/fluff-bestiary-xmm.json
creature,pterafolk,ToA,翼手獸,existing-site,data/zh-TW/bestiary/bestiary-toa.json;data/zh-TW/bestiary/fluff-bestiary-toa.json
creature,pteranodon,,翼龍,existing-site,data/zh-TW/bestiary/bestiary-mm.json;data/zh-TW/bestiary/bestiary-xmm.json;data/zh-TW/bestiary/fluff-bestiary-mm.json;data/zh-TW/bestiary/fluff-bestiary-xmm.json
creature,quasit,,小惡魔,existing-site,data/zh-TW/bestiary/bestiary-mm.json;data/zh-TW/bestiary/bestiary-xmm.json;data/zh-TW/bestiary/fluff-bestiary-mm.json;data/zh-TW/bestiary/fluff-bestiary-xmm.json
creature,quasit,MM,小惡魔,existing-site,data/zh-TW/bestiary/bestiary-mm.json;data/zh-TW/bestiary/bestiary-xmm.json;data/zh-TW/bestiary/fluff-bestiary-mm.json;data/zh-TW/bestiary/fluff-bestiary-xmm.json
creature,quipper,,食人魚,existing-site,data/zh-TW/bestiary/bestiary-mm.json;data/zh-TW/bestiary/fluff-bestiary-mm.json
creature,quipper,MM,食人魚,existing-site,data/zh-TW/bestiary/bestiary-mm.json;data/zh-TW/bestiary/fluff-bestiary-mm.json
creature,rat,,老鼠,existing-site,data/zh-TW/bestiary/bestiary-mm.json;data/zh-TW/bestiary/bestiary-xmm.json;data/zh-TW/bestiary/fluff-bestiary-mm.json;data/zh-TW/bestiary/fluff-bestiary-xmm.json
creature,rat,MM,老鼠,existing-site,data/zh-TW/bestiary/bestiary-mm.json;data/zh-TW/bestiary/bestiary-xmm.json;data/zh-TW/bestiary/fluff-bestiary-mm.json;data/zh-TW/bestiary/fluff-bestiary-xmm.json
creature,reaper of Bhaal,BGDIA,巴爾的收割者,existing-site,data/zh-TW/bestiary/bestiary-bgdia.json;data/zh-TW/bestiary/fluff-bestiary-bgdia.json
creature,red dragon wyrmling,,紅龍雛龍,existing-site,data/zh-TW/bestiary/bestiary-mm.json;data/zh-TW/bestiary/bestiary-xmm.json;data/zh-TW/bestiary/fluff-bestiary-mm.json;data/zh-TW/bestiary/fluff-bestiary-xmm.json
creature,red dragon wyrmling,MM,紅龍雛龍,existing-site,data/zh-TW/bestiary/bestiary-mm.json;data/zh-TW/bestiary/bestiary-xmm.json;data/zh-TW/bestiary/fluff-bestiary-mm.json;data/zh-TW/bestiary/fluff-bestiary-xmm.json
creature,remorhaz,,百足魔獸,existing-site,data/zh-TW/bestiary/bestiary-mm.json;data/zh-TW/bestiary/bestiary-xmm.json;data/zh-TW/bestiary/fluff-bestiary-mm.json;data/zh-TW/bestiary/fluff-bestiary-xmm.json
creature,remorhaz,MM,百足魔獸,existing-site,data/zh-TW/bestiary/bestiary-mm.json;data/zh-TW/bestiary/bestiary-xmm.json;data/zh-TW/bestiary/fluff-bestiary-mm.json;data/zh-TW/bestiary/fluff-bestiary-xmm.json
creature,revenant,,還魂鬼,existing-site,data/zh-TW/bestiary/bestiary-mm.json;data/zh-TW/bestiary/bestiary-xmm.json;data/zh-TW/bestiary/fluff-bestiary-cos.json;data/zh-TW/bestiary/fluff-bestiary-mm.json;data/zh-TW/bestiary/fluff-bestiary-xmm.json
creature,revenant,MM,還魂鬼,existing-site,data/zh-TW/bestiary/bestiary-mm.json;data/zh-TW/bestiary/bestiary-xmm.json;data/zh-TW/bestiary/fluff-bestiary-cos.json;data/zh-TW/bestiary/fluff-bestiary-mm.json;data/zh-TW/bestiary/fluff-bestiary-xmm.json
creature,riding horse,,乘用馬,existing-site,data/zh-TW/bestiary/bestiary-mm.json;data/zh-TW/bestiary/bestiary-xmm.json;data/zh-TW/bestiary/fluff-bestiary-mm.json;data/zh-TW/bestiary/fluff-bestiary-xmm.json;data/zh-TW/items/items-005.json
creature,riding horse,MM,乘用馬,existing-site,data/zh-TW/bestiary/bestiary-mm.json;data/zh-TW/bestiary/bestiary-xmm.json;data/zh-TW/bestiary/fluff-bestiary-mm.json;data/zh-TW/bestiary/fluff-bestiary-xmm.json;data/zh-TW/items/items-005.json
creature,rug of smothering,,悶人毯,existing-site,data/zh-TW/bestiary/bestiary-mm.json;data/zh-TW/bestiary/fluff-bestiary-mm.json
creature,rug of smothering,MM,悶人毯,existing-site,data/zh-TW/bestiary/bestiary-mm.json;data/zh-TW/bestiary/fluff-bestiary-mm.json
creature,sahuagin,,鯊華魚人,existing-site,data/zh-TW/bestiary/bestiary-mm.json;data/zh-TW/bestiary/fluff-bestiary-mm.json;data/zh-TW/bestiary/fluff-bestiary-xmm.json
creature,sahuagin,MM,鯊華魚人,existing-site,data/zh-TW/bestiary/bestiary-mm.json;data/zh-TW/bestiary/fluff-bestiary-mm.json;data/zh-TW/bestiary/fluff-bestiary-xmm.json
creature,sahuagin priestess,,鯊華女祭司,existing-site,data/zh-TW/bestiary/bestiary-mm.json;data/zh-TW/bestiary/fluff-bestiary-mm.json
creature,sahuagin priestess,MM,鯊華女祭司,existing-site,data/zh-TW/bestiary/bestiary-mm.json;data/zh-TW/bestiary/fluff-bestiary-mm.json
creature,salamander,,火蜥蜴,existing-site,data/zh-TW/bestiary/bestiary-mm.json;data/zh-TW/bestiary/bestiary-xmm.json;data/zh-TW/bestiary/fluff-bestiary-mm.json;data/zh-TW/bestiary/fluff-bestiary-xmm.json
creature,salamander,MM,火蜥蜴,existing-site,data/zh-TW/bestiary/bestiary-mm.json;data/zh-TW/bestiary/bestiary-xmm.json;data/zh-TW/bestiary/fluff-bestiary-mm.json;data/zh-TW/bestiary/fluff-bestiary-xmm.json
creature,scarecrow,,稻草人,existing-site,data/zh-TW/bestiary/bestiary-mm.json;data/zh-TW/bestiary/bestiary-wtthc.json;data/zh-TW/bestiary/bestiary-xmm.json;data/zh-TW/bestiary/fluff-bestiary-mm.json;data/zh-TW/bestiary/fluff-bestiary-wtthc.json;data/zh-TW/bestiary/fluff-bestiary-xmm.json
creature,scarecrow,MM,稻草人,existing-site,data/zh-TW/bestiary/bestiary-mm.json;data/zh-TW/bestiary/bestiary-wtthc.json;data/zh-TW/bestiary/bestiary-xmm.json;data/zh-TW/bestiary/fluff-bestiary-mm.json;data/zh-TW/bestiary/fluff-bestiary-wtthc.json;data/zh-TW/bestiary/fluff-bestiary-xmm.json
creature,scout,,斥侯,existing-site,data/zh-TW/bestiary/bestiary-mm.json;data/zh-TW/bestiary/bestiary-xmm.json;data/zh-TW/bestiary/fluff-bestiary-mm.json;data/zh-TW/bestiary/fluff-bestiary-xmm.json;data/zh-TW/class/class-rogue.json;data/zh-TW/class/fluff-class-rogue.json
creature,scout,MM,斥侯,existing-site,data/zh-TW/bestiary/bestiary-mm.json;data/zh-TW/bestiary/bestiary-xmm.json;data/zh-TW/bestiary/fluff-bestiary-mm.json;data/zh-TW/bestiary/fluff-bestiary-xmm.json;data/zh-TW/class/class-rogue.json;data/zh-TW/class/fluff-class-rogue.json
creature,sea hag,,海鬼婆,existing-site,data/zh-TW/bestiary/bestiary-mm.json;data/zh-TW/bestiary/bestiary-xmm.json;data/zh-TW/bestiary/fluff-bestiary-mm.json;data/zh-TW/bestiary/fluff-bestiary-xmm.json;data/zh-TW/bestiary/legendarygroups.json
creature,shadow demon,,幽影惡魔,existing-site,data/zh-TW/bestiary/bestiary-mm.json;data/zh-TW/bestiary/bestiary-xmm.json;data/zh-TW/bestiary/fluff-bestiary-mm.json;data/zh-TW/bestiary/fluff-bestiary-xmm.json
creature,shadow demon,MM,幽影惡魔,existing-site,data/zh-TW/bestiary/bestiary-mm.json;data/zh-TW/bestiary/bestiary-xmm.json;data/zh-TW/bestiary/fluff-bestiary-mm.json;data/zh-TW/bestiary/fluff-bestiary-xmm.json
creature,shambling mound,,蔓生怪,existing-site,data/zh-TW/bestiary/bestiary-mm.json;data/zh-TW/bestiary/bestiary-xmm.json;data/zh-TW/bestiary/fluff-bestiary-mm.json;data/zh-TW/bestiary/fluff-bestiary-xmm.json
creature,shambling mound,MM,蔓生怪,existing-site,data/zh-TW/bestiary/bestiary-mm.json;data/zh-TW/bestiary/bestiary-xmm.json;data/zh-TW/bestiary/fluff-bestiary-mm.json;data/zh-TW/bestiary/fluff-bestiary-xmm.json
creature,shield guardian,,構裝盾衛,existing-site,data/zh-TW/bestiary/bestiary-mm.json;data/zh-TW/bestiary/bestiary-xmm.json;data/zh-TW/bestiary/fluff-bestiary-mm.json;data/zh-TW/bestiary/fluff-bestiary-xmm.json
creature,shield guardian,MM,構裝盾衛,existing-site,data/zh-TW/bestiary/bestiary-mm.json;data/zh-TW/bestiary/bestiary-xmm.json;data/zh-TW/bestiary/fluff-bestiary-mm.json;data/zh-TW/bestiary/fluff-bestiary-xmm.json
creature,sibriex,MTF,巨顱魔,existing-site,data/zh-TW/bestiary/bestiary-mpmm.json;data/zh-TW/bestiary/bestiary-mtf.json;data/zh-TW/bestiary/fluff-bestiary-mpmm.json;data/zh-TW/bestiary/fluff-bestiary-mtf.json
creature,skeletal rats,BGDIA,骷髏鼠,existing-site,data/zh-TW/bestiary/bestiary-bgdia.json
creature,skeleton,,骷髏,existing-site,data/zh-TW/bestiary/bestiary-mm.json;data/zh-TW/bestiary/bestiary-xmm.json;data/zh-TW/bestiary/fluff-bestiary-mm.json;data/zh-TW/bestiary/fluff-bestiary-xmm.json;data/zh-TW/character-options/races.json
creature,skeleton,MM,骷髏,existing-site,data/zh-TW/bestiary/bestiary-mm.json;data/zh-TW/bestiary/bestiary-xmm.json;data/zh-TW/bestiary/fluff-bestiary-mm.json;data/zh-TW/bestiary/fluff-bestiary-xmm.json;data/zh-TW/character-options/races.json
creature,skeleton key,ToA,鑰匙骷髏,existing-site,data/zh-TW/bestiary/bestiary-toa.json;data/zh-TW/bestiary/fluff-bestiary-toa.json
creature,skull lasher of Myrkul,BGDIA,米爾寇之笞顱者,existing-site,data/zh-TW/bestiary/bestiary-bgdia.json;data/zh-TW/bestiary/fluff-bestiary-bgdia.json
creature,smoke mephit,,煙魔蝠,existing-site,data/zh-TW/bestiary/bestiary-mm.json;data/zh-TW/bestiary/bestiary-xmm.json;data/zh-TW/bestiary/fluff-bestiary-mm.json;data/zh-TW/bestiary/fluff-bestiary-xmm.json
creature,solar,,熾天神侍,existing-site,data/zh-TW/bestiary/bestiary-mm.json;data/zh-TW/bestiary/bestiary-xmm.json;data/zh-TW/bestiary/fluff-bestiary-mm.json;data/zh-TW/bestiary/fluff-bestiary-xmm.json
creature,solar,MM,熾天神侍,existing-site,data/zh-TW/bestiary/bestiary-mm.json;data/zh-TW/bestiary/bestiary-xmm.json;data/zh-TW/bestiary/fluff-bestiary-mm.json;data/zh-TW/bestiary/fluff-bestiary-xmm.json
creature,specter,,惡靈,existing-site,data/zh-TW/bestiary/bestiary-mm.json;data/zh-TW/bestiary/bestiary-xmm.json;data/zh-TW/bestiary/fluff-bestiary-mm.json;data/zh-TW/bestiary/fluff-bestiary-xmm.json
creature,specter,MM,惡靈,existing-site,data/zh-TW/bestiary/bestiary-mm.json;data/zh-TW/bestiary/bestiary-xmm.json;data/zh-TW/bestiary/fluff-bestiary-mm.json;data/zh-TW/bestiary/fluff-bestiary-xmm.json
creature,spined devil,,棘魔,existing-site,data/zh-TW/bestiary/bestiary-mm.json;data/zh-TW/bestiary/bestiary-xmm.json;data/zh-TW/bestiary/fluff-bestiary-mm.json;data/zh-TW/bestiary/fluff-bestiary-xmm.json
creature,spined devil,MM,棘魔,existing-site,data/zh-TW/bestiary/bestiary-mm.json;data/zh-TW/bestiary/bestiary-xmm.json;data/zh-TW/bestiary/fluff-bestiary-mm.json;data/zh-TW/bestiary/fluff-bestiary-xmm.json
creature,spy,,間諜,existing-site,data/zh-TW/bestiary/bestiary-mm.json;data/zh-TW/bestiary/bestiary-xmm.json;data/zh-TW/bestiary/fluff-bestiary-mm.json;data/zh-TW/bestiary/fluff-bestiary-xmm.json;data/zh-TW/reference-pages/charcreationoptions.json
creature,spy,MM,間諜,existing-site,data/zh-TW/bestiary/bestiary-mm.json;data/zh-TW/bestiary/bestiary-xmm.json;data/zh-TW/bestiary/fluff-bestiary-mm.json;data/zh-TW/bestiary/fluff-bestiary-xmm.json;data/zh-TW/reference-pages/charcreationoptions.json
creature,steam mephit,,蒸汽魔蝠,existing-site,data/zh-TW/bestiary/bestiary-mm.json;data/zh-TW/bestiary/bestiary-xmm.json;data/zh-TW/bestiary/fluff-bestiary-mm.json;data/zh-TW/bestiary/fluff-bestiary-xmm.json
creature,stegosaurus,VGM,劍龍,existing-site,data/zh-TW/bestiary/bestiary-mpmm.json;data/zh-TW/bestiary/bestiary-vgm.json;data/zh-TW/bestiary/fluff-bestiary-mpmm.json;data/zh-TW/bestiary/fluff-bestiary-vgm.json
creature,stirge,,蚊蝠,existing-site,data/zh-TW/bestiary/bestiary-mm.json;data/zh-TW/bestiary/bestiary-xmm.json;data/zh-TW/bestiary/fluff-bestiary-mm.json;data/zh-TW/bestiary/fluff-bestiary-xmm.json
creature,stirge,MM,蚊蝠,existing-site,data/zh-TW/bestiary/bestiary-mm.json;data/zh-TW/bestiary/bestiary-xmm.json;data/zh-TW/bestiary/fluff-bestiary-mm.json;data/zh-TW/bestiary/fluff-bestiary-xmm.json
creature,stone golem,,石魔像,existing-site,data/zh-TW/bestiary/bestiary-mm.json;data/zh-TW/bestiary/bestiary-xmm.json;data/zh-TW/bestiary/fluff-bestiary-mm.json;data/zh-TW/bestiary/fluff-bestiary-xmm.json
creature,stone golem,MM,石魔像,existing-site,data/zh-TW/bestiary/bestiary-mm.json;data/zh-TW/bestiary/bestiary-xmm.json;data/zh-TW/bestiary/fluff-bestiary-mm.json;data/zh-TW/bestiary/fluff-bestiary-xmm.json
creature,stone juggernaut,ToA,岩石戰車,existing-site,data/zh-TW/bestiary/bestiary-toa.json;data/zh-TW/bestiary/fluff-bestiary-toa.json
creature,su-monster,ToA,蘇怪,existing-site,data/zh-TW/bestiary/bestiary-toa.json;data/zh-TW/bestiary/fluff-bestiary-toa.json
creature,succubus,,魅魔,existing-site,data/zh-TW/bestiary/bestiary-mm.json;data/zh-TW/bestiary/bestiary-xmm.json;data/zh-TW/bestiary/fluff-bestiary-mm.json;data/zh-TW/bestiary/fluff-bestiary-xmm.json
creature,succubus,MM,魅魔,existing-site,data/zh-TW/bestiary/bestiary-mm.json;data/zh-TW/bestiary/bestiary-xmm.json;data/zh-TW/bestiary/fluff-bestiary-mm.json;data/zh-TW/bestiary/fluff-bestiary-xmm.json
creature,swarm of bats,,蝙蝠群,existing-site,data/zh-TW/bestiary/bestiary-mm.json;data/zh-TW/bestiary/bestiary-xmm.json;data/zh-TW/bestiary/fluff-bestiary-mm.json;data/zh-TW/bestiary/fluff-bestiary-xmm.json
creature,swarm of bats,MM,蝙蝠群,existing-site,data/zh-TW/bestiary/bestiary-mm.json;data/zh-TW/bestiary/bestiary-xmm.json;data/zh-TW/bestiary/fluff-bestiary-mm.json;data/zh-TW/bestiary/fluff-bestiary-xmm.json
creature,swarm of centipedes,,蜈蚣群,existing-site,data/zh-TW/bestiary/bestiary-mm.json;data/zh-TW/bestiary/fluff-bestiary-mm.json
creature,swarm of poisonous snakes,,毒蛇群,existing-site,data/zh-TW/bestiary/bestiary-mm.json;data/zh-TW/bestiary/fluff-bestiary-mm.json
creature,swarm of poisonous snakes,MM,毒蛇群,existing-site,data/zh-TW/bestiary/bestiary-mm.json;data/zh-TW/bestiary/fluff-bestiary-mm.json
creature,swarm of quippers,,食人魚群,existing-site,data/zh-TW/bestiary/bestiary-mm.json;data/zh-TW/bestiary/fluff-bestiary-mm.json
creature,swarm of rats,,鼠群,existing-site,data/zh-TW/bestiary/bestiary-mm.json;data/zh-TW/bestiary/bestiary-xmm.json;data/zh-TW/bestiary/fluff-bestiary-mm.json;data/zh-TW/bestiary/fluff-bestiary-xmm.json
creature,swarm of rats,MM,鼠群,existing-site,data/zh-TW/bestiary/bestiary-mm.json;data/zh-TW/bestiary/bestiary-xmm.json;data/zh-TW/bestiary/fluff-bestiary-mm.json;data/zh-TW/bestiary/fluff-bestiary-xmm.json
creature,tabaxi hunter,ToA,斑貓獵人,existing-site,data/zh-TW/bestiary/bestiary-toa.json;data/zh-TW/bestiary/fluff-bestiary-toa.json
creature,tabaxi minstrel,ToA,斑貓詩人,existing-site,data/zh-TW/bestiary/bestiary-toa.json;data/zh-TW/bestiary/fluff-bestiary-toa.json
creature,terracotta warrior,ToA,兵馬俑,existing-site,data/zh-TW/bestiary/bestiary-toa.json
creature,thorny,VGM,荊棘獸,existing-site,data/zh-TW/bestiary/bestiary-vgm.json;data/zh-TW/bestiary/fluff-bestiary-vgm.json
creature,thug,,暴徒,existing-site,data/zh-TW/bestiary/bestiary-mm.json;data/zh-TW/bestiary/fluff-bestiary-mm.json
creature,thug,MM,暴徒,existing-site,data/zh-TW/bestiary/bestiary-mm.json;data/zh-TW/bestiary/fluff-bestiary-mm.json
creature,tiger,,虎,existing-site,data/zh-TW/bestiary/bestiary-mm.json;data/zh-TW/bestiary/bestiary-xmm.json;data/zh-TW/bestiary/fluff-bestiary-xmm.json;data/zh-TW/class/class-barbarian.json
creature,tiger,MM,虎,existing-site,data/zh-TW/bestiary/bestiary-mm.json;data/zh-TW/bestiary/bestiary-xmm.json;data/zh-TW/bestiary/fluff-bestiary-xmm.json;data/zh-TW/class/class-barbarian.json
creature,tomb guardian,ToA,陵墓守衛,existing-site,data/zh-TW/bestiary/bestiary-toa.json;data/zh-TW/bestiary/fluff-bestiary-toa.json
creature,treant,,樹人,existing-site,data/zh-TW/bestiary/bestiary-mm.json;data/zh-TW/bestiary/bestiary-xmm.json;data/zh-TW/bestiary/fluff-bestiary-mm.json;data/zh-TW/bestiary/fluff-bestiary-xmm.json
creature,treant,MM,樹人,existing-site,data/zh-TW/bestiary/bestiary-mm.json;data/zh-TW/bestiary/bestiary-xmm.json;data/zh-TW/bestiary/fluff-bestiary-mm.json;data/zh-TW/bestiary/fluff-bestiary-xmm.json
creature,tressym,BGDIA,翼貓,existing-site,data/zh-TW/bestiary/bestiary-bgdia.json;data/zh-TW/bestiary/bestiary-skt.json;data/zh-TW/bestiary/fluff-bestiary-bgdia.json;data/zh-TW/bestiary/fluff-bestiary-skt.json
creature,tri-flower frond,ToA,三花株,existing-site,data/zh-TW/bestiary/bestiary-toa.json;data/zh-TW/bestiary/fluff-bestiary-toa.json
creature,tribal warrior,,部族武者,existing-site,data/zh-TW/bestiary/bestiary-mm.json;data/zh-TW/bestiary/fluff-bestiary-mm.json
creature,tribal warrior,MM,部族武者,existing-site,data/zh-TW/bestiary/bestiary-mm.json;data/zh-TW/bestiary/fluff-bestiary-mm.json
creature,triceratops,,三角龍,existing-site,data/zh-TW/bestiary/bestiary-mm.json;data/zh-TW/bestiary/bestiary-xmm.json;data/zh-TW/bestiary/fluff-bestiary-mm.json;data/zh-TW/bestiary/fluff-bestiary-xmm.json
creature,triceratops,MM,三角龍,existing-site,data/zh-TW/bestiary/bestiary-mm.json;data/zh-TW/bestiary/bestiary-xmm.json;data/zh-TW/bestiary/fluff-bestiary-mm.json;data/zh-TW/bestiary/fluff-bestiary-xmm.json
creature,troll,,巨魔,existing-site,data/zh-TW/bestiary/bestiary-mm.json;data/zh-TW/bestiary/bestiary-xmm.json;data/zh-TW/bestiary/fluff-bestiary-mm.json;data/zh-TW/bestiary/fluff-bestiary-mtf.json;data/zh-TW/bestiary/fluff-bestiary-xmm.json
creature,troll,MM,巨魔,existing-site,data/zh-TW/bestiary/bestiary-mm.json;data/zh-TW/bestiary/bestiary-xmm.json;data/zh-TW/bestiary/fluff-bestiary-mm.json;data/zh-TW/bestiary/fluff-bestiary-mtf.json;data/zh-TW/bestiary/fluff-bestiary-xmm.json
creature,tyrannosaurus rex,,霸王龍,existing-site,data/zh-TW/bestiary/bestiary-mm.json;data/zh-TW/bestiary/bestiary-xmm.json;data/zh-TW/bestiary/fluff-bestiary-mm.json;data/zh-TW/bestiary/fluff-bestiary-xmm.json
creature,tyrannosaurus rex,MM,霸王龍,existing-site,data/zh-TW/bestiary/bestiary-mm.json;data/zh-TW/bestiary/bestiary-xmm.json;data/zh-TW/bestiary/fluff-bestiary-mm.json;data/zh-TW/bestiary/fluff-bestiary-xmm.json
creature,tyrannosaurus zombie,ToA,暴龍喪屍,existing-site,data/zh-TW/bestiary/bestiary-toa.json;data/zh-TW/bestiary/fluff-bestiary-toa.json
creature,ultroloth,,超等羅斯魔,existing-site,data/zh-TW/bestiary/bestiary-mm.json;data/zh-TW/bestiary/bestiary-xmm.json;data/zh-TW/bestiary/fluff-bestiary-mm.json;data/zh-TW/bestiary/fluff-bestiary-xmm.json
creature,ultroloth,MM,超等羅斯魔,existing-site,data/zh-TW/bestiary/bestiary-mm.json;data/zh-TW/bestiary/bestiary-xmm.json;data/zh-TW/bestiary/fluff-bestiary-mm.json;data/zh-TW/bestiary/fluff-bestiary-xmm.json
creature,undead tree,BGDIA,不死樹,existing-site,data/zh-TW/bestiary/bestiary-bgdia.json
creature,unicorn,,獨角獸,existing-site,data/zh-TW/bestiary/bestiary-mm.json;data/zh-TW/bestiary/bestiary-xmm.json;data/zh-TW/bestiary/fluff-bestiary-mm.json;data/zh-TW/bestiary/fluff-bestiary-xmm.json;data/zh-TW/bestiary/legendarygroups.json
creature,unicorn,MM,獨角獸,existing-site,data/zh-TW/bestiary/bestiary-mm.json;data/zh-TW/bestiary/bestiary-xmm.json;data/zh-TW/bestiary/fluff-bestiary-mm.json;data/zh-TW/bestiary/fluff-bestiary-xmm.json;data/zh-TW/bestiary/legendarygroups.json
creature,vampire,,吸血鬼,existing-site,data/zh-TW/bestiary/bestiary-mm.json;data/zh-TW/bestiary/bestiary-xmm.json;data/zh-TW/bestiary/fluff-bestiary-ggr.json;data/zh-TW/bestiary/fluff-bestiary-mm.json;data/zh-TW/bestiary/fluff-bestiary-xmm.json;data/zh-TW/bestiary/legendarygroups.json;data/zh-TW/character-options/fluff-races.json;data/zh-TW/character-options/races.json
creature,vampire,MM,吸血鬼,existing-site,data/zh-TW/bestiary/bestiary-mm.json;data/zh-TW/bestiary/bestiary-xmm.json;data/zh-TW/bestiary/fluff-bestiary-ggr.json;data/zh-TW/bestiary/fluff-bestiary-mm.json;data/zh-TW/bestiary/fluff-bestiary-xmm.json;data/zh-TW/bestiary/legendarygroups.json;data/zh-TW/character-options/fluff-races.json;data/zh-TW/character-options/races.json
creature,vegepygmy,VGM,孢子人,existing-site,data/zh-TW/bestiary/bestiary-mpmm.json;data/zh-TW/bestiary/bestiary-vgm.json;data/zh-TW/bestiary/fluff-bestiary-mpmm.json;data/zh-TW/bestiary/fluff-bestiary-qftis.json;data/zh-TW/bestiary/fluff-bestiary-vgm.json;data/zh-TW/reference-pages/languages.json
creature,vegepygmy chief,VGM,孢子人領主,existing-site,data/zh-TW/bestiary/bestiary-mpmm.json;data/zh-TW/bestiary/bestiary-vgm.json;data/zh-TW/bestiary/fluff-bestiary-mpmm.json;data/zh-TW/bestiary/fluff-bestiary-vgm.json
creature,velociraptor,VGM,伶盜龍,existing-site,data/zh-TW/bestiary/bestiary-mpmm.json;data/zh-TW/bestiary/bestiary-vgm.json;data/zh-TW/bestiary/fluff-bestiary-mpmm.json;data/zh-TW/bestiary/fluff-bestiary-vgm.json
creature,veteran,,老兵,existing-site,data/zh-TW/bestiary/bestiary-mm.json;data/zh-TW/bestiary/fluff-bestiary-mm.json
creature,veteran,MM,老兵,existing-site,data/zh-TW/bestiary/bestiary-mm.json;data/zh-TW/bestiary/fluff-bestiary-mm.json
creature,vrock,,鷲魔,existing-site,data/zh-TW/bestiary/bestiary-mm.json;data/zh-TW/bestiary/bestiary-xmm.json;data/zh-TW/bestiary/fluff-bestiary-mm.json;data/zh-TW/bestiary/fluff-bestiary-xmm.json
creature,vrock,MM,鷲魔,existing-site,data/zh-TW/bestiary/bestiary-mm.json;data/zh-TW/bestiary/bestiary-xmm.json;data/zh-TW/bestiary/fluff-bestiary-mm.json;data/zh-TW/bestiary/fluff-bestiary-xmm.json
creature,vulture,,禿鷲,existing-site,data/zh-TW/bestiary/bestiary-mm.json;data/zh-TW/bestiary/bestiary-xmm.json;data/zh-TW/bestiary/fluff-bestiary-xmm.json;data/zh-TW/items/items-001.json
creature,vulture,MM,禿鷲,existing-site,data/zh-TW/bestiary/bestiary-mm.json;data/zh-TW/bestiary/bestiary-xmm.json;data/zh-TW/bestiary/fluff-bestiary-xmm.json;data/zh-TW/items/items-001.json
creature,water weird,,水詭,existing-site,data/zh-TW/bestiary/bestiary-mm.json;data/zh-TW/bestiary/bestiary-xmm.json;data/zh-TW/bestiary/fluff-bestiary-mm.json;data/zh-TW/bestiary/fluff-bestiary-xmm.json
creature,water weird,MM,水詭,existing-site,data/zh-TW/bestiary/bestiary-mm.json;data/zh-TW/bestiary/bestiary-xmm.json;data/zh-TW/bestiary/fluff-bestiary-mm.json;data/zh-TW/bestiary/fluff-bestiary-xmm.json
creature,wereboar,,野豬人,existing-site,data/zh-TW/bestiary/bestiary-mm.json;data/zh-TW/bestiary/bestiary-xmm.json;data/zh-TW/bestiary/fluff-bestiary-mm.json;data/zh-TW/bestiary/fluff-bestiary-tftyp.json;data/zh-TW/bestiary/fluff-bestiary-xmm.json
creature,wereboar,MM,野豬人,existing-site,data/zh-TW/bestiary/bestiary-mm.json;data/zh-TW/bestiary/bestiary-xmm.json;data/zh-TW/bestiary/fluff-bestiary-mm.json;data/zh-TW/bestiary/fluff-bestiary-tftyp.json;data/zh-TW/bestiary/fluff-bestiary-xmm.json
creature,weretiger,,虎人,existing-site,data/zh-TW/bestiary/bestiary-mm.json;data/zh-TW/bestiary/bestiary-xmm.json;data/zh-TW/bestiary/fluff-bestiary-mm.json;data/zh-TW/bestiary/fluff-bestiary-tftyp.json;data/zh-TW/bestiary/fluff-bestiary-xmm.json
creature,weretiger,MM,虎人,existing-site,data/zh-TW/bestiary/bestiary-mm.json;data/zh-TW/bestiary/bestiary-xmm.json;data/zh-TW/bestiary/fluff-bestiary-mm.json;data/zh-TW/bestiary/fluff-bestiary-tftyp.json;data/zh-TW/bestiary/fluff-bestiary-xmm.json
creature,white abishai,MTF,亞比莎白龍魔,existing-site,data/zh-TW/bestiary/bestiary-mpmm.json;data/zh-TW/bestiary/bestiary-mtf.json;data/zh-TW/bestiary/fluff-bestiary-mpmm.json;data/zh-TW/bestiary/fluff-bestiary-mtf.json
creature,wight,,屍妖,existing-site,data/zh-TW/bestiary/bestiary-mm.json;data/zh-TW/bestiary/bestiary-xmm.json;data/zh-TW/bestiary/fluff-bestiary-mm.json;data/zh-TW/bestiary/fluff-bestiary-xmm.json
creature,wight,MM,屍妖,existing-site,data/zh-TW/bestiary/bestiary-mm.json;data/zh-TW/bestiary/bestiary-xmm.json;data/zh-TW/bestiary/fluff-bestiary-mm.json;data/zh-TW/bestiary/fluff-bestiary-xmm.json
creature,winter wolf,,冬狼,existing-site,data/zh-TW/bestiary/bestiary-mm.json;data/zh-TW/bestiary/bestiary-xmm.json;data/zh-TW/bestiary/fluff-bestiary-mm.json;data/zh-TW/bestiary/fluff-bestiary-xmm.json
creature,wraith,,邪靈,existing-site,data/zh-TW/bestiary/bestiary-mm.json;data/zh-TW/bestiary/bestiary-ps-z.json;data/zh-TW/bestiary/bestiary-xmm.json;data/zh-TW/bestiary/fluff-bestiary-mm.json;data/zh-TW/bestiary/fluff-bestiary-ps-z.json;data/zh-TW/bestiary/fluff-bestiary-xmm.json
creature,wraith,MM,邪靈,existing-site,data/zh-TW/bestiary/bestiary-mm.json;data/zh-TW/bestiary/bestiary-ps-z.json;data/zh-TW/bestiary/bestiary-xmm.json;data/zh-TW/bestiary/fluff-bestiary-mm.json;data/zh-TW/bestiary/fluff-bestiary-ps-z.json;data/zh-TW/bestiary/fluff-bestiary-xmm.json
creature,wyvern,,飛龍,existing-site,data/zh-TW/bestiary/bestiary-mm.json;data/zh-TW/bestiary/bestiary-xmm.json;data/zh-TW/bestiary/fluff-bestiary-mm.json;data/zh-TW/bestiary/fluff-bestiary-xmm.json
creature,wyvern,MM,飛龍,existing-site,data/zh-TW/bestiary/bestiary-mm.json;data/zh-TW/bestiary/bestiary-xmm.json;data/zh-TW/bestiary/fluff-bestiary-mm.json;data/zh-TW/bestiary/fluff-bestiary-xmm.json
creature,yellow musk creeper,ToA,黃迷香爬藤,existing-site,data/zh-TW/bestiary/bestiary-toa.json;data/zh-TW/bestiary/fluff-bestiary-toa.json
creature,yellow musk zombie,ToA,黃迷香喪屍,existing-site,data/zh-TW/bestiary/bestiary-toa.json;data/zh-TW/bestiary/fluff-bestiary-toa.json
creature,young black dragon,,青年黑龍,existing-site,data/zh-TW/bestiary/bestiary-mm.json;data/zh-TW/bestiary/bestiary-xmm.json;data/zh-TW/bestiary/fluff-bestiary-mm.json;data/zh-TW/bestiary/fluff-bestiary-xmm.json
creature,young black dragon,MM,青年黑龍,existing-site,data/zh-TW/bestiary/bestiary-mm.json;data/zh-TW/bestiary/bestiary-xmm.json;data/zh-TW/bestiary/fluff-bestiary-mm.json;data/zh-TW/bestiary/fluff-bestiary-xmm.json
creature,young blue dragon,,青年藍龍,existing-site,data/zh-TW/bestiary/bestiary-mm.json;data/zh-TW/bestiary/bestiary-xmm.json;data/zh-TW/bestiary/fluff-bestiary-mm.json;data/zh-TW/bestiary/fluff-bestiary-xmm.json
creature,young blue dragon,MM,青年藍龍,existing-site,data/zh-TW/bestiary/bestiary-mm.json;data/zh-TW/bestiary/bestiary-xmm.json;data/zh-TW/bestiary/fluff-bestiary-mm.json;data/zh-TW/bestiary/fluff-bestiary-xmm.json
creature,young green dragon,,青年綠龍,existing-site,data/zh-TW/bestiary/bestiary-mm.json;data/zh-TW/bestiary/bestiary-xmm.json;data/zh-TW/bestiary/fluff-bestiary-mm.json;data/zh-TW/bestiary/fluff-bestiary-xmm.json
creature,young green dragon,MM,青年綠龍,existing-site,data/zh-TW/bestiary/bestiary-mm.json;data/zh-TW/bestiary/bestiary-xmm.json;data/zh-TW/bestiary/fluff-bestiary-mm.json;data/zh-TW/bestiary/fluff-bestiary-xmm.json
creature,young red dragon,,青年紅龍,existing-site,data/zh-TW/bestiary/bestiary-mm.json;data/zh-TW/bestiary/bestiary-xmm.json;data/zh-TW/bestiary/fluff-bestiary-mm.json;data/zh-TW/bestiary/fluff-bestiary-xmm.json
creature,young red dragon,MM,青年紅龍,existing-site,data/zh-TW/bestiary/bestiary-mm.json;data/zh-TW/bestiary/bestiary-xmm.json;data/zh-TW/bestiary/fluff-bestiary-mm.json;data/zh-TW/bestiary/fluff-bestiary-xmm.json
creature,yuan-ti abomination,,憎惡蛇人,existing-site,data/zh-TW/bestiary/bestiary-mm.json;data/zh-TW/bestiary/bestiary-xmm.json;data/zh-TW/bestiary/fluff-bestiary-mm.json;data/zh-TW/bestiary/fluff-bestiary-xmm.json
creature,yuan-ti abomination,MM,憎惡蛇人,existing-site,data/zh-TW/bestiary/bestiary-mm.json;data/zh-TW/bestiary/bestiary-xmm.json;data/zh-TW/bestiary/fluff-bestiary-mm.json;data/zh-TW/bestiary/fluff-bestiary-xmm.json
creature,yuan-ti malison (type 1),,惡咒蛇人（1 型）,existing-site,data/zh-TW/bestiary/bestiary-mm.json;data/zh-TW/bestiary/bestiary-xmm.json;data/zh-TW/bestiary/fluff-bestiary-mm.json;data/zh-TW/bestiary/fluff-bestiary-xmm.json
creature,yuan-ti nightmare speaker,VGM,蛇人夢魘語者,existing-site,data/zh-TW/bestiary/bestiary-mpmm.json;data/zh-TW/bestiary/bestiary-vgm.json;data/zh-TW/bestiary/fluff-bestiary-mpmm.json;data/zh-TW/bestiary/fluff-bestiary-vgm.json
creature,yuan-ti pureblood,,純血原體蛇人,existing-site,data/zh-TW/bestiary/bestiary-mm.json;data/zh-TW/bestiary/fluff-bestiary-mm.json;data/zh-TW/character-options/fluff-races.json;data/zh-TW/character-options/races.json
creature,yuan-ti pureblood,MM,純血原體蛇人,existing-site,data/zh-TW/bestiary/bestiary-mm.json;data/zh-TW/bestiary/fluff-bestiary-mm.json;data/zh-TW/character-options/fluff-races.json;data/zh-TW/character-options/races.json
creature,zebra,ToA,斑馬,existing-site,data/zh-TW/bestiary/bestiary-toa.json
creature,zombie,,喪屍,existing-site,data/zh-TW/bestiary/bestiary-mm.json;data/zh-TW/bestiary/bestiary-xmm.json;data/zh-TW/bestiary/fluff-bestiary-mm.json;data/zh-TW/bestiary/fluff-bestiary-xmm.json;data/zh-TW/character-options/races.json
creature,zombie,MM,喪屍,existing-site,data/zh-TW/bestiary/bestiary-mm.json;data/zh-TW/bestiary/bestiary-xmm.json;data/zh-TW/bestiary/fluff-bestiary-mm.json;data/zh-TW/bestiary/fluff-bestiary-xmm.json;data/zh-TW/character-options/races.json
creature,zorbo,ToA,佐博怪,existing-site,data/zh-TW/bestiary/bestiary-toa.json;data/zh-TW/bestiary/fluff-bestiary-toa.json
deity,Silvanus,Faerûnian,西凡那斯,existing-site,data/zh-TW/reference-pages/deities.json
disease,blue mist fever,ToA,藍霧熱,existing-site,data/zh-TW/rules/conditionsdiseases.json
disease,shivering sickness,ToA,寒顫病,existing-site,data/zh-TW/rules/conditionsdiseases.json
feat,Healer,,醫療師,existing-site,data/zh-TW/character-options/feats.json;data/zh-TW/character-options/fluff-feats.json
item,+1 wand of the war mage,,+1 戰法師魔杖,existing-site,data/zh-TW/items/items-000.json
item,+1 wand of the war mage,DMG,+1 戰法師魔杖,existing-site,data/zh-TW/items/items-000.json
item,Alchemist's Fire (flask),PHB,熾火膠(扁瓶裝),existing-site,data/zh-TW/items/items-000.json
item,Amulet of the Black Skull,ToA,黑顱骨護符,existing-site,data/zh-TW/items/items-000.json
item,Antitoxin (vial),PHB,抗毒劑 (小瓶),existing-site,data/zh-TW/items/items-000.json
item,Arcane Focus,PHB,奧術法器,existing-site,data/zh-TW/items/item-groups.json;data/zh-TW/items/items-001.json
item,Battle Standard of Infernal Power,BGDIA,地獄之力戰旗,existing-site,data/zh-TW/items/fluff-items.json;data/zh-TW/items/items-000.json
item,Blade of Avernus,BGDIA,阿弗納斯之刃,existing-site,data/zh-TW/items/items-000.json
item,Bookmark,ToA,書籤,existing-site,data/zh-TW/items/items-000.json
item,Burnt Othur Fumes,,焦引燻煙,existing-site,data/zh-TW/items/items-001.json
item,Burnt Othur Fumes,DMG,焦引燻煙,existing-site,data/zh-TW/items/items-001.json
item,Caltrops (bag of 20),PHB,鐵蒺藜(一包20個),existing-site,data/zh-TW/items/items-001.json
item,Canoe,ToA,獨木舟,existing-site,data/zh-TW/items/items-001.json
item,Carrion Crawler Mucus,,食腐蟲粘液,existing-site,data/zh-TW/items/items-001.json
item,Carrion Crawler Mucus,DMG,食腐蟲粘液,existing-site,data/zh-TW/items/items-001.json
item,Climber's Kit,PHB,攀爬工具,existing-site,data/zh-TW/items/items-001.json
item,Dagger,PHB,匕首,existing-site,data/zh-TW/bestiary/bestiary-ai.json;data/zh-TW/bestiary/bestiary-aitfr-fcd.json;data/zh-TW/bestiary/bestiary-aitfr-isf.json;data/zh-TW/bestiary/bestiary-bam.json;data/zh-TW/bestiary/bestiary-bgdia.json;data/zh-TW/bestiary/bestiary-cm.json;data/zh-TW/bestiary/bestiary-coa.json;data/zh-TW/bestiary/bestiary-cos.json;data/zh-TW/bestiary/bestiary-crcotn.json;data/zh-TW/bestiary/bestiary-dc.json;data/zh-TW/bestiary/bestiary-dip.json;data/zh-TW/bestiary/bestiary-dosi.json;data/zh-TW/bestiary/bestiary-dsotdq.json;data/zh-TW/bestiary/bestiary-efa.json;data/zh-TW/bestiary/bestiary-egw.json;data/zh-TW/bestiary/bestiary-erlw.json;data/zh-TW/bestiary/bestiary-esk.json;data/zh-TW/bestiary/bestiary-ftd.json;data/zh-TW/bestiary/bestiary-ggr.json;data/zh-TW/bestiary/bestiary-gos.json;data/zh-TW/bestiary/bestiary-hat-tg.json;data/zh-TW/bestiary/bestiary-hol.json;data/zh-TW/bestiary/bestiary-hotdq.json;data/zh-TW/bestiary/bestiary-idrotf.json;data/zh-TW/bestiary/bestiary-imr.json;data/zh-TW/bestiary/bestiary-kkw.json;data/zh-TW/bestiary/bestiary-lr.json;data/zh-TW/bestiary/bestiary-mabjov.json;data/zh-TW/bestiary/bestiary-mff.json;data/zh-TW/bestiary/bestiary-mgelft.json;data/zh-TW/bestiary/bestiary-mm.json;data/zh-TW/bestiary/bestiary-mpmm.json;data/zh-TW/bestiary/bestiary-pota.json;data/zh-TW/bestiary/bestiary-sdw.json;data/zh-TW/bestiary/bestiary-skt.json;data/zh-TW/bestiary/bestiary-slw.json;data/zh-TW/bestiary/bestiary-tftyp.json;data/zh-TW/bestiary/bestiary-toa.json;data/zh-TW/bestiary/bestiary-vgm.json;data/zh-TW/bestiary/bestiary-wbtw.json;data/zh-TW/bestiary/bestiary-wdh.json;data/zh-TW/bestiary/bestiary-xmm.json;data/zh-TW/items/fluff-items.json;data/zh-TW/items/items-base.json
item,Dancing Monkey fruit,ToA,猴舞果,existing-site,data/zh-TW/items/items-001.json
item,Dancing monkey fruit,ToA,猴舞果,existing-site,data/zh-TW/items/items-001.json
item,"Elemental Gem, Yellow Diamond",,元素寶石，黃鑽石,existing-site,data/zh-TW/items/fluff-items.json;data/zh-TW/items/items-002.json
item,Essence of Ether,,乙醚精,existing-site,data/zh-TW/items/items-002.json
item,Essence of Ether,DMG,乙醚精,existing-site,data/zh-TW/items/items-002.json
item,Explorer's Pack,PHB,探索套組,existing-site,data/zh-TW/items/items-002.json
item,Fane-Eater,BGDIA,神殿吞食者,existing-site,data/zh-TW/items/items-002.json
item,"Figurine of Wondrous Power, Serpentine Owl",,異能塑像，蛇紋石鴞,existing-site,data/zh-TW/items/fluff-items.json;data/zh-TW/items/items-002.json
item,Gauntlets of Flaming Fury,BGDIA,燃燒怒火之護手,existing-site,data/zh-TW/items/items-002.json
item,Ghost Lantern,ToA,幽魂燈籠,existing-site,data/zh-TW/items/fluff-items.json;data/zh-TW/items/items-002.json
item,Hand of Vecna,,維克那魔掌,existing-site,data/zh-TW/bestiary/bestiary-bgdia.json;data/zh-TW/craft-pages/fluff-recipes.json;data/zh-TW/craft-pages/recipes.json;data/zh-TW/items/fluff-items.json;data/zh-TW/items/items-003.json
item,Hand of Vecna,DMG,維克那魔掌,existing-site,data/zh-TW/bestiary/bestiary-bgdia.json;data/zh-TW/craft-pages/fluff-recipes.json;data/zh-TW/craft-pages/recipes.json;data/zh-TW/items/fluff-items.json;data/zh-TW/items/items-003.json
item,Healer's Kit,PHB,醫療包,existing-site,data/zh-TW/items/fluff-items.json;data/zh-TW/items/items-003.json
item,Hellfire Weapon,BGDIA,地獄火武器,existing-site,data/zh-TW/items/fluff-items.json;data/zh-TW/items/magicvariants.json
item,Helm of Devil Command,BGDIA,魔鬼指揮官頭盔,existing-site,data/zh-TW/items/fluff-items.json;data/zh-TW/items/items-003.json
item,Holy Water (Flask),PHB,聖水 (扁瓶),existing-site,data/zh-TW/items/items-003.json
item,Hooded Lantern,PHB,附蓋提燈,existing-site,data/zh-TW/items/items-003.json
item,Horn of blasting,,音爆號角,existing-site,data/zh-TW/items/fluff-items.json;data/zh-TW/items/items-003.json
item,Horn of blasting,DMG,音爆號角,existing-site,data/zh-TW/items/fluff-items.json;data/zh-TW/items/items-003.json
item,Infernal Puzzle Box,BGDIA,煉獄謎盒,existing-site,data/zh-TW/items/items-003.json
item,Infernal Tack,MTF,煉獄鞍具,existing-site,data/zh-TW/bestiary/bestiary-mpmm.json;data/zh-TW/bestiary/bestiary-mtf.json;data/zh-TW/items/items-003.json
item,Insect Repellent (block of incense),ToA,驅蟲劑（一整塊香）,existing-site,data/zh-TW/items/items-003.json
item,Insect Repellent (greasy salve),ToA,驅蟲劑（油膩藥膏）,existing-site,data/zh-TW/items/items-003.json
item,Keoghtom's ointment,,卡夫統靈藥,existing-site,data/zh-TW/items/fluff-items.json;data/zh-TW/items/items-003.json
item,Keoghtom's ointment,DMG,卡夫統靈藥,existing-site,data/zh-TW/items/fluff-items.json;data/zh-TW/items/items-003.json
item,Malice,,怨恨,existing-site,data/zh-TW/items/items-004.json
item,Malice,DMG,怨恨,existing-site,data/zh-TW/items/items-004.json
item,Mask of the Beast,ToA,野獸面具,existing-site,data/zh-TW/items/fluff-items.json;data/zh-TW/items/items-004.json
item,Matalotok,BGDIA,瑪塔洛托克,existing-site,data/zh-TW/bestiary/fluff-bestiary-bgdia.json;data/zh-TW/items/fluff-items.json;data/zh-TW/items/items-004.json
item,Menga leaves (1 ounce),ToA,曼加葉（1盎司）,existing-site,data/zh-TW/items/items-004.json
item,Mess Kit,PHB,野炊工具,existing-site,data/zh-TW/items/items-004.json
item,Midnight Tears,,午夜之淚,existing-site,data/zh-TW/items/items-004.json
item,Midnight Tears,DMG,午夜之淚,existing-site,data/zh-TW/items/items-004.json
item,Nolzur's marvelous pigments,,諾澤爾的驚奇顏料,existing-site,data/zh-TW/items/fluff-items.json;data/zh-TW/items/items-004.json
item,Nolzur's marvelous pigments,DMG,諾澤爾的驚奇顏料,existing-site,data/zh-TW/items/fluff-items.json;data/zh-TW/items/items-004.json
item,Obsidian Flint Dragon Plate,BGDIA,黑曜燧石龍板甲,existing-site,data/zh-TW/items/items-004.json
item,Oil (flask),PHB,燃油 (扁瓶),existing-site,data/zh-TW/items/items-004.json
item,Oil of Taggit,,腐精之油,existing-site,data/zh-TW/items/items-004.json
item,Oil of Taggit,DMG,腐精之油,existing-site,data/zh-TW/items/items-004.json
item,Potion of Animal Friendship,,化獸為友藥水,existing-site,data/zh-TW/items/items-005.json
item,Potion of Animal Friendship,DMG,化獸為友藥水,existing-site,data/zh-TW/items/items-005.json
item,Potion of Frost Giant Strength,,霜巨人之力藥水,existing-site,data/zh-TW/items/items-005.json
item,Potion of Greater Healing,,高等治療藥水,existing-site,data/zh-TW/items/items-005.json
item,Potion of Healing,,治療藥水,existing-site,data/zh-TW/items/fluff-items.json;data/zh-TW/items/items-005.json
item,Potion of Healing,DMG,治療藥水,existing-site,data/zh-TW/items/fluff-items.json;data/zh-TW/items/items-005.json
item,Potion of Poison,,劇毒藥水,existing-site,data/zh-TW/items/items-005.json
item,Potion of Vitality,,活力藥水,existing-site,data/zh-TW/items/fluff-items.json;data/zh-TW/items/items-005.json
item,Potion of Vitality,DMG,活力藥水,existing-site,data/zh-TW/items/fluff-items.json;data/zh-TW/items/items-005.json
item,Rain Catcher,ToA,集雨器,existing-site,data/zh-TW/items/items-005.json
item,Rations (1 day),PHB,口糧(1天份),existing-site,data/zh-TW/items/items-005.json
item,Ring of Mind Shielding,,心靈護盾戒指,existing-site,data/zh-TW/items/fluff-items.json;data/zh-TW/items/items-005.json
item,Ring of Winter,ToA,凜冬戒指,existing-site,data/zh-TW/bestiary/bestiary-toa.json;data/zh-TW/items/fluff-items.json;data/zh-TW/items/items-005.json
item,Ryath Root,ToA,雷亞斯根莖,existing-site,data/zh-TW/items/items-006.json
item,Ryath root,ToA,雷亞斯根莖,existing-site,data/zh-TW/items/items-006.json
item,Scorpion Armor,ToA,刺尾獅甲冑,existing-site,data/zh-TW/items/items-006.json
item,Sending Stones,,短訊石,existing-site,data/zh-TW/items/fluff-items.json;data/zh-TW/items/items-006.json
item,Serpent Venom,,蛇毒,existing-site,data/zh-TW/items/items-003.json;data/zh-TW/items/items-006.json
item,Serpent Venom,DMG,蛇毒,existing-site,data/zh-TW/items/items-003.json;data/zh-TW/items/items-006.json
item,Shield of the Hidden Lord,BGDIA,隱藏領主的盾牌,existing-site,data/zh-TW/items/fluff-items.json;data/zh-TW/items/items-006.json
item,Sinda berries (10),ToA,辛達莓果（10顆）,existing-site,data/zh-TW/items/items-006.json
item,Soul Coin,BGDIA,靈魂幣,existing-site,data/zh-TW/items/fluff-items.json;data/zh-TW/items/items-006.json
item,Spell Scroll,,法術卷軸,existing-site,data/zh-TW/items/fluff-items.json;data/zh-TW/items/item-groups.json
item,Spell scroll,,法術卷軸,existing-site,data/zh-TW/items/fluff-items.json;data/zh-TW/items/item-groups.json
item,Spell scroll,DMG,法術卷軸,existing-site,data/zh-TW/items/fluff-items.json;data/zh-TW/items/item-groups.json
item,Spell scroll (1st Level),,法術卷軸(1環),existing-site,data/zh-TW/items/items-006.json
item,Spell scroll (1st Level),DMG,法術卷軸(1環),existing-site,data/zh-TW/items/items-006.json
item,Staff of the Forgotten One,ToA,被遺忘者的法杖,existing-site,data/zh-TW/items/items-007.json
item,Sword of Zariel,BGDIA,扎瑞爾之劍,existing-site,data/zh-TW/items/fluff-items.json;data/zh-TW/items/items-007.json
item,Tinderbox,PHB,火絨盒,existing-site,data/zh-TW/items/items-007.json
item,Torpor,,蒙汗藥,existing-site,data/zh-TW/items/items-007.json
item,Torpor,DMG,蒙汗藥,existing-site,data/zh-TW/items/items-007.json
item,Trinket,PHB,飾品,existing-site,data/zh-TW/items/fluff-items.json;data/zh-TW/items/items-007.json
item,Two-Person Tent,PHB,雙人帳篷,existing-site,data/zh-TW/items/items-007.json
item,Two-person tent,PHB,雙人帳篷,existing-site,data/zh-TW/items/items-007.json
item,Wand of secrets,,探秘魔杖,existing-site,data/zh-TW/items/fluff-items.json;data/zh-TW/items/items-007.json
item,Wand of secrets,DMG,探秘魔杖,existing-site,data/zh-TW/items/fluff-items.json;data/zh-TW/items/items-007.json
item,Wildroot,ToA,荒根,existing-site,data/zh-TW/items/items-007.json
item,Wukka Nut,ToA,嗚咔堅果,existing-site,data/zh-TW/items/items-008.json
item,Wukka nut,ToA,嗚咔堅果,existing-site,data/zh-TW/items/items-008.json
item,Wyvern poison,,飛龍毒液,existing-site,data/zh-TW/items/items-008.json
item,Wyvern poison,DMG,飛龍毒液,existing-site,data/zh-TW/items/items-008.json
item,Yahcha,ToA,亞查甲蟲,existing-site,data/zh-TW/items/items-008.json
item,Zabou,ToA,扎孢菇,existing-site,data/zh-TW/items/items-008.json
item,alchemist's supplies,PHB,鍊金工具,existing-site,data/zh-TW/items/items-base.json;data/zh-TW/rules/variantrules.json
item,alchemy jug,,鍊金壺,existing-site,data/zh-TW/items/fluff-items.json;data/zh-TW/items/items-000.json
item,alchemy jug,DMG,鍊金壺,existing-site,data/zh-TW/items/fluff-items.json;data/zh-TW/items/items-000.json
item,amulet of health,,健康護符,existing-site,data/zh-TW/items/fluff-items.json;data/zh-TW/items/items-000.json
item,amulet of health,DMG,健康護符,existing-site,data/zh-TW/items/fluff-items.json;data/zh-TW/items/items-000.json
item,amulet of the black skull,ToA,黑顱骨護符,existing-site,data/zh-TW/items/items-000.json
item,arrow,PHB,箭,existing-site,data/zh-TW/items/items-base.json
item,artisan's tools,PHB,工匠工具,existing-site,data/zh-TW/bastions/bastions.json;data/zh-TW/items/item-groups.json;data/zh-TW/items/items-base.json
item,bag of beans,,魔豆之袋,existing-site,data/zh-TW/items/fluff-items.json;data/zh-TW/items/items-000.json
item,bag of beans,DMG,魔豆之袋,existing-site,data/zh-TW/items/fluff-items.json;data/zh-TW/items/items-000.json
item,bag of devouring,,吞噬袋,existing-site,data/zh-TW/items/fluff-items.json;data/zh-TW/items/items-000.json
item,bag of devouring,DMG,吞噬袋,existing-site,data/zh-TW/items/fluff-items.json;data/zh-TW/items/items-000.json
item,battle standard of infernal power,BGDIA,地獄之力戰旗,existing-site,data/zh-TW/items/fluff-items.json;data/zh-TW/items/items-000.json
item,bead of force,,力場珠,existing-site,data/zh-TW/items/items-000.json
item,bead of force,DMG,力場珠,existing-site,data/zh-TW/items/items-000.json
item,bowl of commanding water elementals,,命令水元素水缽,existing-site,data/zh-TW/items/fluff-items.json;data/zh-TW/items/items-000.json
item,bowl of commanding water elementals,DMG,命令水元素水缽,existing-site,data/zh-TW/items/fluff-items.json;data/zh-TW/items/items-000.json
item,bracers of archery,,射手護腕,existing-site,data/zh-TW/craft-pages/fluff-homecrafts.json;data/zh-TW/craft-pages/homecrafts.json;data/zh-TW/items/fluff-items.json;data/zh-TW/items/items-000.json
item,bracers of archery,DMG,射手護腕,existing-site,data/zh-TW/craft-pages/fluff-homecrafts.json;data/zh-TW/craft-pages/homecrafts.json;data/zh-TW/items/fluff-items.json;data/zh-TW/items/items-000.json
item,bracers of defense,,防禦護腕,existing-site,data/zh-TW/items/fluff-items.json;data/zh-TW/items/items-001.json
item,bracers of defense,DMG,防禦護腕,existing-site,data/zh-TW/items/fluff-items.json;data/zh-TW/items/items-001.json
item,calligrapher's supplies,PHB,書法工具,existing-site,data/zh-TW/items/items-base.json;data/zh-TW/rules/variantrules.json
item,canoe,ToA,獨木舟,existing-site,data/zh-TW/items/items-001.json
item,cape of the mountebank,,江湖騙子披風,existing-site,data/zh-TW/items/fluff-items.json;data/zh-TW/items/items-001.json
item,cape of the mountebank,DMG,江湖騙子披風,existing-site,data/zh-TW/items/fluff-items.json;data/zh-TW/items/items-001.json
item,cartographer's tools,PHB,製圖工具,existing-site,data/zh-TW/items/items-base.json;data/zh-TW/rules/variantrules.json
item,circlet of blasting,,爆裂頭飾,existing-site,data/zh-TW/items/fluff-items.json;data/zh-TW/items/items-001.json
item,circlet of blasting,DMG,爆裂頭飾,existing-site,data/zh-TW/items/fluff-items.json;data/zh-TW/items/items-001.json
item,dancing monkey fruit,ToA,猴舞果,existing-site,data/zh-TW/items/items-001.json
item,dimensional shackles,,次元鐐銬,existing-site,data/zh-TW/items/fluff-items.json;data/zh-TW/items/items-001.json
item,dimensional shackles,DMG,次元鐐銬,existing-site,data/zh-TW/items/fluff-items.json;data/zh-TW/items/items-001.json
item,druidic focus,PHB,德魯伊法器,existing-site,data/zh-TW/items/item-groups.json
item,dulcimer,PHB,揚琴,existing-site,data/zh-TW/items/items-base.json
item,essence of ether,DMG,乙醚精,existing-site,data/zh-TW/items/items-002.json
item,eversmoking bottle,,無盡煙壺,existing-site,data/zh-TW/items/fluff-items.json;data/zh-TW/items/items-002.json
item,eversmoking bottle,DMG,無盡煙壺,existing-site,data/zh-TW/items/fluff-items.json;data/zh-TW/items/items-002.json
item,explorer's pack,PHB,探索套組,existing-site,data/zh-TW/items/items-002.json
item,flame tongue,,焰舌,existing-site,data/zh-TW/bestiary/bestiary-mabjov.json;data/zh-TW/bestiary/bestiary-wbtw.json;data/zh-TW/bestiary/bestiary-wdh.json;data/zh-TW/items/fluff-items.json;data/zh-TW/items/magicvariants.json
item,flame tongue,DMG,焰舌,existing-site,data/zh-TW/bestiary/bestiary-mabjov.json;data/zh-TW/bestiary/bestiary-wbtw.json;data/zh-TW/bestiary/bestiary-wdh.json;data/zh-TW/items/fluff-items.json;data/zh-TW/items/magicvariants.json
item,flute,PHB,長笛,existing-site,data/zh-TW/items/items-base.json
item,folding boat,,摺疊船,existing-site,data/zh-TW/items/fluff-items.json;data/zh-TW/items/items-002.json
item,folding boat,DMG,摺疊船,existing-site,data/zh-TW/items/fluff-items.json;data/zh-TW/items/items-002.json
item,gem of brightness,,光彩奪目寶石,existing-site,data/zh-TW/items/fluff-items.json;data/zh-TW/items/items-002.json
item,gem of brightness,DMG,光彩奪目寶石,existing-site,data/zh-TW/items/fluff-items.json;data/zh-TW/items/items-002.json
item,ghost lantern,ToA,幽魂燈籠,existing-site,data/zh-TW/items/fluff-items.json;data/zh-TW/items/items-002.json
item,half plate armor,PHB,半身板甲,existing-site,data/zh-TW/items/fluff-items.json;data/zh-TW/items/items-base.json
item,hat of disguise,,易容帽,existing-site,data/zh-TW/items/fluff-items.json;data/zh-TW/items/items-003.json
item,hat of disguise,DMG,易容帽,existing-site,data/zh-TW/items/fluff-items.json;data/zh-TW/items/items-003.json
item,headband of intellect,,智力頭帶,existing-site,data/zh-TW/items/fluff-items.json;data/zh-TW/items/items-003.json
item,headband of intellect,DMG,智力頭帶,existing-site,data/zh-TW/items/fluff-items.json;data/zh-TW/items/items-003.json
item,healer's kit,PHB,醫療包,existing-site,data/zh-TW/items/fluff-items.json;data/zh-TW/items/items-003.json
item,helm of comprehending languages,,通曉語言頭盔,existing-site,data/zh-TW/items/fluff-items.json;data/zh-TW/items/items-003.json
item,helm of comprehending languages,DMG,通曉語言頭盔,existing-site,data/zh-TW/items/fluff-items.json;data/zh-TW/items/items-003.json
item,helm of devil command,BGDIA,魔鬼指揮官頭盔,existing-site,data/zh-TW/items/fluff-items.json;data/zh-TW/items/items-003.json
item,helm of telepathy,,心靈感應頭盔,existing-site,data/zh-TW/items/fluff-items.json;data/zh-TW/items/items-003.json
item,helm of telepathy,DMG,心靈感應頭盔,existing-site,data/zh-TW/items/fluff-items.json;data/zh-TW/items/items-003.json
item,herbalism kit,PHB,草藥工具,existing-site,data/zh-TW/items/items-003.json;data/zh-TW/rules/variantrules.json
item,immovable rod,,不動權杖,existing-site,data/zh-TW/items/fluff-items.json;data/zh-TW/items/items-003.json
item,immovable rod,DMG,不動權杖,existing-site,data/zh-TW/items/fluff-items.json;data/zh-TW/items/items-003.json
item,infernal puzzle box,BGDIA,煉獄謎盒,existing-site,data/zh-TW/items/items-003.json
item,infernal tack,MTF,煉獄鞍具,existing-site,data/zh-TW/bestiary/bestiary-mpmm.json;data/zh-TW/bestiary/bestiary-mtf.json;data/zh-TW/items/items-003.json
item,instrument of the bards,,吟遊詩人樂器,existing-site,data/zh-TW/items/fluff-items.json;data/zh-TW/items/item-groups.json
item,instrument of the bards,DMG,吟遊詩人樂器,existing-site,data/zh-TW/items/fluff-items.json;data/zh-TW/items/item-groups.json
item,iron flask,,收妖瓶,existing-site,data/zh-TW/items/fluff-items.json;data/zh-TW/items/items-003.json
item,iron flask,DMG,收妖瓶,existing-site,data/zh-TW/items/fluff-items.json;data/zh-TW/items/items-003.json
item,leatherworker's tools,PHB,皮匠工具,existing-site,data/zh-TW/items/items-base.json;data/zh-TW/rules/variantrules.json
item,lock,PHB,鎖,existing-site,data/zh-TW/items/items-003.json
item,lute,PHB,魯特琴,existing-site,data/zh-TW/items/items-base.json
item,lyre,PHB,里拉琴,existing-site,data/zh-TW/items/items-base.json
item,mace of terror,,恐懼之錘,existing-site,data/zh-TW/items/fluff-items.json;data/zh-TW/items/items-004.json
item,mace of terror,DMG,恐懼之錘,existing-site,data/zh-TW/items/fluff-items.json;data/zh-TW/items/items-004.json
item,manacles,PHB,鐐銬,existing-site,data/zh-TW/items/items-004.json
item,manual of golems,,魔像手冊,existing-site,data/zh-TW/items/fluff-items.json;data/zh-TW/items/item-groups.json
item,manual of golems,DMG,魔像手冊,existing-site,data/zh-TW/items/fluff-items.json;data/zh-TW/items/item-groups.json
item,mask of the beast,ToA,野獸面具,existing-site,data/zh-TW/items/fluff-items.json;data/zh-TW/items/items-004.json
item,mason's tools,PHB,石匠工具,existing-site,data/zh-TW/items/items-base.json;data/zh-TW/rules/variantrules.json
item,midnight tears,,午夜之淚,existing-site,data/zh-TW/items/items-004.json
item,mirror of life trapping,,攝心鏡,existing-site,data/zh-TW/items/fluff-items.json;data/zh-TW/items/items-004.json
item,mirror of life trapping,DMG,攝心鏡,existing-site,data/zh-TW/items/fluff-items.json;data/zh-TW/items/items-004.json
item,musical instrument,PHB,樂器,existing-site,data/zh-TW/items/fluff-items.json;data/zh-TW/items/item-groups.json
item,navigator's tools,PHB,領航工具,existing-site,data/zh-TW/items/items-004.json;data/zh-TW/rules/variantrules.json
item,necklace of fireballs,,火球項鍊,existing-site,data/zh-TW/items/fluff-items.json;data/zh-TW/items/items-004.json
item,necklace of fireballs,DMG,火球項鍊,existing-site,data/zh-TW/items/fluff-items.json;data/zh-TW/items/items-004.json
item,net,PHB,捕網,existing-site,data/zh-TW/bestiary/bestiary-mabjov.json;data/zh-TW/bestiary/bestiary-mm.json;data/zh-TW/items/fluff-items.json;data/zh-TW/items/items-004.json;data/zh-TW/items/items-base.json
item,orb of dragonkind,,龍珠,existing-site,data/zh-TW/items/fluff-items.json;data/zh-TW/items/items-004.json
item,orb of dragonkind,DMG,龍珠,existing-site,data/zh-TW/items/fluff-items.json;data/zh-TW/items/items-004.json
item,pearl of power,,法力再生珍珠,existing-site,data/zh-TW/items/items-004.json
item,pearl of power,DMG,法力再生珍珠,existing-site,data/zh-TW/items/items-004.json
item,pipes of the sewers,,喚鼠樂笙,existing-site,data/zh-TW/items/fluff-items.json;data/zh-TW/items/items-004.json
item,pipes of the sewers,DMG,喚鼠樂笙,existing-site,data/zh-TW/items/fluff-items.json;data/zh-TW/items/items-004.json
item,plate armor,phb,板甲,existing-site,data/zh-TW/items/fluff-items.json;data/zh-TW/items/items-base.json
item,poisoner's kit,PHB,毒藥工具,existing-site,data/zh-TW/items/items-005.json;data/zh-TW/rules/variantrules.json
item,potion of diminution,DMG,縮小藥水,existing-site,data/zh-TW/items/items-005.json
item,potion of fire breath,,火焰吐息藥水,existing-site,data/zh-TW/items/fluff-items.json;data/zh-TW/items/items-005.json
item,potion of fire breath,DMG,火焰吐息藥水,existing-site,data/zh-TW/items/fluff-items.json;data/zh-TW/items/items-005.json
item,potion of flying,,飛行藥水,existing-site,data/zh-TW/items/items-005.json
item,potion of flying,DMG,飛行藥水,existing-site,data/zh-TW/items/items-005.json
item,potion of greater healing,,高等治療藥水,existing-site,data/zh-TW/items/items-005.json
item,potion of greater healing,DMG,高等治療藥水,existing-site,data/zh-TW/items/items-005.json
item,potion of healing,,治療藥水,existing-site,data/zh-TW/items/fluff-items.json;data/zh-TW/items/items-005.json
item,potion of healing,DMG,治療藥水,existing-site,data/zh-TW/items/fluff-items.json;data/zh-TW/items/items-005.json
item,potion of invisibility,,隱形藥水,existing-site,data/zh-TW/items/fluff-items.json;data/zh-TW/items/items-005.json
item,potion of invisibility,DMG,隱形藥水,existing-site,data/zh-TW/items/fluff-items.json;data/zh-TW/items/items-005.json
item,potion of poison,,劇毒藥水,existing-site,data/zh-TW/items/items-005.json
item,potion of poison,DMG,劇毒藥水,existing-site,data/zh-TW/items/items-005.json
item,potion of supreme healing,,極效治療藥水,existing-site,data/zh-TW/items/items-005.json
item,potion of supreme healing,DMG,極效治療藥水,existing-site,data/zh-TW/items/items-005.json
item,potion of water breathing,,水下呼吸藥水,existing-site,data/zh-TW/items/fluff-items.json;data/zh-TW/items/items-005.json
item,potion of water breathing,DMG,水下呼吸藥水,existing-site,data/zh-TW/items/fluff-items.json;data/zh-TW/items/items-005.json
item,priest's pack,PHB,祭司套組,existing-site,data/zh-TW/items/items-005.json
item,quiver,PHB,箭袋,existing-site,data/zh-TW/craft-pages/homecrafts.json;data/zh-TW/items/items-005.json
item,ring of animal influence,,影響動物戒指,existing-site,data/zh-TW/items/fluff-items.json;data/zh-TW/items/items-005.json
item,ring of animal influence,DMG,影響動物戒指,existing-site,data/zh-TW/items/fluff-items.json;data/zh-TW/items/items-005.json
item,ring of fire resistance,,火焰抗性戒指,existing-site,data/zh-TW/items/fluff-items.json;data/zh-TW/items/items-005.json
item,ring of fire resistance,DMG,火焰抗性戒指,existing-site,data/zh-TW/items/fluff-items.json;data/zh-TW/items/items-005.json
item,ring of jumping,,跳躍戒指,existing-site,data/zh-TW/items/items-005.json
item,ring of jumping,DMG,跳躍戒指,existing-site,data/zh-TW/items/items-005.json
item,ring of protection,,防護戒指,existing-site,data/zh-TW/items/fluff-items.json;data/zh-TW/items/items-005.json
item,ring of protection,DMG,防護戒指,existing-site,data/zh-TW/items/fluff-items.json;data/zh-TW/items/items-005.json
item,ring of x-ray vision,,X射線戒指,existing-site,data/zh-TW/items/fluff-items.json;data/zh-TW/items/items-005.json
item,ring of x-ray vision,DMG,X射線戒指,existing-site,data/zh-TW/items/fluff-items.json;data/zh-TW/items/items-005.json
item,robe of scintillating colors,,虹光法袍,existing-site,data/zh-TW/items/items-005.json
item,robe of scintillating colors,DMG,虹光法袍,existing-site,data/zh-TW/items/items-005.json
item,rod of lordly might,,王者權杖,existing-site,data/zh-TW/items/fluff-items.json;data/zh-TW/items/items-005.json
item,rod of lordly might,DMG,王者權杖,existing-site,data/zh-TW/items/fluff-items.json;data/zh-TW/items/items-005.json
item,scorpion armor,ToA,刺尾獅甲冑,existing-site,data/zh-TW/items/items-006.json
item,scroll of protection,,守護卷軸,existing-site,data/zh-TW/items/fluff-items.json;data/zh-TW/items/item-groups.json;data/zh-TW/items/items-base.json
item,scroll of protection,DMG,守護卷軸,existing-site,data/zh-TW/items/fluff-items.json;data/zh-TW/items/item-groups.json;data/zh-TW/items/items-base.json
item,sending stones,,短訊石,existing-site,data/zh-TW/items/fluff-items.json;data/zh-TW/items/items-006.json
item,sending stones,DMG,短訊石,existing-site,data/zh-TW/items/fluff-items.json;data/zh-TW/items/items-006.json
item,serpent venom,DMG,蛇毒,existing-site,data/zh-TW/items/items-003.json;data/zh-TW/items/items-006.json
item,shatterstick,BGDIA,粉碎棒,existing-site,data/zh-TW/items/items-006.json
item,shield,phb,盾牌,existing-site,data/zh-TW/bestiary/bestiary-bgdia.json;data/zh-TW/items/fluff-items.json;data/zh-TW/items/items-001.json;data/zh-TW/items/items-003.json;data/zh-TW/items/items-004.json;data/zh-TW/items/items-base.json
item,smith's tools,PHB,鐵匠工具,existing-site,data/zh-TW/items/items-base.json;data/zh-TW/rules/variantrules.json
item,smokepowder,WDH,發煙粉,existing-site,data/zh-TW/items/items-006.json
item,soul coin,BGDIA,靈魂幣,existing-site,data/zh-TW/items/fluff-items.json;data/zh-TW/items/items-006.json
item,sovereign glue,,至尊膠,existing-site,data/zh-TW/items/fluff-items.json;data/zh-TW/items/items-006.json
item,sovereign glue,DMG,至尊膠,existing-site,data/zh-TW/items/fluff-items.json;data/zh-TW/items/items-006.json
item,spell scroll,,法術卷軸,existing-site,data/zh-TW/items/fluff-items.json;data/zh-TW/items/item-groups.json
item,spell scroll,DMG,法術卷軸,existing-site,data/zh-TW/items/fluff-items.json;data/zh-TW/items/item-groups.json
item,sphere of annihilation,,湮滅法球,existing-site,data/zh-TW/items/fluff-items.json;data/zh-TW/items/items-006.json
item,sphere of annihilation,DMG,湮滅法球,existing-site,data/zh-TW/items/fluff-items.json;data/zh-TW/items/items-006.json
item,spyglass,PHB,望遠鏡,existing-site,data/zh-TW/items/items-006.json
item,staff of striking,,強襲法杖,existing-site,data/zh-TW/bestiary/bestiary-cm.json;data/zh-TW/bestiary/bestiary-wbtw.json;data/zh-TW/items/items-007.json
item,staff of striking,DMG,強襲法杖,existing-site,data/zh-TW/bestiary/bestiary-cm.json;data/zh-TW/bestiary/bestiary-wbtw.json;data/zh-TW/items/items-007.json
item,staff of the python,,巨蟒法杖,existing-site,data/zh-TW/items/fluff-items.json;data/zh-TW/items/items-007.json
item,staff of the python,DMG,巨蟒法杖,existing-site,data/zh-TW/items/fluff-items.json;data/zh-TW/items/items-007.json
item,studded leather armor,PHB,鑲釘皮甲,existing-site,data/zh-TW/items/fluff-items.json;data/zh-TW/items/items-base.json
item,talisman of the sphere,,法球護符,existing-site,data/zh-TW/items/fluff-items.json;data/zh-TW/items/items-007.json
item,talisman of the sphere,DMG,法球護符,existing-site,data/zh-TW/items/fluff-items.json;data/zh-TW/items/items-007.json
item,tej,ToA,特吉,existing-site,data/zh-TW/items/items-007.json
item,thieves' tools,PHB,盜賊工具,existing-site,data/zh-TW/items/fluff-items.json;data/zh-TW/items/items-007.json;data/zh-TW/rules/variantrules.json
item,thieves' tools,phb,盜賊工具,existing-site,data/zh-TW/items/fluff-items.json;data/zh-TW/items/items-007.json;data/zh-TW/rules/variantrules.json
item,tinker's tools,PHB,修補工具,existing-site,data/zh-TW/items/items-base.json;data/zh-TW/rules/variantrules.json
item,two-person tent,PHB,雙人帳篷,existing-site,data/zh-TW/items/items-007.json
item,universal solvent,,萬溶劑,existing-site,data/zh-TW/items/fluff-items.json;data/zh-TW/items/items-007.json
item,universal solvent,DMG,萬溶劑,existing-site,data/zh-TW/items/fluff-items.json;data/zh-TW/items/items-007.json
item,viol,PHB,提琴,existing-site,data/zh-TW/items/items-base.json
item,wand of fear,,恐懼魔杖,existing-site,data/zh-TW/items/fluff-items.json;data/zh-TW/items/items-007.json
item,wand of fear,DMG,恐懼魔杖,existing-site,data/zh-TW/items/fluff-items.json;data/zh-TW/items/items-007.json
item,wand of magic missiles,,魔法飛彈魔杖,existing-site,data/zh-TW/bestiary/bestiary-idrotf.json;data/zh-TW/items/fluff-items.json;data/zh-TW/items/items-007.json
item,wand of magic missiles,DMG,魔法飛彈魔杖,existing-site,data/zh-TW/bestiary/bestiary-idrotf.json;data/zh-TW/items/fluff-items.json;data/zh-TW/items/items-007.json
item,wand of secrets,,探秘魔杖,existing-site,data/zh-TW/items/fluff-items.json;data/zh-TW/items/items-007.json
item,wand of secrets,DMG,探秘魔杖,existing-site,data/zh-TW/items/fluff-items.json;data/zh-TW/items/items-007.json
item,wand of wonder,,驚異魔杖,existing-site,data/zh-TW/items/fluff-items.json;data/zh-TW/items/items-007.json
item,wand of wonder,DMG,驚異魔杖,existing-site,data/zh-TW/items/fluff-items.json;data/zh-TW/items/items-007.json
item,yklwa,ToA,伊庫瓦短矛,existing-site,data/zh-TW/items/items-base.json
item,zabou,ToA,扎孢菇,existing-site,data/zh-TW/items/items-008.json
language,Draconic,PHB,龍語,existing-site,data/zh-TW/reference-pages/fluff-languages.json;data/zh-TW/reference-pages/languages.json
language,Dwarvish,PHB,矮人語,existing-site,data/zh-TW/items/items-000.json;data/zh-TW/reference-pages/fluff-languages.json;data/zh-TW/reference-pages/languages.json
name,Ability Scores,,屬性值,existing-site,data/zh-TW/bestiary/fluff-bestiary-mm.json;data/zh-TW/rules/variantrules.json
name,Allosaurus,,異特龍,existing-site,data/zh-TW/bestiary/bestiary-mm.json;data/zh-TW/bestiary/bestiary-xmm.json;data/zh-TW/bestiary/fluff-bestiary-mm.json;data/zh-TW/bestiary/fluff-bestiary-xmm.json
name,Almiraj,,獨角兔,existing-site,data/zh-TW/bestiary/bestiary-toa.json;data/zh-TW/bestiary/fluff-bestiary-toa.json
name,Ankylosaurus,,甲龍,existing-site,data/zh-TW/bestiary/bestiary-mm.json;data/zh-TW/bestiary/bestiary-xmm.json;data/zh-TW/bestiary/fluff-bestiary-mm.json;data/zh-TW/bestiary/fluff-bestiary-xmm.json
name,Arkhan the Cruel,,殘酷者阿克漢,existing-site,data/zh-TW/bestiary/bestiary-bgdia.json;data/zh-TW/bestiary/fluff-bestiary-bgdia.json
name,Armor Class,,護甲等級,existing-site,data/zh-TW/class/class-druid.json;data/zh-TW/rules/generated/gendata-variantrules.json;data/zh-TW/rules/variantrules.json
name,Artus Cimber,,阿圖斯·辛貝爾,existing-site,data/zh-TW/bestiary/bestiary-toa.json;data/zh-TW/bestiary/fluff-bestiary-toa.json
name,Axe Beaks,,斧嘴鳥們,existing-site,data/zh-TW/bestiary/fluff-bestiary-xmm.json
name,Azaka Stormfang,,婀扎卡·風暴之牙,existing-site,data/zh-TW/bestiary/bestiary-toa.json;data/zh-TW/bestiary/fluff-bestiary-toa.json
name,Bag of Nails,,釘包,existing-site,data/zh-TW/bestiary/bestiary-toa.json;data/zh-TW/bestiary/fluff-bestiary-toa.json
name,Baphomet,,巴弗滅,existing-site,data/zh-TW/bestiary/bestiary-mpmm.json;data/zh-TW/bestiary/bestiary-mtf.json;data/zh-TW/bestiary/fluff-bestiary-mm.json;data/zh-TW/bestiary/fluff-bestiary-mpmm.json;data/zh-TW/bestiary/fluff-bestiary-mtf.json;data/zh-TW/bestiary/legendarygroups.json
name,Bel,,貝爾,existing-site,data/zh-TW/bestiary/bestiary-bgdia.json;data/zh-TW/bestiary/bestiary-coa.json;data/zh-TW/bestiary/fluff-bestiary-bgdia.json;data/zh-TW/bestiary/fluff-bestiary-coa.json;data/zh-TW/bestiary/legendarygroups.json
name,Bhaal,,巴爾,existing-site,data/zh-TW/bestiary/fluff-bestiary-mabjov.json;data/zh-TW/reference-pages/deities.json
name,Bite,,啃咬,existing-site,data/zh-TW/bestiary/bestiary-abh.json;data/zh-TW/bestiary/bestiary-ai.json;data/zh-TW/bestiary/bestiary-aitfr-dn.json;data/zh-TW/bestiary/bestiary-aitfr-thp.json;data/zh-TW/bestiary/bestiary-awm.json;data/zh-TW/bestiary/bestiary-bam.json;data/zh-TW/bestiary/bestiary-bgdia.json;data/zh-TW/bestiary/bestiary-bgg.json;data/zh-TW/bestiary/bestiary-bmt.json;data/zh-TW/bestiary/bestiary-cm.json;data/zh-TW/bestiary/bestiary-coa.json;data/zh-TW/bestiary/bestiary-cos.json;data/zh-TW/bestiary/bestiary-crcotn.json;data/zh-TW/bestiary/bestiary-dmg.json;data/zh-TW/bestiary/bestiary-dod.json;data/zh-TW/bestiary/bestiary-dosi.json;data/zh-TW/bestiary/bestiary-dsotdq.json;data/zh-TW/bestiary/bestiary-egw.json;data/zh-TW/bestiary/bestiary-erlw.json;data/zh-TW/bestiary/bestiary-fraif.json;data/zh-TW/bestiary/bestiary-ftd.json;data/zh-TW/bestiary/bestiary-ggr.json;data/zh-TW/bestiary/bestiary-gos.json;data/zh-TW/bestiary/bestiary-hftt.json;data/zh-TW/bestiary/bestiary-hotb.json;data/zh-TW/bestiary/bestiary-hotdq.json;data/zh-TW/bestiary/bestiary-idrotf.json;data/zh-TW/bestiary/bestiary-imr.json;data/zh-TW/bestiary/bestiary-jttrc.json;data/zh-TW/bestiary/bestiary-lfl.json;data/zh-TW/bestiary/bestiary-lr.json;data/zh-TW/bestiary/bestiary-mabjov.json;data/zh-TW/bestiary/bestiary-mcv1sc.json;data/zh-TW/bestiary/bestiary-mcv2dc.json;data/zh-TW/bestiary/bestiary-mcv3mc.json;data/zh-TW/bestiary/bestiary-mcv4ec.json;data/zh-TW/bestiary/bestiary-mff.json;data/zh-TW/bestiary/bestiary-mgelft.json;data/zh-TW/bestiary/bestiary-mismv1.json;data/zh-TW/bestiary/bestiary-mm.json;data/zh-TW/bestiary/bestiary-mot.json;data/zh-TW/bestiary/bestiary-mpmm.json;data/zh-TW/bestiary/bestiary-mpp.json;data/zh-TW/bestiary/bestiary-mtf.json;data/zh-TW/bestiary/bestiary-nrh-avitw.json;data/zh-TW/bestiary/bestiary-oota.json;data/zh-TW/bestiary/bestiary-pabtso.json;data/zh-TW/bestiary/bestiary-pota.json;data/zh-TW/bestiary/bestiary-ps-a.json;data/zh-TW/bestiary/bestiary-ps-d.json;data/zh-TW/bestiary/bestiary-ps-i.json;data/zh-TW/bestiary/bestiary-ps-k.json;data/zh-TW/bestiary/bestiary-ps-x.json;data/zh-TW/bestiary/bestiary-ps-z.json;data/zh-TW/bestiary/bestiary-qftis.json;data/zh-TW/bestiary/bestiary-rhw.json;data/zh-TW/bestiary/bestiary-rmbre.json;data/zh-TW/bestiary/bestiary-rot.json;data/zh-TW/bestiary/bestiary-sads.json;data/zh-TW/bestiary/bestiary-scc.json;data/zh-TW/bestiary/bestiary-sdw.json;data/zh-TW/bestiary/bestiary-skt.json;data/zh-TW/bestiary/bestiary-slw.json;data/zh-TW/bestiary/bestiary-tce.json;data/zh-TW/bestiary/bestiary-tftyp.json;data/zh-TW/bestiary/bestiary-toa.json;data/zh-TW/bestiary/bestiary-tofw.json;data/zh-TW/bestiary/bestiary-ttp.json;data/zh-TW/bestiary/bestiary-veor.json;data/zh-TW/bestiary/bestiary-vgm.json;data/zh-TW/bestiary/bestiary-vrgr.json;data/zh-TW/bestiary/bestiary-wbtw.json;data/zh-TW/bestiary/bestiary-wdh.json;data/zh-TW/bestiary/bestiary-wdmm.json;data/zh-TW/bestiary/bestiary-wtthc.json;data/zh-TW/bestiary/bestiary-xmm.json;data/zh-TW/bestiary/fluff-bestiary-mm.json;data/zh-TW/character-options/races.json;data/zh-TW/class/class-barbarian.json
name,Bitter Breath,,苦痛之息,existing-site,data/zh-TW/bestiary/bestiary-bgdia.json;data/zh-TW/bestiary/fluff-bestiary-bgdia.json
name,Blue Mist Fever,,藍霧熱,existing-site,data/zh-TW/rules/conditionsdiseases.json
name,Bob,,鮑勃,existing-site,data/zh-TW/items/items-000.json
name,Bonus Actions,,附贈動作,existing-site,data/zh-TW/rules/variantrules.json
name,Borders,,邊界,existing-site,data/zh-TW/craft-pages/homecrafts.json
name,Brontosaurus,,雷龍,existing-site,data/zh-TW/bestiary/bestiary-mpmm.json;data/zh-TW/bestiary/bestiary-vgm.json;data/zh-TW/bestiary/fluff-bestiary-mpmm.json;data/zh-TW/bestiary/fluff-bestiary-vgm.json
name,Burney the Barber,,理髮師布妮,existing-site,data/zh-TW/bestiary/bestiary-bgdia.json
name,Calishite,,卡琳珊人,existing-site,data/zh-TW/character-options/fluff-races.json
name,Canoe,,獨木舟,existing-site,data/zh-TW/items/items-001.json
name,Cartographer,,製圖師,existing-site,data/zh-TW/class/class-artificer.json;data/zh-TW/class/fluff-class-artificer.json
name,Ceilings,,天花板,existing-site,data/zh-TW/craft-pages/fluff-vehicles.json
name,Character Advancement,,角色升級,existing-site,data/zh-TW/rules/variantrules.json
name,Chwinga,,怯蘊阿靈,existing-site,data/zh-TW/bestiary/bestiary-cm.json;data/zh-TW/bestiary/bestiary-idrotf.json;data/zh-TW/bestiary/bestiary-toa.json;data/zh-TW/bestiary/fluff-bestiary-cm.json;data/zh-TW/bestiary/fluff-bestiary-idrotf.json;data/zh-TW/bestiary/fluff-bestiary-toa.json
name,Clay No-Face's Charm,,無臉粘土的護咒,existing-site,data/zh-TW/reference-pages/rewards.json
name,Cloak,,斗篷,existing-site,data/zh-TW/craft-pages/homecrafts.json;data/zh-TW/items/items-006.json
name,Crashing,,撞擊,existing-site,data/zh-TW/rules/variantrules.json
name,Crown,,王冠,existing-site,data/zh-TW/items/items-001.json
name,Cyclops,,獨眼巨人,existing-site,data/zh-TW/bestiary/bestiary-mm.json;data/zh-TW/bestiary/fluff-bestiary-mm.json
name,Damage Threshold,,傷害閾值,existing-site,data/zh-TW/items/items-base.json;data/zh-TW/rules/variantrules.json
name,Dance of the Seven Winds,,七風之舞,existing-site,data/zh-TW/bestiary/bestiary-toa.json
name,Dancing Monkey Fruit,,猴舞果,existing-site,data/zh-TW/items/items-001.json
name,Dao,,土巨靈,existing-site,data/zh-TW/bestiary/bestiary-mm.json;data/zh-TW/bestiary/bestiary-xmm.json;data/zh-TW/bestiary/fluff-bestiary-mm.json;data/zh-TW/bestiary/fluff-bestiary-xmm.json;data/zh-TW/class/class-warlock.json
name,Darkvision,,黑暗視覺,existing-site,data/zh-TW/bestiary/bestiary-mpmm.json;data/zh-TW/character-options/races.json;data/zh-TW/class/class-monk.json;data/zh-TW/class/class-wizard.json;data/zh-TW/items/items-000.json;data/zh-TW/items/items-006.json;data/zh-TW/reference-pages/rewards.json;data/zh-TW/rules/senses.json;data/zh-TW/spells/spells-phb.json;data/zh-TW/spells/spells-xphb.json
name,Death Curse,,死亡詛咒,existing-site,data/zh-TW/bestiary/bestiary-bgg.json;data/zh-TW/bestiary/bestiary-rhw.json
name,Deinonychus,,恐爪龍,existing-site,data/zh-TW/bestiary/bestiary-mpmm.json;data/zh-TW/bestiary/bestiary-vgm.json;data/zh-TW/bestiary/fluff-bestiary-mpmm.json;data/zh-TW/bestiary/fluff-bestiary-vgm.json
name,Demon Ichor,,惡魔穢液,existing-site,data/zh-TW/bestiary/bestiary-coa.json
name,Dendar,,丹德爾,existing-site,data/zh-TW/reference-pages/deities.json
name,Dimetrodon,,異齒龍,existing-site,data/zh-TW/bestiary/bestiary-mpmm.json;data/zh-TW/bestiary/bestiary-vgm.json;data/zh-TW/bestiary/fluff-bestiary-mpmm.json;data/zh-TW/bestiary/fluff-bestiary-vgm.json
name,Dinosaurs,,恐龍,existing-site,data/zh-TW/bestiary/fluff-bestiary-bgg.json;data/zh-TW/bestiary/fluff-bestiary-erlw.json;data/zh-TW/bestiary/fluff-bestiary-mm.json;data/zh-TW/bestiary/fluff-bestiary-ps-x.json;data/zh-TW/bestiary/fluff-bestiary-ttp.json
name,Doors,,門,existing-site,data/zh-TW/craft-pages/fluff-vehicles.json;data/zh-TW/spells/spells-phb.json;data/zh-TW/spells/spells-xphb.json
name,Dragonbait,,龍餌,existing-site,data/zh-TW/bestiary/bestiary-toa.json;data/zh-TW/bestiary/fluff-bestiary-toa.json
name,Dragonfang,,龍牙,existing-site,data/zh-TW/bestiary/bestiary-rot.json
name,Duke Thalamra Vanthampur,,薩納姆娜·范薩普爾公爵,existing-site,data/zh-TW/bestiary/bestiary-bgdia.json;data/zh-TW/bestiary/fluff-bestiary-bgdia.json
name,Dwarves,,矮人,existing-site,data/zh-TW/character-options/fluff-races.json
name,Eblis,,魔王鶴,existing-site,data/zh-TW/bestiary/bestiary-toa.json;data/zh-TW/bestiary/fluff-bestiary-toa.json
name,Ekene-Afa,,艾珂內-阿法,existing-site,data/zh-TW/bestiary/bestiary-toa.json;data/zh-TW/bestiary/fluff-bestiary-toa.json
name,Eku,,依庫,existing-site,data/zh-TW/bestiary/bestiary-toa.json;data/zh-TW/bestiary/fluff-bestiary-toa.json
name,Exhaustion,,力竭,existing-site,data/zh-TW/rules/conditionsdiseases.json
name,Eyes of the Rune Keeper,,符文守護者之眼,existing-site,data/zh-TW/character-options/optionalfeatures.json
name,Falling,,墜落,existing-site,data/zh-TW/rules/variantrules.json
name,Farewell,,告別,existing-site,data/zh-TW/bestiary/fluff-bestiary-cos.json
name,Feline Agility,,貓之迅捷,existing-site,data/zh-TW/bestiary/bestiary-cm.json;data/zh-TW/bestiary/bestiary-toa.json;data/zh-TW/character-options/races.json
name,Fenthaza,,芬薩札,existing-site,data/zh-TW/bestiary/bestiary-toa.json;data/zh-TW/bestiary/fluff-bestiary-toa.json
name,Feonor,,菲奧諾,existing-site,data/zh-TW/bestiary/bestiary-bgdia.json;data/zh-TW/bestiary/fluff-bestiary-bgdia.json
name,Firenewts,,熔螈,existing-site,data/zh-TW/bestiary/fluff-bestiary-mpmm.json
name,Flail Snail,,鏈枷蝸牛,existing-site,data/zh-TW/bestiary/bestiary-mpmm.json;data/zh-TW/bestiary/bestiary-vgm.json;data/zh-TW/bestiary/fluff-bestiary-mpmm.json;data/zh-TW/bestiary/fluff-bestiary-vgm.json
name,Flask,,扁瓶,existing-site,data/zh-TW/items/items-002.json
name,Flesh Warping,,肉體扭曲,existing-site,data/zh-TW/bestiary/bestiary-mpmm.json;data/zh-TW/bestiary/bestiary-mtf.json
name,Flying,,飛行,existing-site,data/zh-TW/rules/variantrules.json
name,Fog,,霧,existing-site,data/zh-TW/bestiary/legendarygroups.json;data/zh-TW/rules/variantrules.json
name,Food and Drink,,食物和飲品,existing-site,data/zh-TW/items/items-base.json
name,Ghouls,,食屍鬼們,existing-site,data/zh-TW/bestiary/fluff-bestiary-xmm.json
name,Giant Crocodile,,巨鱷,existing-site,data/zh-TW/bestiary/bestiary-mm.json;data/zh-TW/bestiary/bestiary-xmm.json;data/zh-TW/bestiary/fluff-bestiary-xmm.json
name,Giant Snapping Turtle,,巨鱷龜,existing-site,data/zh-TW/bestiary/bestiary-toa.json;data/zh-TW/bestiary/fluff-bestiary-toa.json
name,Gideon Lightward,,吉迪恩·萊特沃德,existing-site,data/zh-TW/bestiary/bestiary-bgdia.json;data/zh-TW/bestiary/fluff-bestiary-bgdia.json
name,Glyph of Warding,,守衛刻文,existing-site,data/zh-TW/spells/spells-phb.json;data/zh-TW/spells/spells-xphb.json
name,Gnolls,,鬣狗人,existing-site,data/zh-TW/bestiary/fluff-bestiary-mm.json;data/zh-TW/bestiary/fluff-bestiary-mpmm.json;data/zh-TW/bestiary/fluff-bestiary-xmm.json
name,Goblins,,地精,existing-site,data/zh-TW/bestiary/fluff-bestiary-xmm.json
name,Gond,,貢德,existing-site,data/zh-TW/reference-pages/deities.json
name,Grungs,,格龍蛙人們,existing-site,data/zh-TW/bestiary/fluff-bestiary-mpmm.json
name,Hadrosaurus,,鴨嘴龍,existing-site,data/zh-TW/bestiary/bestiary-mpmm.json;data/zh-TW/bestiary/bestiary-vgm.json;data/zh-TW/bestiary/fluff-bestiary-mpmm.json;data/zh-TW/bestiary/fluff-bestiary-vgm.json
name,Halruaan,,哈魯阿語,existing-site,data/zh-TW/reference-pages/languages.json
name,Harper,,豎琴手,existing-site,data/zh-TW/character-options/backgrounds.json;data/zh-TW/character-options/fluff-backgrounds.json
name,Hew,,砍伐者,existing-site,data/zh-TW/character-options/feats.json;data/zh-TW/items/items-003.json
name,Hew Hackinstone,,休·哈金斯頓,existing-site,data/zh-TW/bestiary/bestiary-toa.json;data/zh-TW/bestiary/fluff-bestiary-toa.json
name,Hezrou,,狂蟾魔,existing-site,data/zh-TW/bestiary/bestiary-mm.json;data/zh-TW/bestiary/bestiary-xmm.json;data/zh-TW/bestiary/fluff-bestiary-mm.json;data/zh-TW/bestiary/fluff-bestiary-xmm.json
name,Hit Points,,生命值,existing-site,data/zh-TW/rules/variantrules.json
name,Hooded Lantern,,附蓋提燈,existing-site,data/zh-TW/items/items-003.json
name,Ifan Talro'a,,伊方·塔若阿,existing-site,data/zh-TW/bestiary/bestiary-toa.json;data/zh-TW/bestiary/fluff-bestiary-toa.json
name,Illumination,,照明,existing-site,data/zh-TW/bestiary/bestiary-bam.json;data/zh-TW/bestiary/bestiary-bgg.json;data/zh-TW/bestiary/bestiary-egw.json;data/zh-TW/bestiary/bestiary-erlw.json;data/zh-TW/bestiary/bestiary-ggr.json;data/zh-TW/bestiary/bestiary-jttrc.json;data/zh-TW/bestiary/bestiary-lox.json;data/zh-TW/bestiary/bestiary-mcv3mc.json;data/zh-TW/bestiary/bestiary-mm.json;data/zh-TW/bestiary/bestiary-mpmm.json;data/zh-TW/bestiary/bestiary-mpp.json;data/zh-TW/bestiary/bestiary-mtf.json;data/zh-TW/bestiary/bestiary-pota.json;data/zh-TW/bestiary/bestiary-skt.json;data/zh-TW/bestiary/bestiary-veor.json;data/zh-TW/bestiary/bestiary-vgm.json;data/zh-TW/bestiary/bestiary-xmm.json;data/zh-TW/items/items-000.json;data/zh-TW/rules/variantrules.json
name,Ilmater,,伊爾梅特,existing-site,data/zh-TW/reference-pages/deities.json
name,Innate Spellcasting,,天生施法,existing-site,data/zh-TW/bestiary/bestiary-ai.json;data/zh-TW/bestiary/bestiary-aitfr-isf.json;data/zh-TW/bestiary/bestiary-aitfr-thp.json;data/zh-TW/bestiary/bestiary-awm.json;data/zh-TW/bestiary/bestiary-bgdia.json;data/zh-TW/bestiary/bestiary-cos.json;data/zh-TW/bestiary/bestiary-dip.json;data/zh-TW/bestiary/bestiary-egw.json;data/zh-TW/bestiary/bestiary-erlw.json;data/zh-TW/bestiary/bestiary-ggr.json;data/zh-TW/bestiary/bestiary-gos.json;data/zh-TW/bestiary/bestiary-hotdq.json;data/zh-TW/bestiary/bestiary-idrotf.json;data/zh-TW/bestiary/bestiary-imr.json;data/zh-TW/bestiary/bestiary-lmop.json;data/zh-TW/bestiary/bestiary-lr.json;data/zh-TW/bestiary/bestiary-mabjov.json;data/zh-TW/bestiary/bestiary-mff.json;data/zh-TW/bestiary/bestiary-mgelft.json;data/zh-TW/bestiary/bestiary-mm.json;data/zh-TW/bestiary/bestiary-mot.json;data/zh-TW/bestiary/bestiary-mtf.json;data/zh-TW/bestiary/bestiary-oota.json;data/zh-TW/bestiary/bestiary-pota.json;data/zh-TW/bestiary/bestiary-ps-z.json;data/zh-TW/bestiary/bestiary-rot.json;data/zh-TW/bestiary/bestiary-rtg.json;data/zh-TW/bestiary/bestiary-sdw.json;data/zh-TW/bestiary/bestiary-skt.json;data/zh-TW/bestiary/bestiary-tftyp.json;data/zh-TW/bestiary/bestiary-toa.json;data/zh-TW/bestiary/bestiary-ttp.json;data/zh-TW/bestiary/bestiary-vgm.json;data/zh-TW/bestiary/bestiary-vrgr.json;data/zh-TW/bestiary/bestiary-wbtw.json;data/zh-TW/bestiary/bestiary-wdh.json;data/zh-TW/bestiary/bestiary-wdmm.json;data/zh-TW/character-options/races.json;data/zh-TW/reference-pages/rewards.json
name,Jessamine,,婕薩敏,existing-site,data/zh-TW/bestiary/bestiary-toa.json;data/zh-TW/bestiary/fluff-bestiary-toa.json
name,Jobal,,喬巴,existing-site,data/zh-TW/bestiary/bestiary-toa.json;data/zh-TW/bestiary/fluff-bestiary-toa.json
name,Joho's Charm,,約霍的護咒,existing-site,data/zh-TW/reference-pages/rewards.json
name,King of Feathers,,翎羽之王,existing-site,data/zh-TW/bestiary/bestiary-toa.json;data/zh-TW/bestiary/fluff-bestiary-toa.json
name,Kobolds,,狗頭人,existing-site,data/zh-TW/bestiary/fluff-bestiary-xmm.json
name,Kossuth,,卡署斯,existing-site,data/zh-TW/reference-pages/deities.json
name,Kubazan,,庫巴贊,existing-site,data/zh-TW/reference-pages/rewards.json
name,Kwayothé,,克薇歐澤,existing-site,data/zh-TW/bestiary/bestiary-toa.json;data/zh-TW/bestiary/fluff-bestiary-toa.json
name,Larvae,,幼蟲魔們,existing-site,data/zh-TW/bestiary/fluff-bestiary-xmm.json
name,Lathander,,洛山達,existing-site,data/zh-TW/reference-pages/deities.json
name,Legendary Resistance (3/Day),,傳奇抗性 (3/日),existing-site,data/zh-TW/bestiary/bestiary-aitfr-fcd.json;data/zh-TW/bestiary/bestiary-bam.json;data/zh-TW/bestiary/bestiary-bgdia.json;data/zh-TW/bestiary/bestiary-bgg.json;data/zh-TW/bestiary/bestiary-bmt.json;data/zh-TW/bestiary/bestiary-cm.json;data/zh-TW/bestiary/bestiary-coa.json;data/zh-TW/bestiary/bestiary-cos.json;data/zh-TW/bestiary/bestiary-dc.json;data/zh-TW/bestiary/bestiary-dod.json;data/zh-TW/bestiary/bestiary-dsotdq.json;data/zh-TW/bestiary/bestiary-egw.json;data/zh-TW/bestiary/bestiary-erlw.json;data/zh-TW/bestiary/bestiary-fraif.json;data/zh-TW/bestiary/bestiary-ftd.json;data/zh-TW/bestiary/bestiary-ggr.json;data/zh-TW/bestiary/bestiary-gos.json;data/zh-TW/bestiary/bestiary-jttrc.json;data/zh-TW/bestiary/bestiary-kftgv.json;data/zh-TW/bestiary/bestiary-lr.json;data/zh-TW/bestiary/bestiary-mabjov.json;data/zh-TW/bestiary/bestiary-mcv1sc.json;data/zh-TW/bestiary/bestiary-mcv2dc.json;data/zh-TW/bestiary/bestiary-mcv4ec.json;data/zh-TW/bestiary/bestiary-mff.json;data/zh-TW/bestiary/bestiary-mm.json;data/zh-TW/bestiary/bestiary-mot.json;data/zh-TW/bestiary/bestiary-mpmm.json;data/zh-TW/bestiary/bestiary-mpp.json;data/zh-TW/bestiary/bestiary-mtf.json;data/zh-TW/bestiary/bestiary-pabtso.json;data/zh-TW/bestiary/bestiary-pota.json;data/zh-TW/bestiary/bestiary-ps-x.json;data/zh-TW/bestiary/bestiary-qftis.json;data/zh-TW/bestiary/bestiary-rhw.json;data/zh-TW/bestiary/bestiary-scc.json;data/zh-TW/bestiary/bestiary-sdw.json;data/zh-TW/bestiary/bestiary-skt.json;data/zh-TW/bestiary/bestiary-tftyp.json;data/zh-TW/bestiary/bestiary-toa.json;data/zh-TW/bestiary/bestiary-veor.json;data/zh-TW/bestiary/bestiary-vgm.json;data/zh-TW/bestiary/bestiary-vrgr.json;data/zh-TW/bestiary/bestiary-wbtw.json;data/zh-TW/bestiary/bestiary-wdmm.json;data/zh-TW/bestiary/bestiary-xmm.json
name,Lighting,,光照,existing-site,data/zh-TW/bestiary/legendarygroups.json
name,Lightning,,閃電,existing-site,data/zh-TW/bestiary/legendarygroups.json;data/zh-TW/items/items-007.json
name,Lizardfolk,,蜥蜴人,existing-site,data/zh-TW/bestiary/bestiary-mm.json;data/zh-TW/bestiary/fluff-bestiary-mm.json;data/zh-TW/bestiary/fluff-bestiary-xmm.json;data/zh-TW/character-options/fluff-races.json;data/zh-TW/character-options/races.json
name,Mad Maggie,,瘋喜鵲,existing-site,data/zh-TW/bestiary/bestiary-bgdia.json;data/zh-TW/bestiary/fluff-bestiary-bgdia.json
name,Magic Items,,魔法物品,existing-site,data/zh-TW/rules/variantrules.json;data/zh-TW/spells/spells-phb.json
name,Magic Resistance,,魔法抗性,existing-site,data/zh-TW/bestiary/bestiary-abh.json;data/zh-TW/bestiary/bestiary-ai.json;data/zh-TW/bestiary/bestiary-bgdia.json;data/zh-TW/bestiary/bestiary-bgg.json;data/zh-TW/bestiary/bestiary-bmt.json;data/zh-TW/bestiary/bestiary-cm.json;data/zh-TW/bestiary/bestiary-coa.json;data/zh-TW/bestiary/bestiary-crcotn.json;data/zh-TW/bestiary/bestiary-ditlcot.json;data/zh-TW/bestiary/bestiary-dsotdq.json;data/zh-TW/bestiary/bestiary-efa.json;data/zh-TW/bestiary/bestiary-egw.json;data/zh-TW/bestiary/bestiary-erlw.json;data/zh-TW/bestiary/bestiary-fraif.json;data/zh-TW/bestiary/bestiary-ftd.json;data/zh-TW/bestiary/bestiary-ggr.json;data/zh-TW/bestiary/bestiary-gos.json;data/zh-TW/bestiary/bestiary-hotb.json;data/zh-TW/bestiary/bestiary-idrotf.json;data/zh-TW/bestiary/bestiary-imr.json;data/zh-TW/bestiary/bestiary-jttrc.json;data/zh-TW/bestiary/bestiary-kftgv.json;data/zh-TW/bestiary/bestiary-lfl.json;data/zh-TW/bestiary/bestiary-llk.json;data/zh-TW/bestiary/bestiary-mabjov.json;data/zh-TW/bestiary/bestiary-mcv1sc.json;data/zh-TW/bestiary/bestiary-mcv2dc.json;data/zh-TW/bestiary/bestiary-mcv4ec.json;data/zh-TW/bestiary/bestiary-mff.json;data/zh-TW/bestiary/bestiary-mismv1.json;data/zh-TW/bestiary/bestiary-mm.json;data/zh-TW/bestiary/bestiary-mot.json;data/zh-TW/bestiary/bestiary-mpmm.json;data/zh-TW/bestiary/bestiary-mpp.json;data/zh-TW/bestiary/bestiary-mtf.json;data/zh-TW/bestiary/bestiary-nf.json;data/zh-TW/bestiary/bestiary-nrh-avitw.json;data/zh-TW/bestiary/bestiary-oota.json;data/zh-TW/bestiary/bestiary-pabtso.json;data/zh-TW/bestiary/bestiary-pota.json;data/zh-TW/bestiary/bestiary-ps-x.json;data/zh-TW/bestiary/bestiary-ps-z.json;data/zh-TW/bestiary/bestiary-qftis.json;data/zh-TW/bestiary/bestiary-rhw.json;data/zh-TW/bestiary/bestiary-scc.json;data/zh-TW/bestiary/bestiary-skt.json;data/zh-TW/bestiary/bestiary-tce.json;data/zh-TW/bestiary/bestiary-tftyp.json;data/zh-TW/bestiary/bestiary-toa.json;data/zh-TW/bestiary/bestiary-veor.json;data/zh-TW/bestiary/bestiary-vgm.json;data/zh-TW/bestiary/bestiary-vrgr.json;data/zh-TW/bestiary/bestiary-wbtw.json;data/zh-TW/bestiary/bestiary-wdh.json;data/zh-TW/bestiary/bestiary-wtthc.json;data/zh-TW/bestiary/bestiary-xmm.json;data/zh-TW/bestiary/bestiary-xphb.json;data/zh-TW/bestiary/fluff-bestiary-mm.json;data/zh-TW/bestiary/fluff-bestiary-vgm.json;data/zh-TW/character-options/races.json;data/zh-TW/items/items-005.json;data/zh-TW/reference-pages/rewards.json
name,Mephits,,魔蝠,existing-site,data/zh-TW/bestiary/fluff-bestiary-mm.json;data/zh-TW/bestiary/fluff-bestiary-xmm.json
name,Military,,軍用,existing-site,data/zh-TW/rules/variantrules.json
name,Moa,,莫阿,existing-site,data/zh-TW/reference-pages/rewards.json
name,Musharib,,穆沙瑞卜,existing-site,data/zh-TW/bestiary/bestiary-toa.json;data/zh-TW/bestiary/fluff-bestiary-toa.json
name,Myrkul,,米爾寇,existing-site,data/zh-TW/reference-pages/deities.json
name,Nanny Pu'pu,,普普奶奶,existing-site,data/zh-TW/bestiary/bestiary-toa.json;data/zh-TW/bestiary/fluff-bestiary-toa.json
name,Needle,,針,existing-site,data/zh-TW/bestiary/bestiary-mff.json;data/zh-TW/items/items-base.json
name,Night Hag,,夜鬼婆,existing-site,data/zh-TW/bestiary/bestiary-mm.json;data/zh-TW/bestiary/bestiary-xmm.json;data/zh-TW/bestiary/fluff-bestiary-mm.json;data/zh-TW/bestiary/fluff-bestiary-xmm.json;data/zh-TW/bestiary/legendarygroups.json
name,Nine-Fingers Keene,,九指基恩,existing-site,data/zh-TW/bestiary/bestiary-bgdia.json;data/zh-TW/bestiary/fluff-bestiary-bgdia.json
name,Oghma,,歐格瑪,existing-site,data/zh-TW/reference-pages/deities.json
name,Orvex Ocrammas,,奧爾威克斯·歐誇瑪斯,existing-site,data/zh-TW/bestiary/bestiary-toa.json;data/zh-TW/bestiary/fluff-bestiary-toa.json
name,Plane Shift,,位面轉移,existing-site,data/zh-TW/bestiary/bestiary-bmt.json;data/zh-TW/items/items-001.json;data/zh-TW/spells/spells-phb.json;data/zh-TW/spells/spells-xphb.json
name,Plesiosaurus,,蛇頸龍,existing-site,data/zh-TW/bestiary/bestiary-mm.json;data/zh-TW/bestiary/bestiary-xmm.json;data/zh-TW/bestiary/fluff-bestiary-mm.json;data/zh-TW/bestiary/fluff-bestiary-xmm.json
name,Poison Immunity,,中毒免疫,existing-site,data/zh-TW/bestiary/fluff-bestiary-mm.json;data/zh-TW/character-options/races.json;data/zh-TW/items/item-groups.json;data/zh-TW/reference-pages/rewards.json;data/zh-TW/rules/conditionsdiseases.json
name,Prey,,獵物,existing-site,data/zh-TW/bestiary/bestiary-mabjov.json
name,Princeps Kovik,,元首科維克,existing-site,data/zh-TW/bestiary/bestiary-bgdia.json;data/zh-TW/bestiary/fluff-bestiary-bgdia.json
name,Pterafolk,,翼手獸,existing-site,data/zh-TW/bestiary/bestiary-toa.json;data/zh-TW/bestiary/fluff-bestiary-toa.json
name,Pteranodon,,翼龍,existing-site,data/zh-TW/bestiary/bestiary-mm.json;data/zh-TW/bestiary/bestiary-xmm.json;data/zh-TW/bestiary/fluff-bestiary-mm.json;data/zh-TW/bestiary/fluff-bestiary-xmm.json
name,Quetzalcoatlus,,風神翼龍,existing-site,data/zh-TW/bestiary/bestiary-mpmm.json;data/zh-TW/bestiary/bestiary-vgm.json;data/zh-TW/bestiary/fluff-bestiary-mpmm.json;data/zh-TW/bestiary/fluff-bestiary-vgm.json
name,Rain Catcher,,集雨器,existing-site,data/zh-TW/items/items-005.json
name,Random Encounters,,隨機遭遇,existing-site,data/zh-TW/rules/variantrules.json
name,Ras Nsi,,拉茲·納斯,existing-site,data/zh-TW/bestiary/bestiary-toa.json;data/zh-TW/bestiary/fluff-bestiary-toa.json
name,Red Wizard,,紅袍巫師會,existing-site,data/zh-TW/bestiary/bestiary-rot.json
name,Religion,,宗教,existing-site,data/zh-TW/rules/skills.json
name,Rowboats,,划艇,existing-site,data/zh-TW/craft-pages/fluff-vehicles.json
name,Ryath Root,,雷亞斯根莖,existing-site,data/zh-TW/items/items-006.json
name,Salamander,,火蜥蜴,existing-site,data/zh-TW/bestiary/bestiary-mm.json;data/zh-TW/bestiary/bestiary-xmm.json;data/zh-TW/bestiary/fluff-bestiary-mm.json;data/zh-TW/bestiary/fluff-bestiary-xmm.json
name,Salida,,薩莉達,existing-site,data/zh-TW/bestiary/bestiary-toa.json;data/zh-TW/bestiary/fluff-bestiary-toa.json
name,Sarevok,,薩瑞沃克,existing-site,data/zh-TW/bestiary/bestiary-coa.json;data/zh-TW/bestiary/bestiary-mabjov.json;data/zh-TW/bestiary/fluff-bestiary-coa.json;data/zh-TW/bestiary/fluff-bestiary-mabjov.json
name,Savras,,薩弗拉斯,existing-site,data/zh-TW/reference-pages/deities.json
name,Sekelok,,瑟克洛克,existing-site,data/zh-TW/bestiary/bestiary-toa.json
name,Shagambi,,莎根比,existing-site,data/zh-TW/reference-pages/rewards.json
name,Shago,,鯊狗,existing-site,data/zh-TW/bestiary/bestiary-toa.json;data/zh-TW/bestiary/fluff-bestiary-toa.json
name,Shambling Mound,,蔓生怪,existing-site,data/zh-TW/bestiary/bestiary-mm.json;data/zh-TW/bestiary/bestiary-xmm.json;data/zh-TW/bestiary/fluff-bestiary-mm.json;data/zh-TW/bestiary/fluff-bestiary-xmm.json
name,Shatterstick,,粉碎棒,existing-site,data/zh-TW/items/items-006.json
name,Shield of the Hidden Lord,,隱藏領主的盾牌,existing-site,data/zh-TW/items/fluff-items.json;data/zh-TW/items/items-006.json
name,Shivering Sickness,,寒顫病,existing-site,data/zh-TW/rules/conditionsdiseases.json
name,Sibriex,,巨顱魔,existing-site,data/zh-TW/bestiary/bestiary-mpmm.json;data/zh-TW/bestiary/bestiary-mtf.json;data/zh-TW/bestiary/fluff-bestiary-mpmm.json;data/zh-TW/bestiary/fluff-bestiary-mtf.json
name,Skeletons,,骷髏們,existing-site,data/zh-TW/bestiary/fluff-bestiary-xmm.json
name,Slaadi,,史拉蟾,existing-site,data/zh-TW/bestiary/fluff-bestiary-mm.json;data/zh-TW/bestiary/fluff-bestiary-xmm.json
name,Specter,,惡靈,existing-site,data/zh-TW/bestiary/bestiary-mm.json;data/zh-TW/bestiary/bestiary-xmm.json;data/zh-TW/bestiary/fluff-bestiary-mm.json;data/zh-TW/bestiary/fluff-bestiary-xmm.json
name,Spellcasting,,施法,existing-site,data/zh-TW/bestiary/bestiary-aatm.json;data/zh-TW/bestiary/bestiary-abh.json;data/zh-TW/bestiary/bestiary-ai.json;data/zh-TW/bestiary/bestiary-aitfr-fcd.json;data/zh-TW/bestiary/bestiary-aitfr-isf.json;data/zh-TW/bestiary/bestiary-aitfr-thp.json;data/zh-TW/bestiary/bestiary-bam.json;data/zh-TW/bestiary/bestiary-bgdia.json;data/zh-TW/bestiary/bestiary-bgg.json;data/zh-TW/bestiary/bestiary-bmt.json;data/zh-TW/bestiary/bestiary-cm.json;data/zh-TW/bestiary/bestiary-coa.json;data/zh-TW/bestiary/bestiary-cos.json;data/zh-TW/bestiary/bestiary-crcotn.json;data/zh-TW/bestiary/bestiary-dip.json;data/zh-TW/bestiary/bestiary-dod.json;data/zh-TW/bestiary/bestiary-dsotdq.json;data/zh-TW/bestiary/bestiary-efa.json;data/zh-TW/bestiary/bestiary-egw.json;data/zh-TW/bestiary/bestiary-erlw.json;data/zh-TW/bestiary/bestiary-fraif.json;data/zh-TW/bestiary/bestiary-ftd.json;data/zh-TW/bestiary/bestiary-ggr.json;data/zh-TW/bestiary/bestiary-gos.json;data/zh-TW/bestiary/bestiary-hat-tg.json;data/zh-TW/bestiary/bestiary-hftt.json;data/zh-TW/bestiary/bestiary-hol.json;data/zh-TW/bestiary/bestiary-hotdq.json;data/zh-TW/bestiary/bestiary-idrotf.json;data/zh-TW/bestiary/bestiary-imr.json;data/zh-TW/bestiary/bestiary-jttrc.json;data/zh-TW/bestiary/bestiary-kftgv.json;data/zh-TW/bestiary/bestiary-lfl.json;data/zh-TW/bestiary/bestiary-llk.json;data/zh-TW/bestiary/bestiary-lmop.json;data/zh-TW/bestiary/bestiary-lox.json;data/zh-TW/bestiary/bestiary-lr.json;data/zh-TW/bestiary/bestiary-lrdt.json;data/zh-TW/bestiary/bestiary-mabjov.json;data/zh-TW/bestiary/bestiary-mcv1sc.json;data/zh-TW/bestiary/bestiary-mcv2dc.json;data/zh-TW/bestiary/bestiary-mcv4ec.json;data/zh-TW/bestiary/bestiary-mismv1.json;data/zh-TW/bestiary/bestiary-mm.json;data/zh-TW/bestiary/bestiary-mot.json;data/zh-TW/bestiary/bestiary-mpmm.json;data/zh-TW/bestiary/bestiary-mpp.json;data/zh-TW/bestiary/bestiary-mtf.json;data/zh-TW/bestiary/bestiary-nf.json;data/zh-TW/bestiary/bestiary-oota.json;data/zh-TW/bestiary/bestiary-pabtso.json;data/zh-TW/bestiary/bestiary-pota.json;data/zh-TW/bestiary/bestiary-ps-i.json;data/zh-TW/bestiary/bestiary-qftis.json;data/zh-TW/bestiary/bestiary-rhw.json;data/zh-TW/bestiary/bestiary-rot.json;data/zh-TW/bestiary/bestiary-rtg.json;data/zh-TW/bestiary/bestiary-scc.json;data/zh-TW/bestiary/bestiary-sdw.json;data/zh-TW/bestiary/bestiary-skt.json;data/zh-TW/bestiary/bestiary-tftyp.json;data/zh-TW/bestiary/bestiary-toa.json;data/zh-TW/bestiary/bestiary-vd.json;data/zh-TW/bestiary/bestiary-veor.json;data/zh-TW/bestiary/bestiary-vgm.json;data/zh-TW/bestiary/bestiary-wbtw.json;data/zh-TW/bestiary/bestiary-wdh.json;data/zh-TW/bestiary/bestiary-wdmm.json;data/zh-TW/bestiary/bestiary-xmm.json;data/zh-TW/bestiary/fluff-bestiary-idrotf.json;data/zh-TW/class/class-artificer.json;data/zh-TW/class/class-bard.json;data/zh-TW/class/class-cleric.json;data/zh-TW/class/class-druid.json;data/zh-TW/class/class-fighter.json;data/zh-TW/class/class-paladin.json;data/zh-TW/class/class-ranger.json;data/zh-TW/class/class-rogue.json;data/zh-TW/class/class-sidekick.json;data/zh-TW/class/class-sorcerer.json;data/zh-TW/class/class-wizard.json;data/zh-TW/items/item-groups.json;data/zh-TW/items/items-002.json;data/zh-TW/items/items-003.json;data/zh-TW/items/items-004.json;data/zh-TW/items/items-005.json;data/zh-TW/items/items-006.json;data/zh-TW/items/magicvariants.json;data/zh-TW/rules/generated/gendata-variantrules.json;data/zh-TW/rules/variantrules.json
name,Spiked Chain,,刺鏈,existing-site,data/zh-TW/bestiary/bestiary-ggr.json;data/zh-TW/bestiary/bestiary-mpmm.json;data/zh-TW/bestiary/bestiary-mtf.json;data/zh-TW/bestiary/bestiary-vgm.json
name,Statue,,雕像,existing-site,data/zh-TW/items/items-001.json
name,Stegosaurus,,劍龍,existing-site,data/zh-TW/bestiary/bestiary-mpmm.json;data/zh-TW/bestiary/bestiary-vgm.json;data/zh-TW/bestiary/fluff-bestiary-mpmm.json;data/zh-TW/bestiary/fluff-bestiary-vgm.json
name,Stirge,,蚊蝠,existing-site,data/zh-TW/bestiary/bestiary-mm.json;data/zh-TW/bestiary/bestiary-xmm.json;data/zh-TW/bestiary/fluff-bestiary-mm.json;data/zh-TW/bestiary/fluff-bestiary-xmm.json
name,Stirges,,蚊蝠們,existing-site,data/zh-TW/bestiary/fluff-bestiary-xmm.json
name,Strawbundle's Charm,,草包的護咒,existing-site,data/zh-TW/reference-pages/rewards.json
name,Summon Swarm {@recharge 5},,召喚蜂群 {@recharge 5},existing-site,data/zh-TW/bestiary/bestiary-toa.json
name,Sune,,淑妮,existing-site,data/zh-TW/reference-pages/deities.json
name,Survivor,,生還者,existing-site,data/zh-TW/bestiary/bestiary-mpmm.json;data/zh-TW/bestiary/bestiary-vgm.json;data/zh-TW/character-options/feats.json;data/zh-TW/character-options/races.json;data/zh-TW/class/class-fighter.json
name,Swarms of Insects,,昆蟲叢集,existing-site,data/zh-TW/bestiary/fluff-bestiary-rhw.json
name,Sylvira Savikas,,西爾維拉·薩維卡斯,existing-site,data/zh-TW/bestiary/bestiary-bgdia.json
name,Tabaxi,,斑貓人,existing-site,data/zh-TW/bestiary/fluff-bestiary-toa.json;data/zh-TW/character-options/fluff-races.json;data/zh-TW/character-options/races.json
name,Tabaxi Hunter,,斑貓獵人,existing-site,data/zh-TW/bestiary/bestiary-toa.json;data/zh-TW/bestiary/fluff-bestiary-toa.json
name,Tej,,特吉,existing-site,data/zh-TW/items/items-007.json
name,Teleporter,,傳送器,existing-site,data/zh-TW/craft-pages/vehicles.json
name,Tentacles,,觸鬚,existing-site,data/zh-TW/bestiary/bestiary-bgg.json;data/zh-TW/bestiary/bestiary-dosi.json;data/zh-TW/bestiary/bestiary-ggr.json;data/zh-TW/bestiary/bestiary-idrotf.json;data/zh-TW/bestiary/bestiary-mm.json;data/zh-TW/bestiary/bestiary-mpmm.json;data/zh-TW/bestiary/bestiary-pabtso.json;data/zh-TW/bestiary/bestiary-ps-z.json;data/zh-TW/bestiary/bestiary-rhw.json;data/zh-TW/bestiary/bestiary-ttp.json;data/zh-TW/bestiary/bestiary-vgm.json;data/zh-TW/bestiary/bestiary-vrgr.json;data/zh-TW/bestiary/bestiary-wbtw.json;data/zh-TW/bestiary/bestiary-wdmm.json;data/zh-TW/bestiary/bestiary-wtthc.json;data/zh-TW/bestiary/bestiary-xmm.json;data/zh-TW/bestiary/fluff-bestiary-vgm.json;data/zh-TW/craft-pages/homecrafts.json;data/zh-TW/craft-pages/vehicles.json
name,Tethyrian,,泰瑟爾人,existing-site,data/zh-TW/character-options/fluff-races.json
name,Throat Leeches,,咽喉水蛭,existing-site,data/zh-TW/rules/conditionsdiseases.json
name,Tiamat,,提亞馬特,existing-site,data/zh-TW/bestiary/bestiary-rot.json;data/zh-TW/bestiary/fluff-bestiary-rot.json;data/zh-TW/reference-pages/deities.json
name,Tiger,,虎,existing-site,data/zh-TW/bestiary/bestiary-mm.json;data/zh-TW/bestiary/bestiary-xmm.json;data/zh-TW/bestiary/fluff-bestiary-xmm.json;data/zh-TW/class/class-barbarian.json
name,Torm,,託姆,existing-site,data/zh-TW/reference-pages/deities.json
name,Trap,,陷阱,existing-site,data/zh-TW/bestiary/legendarygroups.json
name,Treasure,,寶藏,existing-site,data/zh-TW/bestiary/fluff-bestiary-wdh.json;data/zh-TW/items/items-base.json
name,Tri-flower Frond,,三花株,existing-site,data/zh-TW/bestiary/bestiary-toa.json;data/zh-TW/bestiary/fluff-bestiary-toa.json
name,Triceratops,,三角龍,existing-site,data/zh-TW/bestiary/bestiary-mm.json;data/zh-TW/bestiary/bestiary-xmm.json;data/zh-TW/bestiary/fluff-bestiary-mm.json;data/zh-TW/bestiary/fluff-bestiary-xmm.json
name,Troll,,巨魔,existing-site,data/zh-TW/bestiary/bestiary-mm.json;data/zh-TW/bestiary/bestiary-xmm.json;data/zh-TW/bestiary/fluff-bestiary-mm.json;data/zh-TW/bestiary/fluff-bestiary-mtf.json;data/zh-TW/bestiary/fluff-bestiary-xmm.json
name,Tymora,,泰摩拉,existing-site,data/zh-TW/reference-pages/deities.json
name,Tyr,,提爾,existing-site,data/zh-TW/reference-pages/deities.json
name,Umberlee,,安博裡,existing-site,data/zh-TW/reference-pages/deities.json
name,Undead,,亡靈,existing-site,data/zh-TW/items/items-001.json
name,Underground River,,地下河,existing-site,data/zh-TW/bestiary/fluff-bestiary-ftd.json
name,Vegepygmies,,孢子人們,existing-site,data/zh-TW/bestiary/fluff-bestiary-mpmm.json;data/zh-TW/bestiary/fluff-bestiary-qftis.json
name,Velociraptor,,伶盜龍,existing-site,data/zh-TW/bestiary/bestiary-mpmm.json;data/zh-TW/bestiary/bestiary-vgm.json;data/zh-TW/bestiary/fluff-bestiary-mpmm.json;data/zh-TW/bestiary/fluff-bestiary-vgm.json
name,"Volothamp ""Volo"" Geddarm",,"瓦羅贊普""瓦羅""格達姆",existing-site,data/zh-TW/bestiary/bestiary-toa.json;data/zh-TW/bestiary/fluff-bestiary-toa.json
name,Wakanga O'tamu,,瓦康嘎·歐塔姆,existing-site,data/zh-TW/bestiary/bestiary-toa.json;data/zh-TW/bestiary/fluff-bestiary-toa.json
name,Wall of Fire,,火牆術,existing-site,data/zh-TW/spells/spells-phb.json;data/zh-TW/spells/spells-xphb.json
name,Waukeen,,渥金,existing-site,data/zh-TW/reference-pages/deities.json
name,Wereboar,,野豬人,existing-site,data/zh-TW/bestiary/bestiary-mm.json;data/zh-TW/bestiary/bestiary-xmm.json;data/zh-TW/bestiary/fluff-bestiary-mm.json;data/zh-TW/bestiary/fluff-bestiary-tftyp.json;data/zh-TW/bestiary/fluff-bestiary-xmm.json
name,Weretiger,,虎人,existing-site,data/zh-TW/bestiary/bestiary-mm.json;data/zh-TW/bestiary/bestiary-xmm.json;data/zh-TW/bestiary/fluff-bestiary-mm.json;data/zh-TW/bestiary/fluff-bestiary-tftyp.json;data/zh-TW/bestiary/fluff-bestiary-xmm.json
name,Wight,,屍妖,existing-site,data/zh-TW/bestiary/bestiary-mm.json;data/zh-TW/bestiary/bestiary-xmm.json;data/zh-TW/bestiary/fluff-bestiary-mm.json;data/zh-TW/bestiary/fluff-bestiary-xmm.json
name,Wildroot,,荒根,existing-site,data/zh-TW/items/items-007.json
name,Yahcha,,亞查甲蟲,existing-site,data/zh-TW/items/items-008.json
name,Yeenoghu,,耶諾古,existing-site,data/zh-TW/bestiary/bestiary-mpmm.json;data/zh-TW/bestiary/bestiary-mtf.json;data/zh-TW/bestiary/fluff-bestiary-mm.json;data/zh-TW/bestiary/fluff-bestiary-mpmm.json;data/zh-TW/bestiary/fluff-bestiary-mtf.json;data/zh-TW/bestiary/legendarygroups.json
name,Yklwa,,伊庫瓦短矛,existing-site,data/zh-TW/items/items-base.json
name,Yuan-Ti,,蛇人,existing-site,data/zh-TW/bestiary/fluff-bestiary-mm.json;data/zh-TW/bestiary/fluff-bestiary-xmm.json;data/zh-TW/character-options/fluff-races.json;data/zh-TW/character-options/races.json
name,Yuan-ti,,蛇人,existing-site,data/zh-TW/bestiary/fluff-bestiary-mm.json;data/zh-TW/bestiary/fluff-bestiary-xmm.json;data/zh-TW/character-options/fluff-races.json;data/zh-TW/character-options/races.json
name,Zabou,,扎孢菇,existing-site,data/zh-TW/items/items-008.json
name,Zariel,,扎瑞爾,existing-site,data/zh-TW/bestiary/bestiary-coa.json;data/zh-TW/bestiary/bestiary-mpmm.json;data/zh-TW/bestiary/bestiary-mtf.json;data/zh-TW/bestiary/fluff-bestiary-coa.json;data/zh-TW/bestiary/fluff-bestiary-mpmm.json;data/zh-TW/bestiary/fluff-bestiary-mtf.json;data/zh-TW/bestiary/legendarygroups.json;data/zh-TW/character-options/races.json
name,Zhanthi,,絳則,existing-site,data/zh-TW/bestiary/bestiary-toa.json;data/zh-TW/bestiary/fluff-bestiary-toa.json
name,Zombies,,喪屍們,existing-site,data/zh-TW/bestiary/fluff-bestiary-rhw.json;data/zh-TW/bestiary/fluff-bestiary-xmm.json
name,allosaurus,,異特龍,existing-site,data/zh-TW/bestiary/bestiary-mm.json;data/zh-TW/bestiary/bestiary-xmm.json;data/zh-TW/bestiary/fluff-bestiary-mm.json;data/zh-TW/bestiary/fluff-bestiary-xmm.json
name,amnizu,,安祖魔,existing-site,data/zh-TW/bestiary/bestiary-mpmm.json;data/zh-TW/bestiary/bestiary-mtf.json;data/zh-TW/bestiary/fluff-bestiary-mpmm.json;data/zh-TW/bestiary/fluff-bestiary-mtf.json
name,beholder,,眼魔,existing-site,data/zh-TW/bestiary/bestiary-mm.json;data/zh-TW/bestiary/bestiary-xmm.json;data/zh-TW/bestiary/fluff-bestiary-mm.json;data/zh-TW/bestiary/fluff-bestiary-xmm.json;data/zh-TW/bestiary/legendarygroups.json;data/zh-TW/craft-pages/fluff-homecrafts.json;data/zh-TW/craft-pages/homecrafts.json
name,cart,,二輪貨車,existing-site,data/zh-TW/items/items-001.json
name,creature,,生物,existing-site,data/zh-TW/rules/variantrules.json;data/zh-TW/spells/spells-phb.json;data/zh-TW/spells/spells-xphb.json
name,dao,,土巨靈,existing-site,data/zh-TW/bestiary/bestiary-mm.json;data/zh-TW/bestiary/bestiary-xmm.json;data/zh-TW/bestiary/fluff-bestiary-mm.json;data/zh-TW/bestiary/fluff-bestiary-xmm.json;data/zh-TW/class/class-warlock.json
name,grungs,,格龍蛙人們,existing-site,data/zh-TW/bestiary/fluff-bestiary-mpmm.json
name,lemure,,劣魔,existing-site,data/zh-TW/bestiary/bestiary-mm.json;data/zh-TW/bestiary/bestiary-xmm.json;data/zh-TW/bestiary/fluff-bestiary-mm.json;data/zh-TW/bestiary/fluff-bestiary-xmm.json
name,lemures,,劣魔們,existing-site,data/zh-TW/bestiary/fluff-bestiary-mm.json;data/zh-TW/bestiary/fluff-bestiary-xmm.json
name,skill,,技能,existing-site,data/zh-TW/rules/variantrules.json
name,spell,,法術,existing-site,data/zh-TW/class/class-artificer.json;data/zh-TW/class/class-bard.json;data/zh-TW/class/class-cleric.json;data/zh-TW/class/class-druid.json;data/zh-TW/class/class-fighter.json;data/zh-TW/class/class-paladin.json;data/zh-TW/class/class-ranger.json;data/zh-TW/class/class-rogue.json;data/zh-TW/class/class-sidekick.json;data/zh-TW/class/class-sorcerer.json;data/zh-TW/class/class-warlock.json;data/zh-TW/class/class-wizard.json;data/zh-TW/rules/variantrules.json
name,tabaxi,,斑貓人,existing-site,data/zh-TW/bestiary/fluff-bestiary-toa.json;data/zh-TW/character-options/fluff-races.json;data/zh-TW/character-options/races.json
name,vegepygmy,,孢子人,existing-site,data/zh-TW/bestiary/bestiary-mpmm.json;data/zh-TW/bestiary/bestiary-vgm.json;data/zh-TW/bestiary/fluff-bestiary-mpmm.json;data/zh-TW/bestiary/fluff-bestiary-qftis.json;data/zh-TW/bestiary/fluff-bestiary-vgm.json;data/zh-TW/reference-pages/languages.json
name,yklwa,,伊庫瓦短矛,existing-site,data/zh-TW/items/items-base.json
name,yuan-ti,,蛇人,existing-site,data/zh-TW/bestiary/fluff-bestiary-mm.json;data/zh-TW/bestiary/fluff-bestiary-xmm.json;data/zh-TW/character-options/fluff-races.json;data/zh-TW/character-options/races.json
name,zorbo,,佐博怪,existing-site,data/zh-TW/bestiary/bestiary-toa.json;data/zh-TW/bestiary/fluff-bestiary-toa.json
race,tiefling,,提夫林,existing-site,data/zh-TW/character-options/fluff-races.json;data/zh-TW/character-options/races.json
recipe,Elverquisst,HFFotM,精靈奎斯特酒,existing-site,data/zh-TW/craft-pages/fluff-recipes.json;data/zh-TW/craft-pages/recipes.json
recipe,Spicy shredded stirge sliders,HFDoMM,香辣蚊蝠堡,existing-site,data/zh-TW/craft-pages/fluff-recipes.json;data/zh-TW/craft-pages/recipes.json
reward,Charm of Agelessness,BGDIA,長生不老護咒,existing-site,data/zh-TW/reference-pages/rewards.json
reward,Charm of Diabolical Inspiration,BGDIA,邪魔激勵護咒,existing-site,data/zh-TW/reference-pages/rewards.json
reward,Charm of Greater Conscription,BGDIA,高等徵召護咒,existing-site,data/zh-TW/reference-pages/rewards.json
reward,Charm of Hellish Rebuke,BGDIA,煉獄叱喝護咒,existing-site,data/zh-TW/reference-pages/rewards.json
reward,Charm of Lesser Conscription,BGDIA,次級徵召護咒,existing-site,data/zh-TW/reference-pages/rewards.json
reward,Charm of Many Tongues,BGDIA,千舌護咒,existing-site,data/zh-TW/reference-pages/rewards.json
reward,Charm of the Adamant,BGDIA,堅心護咒,existing-site,data/zh-TW/reference-pages/rewards.json
reward,blessing of health,,健康祝福,existing-site,data/zh-TW/reference-pages/rewards.json
reward,charm of heroism,,英勇護咒,existing-site,data/zh-TW/reference-pages/rewards.json
reward,charm of nine lives,ToA,九命護咒,existing-site,data/zh-TW/reference-pages/rewards.json
reward,charm of restoration,,復原護咒,existing-site,data/zh-TW/reference-pages/rewards.json
reward,charm of the crystal heart,ToA,水晶之心護咒,existing-site,data/zh-TW/reference-pages/rewards.json
reward,charm of the ghoul,ToA,食屍鬼護咒,existing-site,data/zh-TW/reference-pages/rewards.json
reward,charm of the maimed,ToA,重傷護咒,existing-site,data/zh-TW/reference-pages/rewards.json
reward,charm of the swollen hag,ToA,腫脹鬼婆護咒,existing-site,data/zh-TW/reference-pages/rewards.json
reward,charm of treasure sense,ToA,財寶感知護咒,existing-site,data/zh-TW/reference-pages/rewards.json
reward,charm of vitality,,活力護咒,existing-site,data/zh-TW/reference-pages/rewards.json
sense,blindsight,,盲視,existing-site,data/zh-TW/character-options/feats.json;data/zh-TW/character-options/races.json;data/zh-TW/class/class-monk.json;data/zh-TW/reference-pages/rewards.json;data/zh-TW/rules/senses.json;data/zh-TW/spells/spells-ftd.json
sense,blindsight,PHB,盲視,existing-site,data/zh-TW/character-options/feats.json;data/zh-TW/character-options/races.json;data/zh-TW/class/class-monk.json;data/zh-TW/reference-pages/rewards.json;data/zh-TW/rules/senses.json;data/zh-TW/spells/spells-ftd.json
sense,darkvision,,黑暗視覺,existing-site,data/zh-TW/bestiary/bestiary-mpmm.json;data/zh-TW/character-options/races.json;data/zh-TW/class/class-monk.json;data/zh-TW/class/class-wizard.json;data/zh-TW/items/items-000.json;data/zh-TW/items/items-006.json;data/zh-TW/reference-pages/rewards.json;data/zh-TW/rules/senses.json;data/zh-TW/spells/spells-phb.json;data/zh-TW/spells/spells-xphb.json
sense,darkvision,PHB,黑暗視覺,existing-site,data/zh-TW/bestiary/bestiary-mpmm.json;data/zh-TW/character-options/races.json;data/zh-TW/class/class-monk.json;data/zh-TW/class/class-wizard.json;data/zh-TW/items/items-000.json;data/zh-TW/items/items-006.json;data/zh-TW/reference-pages/rewards.json;data/zh-TW/rules/senses.json;data/zh-TW/spells/spells-phb.json;data/zh-TW/spells/spells-xphb.json
sense,truesight,PHB,真實視覺,existing-site,data/zh-TW/character-options/feats.json;data/zh-TW/items/item-groups.json;data/zh-TW/items/items-002.json;data/zh-TW/items/items-007.json;data/zh-TW/psionics/psionics.json;data/zh-TW/rules/senses.json
skill,Acrobatics,,體操,existing-site,data/zh-TW/rules/skills.json
skill,Acrobatics,PHB,體操,existing-site,data/zh-TW/rules/skills.json
skill,Animal Handling,,馴獸,existing-site,data/zh-TW/rules/skills.json
skill,Animal Handling,PHB,馴獸,existing-site,data/zh-TW/rules/skills.json
skill,Arcana,,奧秘,existing-site,data/zh-TW/items/items-002.json;data/zh-TW/items/items-003.json;data/zh-TW/items/items-base.json;data/zh-TW/rules/skills.json;data/zh-TW/rules/variantrules.json
skill,Arcana,PHB,奧秘,existing-site,data/zh-TW/items/items-002.json;data/zh-TW/items/items-003.json;data/zh-TW/items/items-base.json;data/zh-TW/rules/skills.json;data/zh-TW/rules/variantrules.json
skill,Athletics,,運動,existing-site,data/zh-TW/rules/skills.json
skill,Athletics,PHB,運動,existing-site,data/zh-TW/rules/skills.json
skill,Deception,,欺瞞,existing-site,data/zh-TW/items/items-001.json;data/zh-TW/items/items-002.json;data/zh-TW/rules/skills.json;data/zh-TW/rules/variantrules.json
skill,Deception,PHB,欺瞞,existing-site,data/zh-TW/items/items-001.json;data/zh-TW/items/items-002.json;data/zh-TW/rules/skills.json;data/zh-TW/rules/variantrules.json
skill,History,,歷史,existing-site,data/zh-TW/bestiary/fluff-bestiary-fraif.json;data/zh-TW/bestiary/fluff-bestiary-veor.json;data/zh-TW/items/items-002.json;data/zh-TW/items/items-005.json;data/zh-TW/items/items-007.json;data/zh-TW/items/items-base.json;data/zh-TW/rules/skills.json;data/zh-TW/rules/variantrules.json
skill,History,PHB,歷史,existing-site,data/zh-TW/bestiary/fluff-bestiary-fraif.json;data/zh-TW/bestiary/fluff-bestiary-veor.json;data/zh-TW/items/items-002.json;data/zh-TW/items/items-005.json;data/zh-TW/items/items-007.json;data/zh-TW/items/items-base.json;data/zh-TW/rules/skills.json;data/zh-TW/rules/variantrules.json
skill,Insight,,洞悉,existing-site,data/zh-TW/items/items-base.json;data/zh-TW/rules/skills.json;data/zh-TW/rules/variantrules.json
skill,Insight,PHB,洞悉,existing-site,data/zh-TW/items/items-base.json;data/zh-TW/rules/skills.json;data/zh-TW/rules/variantrules.json
skill,Intimidation,,威嚇,existing-site,data/zh-TW/items/items-001.json;data/zh-TW/rules/skills.json;data/zh-TW/rules/variantrules.json
skill,Intimidation,PHB,威嚇,existing-site,data/zh-TW/items/items-001.json;data/zh-TW/rules/skills.json;data/zh-TW/rules/variantrules.json
skill,Investigation,,調查,existing-site,data/zh-TW/items/items-002.json;data/zh-TW/items/items-003.json;data/zh-TW/items/items-base.json;data/zh-TW/rules/skills.json;data/zh-TW/rules/variantrules.json
skill,Investigation,PHB,調查,existing-site,data/zh-TW/items/items-002.json;data/zh-TW/items/items-003.json;data/zh-TW/items/items-base.json;data/zh-TW/rules/skills.json;data/zh-TW/rules/variantrules.json
skill,Medicine,,醫療,existing-site,data/zh-TW/items/items-003.json;data/zh-TW/items/items-005.json;data/zh-TW/items/items-base.json;data/zh-TW/rules/skills.json;data/zh-TW/rules/variantrules.json
skill,Medicine,PHB,醫療,existing-site,data/zh-TW/items/items-003.json;data/zh-TW/items/items-005.json;data/zh-TW/items/items-base.json;data/zh-TW/rules/skills.json;data/zh-TW/rules/variantrules.json
skill,Nature,,自然,existing-site,data/zh-TW/class/fluff-class-bard.json;data/zh-TW/items/items-base.json;data/zh-TW/rules/skills.json;data/zh-TW/rules/variantrules.json
skill,Nature,PHB,自然,existing-site,data/zh-TW/class/fluff-class-bard.json;data/zh-TW/items/items-base.json;data/zh-TW/rules/skills.json;data/zh-TW/rules/variantrules.json
skill,Perception,,感知,existing-site,data/zh-TW/items/items-base.json;data/zh-TW/rules/skills.json;data/zh-TW/rules/variantrules.json
skill,Perception,PHB,感知,existing-site,data/zh-TW/items/items-base.json;data/zh-TW/rules/skills.json;data/zh-TW/rules/variantrules.json
skill,Performance,,表演,existing-site,data/zh-TW/items/items-001.json;data/zh-TW/items/items-base.json;data/zh-TW/rules/skills.json;data/zh-TW/rules/variantrules.json
skill,Performance,PHB,表演,existing-site,data/zh-TW/items/items-001.json;data/zh-TW/items/items-base.json;data/zh-TW/rules/skills.json;data/zh-TW/rules/variantrules.json
skill,Persuasion,,說服,existing-site,data/zh-TW/items/items-001.json;data/zh-TW/items/items-base.json;data/zh-TW/rules/skills.json;data/zh-TW/rules/variantrules.json
skill,Persuasion,PHB,說服,existing-site,data/zh-TW/items/items-001.json;data/zh-TW/items/items-base.json;data/zh-TW/rules/skills.json;data/zh-TW/rules/variantrules.json
skill,Religion,,宗教,existing-site,data/zh-TW/rules/skills.json
skill,Religion,PHB,宗教,existing-site,data/zh-TW/rules/skills.json
skill,Sleight of Hand,,巧手,existing-site,data/zh-TW/class/class-rogue.json;data/zh-TW/items/items-base.json;data/zh-TW/rules/skills.json;data/zh-TW/rules/variantrules.json
skill,Sleight of Hand,PHB,巧手,existing-site,data/zh-TW/class/class-rogue.json;data/zh-TW/items/items-base.json;data/zh-TW/rules/skills.json;data/zh-TW/rules/variantrules.json
skill,Stealth,,隱匿,existing-site,data/zh-TW/items/items-base.json;data/zh-TW/rules/skills.json;data/zh-TW/rules/variantrules.json
skill,Stealth,PHB,隱匿,existing-site,data/zh-TW/items/items-base.json;data/zh-TW/rules/skills.json;data/zh-TW/rules/variantrules.json
skill,Survival,,求生,existing-site,data/zh-TW/items/items-004.json;data/zh-TW/items/items-base.json;data/zh-TW/rules/skills.json;data/zh-TW/rules/variantrules.json
skill,Survival,PHB,求生,existing-site,data/zh-TW/items/items-004.json;data/zh-TW/items/items-base.json;data/zh-TW/rules/skills.json;data/zh-TW/rules/variantrules.json
skill,survival,,求生,existing-site,data/zh-TW/items/items-004.json;data/zh-TW/items/items-base.json;data/zh-TW/rules/skills.json;data/zh-TW/rules/variantrules.json
spell,Animate objects,PHB,活化物件,existing-site,data/zh-TW/spells/fluff-spells-xphb.json;data/zh-TW/spells/spells-phb.json;data/zh-TW/spells/spells-xphb.json
spell,Antimagic field,PHB,反魔法場,existing-site,data/zh-TW/spells/spells-phb.json;data/zh-TW/spells/spells-xphb.json
spell,Arcane gate,PHB,秘法門,existing-site,data/zh-TW/spells/spells-phb.json;data/zh-TW/spells/spells-xphb.json
spell,Astral projection,PHB,星界投影,existing-site,data/zh-TW/spells/spells-phb.json;data/zh-TW/spells/spells-xphb.json
spell,Augury,PHB,卜筮術,existing-site,data/zh-TW/items/items-003.json;data/zh-TW/spells/spells-phb.json;data/zh-TW/spells/spells-xphb.json
spell,Banishing smite,PHB,放逐斬,existing-site,data/zh-TW/spells/spells-phb.json;data/zh-TW/spells/spells-xphb.json
spell,Banishment,PHB,放逐術,existing-site,data/zh-TW/spells/spells-phb.json;data/zh-TW/spells/spells-xphb.json
spell,Bigby's Hand,PHB,畢格比之手,existing-site,data/zh-TW/spells/fluff-spells-xphb.json;data/zh-TW/spells/spells-phb.json;data/zh-TW/spells/spells-xphb.json
spell,Clairvoyance,PHB,鷹眼術,existing-site,data/zh-TW/spells/spells-phb.json;data/zh-TW/spells/spells-xphb.json
spell,Commune,PHB,通神術,existing-site,data/zh-TW/spells/spells-phb.json;data/zh-TW/spells/spells-xphb.json
spell,Dimension door,PHB,任意門,existing-site,data/zh-TW/spells/fluff-spells-phb.json;data/zh-TW/spells/spells-phb.json;data/zh-TW/spells/spells-xphb.json
spell,Dispel magic,PHB,解除魔法,existing-site,data/zh-TW/items/items-000.json;data/zh-TW/spells/spells-phb.json;data/zh-TW/spells/spells-xphb.json
spell,Divination,PHB,預言,existing-site,data/zh-TW/craft-pages/homecrafts.json;data/zh-TW/rules/variantrules.json;data/zh-TW/spells/spells-phb.json;data/zh-TW/spells/spells-xphb.json
spell,Etherealness,PHB,以太化,existing-site,data/zh-TW/bestiary/bestiary-cm.json;data/zh-TW/bestiary/bestiary-cos.json;data/zh-TW/bestiary/bestiary-dc.json;data/zh-TW/bestiary/bestiary-dsotdq.json;data/zh-TW/bestiary/bestiary-idrotf.json;data/zh-TW/bestiary/bestiary-mm.json;data/zh-TW/bestiary/bestiary-ps-i.json;data/zh-TW/bestiary/bestiary-xmm.json;data/zh-TW/spells/spells-phb.json;data/zh-TW/spells/spells-xphb.json
spell,Find Familiar,PHB,尋獲魔寵,existing-site,data/zh-TW/spells/fluff-spells-xphb.json;data/zh-TW/spells/spells-phb.json;data/zh-TW/spells/spells-xphb.json
spell,Find Steed,PHB,尋獲坐騎,existing-site,data/zh-TW/spells/spells-phb.json;data/zh-TW/spells/spells-xphb.json
spell,Find the Path,PHB,尋路術,existing-site,data/zh-TW/spells/spells-phb.json;data/zh-TW/spells/spells-xphb.json
spell,Find traps,PHB,尋找陷阱,existing-site,data/zh-TW/spells/spells-phb.json;data/zh-TW/spells/spells-xphb.json
spell,Fog Cloud,PHB,雲霧術,existing-site,data/zh-TW/spells/spells-phb.json;data/zh-TW/spells/spells-xphb.json
spell,Gate,PHB,異界之門,existing-site,data/zh-TW/spells/fluff-spells-xphb.json;data/zh-TW/spells/spells-phb.json;data/zh-TW/spells/spells-xphb.json
spell,Hellish Rebuke,PHB,煉獄叱喝,existing-site,data/zh-TW/bestiary/bestiary-xmm.json;data/zh-TW/craft-pages/fluff-recipes.json;data/zh-TW/craft-pages/recipes.json;data/zh-TW/spells/spells-phb.json;data/zh-TW/spells/spells-xphb.json
spell,Leomund's tiny hut,PHB,李歐蒙小屋,existing-site,data/zh-TW/spells/spells-phb.json;data/zh-TW/spells/spells-xphb.json
spell,Mage Hand,PHB,法師之手,existing-site,data/zh-TW/spells/spells-phb.json;data/zh-TW/spells/spells-xphb.json
spell,Nystul's magic aura,PHB,涅斯圖魔法靈光,existing-site,data/zh-TW/spells/spells-phb.json;data/zh-TW/spells/spells-xphb.json
spell,Otto's irresistible dance,PHB,奧圖迷舞,existing-site,data/zh-TW/spells/spells-phb.json;data/zh-TW/spells/spells-xphb.json
spell,Passwall,PHB,穿牆術,existing-site,data/zh-TW/spells/spells-phb.json;data/zh-TW/spells/spells-xphb.json
spell,Plane shift,PHB,位面轉移,existing-site,data/zh-TW/bestiary/bestiary-bmt.json;data/zh-TW/items/items-001.json;data/zh-TW/spells/spells-phb.json;data/zh-TW/spells/spells-xphb.json
spell,Rary's Telepathic Bond,PHB,拉瑞心靈聯結,existing-site,data/zh-TW/spells/spells-phb.json;data/zh-TW/spells/spells-xphb.json
spell,Remove curse,PHB,移除詛咒,existing-site,data/zh-TW/spells/spells-phb.json;data/zh-TW/spells/spells-xphb.json
spell,Stone shape,PHB,塑石術,existing-site,data/zh-TW/spells/spells-phb.json;data/zh-TW/spells/spells-xphb.json
spell,Tasha's hideous laughter,PHB,塔莎狂笑術,existing-site,data/zh-TW/spells/spells-phb.json;data/zh-TW/spells/spells-xphb.json
spell,Teleport,PHB,傳送術,existing-site,data/zh-TW/bestiary/bestiary-coa.json;data/zh-TW/bestiary/bestiary-erlw.json;data/zh-TW/bestiary/bestiary-idrotf.json;data/zh-TW/bestiary/bestiary-mabjov.json;data/zh-TW/bestiary/bestiary-mm.json;data/zh-TW/bestiary/bestiary-mpmm.json;data/zh-TW/bestiary/bestiary-mpp.json;data/zh-TW/bestiary/bestiary-mtf.json;data/zh-TW/bestiary/bestiary-pabtso.json;data/zh-TW/bestiary/bestiary-veor.json;data/zh-TW/bestiary/bestiary-xmm.json;data/zh-TW/craft-pages/vehicles.json;data/zh-TW/spells/spells-phb.json;data/zh-TW/spells/spells-xphb.json
spell,Teleportation circle,PHB,傳送法陣,existing-site,data/zh-TW/bastions/bastions.json;data/zh-TW/spells/spells-phb.json;data/zh-TW/spells/spells-xphb.json
spell,Tenser's floating disk,PHB,譚森浮碟術,existing-site,data/zh-TW/spells/fluff-spells-xphb.json;data/zh-TW/spells/spells-phb.json;data/zh-TW/spells/spells-xphb.json
spell,Transport via plants,PHB,木遁術,existing-site,data/zh-TW/spells/fluff-spells-xphb.json;data/zh-TW/spells/spells-phb.json;data/zh-TW/spells/spells-xphb.json
spell,Tree stride,PHB,樹躍術,existing-site,data/zh-TW/bestiary/bestiary-ggr.json;data/zh-TW/bestiary/bestiary-mabjov.json;data/zh-TW/bestiary/bestiary-mcv4ec.json;data/zh-TW/bestiary/bestiary-mm.json;data/zh-TW/bestiary/bestiary-mpmm.json;data/zh-TW/bestiary/bestiary-rhw.json;data/zh-TW/bestiary/bestiary-rtg.json;data/zh-TW/bestiary/bestiary-vgm.json;data/zh-TW/bestiary/bestiary-xmm.json;data/zh-TW/spells/fluff-spells-xphb.json;data/zh-TW/spells/spells-phb.json;data/zh-TW/spells/spells-xphb.json
spell,Wish,PHB,祈願術,existing-site,data/zh-TW/bestiary/bestiary-bam.json;data/zh-TW/items/item-groups.json;data/zh-TW/items/items-007.json;data/zh-TW/items/magicvariants.json;data/zh-TW/spells/spells-phb.json;data/zh-TW/spells/spells-xphb.json
spell,Word of recall,PHB,回返真言,existing-site,data/zh-TW/spells/spells-phb.json;data/zh-TW/spells/spells-xphb.json
spell,acid splash,PHB,酸液飛濺,existing-site,data/zh-TW/bestiary/bestiary-mtf.json;data/zh-TW/spells/spells-phb.json;data/zh-TW/spells/spells-xphb.json
spell,alarm,PHB,警報術,existing-site,data/zh-TW/items/magicvariants.json;data/zh-TW/spells/spells-phb.json;data/zh-TW/spells/spells-xphb.json
spell,alter self,PHB,變身術,existing-site,data/zh-TW/spells/spells-phb.json;data/zh-TW/spells/spells-xphb.json
spell,animal friendship,PHB,化獸為友,existing-site,data/zh-TW/spells/spells-phb.json;data/zh-TW/spells/spells-xphb.json
spell,animate dead,PHB,活化死屍,existing-site,data/zh-TW/spells/spells-phb.json;data/zh-TW/spells/spells-xphb.json
spell,antimagic field,PHB,反魔法場,existing-site,data/zh-TW/spells/spells-phb.json;data/zh-TW/spells/spells-xphb.json
spell,antipathy/sympathy,PHB,嫌惡術/關懷術,existing-site,data/zh-TW/spells/spells-phb.json;data/zh-TW/spells/spells-xphb.json
spell,arcane gate,PHB,秘法門,existing-site,data/zh-TW/spells/spells-phb.json;data/zh-TW/spells/spells-xphb.json
spell,arcane lock,PHB,秘法鎖,existing-site,data/zh-TW/spells/spells-phb.json;data/zh-TW/spells/spells-xphb.json
spell,astral projection,PHB,星界投影,existing-site,data/zh-TW/spells/spells-phb.json;data/zh-TW/spells/spells-xphb.json
spell,augury,PHB,卜筮術,existing-site,data/zh-TW/items/items-003.json;data/zh-TW/spells/spells-phb.json;data/zh-TW/spells/spells-xphb.json
spell,awaken,PHB,啟蒙術,existing-site,data/zh-TW/spells/spells-phb.json;data/zh-TW/spells/spells-xphb.json
spell,banishing smite,PHB,放逐斬,existing-site,data/zh-TW/spells/spells-phb.json;data/zh-TW/spells/spells-xphb.json
spell,banishment,PHB,放逐術,existing-site,data/zh-TW/spells/spells-phb.json;data/zh-TW/spells/spells-xphb.json
spell,bless,PHB,祝福術,existing-site,data/zh-TW/spells/spells-phb.json;data/zh-TW/spells/spells-xphb.json
spell,blight,PHB,枯萎術,existing-site,data/zh-TW/spells/spells-phb.json;data/zh-TW/spells/spells-xphb.json
spell,branding smite,PHB,印記斬,existing-site,data/zh-TW/spells/spells-phb.json
spell,burning hands,PHB,燃燒之手,existing-site,data/zh-TW/spells/fluff-spells-phb.json;data/zh-TW/spells/spells-phb.json;data/zh-TW/spells/spells-xphb.json
spell,call lightning,PHB,召雷術,existing-site,data/zh-TW/spells/spells-phb.json;data/zh-TW/spells/spells-xphb.json
spell,calm emotions,PHB,安定心神,existing-site,data/zh-TW/spells/spells-phb.json;data/zh-TW/spells/spells-xphb.json
spell,charm person,PHB,魅惑類人,existing-site,data/zh-TW/spells/spells-phb.json;data/zh-TW/spells/spells-xphb.json
spell,cloud of daggers,PHB,匕首之雲,existing-site,data/zh-TW/spells/spells-phb.json;data/zh-TW/spells/spells-xphb.json
spell,cloudkill,PHB,死雲術,existing-site,data/zh-TW/spells/fluff-spells-phb.json;data/zh-TW/spells/spells-phb.json;data/zh-TW/spells/spells-xphb.json
spell,color spray,PHB,七彩噴射,existing-site,data/zh-TW/spells/spells-phb.json;data/zh-TW/spells/spells-xphb.json
spell,commune,PHB,通神術,existing-site,data/zh-TW/spells/spells-phb.json;data/zh-TW/spells/spells-xphb.json
spell,commune with nature,PHB,問道自然,existing-site,data/zh-TW/spells/spells-phb.json;data/zh-TW/spells/spells-xphb.json
spell,comprehend languages,PHB,通曉語言,existing-site,data/zh-TW/character-options/feats.json;data/zh-TW/spells/spells-phb.json;data/zh-TW/spells/spells-xphb.json
spell,confusion,PHB,困惑術,existing-site,data/zh-TW/bestiary/bestiary-mpmm.json;data/zh-TW/spells/spells-phb.json;data/zh-TW/spells/spells-xphb.json
spell,contact other plane,PHB,異界探知,existing-site,data/zh-TW/spells/spells-phb.json;data/zh-TW/spells/spells-xphb.json
spell,contagion,PHB,疫病術,existing-site,data/zh-TW/spells/spells-phb.json;data/zh-TW/spells/spells-xphb.json
spell,continual flame,PHB,不滅明焰,existing-site,data/zh-TW/spells/spells-phb.json;data/zh-TW/spells/spells-xphb.json
spell,create undead,PHB,喚起死靈,existing-site,data/zh-TW/spells/spells-phb.json;data/zh-TW/spells/spells-xphb.json
spell,cure wounds,PHB,療傷術,existing-site,data/zh-TW/items/items-003.json;data/zh-TW/spells/spells-phb.json;data/zh-TW/spells/spells-xphb.json
spell,dancing lights,PHB,舞光術,existing-site,data/zh-TW/bestiary/bestiary-mpmm.json;data/zh-TW/spells/spells-phb.json;data/zh-TW/spells/spells-xphb.json
spell,darkness,PHB,黑暗術,existing-site,data/zh-TW/bestiary/legendarygroups.json;data/zh-TW/class/class-monk.json;data/zh-TW/psionics/psionics.json;data/zh-TW/rules/senses.json;data/zh-TW/rules/variantrules.json;data/zh-TW/spells/spells-phb.json;data/zh-TW/spells/spells-xphb.json
spell,darkvision,PHB,黑暗視覺,existing-site,data/zh-TW/bestiary/bestiary-mpmm.json;data/zh-TW/character-options/races.json;data/zh-TW/class/class-monk.json;data/zh-TW/class/class-wizard.json;data/zh-TW/items/items-000.json;data/zh-TW/items/items-006.json;data/zh-TW/reference-pages/rewards.json;data/zh-TW/rules/senses.json;data/zh-TW/spells/spells-phb.json;data/zh-TW/spells/spells-xphb.json
spell,detect evil and good,PHB,偵測善惡,existing-site,data/zh-TW/spells/spells-phb.json;data/zh-TW/spells/spells-xphb.json
spell,detect magic,PHB,偵測魔法,existing-site,data/zh-TW/spells/spells-phb.json;data/zh-TW/spells/spells-xphb.json
spell,dimension door,PHB,任意門,existing-site,data/zh-TW/spells/fluff-spells-phb.json;data/zh-TW/spells/spells-phb.json;data/zh-TW/spells/spells-xphb.json
spell,disguise self,PHB,易容術,existing-site,data/zh-TW/items/items-004.json;data/zh-TW/spells/spells-phb.json;data/zh-TW/spells/spells-xphb.json
spell,dispel evil and good,PHB,驅逐善惡,existing-site,data/zh-TW/spells/fluff-spells-xphb.json;data/zh-TW/spells/spells-phb.json;data/zh-TW/spells/spells-xphb.json
spell,dispel magic,PHB,解除魔法,existing-site,data/zh-TW/items/items-000.json;data/zh-TW/spells/spells-phb.json;data/zh-TW/spells/spells-xphb.json
spell,divination,PHB,預言,existing-site,data/zh-TW/craft-pages/homecrafts.json;data/zh-TW/rules/variantrules.json;data/zh-TW/spells/spells-phb.json;data/zh-TW/spells/spells-xphb.json
spell,druidcraft,PHB,德魯伊伎倆,existing-site,data/zh-TW/spells/fluff-spells-xphb.json;data/zh-TW/spells/spells-phb.json;data/zh-TW/spells/spells-xphb.json
spell,eldritch blast,PHB,魔能爆,existing-site,data/zh-TW/bestiary/bestiary-bmt.json;data/zh-TW/bestiary/bestiary-mabjov.json;data/zh-TW/spells/spells-phb.json;data/zh-TW/spells/spells-xphb.json
spell,etherealness,PHB,以太化,existing-site,data/zh-TW/bestiary/bestiary-cm.json;data/zh-TW/bestiary/bestiary-cos.json;data/zh-TW/bestiary/bestiary-dc.json;data/zh-TW/bestiary/bestiary-dsotdq.json;data/zh-TW/bestiary/bestiary-idrotf.json;data/zh-TW/bestiary/bestiary-mm.json;data/zh-TW/bestiary/bestiary-ps-i.json;data/zh-TW/bestiary/bestiary-xmm.json;data/zh-TW/spells/spells-phb.json;data/zh-TW/spells/spells-xphb.json
spell,expeditious retreat,PHB,腳底抹油,existing-site,data/zh-TW/spells/spells-phb.json;data/zh-TW/spells/spells-xphb.json
spell,fabricate,PHB,鬼斧神工,existing-site,data/zh-TW/spells/spells-phb.json;data/zh-TW/spells/spells-xphb.json
spell,faerie fire,PHB,妖火,existing-site,data/zh-TW/character-options/feats.json;data/zh-TW/craft-pages/fluff-recipes.json;data/zh-TW/craft-pages/recipes.json;data/zh-TW/items/items-005.json;data/zh-TW/spells/spells-phb.json;data/zh-TW/spells/spells-xphb.json
spell,fear,PHB,恐懼術,existing-site,data/zh-TW/rules/variantrules.json;data/zh-TW/spells/spells-phb.json;data/zh-TW/spells/spells-xphb.json
spell,feather fall,PHB,羽落術,existing-site,data/zh-TW/bestiary/bestiary-wdh.json;data/zh-TW/spells/spells-phb.json;data/zh-TW/spells/spells-xphb.json
spell,feeblemind,PHB,弱智術,existing-site,data/zh-TW/spells/spells-phb.json
spell,find familiar,PHB,尋獲魔寵,existing-site,data/zh-TW/spells/fluff-spells-xphb.json;data/zh-TW/spells/spells-phb.json;data/zh-TW/spells/spells-xphb.json
spell,find the path,PHB,尋路術,existing-site,data/zh-TW/spells/spells-phb.json;data/zh-TW/spells/spells-xphb.json
spell,fire bolt,PHB,火焰箭,existing-site,data/zh-TW/spells/spells-phb.json;data/zh-TW/spells/spells-xphb.json
spell,fireball,PHB,火球術,existing-site,data/zh-TW/bestiary/bestiary-bgdia.json;data/zh-TW/bestiary/bestiary-coa.json;data/zh-TW/bestiary/legendarygroups.json;data/zh-TW/spells/fluff-spells-phb.json;data/zh-TW/spells/fluff-spells-xphb.json;data/zh-TW/spells/spells-phb.json;data/zh-TW/spells/spells-xphb.json
spell,flaming sphere,PHB,熾焰法球,existing-site,data/zh-TW/spells/spells-phb.json;data/zh-TW/spells/spells-xphb.json
spell,fly,PHB,飛行術,existing-site,data/zh-TW/spells/spells-phb.json;data/zh-TW/spells/spells-xphb.json
spell,fog cloud,PHB,雲霧術,existing-site,data/zh-TW/spells/spells-phb.json;data/zh-TW/spells/spells-xphb.json
spell,gaseous form,PHB,氣化形體,existing-site,data/zh-TW/character-options/feats.json;data/zh-TW/spells/spells-phb.json;data/zh-TW/spells/spells-xphb.json
spell,geas,PHB,指使術,existing-site,data/zh-TW/spells/spells-phb.json;data/zh-TW/spells/spells-xphb.json
spell,glyph of warding,PHB,守衛刻文,existing-site,data/zh-TW/spells/spells-phb.json;data/zh-TW/spells/spells-xphb.json
spell,goodberry,PHB,神莓術,existing-site,data/zh-TW/spells/spells-phb.json;data/zh-TW/spells/spells-xphb.json
spell,greater restoration,PHB,高等復原術,existing-site,data/zh-TW/spells/spells-phb.json;data/zh-TW/spells/spells-xphb.json
spell,guidance,PHB,神導術,existing-site,data/zh-TW/spells/spells-phb.json;data/zh-TW/spells/spells-xphb.json
spell,gust of wind,PHB,造風術,existing-site,data/zh-TW/spells/spells-phb.json;data/zh-TW/spells/spells-xphb.json
spell,hallucinatory terrain,PHB,幻景,existing-site,data/zh-TW/spells/spells-phb.json;data/zh-TW/spells/spells-xphb.json
spell,heal,PHB,治癒,existing-site,data/zh-TW/class/class-sorcerer.json;data/zh-TW/spells/spells-phb.json;data/zh-TW/spells/spells-xphb.json
spell,heroes' feast,PHB,英雄宴,existing-site,data/zh-TW/spells/fluff-spells-xphb.json;data/zh-TW/spells/spells-phb.json;data/zh-TW/spells/spells-xphb.json
spell,hold person,PHB,定身類人,existing-site,data/zh-TW/spells/spells-phb.json;data/zh-TW/spells/spells-xphb.json
spell,identify,PHB,鑑定術,existing-site,data/zh-TW/spells/spells-phb.json;data/zh-TW/spells/spells-xphb.json
spell,illusory script,PHB,迷幻手稿,existing-site,data/zh-TW/spells/spells-phb.json;data/zh-TW/spells/spells-xphb.json
spell,imprisonment,PHB,禁錮術,existing-site,data/zh-TW/spells/spells-phb.json;data/zh-TW/spells/spells-xphb.json
spell,invisibility,PHB,隱形,existing-site,data/zh-TW/bestiary/bestiary-aitfr-thp.json;data/zh-TW/bestiary/bestiary-bam.json;data/zh-TW/bestiary/bestiary-bmt.json;data/zh-TW/bestiary/bestiary-hotb.json;data/zh-TW/bestiary/bestiary-mm.json;data/zh-TW/bestiary/bestiary-wdmm.json;data/zh-TW/bestiary/bestiary-wtthc.json;data/zh-TW/bestiary/bestiary-xmm.json;data/zh-TW/class/class-monk.json;data/zh-TW/rules/senses.json;data/zh-TW/spells/spells-phb.json;data/zh-TW/spells/spells-xphb.json
spell,knock,PHB,敲擊術,existing-site,data/zh-TW/spells/spells-phb.json;data/zh-TW/spells/spells-xphb.json
spell,legend lore,PHB,通曉傳奇,existing-site,data/zh-TW/items/items-007.json;data/zh-TW/spells/spells-phb.json;data/zh-TW/spells/spells-xphb.json
spell,lesser restoration,PHB,次等復原術,existing-site,data/zh-TW/spells/fluff-spells-xphb.json;data/zh-TW/spells/spells-phb.json;data/zh-TW/spells/spells-xphb.json
spell,light,PHB,光亮術,existing-site,data/zh-TW/psionics/psionics.json;data/zh-TW/spells/spells-phb.json;data/zh-TW/spells/spells-xphb.json
spell,lightning bolt,PHB,閃電束,existing-site,data/zh-TW/items/items-003.json;data/zh-TW/spells/spells-phb.json;data/zh-TW/spells/spells-xphb.json
spell,mage armor,PHB,法師護甲,existing-site,data/zh-TW/spells/fluff-spells-xphb.json;data/zh-TW/spells/spells-phb.json;data/zh-TW/spells/spells-xphb.json
spell,mage hand,PHB,法師之手,existing-site,data/zh-TW/spells/spells-phb.json;data/zh-TW/spells/spells-xphb.json
spell,magic missile,PHB,魔法飛彈,existing-site,data/zh-TW/bestiary/bestiary-wdmm.json;data/zh-TW/spells/fluff-spells-phb.json;data/zh-TW/spells/fluff-spells-xphb.json;data/zh-TW/spells/spells-phb.json;data/zh-TW/spells/spells-xphb.json
spell,magic mouth,PHB,魔嘴術,existing-site,data/zh-TW/spells/spells-phb.json;data/zh-TW/spells/spells-xphb.json
spell,magic weapon,PHB,魔化武器,existing-site,data/zh-TW/items/items-000.json;data/zh-TW/items/items-002.json;data/zh-TW/items/items-006.json;data/zh-TW/items/items-007.json;data/zh-TW/items/items-008.json;data/zh-TW/spells/spells-phb.json;data/zh-TW/spells/spells-xphb.json
spell,major image,PHB,高等幻影,existing-site,data/zh-TW/spells/spells-phb.json;data/zh-TW/spells/spells-xphb.json
spell,mass healing word,PHB,群體治癒真言,existing-site,data/zh-TW/spells/spells-phb.json;data/zh-TW/spells/spells-xphb.json
spell,mending,PHB,修復術,existing-site,data/zh-TW/spells/spells-phb.json;data/zh-TW/spells/spells-xphb.json
spell,message,PHB,傳訊術,existing-site,data/zh-TW/spells/spells-phb.json;data/zh-TW/spells/spells-xphb.json
spell,mind blank,PHB,心靈屏障,existing-site,data/zh-TW/spells/spells-phb.json;data/zh-TW/spells/spells-xphb.json
spell,minor illusion,PHB,次級幻象,existing-site,data/zh-TW/spells/spells-phb.json;data/zh-TW/spells/spells-xphb.json
spell,mirror image,PHB,鏡影術,existing-site,data/zh-TW/spells/spells-phb.json;data/zh-TW/spells/spells-xphb.json
spell,misty step,PHB,迷蹤步,existing-site,data/zh-TW/bestiary/bestiary-fraif.json;data/zh-TW/bestiary/bestiary-xmm.json;data/zh-TW/reference-pages/charcreationoptions.json;data/zh-TW/spells/spells-phb.json;data/zh-TW/spells/spells-xphb.json
spell,planar ally,PHB,異界誓盟,existing-site,data/zh-TW/spells/spells-phb.json;data/zh-TW/spells/spells-xphb.json
spell,plane shift,PHB,位面轉移,existing-site,data/zh-TW/bestiary/bestiary-bmt.json;data/zh-TW/items/items-001.json;data/zh-TW/spells/spells-phb.json;data/zh-TW/spells/spells-xphb.json
spell,poison spray,PHB,毒氣噴湧,existing-site,data/zh-TW/items/items-000.json;data/zh-TW/spells/spells-phb.json;data/zh-TW/spells/spells-xphb.json
spell,polymorph,PHB,變形術,existing-site,data/zh-TW/spells/spells-phb.json;data/zh-TW/spells/spells-xphb.json
spell,prestidigitation,PHB,魔法伎倆,existing-site,data/zh-TW/spells/spells-phb.json;data/zh-TW/spells/spells-xphb.json
spell,prismatic spray,PHB,虹光噴射,existing-site,data/zh-TW/spells/fluff-spells-phb.json;data/zh-TW/spells/spells-phb.json;data/zh-TW/spells/spells-xphb.json
spell,produce flame,PHB,燃火術,existing-site,data/zh-TW/spells/spells-phb.json;data/zh-TW/spells/spells-xphb.json
spell,protection from evil and good,PHB,防護善惡,existing-site,data/zh-TW/spells/spells-phb.json;data/zh-TW/spells/spells-xphb.json
spell,purify food and drink,PHB,淨化飲食,existing-site,data/zh-TW/spells/spells-phb.json;data/zh-TW/spells/spells-xphb.json
spell,raise dead,PHB,死者復活,existing-site,data/zh-TW/items/items-001.json;data/zh-TW/spells/fluff-spells-xphb.json;data/zh-TW/spells/spells-phb.json;data/zh-TW/spells/spells-xphb.json
spell,ray of sickness,PHB,致病射線,existing-site,data/zh-TW/spells/spells-phb.json;data/zh-TW/spells/spells-xphb.json
spell,remove curse,PHB,移除詛咒,existing-site,data/zh-TW/spells/spells-phb.json;data/zh-TW/spells/spells-xphb.json
spell,resistance,PHB,抗性,existing-site,data/zh-TW/bestiary/bestiary-mpmm.json;data/zh-TW/character-options/optionalfeatures.json;data/zh-TW/class/class-barbarian.json;data/zh-TW/class/class-druid.json;data/zh-TW/class/class-monk.json;data/zh-TW/class/class-ranger.json;data/zh-TW/rules/variantrules.json;data/zh-TW/spells/spells-phb.json;data/zh-TW/spells/spells-xphb.json
spell,resurrection,PHB,復生術,existing-site,data/zh-TW/spells/spells-phb.json;data/zh-TW/spells/spells-xphb.json
spell,reverse gravity,PHB,反轉重力,existing-site,data/zh-TW/bestiary/legendarygroups.json;data/zh-TW/items/items-000.json;data/zh-TW/spells/spells-phb.json;data/zh-TW/spells/spells-xphb.json
spell,revivify,PHB,回生術,existing-site,data/zh-TW/items/items-007.json;data/zh-TW/spells/spells-phb.json;data/zh-TW/spells/spells-xphb.json
spell,rope trick,PHB,魔繩術,existing-site,data/zh-TW/spells/spells-phb.json;data/zh-TW/spells/spells-xphb.json
spell,sacred flame,PHB,聖火術,existing-site,data/zh-TW/spells/fluff-spells-phb.json;data/zh-TW/spells/spells-phb.json;data/zh-TW/spells/spells-xphb.json
spell,sanctuary,PHB,庇護術,existing-site,data/zh-TW/spells/spells-phb.json;data/zh-TW/spells/spells-xphb.json
spell,scrying,PHB,探知術,existing-site,data/zh-TW/spells/fluff-spells-xphb.json;data/zh-TW/spells/spells-phb.json;data/zh-TW/spells/spells-xphb.json
spell,sending,PHB,短訊術,existing-site,data/zh-TW/spells/spells-phb.json;data/zh-TW/spells/spells-xphb.json
spell,shapechange,PHB,形體變化,existing-site,data/zh-TW/spells/fluff-spells-xphb.json;data/zh-TW/spells/spells-phb.json;data/zh-TW/spells/spells-xphb.json
spell,shocking grasp,PHB,電爪,existing-site,data/zh-TW/spells/spells-phb.json;data/zh-TW/spells/spells-xphb.json
spell,silence,PHB,沉默術,existing-site,data/zh-TW/spells/spells-phb.json;data/zh-TW/spells/spells-xphb.json
spell,silent image,PHB,無聲幻影,existing-site,data/zh-TW/spells/fluff-spells-xphb.json;data/zh-TW/spells/spells-phb.json;data/zh-TW/spells/spells-xphb.json
spell,simulacrum,PHB,擬像術,existing-site,data/zh-TW/bestiary/bestiary-mabjov.json;data/zh-TW/bestiary/legendarygroups.json;data/zh-TW/spells/spells-phb.json;data/zh-TW/spells/spells-xphb.json
spell,sleep,PHB,睡眠術,existing-site,data/zh-TW/spells/spells-phb.json;data/zh-TW/spells/spells-xphb.json
spell,speak with animals,PHB,動物交談,existing-site,data/zh-TW/bestiary/bestiary-tftyp.json;data/zh-TW/character-options/feats.json;data/zh-TW/spells/fluff-spells-xphb.json;data/zh-TW/spells/spells-phb.json;data/zh-TW/spells/spells-xphb.json
spell,speak with dead,PHB,死者交談,existing-site,data/zh-TW/bastions/bastions.json;data/zh-TW/spells/spells-phb.json;data/zh-TW/spells/spells-xphb.json
spell,spider climb,PHB,蛛行術,existing-site,data/zh-TW/bestiary/bestiary-aatm.json;data/zh-TW/bestiary/bestiary-bam.json;data/zh-TW/bestiary/bestiary-bgdia.json;data/zh-TW/bestiary/bestiary-bgg.json;data/zh-TW/bestiary/bestiary-bmt.json;data/zh-TW/bestiary/bestiary-coa.json;data/zh-TW/bestiary/bestiary-cos.json;data/zh-TW/bestiary/bestiary-dod.json;data/zh-TW/bestiary/bestiary-dsotdq.json;data/zh-TW/bestiary/bestiary-egw.json;data/zh-TW/bestiary/bestiary-ftd.json;data/zh-TW/bestiary/bestiary-ggr.json;data/zh-TW/bestiary/bestiary-mabjov.json;data/zh-TW/bestiary/bestiary-mcv2dc.json;data/zh-TW/bestiary/bestiary-mgelft.json;data/zh-TW/bestiary/bestiary-mm.json;data/zh-TW/bestiary/bestiary-mot.json;data/zh-TW/bestiary/bestiary-mpmm.json;data/zh-TW/bestiary/bestiary-mpp.json;data/zh-TW/bestiary/bestiary-mtf.json;data/zh-TW/bestiary/bestiary-oota.json;data/zh-TW/bestiary/bestiary-pabtso.json;data/zh-TW/bestiary/bestiary-qftis.json;data/zh-TW/bestiary/bestiary-rhw.json;data/zh-TW/bestiary/bestiary-sads.json;data/zh-TW/bestiary/bestiary-tce.json;data/zh-TW/bestiary/bestiary-tftyp.json;data/zh-TW/bestiary/bestiary-ttp.json;data/zh-TW/bestiary/bestiary-veor.json;data/zh-TW/bestiary/bestiary-vgm.json;data/zh-TW/bestiary/bestiary-vrgr.json;data/zh-TW/bestiary/bestiary-wdh.json;data/zh-TW/bestiary/bestiary-wdmm.json;data/zh-TW/bestiary/bestiary-xmm.json;data/zh-TW/bestiary/fluff-bestiary-mm.json;data/zh-TW/character-options/races.json;data/zh-TW/items/items-001.json;data/zh-TW/spells/spells-phb.json;data/zh-TW/spells/spells-xphb.json
spell,spiritual weapon,PHB,靈體武器,existing-site,data/zh-TW/spells/fluff-spells-xphb.json;data/zh-TW/spells/spells-phb.json;data/zh-TW/spells/spells-xphb.json
spell,suggestion,PHB,暗示術,existing-site,data/zh-TW/bestiary/bestiary-idrotf.json;data/zh-TW/spells/spells-phb.json;data/zh-TW/spells/spells-xphb.json
spell,telekinesis,PHB,心靈遙控,existing-site,data/zh-TW/spells/spells-phb.json;data/zh-TW/spells/spells-xphb.json
spell,teleport,PHB,傳送術,existing-site,data/zh-TW/bestiary/bestiary-coa.json;data/zh-TW/bestiary/bestiary-erlw.json;data/zh-TW/bestiary/bestiary-idrotf.json;data/zh-TW/bestiary/bestiary-mabjov.json;data/zh-TW/bestiary/bestiary-mm.json;data/zh-TW/bestiary/bestiary-mpmm.json;data/zh-TW/bestiary/bestiary-mpp.json;data/zh-TW/bestiary/bestiary-mtf.json;data/zh-TW/bestiary/bestiary-pabtso.json;data/zh-TW/bestiary/bestiary-veor.json;data/zh-TW/bestiary/bestiary-xmm.json;data/zh-TW/craft-pages/vehicles.json;data/zh-TW/spells/spells-phb.json;data/zh-TW/spells/spells-xphb.json
spell,teleportation circle,PHB,傳送法陣,existing-site,data/zh-TW/bastions/bastions.json;data/zh-TW/spells/spells-phb.json;data/zh-TW/spells/spells-xphb.json
spell,thunderwave,PHB,雷鳴波,existing-site,data/zh-TW/spells/spells-phb.json;data/zh-TW/spells/spells-xphb.json
spell,time stop,PHB,時間停止,existing-site,data/zh-TW/spells/spells-phb.json;data/zh-TW/spells/spells-xphb.json
spell,tongues,PHB,巧言術,existing-site,data/zh-TW/spells/spells-phb.json;data/zh-TW/spells/spells-xphb.json
spell,true resurrection,PHB,完全復生術,existing-site,data/zh-TW/spells/spells-phb.json;data/zh-TW/spells/spells-xphb.json
spell,true seeing,PHB,真知術,existing-site,data/zh-TW/spells/spells-phb.json;data/zh-TW/spells/spells-xphb.json
spell,unseen servant,PHB,隱形僕役,existing-site,data/zh-TW/spells/spells-phb.json;data/zh-TW/spells/spells-xphb.json
spell,wall of fire,PHB,火牆術,existing-site,data/zh-TW/spells/spells-phb.json;data/zh-TW/spells/spells-xphb.json
spell,wall of force,PHB,力場牆,existing-site,data/zh-TW/spells/spells-phb.json;data/zh-TW/spells/spells-xphb.json
spell,wall of stone,PHB,石牆術,existing-site,data/zh-TW/spells/spells-phb.json;data/zh-TW/spells/spells-xphb.json
spell,water breathing,PHB,水下呼吸,existing-site,data/zh-TW/bestiary/bestiary-crcotn.json;data/zh-TW/bestiary/bestiary-dosi.json;data/zh-TW/bestiary/bestiary-gos.json;data/zh-TW/bestiary/bestiary-idrotf.json;data/zh-TW/bestiary/bestiary-mm.json;data/zh-TW/bestiary/bestiary-tftyp.json;data/zh-TW/bestiary/bestiary-wdh.json;data/zh-TW/bestiary/bestiary-xmm.json;data/zh-TW/items/items-000.json;data/zh-TW/items/items-002.json;data/zh-TW/psionics/psionics.json;data/zh-TW/spells/fluff-spells-xphb.json;data/zh-TW/spells/spells-phb.json;data/zh-TW/spells/spells-xphb.json
spell,wind walk,PHB,御風而行,existing-site,data/zh-TW/spells/spells-phb.json;data/zh-TW/spells/spells-xphb.json
spell,wind wall,PHB,風牆術,existing-site,data/zh-TW/spells/spells-phb.json;data/zh-TW/spells/spells-xphb.json
spell,wish,PHB,祈願術,existing-site,data/zh-TW/bestiary/bestiary-bam.json;data/zh-TW/items/item-groups.json;data/zh-TW/items/items-007.json;data/zh-TW/items/magicvariants.json;data/zh-TW/spells/spells-phb.json;data/zh-TW/spells/spells-xphb.json
spell,word of recall,PHB,回返真言,existing-site,data/zh-TW/spells/spells-phb.json;data/zh-TW/spells/spells-xphb.json
status,surprised,,突襲,existing-site,data/zh-TW/rules/conditionsdiseases.json
status,surprised,PHB,突襲,existing-site,data/zh-TW/rules/conditionsdiseases.json
vehicle,Demon Grinder,BGDIA,惡魔粉碎者,existing-site,data/zh-TW/craft-pages/fluff-vehicles.json;data/zh-TW/craft-pages/vehicles.json
vehicle,Devil's Ride,BGDIA,魔鬼座駕,existing-site,data/zh-TW/craft-pages/fluff-vehicles.json;data/zh-TW/craft-pages/vehicles.json
vehicle,Scavenger,BGDIA,拾荒者,existing-site,data/zh-TW/craft-pages/fluff-vehicles.json;data/zh-TW/craft-pages/vehicles.json
vehicle,Tormentor,BGDIA,摧殘者,existing-site,data/zh-TW/craft-pages/fluff-vehicles.json;data/zh-TW/craft-pages/vehicles.json
vehicle,sailing ship,,帆船,existing-site,data/zh-TW/craft-pages/fluff-vehicles.json;data/zh-TW/craft-pages/vehicles.json;data/zh-TW/items/items-006.json
