english,zh_tw,status,scope,first_book,first_page,first_context,occurrences,representative_source,variants
- Menu -,- 選單 -,project-proposed,heading-only,BGDIA,245,data/14/entries/1/name,1,- Menu -,
1. Acererak's Warning,1. 阿瑟瑞克的警告,project-proposed,heading-only,ToA,130,data/5/entries/5/entries/3/name,1,1. Acererak's Warning,
1. Beggars' Palaces,1. 乞丐宮殿,project-proposed,heading-only,ToA,18,data/1/entries/8/entries/6/entries/3/name,1,1. Beggars' Palaces,
1. Boats,1. 船隻,project-proposed,heading-only,ToA,47,data/2/entries/4/entries/8/entries/6/name,1,1. Boats,
1. Canoes,1. 獨木舟,project-proposed,heading-only,ToA,89,data/2/entries/4/entries/49/entries/6/name,1,1. Canoes,
1. City Entrance,1. 城市入口,project-proposed,heading-only,ToA,95,data/3/entries/4/entries/2/name,1,1. City Entrance,
1. Command Tents,1. 指揮帳篷,project-proposed,heading-only,ToA,44,data/2/entries/4/entries/7/entries/6/name,1,1. Command Tents,
1. Entrance,1. 入口,project-proposed,heading-only,ToA,75,data/2/entries/4/entries/27/entries/9/name,1,1. Entrance,
1. Entryway,1. 入口,project-proposed,heading-only,ToA,27,data/1/entries/10/entries/5/entries/1/name,1,1. Entryway,
1. Jungle Gate,叢林之門,project-proposed,heading-only,ToA,66,data/2/entries/4/entries/18/entries/14/name,1,1. Jungle Gate,
1. Magma Rift,1. 岩漿裂縫,project-proposed,heading-only,ToA,61,data/2/entries/4/entries/15/entries/9/name,1,1. Magma Rift,
1. Main Gate,主門,project-proposed,heading-only,ToA,114,data/4/entries/4/entries/2/name,1,1. Main Gate,
1. Monastery,1. 修道院,project-proposed,heading-only,ToA,70,data/2/entries/4/entries/20/entries/11/name,1,1. Monastery,
1. Office,辦公室,project-proposed,heading-only,ToA,86,data/2/entries/4/entries/48/entries/6/name,1,1. Office,
1. Petrified Tree,1. 石化樹,project-proposed,heading-only,ToA,59,data/2/entries/4/entries/13/entries/13/name,1,1. Petrified Tree,
1. Thorn Maze,1. 荊棘迷宮,project-proposed,heading-only,ToA,49,data/2/entries/4/entries/10/entries/9/name,1,1. Thorn Maze,
1. West Gate,1. 西門,project-proposed,heading-only,ToA,55,data/2/entries/4/entries/12/entries/12/name,1,1. West Gate,
10,10,project-proposed,heading-only,BGDIA,9,data/0/entries/5/entries/3/entries/2/items/0,465,"While traveling across Avernus, the characters glimpse a fantastic mirage: a grand palace or garden oasis that vanishes when they get within 100 feet of it.",
10. Big Smash,10. 大破壞,project-proposed,heading-only,ToA,88,data/2/entries/4/entries/48/entries/17/name,1,10. Big Smash,
10. Harem,10. 後宮,project-proposed,heading-only,ToA,120,data/4/entries/4/entries/11/name,1,10. Harem,
10. I'jin's Shrine,10. 艾金的神龕,project-proposed,heading-only,ToA,103,data/3/entries/4/entries/11/name,1,10. I'jin's Shrine,
10. Inner Bailey,10. 內堡,project-proposed,heading-only,ToA,56,data/2/entries/4/entries/12/entries/21/name,1,10. Inner Bailey,
10. Jewel Market,10. 珠寶市場,project-proposed,heading-only,ToA,21,data/1/entries/8/entries/7/entries/7/name,1,10. Jewel Market,
10. Library,10. 圖書館,project-proposed,heading-only,ToA,29,data/1/entries/10/entries/6/entries/1/name,1,10. Library,
10. Mine Cart Bay,礦車灣,project-proposed,heading-only,ToA,64,data/2/entries/4/entries/15/entries/18/name,1,10. Mine Cart Bay,
10. Obo'laka's Tomb,10. 奧博娜卡的墓,project-proposed,heading-only,ToA,135,data/5/entries/5/entries/12/name,1,10. Obo'laka's Tomb,
10A. Courtyard,10A. 庭院,project-proposed,heading-only,ToA,56,data/2/entries/4/entries/12/entries/22/name,1,10A. Courtyard,
10A. Shrine Entrance,10A. 神龕入口,project-proposed,heading-only,ToA,103,data/3/entries/4/entries/11/entries/2/name,1,10A. Shrine Entrance,
10B. Puzzle Floor,謎題地板,project-proposed,heading-only,ToA,104,data/3/entries/4/entries/11/entries/3/name,1,10B. Puzzle Floor,
10B. Raptor Pen,10B. 猛禽籠,project-proposed,heading-only,ToA,57,data/2/entries/4/entries/12/entries/23/name,1,10B. Raptor Pen,
10C. Hall,10C. 大廳,project-proposed,heading-only,ToA,57,data/2/entries/4/entries/12/entries/24/name,1,10C. Hall,
10C. Labyrinth,迷宮,project-proposed,heading-only,ToA,104,data/3/entries/4/entries/11/entries/4/name,1,10C. Labyrinth,
10D. Kitchen,10D. 廚房,project-proposed,heading-only,ToA,57,data/2/entries/4/entries/12/entries/25/name,1,10D. Kitchen,
10D. Puzzle Cube,10D. 謎題立方體,project-proposed,heading-only,ToA,104,data/3/entries/4/entries/11/entries/5/name,1,10D. Puzzle Cube,
10E. Castellan,10E. 城堡指揮官,project-proposed,heading-only,ToA,57,data/2/entries/4/entries/12/entries/26/name,1,10E. Castellan,
10F. Bell Tower,10F. 鐘樓,project-proposed,heading-only,ToA,57,data/2/entries/4/entries/12/entries/27/name,1,10F. Bell Tower,
10G. Stores,10G. 倉庫,project-proposed,heading-only,ToA,57,data/2/entries/4/entries/12/entries/28/name,1,10G. Stores,
10H. Gauntlets' Room,10H. 鐵手套房間,project-proposed,heading-only,ToA,58,data/2/entries/4/entries/12/entries/29/name,1,10H. Gauntlets' Room,
10I. Command Quarters,10I. 指揮區,project-proposed,heading-only,ToA,58,data/2/entries/4/entries/12/entries/30/name,1,10I. Command Quarters,
10J. Guest Quarters,10J. 客房,project-proposed,heading-only,ToA,58,data/2/entries/4/entries/12/entries/31/name,1,10J. Guest Quarters,
11. Chwinga Wagon,11. 怯蘊阿靈貨車,project-proposed,heading-only,ToA,104,data/3/entries/4/entries/12/name,1,11. Chwinga Wagon,
11. Family Rooms,11. 家庭房,project-proposed,heading-only,ToA,29,data/1/entries/10/entries/6/entries/2/name,1,11. Family Rooms,
11. Gas Pocket,11. 氣體囊,project-proposed,heading-only,ToA,136,data/5/entries/5/entries/13/name,1,11. Gas Pocket,
11. Royal Docks,11. 皇家碼頭,project-proposed,heading-only,ToA,22,data/1/entries/8/entries/8/entries/5/name,1,11. Royal Docks,
11. Throne Room,寶座室,project-proposed,heading-only,ToA,120,data/4/entries/4/entries/12/name,1,11. Throne Room,
11. Urds' Quarters,烏爾德區,project-proposed,heading-only,ToA,88,data/2/entries/4/entries/48/entries/18/name,1,11. Urds' Quarters,
12. Bottom of the Shaft,12. 井道底部,project-proposed,heading-only,ToA,88,data/2/entries/4/entries/48/entries/19/name,1,12. Bottom of the Shaft,
12. Master Suite,12. 主臥,project-proposed,heading-only,ToA,29,data/1/entries/10/entries/6/entries/3/name,1,12. Master Suite,
12. Ras Nsi's Lair,12. 拉茲·納斯的巢穴,project-proposed,heading-only,ToA,121,data/4/entries/4/entries/13/name,1,12. Ras Nsi's Lair,
12. Statue,12. 雕像,project-proposed,heading-only,ToA,22,data/1/entries/8/entries/8/entries/6/name,1,12. Statue,
12. Trapped Chest,12. 陷阱寶箱,project-proposed,heading-only,ToA,136,data/5/entries/5/entries/14/name,1,12. Trapped Chest,
12. Wongo's Shrine,12. 望戈的神龕,project-proposed,heading-only,ToA,105,data/3/entries/4/entries/13/name,1,12. Wongo's Shrine,
12A. Cracked Obelisks,破裂的方尖碑,project-proposed,heading-only,ToA,105,data/3/entries/4/entries/13/entries/3/name,1,12A. Cracked Obelisks,
12B. Test of Friendship,12B. 友誼的考驗,project-proposed,heading-only,ToA,105,data/3/entries/4/entries/13/entries/4/name,1,12B. Test of Friendship,
12C. Viewing Corridors,觀景走廊,project-proposed,heading-only,ToA,105,data/3/entries/4/entries/13/entries/5/name,1,12C. Viewing Corridors,
13. Amphitheater,13. 露天劇場,project-proposed,heading-only,ToA,106,data/3/entries/4/entries/14/name,1,13. Amphitheater,
13. Audience Chamber,接見室,project-proposed,heading-only,ToA,88,data/2/entries/4/entries/48/entries/20/name,1,13. Audience Chamber,
13. Guard Rooms,13. 警衛室,project-proposed,heading-only,ToA,29,data/1/entries/10/entries/6/entries/4/name,1,13. Guard Rooms,
13. Harbormaster's Office,13. 港務長辦公室,project-proposed,heading-only,ToA,22,data/1/entries/8/entries/8/entries/7/name,1,13. Harbormaster's Office,
13. Stone Skull,13. 石骷髏,project-proposed,heading-only,ToA,137,data/5/entries/5/entries/15/name,1,13. Stone Skull,
13. Storeroom,13. 儲藏室,project-proposed,heading-only,ToA,121,data/4/entries/4/entries/14/name,1,13. Storeroom,
14. Laundry Room,14. 洗衣房,project-proposed,heading-only,ToA,29,data/1/entries/10/entries/6/entries/5/name,1,14. Laundry Room,
14. Lighthouse,14. 燈塔,project-proposed,heading-only,ToA,22,data/1/entries/8/entries/8/entries/8/name,1,14. Lighthouse,
14. Moa's Tomb,14. 摩亞的墓,project-proposed,heading-only,ToA,137,data/5/entries/5/entries/16/name,1,14. Moa's Tomb,
14. Tinder's Lair,14. 廷德的巢穴,project-proposed,heading-only,ToA,89,data/2/entries/4/entries/48/entries/21/name,1,14. Tinder's Lair,
14. Tomb of the Nine Gods,九神之墓,project-proposed,heading-only,ToA,106,data/3/entries/4/entries/15/name,1,14. Tomb of the Nine Gods,
14. Venom Distillery,毒液蒸餾廠,project-proposed,heading-only,ToA,122,data/4/entries/4/entries/15/name,1,14. Venom Distillery,
15. Fort Nyanzaru,15. 尼亞扎魯堡壘,project-proposed,heading-only,ToA,22,data/1/entries/8/entries/8/entries/9/name,1,15. Fort Nyanzaru,
15. Ruined Bazaar,15. 廢墟市集,project-proposed,heading-only,ToA,106,data/3/entries/4/entries/16/name,1,15. Ruined Bazaar,
15. Servants' Quarters,15. 僕人住處,project-proposed,heading-only,ToA,29,data/1/entries/10/entries/6/entries/6/name,1,15. Servants' Quarters,
15. Snake Pit,15. 蛇坑,project-proposed,heading-only,ToA,122,data/4/entries/4/entries/16/name,1,15. Snake Pit,
15. Wind Tunnel,15. 風道,project-proposed,heading-only,ToA,138,data/5/entries/5/entries/17/name,1,15. Wind Tunnel,
16. Blood Baths,血浴,project-proposed,heading-only,ToA,122,data/4/entries/4/entries/17/name,1,16. Blood Baths,
16. Papazotl's Shrine,16. 帕帕扎圖的神龕,project-proposed,heading-only,ToA,107,data/3/entries/4/entries/17/name,1,16. Papazotl's Shrine,
16. Rain Traps,16. 雨水收集器,project-proposed,heading-only,ToA,29,data/1/entries/10/entries/6/entries/7/name,1,16. Rain Traps,
16. Warehouse District,16. 倉庫區,project-proposed,heading-only,ToA,22,data/1/entries/8/entries/8/entries/10/name,1,16. Warehouse District,
16. Wongo's Tomb,16. 望戈的墓,project-proposed,heading-only,ToA,138,data/5/entries/5/entries/18/name,1,16. Wongo's Tomb,
16A. Shrine Entrance,神殿入口,project-proposed,heading-only,ToA,107,data/3/entries/4/entries/17/entries/2/name,1,16A. Shrine Entrance,
16B. Mosaic Floor,馬賽克地板,project-proposed,heading-only,ToA,107,data/3/entries/4/entries/17/entries/3/name,1,16B. Mosaic Floor,
16C. Chamber of Command,16C. 指揮之室,project-proposed,heading-only,ToA,107,data/3/entries/4/entries/17/entries/4/name,1,16C. Chamber of Command,
16D. Hidden Room,隱藏房間,project-proposed,heading-only,ToA,108,data/3/entries/4/entries/17/entries/5/name,1,16D. Hidden Room,
17. Dry Dock,17. 幹船塢,project-proposed,heading-only,ToA,22,data/1/entries/8/entries/8/entries/11/name,1,17. Dry Dock,
17. Sauna,17. 桑拿,project-proposed,heading-only,ToA,123,data/4/entries/4/entries/18/name,1,17. Sauna,
17. Underground Waterfall,17. 地下瀑布,project-proposed,heading-only,ToA,139,data/5/entries/5/entries/19/name,1,17. Underground Waterfall,
17. Waterfall,17. 瀑布,project-proposed,heading-only,ToA,108,data/3/entries/4/entries/18/name,1,17. Waterfall,
18. Devil Pit,18. 魔鬼坑,project-proposed,heading-only,ToA,139,data/5/entries/6/entries/2/name,1,18. Devil Pit,
18. Nangnang's Shrine,娜浪的神殿,project-proposed,heading-only,ToA,108,data/3/entries/4/entries/19/name,1,18. Nangnang's Shrine,
18. Red Bazaar,18. 紅市集,project-proposed,heading-only,ToA,23,data/1/entries/8/entries/9/entries/1/name,1,18. Red Bazaar,
18. Yuan-ti Nests,遠地蛇巢,project-proposed,heading-only,ToA,123,data/4/entries/4/entries/19/name,1,18. Yuan-ti Nests,
18A. Shrine Entrance,18A. 神龕入口,project-proposed,heading-only,ToA,108,data/3/entries/4/entries/19/entries/3/name,1,18A. Shrine Entrance,
18B. Chamber of Greed,貪婪之室,project-proposed,heading-only,ToA,109,data/3/entries/4/entries/19/entries/4/name,1,18B. Chamber of Greed,
18C. Puzzle Cube,18C. 謎題立方體,project-proposed,heading-only,ToA,109,data/3/entries/4/entries/19/entries/5/name,1,18C. Puzzle Cube,
19. Fish Market,19. 魚市場,project-proposed,heading-only,ToA,23,data/1/entries/8/entries/9/entries/2/name,1,19. Fish Market,
19. Gravity Ring,19. 重力環,project-proposed,heading-only,ToA,139,data/5/entries/6/entries/3/name,1,19. Gravity Ring,
19. Obo'laka's Shrine,奧博娜卡的神殿,project-proposed,heading-only,ToA,109,data/3/entries/4/entries/20/name,1,19. Obo'laka's Shrine,
19. Slave Grotto,19. 奴隸洞穴,project-proposed,heading-only,ToA,123,data/4/entries/4/entries/20/name,1,19. Slave Grotto,
19A. Shrine Entrance,19A. 神龕入口,project-proposed,heading-only,ToA,109,data/3/entries/4/entries/20/entries/2/name,1,19A. Shrine Entrance,
19B. Gallery of Carvings,雕刻長廊,project-proposed,heading-only,ToA,109,data/3/entries/4/entries/20/entries/3/name,1,19B. Gallery of Carvings,
19C. Sun Pool,19C. 日光池,project-proposed,heading-only,ToA,109,data/3/entries/4/entries/20/entries/4/name,1,19C. Sun Pool,
19D. Moon Pool,月池,project-proposed,heading-only,ToA,109,data/3/entries/4/entries/20/entries/5/name,1,19D. Moon Pool,
19E. Chamber of Sacraments,19E. 聖禮之室,project-proposed,heading-only,ToA,110,data/3/entries/4/entries/20/entries/6/name,1,19E. Chamber of Sacraments,
19F. Secret Passage,秘密通道,project-proposed,heading-only,ToA,110,data/3/entries/4/entries/20/entries/7/name,1,19F. Secret Passage,
1A. Refectory,1A. 食堂,project-proposed,heading-only,ToA,71,data/2/entries/4/entries/20/entries/11/entries/2/name,1,1A. Refectory,
1B. Prayer Hall,1B. 祈禱大廳,project-proposed,heading-only,ToA,71,data/2/entries/4/entries/20/entries/11/entries/3/name,1,1B. Prayer Hall,
1C. Masters' Quarters,1C. 導師寢室,project-proposed,heading-only,ToA,71,data/2/entries/4/entries/20/entries/11/entries/4/name,1,1C. Masters' Quarters,
1D. Antechamber,1D. 前廳,project-proposed,heading-only,ToA,71,data/2/entries/4/entries/20/entries/11/entries/5/name,1,1D. Antechamber,
1E. Shrine,1E. 神殿,project-proposed,heading-only,ToA,71,data/2/entries/4/entries/20/entries/11/entries/6/name,1,1E. Shrine,
1F. Training Hall,1F. 訓練大廳,project-proposed,heading-only,ToA,71,data/2/entries/4/entries/20/entries/11/entries/7/name,1,1F. Training Hall,
1–2,1–2,project-proposed,heading-only,BGDIA,222,data/11/entries/6/entries/2/entries/0/entries/0/rows/0/0,10,1–2,
1–3,1–3,project-proposed,heading-only,ToA,194,data/7/entries/2/entries/4/rows/19/8,4,31–33,
2. Cleansing Chambers,淨化室,project-proposed,heading-only,ToA,71,data/2/entries/4/entries/20/entries/12/name,1,2. Cleansing Chambers,
2. Executioner's Run,2. 劊子手之路,project-proposed,heading-only,ToA,18,data/1/entries/8/entries/6/entries/4/name,1,2. Executioner's Run,
2. Gallery of Tricksters,詭計長廊,project-proposed,heading-only,ToA,131,data/5/entries/5/entries/4/name,1,2. Gallery of Tricksters,
2. Gatehouse,2. 門房,project-proposed,heading-only,ToA,48,data/2/entries/4/entries/8/entries/7/name,1,2. Gatehouse,
2. Hall of War,戰爭大廳,project-proposed,heading-only,ToA,116,data/4/entries/4/entries/3/name,1,2. Hall of War,
2. Larder,食品儲藏室,project-proposed,heading-only,ToA,90,data/2/entries/4/entries/49/entries/7/name,1,2. Larder,
2. Main Entrance,2. 主入口,project-proposed,heading-only,ToA,50,data/2/entries/4/entries/10/entries/10/name,1,2. Main Entrance,
2. Ore Gate,2. 礦石門,project-proposed,heading-only,ToA,55,data/2/entries/4/entries/12/entries/13/name,1,2. Ore Gate,
2. Pier,碼頭,project-proposed,heading-only,ToA,66,data/2/entries/4/entries/18/entries/15/name,1,2. Pier,
2. Sitting Area,2. 休息區,project-proposed,heading-only,ToA,28,data/1/entries/10/entries/5/entries/2/name,1,2. Sitting Area,
2. Smelter,2. 冶煉廠,project-proposed,heading-only,ToA,61,data/2/entries/4/entries/15/entries/10/name,1,2. Smelter,
2. Soldiers' Tents,2. 士兵帳篷,project-proposed,heading-only,ToA,45,data/2/entries/4/entries/7/entries/7/name,1,2. Soldiers' Tents,
2. Staircase,2. 樓梯,project-proposed,heading-only,ToA,59,data/2/entries/4/entries/13/entries/14/name,1,2. Staircase,
2. Supply Shed,供應棚,project-proposed,heading-only,ToA,86,data/2/entries/4/entries/48/entries/7/name,1,2. Supply Shed,
2. Terraces,2. 梯田,project-proposed,heading-only,ToA,75,data/2/entries/4/entries/27/entries/10/name,1,2. Terraces,
2. Walled Compound,圍牆大院,project-proposed,heading-only,ToA,96,data/3/entries/4/entries/3/name,1,2. Walled Compound,
20. False Tomb,20. 假墓,project-proposed,heading-only,ToA,141,data/5/entries/6/entries/4/name,1,20. False Tomb,
20. Grand Coliseum,20. 大競技場,project-proposed,heading-only,ToA,23,data/1/entries/8/entries/9/entries/3/name,1,20. Grand Coliseum,
20. Royal Palace,20. 王宮,project-proposed,heading-only,ToA,110,data/3/entries/4/entries/21/name,1,20. Royal Palace,
20. Underground River,地下河,project-proposed,heading-only,ToA,124,data/4/entries/4/entries/21/name,1,20. Underground River,
20A. Main Entrance to the Fane,聖所主入口,project-proposed,heading-only,ToA,110,data/3/entries/4/entries/21/entries/3/name,1,20A. Main Entrance to the Fane,
20B. Secret Entrance to the Fane,20B. 神廟的秘密入口,project-proposed,heading-only,ToA,110,data/3/entries/4/entries/21/entries/4/name,1,20B. Secret Entrance to the Fane,
21. Hall of Gold,21. 黃金大廳,project-proposed,heading-only,ToA,23,data/1/entries/8/entries/9/entries/4/name,1,21. Hall of Gold,
21. Hydra's Lair,九頭蛇的巢穴,project-proposed,heading-only,ToA,124,data/4/entries/4/entries/22/name,1,21. Hydra's Lair,
21. Zombie Door,21. 殭屍門,project-proposed,heading-only,ToA,141,data/5/entries/6/entries/5/name,1,21. Zombie Door,
22. Fungi Cavern,22. 真菌洞穴,project-proposed,heading-only,ToA,124,data/4/entries/4/entries/23/name,1,22. Fungi Cavern,
22. Papazotl's Tomb,22. 帕帕扎圖的墓,project-proposed,heading-only,ToA,142,data/5/entries/6/entries/6/name,1,22. Papazotl's Tomb,
22. Public Bathhouse,22. 公共浴場,project-proposed,heading-only,ToA,23,data/1/entries/8/entries/9/entries/5/name,1,22. Public Bathhouse,
23. Bottled Genie,23. 瓶中精靈,project-proposed,heading-only,ToA,142,data/5/entries/6/entries/7/name,1,23. Bottled Genie,
23. Dye Works,23. 染色工坊,project-proposed,heading-only,ToA,24,data/1/entries/8/entries/9/entries/6/name,1,23. Dye Works,
23. Secret Entrance,秘密入口,project-proposed,heading-only,ToA,124,data/4/entries/4/entries/24/name,1,23. Secret Entrance,
24. Nangnang's Tomb,24. 娜浪的墓,project-proposed,heading-only,ToA,143,data/5/entries/6/entries/8/name,1,24. Nangnang's Tomb,
24. Temple of Tymora,24. 提莫拉神廟,project-proposed,heading-only,ToA,24,data/1/entries/8/entries/10/entries/2/name,1,24. Temple of Tymora,
25. Dinosaur Pens,25. 恐龍圍欄,project-proposed,heading-only,ToA,24,data/1/entries/8/entries/11/entries/2/name,1,25. Dinosaur Pens,
25. Scrying Pool,25. 占卜池,project-proposed,heading-only,ToA,144,data/5/entries/6/entries/9/name,1,25. Scrying Pool,
26. Spiral Staircase,26. 螺旋樓梯,project-proposed,heading-only,ToA,144,data/5/entries/6/entries/10/name,1,26. Spiral Staircase,
27. Forge of the Tomb Dwarves,27. 墓穴矮人的鍛造場,project-proposed,heading-only,ToA,144,data/5/entries/6/entries/11/name,1,27. Forge of the Tomb Dwarves,
28. Withers's Office,28. 威瑟斯的辦公室,project-proposed,heading-only,ToA,145,data/5/entries/6/entries/12/name,1,28. Withers's Office,
29. Jackal Mask,29. 豺狼面具,project-proposed,heading-only,ToA,146,data/5/entries/7/entries/3/name,1,29. Jackal Mask,
2A. Washroom,2A. 洗手間,project-proposed,heading-only,ToA,71,data/2/entries/4/entries/20/entries/12/entries/1/name,1,2A. Washroom,
2B. Shrine,2B. 神殿,project-proposed,heading-only,ToA,71,data/2/entries/4/entries/20/entries/12/entries/2/name,1,2B. Shrine,
3. Armorer/Weaponsmith,3. 盔甲匠/武器匠,project-proposed,heading-only,ToA,55,data/2/entries/4/entries/12/entries/14/name,1,3. Armorer/Weaponsmith,
3. Armory,3. 軍械庫,project-proposed,heading-only,ToA,62,data/2/entries/4/entries/15/entries/11/name,1,3. Armory,
3. Burned-Out Shrine,3. 燒燬的神龕,project-proposed,heading-only,ToA,45,data/2/entries/4/entries/7/entries/8/name,1,3. Burned-Out Shrine,
3. Cave Entrance,3. 洞穴入口,project-proposed,heading-only,ToA,59,data/2/entries/4/entries/13/entries/15/name,1,3. Cave Entrance,
3. Elder's House,長老的房屋,project-proposed,heading-only,ToA,71,data/2/entries/4/entries/20/entries/13/name,1,3. Elder's House,
3. False Entrance,假入口,project-proposed,heading-only,ToA,131,data/5/entries/5/entries/5/name,1,3. False Entrance,
3. Grand Hall,3. 大廳,project-proposed,heading-only,ToA,28,data/1/entries/10/entries/5/entries/3/name,1,3. Grand Hall,
3. Groak's Isle,3. 格羅克島,project-proposed,heading-only,ToA,50,data/2/entries/4/entries/10/entries/11/name,1,3. Groak's Isle,
3. Hall of Serpents,3. 蛇廳,project-proposed,heading-only,ToA,116,data/4/entries/4/entries/4/name,1,3. Hall of Serpents,
3. Kubazan's Shrine,3. 庫巴讚的神龕,project-proposed,heading-only,ToA,97,data/3/entries/4/entries/4/name,1,3. Kubazan's Shrine,
3. Officers' Quarters Ashore,岸上軍官宿舍,project-proposed,heading-only,ToA,66,data/2/entries/4/entries/18/entries/16/name,1,3. Officers' Quarters Ashore,
3. Ore Cart,3. 礦車,project-proposed,heading-only,ToA,86,data/2/entries/4/entries/48/entries/8/name,1,3. Ore Cart,
3. Queen Grabstab's Hut,3. 格拉布斯塔布女王的小屋,project-proposed,heading-only,ToA,90,data/2/entries/4/entries/49/entries/8/name,1,3. Queen Grabstab's Hut,
3. Refuse Pit,3. 垃圾坑,project-proposed,heading-only,ToA,20,data/1/entries/8/entries/6/entries/5/name,1,3. Refuse Pit,
3. Spirit Domes,靈魂穹頂,project-proposed,heading-only,ToA,77,data/2/entries/4/entries/27/entries/11/name,1,3. Spirit Domes,
3. Watchtowers,3. 瞭望塔,project-proposed,heading-only,ToA,48,data/2/entries/4/entries/8/entries/8/name,1,3. Watchtowers,
30. Iron Barrier,30. 鐵製屏障,project-proposed,heading-only,ToA,147,data/5/entries/7/entries/4/name,1,30. Iron Barrier,
31. Reflected Hall,31. 反射大廳,project-proposed,heading-only,ToA,147,data/5/entries/7/entries/5/name,1,31. Reflected Hall,
31A. Hidden Alcoves,31A. 隱藏凹室,project-proposed,heading-only,ToA,147,data/5/entries/7/entries/5/entries/5/name,1,31A. Hidden Alcoves,
31B. Curtain of Water,31B. 水簾,project-proposed,heading-only,ToA,147,data/5/entries/7/entries/5/entries/6/name,1,31B. Curtain of Water,
32. Rotating Crawlways,32. 旋轉通道,project-proposed,heading-only,ToA,148,data/5/entries/7/entries/6/name,1,32. Rotating Crawlways,
33. Chamber of Opposition,33. 對立之室,project-proposed,heading-only,ToA,148,data/5/entries/7/entries/7/name,1,33. Chamber of Opposition,
34. Peephole,34. 窺視孔,project-proposed,heading-only,ToA,149,data/5/entries/7/entries/8/name,1,34. Peephole,
35. I'jin's Tomb,35. 艾金的墓,project-proposed,heading-only,ToA,149,data/5/entries/7/entries/9/name,1,35. I'jin's Tomb,
35A. Stone Block,35A. 石塊,project-proposed,heading-only,ToA,149,data/5/entries/7/entries/9/entries/1/name,1,35A. Stone Block,
35B. Tomb,35B. 墓穴,project-proposed,heading-only,ToA,150,data/5/entries/7/entries/9/entries/2/name,1,35B. Tomb,
36. Chamber of Respite,36. 休息之室,project-proposed,heading-only,ToA,151,data/5/entries/7/entries/10/name,1,36. Chamber of Respite,
37. Winds of Pandemonium,37. 混亂之風,project-proposed,heading-only,ToA,151,data/5/entries/7/entries/11/name,1,37. Winds of Pandemonium,
38. Revolving Room Trap,38. 旋轉房間陷阱,project-proposed,heading-only,ToA,152,data/5/entries/7/entries/12/name,1,38. Revolving Room Trap,
38A. Control Room,38A. 控制室,project-proposed,heading-only,ToA,152,data/5/entries/7/entries/12/entries/2/name,1,38A. Control Room,
38B. Access Tunnel,38B. 通道,project-proposed,heading-only,ToA,152,data/5/entries/7/entries/12/entries/3/name,1,38B. Access Tunnel,
38C. Revolving Drum,38C. 旋轉鼓,project-proposed,heading-only,ToA,152,data/5/entries/7/entries/12/entries/4/name,1,38C. Revolving Drum,
39. Golem Pit,39. 魔像坑,project-proposed,heading-only,ToA,153,data/5/entries/7/entries/13/name,1,39. Golem Pit,
3A. Froghemoth Pool,巨蛙池,project-proposed,heading-only,ToA,97,data/3/entries/4/entries/4/entries/2/name,1,3A. Froghemoth Pool,
3A. Shrine,3A. 神殿,project-proposed,heading-only,ToA,71,data/2/entries/4/entries/20/entries/13/entries/1/name,1,3A. Shrine,
3B. Asharra's Quarters,3B. 阿莎爾的房間,project-proposed,heading-only,ToA,71,data/2/entries/4/entries/20/entries/13/entries/2/name,1,3B. Asharra's Quarters,
3B. Locked Gate,3B. 上鎖的大門,project-proposed,heading-only,ToA,97,data/3/entries/4/entries/4/entries/3/name,1,3B. Locked Gate,
3C. Chamber of Bravery,勇敢之室,project-proposed,heading-only,ToA,97,data/3/entries/4/entries/4/entries/4/name,1,3C. Chamber of Bravery,
3–4,3–4,project-proposed,heading-only,ToA,95,data/3/entries/3/entries/7/entries/7/entries/0/rows/1/0,9,3–4,
4. Animal Pen,4. 動物圍欄,project-proposed,heading-only,ToA,48,data/2/entries/4/entries/8/entries/9/name,1,4. Animal Pen,
4. Animal Pens,4. 動物圍欄,project-proposed,heading-only,ToA,45,data/2/entries/4/entries/7/entries/9/name,1,4. Animal Pens,
4. Armory,軍械庫,project-proposed,heading-only,ToA,116,data/4/entries/4/entries/5/name,1,4. Armory,
4. Bazaar,4. 市集,project-proposed,heading-only,ToA,55,data/2/entries/4/entries/12/entries/15/name,1,4. Bazaar,
4. Dwellings,住宅,project-proposed,heading-only,ToA,71,data/2/entries/4/entries/20/entries/14/name,1,4. Dwellings,
4. Forge,4. 鍛造車間,project-proposed,heading-only,ToA,62,data/2/entries/4/entries/15/entries/12/name,1,4. Forge,
4. Goldenthrone,4. 金王座,project-proposed,heading-only,ToA,20,data/1/entries/8/entries/7/entries/1/name,1,4. Goldenthrone,
4. Guest Rooms,4. 客房,project-proposed,heading-only,ToA,28,data/1/entries/10/entries/5/entries/4/name,1,4. Guest Rooms,
4. Ruined Palace,4. 廢墟宮殿,project-proposed,heading-only,ToA,77,data/2/entries/4/entries/27/entries/12/name,1,4. Ruined Palace,
4. Shagambi's Shrine,4. 莎根比的神龕,project-proposed,heading-only,ToA,97,data/3/entries/4/entries/5/name,1,4. Shagambi's Shrine,
4. Shrine,4. 神龕,project-proposed,heading-only,ToA,51,data/2/entries/4/entries/10/entries/12/name,1,4. Shrine,
4. True Entrance,4. 真正入口,project-proposed,heading-only,ToA,131,data/5/entries/5/entries/6/name,1,4. True Entrance,
4. Upper Shaft,4. 上層井道,project-proposed,heading-only,ToA,86,data/2/entries/4/entries/48/entries/9/name,1,4. Upper Shaft,
4. Valindra's Lair,4. 瓦琳朵拉的巢穴,project-proposed,heading-only,ToA,60,data/2/entries/4/entries/13/entries/16/name,1,4. Valindra's Lair,
4. Warehouse,4. 倉庫,project-proposed,heading-only,ToA,66,data/2/entries/4/entries/18/entries/17/name,1,4. Warehouse,
4. Wooden Cage,木籠,project-proposed,heading-only,ToA,90,data/2/entries/4/entries/49/entries/9/name,1,4. Wooden Cage,
40. Curse of the Golden Skull,40. 黃金骷髏的詛咒,project-proposed,heading-only,ToA,154,data/5/entries/7/entries/14/name,1,40. Curse of the Golden Skull,
41. Tomb Guardians,41. 墓穴守衛,project-proposed,heading-only,ToA,154,data/5/entries/7/entries/15/name,1,41. Tomb Guardians,
42. Kubazan's Tomb,42. 庫巴讚的墓,project-proposed,heading-only,ToA,154,data/5/entries/7/entries/16/name,1,42. Kubazan's Tomb,
43. Veils of Fear,43. 恐懼之幕,project-proposed,heading-only,ToA,155,data/5/entries/7/entries/17/name,1,43. Veils of Fear,
44. Vault of the Beholder,44. 凝視者之庫,project-proposed,heading-only,ToA,156,data/5/entries/7/entries/18/name,1,44. Vault of the Beholder,
44A. Eyes of the Beholder,44A. 凝視者之眼,project-proposed,heading-only,ToA,156,data/5/entries/7/entries/18/entries/1/name,1,44A. Eyes of the Beholder,
44B. Inside the Vault,44B. 庫內,project-proposed,heading-only,ToA,156,data/5/entries/7/entries/18/entries/2/name,1,44B. Inside the Vault,
45. Gargoyle Guardians,45. 石像鬼守衛,project-proposed,heading-only,ToA,157,data/5/entries/8/entries/2/name,1,45. Gargoyle Guardians,
46. Lizard Den,46. 蜥蜴巢穴,project-proposed,heading-only,ToA,158,data/5/entries/8/entries/3/name,1,46. Lizard Den,
47. Elemental Cells,47. 元素牢房,project-proposed,heading-only,ToA,158,data/5/entries/8/entries/4/name,1,47. Elemental Cells,
47A. Fire Cell,47A. 火元素牢房,project-proposed,heading-only,ToA,158,data/5/entries/8/entries/4/entries/2/name,1,47A. Fire Cell,
47B. Water Cell,47B. 水元素牢房,project-proposed,heading-only,ToA,159,data/5/entries/8/entries/4/entries/3/name,1,47B. Water Cell,
47C. Air Cell,47C. 風元素牢房,project-proposed,heading-only,ToA,159,data/5/entries/8/entries/4/entries/4/name,1,47C. Air Cell,
47D. Earth Cell,47D. 土元素牢房,project-proposed,heading-only,ToA,159,data/5/entries/8/entries/4/entries/5/name,1,47D. Earth Cell,
48. Shagambi's Tomb,48. 莎根比的墓,project-proposed,heading-only,ToA,160,data/5/entries/8/entries/5/name,1,48. Shagambi's Tomb,
49. Maze of Death,49. 死亡迷宮,project-proposed,heading-only,ToA,161,data/5/entries/8/entries/6/name,1,49. Maze of Death,
49A. Stone Slabs,49A. 石板,project-proposed,heading-only,ToA,161,data/5/entries/8/entries/6/entries/1/name,1,49A. Stone Slabs,
49B. Green Devil Face,49B. 綠色魔鬼面孔,project-proposed,heading-only,ToA,162,data/5/entries/8/entries/6/entries/2/name,1,49B. Green Devil Face,
49C. Black Opal Crown,49C. 黑蛋白石皇冠,project-proposed,heading-only,ToA,162,data/5/entries/8/entries/6/entries/3/name,1,49C. Black Opal Crown,
4A. First Puzzle Door,4A. 第一謎題門,project-proposed,heading-only,ToA,132,data/5/entries/5/entries/6/entries/3/name,1,4A. First Puzzle Door,
4A. Shrine Entrance,神殿入口,project-proposed,heading-only,ToA,97,data/3/entries/4/entries/5/entries/3/name,1,4A. Shrine Entrance,
4B. Arena Gallery,競技場長廊,project-proposed,heading-only,ToA,100,data/3/entries/4/entries/5/entries/4/name,1,4B. Arena Gallery,
4B. Second Puzzle Door,4B. 第二道謎題門,project-proposed,heading-only,ToA,132,data/5/entries/5/entries/6/entries/4/name,1,4B. Second Puzzle Door,
4C. Gladiator Cells,4C. 角鬥士牢房,project-proposed,heading-only,ToA,100,data/3/entries/4/entries/5/entries/5/name,1,4C. Gladiator Cells,
4D. Gladiatorial Pit,角鬥場坑,project-proposed,heading-only,ToA,100,data/3/entries/4/entries/5/entries/6/name,1,4D. Gladiatorial Pit,
4–5,4–5,project-proposed,heading-only,ToA,77,data/2/entries/4/entries/27/entries/10/entries/5/entries/1/rows/2/0,6,4–5,
5,5,project-proposed,heading-only,BGDIA,6,data/0/entries/2/entries/3/entries/6,1432,"As tempting as such pursuits can be, the characters must be careful, for devil deals, demon lords, and Tiamat's rage number among the multiverse's greatest threats. Also, Zariel herself might become cross with the characters for daring to meddle in her diabolical affairs. How the adventure concludes depends on the choices the characters make, the chaos they foment, and the deals they forge, as discussed in {@adventure chapter 5|BGDIA|8}.",
5. Ant Hills,5. 蟻丘,project-proposed,heading-only,ToA,90,data/2/entries/4/entries/49/entries/10/name,1,5. Ant Hills,
5. Fenthaza's Quarters,5. 芬薩札的住處,project-proposed,heading-only,ToA,117,data/4/entries/4/entries/6/name,1,5. Fenthaza's Quarters,
5. Field Hospital Tents,5. 野戰醫院帳篷,project-proposed,heading-only,ToA,48,data/2/entries/4/entries/8/entries/10/name,1,5. Field Hospital Tents,
5. Garden,5. 花園,project-proposed,heading-only,ToA,28,data/1/entries/10/entries/5/entries/5/name,1,5. Garden,
5. Great Rift,5. 大裂谷,project-proposed,heading-only,ToA,100,data/3/entries/4/entries/6/name,1,5. Great Rift,
5. Grung Hovels,5. 格隆小屋,project-proposed,heading-only,ToA,51,data/2/entries/4/entries/10/entries/13/name,1,5. Grung Hovels,
5. Hallucinogenic Plants,致幻植物,project-proposed,heading-only,ToA,78,data/2/entries/4/entries/27/entries/13/name,1,5. Hallucinogenic Plants,
5. Haunted Forge,5. 鬧鬼的鍛造間,project-proposed,heading-only,ToA,86,data/2/entries/4/entries/48/entries/10/name,1,5. Haunted Forge,
5. Latrines,5. 廁所,project-proposed,heading-only,ToA,45,data/2/entries/4/entries/7/entries/10/name,1,5. Latrines,
5. Merchant Prince's Villa,5. 商業王子別墅,project-proposed,heading-only,ToA,20,data/1/entries/8/entries/7/entries/2/name,1,5. Merchant Prince's Villa,
5. Royal House,5. 王宮,project-proposed,heading-only,ToA,71,data/2/entries/4/entries/20/entries/15/name,1,5. Royal House,
5. Stores,5. 倉庫,project-proposed,heading-only,ToA,62,data/2/entries/4/entries/15/entries/13/name,1,5. Stores,
5. Temple of Helm,5. 海爾姆神廟,project-proposed,heading-only,ToA,56,data/2/entries/4/entries/12/entries/16/name,1,5. Temple of Helm,
5. The Cage,籠子,project-proposed,heading-only,ToA,67,data/2/entries/4/entries/18/entries/18/name,1,5. The Cage,
5. Trapped Corridor,5. 陷阱走廊,project-proposed,heading-only,ToA,133,data/5/entries/5/entries/7/name,1,5. Trapped Corridor,
5. Undead Guardians,5. 不死生物守衛,project-proposed,heading-only,ToA,60,data/2/entries/4/entries/13/entries/17/name,1,5. Undead Guardians,
50. Mirror of Life Trapping,50. 生命陷阱之鏡,project-proposed,heading-only,ToA,163,data/5/entries/8/entries/7/name,1,50. Mirror of Life Trapping,
51. Ghastly Door,51. 恐怖之門,project-proposed,heading-only,ToA,163,data/5/entries/8/entries/8/name,1,51. Ghastly Door,
52. Throne Room,52. 王座廳,project-proposed,heading-only,ToA,164,data/5/entries/8/entries/9/name,1,52. Throne Room,
53. Crypt of the Sun Queen,53. 日之女王的墓穴,project-proposed,heading-only,ToA,164,data/5/entries/8/entries/10/name,1,53. Crypt of the Sun Queen,
54. Rolling Doom,54. 滾動的厄運,project-proposed,heading-only,ToA,166,data/5/entries/8/entries/11/name,1,54. Rolling Doom,
54A. Treasure Chest,54A. 寶箱,project-proposed,heading-only,ToA,166,data/5/entries/8/entries/11/entries/2/name,1,54A. Treasure Chest,
54B. Granite Ball,54B. 花崗岩球,project-proposed,heading-only,ToA,166,data/5/entries/8/entries/11/entries/3/name,1,54B. Granite Ball,
54C. Acid Pit,54C. 酸液坑,project-proposed,heading-only,ToA,166,data/5/entries/8/entries/11/entries/4/name,1,54C. Acid Pit,
55. Unkh's Tomb,55. 安珂的墓,project-proposed,heading-only,ToA,166,data/5/entries/8/entries/12/name,1,55. Unkh's Tomb,
56. Grandfather Clock,56. 祖父鍾,project-proposed,heading-only,ToA,168,data/5/entries/8/entries/13/name,1,56. Grandfather Clock,
57. Oubliette,57. 遺忘之井,project-proposed,heading-only,ToA,168,data/5/entries/8/entries/14/name,1,57. Oubliette,
58. Cog of Rot,58. 腐朽齒輪,project-proposed,heading-only,ToA,169,data/5/entries/9/entries/3/name,1,58. Cog of Rot,
59. Cog of Acid,59. 酸液齒輪,project-proposed,heading-only,ToA,169,data/5/entries/9/entries/4/name,1,59. Cog of Acid,
5A. Poison Darts,5A. 毒鏢,project-proposed,heading-only,ToA,133,data/5/entries/5/entries/7/entries/1/name,1,5A. Poison Darts,
5A. Southwest Garden,5A. 西南花園,project-proposed,heading-only,ToA,78,data/2/entries/4/entries/27/entries/13/entries/6/name,1,5A. Southwest Garden,
5B. Devil Face,5B. 魔鬼面孔,project-proposed,heading-only,ToA,133,data/5/entries/5/entries/7/entries/2/name,1,5B. Devil Face,
5B. Southeast Garden,5B. 東南花園,project-proposed,heading-only,ToA,78,data/2/entries/4/entries/27/entries/13/entries/7/name,1,5B. Southeast Garden,
5C. Floor Hatch,5C. 地板艙口,project-proposed,heading-only,ToA,133,data/5/entries/5/entries/7/entries/3/name,1,5C. Floor Hatch,
5C. Northwest Garden,5C. 西北花園,project-proposed,heading-only,ToA,78,data/2/entries/4/entries/27/entries/13/entries/8/name,1,5C. Northwest Garden,
5D. Northeast Garden,5D. 東北花園,project-proposed,heading-only,ToA,78,data/2/entries/4/entries/27/entries/13/entries/9/name,1,5D. Northeast Garden,
6,6,project-proposed,heading-only,BGDIA,9,data/0/entries/5/entries/4/entries/2/items/0,660,"You can decide how long it takes for characters to get from one place to the next. For example, the characters might need to travel 6 miles to get from Fort Knucklebone to Haruman's Hill, and 60 miles to get from Haruman's Hill back to Fort Knucklebone.",
6. Command Tent,6. 指揮帳篷,project-proposed,heading-only,ToA,48,data/2/entries/4/entries/8/entries/11/name,1,6. Command Tent,
6. Crystal Window,6. 水晶窗戶,project-proposed,heading-only,ToA,133,data/5/entries/5/entries/8/name,1,6. Crystal Window,
6. Dining Room,6. 餐廳,project-proposed,heading-only,ToA,28,data/1/entries/10/entries/5/entries/6/name,1,6. Dining Room,
6. Grand Souk,6. 大市集,project-proposed,heading-only,ToA,20,data/1/entries/8/entries/7/entries/3/name,1,6. Grand Souk,
6. House of the Man and Crocodile,6. 人與鱷魚之屋,project-proposed,heading-only,ToA,45,data/2/entries/4/entries/7/entries/11/name,1,6. House of the Man and Crocodile,
6. Lake Grunglung,6. 格隆隆湖,project-proposed,heading-only,ToA,51,data/2/entries/4/entries/10/entries/14/name,1,6. Lake Grunglung,
6. Launch Mechanism,發射機制,project-proposed,heading-only,ToA,90,data/2/entries/4/entries/49/entries/11/name,1,6. Launch Mechanism,
6. Moa's Shrine,摩亞的神殿,project-proposed,heading-only,ToA,101,data/3/entries/4/entries/7/name,1,6. Moa's Shrine,
6. Pagoda,6. 寶塔,project-proposed,heading-only,ToA,78,data/2/entries/4/entries/27/entries/14/name,1,6. Pagoda,
6. Sacrificial Chamber,祭祀室,project-proposed,heading-only,ToA,117,data/4/entries/4/entries/7/name,1,6. Sacrificial Chamber,
6. Stables,6. 馬廄,project-proposed,heading-only,ToA,56,data/2/entries/4/entries/12/entries/17/name,1,6. Stables,
6. Teleportation Circle,6. 傳送陣,project-proposed,heading-only,ToA,60,data/2/entries/4/entries/13/entries/18/name,1,6. Teleportation Circle,
6. Treasury,國庫,project-proposed,heading-only,ToA,62,data/2/entries/4/entries/15/entries/14/name,1,6. Treasury,
6. Watchtower,瞭望塔,project-proposed,heading-only,ToA,67,data/2/entries/4/entries/18/entries/19/name,1,6. Watchtower,
60. Cog of Blood,60. 血之齒輪,project-proposed,heading-only,ToA,169,data/5/entries/9/entries/5/name,1,60. Cog of Blood,
61. Control Room,61. 控制室,project-proposed,heading-only,ToA,170,data/5/entries/9/entries/6/name,1,61. Control Room,
62. Stone Juggernaut,62. 岩石戰車,project-proposed,heading-only,ToA,172,data/5/entries/9/entries/7/name,1,62. Stone Juggernaut,
"62A. ""Awaken Napaka!""","62A. ""喚醒納帕卡！""",project-proposed,heading-only,ToA,172,data/5/entries/9/entries/7/entries/1/name,1,"62A. ""Awaken Napaka!""",
62B. Sloped Hall,62B. 傾斜走廊,project-proposed,heading-only,ToA,172,data/5/entries/9/entries/7/entries/2/name,1,62B. Sloped Hall,
62C. Broken Statue,62C. 破碎的雕像,project-proposed,heading-only,ToA,172,data/5/entries/9/entries/7/entries/3/name,1,62C. Broken Statue,
62D. Secret Room,62D. 秘密房間,project-proposed,heading-only,ToA,173,data/5/entries/9/entries/7/entries/4/name,1,62D. Secret Room,
63. Gas-Filled Room,63. 充滿氣體的房間,project-proposed,heading-only,ToA,173,data/5/entries/9/entries/8/name,1,63. Gas-Filled Room,
64. Base of the Waterfall,64. 瀑布底部,project-proposed,heading-only,ToA,173,data/5/entries/9/entries/9/name,1,64. Base of the Waterfall,
65. Underground Lake,65. 地下湖,project-proposed,heading-only,ToA,174,data/5/entries/9/entries/10/name,1,65. Underground Lake,
66. Door of Devouring,66. 吞噬之門,project-proposed,heading-only,ToA,174,data/5/entries/9/entries/11/name,1,66. Door of Devouring,
67. Hall of the Golden Mastodon,67. 金象大廳,project-proposed,heading-only,ToA,175,data/5/entries/9/entries/12/name,1,67. Hall of the Golden Mastodon,
68. Hall of Decay,68. 腐朽之廳,project-proposed,heading-only,ToA,176,data/5/entries/9/entries/13/name,1,68. Hall of Decay,
69. Mechanus Chain,69. 機械境鏈,project-proposed,heading-only,ToA,177,data/5/entries/9/entries/14/name,1,69. Mechanus Chain,
6A. Bosco's Bilge,博斯科的底艙,project-proposed,heading-only,ToA,67,data/2/entries/4/entries/18/entries/20/name,1,6A. Bosco's Bilge,
6A. Concealed Pit Trap,6A. 隱藏的坑陷阱,project-proposed,heading-only,ToA,45,data/2/entries/4/entries/7/entries/12/name,1,6A. Concealed Pit Trap,
6A. Ledge,巖架,project-proposed,heading-only,ToA,87,data/2/entries/4/entries/48/entries/11/name,1,6A. Ledge,
6A. Shrine Entrance,6A. 神龕入口,project-proposed,heading-only,ToA,101,data/3/entries/4/entries/7/entries/4/name,2,6A. Shrine Entrance,
6B. Blade Trap,6B. 刀刃陷阱,project-proposed,heading-only,ToA,45,data/2/entries/4/entries/7/entries/13/name,1,6B. Blade Trap,
6B. Egg Nursery,6B. 蛋孵化室,project-proposed,heading-only,ToA,87,data/2/entries/4/entries/48/entries/12/name,1,6B. Egg Nursery,
6B. Kitchen,廚房,project-proposed,heading-only,ToA,68,data/2/entries/4/entries/18/entries/21/name,1,6B. Kitchen,
6B. Trapped Passage,陷阱通道,project-proposed,heading-only,ToA,101,data/3/entries/4/entries/7/entries/5/name,1,6B. Trapped Passage,
6C. Bosco's Bunk,6C. 博斯科的鋪位,project-proposed,heading-only,ToA,68,data/2/entries/4/entries/18/entries/22/name,1,6C. Bosco's Bunk,
6C. Chamber of Deception,6C. 欺騙之室,project-proposed,heading-only,ToA,101,data/3/entries/4/entries/7/entries/6/name,1,6C. Chamber of Deception,
6C. Puzzle Floor,6C. 謎題地板,project-proposed,heading-only,ToA,46,data/2/entries/4/entries/7/entries/14/name,1,6C. Puzzle Floor,
6C. Rolling Stone Trap,滾動石陷阱,project-proposed,heading-only,ToA,87,data/2/entries/4/entries/48/entries/13/name,1,6C. Rolling Stone Trap,
6D. Puzzle Door,6D. 謎題門,project-proposed,heading-only,ToA,46,data/2/entries/4/entries/7/entries/15/name,1,6D. Puzzle Door,
6D. Western Secret Room,西側密室,project-proposed,heading-only,ToA,102,data/3/entries/4/entries/7/entries/7/name,1,6D. Western Secret Room,
6E. Eastern Secret Room,6E. 東部密室,project-proposed,heading-only,ToA,102,data/3/entries/4/entries/7/entries/8/name,1,6E. Eastern Secret Room,
6E. Treasury,6E. 寶庫,project-proposed,heading-only,ToA,46,data/2/entries/4/entries/7/entries/16/name,1,6E. Treasury,
6–7,6–7,project-proposed,heading-only,ToA,36,data/1/entries/12/entries/5/entries/2/entries/0/rows/12/0,8,66–71,
7. Evil Oracle,邪惡預言者,project-proposed,heading-only,ToA,118,data/4/entries/4/entries/8/name,1,7. Evil Oracle,
7. Fallen Tree,倒下的樹,project-proposed,heading-only,ToA,102,data/3/entries/4/entries/8/name,1,7. Fallen Tree,
7. Flooded Garden,7. 洪水花園,project-proposed,heading-only,ToA,79,data/2/entries/4/entries/27/entries/15/name,1,7. Flooded Garden,
7. Grand Staircase,7. 大樓梯,project-proposed,heading-only,ToA,134,data/5/entries/5/entries/9/name,1,7. Grand Staircase,
7. Imix Shrine,伊米西神殿,project-proposed,heading-only,ToA,63,data/2/entries/4/entries/15/entries/15/name,1,7. Imix Shrine,
7. Jousting Field,7. 馬上比武場,project-proposed,heading-only,ToA,56,data/2/entries/4/entries/12/entries/18/name,1,7. Jousting Field,
7. Prison Pit,7. 監獄坑,project-proposed,heading-only,ToA,51,data/2/entries/4/entries/10/entries/15/name,1,7. Prison Pit,
7. Sauna,7. 桑拿,project-proposed,heading-only,ToA,28,data/1/entries/10/entries/5/entries/7/name,2,7. Sauna,
7. Soldiers' Tents,7. 士兵帳篷,project-proposed,heading-only,ToA,48,data/2/entries/4/entries/8/entries/12/name,1,7. Soldiers' Tents,
7. Temple of Savras,7. 薩弗拉斯神廟,project-proposed,heading-only,ToA,20,data/1/entries/8/entries/7/entries/4/name,1,7. Temple of Savras,
7. Upper Landing,上層著陸點,project-proposed,heading-only,ToA,87,data/2/entries/4/entries/48/entries/14/name,1,7. Upper Landing,
70. Armillary Sphere,70. 渾天儀,project-proposed,heading-only,ToA,177,data/5/entries/9/entries/15/name,1,70. Armillary Sphere,
71. Lair of the Sewn Sisters,71. 縫補姐妹的巢穴,project-proposed,heading-only,ToA,178,data/5/entries/10/entries/2/name,1,71. Lair of the Sewn Sisters,
72. Trial of the Triangle,72. 三角試煉,project-proposed,heading-only,ToA,181,data/5/entries/10/entries/3/name,1,72. Trial of the Triangle,
73. Trial of the Square,73. 正方形試煉,project-proposed,heading-only,ToA,181,data/5/entries/10/entries/4/name,1,73. Trial of the Square,
74. Trial of the Pentagon,74. 五邊形試煉,project-proposed,heading-only,ToA,182,data/5/entries/10/entries/5/name,1,74. Trial of the Pentagon,
75. Trial of the Hexagon,75. 六邊形試煉,project-proposed,heading-only,ToA,183,data/5/entries/10/entries/6/name,1,75. Trial of the Hexagon,
76. Trial of the Octagon,76. 八邊形試煉,project-proposed,heading-only,ToA,184,data/5/entries/10/entries/7/name,1,76. Trial of the Octagon,
77. Death God's Nursery,77. 死神的育嬰室,project-proposed,heading-only,ToA,184,data/5/entries/10/entries/8/name,1,77. Death God's Nursery,
78. Chapel of Hate,78. 仇恨禮拜堂,project-proposed,heading-only,ToA,186,data/5/entries/10/entries/9/name,1,78. Chapel of Hate,
79. Hall of Finality,79. 最終之廳,project-proposed,heading-only,ToA,187,data/5/entries/10/entries/10/name,1,79. Hall of Finality,
7A. We Are Not Alone,7A. 我們並不孤單,project-proposed,heading-only,ToA,134,data/5/entries/5/entries/9/entries/2/name,1,7A. We Are Not Alone,
7B. Acererak's Second Warning,7B. 阿瑟瑞克的第二次警告,project-proposed,heading-only,ToA,134,data/5/entries/5/entries/9/entries/3/name,1,7B. Acererak's Second Warning,
7C. Acererak's Third Warning,7C. 阿瑟瑞克的第三次警告,project-proposed,heading-only,ToA,134,data/5/entries/5/entries/9/entries/4/name,1,7C. Acererak's Third Warning,
7D. Acererak's Fourth Warning,7D. 阿瑟瑞克的第四次警告,project-proposed,heading-only,ToA,134,data/5/entries/5/entries/9/entries/5/name,1,7D. Acererak's Fourth Warning,
8. Bath,8. 浴室,project-proposed,heading-only,ToA,28,data/1/entries/10/entries/5/entries/8/name,1,8. Bath,
8. Flaming Fist Provisioner,8. 烈焰之拳供應站,project-proposed,heading-only,ToA,56,data/2/entries/4/entries/12/entries/19/name,1,8. Flaming Fist Provisioner,
8. Latrines,8. 廁所,project-proposed,heading-only,ToA,48,data/2/entries/4/entries/8/entries/13/name,1,8. Latrines,
8. Magical Attraction,8. 魔法吸引,project-proposed,heading-only,ToA,134,data/5/entries/5/entries/10/name,1,8. Magical Attraction,
8. Main Living Quarters,8. 主要居住區,project-proposed,heading-only,ToA,87,data/2/entries/4/entries/48/entries/15/name,1,8. Main Living Quarters,
8. Prisoner Pits,8. 囚犯坑,project-proposed,heading-only,ToA,118,data/4/entries/4/entries/9/name,1,8. Prisoner Pits,
8. Smoke-Filled Caverns,煙霧瀰漫的洞穴,project-proposed,heading-only,ToA,63,data/2/entries/4/entries/15/entries/16/name,1,8. Smoke-Filled Caverns,
8. Temple of Gond,8. 貢德神廟,project-proposed,heading-only,ToA,21,data/1/entries/8/entries/7/entries/5/name,1,8. Temple of Gond,
8. Unkh's Shrine,8. 安珂的神龕,project-proposed,heading-only,ToA,102,data/3/entries/4/entries/9/name,1,8. Unkh's Shrine,
8. Zalkoré's Lair,8. 扎爾柯蕊的巢穴,project-proposed,heading-only,ToA,78,data/2/entries/4/entries/27/entries/13/entries/5,3,"Zalkoré and the eblis don't miss the opportunity to strike while characters are drugged, or to offer them poisoned fruit and wine if they've done nothing offensive (see {@adventure area 8|ToA|2|8. Zalkoré's Lair}).",
80. Red Library,80. 紅圖書館,project-proposed,heading-only,ToA,188,data/5/entries/10/entries/11/name,1,80. Red Library,
81. Ebon Pool,81. 烏木池,project-proposed,heading-only,ToA,189,data/5/entries/10/entries/12/name,1,81. Ebon Pool,
8A. Shrine Entrance,神殿入口,project-proposed,heading-only,ToA,103,data/3/entries/4/entries/9/entries/2/name,2,8A. Shrine Entrance,
8B. Ruined Workshop,毀壞的工作室,project-proposed,heading-only,ToA,103,data/3/entries/4/entries/9/entries/3/name,1,8B. Ruined Workshop,
8C. Chamber of Contemplation,8C. 沉思之室,project-proposed,heading-only,ToA,103,data/3/entries/4/entries/9/entries/4/name,1,8C. Chamber of Contemplation,
8–9,8–9,project-proposed,heading-only,ToA,36,data/1/entries/12/entries/5/entries/2/entries/0/rows/16/0,5,88–92,
9. Adventurers' Camp,冒險者營地,project-proposed,heading-only,ToA,103,data/3/entries/4/entries/10/name,1,9. Adventurers' Camp,
9. Cells and Passage to Wyrmheart Mine,通往龍心礦井的牢房和通道,project-proposed,heading-only,ToA,63,data/2/entries/4/entries/15/entries/17/name,1,9. Cells and Passage to Wyrmheart Mine,
9. Flaming Fist Barracks,9. 烈焰拳團軍營,project-proposed,heading-only,ToA,56,data/2/entries/4/entries/12/entries/20/name,1,9. Flaming Fist Barracks,
9. Inventors' Quarters,發明家區,project-proposed,heading-only,ToA,88,data/2/entries/4/entries/48/entries/16/name,1,9. Inventors' Quarters,
9. Kitchen,9. 廚房,project-proposed,heading-only,ToA,29,data/1/entries/10/entries/5/entries/9/name,1,9. Kitchen,
9. Magic Fountain,9. 魔法噴泉,project-proposed,heading-only,ToA,135,data/5/entries/5/entries/11/name,1,9. Magic Fountain,
9. Temple of Sune,9. 蘇恩神廟,project-proposed,heading-only,ToA,21,data/1/entries/8/entries/7/entries/6/name,1,9. Temple of Sune,
9. The Fane,聖所,project-proposed,heading-only,ToA,119,data/4/entries/4/entries/10/name,1,9. The Fane,
A Cure for Dead Characters,治癒已死亡角色的方法,project-proposed,heading-only,ToA,40,data/2/entries/3/entries/5/entries/3/entries/2/name,1,A Cure for Dead Characters,
A Wizard's Theory,法師的理論,project-proposed,heading-only,BGDIA,98,data/4/entries/2/entries/8/name,1,A Wizard's Theory,
APPETIZERS,開胃菜,project-proposed,heading-only,BGDIA,135,data/7/entries/4/entries/3/entries/3/entries/2,2,"Five {@creature Bulezau|MTF|bulezaus} drowned a night hag in the pool. The hag, Yiggleblight, was working with Trantolox to find {@creature Crokek'toeck|BGDIA} until the nalfeshnee suspected the hag was secretly plotting against it. Trantolox ordered the bulezaus to kill the hag. They plan to eat her once the corpse bloats, but the characters make excellent appetizers.",
Aaqa,阿卡,project-proposed,canonical-name,ToA,69,data/2/entries/4/entries/20/entries/10/entries/4/entries/1,2,"{@creature Asharra|ToA} must grind the orchid to powder, inhale it, and dance in circles around the ritual's beneficiaries uninterrupted while seven other aarakocra chant prayers to the Wind Dukes of Aaqa. When the dance concludes, {@creature Asharra|ToA}'s wings disappear and she loses the ability to fly. The ritual's beneficiaries each gain a magical flying speed of 30 feet (allowing them to fly 4 miles per hour). This benefit lasts for 3 days, after which {@creature Asharra|ToA}'s wings reappear and she regains the ability to fly.",
Aarakocra,鳥羽人,project-proposed,heading-only,ToA,5,data/0/entries/1/entries/1/rows/2/2,59,Aarakocra elder at Kir Sabal,
Aarakocra Bones,鳥羽人骨骼,project-proposed,heading-only,ToA,159,data/5/entries/8/entries/4/entries/4/entries/5/name,1,Aarakocra Bones,
Aazon,阿贊,project-proposed,canonical-name,ToA,26,data/1/entries/9/entries/2/entries/8/entries/2,5,"{@creature Jobal|ToA} (NE male Chultan human {@creature scout}) made a fortune as a wilderness guide when the party he was working for discovered a stunning cache of Chultan gold and jewels. Miraculously, only {@creature Jobal|ToA} survived the gauntlet of undead and dinosaur attacks, making it back to Port Nyanzaru in a canoe laden with treasure. There's no doubt he's led a life of adventure; his body bears many scars from his escapades. His chief spy, confidante, and consort is Aazon Talieri (NG male Tethyrian human {@creature spy}). {@creature Jobal|ToA} trusts him implicitly, and Aazon's loyalty is beyond reproach.",
Aazon Talieri,阿贊·塔里耶里,project-proposed,canonical-name,ToA,26,data/1/entries/9/entries/2/entries/8/entries/2,1,"{@creature Jobal|ToA} (NE male Chultan human {@creature scout}) made a fortune as a wilderness guide when the party he was working for discovered a stunning cache of Chultan gold and jewels. Miraculously, only {@creature Jobal|ToA} survived the gauntlet of undead and dinosaur attacks, making it back to Port Nyanzaru in a canoe laden with treasure. There's no doubt he's led a life of adventure; his body bears many scars from his escapades. His chief spy, confidante, and consort is Aazon Talieri (NG male Tethyrian human {@creature spy}). {@creature Jobal|ToA} trusts him implicitly, and Aazon's loyalty is beyond reproach.",
Abbreviations,縮寫,project-proposed,heading-only,ToA,6,data/0/entries/4/entries/5/name,2,Abbreviations,
Abduction Squad (for 3rd-level characters),綁架小隊（適合3級角色）,project-proposed,heading-only,BGDIA,28,data/1/entries/8/entries/5/entries/2/entries/1/name,1,Abduction Squad (for 3rd-level characters),
Ability Checks and Deal-Making,屬性檢定與交易制定,project-proposed,heading-only,BGDIA,212,data/10/entries/5/entries/3/name,1,Ability Checks and Deal-Making,
Ability Scores,屬性值,existing-site,heading-only,BGDIA,216,data/11/entries/3/entries/3/name,3,Ability Scores,
Aboleth Slime,阿波羅斯粘液,project-proposed,heading-only,ToA,168,data/5/entries/9/entries/2/entries/0/name,3,Aboleth Slime,
About the Adventure,關於冒險,project-proposed,heading-only,BGDIA,5,data/0/name,1,About the Adventure,
About the Tavern,關於酒館,project-proposed,heading-only,BGDIA,16,data/1/entries/7/entries/2/name,2,About the Tavern,
About the Villa,關於別墅,project-proposed,heading-only,BGDIA,33,data/1/entries/10/entries/4/name,1,About the Villa,
Acererak the Eternal,永恆之阿瑟瑞克,project-proposed,heading-only,ToA,190,data/5/entries/11/entries/7/name,1,Acererak the Eternal,
Acererak's Defeat,阿瑟瑞克的失敗,project-proposed,heading-only,ToA,186,data/5/entries/10/entries/8/entries/11/name,1,Acererak's Defeat,
Acererak's Gift,阿瑟瑞克的禮物,project-proposed,heading-only,ToA,167,data/5/entries/8/entries/12/entries/7/name,1,Acererak's Gift,
Acererak's Revenge,阿瑟瑞克的復仇,project-proposed,heading-only,ToA,184,data/5/entries/10/entries/8/entries/3,2,"The cylindrical device is the Soulmonger. The malformed creature floating next to it is an {@creature atropal|ToA} (see {@adventure appendix D|ToA|9}), which feeds on the captured souls of the dead. The atropal attacks any creature that threatens it or tries to damage its food source. If the atropal dies, {@creature Acererak|ToA} arrives to take his revenge (see ""{@area Acererak's Revenge|507|x}"" below).",
Acererak's Scepter,阿瑟瑞克的權杖,project-proposed,heading-only,ToA,164,data/5/entries/8/entries/9/entries/4/entries/1/name,1,Acererak's Scepter,
Acererak's Warnings,阿瑟瑞克的警告,project-proposed,heading-only,ToA,252,data/10/entries/8/name,1,Acererak's Warnings,
Acheron Wardrobe,修羅場衣櫃,project-proposed,heading-only,ToA,169,data/5/entries/9/entries/5/entries/5/name,1,Acheron Wardrobe,
Action Stations,操作檯,project-proposed,heading-only,BGDIA,216,data/11/entries/3/entries/5/entries/0,2,An infernal war machine doesn't have actions of its own. It relies on crew to occupy stations and use their actions to operate the vehicle's various functions. Any option that appears in the Action Stations section of an infernal war machine's stat block requires an action to perform.,
Actions Stations and Crew,操作檯和操作人員,project-proposed,heading-only,BGDIA,216,data/11/entries/3/entries/5/name,1,Actions Stations and Crew,
Activating the Altar,啟用祭壇,project-proposed,heading-only,BGDIA,60,data/2/entries/6/entries/5/entries/5/entries/3/name,1,Activating the Altar,
Activating the Pool,啟用水池,project-proposed,heading-only,ToA,189,data/5/entries/10/entries/12/entries/2/name,1,Activating the Pool,
Activating the Sphere,啟用球體,project-proposed,heading-only,ToA,178,data/5/entries/9/entries/15/entries/2/name,1,Activating the Sphere,
Adamantine Struts,精金支架,project-proposed,heading-only,ToA,184,data/5/entries/10/entries/8/entries/1/entries/0,4,"Crumbling balconies overlook a pool of lava filling this triangular chamber, above which is suspended an enormous crystal cylinder held in place by three adamantine struts. Wraithlike forms swirl inside the cylinder, and otherworldly screams hang in the air. Four long, writhing tentacles sprout from the cylinder's cap. A shriveled monstrosity the size of an elephant floats near the cylinder. Its body is wet and malformed, its arms and legs are atrophied, and its oversized head drips black goo. The creature is attached to the cylinder by a twisted umbilical cord.",
Additional Art Direction,其他藝術指導,project-proposed,heading-only,ToA,,data/12/entries/0/entries/0/items/9/name,1,Additional Art Direction,
Additional Design,額外設計,project-proposed,heading-only,ToA,,data/12/entries/0/entries/0/items/1/name,1,Additional Design,
Adventure Background,冒險背景,project-proposed,heading-only,BGDIA,7,data/0/entries/3/name,1,Adventure Background,
Adventure Overview,冒險概述,project-proposed,heading-only,BGDIA,5,data/0/entries/2/name,1,Adventure Overview,
Adventure Summary,冒險摘要,project-proposed,heading-only,ToA,6,data/0/entries/4/entries/6/name,1,Adventure Summary,
Advice from the Spirits,來自靈魂的建議,project-proposed,heading-only,ToA,135,data/5/entries/5/entries/11/entries/1/name,21,Advice from the Spirits,
Aftermath,後續,project-proposed,heading-only,BGDIA,54,data/2/entries/5/entries/8/entries/7/name,3,Aftermath,
Agents of the Flaming Fist,赤拳代理人,project-proposed,heading-only,ToA,56,data/2/entries/4/entries/12/entries/18/entries/3/name,2,Agents of the Flaming Fist,
Al-Saryak,艾薩亞克,project-proposed,canonical-name,ToA,5,data/0/entries/1/entries/1/rows/45/0,6,{@creature Zaroum Al-Saryak|ToA},
Alazub,阿拉祖布,project-proposed,canonical-name,BGDIA,136,data/7/entries/4/entries/3/entries/6/entries/2,14,"The chained fiend is Alazub, a {@creature barbed devil} with 25 hit points remaining. The giant flies are three {@creature Chasme||chasmes}. Characters who enter the chamber are susceptible to the chasmes' Drone trait. The chasmes cease their torture of Alazub to attack intruders.",
Albino Dwarves,白矮人,project-proposed,heading-only,ToA,11,data/0/entries/6/entries/3/entries/0,5,"Members of every race and nationality of Faerûn can be found in Port Nyanzaru, but few of them ever travel more than a hundred yards beyond the city walls. The native peoples must be divided into those that are commonly known and those whose presence is legendary or only suspected. The first group consists of Chultans (humans), aarakocra, Batiri (goblins), dwarves (including albino dwarves), pterafolk, and tabaxi. In the second category, weretigers are suspected to be present in small numbers; explorers and hunters sometimes report seeing grungs (frog folk) deep in the jungle; and yuan-ti are rumored to be making a resurgence in remote areas.",
Alcove,壁龕,project-proposed,heading-only,BGDIA,17,data/1/entries/7/entries/4/entries/4/name,31,E4. Storage Alcove,
Aldani,龍蝦人,project-proposed,heading-only,ToA,16,data/1/entries/7/entries/2/items/3/name,23,Explore the Aldani Basin,
Aldani Basin,阿爾達尼盆地,project-proposed,heading-only,ToA,16,data/1/entries/7/entries/2/items/3/name,12,Explore the Aldani Basin,
Alien Growth,外星生長物,project-proposed,heading-only,ToA,146,data/5/entries/7/entries/0,6,"Map 5.3 shows this level of the dungeon, which an {@condition invisible} beholder named Belchorzh the Unseen (see {@area area 44|414|x}) claims as its home. It doesn't have access to lair actions and regional effects; instead, it has infected its home with weird alien growth.",
Allosaurus,異特龍,existing-site,heading-only,ToA,18,data/1/entries/8/entries/6/entries/4/entries/0,10,"The road through the Old City splits around a rectangular, stone-lined pit 15 feet deep, 50 feet wide, and 200 feet long. The original Amnian residents built it as an arena for a highly competitive ball game, and it still provides cheap entertainment for the locals. {@creature Velociraptor|VGM|Velociraptors} (see {@adventure appendix D|ToA|9}), {@creature Panther||panthers}, or other hungry beasts (a juvenile {@creature allosaurus} is a guaranteed crowd pleaser) are set loose in the pit, then convicted criminals are dropped in at one end. Any criminals who make it alive through the gauntlet of carnivores to the far end of the pit can scramble up knotted ropes and win their freedom, along with the adulation of the crowd. Spectators line the walls for these spectacles—including representatives from every level of Port Nyanzaru society, not just residents of the Old City. Bets are placed on which criminals will survive, which will die, how far runners will get before a beast brings them down, and how many kills each animal will rack up.",
Almiraj,獨角兔,existing-site,heading-only,ToA,77,data/2/entries/4/entries/27/entries/10/entries/5/entries/1/rows/0/1,21,{@dice 1d4} {@creature almiraj|ToA} (see {@adventure appendix D|ToA|9}),
Almiraj Tiles,獨角兔瓷磚,project-proposed,heading-only,ToA,104,data/3/entries/4/entries/11/entries/3/entries/4/name,1,Almiraj Tiles,
Alterations to Magic,魔法的變化,project-proposed,heading-only,BGDIA,77,data/3/entries/5/entries/4/name,1,Alterations to Magic,
Alternative Weapon Stations,可選武器,project-proposed,heading-only,BGDIA,217,data/11/entries/4/entries/3/entries/3/entries/1,3,"One weapon can be replaced with another (see ""{@area Alternative Weapon Stations|43d|x}""), provided the crew requirement needed to operate the replacement weapon is the same.",
Amn,安姆,project-proposed,canonical-name,BGDIA,44,data/1/entries/13/entries/4/entries/1/entries/0,17,"As Wyrm's Crossing and Baldur's Gate disappear from view, you find yourselves heading down the Coast Way, a dirt road that leads to such distant lands as Tethyr, Amn, and Calimshan. Candlekeep lies some one hundred and fifty miles south and west—a five-day journey.",
Amnian,安姆人,project-proposed,canonical-name,BGDIA,161,data/9/entries/5/entries/10/entries/5/entries/2,7,"The sea routes between Baldur's Gate and Chult are far from safe. Pirates, Amnian privateers, and sea monsters are common in these waters.",
An Uneasy Alliance,一個不穩定的聯盟,project-proposed,heading-only,ToA,94,data/3/entries/3/entries/6/entries/6/name,1,An Uneasy Alliance,
Ankylosaurus,甲龍,existing-site,heading-only,ToA,26,data/1/entries/9/entries/2/entries/6/entries/0/rows/1/0,8,"{@creature Ankylosaurus}, {@creature deinonychus|VGM}, or {@creature flying snake}",
Anywhere is Everywhere,此即彼處,project-proposed,heading-only,BGDIA,9,data/0/entries/5/entries/4/name,1,Anywhere is Everywhere,
Apes,猿,project-proposed,heading-only,ToA,194,data/7/entries/2/entries/4/rows/4/0,6,{@area Apes|5a3|x},
Appendix A: Character Backgrounds,附錄A：角色背景,project-proposed,heading-only,ToA,191,data/6/name,1,Appendix A: Character Backgrounds,
Appendix A: Diabolical Deals,附錄A：魔鬼契約,project-proposed,heading-only,BGDIA,212,data/10/name,1,Appendix A: Diabolical Deals,
Appendix B: Infernal War Machines,附錄B：地獄戰爭機器,project-proposed,heading-only,BGDIA,216,data/11/name,1,Appendix B: Infernal War Machines,
Appendix B: Random Encounters,附錄B：隨機遭遇,project-proposed,heading-only,ToA,193,data/7/name,1,Appendix B: Random Encounters,
Appendix C: Discoveries,附錄C：發現,project-proposed,heading-only,ToA,205,data/8/name,1,Appendix C: Discoveries,
Appendix C: Magic Items,附錄C：魔法物品,project-proposed,heading-only,BGDIA,223,data/12/name,1,Appendix C: Magic Items,
Appendix D: Creatures,附錄D：生物,project-proposed,heading-only,BGDIA,228,data/13/name,1,Appendix D: Creatures,
Appendix D: Monsters and NPCs,附錄D：怪物與非玩家角色,project-proposed,heading-only,ToA,209,data/9/name,1,Appendix D: Monsters and NPCs,
Appendix E: Infernal Rapture Menu,附錄E：地獄狂喜選單,project-proposed,heading-only,BGDIA,244,data/14/name,1,Appendix E: Infernal Rapture Menu,
Appendix E: Player Handouts,附錄E：玩家講義,project-proposed,heading-only,ToA,243,data/10/name,1,Appendix E: Player Handouts,
Appendix F: Story Concept Art,附錄F：故事概念藝術,project-proposed,heading-only,BGDIA,246,data/15/name,1,Appendix F: Story Concept Art,
Appendix F: Trickster Gods of Omu,附錄F：奧姆的惡作劇之神,project-proposed,heading-only,ToA,256,data/11/name,1,Appendix F: Trickster Gods of Omu,
Appendix G: Infernal Script,附錄G：地獄文字,project-proposed,heading-only,BGDIA,256,data/16/name,1,Appendix G: Infernal Script,
Approaching the Chapel,接近教堂,project-proposed,heading-only,BGDIA,66,data/2/entries/7/entries/8/entries/3/name,1,Approaching the Chapel,
Approaching the Citadel,前往城砦,project-proposed,heading-only,BGDIA,134,data/7/entries/3/name,1,Approaching the Citadel,
Approaching the City,接近城市,project-proposed,heading-only,BGDIA,194,data/9/entries/14/entries/3/name,2,Approaching the City,
Approaching the High Hall,接近至高大廳,project-proposed,heading-only,BGDIA,58,data/2/entries/6/entries/3/name,1,Approaching the High Hall,
Approaching the Wandering Emporium,接近流浪商城,project-proposed,heading-only,BGDIA,128,data/6/entries/10/entries/6/name,1,Approaching the Wandering Emporium,
Arakiti,阿拉基提,project-proposed,canonical-name,ToA,118,data/4/entries/4/entries/8/entries/1,1,"{@creature Yuan-ti Priest|ToA|Yuan-ti priests} use the pool to commune with Dendar the Night Serpent. Three priests named Arakiti, Kultha, and Nyss are here at all times. They are loyal to {@creature Fenthaza|ToA} and are {@creature Yuan-ti Malison (Type 3)||type 3 yuan-ti malisons}, with these changes:",
Archdevil Charms,魔鬼大公的護咒,project-proposed,heading-only,BGDIA,149,data/8/entries/5/entries/3/entries/1/entries/0,3,"Characters who choose to serve Zariel must sign a contract (see {@adventure appendix A|BGDIA|10}) forfeiting their souls to the archdevil. She then returns such characters to the Material Plane to do her bidding. Zariel has numerous schemes spinning at any given time, but the adventurers are particularly well suited to preparing Baldur's Gate to meet the same fate as Elturel. As a sign of favor, she bestows a charm upon each character (see ""{@area Archdevil Charms|414|x}"").",
Archdevils,魔鬼大公,existing-site,heading-only,BGDIA,75,data/3/entries/4/entries/4,13,"Most devils in Avernus serve Zariel, though other Lords of the Nine send forces here to help repel demonic invaders. Devils who are not part of Zariel's legions serve as emissaries from the other layers or as spies for archdevils seeking signs of weakness that they can exploit to further their dreams of power.",
Arches of Ulloch,烏洛克拱門,project-proposed,heading-only,BGDIA,103,data/4/entries/5/entries/8/entries/3/entries/2,3,"The Arches of Ulloch can transport the characters to {@creature Kostchtchie|BGDIA}'s Maw, where the demon lord is being held, provided the characters have a clear destination in mind as they pass through the arches. Olanthius provides directions to the Arches of Ulloch and can point to that location, as well as the location of {@creature Kostchtchie|BGDIA}'s Maw, on the characters' map.",
Areas of Fort Knucklebone,指節骨要塞區域,project-proposed,heading-only,BGDIA,80,data/3/entries/7/entries/3/name,1,Areas of Fort Knucklebone,
Aremag,阿瑞瑪格,project-proposed,canonical-name,ToA,22,data/1/entries/8/entries/8/entries/11/entries/0,18,"Port Nyanzaru isn't famous for building ships, but many vessels that come here wind up needing hull repairs—especially those that had run-ins with typhoons, pirates, or Aremag the dragon turtle (see ""{@area Bay of Chult|0b5|x}""). It's easy work for dinosaurs to drag ships out of the water into the drydock so holes can be patched and barnacles scraped off.",
Arkhan,阿克漢,project-proposed,canonical-name,BGDIA,6,data/0/entries/2/entries/3/entries/5,54,"The characters' success doesn't hinge on acquiring the {@item Sword of Zariel|BGDIA} or helping Zariel find redemption, as Gargauth is quick to point out should the characters consult with him. There are other ways to free Elturel, but only if the characters are willing to cut deals with Avernus's most evil denizens. The characters might broker a deal with the deposed archdevil {@creature Bel|BGDIA}, who longs to supplant Zariel and regain his title as ruler of Avernus. They might stoke the rage of a horrific demon called {@creature Crokek'toeck|BGDIA} and trick it into gnawing through Elturel's chains. They might come to terms with an evil dragonborn paladin named {@creature Arkhan the Cruel|BGDIA}, using him to broker a deal with Tiamat. By returning her stolen treasure, characters can convince Tiamat to break Elturel's chains.",
Arkhan the Cruel,殘酷者阿克漢,existing-site,heading-only,BGDIA,6,data/0/entries/2/entries/3/entries/5,12,"The characters' success doesn't hinge on acquiring the {@item Sword of Zariel|BGDIA} or helping Zariel find redemption, as Gargauth is quick to point out should the characters consult with him. There are other ways to free Elturel, but only if the characters are willing to cut deals with Avernus's most evil denizens. The characters might broker a deal with the deposed archdevil {@creature Bel|BGDIA}, who longs to supplant Zariel and regain his title as ruler of Avernus. They might stoke the rage of a horrific demon called {@creature Crokek'toeck|BGDIA} and trick it into gnawing through Elturel's chains. They might come to terms with an evil dragonborn paladin named {@creature Arkhan the Cruel|BGDIA}, using him to broker a deal with Tiamat. By returning her stolen treasure, characters can convince Tiamat to break Elturel's chains.",
Arkhan's Tower,阿克漢之塔,project-proposed,heading-only,BGDIA,109,data/5/entries/2/entries/5/entries/4/entries/0,7,"To regain his true form, Uldrak must spill some of Tiamat's blood on the ground of Avernus. Fighting Tiamat in his present form would be madness, but Uldrak has learned that a dragonborn named {@creature Arkhan the Cruel|BGDIA} carries some of Tiamat's blood in a reliquary around his neck. Uldrak reveals that the ""gem"" glowing on the pommel of his old sword is in fact an {@item orb of dragonkind}—an item sure to be of interest to Arkhan. He urges the characters to trade the orb to Arkhan for the reliquary and then return here. If the characters agree, Uldrak gives them directions to Arkhan's Tower.",
Armillary Sphere Conjunction,渾天儀合相,project-proposed,heading-only,ToA,178,data/5/entries/9/entries/15/entries/4/entries/0,2,"If the rings are spun so that all the celestial bodies are lined up, roll on the Armillary Sphere Conjunction table to determine what happens. Once a conjunction effect occurs, the armillary sphere breaks down, causing the levers to lock in place and the hatch to lock shut.",
Armor Class,護甲等級,existing-site,heading-only,BGDIA,216,data/11/entries/3/entries/2/name,4,Armor Class,
Armor Upgrades,裝甲升級,project-proposed,heading-only,BGDIA,123,data/6/entries/7/entries/9/entries/0,2,"Engine oil covers this horned devil, which constantly chews on a shard of smoking, red hot coal. Bazelsteen is more interested in machines than creatures and is willing to repair or modify any infernal war machine that the characters currently use. See {@adventure appendix B|BGDIA|11} for possible weapon replacements, armor upgrades, and magic gadgetry. Instead of payment, the horned devil requires that they help it complete a test (see ""Test Run 221"" below). If the characters perform this task well, Bazelsteen agrees to fully repair their infernal war machines. He also offers one free weapon swap, armor upgrade, or magical gadget.",
Arrival,抵達,project-proposed,heading-only,BGDIA,6,data/0/entries/2/entries/3/entries/0,39,"{@adventure Chapter 2|BGDIA|2} opens with the characters' arrival in Elturel, which is anchored by enormous chains and trapped under the baleful light of the Companion. If the characters do nothing, the city will be pulled down into the River Styx and bound to the Nine Hells forever. {@creature Lulu|BGDIA} tries her best to serve as the party's guide in Avernus, but the hollyphant's memories are fragmented. It becomes clear, however, that {@creature Lulu|BGDIA} has a personal connection to Zariel, dating back to the archdevil's former angelic existence.",
Arrival at the Bathhouse,到達澡堂,project-proposed,heading-only,BGDIA,20,data/1/entries/8/entries/2/name,1,Arrival at the Bathhouse,
Arrival at the Fort,抵達要塞,project-proposed,heading-only,BGDIA,80,data/3/entries/7/entries/4/name,1,Arrival at the Fort,
Arrival at the Wreck,抵達廢墟,project-proposed,heading-only,BGDIA,118,data/5/entries/7/entries/5/name,1,Arrival at the Wreck,
Arrival in Elturel,抵達埃爾託瑞爾,project-proposed,heading-only,BGDIA,6,data/0/entries/2/entries/3/entries/0,3,"{@adventure Chapter 2|BGDIA|2} opens with the characters' arrival in Elturel, which is anchored by enormous chains and trapped under the baleful light of the Companion. If the characters do nothing, the city will be pulled down into the River Styx and bound to the Nine Hells forever. {@creature Lulu|BGDIA} tries her best to serve as the party's guide in Avernus, but the hollyphant's memories are fragmented. It becomes clear, however, that {@creature Lulu|BGDIA} has a personal connection to Zariel, dating back to the archdevil's former angelic existence.",
Art,藝術品,project-proposed,heading-only,BGDIA,18,data/1/entries/7/entries/4/entries/11/entries/3/entries/0,29,"Characters who search the desk drawer find a sharkskin pouch containing 66 gp and 49 sp, which Oshalla uses to pay for food and shelter. Resting against the south wall is a small wooden chest that contains a shrine to Sekolah, the shark god worshiped by sahuagin. The chest's interior is lined with shark teeth and contains a 5-pound coral sculpture of Sekolah with red pearls for eyes (worth 250 gp as an art object).",
Art Administration,藝術管理,project-proposed,heading-only,BGDIA,,data/17/entries/0/items/19/name,2,Art Administration,
Art Director,美術指導,project-proposed,heading-only,BGDIA,246,data/15/entries/0,5,"In the months before writing began on {@i Baldur's Gate: Descent into Avernus}, art director Richard Whitters invited a handful of concept illustrators to create characters, creatures, objects, and environments based on conversations with Adam Lee (the story lead) and other members of the D&D team. These artists included Aleksi Briclot, Daarken, Max Dunbar, Titus Lunter, Vince Proce, and Shawn Wood. Their illustrations helped inspire the writers and laid the groundwork for a story guide used by our licencing partners. This appendix showcases some of their excellent work.",
Artus,阿圖斯,project-proposed,canonical-name,ToA,5,data/0/entries/1/entries/1/rows/1/0,61,{@creature Artus Cimber|ToA},
Artus Cimber,阿圖斯·辛貝爾,existing-site,heading-only,ToA,5,data/0/entries/1/entries/1/rows/1/0,30,{@creature Artus Cimber|ToA},
Artus and the Ring of Winter,阿圖斯和寒冬之戒,project-proposed,heading-only,ToA,190,data/5/entries/11/entries/3/name,1,Artus and the Ring of Winter,
Assassin Vines,刺客藤蔓,project-proposed,heading-only,ToA,49,data/2/entries/4/entries/10/entries/9/entries/3/rows/2/1,8,{@dice 1d3} {@creature Assassin Vine|ToA|assassin vines} (see {@adventure appendix D|ToA|9}) blending in with the surrounding walls.,
Ataaz Kahakla,阿塔茲·卡哈克拉,project-proposed,heading-only,ToA,41,data/2/entries/4/entries/3/name,3,Ataaz Kahakla,
Ataaz Muhahah,阿塔茲·穆哈哈,project-proposed,heading-only,ToA,41,data/2/entries/4/entries/4/name,3,Ataaz Muhahah,
Ataaz Yklwazi,阿塔茲·伊庫瓦茲,project-proposed,heading-only,ToA,42,data/2/entries/4/entries/5/name,2,Ataaz Yklwazi,
Athas,阿塔斯,project-proposed,canonical-name,ToA,128,data/5/entries/3/entries/5/entries/1/items/1,2,"The replacement character hails from another world (Athas, Krynn, Oerth, medieval Earth, or any other milieu of your choosing) and is trapped in stasis within the tomb as one of {@creature Acererak|ToA}'s trophies. If the character is touched, the archlich's binding magic ends.",
Atropal,萎縮者,existing-site,canonical-name,ToA,5,data/0/entries/3/entries/3,34,"Beneath the cracked and broken streets of Omu lies a secret yuan-ti temple called the Fane of the Night Serpent, where {@creature Ras Nsi|ToA} holds sway and plots to bring about the end of the world. Omu is also home to the Tomb of the Nine Gods. As the characters explore this multilevel dungeon, they encounter the spirits of Omu's trickster gods and are potentially inhabited by them. Each god embodies a different alignment, and any character inhabited by one gains a special power as well as a flaw. The nine trickster gods don't get along, and they try to push one another out of the characters' bodies. As the gods fight over their living hosts, the characters must deal with the deadly traps and monsters that guard the Soulmonger. Venturing deeper into the tomb, they uncover clues about the dungeon's evil architect—the archlich {@creature Acererak|ToA}—and learn that the Soulmonger is feeding souls to an undead horror called an atropal. Once it consumes enough souls, the atropal will transform into an evil god.",神孽胚胎
Audience with Fenthaza,與芬薩札會面,project-proposed,heading-only,ToA,114,data/4/entries/3/entries/3/entries/3/name,1,Audience with Fenthaza,
Audience with Ras Nsi,與拉茲·納斯會面,project-proposed,heading-only,ToA,112,data/4/entries/3/entries/3/entries/2/name,1,Audience with Ras Nsi,
Avernus Chase Complications,阿弗納斯追逐複雜情況,project-proposed,heading-only,BGDIA,222,data/11/entries/6/entries/0,2,"Using the guidelines in {@book chapter 8|DMG|8|Chases} of the {@book Dungeon Master's Guide|DMG} and the Avernus Chase Complications table, you can build a chase that incorporates hazards unique to Avernus. Use an infernal war machine's Constitution modifier to determine how many times it can Dash during a chase.",
Axe Beaks,斧嘴鳥們,existing-site,heading-only,ToA,43,data/2/entries/4/entries/7/entries/4,6,"Yokka's band bedevils the party without revealing its presence until the final moment. For example, if no guard is left to watch over the party's boats, the goblins steal them or knock holes in their bottoms. If all the party members enter the shrine, the goblins set up an ambush outside. If all else fails, the goblins use horns and animal calls to draw the attention of nearby undead ({@dice 1d8} {@creature Zombie||zombies} and {@dice 1d8} {@creature Skeleton||skeletons}) or aggressive beasts (a hungry {@creature allosaurus} and {@dice 1d4 + 1} {@creature Axe Beak||axe beaks}).",
Azaka Stormfang,婀扎卡·風暴之牙,existing-site,heading-only,ToA,5,data/0/entries/1/entries/1/rows/3/0,5,{@creature Azaka Stormfang|ToA},
Azi Mas,阿茲·瑪斯,project-proposed,canonical-name,ToA,112,data/4/entries/3/entries/3/entries/0,9,"Characters captured by the yuan-ti are stripped of their gear, fitted with manacles (one set binding the wrists and another binding the ankles), and confined to the pits in {@area area 8|2c6|x}. Their gear is stored in {@area area 13|2e7|x} until it can be studied and inventoried by the storeroom's guardian, Azi Mas. If the characters don't escape within 1 hour, they are visited by the yuan-ti spymaster Yahru and his bodyguards (see {@area area 17|2f3|x}). Yahru asks questions about their mission. He and his bodyguards then escort the characters to {@creature Ras Nsi|ToA} or {@creature Fenthaza|ToA}.",
B1. Entrances,B1. 入口,project-proposed,heading-only,BGDIA,107,data/5/entries/1/entries/6/entries/2/name,1,B1. Entrances,
B2. Dead Ends,B2. 死衚衕,project-proposed,heading-only,BGDIA,107,data/5/entries/1/entries/6/entries/3/name,1,B2. Dead Ends,
B3. Red Ruth's Lair,B3. 紅露絲的巢穴,project-proposed,heading-only,BGDIA,108,data/5/entries/1/entries/6/entries/4/name,1,B3. Red Ruth's Lair,
Baboons,狒狒,project-proposed,heading-only,ToA,42,data/2/entries/4/entries/4/entries/6/entries/0,6,"Hundreds of vines hang below the bridge. Characters can cross the gorge under the bridge by moving hand-over-hand from vine to vine and swinging across the gap. This doesn't activate the stone golem at all, but it requires two successful ability checks: a {@dc 10} Strength ({@skill Athletics}) or Dexterity ({@skill Acrobatics}) check to scramble across the vines and swing across the gap without falling, and a {@dc 10} Wisdom ({@skill Animal Handling}) to make the passage without setting off a panic in the monkeys that consider the vines their home. If the {@skill Animal Handling} check fails, the character is attacked by {@dice 1d4} {@creature Baboon||baboons}. The animals fight normally, but the character hanging in the vines has disadvantage on every attack roll and ability check while under attack.",
Baby Dolls,洋娃娃,project-proposed,heading-only,BGDIA,214,data/10/entries/8/entries/4/entries/1/rows/0/1,3,Baby dolls,
Bag of Nails,釘包,existing-site,heading-only,ToA,5,data/0/entries/1/entries/1/rows/4/0,12,{@creature Bag of Nails|ToA},
Balarystul,巴拉里斯圖爾,project-proposed,canonical-name,BGDIA,129,data/6/entries/10/entries/7/entries/3/entries/2,1,"Burney is, in fact, an {@creature ancient copper dragon} named Balarystul. Burney resides in Avernus on direct assignment from Bahamut, keeping an eye out for signs of increased activity among Tiamat's followers. After the last time the queen of evil dragons tried to escape the Nine Hells, those who oppose her are taking no chances. Burney is particularly interested in any information about the activities of {@creature Arkhan the Cruel|BGDIA} (see ""{@area Arkhan the Cruel|24f|x}"").",
Baldur's Bones,博德之骨,project-proposed,heading-only,BGDIA,16,data/1/entries/7/entries/2/entries/3/entries/1/name,7,Baldur's Bones,
Baldur's Gate Character Backgrounds,博德之門角色背景,project-proposed,heading-only,BGDIA,202,data/9/entries/16/name,1,Baldur's Gate Character Backgrounds,
Baldur's Gate Gazetteer,博德之門地理志,project-proposed,heading-only,BGDIA,158,data/9/name,1,Baldur's Gate Gazetteer,
Baldur's Gate Today,現今的博德之門,project-proposed,heading-only,BGDIA,159,data/9/entries/5/name,1,Baldur's Gate Today,
Baldur's Gate and Its Coat of Arms,博德之門及其紋章,project-proposed,heading-only,BGDIA,159,data/9/entries/5/entries/8/name,1,Baldur's Gate and Its Coat of Arms,
Baldur's Gate: Descent Into Avernus,博德之門：墜入阿弗納斯,project-proposed,heading-only,BGDIA,5,data/0/entries/0,3,"Designed for an adventuring party of four to six 1st-level characters, {@i Baldur's Gate: Descent into Avernus} is a Dungeons & Dragons adventure that begins in the city of Baldur's Gate and ends in Avernus, the first layer of the Nine Hells. By the end of the adventure, the characters should be 13th level or higher. To run this adventure, you need the fifth edition {@book Player's Handbook|PHB}, {@book Dungeon Master's Guide|DMG}, and {@book Monster Manual|MM}.",
Baldur's Mouth,巴爾德爾之口,project-proposed,heading-only,BGDIA,185,data/9/entries/13/entries/4/entries/4/rows/1/1,6,"A reporter from Baldur's Mouth waves the party over, hoping they'll help her get information for a story about some outrageous conspiracy.",
Balduran Looks Out to Sea,巴爾杜蘭望向大海,project-proposed,heading-only,BGDIA,194,data/9/entries/14/entries/5/entries/5/name,1,Balduran Looks Out to Sea,
Bane Statue,班恩雕像,project-proposed,heading-only,BGDIA,27,data/1/entries/8/entries/3/entries/33/entries/4/name,1,Bane Statue,
"Baphomet, Kostchtchie, or Yeenoghu",巴弗滅，科斯徹奇或耶諾古,project-proposed,heading-only,BGDIA,148,data/8/entries/5/entries/2/entries/3/name,1,"Baphomet, Kostchtchie, or Yeenoghu",
Barber Pricing,理髮價格,project-proposed,heading-only,BGDIA,130,data/6/entries/10/entries/7/entries/3/entries/5/name,1,Barber Pricing,
Bargain-Basement Death Saves,特價起死回生,project-proposed,heading-only,BGDIA,78,data/3/entries/5/entries/8/entries/2/name,1,Bargain-Basement Death Saves,
Barnabas the Flameskull,燃焰之顱巴納巴斯,project-proposed,heading-only,BGDIA,84,data/3/entries/7/entries/7/entries/5/name,2,Barnabas the Flameskull,
Barnabas's Goal,巴納巴斯的目標,project-proposed,heading-only,BGDIA,84,data/3/entries/7/entries/7/entries/5/entries/2/name,1,Barnabas's Goal,
Barred Secret Door,被閂住的秘密門,project-proposed,heading-only,ToA,109,data/3/entries/4/entries/20/entries/3/entries/2/name,1,Barred Secret Door,
Bathhouse Locations,澡堂地點,project-proposed,heading-only,BGDIA,20,data/1/entries/8/entries/3/name,1,Bathhouse Locations,
Batiri,巴提里,project-proposed,canonical-name,ToA,11,data/0/entries/6/entries/3/entries/0,27,"Members of every race and nationality of Faerûn can be found in Port Nyanzaru, but few of them ever travel more than a hundred yards beyond the city walls. The native peoples must be divided into those that are commonly known and those whose presence is legendary or only suspected. The first group consists of Chultans (humans), aarakocra, Batiri (goblins), dwarves (including albino dwarves), pterafolk, and tabaxi. In the second category, weretigers are suspected to be present in small numbers; explorers and hunters sometimes report seeing grungs (frog folk) deep in the jungle; and yuan-ti are rumored to be making a resurgence in remote areas.",
Batiri (Goblins),巴提裡（地精）,project-proposed,heading-only,ToA,11,data/0/entries/6/entries/3/entries/0,2,"Members of every race and nationality of Faerûn can be found in Port Nyanzaru, but few of them ever travel more than a hundred yards beyond the city walls. The native peoples must be divided into those that are commonly known and those whose presence is legendary or only suspected. The first group consists of Chultans (humans), aarakocra, Batiri (goblins), dwarves (including albino dwarves), pterafolk, and tabaxi. In the second category, weretigers are suspected to be present in small numbers; explorers and hunters sometimes report seeing grungs (frog folk) deep in the jungle; and yuan-ti are rumored to be making a resurgence in remote areas.",
Battle Stacks,戰鬥堆疊,project-proposed,heading-only,ToA,13,data/0/entries/6/entries/3/entries/5/entries/2/name,3,Battle Stacks,
Battle of Elturel,埃爾託瑞爾的戰鬥,project-proposed,heading-only,BGDIA,73,data/2/entries/8/entries/6/name,1,Battle of Elturel,
Bay of Chult,楚爾特灣,project-proposed,heading-only,ToA,11,data/0/entries/6/entries/1,14,"The safest entry points into this overgrown realm (""safest"" is a relative term in this context) are on the north and east. The coast from the Bay of Chult to Refuge Bay offers beaches on which to embark into the uncharted jungle. Along the entire coast, the Bay of Chult is the only spot where travelers can find welcoming civilization. The rest of the peninsula is a breeding ground for bloodsucking, disease-bearing insects, monstrous reptiles, carnivorous birds and beasts of every variety, and murderous undead. The farther one moves from the coast, the more humid, hot, and inhospitable the land becomes.",
Bazelsteen,巴澤斯汀,project-proposed,canonical-name,BGDIA,123,data/6/entries/7/entries/7,17,"A {@creature horned devil} named Bazelsteen manages the dock for Zariel but yearns for the freedom to carry out its mechanical experiments. To earn its aid, visitors must first serve as test pilots for the devil's latest contraption.",
Beasts for Sale,待售的野獸,project-proposed,heading-only,ToA,26,data/1/entries/9/entries/2/entries/5/entries/4/entries/1,2,"The Beasts for Sale table lists the creatures available for purchase in Port Nyanzaru. Statistics for the hadrosaurus, the deinonychus, and the flying monkey appear in {@area appendix D|536|x}. See the {@book Monster Manual|MM} for all others.",
Beholder Tactics,巨眼魔戰術,project-proposed,heading-only,ToA,156,data/5/entries/7/entries/18/entries/2/entries/2,2,"The {@creature beholder}, Belchorzh (pronounced BEL-korj), floats at the top of the room. {@creature Acererak|ToA} cast a {@spell wish} spell to render Belchorzh {@condition invisible}. A successful {@spell dispel magic} ({@dc 19}) cast on the beholder or contact with an {@spell antimagic field} ends its invisibility. Belchorzh reacts to intruders as described in the ""Beholder Tactics"" section below.",
Bel,貝爾,existing-site,heading-only,BGDIA,6,data/0/entries/2/entries/3/entries/5,95,"The characters' success doesn't hinge on acquiring the {@item Sword of Zariel|BGDIA} or helping Zariel find redemption, as Gargauth is quick to point out should the characters consult with him. There are other ways to free Elturel, but only if the characters are willing to cut deals with Avernus's most evil denizens. The characters might broker a deal with the deposed archdevil {@creature Bel|BGDIA}, who longs to supplant Zariel and regain his title as ruler of Avernus. They might stoke the rage of a horrific demon called {@creature Crokek'toeck|BGDIA} and trick it into gnawing through Elturel's chains. They might come to terms with an evil dragonborn paladin named {@creature Arkhan the Cruel|BGDIA}, using him to broker a deal with Tiamat. By returning her stolen treasure, characters can convince Tiamat to break Elturel's chains.",
Bel's Forge,貝爾鍛爐,project-proposed,heading-only,BGDIA,100,data/4/entries/4/entries/6/entries/1,4,"Baazit contacts the characters telepathically as soon as they're in range. The ultroloth was imprisoned by a pit fiend for stealing {@item Soul Coin|BGDIA|soul coins}. Baazit promises to show the characters how to form magical servants from the goo if they free it. Baazit can also direct the group to {@creature Bel|BGDIA}'s forge (see ""{@area Bel's Forge|251|x}"").",
Belchorzh,貝爾科茲,project-proposed,canonical-name,ToA,146,data/5/entries/7/entries/0,9,"Map 5.3 shows this level of the dungeon, which an {@condition invisible} beholder named Belchorzh the Unseen (see {@area area 44|414|x}) claims as its home. It doesn't have access to lair actions and regional effects; instead, it has infected its home with weird alien growth.",
Belchorzh the Unseen,「隱形者」貝爾科茲,project-proposed,canonical-name,ToA,146,data/5/entries/7/entries/0,2,"Map 5.3 shows this level of the dungeon, which an {@condition invisible} beholder named Belchorzh the Unseen (see {@area area 44|414|x}) claims as its home. It doesn't have access to lair actions and regional effects; instead, it has infected its home with weird alien growth.",
Betting,下注,project-proposed,heading-only,ToA,18,data/1/entries/8/entries/6/entries/4/entries/1,5,"A handful of Chultans have become celebrities by surviving multiple dashes through Executioner's Run. It's been suggested that some people continue committing crimes solely because a conviction is the only way to get tossed into the pit, and betting is always heaviest on a repeat offender.",
Betting on Dinosaur Races,在恐龍賽跑上投注,project-proposed,heading-only,ToA,32,data/1/entries/12/entries/3/entries/3/name,2,Betting on Dinosaur Races,
Beyond Baldur's Gate,博德之門外,project-proposed,heading-only,BGDIA,31,data/1/entries/9/entries/4/entries/0,2,"Unless the characters attack him at once, Amrik assumes they've come to him for a loan. He is more than happy to provide one, up to a limit of 150 gp (the amount currently carried by his bodyguard Vhaltus). Amrik's terms are simple: he expects repayment in a tenday and charges 25 percent interest on the loan. As a member of the influential Vanthampur family, Amrik has plenty of muscle he can bring to bear against anyone who defaults on a loan, and his family's influence extends beyond Baldur's Gate.",
Bhaal Statue,巴爾雕像,project-proposed,heading-only,BGDIA,27,data/1/entries/8/entries/3/entries/33/entries/5/name,1,Bhaal Statue,
Bhaalspawn,巴爾之子,project-proposed,heading-only,BGDIA,159,data/9/entries/4/entries/3/name,7,Bhaalspawn,Bhaalspawn（巴爾之子）
Bite,啃咬,existing-site,heading-only,BGDIA,58,data/2/entries/6/entries/3/entries/2,8,"No threats reveal themselves to the characters as they enter the castle grounds. Once inside, they spot two humans in plate armor lying dead on the ground near the shattered gate, blood still oozing from their bite wounds.",
Biting Ant,咬蟻,project-proposed,canonical-name,ToA,5,data/0/entries/1/entries/1/rows/14/2,2,Queen of the Biting Ant goblin tribe and ruler of Yellyark,
Bitter Breath,苦痛之息,existing-site,heading-only,BGDIA,90,data/3/entries/9/entries/0,10,"As the characters cross the wastelands of Avernus, they will likely run afoul of petty warlords scavenging for {@item Soul Coin|BGDIA|soul coins} and scrap metal to fuel and repair their infernal war machines. {@creature Mad Maggie|BGDIA} and {@creature Raggadragga|BGDIA} are two warlords whom the characters meet early on. The following sections describe three other warlords who prowl the Avernian wastes: a wingless {@creature horned devil} named {@creature Bitter Breath|BGDIA}, a human necromancer named {@creature Feonor|BGDIA}, and a {@creature chain devil} named {@creature Princeps Kovik|BGDIA}. These warlords are as cruel and merciless as the hell they inhabit. All share a ""survival of the fittest"" mentality.",
Bitter Breath's Marauders,苦痛之息的掠奪者們,project-proposed,heading-only,BGDIA,90,data/3/entries/9/entries/5/entries/3/name,1,Bitter Breath's Marauders,
"Black Drape, Iron Sphere",黑色布幔，鐵球,project-proposed,heading-only,ToA,156,data/5/entries/7/entries/18/entries/4/name,1,"Black Drape, Iron Sphere",
Black Key,黑色鑰匙,project-proposed,heading-only,ToA,167,data/5/entries/8/entries/12/entries/7/entries/1/name,1,Black Key,
Black Opal Crown,黑歐珀皇冠,project-proposed,heading-only,ToA,111,data/4/entries/2/entries/2/entries/1,11,"{@creature Fenthaza|ToA} has long resented {@creature Ras Nsi|ToA} for hanging onto the threads of his humanity. Now her visions portend ruin at {@creature Ras Nsi|ToA}'s hands, and she actively plots against him. Her dreams have revealed a treasure called the Black Opal Crown, hidden deep within the Tomb of the Nine Gods. She's convinced that the crown is the key to unleashing Dendar the Night Serpent. {@creature Fenthaza|ToA} wants to murder {@creature Ras Nsi|ToA} and obtain the crown from the tomb. The priest is patient and cunning, and she won't take action against {@creature Ras Nsi|ToA} unless the odds are stacked in her favor. Captive characters soon become cat's-paws in {@creature Fenthaza|ToA}'s coup.",
Black Opal Crown (Area 49),黑蛋白石皇冠（區域49）,project-proposed,heading-only,ToA,189,data/5/entries/11/entries/1/entries/1/entries/1/name,1,Black Opal Crown (Area 49),
Black Orchid,黑蘭花,project-proposed,heading-only,ToA,68,data/2/entries/4/entries/20/entries/10/entries/3,7,"If the characters tell {@creature Asharra|ToA} of their plan to visit Omu and destroy the Soulmonger, she offers to perform a ritual called the Dance of the Seven Winds, bestowing on the characters the magical ability to fly (see the ""Dance of the Seven Winds"" sidebar). To complete the ritual, she needs a black orchid, which can be found only in {@area Nangalore|166|x} (described later in this chapter). {@creature Asharra|ToA} can provide directions, but she doesn't allow her people to go anywhere near the ruins because of the evil, intelligent cranes (eblis) known to live there.",
Blackgate,黑門區,project-proposed,canonical-name,BGDIA,194,data/9/entries/14/entries/1,4,"While smaller neighborhoods such as Tumbledown and Blackgate squat outside their respective gates, the majority of the Outer City runs along the Coast Way as it curves around the foot of Duskhawk Hill, between Wyrm's Crossing and the city proper. Residents of these neighborhoods are not technically citizens and receive no representation in the government, nor do they receive the benefit of the city's police forces. The Flaming Fist rarely patrols the Outer City, usually emerging only to pursue Outer City residents for crimes committed within the walls.",
Blade and Stars,刀鋒與星辰,project-proposed,heading-only,BGDIA,187,data/9/entries/13/entries/5/entries/2/name,2,Blade and Stars,
Blind Artists,盲人藝術家,project-proposed,heading-only,ToA,164,data/5/entries/8/entries/9/entries/3/name,1,Blind Artists,
Blood Pool,血池,project-proposed,heading-only,BGDIA,139,data/7/entries/5/entries/6,3,"The holy power of the citadel restores the characters, and they gain the benefits of a long rest. If a creature gained a flaw from a blood pool or similar effect, the flaw is removed. Casting {@spell detect magic} in the Bleeding Citadel reveals that the whole structure radiates auras of abjuration and evocation magic.",
Blue Button,藍色按鈕,project-proposed,heading-only,ToA,170,data/5/entries/9/entries/6/entries/4/entries/3/name,3,Blue Button,
Blue Dial,藍色刻度盤,project-proposed,heading-only,ToA,170,data/5/entries/9/entries/6/entries/4/entries/2/name,2,Blue Dial,
Blue Key,藍色鑰匙,project-proposed,heading-only,ToA,167,data/5/entries/8/entries/12/entries/7/entries/2/name,1,Blue Key,
Blue Mist,藍色霧氣,project-proposed,heading-only,ToA,40,data/2/entries/3/entries/5/entries/1/name,14,Blue Mist Fever,
Blue Mist Fever,藍霧熱,existing-site,heading-only,ToA,40,data/2/entries/3/entries/5/entries/1/name,9,Blue Mist Fever,
Blushing Mermaid,臉紅的美人魚,project-proposed,heading-only,BGDIA,185,data/9/entries/13/entries/4/entries/4/rows/2/1,4,"A man offers to sell the party a glass eye. Later, a drunk stumbles away from the Blushing Mermaid tavern, searching every gutter for his missing eye.",
Body Bag,身體袋,project-proposed,heading-only,ToA,186,data/5/entries/10/entries/9/entries/2,4,"Once the atropal has fed on enough souls, {@creature Acererak|ToA} plans to baptize it in the blood of a worthy sacrifice. This chapel was built for that dark ceremony. The Sewn Sisters obtained an appropriate sacrifice and have stitched it inside the leather body bag that rests on the altar.",
Bone Brambles,骨棘林,project-proposed,heading-only,BGDIA,106,data/5/entries/0/entries/8/entries/2,5,"Ralzala knows an oracle named Red Ruth, who could surely divine a solution to her problem. Being bound to the demon zapper, Ralzala is unable to seek out this oracle herself, but the characters could do so in her stead. She tells them to speak with Red Ruth in the corrupted forest nearby and follow her instructions to break the pact. This leads the players to the {@area Bone Brambles|233|x}.",
Bone Whelks,骸骨螺,project-proposed,heading-only,BGDIA,119,data/5/entries/7/entries/6/entries/1/name,5,Bone Whelks,
Bonus Actions,附贈動作,existing-site,heading-only,BGDIA,217,data/11/entries/4/entries/3/entries/2/entries/3/name,1,Bonus Actions,
Bookcases,書架,project-proposed,heading-only,BGDIA,36,data/1/entries/10/entries/5/entries/18/entries/0,7,An oak writing desk angled to face the middle of the room has a matching chair behind it and two black candlesticks atop it. Other furnishings include three bookcases and a freestanding suit of black plate armor topped with a bucket helm and equipped with a longsword and a shield. A wrought-iron spiral staircase leads up to {@area area V19|0bb|x}.,
Borders,邊界,existing-site,heading-only,BGDIA,140,data/7/entries/6/entries/2/entries/1/name,5,Borders,
Bormul House,博姆爾莊園,project-proposed,heading-only,BGDIA,178,data/9/entries/12/entries/13/entries/1/name,2,Bormul House,
Bottled Poisons,瓶裝毒藥,project-proposed,heading-only,ToA,122,data/4/entries/4/entries/15/entries/5/name,1,Bottled Poisons,
Brand Manager,品牌經理,project-proposed,heading-only,BGDIA,,data/17/entries/0/items/25/name,1,Brand Manager,
Bravus Boulderborn,布拉弗斯·岩生,project-proposed,canonical-name,ToA,140,data/5/entries/6/entries/3/entries/5/entries/1,3,"Any character who spends 10 minutes poring over the journal can note a few brief mentions of the other company members: Lord Brixton (a Cormyrean knight), Bravus Boulderborn (a gold dwarf cleric of Moradin), Seward (a Chondathan human ranger), and Sephirius (a dragonborn paladin often referred to as ""Seph"").",
Brax,布拉克斯,project-proposed,canonical-name,ToA,85,data/2/entries/4/entries/47/entries/3/entries/0,1,"The voice calling to the party belongs to Thasselandra Bravewing, the ship's captain (NG female Halruaan human {@creature noble}). She explains the situation briefly before she weakens and her voice becomes too soft to hear from the ground. The other crash survivors include the ship's navigator, Ra-das (N male Halruaan human {@creature scout}); the master-of-arms, Falx Haranis (CN male Halruaan human {@creature veteran}); and three other crewmen named Brax, Nhar, and Veliod (N male Halruaan human {@creature Guard||guards}). Ra-das and Falx are in the stern section; the other NPCs are all in the midsection.",
Brazen Pegasus,銅皮天馬號,project-proposed,canonical-name,ToA,5,data/0/entries/1/entries/1/rows/29/2,5,Gnome captain of the Brazen Pegasus,銅皮天馬;黃銅天馬號
Breach of Contract,違背契約,project-proposed,heading-only,BGDIA,190,data/9/entries/13/entries/5/entries/15/entries/2,2,"In truth, Mandorcai gained occult knowledge and his magical manor in a bargain with the obese twin {@creature Chain Devil||chain devils} Kyrix and Valisog. For years Mandorcai upheld his side of the contract by bringing the fiends mortal sacrifices, until an accidental breach of contract let the devils haul him screaming into the Nine Hells. Since then, the mansion's hungry traps and shape-changing powers have lain dormant. Recently, however, a group of {@creature Cultist||cultists} have broken into the house, seeking to harness its fell powers. Though they haven't yet figured out how to commune with the chain devils yet, when they do, it'll likely be without the safeguards Mandorcai managed to negotiate, potentially resulting in fiendish disaster for the whole neighborhood.",
Breakbone,斷骨,project-proposed,canonical-name,ToA,5,data/0/entries/1/entries/1/rows/28/0,18,{@creature Niles Breakbone|ToA},
Breaking the Chains,打破枷鎖,project-proposed,heading-only,BGDIA,126,data/6/entries/9/entries/5,4,"Characters who examine a chain can tell that some intense, supernatural force caused one or more of its links to sunder. Although the cause of the damage can't be ascertained, characters can conclude that breaking the chains of Elturel is not beyond the realm of possibility.",
Breaking the Contract,打破契約,project-proposed,heading-only,BGDIA,152,data/8/entries/6/entries/4/name,1,Breaking the Contract,
Bridge Gap,橋面斷裂,project-proposed,heading-only,ToA,42,data/2/entries/4/entries/4/entries/5/name,1,Bridge Gap,
Brontosaurus,雷龍,existing-site,heading-only,ToA,194,data/7/entries/2/entries/4/rows/16/0,4,"Dinosaurs, {@area brontosaurus|5b0|x}",
Bronze Shield,銅盾牌,project-proposed,heading-only,ToA,142,data/5/entries/6/entries/6/entries/0/entries/0,5,"Six glass cauldrons brimming with humanoid bones line the walls of this tomb, at the center of which stands an ancient chariot bearing a bronze sarcophagus with treasure strewn atop it. Paintings on the chariot's body show a tall bird with a long, sharp beak. On the south wall, a bronze shield bears the embossed image of a Chultan warrior carrying a spear, below an inscription that reads, ""Bow before no one."" Four bronze statues stand on pedestals to either side of the shield. They depict Chultan warriors: one holding a sword, two with spears, and one missing its face.",
Burney,布妮,project-proposed,canonical-name,BGDIA,129,data/6/entries/10/entries/7/entries/3/name,18,Burney the Barber,
Burney the Barber,理髮師布妮,existing-site,heading-only,BGDIA,129,data/6/entries/10/entries/7/entries/3/name,1,Burney the Barber,
Burning Buildings,燃燒的房屋,project-proposed,heading-only,BGDIA,140,data/7/entries/6/entries/2/entries/2/name,1,Burning Buildings,
Burning Trees,燃燒的樹木,project-proposed,heading-only,BGDIA,140,data/7/entries/6/entries/2/entries/3/name,1,Burning Trees,
Buying Beasts,購買野獸,project-proposed,heading-only,ToA,26,data/1/entries/9/entries/2/entries/5/entries/4/name,1,Buying Beasts,
Buying a Special Item,購買特殊物品,project-proposed,heading-only,ToA,12,data/0/entries/6/entries/3/entries/3/entries/3,8,"Chultans in Port Nyanzaru seldom don armor because of the climate, but large, colorful shields made from toughened dinosaur hide are ubiquitous. These shields are called hlang and function as ordinary shields. In melee, they favor the traditional {@item yklwa|ToA} (pronounced YICK-ul-wah), a short, broad-bladed, one-handed, spear-like weapon. For more information about the yklwa, see ""{@area Buying a Special Item|084|x}.""",
Bwayes,布瓦耶斯,project-proposed,canonical-name,ToA,6,data/0/entries/4/entries/6/entries/2,8,"In this adventure, three creatures know that the cause of the death curse lies in Omu: {@creature Grandfather Zitembe|ToA} in Port Nyanzaru, {@creature Valindra Shadowmantle|ToA} in the Heart of Ubtao, and Saja N'baza in Orolunga. Several creatures know Omu's location: the guides {@creature Eku|ToA} and {@creature Salida|ToA} in Port Nyanzaru, {@creature Valindra Shadowmantle|ToA} in the Heart of Ubtao, the aarakocra of Kir Sabal, Zalkoré of Nangalore, Saja N'baza in Orolunga, and the red dragon Tzindelor in Wyrmheart Mine. If the characters are unable to locate Omu or ascertain the source of the death curse, the following additional creatures might possess the knowledge they seek, at your discretion: Krr'ook in Dungrunglung, Nephyr in Firefinger, {@creature Nanny Pu'pu|ToA} in Mbala, Bwayes O'tamu in the wreck of the {@i Narwhal}, the survivors of the {@i Star Goddess} shipwreck, and Red Wizards under {@creature Valindra Shadowmantle|ToA}'s command.",
Bwayes O'tamu,布瓦耶斯·歐塔姆,project-proposed,canonical-name,ToA,6,data/0/entries/4/entries/6/entries/2,2,"In this adventure, three creatures know that the cause of the death curse lies in Omu: {@creature Grandfather Zitembe|ToA} in Port Nyanzaru, {@creature Valindra Shadowmantle|ToA} in the Heart of Ubtao, and Saja N'baza in Orolunga. Several creatures know Omu's location: the guides {@creature Eku|ToA} and {@creature Salida|ToA} in Port Nyanzaru, {@creature Valindra Shadowmantle|ToA} in the Heart of Ubtao, the aarakocra of Kir Sabal, Zalkoré of Nangalore, Saja N'baza in Orolunga, and the red dragon Tzindelor in Wyrmheart Mine. If the characters are unable to locate Omu or ascertain the source of the death curse, the following additional creatures might possess the knowledge they seek, at your discretion: Krr'ook in Dungrunglung, Nephyr in Firefinger, {@creature Nanny Pu'pu|ToA} in Mbala, Bwayes O'tamu in the wreck of the {@i Narwhal}, the survivors of the {@i Star Goddess} shipwreck, and Red Wizards under {@creature Valindra Shadowmantle|ToA}'s command.",
C1. Sealed Gates,C1. 封閉的大門,project-proposed,heading-only,BGDIA,101,data/4/entries/5/entries/7/entries/1/name,1,C1. Sealed Gates,
C2. Funerary Chambers,C2. 葬禮室,project-proposed,heading-only,BGDIA,102,data/4/entries/5/entries/7/entries/2/name,1,C2. Funerary Chambers,
C3. Knights' Caskets,C3. 騎士的棺材,project-proposed,heading-only,BGDIA,102,data/4/entries/5/entries/7/entries/3/name,1,C3. Knights' Caskets,
C4. Warlocks' Tomb,C4. 魔契師的墓穴,project-proposed,heading-only,BGDIA,102,data/4/entries/5/entries/7/entries/4/name,1,C4. Warlocks' Tomb,
C5. Memorial Steles,C5. 追悼石碑,project-proposed,heading-only,BGDIA,102,data/4/entries/5/entries/7/entries/5/name,1,C5. Memorial Steles,
C6. Ritual Rooms,C6. 儀式室,project-proposed,heading-only,BGDIA,102,data/4/entries/5/entries/7/entries/6/name,1,C6. Ritual Rooms,
C7. Olanthius's Retreat,C7. 奧蘭蘇斯的休息處,project-proposed,heading-only,BGDIA,103,data/4/entries/5/entries/7/entries/7/name,1,C7. Olanthius's Retreat,
Cache,儲藏處,project-proposed,heading-only,ToA,26,data/1/entries/9/entries/2/entries/8/entries/2,9,"{@creature Jobal|ToA} (NE male Chultan human {@creature scout}) made a fortune as a wilderness guide when the party he was working for discovered a stunning cache of Chultan gold and jewels. Miraculously, only {@creature Jobal|ToA} survived the gauntlet of undead and dinosaur attacks, making it back to Port Nyanzaru in a canoe laden with treasure. There's no doubt he's led a life of adventure; his body bears many scars from his escapades. His chief spy, confidante, and consort is Aazon Talieri (NG male Tethyrian human {@creature spy}). {@creature Jobal|ToA} trusts him implicitly, and Aazon's loyalty is beyond reproach.",
Cage,籠子,project-proposed,heading-only,BGDIA,36,data/1/entries/10/entries/5/entries/19/entries/1/entries/0,45,"The spiral staircase climbs fifteen feet to a square room with crisscrossing rafters ten feet overhead and a peaked roof above that. An empty bookcase dominates the west wall, and two filthy padlocked cages stand on the floor. Each cage holds a human prisoner and a chamberpot.",
Caldos Hellingskorn,卡爾多斯·赫林斯科恩,project-proposed,canonical-name,ToA,67,data/2/entries/4/entries/18/entries/12/entries/3/entries/1,1,"The crew of the Stirge includes a first mate named Heel (NE male half-orc {@creature gladiator}), twelve Chultan and Tethyrian {@creature Bandit||bandits}, six Chultan {@creature Thug||thugs}, and a mad sea priest named Caldos Hellingskorn (CE male Illuskan {@creature priest} of Umberlee).",
Camp Righteous,正義營地,project-proposed,heading-only,ToA,30,data/1/entries/11/entries/6/entries/1,7,"The order has committed considerable resources toward quelling the undead menace in Chult. Its forward base, Camp Righteous, was overrun by undead. The order, undaunted, built a new fortification even deeper in the jungle. Dubbed Camp Vengeance, it has fallen on hard times. Its commander is a woefully inept noble named {@creature Niles Breakbone|ToA}. His lieutenants are more likely to share useful information or offer aid, but only if the characters offer some form of assistance to Camp Vengeance in return.",
Camp Vengeance,復仇營地,project-proposed,heading-only,ToA,5,data/0/entries/1/entries/1/rows/28/2,12,Commander of Camp Vengeance and Order of the Gauntlet member,
Candlekeep,燭堡,project-proposed,heading-only,BGDIA,5,data/0/entries/2/entries/2/name,64,Visit to Candlekeep,
Candlekeep Defenses,燭堡防禦,project-proposed,heading-only,BGDIA,46,data/1/entries/14/entries/5/entries/4,2,"If the characters try to sneak or force their way into Candlekeep, the fortress's defenses are brought to bear as described in the ""{@area Candlekeep Defenses|0fb|x}"" sidebar.",
Candles,蠟燭,project-proposed,heading-only,BGDIA,23,data/1/entries/8/entries/3/entries/17/entries/1/entries/0,25,"This dry, partially collapsed room contains a stone altar with humanoid skulls and bones piled around it. The top of the altar is covered with dozens of half-melted candles made of black wax, all currently unlit.",
Candulhallow's Funeral Arrangements,坎杜洛霍洛的葬禮安排,project-proposed,heading-only,BGDIA,187,data/9/entries/13/entries/5/entries/4/name,1,Candulhallow's Funeral Arrangements,
Cannibals,食人族,project-proposed,heading-only,ToA,14,data/0/entries/6/entries/3/entries/11/entries/0,8,"Over a century ago, the warlord {@creature Ras Nsi|ToA} raised an undead army to conquer the city of Mezro. The army consisted mainly of dead Chultans raised as zombies and cannibals transformed into ghouls. {@creature Ras Nsi|ToA} and his legion were defeated and driven back into the jungle. Before {@creature Ras Nsi|ToA} could organize another attack, Mezro planeshifted away, and {@creature Ras Nsi|ToA} was stripped of his god-given powers. Declaring himself an enemy of the world, he threw his lot in with the yuan-ti. The remnants of {@creature Ras Nsi|ToA}'s undead army spread through the jungle like a blight, until now they claim hundreds of miles of wilderness as their hunting ground. To make matters worse, {@creature Acererak|ToA} filled out their ranks with horrible undead creatures such as girallon zombies and tyrannosaurus zombies (see {@adventure appendix D|ToA|9}), mainly to discourage explorers from getting too close to Omu. As the atropal feeds on the souls of the dead, it grows in power. Eventually, it will become powerful enough to control these ravenous undead creatures. Until then, the undead hordes of Chult have no leader.",
Canoe,獨木舟,existing-site,heading-only,ToA,26,data/1/entries/9/entries/2/entries/8/entries/2,16,"{@creature Jobal|ToA} (NE male Chultan human {@creature scout}) made a fortune as a wilderness guide when the party he was working for discovered a stunning cache of Chultan gold and jewels. Miraculously, only {@creature Jobal|ToA} survived the gauntlet of undead and dinosaur attacks, making it back to Port Nyanzaru in a canoe laden with treasure. There's no doubt he's led a life of adventure; his body bears many scars from his escapades. His chief spy, confidante, and consort is Aazon Talieri (NG male Tethyrian human {@creature spy}). {@creature Jobal|ToA} trusts him implicitly, and Aazon's loyalty is beyond reproach.",
Captured by the Yuan-ti,被元帝族捕獲,project-proposed,heading-only,ToA,112,data/4/entries/3/entries/3/name,3,Captured by the Yuan-ti,
Cart and Dretches,貨車與怯魔們,project-proposed,heading-only,BGDIA,142,data/7/entries/6/entries/4/entries/1/entries/4/name,1,Cart and Dretches,
Cartographer,製圖師,existing-site,heading-only,BGDIA,74,data/3/entries/2,33,"Elturel and Fort Knucklebone aren't marked on the poster map, as Elturel was not present when the map was drawn, and the cartographer who drew the map never encountered Fort Knucklebone. You can situate Elturel anywhere along the River Styx, and Fort Knucklebone anywhere within ten miles of Elturel.",
Cathedral Assault,大教堂突擊,project-proposed,heading-only,BGDIA,59,data/2/entries/6/entries/4/name,3,Cathedral Assault,
Cauldron,吊掛大鍋,project-proposed,heading-only,ToA,49,data/2/entries/4/entries/9/name,18,The Cauldron,
Ceiling Cracks,天花板裂縫,project-proposed,heading-only,ToA,130,data/5/entries/5/entries/2/entries/0/name,1,Ceiling Cracks,
Ceilings,天花板,existing-site,heading-only,BGDIA,21,data/1/entries/8/entries/3/entries/5/entries/2/entries/1/items/1,22,"The 5-foot-wide corridors throughout the dungeon have 8-foot-high ceilings. Rooms have 9-foot-high ceilings, often braced with wooden beams. Each beam is a Large object with AC 15, 10 hit points, and immunity to poison and psychic damage. Destroying all the beams in an area has a {@chance 25} chance of triggering a roof collapse. Each creature under the collapsing roof must succeed on a {@dc 15} Dexterity saving throw, taking 22 ({@dice 4d10}) bludgeoning damage on a failed save, or half as much damage on a successful one. The area remains open but is {@quickref difficult terrain||3} thereafter.",
Ch'gakare,查加卡雷,project-proposed,heading-only,ToA,68,data/2/entries/4/entries/20/entries/10/entries/8,20,"Mwaxanaré believes she can garner widespread support to repopulate and rebuild Omu by retrieving a symbolically significant yet long-lost treasure called the Skull Chalice of Ch'gakare (see {@area chapter 5|4c3|x}). If the characters claim to be headed to Omu, she urges them to find the chalice and return it to her ""for the good of Chult."" If the characters request something more substantial as a reward, she offers them 250 gp worth of choice pieces from her private treasury (see {@area area 5|154|x}).",查卡雷
Chains,鏈條,project-proposed,heading-only,BGDIA,6,data/0/entries/2/entries/3/entries/0,103,"{@adventure Chapter 2|BGDIA|2} opens with the characters' arrival in Elturel, which is anchored by enormous chains and trapped under the baleful light of the Companion. If the characters do nothing, the city will be pulled down into the River Styx and bound to the Nine Hells forever. {@creature Lulu|BGDIA} tries her best to serve as the party's guide in Avernus, but the hollyphant's memories are fragmented. It becomes clear, however, that {@creature Lulu|BGDIA} has a personal connection to Zariel, dating back to the archdevil's former angelic existence.",
Chanting Skulls,吟唱頭骨,project-proposed,heading-only,ToA,117,data/4/entries/4/entries/7/entries/3/name,1,Chanting Skulls,
Chapter 1: A Tale of Two Cities,第一章：雙城記,project-proposed,heading-only,BGDIA,10,data/1/name,1,Chapter 1: A Tale of Two Cities,
Chapter 1: Port Nyanzaru,第1章：南扎路港,project-proposed,heading-only,ToA,15,data/1/name,1,Chapter 1: Port Nyanzaru,
Chapter 2: Elturel Has Fallen,第二章：埃爾託瑞爾已然墜落,project-proposed,heading-only,BGDIA,52,data/2/name,1,Chapter 2: Elturel Has Fallen,
Chapter 2: The Land of Chult,第2章：楚爾特之地,project-proposed,heading-only,ToA,37,data/2/name,1,Chapter 2: The Land of Chult,
Chapter 3: Avernus,第三章：阿弗納斯,project-proposed,heading-only,BGDIA,74,data/3/name,4,Chapter 3: Avernus,
Chapter 3: Avernus - Other Locations,第三章：阿弗納斯 - 其他地點,project-proposed,heading-only,BGDIA,122,data/6/name,1,Chapter 3: Avernus - Other Locations,
Chapter 3: Avernus - Path of Demons,第三章：阿弗納斯 - 惡魔之路,project-proposed,heading-only,BGDIA,96,data/4/name,1,Chapter 3: Avernus - Path of Demons,
Chapter 3: Avernus - Path of Devils,第三章：阿弗納斯 - 魔鬼之路,project-proposed,heading-only,BGDIA,106,data/5/name,1,Chapter 3: Avernus - Path of Devils,
Chapter 3: Dwellers of the Forbidden City,第三章：禁城居民,project-proposed,heading-only,ToA,91,data/3/name,1,Chapter 3: Dwellers of the Forbidden City,
Chapter 4: Fane of the Night Serpent,第四章：夜蛇神殿,project-proposed,heading-only,ToA,111,data/4/name,1,Chapter 4: Fane of the Night Serpent,
Chapter 4: Sword of Zariel,第四章：扎瑞爾之劍,project-proposed,heading-only,BGDIA,134,data/7/name,1,Chapter 4: Sword of Zariel,
Chapter 5: Escape from Avernus,第五章：逃離阿弗納斯,project-proposed,heading-only,BGDIA,146,data/8/name,1,Chapter 5: Escape from Avernus,
Chapter 5: Tomb of the Nine Gods,第五章：九神之墓,project-proposed,heading-only,ToA,125,data/5/name,1,Chapter 5: Tomb of the Nine Gods,
Character Advancement,角色升級,existing-site,heading-only,BGDIA,139,data/7/entries/4/entries/3/entries/14/entries/5/name,3,Character Advancement,
Character Death,角色死亡,project-proposed,heading-only,BGDIA,140,data/7/entries/6/entries/2/entries/5/name,2,Character Death,
Character Hooks,角色鉤子,project-proposed,heading-only,ToA,9,data/0/entries/5/entries/5/name,3,Character Hooks,
Character Hooks for Select Backgrounds,針對特定背景的角色鉤子,project-proposed,heading-only,ToA,9,data/0/entries/5/entries/5/entries/0,2,"{@adventure Appendix A|ToA|6} presents two new character backgrounds that players can select with your consent: the anthropologist and the archaeologist. In addition, the {@book Player's Handbook|PHB} and the {@book Sword Coast Adventurer's Guide|SCAG} contain a number of character backgrounds that are well suited for this adventure. If your players are having trouble fleshing out their characters' backgrounds, share the ideas from the Character Hooks for Select Backgrounds table with them.",
Charred Skeleton and Secret Door,焦黑的骷髏和秘密門,project-proposed,heading-only,ToA,187,data/5/entries/10/entries/10/entries/3/name,1,Charred Skeleton and Secret Door,
Charting a Course,規劃路線,project-proposed,heading-only,BGDIA,80,data/3/entries/6/entries/5/name,2,Charting a Course,
Chases on Avernus,阿弗納斯的追逐戰,project-proposed,heading-only,BGDIA,222,data/11/entries/6/name,1,Chases on Avernus,
Chionthar,琴薩河,user-approved,canonical-name,BGDIA,10,data/1/entries/1,17,"Baldur's Gate began as a harbor town where traders would meet with ""ghost lighters""—folk along the Sword Coast who used lights to lure fogbound ships to shore. When those ships ran aground, the ghost lighters would scavenge the wrecks and haul their plundered goods to Baldur's Gate, nestled on the north shore of a bend in the River Chionthar, and sell their booty. In the years since, Baldur's Gate has grown into a walled city. Today, its foggy streets run red with the blood of unfortunates who fall prey to evil opportunists, many of whom count themselves as nobles, traders, pirates, and assassins. An army of mercenary soldiers called the Flaming Fist keeps order in the city, and these soldiers answer to Grand Duke {@creature Ulder Ravengard|BGDIA}. The members of the Flaming Fist don't care about justice; they crave power and coin, nothing else. But despite the Fist's reputation for cruelty, the Grand Duke is widely regarded as an honorable and reasonable man.",奇恩薩河;奇恩薩;奇昂薩河;奇昂薩;喬恩塔爾河;喬恩塔爾;喬恩薩河
Chondathan,瓊達斯人,project-proposed,canonical-name,ToA,47,data/2/entries/4/entries/8/entries/4,4,"The templar in charge is a devout worshiper of Tyr named {@creature Niles Breakbone|ToA} (LG male Chondathan human {@creature noble}), a man who's dedicated to everything the Order of the Gauntlet represents but poorly suited to commanding a post like Camp Vengeance. Aside from Commander Breakbone, the standard garrison at the base consists of fifty-eight people, though the actual number of effective warriors at any given time is usually lower due to sickness. Breakbone has two captains under his command: Ord Firebeard (LG male gold dwarf {@creature veteran}) and Perne Salhana (LG female Tethyrian human {@creature veteran}). Reporting to them is a fighting force comprised of eight {@creature Veteran||veterans} and twenty-four {@creature Guard||guards}. This is supplemented by a religious corps of six {@creature Acolyte||acolytes} led by Sister Cyas (LG female Chondathan human {@creature priest} of Helm). Technically, the religious templars are part of the fighting force, but in practice, they spend most of their time tending the sick and wounded. Finally, the fort is supported by a ragtag troop of Chultan hunters and scouts consisting of fifteen {@creature Tribal Warrior||tribal warriors} led by Lorsa Bilwatal (CN female Chultan human {@creature scout}) and {@creature Niles Breakbone|ToA}'s longtime friend, Wulf Rygor (CG male half-elf {@creature scout}).",
Chukka and Clonk,楚卡和克朗克,project-proposed,heading-only,BGDIA,83,data/3/entries/7/entries/7/entries/2/name,3,Chukka and Clonk,
Chukka and Clonk's Goal,楚卡和克朗克的目標,project-proposed,heading-only,BGDIA,83,data/3/entries/7/entries/7/entries/2/entries/3/name,1,Chukka and Clonk's Goal,
Chult,楚爾特,project-proposed,canonical-name,BGDIA,10,data/1/entries/3/entries/2,223,"In the grand duke's absence, the government of Baldur's Gate continues to function under the three remaining dukes—Belynne Stelmane, Dillard Portyr, and Thalamra Vanthampur. Duke Portyr has gone so far as to recall his niece, Liara Portyr, from her post as commander of the Flaming Fist at Fort Beluarian in Chult, in the hopes that she can keep the Flaming Fist in check. However, it will take time for her ship to arrive. Meanwhile, refugees from Elturgard continue to arrive with dire claims that nothing remains of Elturel except a crater in the ground.",
Chult Rumors,楚爾特謠言,project-proposed,heading-only,ToA,36,data/1/entries/12/entries/5/entries/1,2,"The best people to talk to are those who actually work or live in the jungle: hunters, guides, and explorers. No skill checks are necessary to get people talking, but to acquire reliable information, characters must go where in-the-know folks gather. For each hour spent talking to knowledgeable travelers, a character can make a {@dc 15} Wisdom ({@skill Insight}) check. If the check succeeds, roll percentile dice and consult the Chult Rumors table to determine what the character learns.",
Chultan,楚爾特,project-proposed,canonical-name,BGDIA,179,data/9/entries/12/entries/13/entries/2/entries/0,119,"Tendai and Khennen Shore (chaotic good human {@creature Commoner||commoners}) are a married couple that runs a successful business importing dried meats, spices, authentic cookware, and traditional recipes from Port Nyanzaru, where the rest of Tendai's family lives. Their pre-mixed assortments of ajwain, coriander, ginger, various curries, and colored salts have done much to bring Chultan delicacies to patriar tables.",楚爾坦;瓊達爾
Chultan Names,楚爾特名字,project-proposed,heading-only,ToA,12,data/0/entries/6/entries/3/entries/3/entries/5/name,3,Chultan Names,
Chultans,楚爾特人,project-proposed,heading-only,BGDIA,161,data/9/entries/5/entries/10/entries/5/entries/1,46,"Outside of Port Nyanzaru, Baldur's Gate maintains its own holdings in Chult. Fort Beluarian serves as a beachhead for the interests of the city, the Flaming Fist, and numerous patriar families in Chult. This small military hub oversees much of the exploration (and exploitation) in regions of Chult claimed by Baldur's Gate. It also serves as a departure point for smuggling the region's treasures back the Sword Coast, as well as other ventures the Baldurians would prefer the native Chultans don't learn about. As a result, rarities from the depths of Chult, seen nowhere else on the Sword Coast, regularly trickle into the port and market stalls of Baldur's Gate.",楚爾坦人;瓊達爾人
Church of Last Hope,最後的希望教堂,project-proposed,heading-only,BGDIA,196,data/9/entries/14/entries/5/entries/7/name,2,Church of Last Hope,
Chwinga,怯蘊阿靈,existing-site,heading-only,ToA,77,data/2/entries/4/entries/27/entries/10/entries/5/entries/1/rows/2/1,28,1 {@creature chwinga|ToA} (see {@adventure appendix D|ToA|9}) hiding in a flower,
Citizenry,市民,project-proposed,heading-only,BGDIA,58,data/2/entries/6/entries/0,3,"Although the forces of Avernus are occupied driving back the demonic attack from the River Styx, a few teams of devils have been ordered to infiltrate Elturel, sow chaos among the surviving citizenry, reap the souls of any mortals they find, and test the city's defenses. The members of some of those advance teams have noted that the High Hall appears to be the center of the city's defenses and survival efforts. As such, they have decided to mount a quick and decisive strike against it.",
City Denizens,城市居民,project-proposed,heading-only,BGDIA,176,data/9/entries/12/entries/5/rows/2/1,9,Denizens (roll on {@adventure table B|BGDIA|9|Table B: Upper City Denizens}),
City Inhabitants,城市居民,project-proposed,heading-only,ToA,93,data/3/entries/3/entries/5/name,1,City Inhabitants,
City Landmarks,城市地標,project-proposed,heading-only,BGDIA,174,data/9/entries/11/name,1,City Landmarks,
Claiming the Sword,執握寶劍,project-proposed,heading-only,BGDIA,145,data/7/entries/7/name,1,Claiming the Sword,
Clay No-Face's Charm,無臉粘土的護咒,existing-site,heading-only,ToA,180,data/5/entries/10/entries/2/entries/5/entries/10/name,1,Clay No-Face's Charm,
Cliffside Cemetery,懸崖墓地,project-proposed,heading-only,BGDIA,171,data/9/entries/10/entries/2/entries/2,7,"Myrkul claims a following among those who wish to learn from or command the dead. Those who plunder tombs for lost knowledge, grim entrepreneurs who see business sense in undead servants, even pragmatic necromancers seeking to conjure secrets from the wealthy dead of Cliffside Cemetery all whisper prayers to Myrkul. Of the Dead Three, Myrkul's base of power is the smallest. Residents of Baldur's Gate rarely fear death by old age—a grim fact of living in such a dangerous city. As a result, few desperate elders seek the blessing of the Lord of Bones. Those who do, though, tend to be both cagey and wealthy, which means that although Myrkul's worshipers are small in number, their resources have hidden depths.",
Climbing Down,爬下,project-proposed,heading-only,BGDIA,52,data/2/entries/1,5,"Once a holy city whose folk venerated Lathander, Torm, Helm, and Tyr, Elturel is now a site of doom and despair tethered some five hundred feet above the River Styx. Eight great chains bind the city to jagged posts of infernal iron, which stick up out of the ground like gargantuan spikes. (See ""{@area Climbing Down|190|x}"" at the end of this chapter for a full description of the infernal chains.) The bottoms of those spikes are guarded by scores of devils, making escaping the city by climbing down an arduous task. The Companion, the second sun that provided so much solace and protection to the city for years, now glares down on Elturel like a baleful eye—a black void crackling with lightning.",
Clock,時鐘,project-proposed,heading-only,BGDIA,176,data/9/entries/12/entries/6/rows/2/1,16,"A wide-eyed, fast-talking priest of Gond laments that a thief stole her designs for a ""pocket clock."" She describes the thief as a tall, perfume-scented man in black wearing a red scarf.",
Coffin,棺材,project-proposed,heading-only,BGDIA,62,data/2/entries/6/entries/5/entries/14/entries/0,16,"This large temple was used for private ceremonies involving the most powerful and respected figures in Elturel. Each of the semicircular alcoves here contains an elaborate, upright sarcophagus holding the body of a former high priest of Torm. A sarcophagus can be opened with a successful {@dc 20} Dexterity check by a character proficient with {@item thieves' tools|phb}. Eleven of the sarcophagi contain partially decomposed bodies. The twelfth sarcophagus holds a {@creature mummy}, which attacks as soon as its coffin is opened.",
Cog Configurations,齒輪配置,project-proposed,heading-only,ToA,171,data/5/entries/9/entries/6/entries/5/name,1,Cog Configurations,
Collapsed Building,倒塌的建築,project-proposed,heading-only,BGDIA,54,data/2/entries/5/entries/9/entries/3/rows/0/1,3,{@area Collapsed building|11b|x},
Collapsing Floor,坍塌的地板,project-proposed,heading-only,ToA,95,data/3/entries/3/entries/7/entries/2/entries/0/rows/3/1,2,Collapsing floor (and roll again),
Collect a Debt,討債,project-proposed,heading-only,ToA,16,data/1/entries/7/entries/2/items/0/name,1,Collect a Debt,
Command Deck Encounters,指揮層的遭遇,project-proposed,heading-only,BGDIA,120,data/5/entries/7/entries/8/name,1,Command Deck Encounters,
Command Deck Features,指揮層的特徵,project-proposed,heading-only,BGDIA,119,data/5/entries/7/entries/7/name,1,Command Deck Features,
Commander Portyr,波提爾指揮官,project-proposed,heading-only,BGDIA,12,data/1/entries/6/entries/2,3,"An influx of Elturgardian refugees coupled with uncertainty regarding the fate of Grand Duke {@creature Ulder Ravengard|BGDIA} has convinced Captain Darmin Zodge, a lawful evil human {@creature veteran}, to prove himself worthy of leading the Flaming Fist—lest some rival seize the opportunity in the days ahead. Zodge also knows that Liara Portyr, who commands the Flaming Fist stronghold of Fort Beluarian in Chult, has been recalled to Baldur's Gate by her uncle, Duke Dillard Portyr. Zodge hopes to impress Commander Portyr with his ability to maintain the peace in Baldur's Gate until her arrival.",
Commerce,商業,project-proposed,heading-only,BGDIA,78,data/3/entries/5/entries/8/entries/1/name,10,Commerce,
Commoners and Crews,平民和船員,project-proposed,heading-only,BGDIA,164,data/9/entries/7/entries/2/name,1,Commoners and Crews,
Company of the Yellow Banner,黃旗冒險團,project-proposed,canonical-name,ToA,103,data/3/entries/4/entries/10/entries/1,15,"This camp was made by the Company of the Yellow Banner, a party of explorers that arrived in Omu over six months ago. All the explorers are now dead. For further details, see {@area chapter 5|305|x}.",黃旗公司;黃旗團;公司
Concealed Crawlway,隱蔽的爬行通道,project-proposed,heading-only,ToA,170,data/5/entries/9/entries/6/entries/3/name,2,Concealed Crawlway,
Concept Art Director,概念藝術總監,project-proposed,heading-only,BGDIA,,data/17/entries/0/items/8/name,1,Concept Art Director,
Concept Illustrators,概念插畫師,project-proposed,heading-only,BGDIA,246,data/15/entries/0,2,"In the months before writing began on {@i Baldur's Gate: Descent into Avernus}, art director Richard Whitters invited a handful of concept illustrators to create characters, creatures, objects, and environments based on conversations with Adam Lee (the story lead) and other members of the D&D team. These artists included Aleksi Briclot, Daarken, Max Dunbar, Titus Lunter, Vince Proce, and Shawn Wood. Their illustrations helped inspire the writers and laid the groundwork for a story guide used by our licencing partners. This appendix showcases some of their excellent work.",
Conclusion,結局,project-proposed,heading-only,BGDIA,74,data/3/entries/3/entries/4,4,"At the conclusion of this chapter, the characters learn that the {@item Sword of Zariel|BGDIA} is hidden in a place called the Bleeding Citadel. If she's still alive, {@creature Lulu|BGDIA} helps them get there. See {@adventure chapter 4|BGDIA|7} for details about the Bleeding Citadel.",
Conspiracy Consequences,陰謀後果,project-proposed,heading-only,BGDIA,208,data/9/entries/17/entries/3/entries/3/name,4,Conspiracy Consequences,
Conspiracy Details,陰謀細節,project-proposed,heading-only,BGDIA,208,data/9/entries/17/entries/3/entries/1/name,4,Conspiracy Details,
Conspiracy in Baldur's Gate,博德之門的陰謀,project-proposed,heading-only,BGDIA,208,data/9/entries/17/entries/3/name,1,Conspiracy in Baldur's Gate,
Contract Forms,契約形式,project-proposed,heading-only,BGDIA,214,data/10/entries/8/entries/4/name,3,Contract Forms,
Control Panel,控制面板,project-proposed,heading-only,ToA,170,data/5/entries/9/entries/6/entries/0/entries/0,7,"A four-foot-high, seven-foot-wide iron lectern in the middle of this rusty, iron-plated room is topped by a slanted control panel. Set into the control panel are a gold lever with a star-shaped handle, two dials in red and blue, and two buttons of the same colors. Wall engravings behind the control panel show five groups of circles, with a small crystal embedded in the wall under each one. The crystal under the configuration labeled ""3"" glows bright green. Three six-inch-diameter rusty iron pipes jut from the wall above the engravings.",
Copper Bell,銅鈴,project-proposed,canonical-name,ToA,94,data/3/entries/3/entries/5/entries/6/entries/1,2,"Three elderly {@creature Tabaxi Hunter|ToA|tabaxi hunters} (see {@adventure appendix D|ToA|9}) stalk the city when the characters arrive. Their names are Hooded Lantern (male), {@creature Bag of Nails|ToA} (male), and Copper Bell (female). The hunters know the city well, but care little for its history and keep clear of its shrines. They hunt alone and avoid contact with explorers. Rare weapons and hunting gear are the only items the characters could offer to gain their help.",
Cormyr,科米爾,project-proposed,canonical-name,BGDIA,160,data/9/entries/5/entries/10/entries/2,2,"To the east, the nations of Elturgard and Cormyr view Baldur's Gate as a lawless cesspool that might have to be dealt with someday. These nations especially frown on the city's broad religious tolerance.",
Cosmetic Spell Modifications,咒語效果畸變,project-proposed,heading-only,BGDIA,77,data/3/entries/5/entries/4/entries/1/name,1,Cosmetic Spell Modifications,
Council of Four,四人議會,project-proposed,heading-only,BGDIA,10,data/1/entries/3/entries/0,19,"A tenday ago, Grand Duke {@creature Ulder Ravengard|BGDIA} left Baldur's Gate with a company of Flaming Fist soldiers on a diplomatic mission to Elturel, accepting a formal invitation from Elturel's High Overseer, {@creature Thavius Kreeg|BGDIA}. Ravengard did not go eagerly, however. It took months of persuasion by his fellow dukes—the other three members of Baldur's Gate's ruling Council of Four—to convince him to accept Elturel's invitation and leave the city in their capable hands. {@creature Duke Thalamra Vanthampur|BGDIA} was especially convincing, having gathered petitions from the nobility as well as leaders of the common rabble.",
Counting House,會計所,project-proposed,heading-only,BGDIA,188,data/9/entries/13/entries/5/entries/5/name,7,Counting House,
Cover Illustrator,封面插畫師,project-proposed,heading-only,ToA,,data/12/entries/0/entries/0/items/11/name,1,Cover Illustrator,
Cover Illustrators,封面插圖畫家,project-proposed,heading-only,BGDIA,,data/17/entries/0/items/10/name,1,Cover Illustrators,
Cracked Mirror,破裂的鏡子,project-proposed,heading-only,ToA,183,data/5/entries/10/entries/6/entries/3/name,2,Cracked Mirror,
Crash Survivors,生還者,project-proposed,heading-only,ToA,85,data/2/entries/4/entries/47/entries/3/name,2,Crash Survivors,
Crashing,撞擊,existing-site,heading-only,BGDIA,76,data/3/entries/5/entries/0,10,"The hellscape of Avernus sits under hideous clouds that obscure the vault of the sky, from which the occasional meteor streaks before crashing into the ground. Ambient light continually swells up from just below the horizon as though lit by nine setting suns, yet no actual celestial bodies fill the sky—no sun, moons, or stars. This constant twilight makes it difficult for the denizens of Avernus to track the passage of time.",
Crashing into Creatures,撞擊生物,project-proposed,heading-only,BGDIA,221,data/11/entries/4/entries/10/entries/2/name,1,Crashing into Creatures,
Crawlways,爬行道,project-proposed,heading-only,ToA,126,data/5/entries/3/entries/1/entries/2/name,5,Crawlways,
Create a Distraction at Fort Beluarian,在貝路利安堡製造騷動,project-proposed,heading-only,ToA,16,data/1/entries/7/entries/2/items/1/name,1,Create a Distraction at Fort Beluarian,
Creating a Homunculus,創造人工生命體,project-proposed,heading-only,BGDIA,100,data/4/entries/4/entries/6/entries/3/name,1,Creating a Homunculus,
Creative Art Director,創意藝術總監,project-proposed,heading-only,BGDIA,,data/17/entries/0/items/9/name,1,Creative Art Director,
Creature and Cargo Capacity,乘員數量和載貨量,project-proposed,heading-only,BGDIA,216,data/11/entries/3/entries/1/name,1,Creature and Cargo Capacity,
Credits,製作組,project-proposed,heading-only,BGDIA,,data/17/name,2,Credits,
Crew Territories,團隊領地,project-proposed,heading-only,BGDIA,185,data/9/entries/13/entries/4/name,1,Crew Territories,
Critical Conjunction,關鍵合相,project-proposed,heading-only,ToA,178,data/5/entries/9/entries/15/entries/4/name,1,Critical Conjunction,
Crocodiles,鱷魚,project-proposed,heading-only,ToA,45,data/2/entries/4/entries/7/entries/11/entries/1/entries/3,9,"When they reached the far bank, Man asked, ""How can I repay you?"" Crocodile replied, ""I wish to see the realm of Humans, but I fear to go there alone, because it teems with your brethren. You must carry me on your back across your realm."" Man had been tricked, but a promise is a promise, so he carried Crocodile safely on his back across the entire realm of humans, a journey that lasted many years. He also swore, in his anger, that never again would Men and Crocodiles be friends, and so it has remained to this day.",
Crossers,渡客幫,project-proposed,canonical-name,BGDIA,194,data/9/entries/14/entries/5/entries/3/rows/9/1,2,{@dice 2d6} members of the Crossers or Gravemakers crew ({@creature Commoner||commoners}) on street patrol,
Cry for Help,求救的呼喊,project-proposed,heading-only,BGDIA,54,data/2/entries/5/entries/9/entries/3/rows/1/1,2,{@area Cry for help|11c|x},
Crypt of the Hellriders,地獄騎士之墓,project-proposed,heading-only,BGDIA,100,data/4/entries/4/entries/7/entries/2/entries/1,7,"If the characters return to the obelisk with the news, Ubbalux begrudgingly accepts these terms and reveals the location of the Crypt of the Hellriders on the players' map. Ubbalux says that the death knight Olanthius, guardian of the tomb, knows the secret location of the Bleeding Citadel. The demon also reveals that ""For Glory"" is the pass phrase to open to the catacombs, where many of Zariel's fallen comrades are interned.",
Crystal Eye,水晶眼,project-proposed,heading-only,ToA,148,data/5/entries/7/entries/6/entries/4/entries/1/name,4,Crystal Eye,
Crystal Eyes,水晶之眼,project-proposed,heading-only,ToA,147,data/5/entries/7/entries/5/entries/5/entries/2/name,9,Crystal Eyes,
Cyas,西雅絲,project-proposed,canonical-name,ToA,47,data/2/entries/4/entries/8/entries/4,2,"The templar in charge is a devout worshiper of Tyr named {@creature Niles Breakbone|ToA} (LG male Chondathan human {@creature noble}), a man who's dedicated to everything the Order of the Gauntlet represents but poorly suited to commanding a post like Camp Vengeance. Aside from Commander Breakbone, the standard garrison at the base consists of fifty-eight people, though the actual number of effective warriors at any given time is usually lower due to sickness. Breakbone has two captains under his command: Ord Firebeard (LG male gold dwarf {@creature veteran}) and Perne Salhana (LG female Tethyrian human {@creature veteran}). Reporting to them is a fighting force comprised of eight {@creature Veteran||veterans} and twenty-four {@creature Guard||guards}. This is supplemented by a religious corps of six {@creature Acolyte||acolytes} led by Sister Cyas (LG female Chondathan human {@creature priest} of Helm). Technically, the religious templars are part of the fighting force, but in practice, they spend most of their time tending the sick and wounded. Finally, the fort is supported by a ragtag troop of Chultan hunters and scouts consisting of fifteen {@creature Tribal Warrior||tribal warriors} led by Lorsa Bilwatal (CN female Chultan human {@creature scout}) and {@creature Niles Breakbone|ToA}'s longtime friend, Wulf Rygor (CG male half-elf {@creature scout}).",
Cyclops,獨眼巨人,existing-site,heading-only,ToA,194,data/7/entries/2/entries/4/rows/13/0,16,{@area Cyclops|5ac|x},
D1. Courtyard,D1. 庭院,project-proposed,heading-only,BGDIA,20,data/1/entries/8/entries/3/entries/1/name,3,D1. Courtyard,
D10. Necromites' Room,D10. 屍從房間,project-proposed,heading-only,BGDIA,22,data/1/entries/8/entries/3/entries/10/name,1,D10. Necromites' Room,
D11. Partially Collapsed Crypt,D11. 部分坍塌的墓穴,project-proposed,heading-only,BGDIA,22,data/1/entries/8/entries/3/entries/11/name,1,D11. Partially Collapsed Crypt,
D12. Bane's Altar,D12. 班恩的祭壇,project-proposed,heading-only,BGDIA,22,data/1/entries/8/entries/3/entries/12/name,4,D12. Bane's Altar,
D13. Morgue,D13. 停屍房,project-proposed,heading-only,BGDIA,23,data/1/entries/8/entries/3/entries/13/name,2,D13. Morgue,
D14. Hungry Rat,D14. 飢餓的老鼠,project-proposed,heading-only,BGDIA,23,data/1/entries/8/entries/3/entries/14/name,2,D14. Hungry Rat,
D15. Flooded Room,D15. 被水淹沒的房間,project-proposed,heading-only,BGDIA,23,data/1/entries/8/entries/3/entries/15/name,1,D15. Flooded Room,
D16. Flooded Crypt,D16. 被水淹沒的墓穴,project-proposed,heading-only,BGDIA,23,data/1/entries/8/entries/3/entries/16/name,1,D16. Flooded Crypt,
D17. Myrkul's Altar,D17. 米爾寇的祭壇,project-proposed,heading-only,BGDIA,23,data/1/entries/8/entries/3/entries/17/name,1,D17. Myrkul's Altar,
D18. Gas Buildup,D18. 瓦斯匯聚,project-proposed,heading-only,BGDIA,23,data/1/entries/8/entries/3/entries/18/name,1,D18. Gas Buildup,
D19. Partially Collapsed Crypt,D19. 部分坍塌的墓穴,project-proposed,heading-only,BGDIA,24,data/1/entries/8/entries/3/entries/19/name,1,D19. Partially Collapsed Crypt,
D2. Baths,D2. 浴室,project-proposed,heading-only,BGDIA,20,data/1/entries/8/entries/3/entries/2/name,2,D2. Baths,
D20. Half-Plundered Crypt,D20. 被掠奪過的墓穴,project-proposed,heading-only,BGDIA,24,data/1/entries/8/entries/3/entries/20/name,1,D20. Half-Plundered Crypt,
D21. Zombie Crypt,D21. 殭屍墓穴,project-proposed,heading-only,BGDIA,24,data/1/entries/8/entries/3/entries/21/name,1,D21. Zombie Crypt,
D22. Torture Chamber,D22. 拷問室,project-proposed,heading-only,BGDIA,22,data/1/entries/8/entries/3/entries/12/entries/2,2,"The two armored figures are Kazzira, a female human {@creature fist of Bane|BGDIA}, and Yignath, a male human {@creature iron consul|BGDIA}. Yignath is torturing the prisoner for fun while Kazzira watches. Both attack intruders but prefer to remain on dry ground. The skull on Kazzira's shield has been painted in fresh blood. Hanging from Yignath's belt is an iron key ring with seven keys—one for the shackles above the altar, two for the shackles in {@adventure area D22|BGDIA|1|D22. Torture Chamber}, and four that unlock the chests in {@adventure area D30|BGDIA|1|D30. Tiamat's Stolen Treasure}.",
D23. Secret Door and Sentry,D23. 密門和崗哨,project-proposed,heading-only,BGDIA,23,data/1/entries/8/entries/3/entries/14/entries/1,4,"The rat's knowledge is limited to places it has visited—specifically {@adventure areas D5|BGDIA|1|D5. Welcome to the Dungeon} through {@adventure D26|BGDIA|1|D26. Bhaal's Rest}. It doesn't know the location of secret doors, so it's unaware of {@adventure areas D27|BGDIA|1|D27. Echoes of Battle} through {@adventure D33|BGDIA|1|D33. Covenant of the Dead Three}, which are hidden behind the secret door in {@adventure area D23|BGDIA|1|D23. Secret Door and Sentry}.",
D24. Myrkul's Rest,D24. 米爾寇信徒休息區,project-proposed,heading-only,BGDIA,25,data/1/entries/8/entries/3/entries/24/name,1,D24. Myrkul's Rest,
D25. Bane's Rest,D25. 班恩信徒休息區,project-proposed,heading-only,BGDIA,24,data/1/entries/8/entries/3/entries/23/entries/0,2,"This flooded tunnel has a secret door in the north wall that swings open into {@adventure area D27|BGDIA|1|D27. Echoes of Battle}. Standing in the water south of the secret door, holding a lit torch and watching the west stairway, is a male {@creature fist of Bane|BGDIA}. On his first turn after seeing the characters, he withdraws to {@adventure area D25|BGDIA|1|D25. Bane's Rest} and pounds on the door to wake his fellow cultists, yelling ""Intruders!"" at the top of his lungs to alert the occupant of {@adventure area D26|BGDIA|1|D26. Bhaal's Rest}.",
D26. Bhaal's Rest,D26. 巴爾信徒休息區,project-proposed,heading-only,BGDIA,23,data/1/entries/8/entries/3/entries/14/entries/1,3,"The rat's knowledge is limited to places it has visited—specifically {@adventure areas D5|BGDIA|1|D5. Welcome to the Dungeon} through {@adventure D26|BGDIA|1|D26. Bhaal's Rest}. It doesn't know the location of secret doors, so it's unaware of {@adventure areas D27|BGDIA|1|D27. Echoes of Battle} through {@adventure D33|BGDIA|1|D33. Covenant of the Dead Three}, which are hidden behind the secret door in {@adventure area D23|BGDIA|1|D23. Secret Door and Sentry}.",
D27. Echoes of Battle,D27. 戰鬥迴響,project-proposed,heading-only,BGDIA,23,data/1/entries/8/entries/3/entries/14/entries/1,3,"The rat's knowledge is limited to places it has visited—specifically {@adventure areas D5|BGDIA|1|D5. Welcome to the Dungeon} through {@adventure D26|BGDIA|1|D26. Bhaal's Rest}. It doesn't know the location of secret doors, so it's unaware of {@adventure areas D27|BGDIA|1|D27. Echoes of Battle} through {@adventure D33|BGDIA|1|D33. Covenant of the Dead Three}, which are hidden behind the secret door in {@adventure area D23|BGDIA|1|D23. Secret Door and Sentry}.",
D28. Old Cellar,D28. 舊地窖,project-proposed,heading-only,BGDIA,25,data/1/entries/8/entries/3/entries/28/name,1,D28. Old Cellar,
D29. Mortlock Vanthampur,D29. 摩特洛克·範薩姆普爾,project-proposed,heading-only,BGDIA,25,data/1/entries/8/entries/3/entries/26/entries/2,4,"Bhaal worshipers like to bathe in the human blood that fills the sarcophagus. A female {@creature reaper of Bhaal|BGDIA} lurks behind the sarcophagus, drenched in blood from head to toe. At the first sign of intruders, she uses a {@spell disguise self} spell to appear as a frail old woman named Nebra. In this guise, she claims to be a florist who was captured by the Dead Three and brought to the dungeon as a slave. If the characters fall for the act and bring Nebra with them, she claims to know the location of a secret door ({@adventure area D23|BGDIA|1|D23. Secret Door and Sentry}) and tries to lead them through it to {@adventure area D29|BGDIA|1|D29. Mortlock Vanthampur}, where she hopes to find reinforcements. If she leads the party to a location occupied by other cultists, she drops the disguise and attacks. She also attacks if her spell ends before then.",
D3. South Massage Room,D3. 南部按摩室,project-proposed,heading-only,BGDIA,20,data/1/entries/8/entries/3/entries/3/name,1,D3. South Massage Room,
D30. Tiamat's Stolen Treasure,D30. 被盜的提亞馬特寶藏,project-proposed,heading-only,BGDIA,22,data/1/entries/8/entries/3/entries/12/entries/2,4,"The two armored figures are Kazzira, a female human {@creature fist of Bane|BGDIA}, and Yignath, a male human {@creature iron consul|BGDIA}. Yignath is torturing the prisoner for fun while Kazzira watches. Both attack intruders but prefer to remain on dry ground. The skull on Kazzira's shield has been painted in fresh blood. Hanging from Yignath's belt is an iron key ring with seven keys—one for the shackles above the altar, two for the shackles in {@adventure area D22|BGDIA|1|D22. Torture Chamber}, and four that unlock the chests in {@adventure area D30|BGDIA|1|D30. Tiamat's Stolen Treasure}.",
D31. Torches,D31. 火把,project-proposed,heading-only,BGDIA,27,data/1/entries/8/entries/3/entries/31/name,1,D31. Torches,
D32. Stolen Goods,D32. 失竊的貨物,project-proposed,heading-only,BGDIA,27,data/1/entries/8/entries/3/entries/32/name,1,D32. Stolen Goods,
D33. Covenant of the Dead Three,D33. 死亡三神的契約,project-proposed,heading-only,BGDIA,23,data/1/entries/8/entries/3/entries/14/entries/1,3,"The rat's knowledge is limited to places it has visited—specifically {@adventure areas D5|BGDIA|1|D5. Welcome to the Dungeon} through {@adventure D26|BGDIA|1|D26. Bhaal's Rest}. It doesn't know the location of secret doors, so it's unaware of {@adventure areas D27|BGDIA|1|D27. Echoes of Battle} through {@adventure D33|BGDIA|1|D33. Covenant of the Dead Three}, which are hidden behind the secret door in {@adventure area D23|BGDIA|1|D23. Secret Door and Sentry}.",
D4. North Massage Room,D4. 北部按摩室,project-proposed,heading-only,BGDIA,20,data/1/entries/8/entries/3/entries/2/entries/0,2,"From dawn to midnight, characters can expect to find {@dice 1d6} human {@creature Commoner||commoners} bathing here at any given time. From midnight to dawn, three female human {@creature Night Blade|BGDIA|night blades} stand guard near the pools and attack trespassers on sight. If a fight breaks out here, the {@creature necromite of Myrkul|BGDIA} in {@adventure area D4|BGDIA|1|D4. North Massage Room} joins the fray in the second round of combat.",
D5. Welcome to the Dungeon,D5. 歡迎來到地下城,project-proposed,heading-only,BGDIA,20,data/1/entries/8/entries/3/entries/4/entries/1,4,"This room is furnished in the same fashion as area D3, with the additional feature of a secret door in the north wall. A character who searches the north wall and succeeds on a {@dc 10} Wisdom ({@skill Perception}) check finds the secret door, which swings inward when pushed. A foul, sewer-like stench greets anyone who opens the secret door. Behind the door, a staircase descends 20 feet to {@adventure area D5|BGDIA|1|D5. Welcome to the Dungeon}, featuring smooth stone steps and brick walls. Two sputtering torches in wall sconces illuminate the staircase, but the dungeon below is dark.",
D6. Bloated Corpse,D6. 腫脹的屍體,project-proposed,heading-only,BGDIA,21,data/1/entries/8/entries/3/entries/6/name,1,D6. Bloated Corpse,
D7. Bhaal's Altar,D7. 巴爾的祭壇,project-proposed,heading-only,BGDIA,21,data/1/entries/8/entries/3/entries/7/name,1,D7. Bhaal's Altar,
D8. Moldy Tapestry,D8. 發黴的掛毯,project-proposed,heading-only,BGDIA,22,data/1/entries/8/entries/3/entries/8/name,1,D8. Moldy Tapestry,
D9. The Dead Three Doors,D9. 死亡三神之門,project-proposed,heading-only,BGDIA,22,data/1/entries/8/entries/3/entries/9/name,1,D9. The Dead Three Doors,
DESSERTS,甜點,project-proposed,heading-only,BGDIA,245,data/14/entries/1/entries/2/name,1,DESSERTS,
Damage Threshold,傷害閾值,existing-site,heading-only,BGDIA,118,data/5/entries/6/entries/11/entries/0,15,"Fetchtatter and the chain devils attack characters who try to free the sibriex. Breaking three of the six chains that bind the sibriex allows it to slip free, whereupon it flies into the air and tries to get as far away from the iron scaffold as possible. Each chain has AC 19, 33 hit points, a damage threshold of 10, and immunity to fire, poison, and psychic damage.",
Damming the Styx,築壩冥河,project-proposed,heading-only,BGDIA,100,data/4/entries/4/entries/7/name,1,Damming the Styx,
Damned Wretch,下地獄的可憐蟲,project-proposed,heading-only,BGDIA,214,data/10/entries/8/entries/4/entries/1/rows/1/1,2,Damned wretch,
Dance of the Seven Winds,七風之舞,existing-site,heading-only,ToA,53,data/2/entries/4/entries/11/entries/12/entries/3,5,"If the characters set him free, Nephyr is grateful. Before departing, he urges the characters to visit Kir Sabal and petition {@creature Asharra|ToA} to perform the Dance of the Seven Winds. This dance, he says, is part of a magical ritual that grants nonflying creatures the ability to fly. Once back at Kir Sabal, Nephyr spreads word of the characters' heroism. Characters gain advantage on Charisma checks made to influence the aarakocra of Kir Sabal from that point on.",
Dancing Monkey Fruit,猴舞果,existing-site,heading-only,ToA,5,data/0/entries/0/entries/0/entries/1,8,"This adventure is much more than a deadly dungeon. To make it fun, we turned to Pendleton Ward, creator of the D&D-inspired animated series {@link Adventure Time|https://www.imdb.com/title/tt1305826}. Pen is a master storyteller who knows how to craft a meaningful narrative around humorous characters and trappings, and he understands that D&D players can create their own hilarity when given fun toys to play with. With Pen's help, we've tried to craft a tale filled with classic D&D tropes and odd twists that will make you and your players laugh, even as things are looking grim for the heroes. If the dancing monkey fruit doesn't do it for you, maybe the catapulting goblin village or the zombie-spewing undead tyrannosaurus will. There's also the tomb itself, which will hopefully illicit chuckles and screams of laughter with its murderous ingenuity.",
Dangers in Baldur's Gate,博德之門的危險,project-proposed,heading-only,BGDIA,166,data/9/entries/9/entries/3/entries/1,2,"For more details on the Dead Three, see ""{@area Dangers in Baldur's Gate|370|x}"".",
Danthelon's Dancing Axe,丹瑟隆的跳舞斧,project-proposed,heading-only,BGDIA,194,data/9/entries/14/entries/5/entries/2/rows/2/1,4,"An obviously magical axe menaces passersby as it floats down the street. The proprietor of Danthelon's Dancing Axe gives chase (see ""{@area Danthelon's Dancing Axe|3bc|x}"", for more information).",
Dark Secrets,黑暗秘密,project-proposed,heading-only,BGDIA,5,data/0/entries/1,3,"Use the first session of the game to help your players create their 1st-level characters. As part of this process, the players can choose their party's dark secret (see ""{@area Dark Secrets|3ec|x}"").",
Darkvision,黑暗視覺,existing-site,heading-only,BGDIA,16,data/1/entries/7/entries/2/entries/2,21,"Alan Alyth, the tavern's current owner and proprietor, is a neutral half-elf {@creature commoner} with {@sense darkvision} out to a range of 60 feet. Alan recently turned seventy-five years old and has run the establishment for decades. His elven blood through his half-elf mother has kept him alive this long, and keeps him looking better than most full-blooded humans his age. He runs a moneylending business on the side, offering loans to customers he trusts. He rarely gives loans to adventurers, knowing how flighty they can be, but he might offer them a free glass of {@recipe Elverquisst|HFFotM} wine if he thinks it'll keep their swords sheathed (see the ""Taverns in Baldur's Gate"" sidebar).",
Darus Kelinoth,達魯斯·凱利諾斯,project-proposed,canonical-name,BGDIA,175,data/9/entries/11/entries/3/entries/1,1,"The harbor's most immediately striking feature is its machinery, with dozens of enormous cranes and countless powered scoops and cargo carts dramatically accelerating the loading and unloading process. Though designed by the Church of Gond, these marvels are run by the Harborhands, the most powerful crew in the city thanks to the dockworkers' ability to shut off the city's economic lifeblood with a strike. Managing the whole affair is Harbormaster Darus Kelinoth, a lawful neutral male human {@creature noble} who runs the port's operations and taxation from a small, heavily fortified brick building set well apart from other structures.",
Dead Devil,死去的魔鬼,project-proposed,heading-only,BGDIA,122,data/5/entries/7/entries/8/entries/6/entries/5/name,1,Dead Devil,
Dead Three,死亡三神,project-proposed,heading-only,BGDIA,5,data/0/entries/2/entries/1/entries/1,71,"The characters are drafted by the Flaming Fist, the army of mercenaries tasked with protecting Baldur's Gate. Without Grand Duke {@creature Ulder Ravengard|BGDIA} to lead them, the Flaming Fist mercenaries are little more than glorified thugs. The characters' orders are to help maintain peace by rooting out and destroying followers of Bane, Bhaal, and Myrkul—evil gods collectively known as the Dead Three. These vile priests, assassins, and necromancers are murdering city folk at random, and the Flaming Fist is too distracted and disorganized to hunt them down and find their lair. In the course of their investigation, the characters learn that the Dead Three cultists are secretly being financed by Thalamra Vanthampur, one of three remaining dukes who preside over the government of Baldur's Gate, using money stolen from the hoard of Tiamat, the evil queen of dragons imprisoned in the Nine Hells.",
Dead Traveler,死去的旅行者,project-proposed,heading-only,BGDIA,107,data/5/entries/1/entries/6/entries/3/entries/1/rows/0/1,2,Dead traveler,
Dealing with Amrik,和阿姆利克打交道,project-proposed,heading-only,BGDIA,31,data/1/entries/9/entries/4/name,1,Dealing with Amrik,
Dealing with Bazelsteen,和巴澤勒斯滕做交易,project-proposed,heading-only,BGDIA,123,data/6/entries/7/entries/9/name,1,Dealing with Bazelsteen,
Dealing with Tarina,和塔麗娜打交道,project-proposed,heading-only,BGDIA,16,data/1/entries/7/entries/3/entries/2,3,"If the characters need help finding Tarina, a tavern regular, they are directed to the second floor (see ""{@area Dealing with Tarina|032|x}"").",
Dealing with Uldrak,與烏爾德拉克交涉,project-proposed,heading-only,BGDIA,109,data/5/entries/2/entries/5/name,1,Dealing with Uldrak,
Dealing with the Companion,處理伴陽,project-proposed,heading-only,BGDIA,153,data/8/entries/6/entries/7/name,1,Dealing with the Companion,
Death Curse,死亡詛咒,existing-site,heading-only,ToA,5,data/0/entries/1/entries/1/rows/37/2,33,Human archmage stricken by the death curse,
Dehydration,脫水,project-proposed,heading-only,ToA,37,data/2/entries/3/entries/1/items/4,3,"At the end of the day, check to see if any party members are dehydrated (see ""{@area Dehydration|0a2|x}"" below).",
Deinonychus,恐爪龍,existing-site,heading-only,ToA,26,data/1/entries/9/entries/2/entries/5/entries/4/entries/1,13,"The Beasts for Sale table lists the creatures available for purchase in Port Nyanzaru. Statistics for the hadrosaurus, the deinonychus, and the flying monkey appear in {@area appendix D|536|x}. See the {@book Monster Manual|MM} for all others.",
Delivery Pricing,運輸費,project-proposed,heading-only,BGDIA,130,data/6/entries/10/entries/7/entries/4/entries/2/name,1,Delivery Pricing,
Demon Attack,惡魔襲擊,project-proposed,heading-only,BGDIA,124,data/6/entries/7/entries/9/entries/2/name,1,Demon Attack,
Demon Ichor,惡魔穢液,existing-site,heading-only,BGDIA,78,data/3/entries/5/entries/5/name,25,Demon Ichor,
Demon Ichor Boost,惡魔穢液提速,project-proposed,heading-only,BGDIA,217,data/11/entries/4/entries/3/entries/2/entries/3/entries/1/items/2,2,"Insert a {@item soul coin|BGDIA} or pour a flask of demon ichor into the engine's furnace (see ""{@area Soul Fuel|42d|x}"" and ""{@area Demon Ichor Boost|42e|x}"" below).",
Demon Ichor Prices,惡魔穢液價格,project-proposed,heading-only,BGDIA,130,data/6/entries/10/entries/7/entries/5/entries/3/name,1,Demon Ichor Prices,
Demon Portal,惡魔傳送門,project-proposed,heading-only,BGDIA,65,data/2/entries/7/entries/6/entries/2,3,"Because of his obsession with destroying demons, the characters might be able to temporarily ally with Gideon to deal with the threat posed by the demon portal. Unfortunately, unless they can trick him completely, the undead priest won't let the characters leave the cemetery without a fight.",
Demon Zapper,滅魔器,project-proposed,heading-only,BGDIA,92,data/3/entries/10/entries/1,13,"{@adventure Diagram 3.2|BGDIA|4|Spawning Trees} and {@adventure diagram 3.3|BGDIA|5|Demon Zapper} are flowcharts that show the two paths characters can take through Avernus to reach the Bleeding Citadel: the {@adventure Path of Demons|BGDIA|4} and the {@adventure Path of Devils|BGDIA|5}, respectively. Neither is literally a ""path,"" but rather a sequence of locations that the characters must visit in order. If the characters wander off these paths, use optional encounters to pull them back (see ""{@adventure Other Locations|BGDIA|6},"" and ""{@area Roaming Encounter: Smiler the Defiler|2bb|x}"").",
Designers,設計師,project-proposed,heading-only,BGDIA,,data/17/entries/0/items/7/name,2,Graphic Designers,
Destroying the Mirror,摧毀鏡子,project-proposed,heading-only,ToA,163,data/5/entries/8/entries/7/entries/6/name,1,Destroying the Mirror,
Destroying the Soulmonger,摧毀靈魂收割者,project-proposed,heading-only,ToA,5,data/0/entries/3/entries/4,6,"Destroying the Soulmonger ends the death curse affecting the world, while killing the atropal incurs the wrath of {@creature Acererak|ToA}. Under normal circumstances, the enraged archlich would be far too great a foe for mortal adventurers to overcome, but with the trickster gods of Omu on their side, the heroes have a fighting chance.",
Developers,開發者,project-proposed,heading-only,BGDIA,,data/17/entries/0/items/3/name,1,Developers,
Development,發展,project-proposed,heading-only,BGDIA,64,data/2/entries/6/entries/5/entries/18/entries/6/name,29,Development,
Devil Traits,魔鬼特質,project-proposed,heading-only,BGDIA,8,data/0/entries/4/entries/5/name,1,Devil Traits,
Devilish Work Crew,魔鬼的工作人員,project-proposed,heading-only,BGDIA,96,data/4/entries/0/entries/7/name,1,Devilish Work Crew,
Devlin,德夫林,project-proposed,canonical-name,ToA,139,data/5/entries/6/entries/3/entries/2,11,"The corpse belongs to Devlin Bashir, a Calishite wizard and member of the Company of the Yellow Banner. Devlin's goat-like features are the result of a curse, and he was killed by tomb dwarves after he became separated from his companions. Any inspection of his remains reveals that he was killed by wounds from axes and crossbow bolts. Devlin's ink-stained robes contain a journal that hints at the tomb's mysteries (see ""Devlin's Journal"" below). A search of the corpse also yields more valuable belongings (see ""Treasure"" below).",
Devlin Bashir,德夫林·巴希爾,project-proposed,canonical-name,ToA,139,data/5/entries/6/entries/3/entries/2,1,"The corpse belongs to Devlin Bashir, a Calishite wizard and member of the Company of the Yellow Banner. Devlin's goat-like features are the result of a curse, and he was killed by tomb dwarves after he became separated from his companions. Any inspection of his remains reveals that he was killed by wounds from axes and crossbow bolts. Devlin's ink-stained robes contain a journal that hints at the tomb's mysteries (see ""Devlin's Journal"" below). A search of the corpse also yields more valuable belongings (see ""Treasure"" below).",
Devlin's Journal,Devlin的日誌,project-proposed,heading-only,ToA,139,data/5/entries/6/entries/3/entries/2,4,"The corpse belongs to Devlin Bashir, a Calishite wizard and member of the Company of the Yellow Banner. Devlin's goat-like features are the result of a curse, and he was killed by tomb dwarves after he became separated from his companions. Any inspection of his remains reveals that he was killed by wounds from axes and crossbow bolts. Devlin's ink-stained robes contain a journal that hints at the tomb's mysteries (see ""Devlin's Journal"" below). A search of the corpse also yields more valuable belongings (see ""Treasure"" below).",
Devotees of Acererak,阿瑟瑞克的信徒,project-proposed,heading-only,ToA,187,data/5/entries/10/entries/9/entries/5/name,1,Devotees of Acererak,
Dimensions,尺寸,project-proposed,heading-only,BGDIA,60,data/2/entries/6/entries/5/entries/2/entries/2/name,2,Dimensions,
Dimetrodon,異齒龍,existing-site,heading-only,ToA,32,data/1/entries/12/entries/3/entries/3/entries/0/rows/8/4,6,Mountain Thunder (aging dimetrodon),
Dining Services,餐飲服務,project-proposed,heading-only,BGDIA,129,data/6/entries/10/entries/7/entries/1/entries/5/name,1,Dining Services,
Dinosaur Racing,恐龍賽跑,project-proposed,heading-only,ToA,31,data/1/entries/12/entries/1/items/1,2,Dinosaur racing,
Dinosaurs,恐龍,existing-site,heading-only,ToA,14,data/0/entries/6/entries/3/entries/13/entries/3/entries/0,47,"A central figure in Chult's history is the greater god Ubtao, who long protected the land and Chultan civilization. But Ubtao grew angry over his worshipers' endless warring and their reliance on him to solve all their problems. More than a century ago, Ubtao simply abandoned Chult, and his influence hasn't been felt there since that day. When he left, the Chultans suffered a crippling spiritual blow, but eventually the disunited, warring tribes learned to put aside their petty conflicts and unite as one people. To this day, the dinosaurs of Chult are still revered as Ubtao's sacred children by many Chultans, even though Ubtao himself is no longer popular.",
Director Licensing & Publishing,授權與出版總監,project-proposed,heading-only,BGDIA,,data/17/entries/0/items/22/name,1,Director Licensing & Publishing,
Diseases,疾病,project-proposed,heading-only,ToA,40,data/2/entries/3/entries/5/name,12,Diseases,
Disguised Characters,偽裝的角色,project-proposed,heading-only,BGDIA,39,data/1/entries/11/entries/3/entries/8/entries/1/name,3,Disguised Characters,
Disk of Eyes,眼睛盤,project-proposed,heading-only,ToA,135,data/5/entries/5/entries/12/entries/2,3,"The corpses slumped on the thrones are six dormant {@creature Wight||wights}. If the eyes on the bronze disk spot intruders in the tomb (see ""Disk of Eyes""), the wights rise and attack. The wights also attack if one or more of them takes any damage. They won't leave the chamber to pursue intruders. Once all intruders are dead or gone, the wights return to their thrones and fall dormant once more.",
Distant Shores,遠岸,project-proposed,heading-only,BGDIA,179,data/9/entries/12/entries/13/entries/2/name,3,Distant Shores,
Diving Cage,潛水籠,project-proposed,heading-only,ToA,175,data/5/entries/9/entries/11/entries/6/name,1,Diving Cage,
Donadrue,多納德魯,project-proposed,canonical-name,ToA,55,data/2/entries/4/entries/12/entries/14/entries/0,2,"The iron mines of Chult provide everything the garrison needs to make weapons, armor, and metal tools and implements. Korhie Donadrue (LG male Chondathan human {@creature spy}) is the chief armorer for the fort. Having spent years as an adventurer himself before becoming a smith, he enjoys having adventurers and explorers spend time in his work area, swapping tales and sharing news of the world.",
Doors,門,existing-site,heading-only,BGDIA,18,data/1/entries/7/entries/4/entries/12/entries/0,131,"The doors to these two rooms are locked. In addition to keys he loans to guests, Alan has a master key that unlocks both doors. Picking either lock requires {@item thieves' tools|phb} and a successful {@dc 10} Dexterity check.",
Doppelganger Spy,變形怪間諜,project-proposed,heading-only,ToA,120,data/4/entries/4/entries/11/entries/5/name,1,Doppelganger Spy,
"Dragon, Faerie",仙女龍,project-proposed,heading-only,ToA,194,data/7/entries/2/entries/4/rows/27/0,3,"{@area Dragon, faerie|5bb|x}",
"Dragon, Red",紅龍,project-proposed,heading-only,ToA,194,data/7/entries/2/entries/4/rows/28/0,2,"{@area Dragon, red|5bc|x}",
Dragonbait,龍餌,existing-site,heading-only,ToA,5,data/0/entries/1/entries/1/rows/5/0,19,{@creature Dragonbait|ToA},
Dragonfang,龍牙,existing-site,heading-only,ToA,5,data/0/entries/1/entries/1/rows/9/2,7,Wereboar pirate captain of the Dragonfang,
Dramatis Personae,登場人物,project-proposed,heading-only,ToA,5,data/0/entries/1/name,1,Dramatis Personae,
Dream 1: Rainbow Angels,夢境1：彩虹天使,project-proposed,heading-only,BGDIA,85,data/3/entries/7/entries/8/entries/5/name,1,Dream 1: Rainbow Angels,
Dream 2: Betrayal!,夢境2：背叛！,project-proposed,heading-only,BGDIA,86,data/3/entries/7/entries/8/entries/6/name,1,Dream 2: Betrayal!,
Dream 3: Devil Deal,夢境3：魔鬼交易,project-proposed,heading-only,BGDIA,86,data/3/entries/7/entries/8/entries/7/name,1,Dream 3: Devil Deal,
Dream 4: Desolation,夢境4：死寂,project-proposed,heading-only,BGDIA,86,data/3/entries/7/entries/8/entries/8/name,1,Dream 4: Desolation,
Dream 5: Revelation,夢境5：啟示,project-proposed,heading-only,BGDIA,86,data/3/entries/7/entries/8/entries/9/name,1,Dream 5: Revelation,
Drive,駕駛,project-proposed,heading-only,BGDIA,52,data/2/entries/3,16,"Even as the characters get their bearings, they hear a cacophonous tumult taking place far beneath the city. An endless stream of demons crawls forth from the murky waters of the River Styx, to be met by the ordered forces of Avernus attempting to drive them back. This battle continues for the entirety of the characters' stay in Elturel.",
Dryad Spirits,樹精靈魄,project-proposed,heading-only,BGDIA,107,data/5/entries/1/entries/6/entries/3/entries/1/rows/1/1,5,Dryad spirits,
Duke Belynne Stelmane,貝萊恩·斯特梅公爵,project-proposed,heading-only,BGDIA,162,data/9/entries/6/entries/2/entries/2/name,2,Duke Belynne Stelmane,
Duke Dillard Portyr,迪拉德·波泰爾公爵,project-proposed,heading-only,BGDIA,12,data/1/entries/6/entries/2,5,"An influx of Elturgardian refugees coupled with uncertainty regarding the fate of Grand Duke {@creature Ulder Ravengard|BGDIA} has convinced Captain Darmin Zodge, a lawful evil human {@creature veteran}, to prove himself worthy of leading the Flaming Fist—lest some rival seize the opportunity in the days ahead. Zodge also knows that Liara Portyr, who commands the Flaming Fist stronghold of Fort Beluarian in Chult, has been recalled to Baldur's Gate by her uncle, Duke Dillard Portyr. Zodge hopes to impress Commander Portyr with his ability to maintain the peace in Baldur's Gate until her arrival.",
Duke Thalamra Vanthampur,薩拉瑪拉·範薩姆普爾公爵,existing-site,heading-only,BGDIA,10,data/1/entries/3/entries/0,18,"A tenday ago, Grand Duke {@creature Ulder Ravengard|BGDIA} left Baldur's Gate with a company of Flaming Fist soldiers on a diplomatic mission to Elturel, accepting a formal invitation from Elturel's High Overseer, {@creature Thavius Kreeg|BGDIA}. Ravengard did not go eagerly, however. It took months of persuasion by his fellow dukes—the other three members of Baldur's Gate's ruling Council of Four—to convince him to accept Elturel's invitation and leave the city in their capable hands. {@creature Duke Thalamra Vanthampur|BGDIA} was especially convincing, having gathered petitions from the nobility as well as leaders of the common rabble.",
Dungeon Features,地下城特徵物,project-proposed,heading-only,BGDIA,21,data/1/entries/8/entries/3/entries/5/entries/1,8,"The chamber at the bottom of the staircase is empty, unlit, and flooded with foul-smelling water to a depth of 2 feet (see ""Dungeon Features"" below for more information).",
Dungeon Locations,地下城地區,project-proposed,heading-only,BGDIA,38,data/1/entries/11/entries/3/name,1,Dungeon Locations,
Dungeon of the Dead Three,死亡三神地城,project-proposed,heading-only,BGDIA,11,data/1/entries/5/entries/0,12,"{@adventure Diagram 1.1|BGDIA|1|Evil in Baldur's Gate} is a flowchart that presents the key events of this chapter in sequence. The adventurers begin as 1st-level characters, advancing to 2nd level if they survive the encounter in {@area Elfsong Tavern|01d|x} and 3rd level after conquering the {@area dungeon of the Dead Three|03a|x}. The challenges they must overcome at the {@area Low Lantern|080|x} and {@area Vanthampur Villa|096|x} are great enough to advance them to 4th level. After conquering the sewer complex {@area below the villa|0be|x} and obtaining valuable information at {@area Candlekeep|0f1|x}, the characters advance to 5th level before entering the Nine Hells in {@adventure chapter 2|BGDIA|2}.",
Dungrunglung,登格隆格,project-proposed,heading-only,ToA,6,data/0/entries/4/entries/6/entries/2,20,"In this adventure, three creatures know that the cause of the death curse lies in Omu: {@creature Grandfather Zitembe|ToA} in Port Nyanzaru, {@creature Valindra Shadowmantle|ToA} in the Heart of Ubtao, and Saja N'baza in Orolunga. Several creatures know Omu's location: the guides {@creature Eku|ToA} and {@creature Salida|ToA} in Port Nyanzaru, {@creature Valindra Shadowmantle|ToA} in the Heart of Ubtao, the aarakocra of Kir Sabal, Zalkoré of Nangalore, Saja N'baza in Orolunga, and the red dragon Tzindelor in Wyrmheart Mine. If the characters are unable to locate Omu or ascertain the source of the death curse, the following additional creatures might possess the knowledge they seek, at your discretion: Krr'ook in Dungrunglung, Nephyr in Firefinger, {@creature Nanny Pu'pu|ToA} in Mbala, Bwayes O'tamu in the wreck of the {@i Narwhal}, the survivors of the {@i Star Goddess} shipwreck, and Red Wizards under {@creature Valindra Shadowmantle|ToA}'s command.",
Dusthawk Hill,塵鷹山,project-proposed,heading-only,BGDIA,171,data/9/entries/10/entries/2/entries/4,7,"At the same time, worship of Bhaal proves darkly popular in Baldur's Gate. Few openly admit to worshiping the Lord of Murder, but there is an unspoken assumption that anyone who benefits from violent death has some respect for Bhaal. Assassination and murder underpin many of the plots in the city, from the business of highly-paid killers on patriar payrolls to slayings of opportunity committed by Outer City fanatics. Such bloodthirsty faithful rarely gather in numbers, but they typically mark themselves by carving a fresh gouge on their thumbs—spilling their blood in Bhaal's name while creating a subtle mark identifying that identifies them among allies. Despite the Lord of Murder's decentralized worship, some believe a temple to Bhaal exists near or under the city, possibly in an ancient chamber beneath the sewers or carved into Dusthawk Hill. Rumor holds that eleven red crystals on the wall of the temple grow brighter with every murder committed, gathering power for either Bhaal or one of his future chosen. Some claim that Bhaal himself regularly visits the temple, his presence contributing to the city's high murder rate.",
Dwarves,矮人,existing-site,heading-only,BGDIA,55,data/2/entries/5/entries/9/entries/4/entries/3,57,"If the characters succeed in the rescue attempt, they pull out three lawful good shield dwarves from beneath the collapsed building: Strovin Ironfist, Kartra Boulderstern, and Velkora Ashenwell. Strovin and Kartra are laborers (use the {@creature commoner} stat block), but Velkora is a mason and an {@creature acolyte} of the dwarven god Moradin. Her healing powers would be a welcome resource at the High Hall. All three dwarves speak Common and Dwarvish, and have {@sense darkvision} out to a range of 60 feet. They also have resistance to poison damage and advantage on saving throws against being {@condition poisoned}.",
Dyrax,迪拉克斯,project-proposed,canonical-name,ToA,93,data/3/entries/3/entries/5/entries/5/entries/1,1,"The survivors include four Red Wizards (LE male and female Thayan human {@creature Mage||mages}) named Dyrax (male), Thazma (female), Yamoch (male), and Zagmira (female). Their red robes, shaved heads, and sallow complexions betray their allegiance to Thay. Eight mercenaries (LE male and female human {@creature Thug||thugs} of various ethnicities) escort the wizards. The highest ranking mage, Zagmira, appears just eighteen years old, yet one half of her face is wizened and old. This effect is a holdover from a terrible ritual she performed to inhabit the body of her own granddaughter. All four mages carry spellbooks that contain all their prepared spells.",
E1. Taproom,E1. 酒吧間,project-proposed,heading-only,BGDIA,16,data/1/entries/7/entries/4/entries/1/name,1,E1. Taproom,
E10. Private Dining Room,E10. 私人餐廳,project-proposed,heading-only,BGDIA,17,data/1/entries/7/entries/4/entries/10/name,1,E10. Private Dining Room,
E11. Large Guest Room,E11. 大客房,project-proposed,heading-only,BGDIA,18,data/1/entries/7/entries/4/entries/11/name,1,E11. Large Guest Room,
E12. Plain Guest Rooms,E12. 普通客房,project-proposed,heading-only,BGDIA,18,data/1/entries/7/entries/4/entries/12/name,1,E12. Plain Guest Rooms,
E13. Alan's Bedroom,E13. 艾倫的臥室,project-proposed,heading-only,BGDIA,18,data/1/entries/7/entries/4/entries/13/name,1,E13. Alan's Bedroom,
E2. Lounge,E2. 休息室,project-proposed,heading-only,BGDIA,17,data/1/entries/7/entries/4/entries/2/name,1,E2. Lounge,
E3. Private Dining Room,E3. 私人餐廳,project-proposed,heading-only,BGDIA,17,data/1/entries/7/entries/4/entries/3/name,1,E3. Private Dining Room,
E4. Storage Alcove,E4. 儲藏凹室,project-proposed,heading-only,BGDIA,17,data/1/entries/7/entries/4/entries/4/name,1,E4. Storage Alcove,
E5. Storeroom,E5. 儲藏室,project-proposed,heading-only,BGDIA,17,data/1/entries/7/entries/4/entries/5/name,1,E5. Storeroom,
E6. Kitchen,E6. 廚房,project-proposed,heading-only,BGDIA,17,data/1/entries/7/entries/4/entries/6/name,1,E6. Kitchen,
E7. Upstairs Dining Room,E7. 上層餐廳,project-proposed,heading-only,BGDIA,17,data/1/entries/7/entries/4/entries/7/name,1,E7. Upstairs Dining Room,
E8. Private Dining Room,E8. 私人餐廳,project-proposed,heading-only,BGDIA,17,data/1/entries/7/entries/4/entries/8/name,1,E8. Private Dining Room,
E9. Fancy Guest Suite,E9. 夢幻套房,project-proposed,heading-only,BGDIA,17,data/1/entries/7/entries/4/entries/9/name,1,E9. Fancy Guest Suite,
East Door,東門,project-proposed,heading-only,BGDIA,22,data/1/entries/8/entries/3/entries/9/entries/1/name,1,East Door,
Eastern Dome,東圓頂,project-proposed,heading-only,ToA,77,data/2/entries/4/entries/27/entries/11/entries/3/name,1,Eastern Dome,
Eastway Expeditions,東道探險隊,project-proposed,heading-only,BGDIA,185,data/9/entries/13/entries/4/entries/4/rows/4/1,5,"Scalm Shilvin of Eastway Expeditions mocks a party member's armor. She offers to apply ""raptor repellent"" at the discounted price of 10 gp.",
Eblis,魔王鶴,existing-site,heading-only,ToA,68,data/2/entries/4/entries/20/entries/10/entries/3,25,"If the characters tell {@creature Asharra|ToA} of their plan to visit Omu and destroy the Soulmonger, she offers to perform a ritual called the Dance of the Seven Winds, bestowing on the characters the magical ability to fly (see the ""Dance of the Seven Winds"" sidebar). To complete the ritual, she needs a black orchid, which can be found only in {@area Nangalore|166|x} (described later in this chapter). {@creature Asharra|ToA} can provide directions, but she doesn't allow her people to go anywhere near the ruins because of the evil, intelligent cranes (eblis) known to live there.",
Economy and Trade,經濟與貿易,project-proposed,heading-only,BGDIA,165,data/9/entries/8/name,1,Economy and Trade,
Editorial Assistance,編輯助理,project-proposed,heading-only,ToA,,data/12/entries/0/entries/0/items/7/name,1,Editorial Assistance,
Editors,編輯,project-proposed,heading-only,BGDIA,,data/17/entries/0/items/4/name,3,Editors,
Ekene-Afa,艾珂內-阿法,existing-site,heading-only,ToA,5,data/0/entries/1/entries/1/rows/7/0,12,{@creature Ekene-Afa|ToA},
Eku,依庫,existing-site,heading-only,ToA,5,data/0/entries/1/entries/1/rows/8/0,12,{@creature Eku|ToA},
Elfsong,精靈之歌,project-proposed,heading-only,BGDIA,11,data/1/entries/5/entries/0,14,"{@adventure Diagram 1.1|BGDIA|1|Evil in Baldur's Gate} is a flowchart that presents the key events of this chapter in sequence. The adventurers begin as 1st-level characters, advancing to 2nd level if they survive the encounter in {@area Elfsong Tavern|01d|x} and 3rd level after conquering the {@area dungeon of the Dead Three|03a|x}. The challenges they must overcome at the {@area Low Lantern|080|x} and {@area Vanthampur Villa|096|x} are great enough to advance them to 4th level. After conquering the sewer complex {@area below the villa|0be|x} and obtaining valuable information at {@area Candlekeep|0f1|x}, the characters advance to 5th level before entering the Nine Hells in {@adventure chapter 2|BGDIA|2}.",
Elfsong Tavern,精靈之歌酒館,project-proposed,heading-only,BGDIA,11,data/1/entries/5/entries/0,12,"{@adventure Diagram 1.1|BGDIA|1|Evil in Baldur's Gate} is a flowchart that presents the key events of this chapter in sequence. The adventurers begin as 1st-level characters, advancing to 2nd level if they survive the encounter in {@area Elfsong Tavern|01d|x} and 3rd level after conquering the {@area dungeon of the Dead Three|03a|x}. The challenges they must overcome at the {@area Low Lantern|080|x} and {@area Vanthampur Villa|096|x} are great enough to advance them to 4th level. After conquering the sewer complex {@area below the villa|0be|x} and obtaining valuable information at {@area Candlekeep|0f1|x}, the characters advance to 5th level before entering the Nine Hells in {@adventure chapter 2|BGDIA|2}.",
Eltan,艾爾坦,project-proposed,canonical-name,BGDIA,158,data/9/entries/4/entries/2/entries/1,4,"Another pillar of order in Baldur's Gate formed when the adventurer Eltan, a noted warrior raised in the area, returned home from exploits abroad. Seeing the chaos that had splintered his beloved city, Eltan united the city's independent mercenary companies under a single banner, that of the Flaming Fist. Eltan used the mercenaries to quash what pockets of disorder he found, punishing lawbreakers for their crimes. Though plenty of theft, blackmail, and assassination continued behind closed doors, the founding of the Flaming Fist marked a new chapter in the city's story.",
Elturel,艾爾托瑞爾,user-approved,heading-only,BGDIA,5,data/0/entries/2/entries/0,312,"The holy city of Elturel has disappeared from the Forgotten Realms and descended into Avernus, the first layer of the Nine Hells. This event came about as the result of an infernal bargain between the archdevil Zariel, who rules Avernus, and the treacherous High Overseer of Elturel, {@creature Thavius Kreeg|BGDIA}. Zariel is capturing cities and using their citizens as fodder in the ongoing conflict between demons and devils known as the Blood War. Next on Zariel's list of cities is Elturel's neighbor, Baldur's Gate. The characters can be the heroes who descend into Avernus, save Elturel from certain destruction, and prevent a similar fate from befalling Baldur's Gate.",埃爾托瑞爾;埃爾圖雷爾;艾爾圖瑞爾;埃爾託瑞爾;艾爾託瑞爾
Elturel Hazards,埃爾託瑞爾的威脅,project-proposed,heading-only,BGDIA,52,data/2/entries/5/entries/4,3,"The characters and any remaining NPC companions have a few minutes to acclimate to their new surroundings before facing their first threat in the city (see ""{@area Unwelcome Party|116|x}"" below). See the ""{@area Elturel Hazards|123|x}"" sidebar for more information about the earthquakes and other dangers.",
Elturgard,艾爾托迦德,project-proposed,canonical-name,BGDIA,5,data/0/entries/2/entries/1/entries/0,16,"{@adventure Chapter 1|BGDIA|1} begins in the independent city of Baldur's Gate, where the characters find themselves trapped behind the city's walls after the gates are sealed to keep out hundreds of refugees from the neighboring land of Elturgard. However, the gates can't hold back news that Elturgard's capital has fallen, and that Grand Duke {@creature Ulder Ravengard|BGDIA} of Baldur's Gate is missing—lost on a diplomatic mission to Elturel. The fact that Elturel's misfortune coincided with Ravengard's visit has left Baldurians wondering whether Baldur's Gate will suffer Elturel's fate.",
Emerald Enclave,翠綠閒庭,project-proposed,heading-only,ToA,29,data/1/entries/11/entries/2/name,13,Emerald Enclave,
Emerald Eye,翡翠之眼,project-proposed,heading-only,ToA,5,data/0/entries/1/entries/1/rows/45/2,6,Human pirate captain of the Emerald Eye,
Empty Closet,空衣櫃,project-proposed,heading-only,ToA,149,data/5/entries/7/entries/7/entries/7/name,1,Empty Closet,
Enclave Outpost,聯盟前哨站,project-proposed,heading-only,ToA,199,data/7/entries/2/entries/5/entries/18/entries/2/name,1,Enclave Outpost,
Enclave Scouts,聯盟偵察兵,project-proposed,heading-only,ToA,199,data/7/entries/2/entries/5/entries/18/entries/0,3,The characters encounter a band of Emerald Enclave scouts or stumble upon one of their outposts. Choose whichever encounter works best for the circumstances and location.,
Encounters in the Brambles,骨棘林中的遭遇,project-proposed,heading-only,BGDIA,107,data/5/entries/1/entries/6/name,1,Encounters in the Brambles,
Encounters in the Crypt,在墓穴裡的遭遇,project-proposed,heading-only,BGDIA,101,data/4/entries/5/entries/7/name,1,Encounters in the Crypt,
Encounters in the Forge,熔爐的遭遇,project-proposed,heading-only,BGDIA,114,data/5/entries/5/entries/8/name,1,Encounters in the Forge,
Encounters in the Nest,巢穴中的遭遇,project-proposed,heading-only,BGDIA,94,data/3/entries/12/entries/7/name,1,Encounters in the Nest,
End Result.,最終結果。,project-proposed,heading-only,ToA,51,data/2/entries/4/entries/10/entries/15/entries/2/entries/6/items/0/name,1,End Result.,
End a Mishap,結束厄運,project-proposed,heading-only,BGDIA,220,data/11/entries/4/entries/9/entries/3/name,1,End a Mishap,
Endgame in Elturel,埃爾託瑞爾的終局,project-proposed,heading-only,BGDIA,73,data/2/entries/8/entries/6/entries/5/entries/1/entries/0,6,"The characters encounter Lucille again at the end of the adventure when they return to liberate Elturel (see ""{@adventure Endgame in Elturel|BGDIA|2|Endgame in Elturel}"").",
Entering Candlekeep,進入燭堡,project-proposed,heading-only,BGDIA,43,data/1/entries/13/entries/2,2,"If Falaster Fisk is with the party, he leads them to his residence in Little Calimshan. In addition to grabbing weapons, he also brings along an old book of Calishite recipes to trade for admittance into the great library of Candlekeep (see ""{@area Entering Candlekeep|0f5|x}"").",
Entering into a Deal,達成協議,project-proposed,heading-only,BGDIA,212,data/10/entries/4/name,1,Entering into a Deal,
Entering the Citadel,進入城砦,project-proposed,heading-only,BGDIA,139,data/7/entries/5/name,1,Entering the Citadel,
Entering the City,進入城市,project-proposed,heading-only,BGDIA,174,data/9/entries/11/entries/2/entries/2,3,"Anyone entering the city must pay a nominal entry toll of 5 cp. While this is a small sum, it ensures that the truly destitute remain outside, consigned to the slums of the Outer City. Beggars and refugees crowd at the fringes of these slums, typically around Black Dragon Gate and Basilisk Gate, pleading for money to pay the toll and hoping that the guards won't drive them off for annoying more prosperous travelers.",
Entering the Fort,進入要塞,project-proposed,heading-only,BGDIA,80,data/3/entries/7/entries/3/entries/1,3,"Built into the rampart is a ramshackle gatehouse (see ""{@area Entering the Fort|1b8|x}""). One of the redcaps that guards the gatehouse stands next to an iron gong that can be struck to warn of impending attack. A 15-foot high, 20-foot-wide, entryway passes through the gatehouse. A wall of junk on rollers can be pushed in front of the entryway to seal it in case of attack.",
Entering the Scab,進入血痂,project-proposed,heading-only,BGDIA,134,data/7/entries/4/entries/1/name,1,Entering the Scab,
Eomane House,艾奧梅恩宅邸,project-proposed,heading-only,BGDIA,176,data/9/entries/12/entries/6/rows/1/1,3,"A smirking valet eyes the party, slips over, and hands them an elegant crimson envelope: an invitation to a gathering at Eomane House.",
Erik,艾瑞克,project-proposed,canonical-name,ToA,95,data/3/entries/4/entries/2/entries/4/entries/1,2,"""Erik, I've gone in search of the nine shrines. V.""",
Escape Tunnel,逃跑隧道,project-proposed,heading-only,BGDIA,39,data/1/entries/11/entries/3/entries/9/name,3,V27. Escape Tunnel,
Escaping the Siege,逃出圍城,project-proposed,heading-only,BGDIA,71,data/2/entries/8/name,1,Escaping the Siege,
Escort a Priest to Camp Vengeance,護送牧師前往復仇營地,project-proposed,heading-only,ToA,16,data/1/entries/7/entries/2/items/2/name,1,Escort a Priest to Camp Vengeance,
Event 1. Characters' Arrival,事件1. 角色到達,project-proposed,heading-only,BGDIA,142,data/7/entries/6/entries/4/entries/1/name,1,Event 1. Characters' Arrival,
Event 1: River's Edge,事件1：河邊,project-proposed,heading-only,BGDIA,155,data/8/entries/7/entries/2/name,1,Event 1: River's Edge,
Event 2. Yeenoghu's Champion,事件2. 耶諾古的鬥士,project-proposed,heading-only,BGDIA,142,data/7/entries/6/entries/4/entries/2/name,1,Event 2. Yeenoghu's Champion,
Event 2: Field of Flames,事件2: 火焰之地,project-proposed,heading-only,BGDIA,155,data/8/entries/7/entries/3/name,1,Event 2: Field of Flames,
Event 3. Madness Reigns,事件3. 瘋狂渴權,project-proposed,heading-only,BGDIA,142,data/7/entries/6/entries/4/entries/3/name,1,Event 3. Madness Reigns,
Event 3: Showdown with Zariel,事件3: 決戰扎瑞爾,project-proposed,heading-only,BGDIA,155,data/8/entries/7/entries/4/name,1,Event 3: Showdown with Zariel,
Event 4. Unsettling Calm,事件4. 大戰前的短暫和平,project-proposed,heading-only,BGDIA,142,data/7/entries/6/entries/4/entries/4/name,1,Event 4. Unsettling Calm,
Event 5. Renewed Assault,事件5. 新一輪進攻,project-proposed,heading-only,BGDIA,143,data/7/entries/6/entries/4/entries/5/name,1,Event 5. Renewed Assault,
Event 6. Yeenoghu,事件6. 耶諾古,project-proposed,heading-only,BGDIA,143,data/7/entries/6/entries/4/entries/6/name,1,Event 6. Yeenoghu,
Event 7. Zariel's Arrival,事件7. 扎瑞爾降臨,project-proposed,heading-only,BGDIA,140,data/7/entries/6/entries/0,2,"Yael pulls the characters into {@creature Lulu|BGDIA}'s memory of Zariel's final battle against Yeenoghu in Faerûn. The characters experience a series of events in Idyllglen before returning to the Bleeding Citadel, where they can finally claim the {@item Sword of Zariel|BGDIA}. While the characters are in Idyllglen, {@creature Lulu|BGDIA} is not with them, though she does make an appearance as a winged mammoth in ""{@area Event 7. Zariel's Arrival|310|x}"".",
Everyone's Unhappy,諸人不幸,project-proposed,heading-only,BGDIA,9,data/0/entries/5/entries/1/name,1,Everyone's Unhappy,
Everything's Awful,萬物可憎,project-proposed,heading-only,BGDIA,9,data/0/entries/5/entries/2/name,1,Everything's Awful,
Evil in Baldur's Gate,博德之門的邪惡,project-proposed,heading-only,BGDIA,11,data/1/entries/4/name,2,Evil in Baldur's Gate,
Exhaustion,力竭,existing-site,heading-only,BGDIA,79,data/3/entries/5/entries/8/entries/3/name,38,Exhaustion,
Explore the Aldani Basin,探索阿爾達尼盆地,project-proposed,heading-only,ToA,16,data/1/entries/7/entries/2/items/3/name,1,Explore the Aldani Basin,
"Explorer, Dead",死去的探險家,project-proposed,heading-only,ToA,194,data/7/entries/2/entries/4/rows/31/0,3,"{@area Explorer, dead|5c1|x}",
Explorers,探險家,project-proposed,heading-only,BGDIA,164,data/9/entries/7/entries/3/entries/1,44,"Some patriars are economically-minded individuals who rise early and spend their days in meetings and negotiations. They fund expeditions into dangerous locales and hire explorers to map uncharted territories. Other patriars manipulate the city's power players through diplomacy and intrigue. They spend their days flitting from theater performances to private balls, while quietly making and breaking the alliances that underwrite the city's structures.",
Exploring the Cemetery,探索墓地,project-proposed,heading-only,BGDIA,66,data/2/entries/7/entries/8/name,1,Exploring the Cemetery,
Exploring the Ruins,探索廢墟,project-proposed,heading-only,ToA,38,data/2/entries/3/entries/2/entries/3/entries/2/entries/2/items/0,3,Camp Righteous (exploring the ruins),
Exploring the Tomb,探索墓穴,project-proposed,heading-only,ToA,126,data/5/entries/3/name,1,Exploring the Tomb,
Extinguishing the Candle,熄滅蠟燭,project-proposed,heading-only,ToA,159,data/5/entries/8/entries/4/entries/2/entries/4/name,1,Extinguishing the Candle,
Eye of Zaltec,扎爾特克之眼,project-proposed,heading-only,ToA,127,data/5/entries/3/entries/3/entries/3/name,11,Eye of Zaltec,
Eye of Zaltec (Area 62),扎爾特克之眼（區域62）,project-proposed,heading-only,ToA,189,data/5/entries/11/entries/1/entries/1/entries/2/name,1,Eye of Zaltec (Area 62),
Eye of the Deep,深淵之眼號,project-proposed,canonical-name,ToA,67,data/2/entries/4/entries/18/entries/12/entries/1/entries/2,1,"The Dragonfang's crew includes a first mate named Mad Kalita (LE female Chultan human {@creature spy}), fifteen Chultan {@creature Bandit||bandits}, three Chultan {@creature Thug||thugs}, and a ""sea witch"" named Eye of the Deep (N female Calishite human {@creature druid}).",
F1. Descent to the Forge,F1. 降臨熔爐,project-proposed,heading-only,BGDIA,114,data/5/entries/5/entries/8/entries/2/name,1,F1. Descent to the Forge,
F2. Fire Giant Blacksmiths,F2. 火巨人鐵匠,project-proposed,heading-only,BGDIA,114,data/5/entries/5/entries/8/entries/3/name,1,F2. Fire Giant Blacksmiths,
F3. Weapons Rack,F3. 武器架,project-proposed,heading-only,BGDIA,114,data/5/entries/5/entries/8/entries/4/name,1,F3. Weapons Rack,
F4. Pool of Magma,F4. 岩漿池,project-proposed,heading-only,BGDIA,114,data/5/entries/5/entries/8/entries/5/name,1,F4. Pool of Magma,
Fabled Treasures,傳說中的寶藏,project-proposed,heading-only,ToA,127,data/5/entries/3/entries/3/name,6,Fabled Treasures,
Facing the Night Hags,面對夜巫婆,project-proposed,heading-only,ToA,180,data/5/entries/10/entries/2/entries/8/entries/5/name,1,Facing the Night Hags,
Factions and Their Representatives,派系及其代表,project-proposed,heading-only,ToA,27,data/1/entries/9/entries/2/entries/12/entries/2,2,"{@creature Zhanthi|ToA} (NG female Chultan human {@creature noble}) has royal blood in her veins, and few have the courage to dispute the wise, old trader. She's a secret member of the Ytepka Society (see ""{@area Factions and Their Representatives|079|x}""), and she has forged ties with the Zhentarim so that she can monitor the organization's activities.",
Faerûn,費倫,project-proposed,canonical-name,BGDIA,6,data/0/entries/2/entries/3/entries/2,16,"After scouring Elturel for survivors and clashing with the denizens of Avernus, the characters encounter the valiant {@creature Ulder Ravengard|BGDIA}, who has been placed in the most unusual situation of defending a city he has long opposed. The beleaguered Ravengard urges the characters to do whatever they can to free Elturel and return what's left of it to Faerûn. To do so, they must scour Avernus for the means to destroy the Companion or break the enormous chains that shackle that city, as described in {@adventure chapter 3|BGDIA|3}.",
Failed Coup Consequences,政變失敗的後果,project-proposed,heading-only,BGDIA,211,data/9/entries/17/entries/6/entries/3/name,4,Failed Coup Consequences,
Failed Coup Details,未遂政變詳情,project-proposed,heading-only,BGDIA,211,data/9/entries/17/entries/6/entries/1/name,4,Failed Coup Details,
Failed Coup in Baldur's Gate,博德之門的未遂政變,project-proposed,heading-only,BGDIA,211,data/9/entries/17/entries/6/name,1,Failed Coup in Baldur's Gate,
Falaster Fisk,福萊斯特·菲斯克,project-proposed,heading-only,BGDIA,35,data/1/entries/10/entries/5/entries/13/entries/4/entries/0,15,"The {@item infernal puzzle box|BGDIA} is a new magic item described in {@adventure Appendix C|BGDIA|12}. Each puzzle box is unique in its design. This particular box belongs to {@creature Thavius Kreeg|BGDIA} and was entrusted to Duke Vanthampur for safekeeping. Curious to know what's inside the box, the duke gave it to Thurstwell—supposedly her smartest son—to see if he could open it, but he's had no luck so far. Thurstwell can be threatened into relinquishing the box, or it can easily be taken from him. However, opening the box is beyond the ability of any of the characters. Falaster Fisk, a spy imprisoned in the dungeon ({@area area V29|0d3|x}), can advise the characters that taking the box to {@area Candlekeep|0f1|x} is their best bet for learning what it contains. The box holds a copy of the contract Thavius forged with Zariel to doom the city of Elturel.",
Fall of Elturel,埃爾託瑞爾的隕落,project-proposed,heading-only,BGDIA,10,data/1/entries/3/name,3,Fall of Elturel,
Fall of Omu,奧穆的陷落,project-proposed,heading-only,ToA,92,data/3/entries/3/entries/3/entries/3/name,2,Fall of Omu,
Falling,墜落,existing-site,heading-only,BGDIA,5,data/0/entries/2/entries/1/entries/3,39,"To keep Baldur's Gate from falling into Zariel's clutches, the characters must take the shield far away from the city. Reya Mantlemorn, a young knight from Elturel, suspects that the Vanthampurs are sheltering {@creature Thavius Kreeg|BGDIA} at their estate and offers aid. Characters who storm Duke Vanthampur's villa find Thavius hidden in the dungeon below it. Thavius is helping Thalamra Vanthampur use the {@item Shield of the Hidden Lord|BGDIA} to bring about the fall of Baldur's Gate, in much the same fashion he used the Companion (see ""{@area The Companion|007|x}"") to doom Elturel. If the characters slay Thavius, his soul travels to the Nine Hells and re-forms as an amnizu devil on Avernus (see """"{@area Poor Devil: Thavius Kreeg|2b8|x}"").",
False Lever,假拉桿,project-proposed,heading-only,ToA,183,data/5/entries/10/entries/6/entries/3/entries/4/name,1,False Lever,
Falx,法爾克斯,project-proposed,canonical-name,ToA,85,data/2/entries/4/entries/47/entries/3/entries/0,2,"The voice calling to the party belongs to Thasselandra Bravewing, the ship's captain (NG female Halruaan human {@creature noble}). She explains the situation briefly before she weakens and her voice becomes too soft to hear from the ground. The other crash survivors include the ship's navigator, Ra-das (N male Halruaan human {@creature scout}); the master-of-arms, Falx Haranis (CN male Halruaan human {@creature veteran}); and three other crewmen named Brax, Nhar, and Veliod (N male Halruaan human {@creature Guard||guards}). Ra-das and Falx are in the stern section; the other NPCs are all in the midsection.",
Falx Haranis,法爾克斯·哈拉尼斯,project-proposed,canonical-name,ToA,85,data/2/entries/4/entries/47/entries/3/entries/0,1,"The voice calling to the party belongs to Thasselandra Bravewing, the ship's captain (NG female Halruaan human {@creature noble}). She explains the situation briefly before she weakens and her voice becomes too soft to hear from the ground. The other crash survivors include the ship's navigator, Ra-das (N male Halruaan human {@creature scout}); the master-of-arms, Falx Haranis (CN male Halruaan human {@creature veteran}); and three other crewmen named Brax, Nhar, and Veliod (N male Halruaan human {@creature Guard||guards}). Ra-das and Falx are in the stern section; the other NPCs are all in the midsection.",
Farewell,告別,existing-site,heading-only,BGDIA,72,data/2/entries/8/entries/4/entries/5/entries/1,7,"If she's still alive, Reya Mantlemorn decides to stay in Elturel and help Ravengard protect the city, fighting back tears as she bids farewell to the characters.",
Faroul and Gondolo,法魯爾和 岡多洛,project-proposed,heading-only,ToA,34,data/1/entries/12/entries/4/entries/7/name,2,Faroul and Gondolo,
Fealty (Archdevils),效忠（魔鬼大公）,project-proposed,heading-only,BGDIA,213,data/10/entries/6/entries/3/name,1,Fealty (Archdevils),
Features of Avernus,阿弗納斯的特徵,project-proposed,heading-only,BGDIA,76,data/3/entries/5/name,1,Features of Avernus,
Feline Agility,貓之迅捷,existing-site,heading-only,ToA,102,data/3/entries/4/entries/8/entries/3/entries/4/items/1,2,He has a climbing speed of 20 feet and the Feline Agility trait (see below).,
Felogyr's Fireworks,費洛吉爾的焰火,project-proposed,heading-only,BGDIA,188,data/9/entries/13/entries/5/entries/8/name,2,Felogyr's Fireworks,
Fenthaza,芬薩札,existing-site,heading-only,ToA,5,data/0/entries/1/entries/1/rows/11/0,45,{@creature Fenthaza|ToA},
Feonor,菲奧諾,existing-site,heading-only,BGDIA,90,data/3/entries/9/entries/0,10,"As the characters cross the wastelands of Avernus, they will likely run afoul of petty warlords scavenging for {@item Soul Coin|BGDIA|soul coins} and scrap metal to fuel and repair their infernal war machines. {@creature Mad Maggie|BGDIA} and {@creature Raggadragga|BGDIA} are two warlords whom the characters meet early on. The following sections describe three other warlords who prowl the Avernian wastes: a wingless {@creature horned devil} named {@creature Bitter Breath|BGDIA}, a human necromancer named {@creature Feonor|BGDIA}, and a {@creature chain devil} named {@creature Princeps Kovik|BGDIA}. These warlords are as cruel and merciless as the hell they inhabit. All share a ""survival of the fittest"" mentality.",
Fhet'Ahla,費特阿拉,project-proposed,canonical-name,BGDIA,130,data/6/entries/10/entries/7/entries/4/entries/0,6,"Fhet'Ahla, an {@creature amnizu|MTF}, provides {@creature Imp||imps} as couriers as well as a variety of spellcasting services for transmitting information over long distances. The more secure the means, however, the more expensive the service. Additionally, Fhet'Ahla acts as an exchange for {@item Soul Coin|BGDIA|soul coins}, offering 100 gp in coins or gemstones for each {@item soul coin|BGDIA} delivered, and can serve as an official notary for the signing of infernal contracts.",
Fiendish Variations,惡魔變體,project-proposed,heading-only,BGDIA,221,data/11/entries/5/name,1,Fiendish Variations,
Fighting Over a Host,爭奪宿主,project-proposed,heading-only,ToA,129,data/5/entries/4/entries/3/entries/0,2,"A trickster god never willingly leaves a host, but its spirit is forced out if a host dies or leaves the tomb, or if a host is targeted by the break enchantment function of the {@spell dispel evil and good} spell. A trickster god can also be forced out by another trickster god (see ""Fighting Over a Host"" below).",
Final Encounters in Baldur's Gate,博德之門的最終遭遇,project-proposed,heading-only,BGDIA,42,data/1/entries/12/name,1,Final Encounters in Baldur's Gate,
Find Artus Cimber,尋找阿圖斯·辛貝爾,project-proposed,heading-only,ToA,16,data/1/entries/7/entries/2/items/4/name,1,Find Artus Cimber,
Finding a Guide,尋找嚮導,project-proposed,heading-only,ToA,16,data/1/entries/7/entries/2/items/1/entries/0,11,"Rokah (N male Chultan human {@creature spy}) works for the Zhentarim. The Zhents believe that pirates have formed an alliance with the Flaming Fist. Rokah has orders to infiltrate Fort Beluarian and find proof so that the Zhentarim can blackmail the fort's commander. He asks the adventurers to escort him safely to the fort and create a distraction so that he can ransack the commander's quarters. As a reward, Rokah offers to cover the cost of a charter of exploration (50 gp), which the characters will almost certainly need if they want to avoid future confrontations with the Flaming Fist. Rokah also offers to introduce the characters to two wilderness guides—a pair tabaxi siblings named {@creature River Mist|ToA} and {@creature Flask of Wine|ToA} (see ""{@area Finding a Guide|08f|x}"")—and pay the guides' fees.",
Finding a Key,尋找鑰匙,project-proposed,heading-only,ToA,167,data/5/entries/8/entries/12/entries/3/entries/8/name,1,Finding a Key,
Finding a Skeleton Key,尋找一個骷髏鑰匙,project-proposed,heading-only,ToA,126,data/5/entries/3/entries/2/entries/3/entries/4/name,1,Finding a Skeleton Key,
Firefinger,火指,project-proposed,heading-only,ToA,6,data/0/entries/4/entries/6/entries/2,17,"In this adventure, three creatures know that the cause of the death curse lies in Omu: {@creature Grandfather Zitembe|ToA} in Port Nyanzaru, {@creature Valindra Shadowmantle|ToA} in the Heart of Ubtao, and Saja N'baza in Orolunga. Several creatures know Omu's location: the guides {@creature Eku|ToA} and {@creature Salida|ToA} in Port Nyanzaru, {@creature Valindra Shadowmantle|ToA} in the Heart of Ubtao, the aarakocra of Kir Sabal, Zalkoré of Nangalore, Saja N'baza in Orolunga, and the red dragon Tzindelor in Wyrmheart Mine. If the characters are unable to locate Omu or ascertain the source of the death curse, the following additional creatures might possess the knowledge they seek, at your discretion: Krr'ook in Dungrunglung, Nephyr in Firefinger, {@creature Nanny Pu'pu|ToA} in Mbala, Bwayes O'tamu in the wreck of the {@i Narwhal}, the survivors of the {@i Star Goddess} shipwreck, and Red Wizards under {@creature Valindra Shadowmantle|ToA}'s command.",
Firenewts,熔螈,existing-site,heading-only,ToA,42,data/2/entries/4/entries/5/entries/1,38,"Ataaz Yklwazi (""Gorge of Blades"") forms a gateway of sorts to the Valley of Lost Honor from the north. The valley is the domain of firenewts. They protect it by patrolling the gorge and ambushing any intruders they believe they're strong enough to defeat. A typical patrol consists of four {@creature Firenewt Warrior|VGM|firenewt warriors} mounted on {@creature Giant Strider|VGM|giant striders} (see {@adventure appendix D|ToA|9} for both creatures' statistics).",
Firesnake Forge,火蛇鍛爐,project-proposed,heading-only,BGDIA,129,data/6/entries/10/entries/7/entries/2/name,1,Firesnake Forge,
First Steps,第一步,project-proposed,heading-only,ToA,81,data/2/entries/4/entries/31/entries/3/name,1,First Steps,
Flail Snail,鏈枷蝸牛,existing-site,heading-only,ToA,92,data/3/entries/3/entries/4/entries/6,10,"All the while, Unkh the flail snail lived deep under the earth. The noise of the other animals fighting made her slither up to the surface, and when day dawned over her shell, the light blinded Ubtao and made his eyes water. Life returned to Omu, and the people built shrines to honor the animals who'd saved them.",
Flaming Fist,焰拳,project-proposed,heading-only,BGDIA,5,data/0/entries/2/entries/1/entries/1,204,"The characters are drafted by the Flaming Fist, the army of mercenaries tasked with protecting Baldur's Gate. Without Grand Duke {@creature Ulder Ravengard|BGDIA} to lead them, the Flaming Fist mercenaries are little more than glorified thugs. The characters' orders are to help maintain peace by rooting out and destroying followers of Bane, Bhaal, and Myrkul—evil gods collectively known as the Dead Three. These vile priests, assassins, and necromancers are murdering city folk at random, and the Flaming Fist is too distracted and disorganized to hunt them down and find their lair. In the course of their investigation, the characters learn that the Dead Three cultists are secretly being financed by Thalamra Vanthampur, one of three remaining dukes who preside over the government of Baldur's Gate, using money stolen from the hoard of Tiamat, the evil queen of dragons imprisoned in the Nine Hells.",烈焰之拳;烈焰拳頭;烈焰拳
Flesh Warping,肉體扭曲,existing-site,heading-only,BGDIA,118,data/5/entries/6/entries/12/name,6,Flesh Warping,
Floating Platforms,漂浮平臺,project-proposed,heading-only,ToA,151,data/5/entries/7/entries/11/entries/1,3,"Climbing the walls requires a successful {@dc 15} Strength ({@skill Athletics}) check. A crawlway is set into the northwest corner, at the same height as the balconies and floating platforms. Another crawlway extends off the east balcony. At the back of the west balcony, a staircase descends 10 feet to a landing and a secret door.",
Flood Trap,洪水陷阱,project-proposed,heading-only,ToA,159,data/5/entries/8/entries/4/entries/3/entries/2/name,1,Flood Trap,
Flora and Fauna,動植物分佈,project-proposed,heading-only,BGDIA,78,data/3/entries/5/entries/6/entries/0,5,"Wisdom ({@skill Survival}) checks to forage in Avernus are made at disadvantage. Water exists, but it tastes foul and is hard to find. Food can likewise be scrounged, but the flora and fauna taste revolting no matter the manner of preparation. Even rations brought to Avernus taste bitter and ashen.",
Flying,飛行,existing-site,heading-only,BGDIA,22,data/1/entries/8/entries/3/entries/12/entries/5,130,"The suit of armor is welded together and is harmless, but its gauntlets are detachable. Both gauntlets are animated objects statistically identical to {@creature Flying Sword||flying swords}, except they deal bludgeoning damage instead of slashing damage. The gauntlets detach from the armor and attack anyone who disturbs them or frees the prisoner from his shackles.",
Flying Monkeys,飛猴,project-proposed,heading-only,ToA,25,data/1/entries/9/entries/2/entries/5/entries/2,7,"{@creature Ifan Talro'a|ToA} (NE male Chultan human {@creature noble}) is a greedy, conniving man supported by influential and dangerous friends among the Zhentarim. He is jealous of {@creature Wakanga O'tamu|ToA}'s magical power and {@creature Ekene-Afa|ToA}'s reputation from the arena. Talro'a sells animals that can be trained as mounts or pets, including dinosaurs and flying monkeys. The yuan-ti of Omu secretly pay Talro'a to warn them if treasure hunters are headed south into the deep jungle. He uses flying snakes as messengers. Talro'a doesn't know for certain that the messages go to yuan-ti, but he strongly suspects it.",
Flying Shields,飛行盾牌,project-proposed,heading-only,ToA,121,data/4/entries/4/entries/13/entries/1,2,"At night, {@creature Ras Nsi|ToA} (see {@adventure appendix D|ToA|9}) rests here, weakened by the death curse that is slowly consuming him. If enemies corner {@creature Ras Nsi|ToA}, shields leap from the walls to protect him (see ""Flying Shields"" below). During waking hours, {@creature Ras Nsi|ToA} returns here only if he's in danger.",
Flying Snakes,飛蛇,project-proposed,heading-only,ToA,25,data/1/entries/9/entries/2/entries/5/entries/2,7,"{@creature Ifan Talro'a|ToA} (NE male Chultan human {@creature noble}) is a greedy, conniving man supported by influential and dangerous friends among the Zhentarim. He is jealous of {@creature Wakanga O'tamu|ToA}'s magical power and {@creature Ekene-Afa|ToA}'s reputation from the arena. Talro'a sells animals that can be trained as mounts or pets, including dinosaurs and flying monkeys. The yuan-ti of Omu secretly pay Talro'a to warn them if treasure hunters are headed south into the deep jungle. He uses flying snakes as messengers. Talro'a doesn't know for certain that the messages go to yuan-ti, but he strongly suspects it.",
Fog,霧,existing-site,heading-only,BGDIA,12,data/1/entries/6/entries/7/entries/7/title,20,"When the fog clears, Baldur's Gate shines on the shores of the Chionthar River",
Food and Drink,食物和飲品,existing-site,heading-only,BGDIA,34,data/1/entries/10/entries/5/entries/6/entries/0,6,Food and drink is stored on shelves in this musty room.,
Forbidden City,禁城,project-proposed,heading-only,ToA,7,data/0/entries/4/entries/8/entries/1/entries/0/rows/2/0,7,3. Dwellers of the Forbidden City,
Foreign Agents,外國代理人,project-proposed,heading-only,BGDIA,164,data/9/entries/7/entries/2/entries/5/entries/1/name,2,Foreign Agents,
Foreword,前言,project-proposed,heading-only,ToA,5,data/0/name,1,Foreword,
Forge Features,鍛爐特性,project-proposed,heading-only,BGDIA,113,data/5/entries/5/entries/7/name,1,Forge Features,
Forging the Blade of Avernus,鑄造阿弗納斯之刃,project-proposed,heading-only,BGDIA,150,data/8/entries/6/entries/2/name,1,Forging the Blade of Avernus,
Fort Beluarian,貝路利安堡,project-proposed,heading-only,BGDIA,10,data/1/entries/3/entries/2,56,"In the grand duke's absence, the government of Baldur's Gate continues to function under the three remaining dukes—Belynne Stelmane, Dillard Portyr, and Thalamra Vanthampur. Duke Portyr has gone so far as to recall his niece, Liara Portyr, from her post as commander of the Flaming Fist at Fort Beluarian in Chult, in the hopes that she can keep the Flaming Fist in check. However, it will take time for her ship to arrive. Meanwhile, refugees from Elturgard continue to arrive with dire claims that nothing remains of Elturel except a crater in the ground.",貝盧阿里安堡
Fort Knucklebone,指節骨要塞,project-proposed,heading-only,BGDIA,9,data/0/entries/5/entries/4/entries/2/items/0,32,"You can decide how long it takes for characters to get from one place to the next. For example, the characters might need to travel 6 miles to get from Fort Knucklebone to Haruman's Hill, and 60 miles to get from Haruman's Hill back to Fort Knucklebone.",
Founding Baldur's Gate,建立博德之門,project-proposed,heading-only,BGDIA,158,data/9/entries/4/entries/1/name,1,Founding Baldur's Gate,
Franchise & Global Brand Strategy,特許經營與全球品牌戰略,project-proposed,heading-only,BGDIA,,data/17/entries/0/items/21/name,1,Franchise & Global Brand Strategy,
Fresco 1,壁畫1,project-proposed,heading-only,ToA,154,data/5/entries/7/entries/16/entries/3/entries/1/name,1,Fresco 1,
Fresco 2,壁畫2,project-proposed,heading-only,ToA,154,data/5/entries/7/entries/16/entries/3/entries/2/name,1,Fresco 2,
Fresco 3,壁畫3,project-proposed,heading-only,ToA,154,data/5/entries/7/entries/16/entries/3/entries/3/name,1,Fresco 3,
Fresco 4,壁畫4,project-proposed,heading-only,ToA,155,data/5/entries/7/entries/16/entries/3/entries/4/name,1,Fresco 4,
Frescoes,壁畫,project-proposed,heading-only,BGDIA,20,data/1/entries/8/entries/3/entries/2/entries/2/entries/0,14,"The walls of this twenty-foot-high pillared chamber are adorned with frescoes of bathing royalty. Natural light streams through stained-glass windows, creating colorful patterns on the tiles of polished blue marble that cover the floor. Three shallow, sunken pools contain scintillating perfume-scented water. White marble benches bearing stacks of dry towels are situated near the pools, each of which comes equipped with a pair of brass faucets.",
From Here to Avernus,從這裡到阿弗納斯,project-proposed,heading-only,BGDIA,130,data/6/entries/10/entries/7/entries/4/name,1,From Here to Avernus,
Frost Giant Search Parties,霜巨人搜尋隊,project-proposed,heading-only,ToA,64,data/2/entries/4/entries/16/entries/4/name,1,Frost Giant Search Parties,
Frost Giants,霜巨人,project-proposed,heading-only,BGDIA,104,data/4/entries/7/entries/5,31,"Frost giants who forsake their gods and turn to demon worship can summon {@creature Kostchtchie|BGDIA} with bloody offerings left on altars of hewn ice. If the demon lord chooses to answer the giants' call, he hunts and fights alongside them for a time, infecting the frost giants with savage madness and bloodlust before disappearing back to the Abyss. {@creature Kostchtchie|BGDIA|Kostchtchie's} favored weapon is {@item Matalotok|BGDIA}, a warhammer forged by the frost giant god Thrym (see {@adventure appendix C|BGDIA|12} for more information about this legendary magic item).",
G'lyh'rul,格利赫魯爾,project-proposed,canonical-name,ToA,174,data/5/entries/9/entries/10/entries/4/entries/0,2,"An {@creature aboleth} named G'lyh'rul (guh-LEE-rool) lives in the lake. When {@creature Acererak|ToA} enslaved it, the aboleth lost its mind and developed a split personality. Its dominant aspect awaits the coming of the death god, which it believes heralds the fall of divinity. Until that day, the aboleth humbly obeys {@creature Withers|ToA} (whom the creature refers to by his original name of Gorra) and attacks anyone seeking to prevent the atropal's ascension. The aboleth's other personality is that of a humanoid child—harmless, gleeful, and insanely curious. In this state of mind, the aboleth poses no threat to anyone and flees if attacked. Roll any die to determine which personality is dominant at any given time. On an even result, the aboleth's childlike personality is dominant.",
G1. Walk of Bravery,G1. 勇氣步道,project-proposed,heading-only,BGDIA,66,data/2/entries/7/entries/8/entries/4/name,1,G1. Walk of Bravery,
G10. Meditation Chamber,G10. 冥想室,project-proposed,heading-only,BGDIA,69,data/2/entries/7/entries/8/entries/13/name,1,G10. Meditation Chamber,
G11. Vault of Honor,G11. 榮譽寶庫,project-proposed,heading-only,BGDIA,69,data/2/entries/7/entries/8/entries/14/name,1,G11. Vault of Honor,
G12. Vault of Ascendance,G12. 飛昇之室,project-proposed,heading-only,BGDIA,69,data/2/entries/7/entries/8/entries/15/name,1,G12. Vault of Ascendance,
G2. Chapel of Light,G2. 光之教堂,project-proposed,heading-only,BGDIA,66,data/2/entries/7/entries/8/entries/5/name,1,G2. Chapel of Light,
G3. Chapel of Mourning,G3. 哀悼教堂,project-proposed,heading-only,BGDIA,66,data/2/entries/7/entries/8/entries/6/name,1,G3. Chapel of Mourning,
G4. Vestment Chamber,G4. 聖衣間,project-proposed,heading-only,BGDIA,67,data/2/entries/7/entries/8/entries/7/name,1,G4. Vestment Chamber,
G5. Gideon's Quarters,G5. 吉迪恩的住處,project-proposed,heading-only,BGDIA,67,data/2/entries/7/entries/8/entries/8/name,1,G5. Gideon's Quarters,
G6. Undead Pit,G6. 亡靈坑窪,project-proposed,heading-only,BGDIA,68,data/2/entries/7/entries/8/entries/9/name,1,G6. Undead Pit,
G7. Workshop,G7. 工作室,project-proposed,heading-only,BGDIA,68,data/2/entries/7/entries/8/entries/10/name,1,G7. Workshop,
G8. Ossuary of the Faithful,G8. 虔敬藏骨堂,project-proposed,heading-only,BGDIA,68,data/2/entries/7/entries/8/entries/11/name,1,G8. Ossuary of the Faithful,
G9. Main Ossuary,G9. 主藏骨堂,project-proposed,heading-only,BGDIA,68,data/2/entries/7/entries/8/entries/12/name,1,G9. Main Ossuary,
Garden Discoveries,花園發現,project-proposed,heading-only,ToA,77,data/2/entries/4/entries/27/entries/10/entries/5/name,3,Garden Discoveries,
Gargauth,加葛斯,project-proposed,heading-only,BGDIA,5,data/0/entries/2/entries/1/entries/2,35,"With Grand Duke {@creature Ulder Ravengard|BGDIA} out of the way, Thalamra is paying the Dead Three to shatter confidence in the Flaming Fist so that all payments to the decapitated organization can be cut off. Thalamra, a devout disciple of the archdevil Zariel, has brokered a deal that will enable her to claim the role of grand duke once the Flaming Fist disbands, paving the way for the city's descent into Avernus. To accomplish this last goal, Thalamra needs an artifact called the {@item Shield of the Hidden Lord|BGDIA}, imprisoned in which is a pit fiend named Gargauth. Until recently, the shield was sealed in a tomb under the city, but Thalamra's sons recently stole it and transported it to the dungeon below their villa. So corrupt is the shield that its mere presence in Baldur's Gate has contributed to the city's moral decay for decades.",加爾高斯
Gargauth and the Shield,加葛斯和盾牌,project-proposed,heading-only,BGDIA,47,data/1/entries/14/entries/6/entries/6/name,1,Gargauth and the Shield,
Gargoyles,石像鬼,project-proposed,heading-only,ToA,12,data/0/entries/6/entries/3/entries/4/entries/1,26,"Aarakocra strive to defend the land against the forces of evil. They have a reputation for aiding explorers who are lost, sick, or in some other trouble, provided those explorers aren't intent on plundering Chult's natural resources or exploiting its inhabitants. The aarakocra are natural enemies of pterafolk and the gargoyles of Omu.",
Garmult's House of Mastery,加穆爾特武藝館,project-proposed,heading-only,BGDIA,189,data/9/entries/13/entries/5/entries/9/name,1,Garmult's House of Mastery,加穆爾特的精通之屋
Garoknul,加羅克努爾,project-proposed,canonical-name,BGDIA,142,data/7/entries/6/entries/4/entries/2/entries/2,5,"The terrified animals and townsfolk dart through Idyllglen, chased by Garoknul, a unique demon in the service of Yeenoghu. Use the {@creature marilith} stat block to represent Garoknul. The fleeing beasts and townsfolk disappear when they reach the edge of the map. Garoknul stops its chase to battle the characters. If reduced to 50 hit points or fewer, Garoknul uses its next action to teleport away.",
Garynmor Stables and Menagerie,加里姆諾馬廄和動物園,project-proposed,heading-only,BGDIA,194,data/9/entries/14/entries/5/entries/2/rows/3/1,2,"Ubis Garynmor of Garynmor Stables and Menagerie goes from alley to alley, hooting. If asked what he's doing, he grudgingly admits that something got loose from his stable.",
Gates,大門,project-proposed,heading-only,BGDIA,5,data/0/entries/2/entries/1/entries/0,66,"{@adventure Chapter 1|BGDIA|1} begins in the independent city of Baldur's Gate, where the characters find themselves trapped behind the city's walls after the gates are sealed to keep out hundreds of refugees from the neighboring land of Elturgard. However, the gates can't hold back news that Elturgard's capital has fallen, and that Grand Duke {@creature Ulder Ravengard|BGDIA} of Baldur's Gate is missing—lost on a diplomatic mission to Elturel. The fact that Elturel's misfortune coincided with Ravengard's visit has left Baldurians wondering whether Baldur's Gate will suffer Elturel's fate.",
Gathering Information,收集資訊,project-proposed,heading-only,ToA,31,data/1/entries/12/entries/1/items/3,3,Gathering information,
Gehenna Wardrobe,焦炎火獄衣櫃,project-proposed,heading-only,ToA,169,data/5/entries/9/entries/5/entries/6/name,1,Gehenna Wardrobe,
General Features,通用特徵,project-proposed,heading-only,BGDIA,140,data/7/entries/6/entries/2/entries/0,2,The town of Idyllglen has the following general features.,
Getting Inside,進入內部,project-proposed,heading-only,ToA,112,data/4/entries/3/name,1,Getting Inside,
Getting to Avernus,前往阿弗納斯,project-proposed,heading-only,BGDIA,50,data/1/entries/15/name,1,Getting to Avernus,
Getting to the Villa,前往別墅,project-proposed,heading-only,BGDIA,32,data/1/entries/10/entries/2/name,1,Getting to the Villa,
Ghastly Meal,恐怖大餐,project-proposed,heading-only,BGDIA,54,data/2/entries/5/entries/9/entries/3/rows/2/1,2,{@area Ghastly meal|11d|x},
Ghom,戈姆,project-proposed,canonical-name,ToA,175,data/5/entries/9/entries/12/entries/2,6,"The murals on the walls tell the story of Ch'gakare (pronounced chuh-GAH-kah-ree), a Chultan warrior who stole his king's prized steed: a mastodon named Ghom. As punishment, the king's sorcerers banished Ch'gakare and Ghom to the Nine Hells, but the two fought their way back home. On his return, Ch'gakare chopped off the king's head and turned his skull into a jeweled chalice. Any character who studies the murals and succeeds on a {@dc 15} Intelligence ({@skill History}) check recognizes the legend and can recount it. The murals show Ch'gakare and Ghom fighting spined devils, bearded devils, barbed devils, horned devils, and erinyes.",郭姆
Ghoul Hunters.,食屍鬼獵人,project-proposed,heading-only,ToA,56,data/2/entries/4/entries/12/entries/18/entries/3/entries/1/items/0/name,1,Ghoul Hunters.,
Ghoul Pack,食屍鬼群,project-proposed,heading-only,BGDIA,54,data/2/entries/5/entries/9/entries/3/rows/3/1,3,{@area Ghoul pack|11e|x},
Ghouls,食屍鬼們,existing-site,heading-only,BGDIA,55,data/2/entries/5/entries/9/entries/7/entries/0,30,"Seven {@creature Ghoul||ghouls} roam the streets of Elturel, looking for their next meal. Their leader, formerly an adventuring rogue, wears magical {@item studded leather armor|PHB} that increases its AC to 13 (see ""Treasure"" below). These former citizens of the city died when Elturel was drawn into Avernus. Their souls were corrupted by the terrible power of the plane, leaving them in these undead forms.",
Giant Boars,鉅野豬,project-proposed,heading-only,ToA,194,data/7/entries/2/entries/4/rows/39/0,3,{@area Giant boars|5c9|x},
Giant Cobra Statue,巨型眼鏡蛇雕像,project-proposed,heading-only,ToA,116,data/4/entries/4/entries/3/entries/5/name,1,Giant Cobra Statue,
Giant Crocodile,巨鱷,existing-site,heading-only,ToA,107,data/3/entries/4/entries/17/entries/2/entries/1,6,"Four hungry {@creature Crocodile||crocodiles} lurk in the shrine's flooded courtyard. These creatures are the offspring of a {@creature giant crocodile} that nests to the rear of the shrine. If the characters attack the crocodiles, their mother joins the fray 2 rounds later.",
Giant Frogs,巨蛙,project-proposed,heading-only,ToA,194,data/7/entries/2/entries/4/rows/41/0,3,{@area Giant frogs|5cb|x},
Giant Hyena and Mastiff,巨鬣狗與獒犬,project-proposed,heading-only,BGDIA,142,data/7/entries/6/entries/4/entries/1/entries/5/name,1,Giant Hyena and Mastiff,
Giant Lizards,巨蜥,project-proposed,heading-only,ToA,194,data/7/entries/2/entries/4/rows/42/0,3,{@area Giant lizards|5cc|x},
Giant Scorpions,巨蠍,project-proposed,heading-only,ToA,40,data/2/entries/3/entries/5/entries/2/entries/1,4,"A giant or humanoid that takes damage from insect swarms or from giant centipedes, giant scorpions, or giant wasps is exposed to the disease at the end of the encounter. Those who haven't applied insect repellent since their previous long rest are exposed to the disease when they finish a long rest.",
Giant Snapping Turtle,巨鱷龜,existing-site,heading-only,BGDIA,171,data/9/entries/10/entries/2/entries/6/entries/2/entries/0,6,"The kingpin of the Twin Songs Faithless runs one of the city's best smuggling operations, slipping goods into the city along the Chionthar River and over Dusthawk Hill. The seventy-year-old claims to have been attacked by the infamous (and doubtfully real) Ol' Cholms, a giant snapping turtle rumored to sleep at the bottom of Gray Harbor. To prove his story, Straightstick uses a splinted old ferry pole as a crutch. Recently, the kingpin has grown bitter about his position, believing he deserves a territory within Baldur's Gate proper. He's planning an attack on Brampton, the destination of much of his smuggling and the territory of his ex-wife, Diamond Urchin.",
Giant Wasps,巨黃蜂,project-proposed,heading-only,ToA,40,data/2/entries/3/entries/5/entries/2/entries/1,6,"A giant or humanoid that takes damage from insect swarms or from giant centipedes, giant scorpions, or giant wasps is exposed to the disease at the end of the encounter. Those who haven't applied insect repellent since their previous long rest are exposed to the disease when they finish a long rest.",
Giant Wolf Spiders,巨狼蛛,project-proposed,heading-only,ToA,52,data/2/entries/4/entries/11/entries/10/entries/1,4,"The pterafolk don't use this cave, the most prominent feature of which is a 10-foot-deep pit. The shortest distance across the pit where characters can use a long jump is 15 feet. Climbing into or out of the pit is easy and requires a successful {@dc 5} Strength ({@skill Athletics}) check. However, the first character who enters the pit disturbs four {@creature Giant Wolf Spider||giant wolf spiders} that nest in crevices along the pit walls. Only a character with a passive Wisdom ({@skill Perception}) score of 17 or higher is not {@status surprised} when the spiders attack.",
Gideon Lightward,吉迪恩·萊特沃德,existing-site,heading-only,BGDIA,64,data/2/entries/7/entries/4,6,"When Elturel was pulled into Avernus, the cemetery's flowers wilted and its stone monuments cracked. Then {@creature Gideon Lightward|BGDIA}, a priest loyal to Zariel, used the dark energy of the Companion to raise the city's dead as his minions. At the same time, a magical effect in the ossuary level beneath the cemetery's chapel gave demons access to an intermittently operational portal they could use to enter the city. So far, only a few demons have arrived, but more will come if it's not closed soon.",
Gideon's Testament,吉迪恩的遺囑,project-proposed,heading-only,BGDIA,67,data/2/entries/7/entries/8/entries/8/entries/3/name,1,Gideon's Testament,
Girallons,四臂猿怪,project-proposed,heading-only,ToA,194,data/7/entries/2/entries/4/rows/46/0,6,{@area Girallons|5d0|x},
Glass Cauldrons,玻璃大鍋,project-proposed,heading-only,ToA,142,data/5/entries/6/entries/6/entries/0/entries/0,4,"Six glass cauldrons brimming with humanoid bones line the walls of this tomb, at the center of which stands an ancient chariot bearing a bronze sarcophagus with treasure strewn atop it. Paintings on the chariot's body show a tall bird with a long, sharp beak. On the south wall, a bronze shield bears the embossed image of a Chultan warrior carrying a spear, below an inscription that reads, ""Bow before no one."" Four bronze statues stand on pedestals to either side of the shield. They depict Chultan warriors: one holding a sword, two with spears, and one missing its face.",
Glyph of Warding,守衛刻文,existing-site,heading-only,ToA,46,data/2/entries/4/entries/7/entries/15/entries/0,9,"To reach this door, characters must climb another 7-foot-high ledge, above which the ceiling is 9 feet high. A wooden door at the back of the ledge has no apparent handle or latch. To open it, the four lit-up squares must be touched, in order from bottom to top, by a rider/carrier team emulating Man and Crocodile. The bottom two squares must be touched by the carrier and the top two by the rider. If the squares are pressed correctly, the door swings open into area 6E. If wrong squares are pressed, the squares are pressed in the wrong order, or they're pressed by the wrong people, a {@spell glyph of warding} on the door triggers a {@spell thunderwave} spell. Finding the glyph requires a thorough search of the door and a successful {@dc 13} Intelligence ({@skill Investigation}) check. Every creature on the ledge when the spell triggers must make a {@dc 13} Constitution saving throw. On a failed save, a creature takes 9 ({@dice 2d8}) thunder damage, is pushed 10 feet away from the door, and falls into area 6C, setting off the trap there. A creature that succeeds on the save takes half damage and is not pushed.",
Gnolls,鬣狗人,existing-site,heading-only,BGDIA,138,data/7/entries/4/entries/3/entries/11/entries/1/entries/0,24,A nine-foot-tall statue of a hulking biped with clawed hands and feet stands on the floor of this chamber. Three vulture-like demons and six gnolls cackle as they dance around the statue.,
Goblin Behnie,地精貝尼,project-proposed,heading-only,BGDIA,171,data/9/entries/10/entries/2/entries/6/entries/1/name,3,Goblin Behnie,
Goblins,地精,existing-site,heading-only,BGDIA,201,data/9/entries/15/entries/4/rows/4/1,48,1 {@creature goblin boss} and {@dice 3d6} {@creature Goblin||goblins},
God Statues,神像,project-proposed,heading-only,ToA,153,data/5/entries/7/entries/13/entries/3/name,1,God Statues,
Gods of Chult,楚爾特的神祇,project-proposed,heading-only,ToA,14,data/0/entries/6/entries/3/entries/13/entries/3/name,1,Gods of Chult,
Gold Key,金鑰匙,project-proposed,heading-only,ToA,138,data/5/entries/5/entries/18/entries/2/entries/1,2,"Opening any chest reveals a 3-inch-long gold key protruding from an adamantine keyhole set into the underside of the chest's lid. The key cannot be removed, and adamantine clamps prevent it from being turned while the chest is open. When the chest lid closes, a muffled click sounds from within the lid as the clamps around the key release. Any character who climbs inside a chest and closes its lid can turn its golden key with ease.",
Gold Lever,金色槓桿,project-proposed,heading-only,ToA,170,data/5/entries/9/entries/6/entries/0/entries/0,4,"A four-foot-high, seven-foot-wide iron lectern in the middle of this rusty, iron-plated room is topped by a slanted control panel. Set into the control panel are a gold lever with a star-shaped handle, two dials in red and blue, and two buttons of the same colors. Wall engravings behind the control panel show five groups of circles, with a small crystal embedded in the wall under each one. The crystal under the configuration labeled ""3"" glows bright green. Three six-inch-diameter rusty iron pipes jut from the wall above the engravings.",
Golden Doom,黃金厄運,project-proposed,heading-only,BGDIA,91,data/3/entries/9/entries/6/entries/3/name,2,Golden Doom,
Golden Mastodon,金色猛獁象,project-proposed,heading-only,BGDIA,44,data/1/entries/13/entries/5/entries/1/entries/3,7,"""The High Rider sent out the riders of Elturel, now numbering many thousands, with Zariel at their head, riding a golden mastodon. With a great cry, Zariel and her army charged through the gate. The legions of Avernus trembled and buckled, but did not crumble. Zariel was defeated, and the remnants of her army returned to Elturel, overcome with grief at the loss of their glorious general but confident that the lords of the Nine Hells would think twice about threatening Elturel again.",
Golden Sun,金色太陽,project-proposed,heading-only,ToA,164,data/5/entries/8/entries/10/entries/2,2,"A {@spell detect magic} spell or similar effect reveals auras of evocation magic around the golden sun and the bejeweled cockroach (see ""Treasure"" below).",
Golden Trail and Secret Door,金色小徑和秘密門,project-proposed,heading-only,ToA,188,data/5/entries/10/entries/10/entries/4/name,1,Golden Trail and Secret Door,
Goldenthrone,黃金王座,project-proposed,canonical-name,ToA,16,data/1/entries/7/entries/2/items/5/entries/0,6,"Omala (N male Chultan human {@creature commoner}) is a master colorist at the dye works (area 23). He recently bought some dancing monkey fruit on the black market and used them to make and sell dye. Shortly thereafter, he received an iron token from the Ytepka Society—a grim warning. He wishes to atone for his crime and seeks an audience with Kwayothé, the merchant prince who controls the legal sale of fruit. Fearing for his life, Omala asks the adventurers to accompany him to Goldenthrone (see {@area area 4|039|x}), where he plans to beg for Kwayothé's forgiveness. He has no money to offer the characters as a reward. Kwayothé is willing to forgive Omala's lapse in judgment provided the characters agree to kill a man named {@creature Shago|ToA} within the next 10 days—no questions asked—and speak of the deed to no one. Kwayothé tells them that {@creature Shago|ToA} works as a guide out of Fort Beluarian. If the characters fail in this task, Kwayothé has Omala sentenced to Executioner's Run (see {@area area 2|036|x}) for his crime.",
Gond,貢德,existing-site,heading-only,BGDIA,159,data/9/entries/5/entries/8/entries/5,20,"Religions: Gond, Tymora, Umberlee, any other law-abiding faith, cults of the Dead Three",
Gorra,戈拉,project-proposed,canonical-name,ToA,145,data/5/entries/6/entries/12/entries/2,7,"Before he was turned into an undead creature, {@creature Withers|ToA} was an Omuan engineer named Gorra. Like all of Omu's citizens, Gorra was enslaved and put to work constructing the tomb. When {@creature Acererak|ToA} sacrificed his workers to their own dungeon, Gorra's traps performed the best. This pleased the archlich enough that he transformed Gorra into a {@creature wight}, with these changes:",
Gorvax,戈瓦克斯,project-proposed,canonical-name,ToA,118,data/4/entries/4/entries/8/entries/3/entries/2/entries/1/items/4,1,"Gorvax, a {@creature firenewt warrior|VGM} (see {@adventure appendix D|ToA|9}) is eager to escape and return to the Valley of Lost Honor.",
Government,政治,project-proposed,heading-only,BGDIA,5,data/0/entries/2/entries/1/entries/1,23,"The characters are drafted by the Flaming Fist, the army of mercenaries tasked with protecting Baldur's Gate. Without Grand Duke {@creature Ulder Ravengard|BGDIA} to lead them, the Flaming Fist mercenaries are little more than glorified thugs. The characters' orders are to help maintain peace by rooting out and destroying followers of Bane, Bhaal, and Myrkul—evil gods collectively known as the Dead Three. These vile priests, assassins, and necromancers are murdering city folk at random, and the Flaming Fist is too distracted and disorganized to hunt them down and find their lair. In the course of their investigation, the characters learn that the Dead Three cultists are secretly being financed by Thalamra Vanthampur, one of three remaining dukes who preside over the government of Baldur's Gate, using money stolen from the hoard of Tiamat, the evil queen of dragons imprisoned in the Nine Hells.",
Grand Cemetery,大墓地,project-proposed,heading-only,BGDIA,52,data/2/entries/4/entries/2,8,"NPC survivors cowering in the crypts under the High Hall cathedral urge the characters to locate Grand Duke {@creature Ulder Ravengard|BGDIA} of Baldur's Gate, who has emerged as Elturel's unlikeliest savior. This quest leads the characters to the chapel in Elturel's grand cemetery, where {@creature Ulder Ravengard|BGDIA} has fallen into a psychic coma after coming into telepathic contact with the demon lord Baphomet. After seeing Ravengard safely back to the High Hall and ridding him of his malady, the characters should be 7th level and ready to leave Elturel in search of the means to free the city from its chains and return what's left of it to Faerûn.",
Grand Duke Ulder Ravengard,烏爾德·瑞文嘉德大公爵,project-proposed,heading-only,BGDIA,161,data/9/entries/6/entries/2/entries/1/name,4,Grand Duke Ulder Ravengard,
Graphic Designer,平面設計師,project-proposed,heading-only,ToA,,data/12/entries/0/entries/0/items/10/name,1,Graphic Designer,
Graphic Designers,平面設計師,project-proposed,heading-only,BGDIA,,data/17/entries/0/items/7/name,1,Graphic Designers,
Gravemaker,掘墓幫成員,project-proposed,canonical-name,BGDIA,194,data/9/entries/14/entries/5/entries/2/rows/0/1,1,"A member of the Gravemaker crew from Cliffside Cemetery calmly asks if the party saw a woman in an old-fashioned dress pass by. If pressed for more details, he says she was ""see-through.""",
Gravemakers,掘墓幫,project-proposed,canonical-name,BGDIA,164,data/9/entries/7/entries/2/entries/3,7,"Some crews are simply neighborhood-based, their association based on territory rather than trade, such as the Right Pashas of Little Calimshan, the Crossed of Wyrm's Crossing, the Gravemakers of Tumbledown, or the Bloomridge Dandies.",
Gray Harbor,灰港,project-proposed,heading-only,BGDIA,158,data/9/entries/4/entries/1/entries/0,12,"Centuries ago, the hero Balduran spent years questing in lands across the Sea of Swords and beyond. When finally he returned to his village of Gray Harbor, he brought fantastic wealth with him, much of which he gifted to friends and family. These boons greatly improved Gray Harbor's fortunes, launching businesses, expanding its docks, and seeing the creation of a defensive wall around the town. In honor of their heroic patron, the citizens came to call one of their new wall's passages Baldur's Gate. Within a generation, though, the gate became synonymous with the community, and the settlement known as Baldur's Gate began appearing on maps of the Sword Coast.",
Great Stone Gears,巨石齒輪,project-proposed,heading-only,ToA,168,data/5/entries/9/entries/2/entries/1/name,1,Great Stone Gears,
Greater Devils,上級魔鬼,existing-site,heading-only,BGDIA,8,data/0/entries/4/entries/5/entries/4,7,"{@b Deviousness}. Devils don't age, so there's rarely a sense of urgency with a devil as it plots its conquest or corruption of a soul. This allows for winding schemes that are rarely what they seem on the surface. For minor devils, a simple acceptance of an evil gift is enough, while greater devils enjoy tangling up characters in choices that compromise their values.",
Green Devil Face,綠色魔鬼面具,project-proposed,heading-only,ToA,158,data/5/entries/8/entries/3/entries/0/entries/0,3,"A six-foot-tall green devil face is carved into the far end of this hallway, its mouth agape. Painted murals on the walls show faceless humanoid figures doubled over in pain, clutching at their heads and ears.",
Green Key,綠色鑰匙,project-proposed,heading-only,ToA,167,data/5/entries/8/entries/12/entries/7/entries/4/name,1,Green Key,
Green Lights,綠光,project-proposed,heading-only,BGDIA,178,data/9/entries/12/entries/11/entries/3/name,2,Green Lights in the Fog,
Green Lights in the Fog,霧中的綠光,project-proposed,heading-only,BGDIA,178,data/9/entries/12/entries/11/entries/3/name,1,Green Lights in the Fog,
Groak,格羅克,project-proposed,canonical-name,ToA,49,data/2/entries/4/entries/10/entries/0,34,"The grungs of Dungrunglung (map 2.5) toil under the tyranny of their despotic king, Groak, who is obsessed with summoning the goddess Nangnang and mating with her. To please their king, the grungs have erected a 60-foot-tall mud shrine, where Groak plans to woo the goddess and where she, in turn, can bless him with generations of god-touched, royal Groaklings.",
Group 1: Abishai and Cultists,第一組：亞比莎龍魔和邪教徒,project-proposed,heading-only,BGDIA,59,data/2/entries/6/entries/4/entries/4/name,1,Group 1: Abishai and Cultists,
Group 2: Crab Attack,第二組：蟹群攻擊,project-proposed,heading-only,BGDIA,59,data/2/entries/6/entries/4/entries/5/name,1,Group 2: Crab Attack,
Group 3: Devilish Brigands,第三組：魔鬼強盜,project-proposed,heading-only,BGDIA,60,data/2/entries/6/entries/4/entries/6/name,1,Group 3: Devilish Brigands,
Group 4: Hellish Hunters,第四組：地獄獵人,project-proposed,heading-only,BGDIA,60,data/2/entries/6/entries/4/entries/7/name,1,Group 4: Hellish Hunters,
Grungs,格龍蛙人們,existing-site,heading-only,ToA,11,data/0/entries/6/entries/3/entries/0,58,"Members of every race and nationality of Faerûn can be found in Port Nyanzaru, but few of them ever travel more than a hundred yards beyond the city walls. The native peoples must be divided into those that are commonly known and those whose presence is legendary or only suspected. The first group consists of Chultans (humans), aarakocra, Batiri (goblins), dwarves (including albino dwarves), pterafolk, and tabaxi. In the second category, weretigers are suspected to be present in small numbers; explorers and hunters sometimes report seeing grungs (frog folk) deep in the jungle; and yuan-ti are rumored to be making a resurgence in remote areas.",
Grungs of Dungrunglung,Dungrunglung的Grungs,project-proposed,heading-only,ToA,49,data/2/entries/4/entries/10/entries/0,7,"The grungs of Dungrunglung (map 2.5) toil under the tyranny of their despotic king, Groak, who is obsessed with summoning the goddess Nangnang and mating with her. To please their king, the grungs have erected a 60-foot-tall mud shrine, where Groak plans to woo the goddess and where she, in turn, can bless him with generations of god-touched, royal Groaklings.",
Gruta,格魯塔,project-proposed,canonical-name,ToA,54,data/2/entries/4/entries/12/entries/3,7,"Commanding Fort Beluarian is a lawful evil Flaming Fist blaze (major) named {@creature Liara Portyr|ToA} (see {@adventure appendix D|ToA|9}), who answers directly to Grand Duke Ulder Ravengard of Baldur's Gate. Liara is 47 years old and has held her post for the past three years. To her, a posting in Chult feels like a test of mettle, but to many of her subordinates, it feels like banishment. The garrison consists of a castellan named Gruta Halsdottir (LN female Illuskan human {@creature knight}), three corporals ({@creature Veteran||veterans}), and fifty-four privates ({@creature Guard||guards}). The garrison operates in three eight-hour shifts, with one {@creature Veteran||corporal} (gauntlet) and eighteen {@creature Guard||privates} (fists) on duty during each shift.",
Gruta Halsdottir,格魯塔·哈爾斯多蒂爾,project-proposed,canonical-name,ToA,54,data/2/entries/4/entries/12/entries/3,4,"Commanding Fort Beluarian is a lawful evil Flaming Fist blaze (major) named {@creature Liara Portyr|ToA} (see {@adventure appendix D|ToA|9}), who answers directly to Grand Duke Ulder Ravengard of Baldur's Gate. Liara is 47 years old and has held her post for the past three years. To her, a posting in Chult feels like a test of mettle, but to many of her subordinates, it feels like banishment. The garrison consists of a castellan named Gruta Halsdottir (LN female Illuskan human {@creature knight}), three corporals ({@creature Veteran||veterans}), and fifty-four privates ({@creature Guard||guards}). The garrison operates in three eight-hour shifts, with one {@creature Veteran||corporal} (gauntlet) and eighteen {@creature Guard||privates} (fists) on duty during each shift.",
Guard Reactions,守衛反應,project-proposed,heading-only,BGDIA,163,data/9/entries/6/entries/4/name,1,Guard Reactions,
Guides,嚮導,project-proposed,heading-only,BGDIA,74,data/3/entries/3/entries/1,53,"The story picks up where it left off in {@adventure chapter 2|BGDIA|2}, with the characters embarking on a quest to save Elturel while {@creature Ulder Ravengard|BGDIA} and Reya Mantlemorn stay behind to organize survivors and defend the city. {@creature Lulu|BGDIA} guides the characters to Fort Knucklebone, home to a pair of kenku junk scavengers named {@creature Chukka|BGDIA} and {@creature Clonk|BGDIA}, whom {@creature Lulu|BGDIA} thinks can provide assistance. {@creature Mad Maggie|BGDIA}, the night hag who runs the fort, oversees the construction and repair of infernal war machines. If the characters agree to make a deal with the night hag, they can acquire one or more of these vehicles. {@creature Mad Maggie|BGDIA} can also help {@creature Lulu|BGDIA} unlock some of her forgotten memories.",
Guides as Party Members,嚮導作為隊伍成員,project-proposed,heading-only,ToA,33,data/1/entries/12/entries/4/entries/4/name,1,Guides as Party Members,
H1. Hall of Heroes,H1. 英雄大廳,project-proposed,heading-only,BGDIA,60,data/2/entries/6/entries/5/entries/3/name,1,H1. Hall of Heroes,
H10. Recessed Mausoleums,H10. 壁龕陵墓,project-proposed,heading-only,BGDIA,62,data/2/entries/6/entries/5/entries/12/name,1,H10. Recessed Mausoleums,
H11. Vaults,H11. 地窖,project-proposed,heading-only,BGDIA,62,data/2/entries/6/entries/5/entries/13/name,1,H11. Vaults,
H12. Temple of the Highest,H12. 至高神殿,project-proposed,heading-only,BGDIA,62,data/2/entries/6/entries/5/entries/14/name,1,H12. Temple of the Highest,
H13. Hall of Scholars,H13. 學者大廳,project-proposed,heading-only,BGDIA,63,data/2/entries/6/entries/5/entries/15/name,1,H13. Hall of Scholars,
H14. Chamber of Torm's Council,H14. 託姆議會的議事廳,project-proposed,heading-only,BGDIA,63,data/2/entries/6/entries/5/entries/16/name,1,H14. Chamber of Torm's Council,
H15. Unknown Hero,H15. 無名英雄,project-proposed,heading-only,BGDIA,63,data/2/entries/6/entries/5/entries/17/name,1,H15. Unknown Hero,
H16. Main Crypts,H16. 主墓穴,project-proposed,heading-only,BGDIA,63,data/2/entries/6/entries/5/entries/18/name,1,H16. Main Crypts,
H17. Escape Tunnel,H17. 逃生隧道,project-proposed,heading-only,BGDIA,64,data/2/entries/6/entries/5/entries/19/name,1,H17. Escape Tunnel,
H2. Grand Foyer,H2. 大門廳,project-proposed,heading-only,BGDIA,60,data/2/entries/6/entries/5/entries/4/name,1,H2. Grand Foyer,
H3. Central Altar,H3. 中央祭壇,project-proposed,heading-only,BGDIA,60,data/2/entries/6/entries/5/entries/5/name,1,H3. Central Altar,
H4. Private Chapels,H4. 獨立禮拜堂,project-proposed,heading-only,BGDIA,61,data/2/entries/6/entries/5/entries/6/name,1,H4. Private Chapels,
H5. Stairs to Residences,H5. 通往住宅的樓梯,project-proposed,heading-only,BGDIA,61,data/2/entries/6/entries/5/entries/7/name,1,H5. Stairs to Residences,
H6. Desecrated Altar of Torm,H6. 被褻瀆的託姆神壇,project-proposed,heading-only,BGDIA,61,data/2/entries/6/entries/5/entries/8/name,1,H6. Desecrated Altar of Torm,
H7. Pipe Organ,H7. 管風琴,project-proposed,heading-only,BGDIA,62,data/2/entries/6/entries/5/entries/9/name,1,H7. Pipe Organ,
H8. Defenses,H8. 防禦設施,project-proposed,heading-only,BGDIA,62,data/2/entries/6/entries/5/entries/10/name,1,H8. Defenses,
H9. Balcony,H9. 陽臺,project-proposed,heading-only,BGDIA,62,data/2/entries/6/entries/5/entries/11/name,1,H9. Balcony,
Hadrosaurus,鴨嘴龍,existing-site,heading-only,ToA,26,data/1/entries/9/entries/2/entries/5/entries/4/entries/1,10,"The Beasts for Sale table lists the creatures available for purchase in Port Nyanzaru. Statistics for the hadrosaurus, the deinonychus, and the flying monkey appear in {@area appendix D|536|x}. See the {@book Monster Manual|MM} for all others.",
Hag Dolls,女巫玩偶,project-proposed,heading-only,ToA,179,data/5/entries/10/entries/2/entries/5/name,1,Hag Dolls,
Hail to the King,向國王致敬,project-proposed,heading-only,ToA,106,data/3/entries/4/entries/14/entries/3/name,1,Hail to the King,
Hall of Wonders,奇蹟之廳,project-proposed,heading-only,BGDIA,179,data/9/entries/12/entries/13/entries/4/name,5,Hall of Wonders,
Hamhocks Slaughterhouse,火腿屠場,project-proposed,heading-only,BGDIA,193,data/9/entries/13/entries/5/entries/20/entries/0,3,"With its downright ribald menu of salaciously renamed breakfast foods, the Smilin' Boar was always intended to cause a stir in well-to-do Bloomridge. Yet the current buzz is more than owner Jentha Allinamuch, a chaotic good female strongheart halfling {@creature commoner}, ever intended. For the past six months, bodies have been appearing in the alley just behind the halfling's café. More than a dozen have appeared so far, never with any witnesses as to how they go there. The victims have no apparent commonalities—being of all ages, races, genders, and social classes, and having disappeared from points all across the city—yet there's no question in anyone's mind that the same killer is responsible, as each is found with curved slices across their wrists and a heart-piercing wound. The whole district is astir over the murders, but so far the Fist hasn't been able to turn up any leads on what locals have fearfully dubbed the Sickle Man. With business plummeting, Jentha is as eager as any grieving family to find answers, and would happily pay independent investigators to help track down the killer. In fact, the killer is not one person, but a group of Dead Three cultists looking to spread fear in the city (see ""{@area Hamhocks Slaughterhouse|3be|x}"").",
Handling Noncombatants,處理非戰鬥人員,project-proposed,heading-only,BGDIA,54,data/2/entries/5/entries/8/entries/7/entries/5/name,1,Handling Noncombatants,
Handout 10: Shago,資料10：鯊狗,project-proposed,heading-only,ToA,248,data/10/entries/1/entries/8/name,1,Handout 10: Shago,
Handout 11: Puzzle Cubes,資料11：拼圖立方體,project-proposed,heading-only,ToA,248,data/10/entries/2/name,1,Handout 11: Puzzle Cubes,
Handout 12: Players' Map of Omu,資料12：玩家的奧姆地圖,project-proposed,heading-only,ToA,249,data/10/entries/3/name,1,Handout 12: Players' Map of Omu,
Handout 13: Lord Brixton's Letter,資料13：布里斯頓勳爵的信,project-proposed,heading-only,ToA,250,data/10/entries/4/name,1,Handout 13: Lord Brixton's Letter,
Handout 14: I'jin's Puzzle Floor,資料14：艾金的拼圖地板,project-proposed,heading-only,ToA,250,data/10/entries/5/name,1,Handout 14: I'jin's Puzzle Floor,
Handout 15: Papazotl's Riddle,資料15：帕帕扎圖的謎題,project-proposed,heading-only,ToA,251,data/10/entries/6/name,1,Handout 15: Papazotl's Riddle,
Handout 16: Papazotl's Puzzle Key,資料16：帕帕扎圖的謎題鑰匙,project-proposed,heading-only,ToA,251,data/10/entries/7/name,1,Handout 16: Papazotl's Puzzle Key,
Handout 17: Acererak's First Warning,資料17：阿瑟瑞克的首次警告,project-proposed,heading-only,ToA,252,data/10/entries/8/entries/0/name,1,Handout 17: Acererak's First Warning,
Handout 18: Acererak's Second Warning,資料18：阿瑟瑞克的第二次警告,project-proposed,heading-only,ToA,252,data/10/entries/8/entries/1/name,1,Handout 18: Acererak's Second Warning,
Handout 19: Acererak's Third Warning,資料19：阿瑟瑞克的第三次警告,project-proposed,heading-only,ToA,253,data/10/entries/8/entries/2/name,1,Handout 19: Acererak's Third Warning,
Handout 1: Players' Map of Chult,資料1：玩家的楚爾特地圖,project-proposed,heading-only,ToA,243,data/10/entries/0/name,1,Handout 1: Players' Map of Chult,
Handout 20: Acererak's Fourth Warning,資料20：阿瑟瑞克的第四次警告,project-proposed,heading-only,ToA,253,data/10/entries/8/entries/3/name,1,Handout 20: Acererak's Fourth Warning,
Handout 21: Devlin's Journal Excerpt,資料21：德夫林的日記摘錄,project-proposed,heading-only,ToA,254,data/10/entries/9/name,1,Handout 21: Devlin's Journal Excerpt,
Handout 22: Withers's Journal Excerpt,資料22：威瑟斯的日記摘錄,project-proposed,heading-only,ToA,254,data/10/entries/10/name,1,Handout 22: Withers's Journal Excerpt,
Handout 23: Hieroglyphic Floor,資料23：象形文字地板,project-proposed,heading-only,ToA,255,data/10/entries/11/name,1,Handout 23: Hieroglyphic Floor,
Handout 24: Control Panel,資料24：控制面板,project-proposed,heading-only,ToA,255,data/10/entries/12/name,1,Handout 24: Control Panel,
Handout 2: Azaka Stormfang,資料2：婀扎卡·風暴之牙,project-proposed,heading-only,ToA,244,data/10/entries/1/entries/0/name,1,Handout 2: Azaka Stormfang,
Handout 3: Eku,資料3：埃庫,project-proposed,heading-only,ToA,244,data/10/entries/1/entries/1/name,1,Handout 3: Eku,
Handout 4: Faroul and Gondolo,資料4：法魯爾和岡多洛,project-proposed,heading-only,ToA,245,data/10/entries/1/entries/2/name,1,Handout 4: Faroul and Gondolo,
Handout 5: Hew Hackinstone,資料5：休·哈金斯通,project-proposed,heading-only,ToA,245,data/10/entries/1/entries/3/name,1,Handout 5: Hew Hackinstone,
Handout 6: Musharib,資料6：穆沙瑞卜,project-proposed,heading-only,ToA,246,data/10/entries/1/entries/4/name,1,Handout 6: Musharib,
Handout 7: Qawasha and Kupalué,資料7：卡瓦沙和庫帕魯艾,project-proposed,heading-only,ToA,246,data/10/entries/1/entries/5/name,1,Handout 7: Qawasha and Kupalué,
Handout 8: River Mist and Flask of Wine,資料8：河霧與酒壺,project-proposed,heading-only,ToA,247,data/10/entries/1/entries/6/name,1,Handout 8: River Mist and Flask of Wine,
Handout 9: Salida,資料9：薩莉達,project-proposed,heading-only,ToA,247,data/10/entries/1/entries/7/name,1,Handout 9: Salida,
Hanging Vines,懸掛藤蔓,project-proposed,heading-only,ToA,42,data/2/entries/4/entries/4/entries/6/name,1,Hanging Vines,
Harbor Ward,海港區,project-proposed,heading-only,ToA,9,data/0/entries/5/entries/4/entries/8/entries/0,5,"In the interest of time, Syndra is prepared to use a {@spell teleport} spell to transport herself and the heroes to Port Nyanzaru. If the characters agree, don't bother rolling to determine the spell's accuracy. Syndra knows the city's Harbor Ward well enough to arrive on target. She chooses an outdoor location near the docks as her destination. When the characters arrive in Port Nyanzaru, skip to the ""{@area Arrival|02f|x}"" section in chapter 1.",
Harborhands,港手幫,project-proposed,canonical-name,BGDIA,175,data/9/entries/11/entries/3/entries/1,2,"The harbor's most immediately striking feature is its machinery, with dozens of enormous cranes and countless powered scoops and cargo carts dramatically accelerating the loading and unloading process. Though designed by the Church of Gond, these marvels are run by the Harborhands, the most powerful crew in the city thanks to the dockworkers' ability to shut off the city's economic lifeblood with a strike. Managing the whole affair is Harbormaster Darus Kelinoth, a lawful neutral male human {@creature noble} who runs the port's operations and taxation from a small, heavily fortified brick building set well apart from other structures.",
Harborside Hospital,海濱醫院,project-proposed,heading-only,BGDIA,185,data/9/entries/13/entries/4/entries/6/rows/8/1,2,1 {@creature ghost} from Harborside Hospital,
Harbreeze Bakery,港風麵包坊,project-proposed,heading-only,BGDIA,176,data/9/entries/12/entries/6/rows/3/1,5,"A chatty stranger, Ellyn Harbreeze, invites the party to tea at Harbreeze Bakery, eager to gossip with them.",
Harpers,豎琴手聯盟,project-proposed,heading-only,ToA,5,data/0/entries/3/entries/0,16,"The characters are drawn into the story by {@creature Syndra Silvane|ToA}, a retired adventurer and merchant who, years ago, was raised from the dead. Now, she's withering away. When she consulted priests, Syndra learned that the affliction was widespread and that no spell could cure it. She spoke to her friends among the Harpers, who determined the source of the affliction: an ungodly necromantic device called the Soulmonger. The Harpers received their intelligence from a lich, but they don't know much about the Soulmonger other than its name and general whereabouts. Adventurers willing to help Syndra must travel to Chult, a land of jungles and monsters, to find the Soulmonger and destroy it.",豎琴手聯盟;豎琴手
Haruman's Arrival,哈魯曼的到來,project-proposed,heading-only,BGDIA,92,data/3/entries/11/entries/4,2,"Haruman, a human paladin of Helm, was one of Zariel's most devoted Hellriders. He crucified deserters to Zariel's cause on ""Coward's Way,"" a line of tortured souls leading to this desolate hill. Each soul is pinned to a barbed, metal tree. Inscriptions above their heads attest that most of them were mortal knights who abandoned Zariel during her assault into Avernus. Flocks of {@creature Stirge||stirges} buzz between the branches, feasting hungrily on the screaming, crucified victims. The stirges attack the characters only if they try to free the captives (see ""{@area Haruman's Arrival|1ec|x}"" below). Roll {@dice 2d4} to determine the number of attacking stirges.",
Haruman's Hill,哈魯曼之丘,project-proposed,heading-only,BGDIA,9,data/0/entries/5/entries/4/entries/2/items/0,7,"You can decide how long it takes for characters to get from one place to the next. For example, the characters might need to travel 6 miles to get from Fort Knucklebone to Haruman's Hill, and 60 miles to get from Haruman's Hill back to Fort Knucklebone.",
Hateful Patrol,可憎巡邏隊,project-proposed,heading-only,BGDIA,54,data/2/entries/5/entries/9/entries/3/rows/4/1,3,{@area Hateful patrol|120|x},
Heapside,堆場區,project-proposed,canonical-name,BGDIA,166,data/9/entries/9/entries/6/entries/0,4,Ilmater's humble shrine stands in a quiet square in Heapside. The Shrine of Suffering provides free meals and a few coppers to the poor and destitute.,
Heart of Ubtao,烏塔歐之心,project-proposed,heading-only,ToA,6,data/0/entries/4/entries/6/entries/2,18,"In this adventure, three creatures know that the cause of the death curse lies in Omu: {@creature Grandfather Zitembe|ToA} in Port Nyanzaru, {@creature Valindra Shadowmantle|ToA} in the Heart of Ubtao, and Saja N'baza in Orolunga. Several creatures know Omu's location: the guides {@creature Eku|ToA} and {@creature Salida|ToA} in Port Nyanzaru, {@creature Valindra Shadowmantle|ToA} in the Heart of Ubtao, the aarakocra of Kir Sabal, Zalkoré of Nangalore, Saja N'baza in Orolunga, and the red dragon Tzindelor in Wyrmheart Mine. If the characters are unable to locate Omu or ascertain the source of the death curse, the following additional creatures might possess the knowledge they seek, at your discretion: Krr'ook in Dungrunglung, Nephyr in Firefinger, {@creature Nanny Pu'pu|ToA} in Mbala, Bwayes O'tamu in the wreck of the {@i Narwhal}, the survivors of the {@i Star Goddess} shipwreck, and Red Wizards under {@creature Valindra Shadowmantle|ToA}'s command.",
Heel,腳跟,project-proposed,canonical-name,ToA,67,data/2/entries/4/entries/18/entries/12/entries/3/entries/1,2,"The crew of the Stirge includes a first mate named Heel (NE male half-orc {@creature gladiator}), twelve Chultan and Tethyrian {@creature Bandit||bandits}, six Chultan {@creature Thug||thugs}, and a mad sea priest named Caldos Hellingskorn (CE male Illuskan {@creature priest} of Umberlee).",
Hellwasp Nest,黃泉蜂巢,project-proposed,heading-only,BGDIA,93,data/3/entries/11/entries/6/entries/4/entries/0,8,"If the hellwasp abducts {@creature Lulu|BGDIA}, it takes the hollyphant to its nest. If the characters wish to rescue {@creature Lulu|BGDIA}, they must storm the nest (see ""{@area Hellwasp Nest|1ef|x}"").",
Helm,海姆,project-proposed,heading-only,BGDIA,22,data/1/entries/8/entries/3/entries/9/entries/1/entries/0,85,"The face of this door bears a carving of Bane, the lawful evil god of tyranny, who is depicted as a tall, armored man wearing a bucket helm. His right gauntlet is painted black and clutches a set of shackles.",
Helm and Cloak,頭盔與斗篷,project-proposed,heading-only,BGDIA,179,data/9/entries/12/entries/13/entries/6/name,4,Helm and Cloak,
Helm of Torm's Sight,託姆之視頭盔,project-proposed,heading-only,BGDIA,64,data/2/entries/6/entries/5/entries/18/entries/6/entries/0,12,"Pherria tells the characters that Grand Duke Ravengard took a group of guards to the city's grand cemetery to investigate the proliferation of undead in that area. As well, Ravengard was hoping that a holy relic in the cemetery chapel called the Helm of Torm's Sight might provide some awareness into Elturel's dire circumstances and possible salvation.",
Help a Dyeing Man,幫助一位垂死之人,project-proposed,heading-only,ToA,16,data/1/entries/7/entries/2/items/5/name,1,Help a Dyeing Man,
Help the Lords' Alliance,協助領主聯盟,project-proposed,heading-only,ToA,16,data/1/entries/7/entries/2/items/6/name,1,Help the Lords' Alliance,
Helping Barnabas,幫助巴納巴斯,project-proposed,heading-only,BGDIA,84,data/3/entries/7/entries/7/entries/5/entries/3/name,1,Helping Barnabas,
Helping the Imps,幫助小魔鬼,project-proposed,heading-only,BGDIA,84,data/3/entries/7/entries/7/entries/4/entries/3/name,1,Helping the Imps,
Helping the Kenku,幫助天狗,project-proposed,heading-only,BGDIA,83,data/3/entries/7/entries/7/entries/2/entries/4/name,1,Helping the Kenku,
Hew Hackinstone,休·哈金斯頓,existing-site,heading-only,ToA,5,data/0/entries/1/entries/1/rows/16/0,8,{@creature Hew Hackinstone|ToA},
Hezrou,狂蟾魔,existing-site,heading-only,BGDIA,83,data/3/entries/7/entries/7/entries/2/entries/4/entries/0,10,"One of the parts in the {@vehicle Demon Grinder|BGDIA}—a spiky gear—is disrupting the flow of infernal energy through the vehicle. The gear, comprised of spikes from a hezrou demon, surges with demonic energy to cause the malfunction. A successful {@dc 15} Intelligence ({@skill Arcana} or {@skill Investigation}) by a character who spends at least 10 minutes examining the vehicle reveals which part is to blame.",
Hhune House,休恩莊園,project-proposed,heading-only,BGDIA,176,data/9/entries/12/entries/6/rows/7/1,2,"Ominous, disembodied whispers reach the party's ears. The whispers lead to Hhune House.",
Hieroglyphic Floor,象形文字地板,project-proposed,heading-only,ToA,150,data/5/entries/7/entries/9/entries/2/entries/1,4,"To unlock I'jin's sarcophagus, eight floor tiles must be stepped on in the correct sequence (see ""Hieroglyphic Floor"" below and handout 23 in {@area appendix E|537|x}). Stepping on the tiles in the wrong order triggers a trap (see ""Sphinx Statues"" below).",
High Hall,至高大廳,project-proposed,heading-only,BGDIA,52,data/2/entries/4/entries/1,55,"The adventurers should be 5th level when they arrive in Elturel. They begin on the east side of the city, where the immediate danger is greatest. With or without Reya Mantlemorn to guide them, the characters make their way toward the High Hall cathedral. Once they rid the cathedral and its catacombs of fiends, the adventurers should be 6th level.",
High Hall Cathedral,至高大廳大教堂,project-proposed,heading-only,BGDIA,52,data/2/entries/4/entries/1,14,"The adventurers should be 5th level when they arrive in Elturel. They begin on the east side of the city, where the immediate danger is greatest. With or without Reya Mantlemorn to guide them, the characters make their way toward the High Hall cathedral. Once they rid the cathedral and its catacombs of fiends, the adventurers should be 6th level.",
High Hall Cathedral Features,至高大廳大教堂特徵,project-proposed,heading-only,BGDIA,60,data/2/entries/6/entries/5/entries/2/name,1,High Hall Cathedral Features,
High Hall Overview,至高大廳概述,project-proposed,heading-only,BGDIA,58,data/2/entries/6/entries/2/name,1,High Hall Overview,
High House of Wonders,奇蹟高殿,project-proposed,heading-only,BGDIA,166,data/9/entries/9/entries/4/entries/0,8,"The High House of Wonders, located in the Upper City, serves as the city's temple of Gond, a god of innovation and invention. Within the walls of the temple, clergy members are permitted to brew experimental potions and elixirs, build and test mechanical constructs, and hire locals to participate in controlled experiments—all in the spirit of invention and innovation.",奇蹟高屋
High Overseer,至高監督,project-proposed,canonical-name,BGDIA,5,data/0/entries/2/entries/0,12,"The holy city of Elturel has disappeared from the Forgotten Realms and descended into Avernus, the first layer of the Nine Hells. This event came about as the result of an infernal bargain between the archdevil Zariel, who rules Avernus, and the treacherous High Overseer of Elturel, {@creature Thavius Kreeg|BGDIA}. Zariel is capturing cities and using their citizens as fodder in the ongoing conflict between demons and devils known as the Blood War. Next on Zariel's list of cities is Elturel's neighbor, Baldur's Gate. The characters can be the heroes who descend into Avernus, save Elturel from certain destruction, and prevent a similar fate from befalling Baldur's Gate.",至高觀察者
Hiring a Guide,僱傭嚮導,project-proposed,heading-only,ToA,26,data/1/entries/9/entries/2/entries/8/entries/4/name,1,Hiring a Guide,
Hisari,希薩里,project-proposed,heading-only,ToA,14,data/0/entries/6/entries/3/entries/13/entries/0,4,"After being driven out of their ancient city (see ""{@area Hisari|115|x},""), the yuan-ti claimed the ruins of Omu as their demesne. Their spies in Port Nyanzaru keep a wary eye on the merchant princes, would-be treasure hunters, and adventurers. Characters might also encounter yuan-ti purebloods, yuan-ti malisons, and yuan-ti abominations searching the jungle for hidden settlements and lost treasures.",
Hissing Stones,嘶嘶石,project-proposed,heading-only,BGDIA,189,data/9/entries/13/entries/5/entries/11/name,3,Hissing Stones,
History of Baldur's Gate,博德之門的歷史,project-proposed,heading-only,BGDIA,158,data/9/entries/4/name,2,History of Baldur's Gate,
History of Omu,奧穆的歷史,project-proposed,heading-only,ToA,92,data/3/entries/3/entries/3/name,4,History of Omu,
History of the Tomb,陵墓的歷史,project-proposed,heading-only,ToA,125,data/5/entries/2/name,2,History of the Tomb,
Hit Points,生命值,existing-site,heading-only,BGDIA,21,data/1/entries/8/entries/3/entries/5/entries/2/entries/1/items/1,145,"The 5-foot-wide corridors throughout the dungeon have 8-foot-high ceilings. Rooms have 9-foot-high ceilings, often braced with wooden beams. Each beam is a Large object with AC 15, 10 hit points, and immunity to poison and psychic damage. Destroying all the beams in an area has a {@chance 25} chance of triggering a roof collapse. Each creature under the collapsing roof must succeed on a {@dc 15} Dexterity saving throw, taking 22 ({@dice 4d10}) bludgeoning damage on a failed save, or half as much damage on a successful one. The area remains open but is {@quickref difficult terrain||3} thereafter.",
Hold the Fort,堅守陣地,project-proposed,heading-only,BGDIA,108,data/5/entries/1/entries/6/entries/4/entries/3,2,"Evil visitors from all over the multiverse travel to Avernus to hear Red Ruth's divinations and sample her mystical brews. If the characters talk to Red Ruth about the dao's curse, she offers them a deal for her assistance (see ""{@area Hold the Fort|23e|x}"" below).",
Holy Runes,神聖符文,project-proposed,heading-only,BGDIA,58,data/2/entries/5/entries/10/entries/2/entries/1,2,"A bridge twenty feet wide and more than a hundred feet long spans the chasm. Holy runes etched into the stonework of the bridge indicate that the structure has been consecrated in the name of Torm, god of courage and self-sacrifice. Six infernal creatures stand guard at the center of the bridge, scanning in all directions.",
Holy Water Fonts,聖水盆,project-proposed,heading-only,BGDIA,64,data/2/entries/6/entries/5/entries/18/entries/5/name,2,Holy Water Fonts,
House of Mastery,武藝館,project-proposed,canonical-name,BGDIA,189,data/9/entries/13/entries/5/entries/9/name,3,Garmult's House of Mastery,精通之屋;主宰之屋
Hrakhamar,赫拉卡馬爾,project-proposed,heading-only,ToA,7,data/0/entries/4/entries/7/entries/6/entries/1,22,"Time pressure aside, Chult is a land ripe with adventure possibilities, and characters might be drawn by curiosity or circumstance to locations such as the garden ruin of Nangalore, the dwarven forge of Hrakhamar, or the pirate haven of Jahaka Anchorage. Such locations present dangers that, when overcome, prepare the characters for greater threats awaiting them in Omu. If the characters reach Omu too soon, they probably won't be high enough level to survive there for long. When the characters make inquiries about Omu, paint the lost city as a terrifying place so that players feel the tension of wanting to get there quickly, but not too quickly.",
Hungry Door,飢餓之門,project-proposed,heading-only,ToA,174,data/5/entries/9/entries/11/entries/5/name,1,Hungry Door,
Hunt Pirates,追獵海盜,project-proposed,heading-only,ToA,16,data/1/entries/7/entries/2/items/7/name,1,Hunt Pirates,
Hvalspyd,瓦爾斯皮德,project-proposed,heading-only,ToA,56,data/2/entries/4/entries/12/entries/18/entries/3/entries/1/items/2/entry,8,"Flaming Fist scouts have spotted giant footprints south of Fort Beluarian. If the characters find out who or what is making the tracks, and discover where they're coming from and what threat (if any) they pose to Fort Beluarian, Portyr will reward them with five magic arrows (see area 10G). If the characters accept the mission, Portyr gives the party a free charter of exploration. To complete the mission, the characters must locate at least one group of frost giants as well as their longship (see ""{@area Hvalspyd|12b|x}""). To complicate matters, Portyr doesn't believe any report that claims frost giants have landed in Chult and won't pay up unless the characters back up their claims with compelling evidence (such as a frost giant's severed head or a giant-sized weapon).",
I'jin's Spirit,艾金的靈魂,project-proposed,heading-only,ToA,151,data/5/entries/7/entries/9/entries/6/entries/2/name,2,I'jin's Spirit,
I1. Idyll Road,I1. 艾德爾路,project-proposed,heading-only,BGDIA,140,data/7/entries/6/entries/3/entries/2/name,1,I1. Idyll Road,
I2. Statue of Zariel,I2. 扎瑞爾的雕像,project-proposed,heading-only,BGDIA,141,data/7/entries/6/entries/3/entries/3/name,1,I2. Statue of Zariel,
I3. Temple of Lathander,I3. 洛山達的神殿,project-proposed,heading-only,BGDIA,141,data/7/entries/6/entries/3/entries/4/name,1,I3. Temple of Lathander,
Ichor's Aweigh!,新鮮穢液！,project-proposed,heading-only,BGDIA,130,data/6/entries/10/entries/7/entries/5/name,1,Ichor's Aweigh!,
Idyllglen,艾德爾格蘭,project-proposed,heading-only,BGDIA,139,data/7/entries/5/entries/8,42,"The characters can't claim the sword until they complete the Idyllglen memory (see ""{@area Idyllglen|2ed|x}"" below).",
Idyllglen Events,艾德爾格蘭事件,project-proposed,heading-only,BGDIA,142,data/7/entries/6/entries/4/name,1,Idyllglen Events,
Idyllglen Features,艾德爾格蘭特徵,project-proposed,heading-only,BGDIA,140,data/7/entries/6/entries/2/name,1,Idyllglen Features,
Idyllglen History,艾德爾格蘭的歷史,project-proposed,heading-only,BGDIA,140,data/7/entries/6/entries/1/name,2,Idyllglen History,
Idyllglen Locations,艾德爾格蘭地區,project-proposed,heading-only,BGDIA,140,data/7/entries/6/entries/3/name,1,Idyllglen Locations,
If Reya Joins the Party,如果蕾婭加入隊伍,project-proposed,heading-only,BGDIA,32,data/1/entries/9/entries/5/entries/5/name,1,If Reya Joins the Party,
Ifan,伊凡,project-proposed,canonical-name,ToA,5,data/0/entries/1/entries/1/rows/17/0,12,{@creature Ifan Talro'a|ToA},
Ifan Talro'a,伊方·塔若阿,existing-site,heading-only,ToA,5,data/0/entries/1/entries/1/rows/17/0,10,{@creature Ifan Talro'a|ToA},
Illumination,照明,existing-site,heading-only,BGDIA,60,data/2/entries/6/entries/5/entries/2/entries/4/name,4,Illumination,
Illuskan,伊路斯坎人,project-proposed,canonical-name,ToA,16,data/1/entries/7/entries/2/items/6/entries/0,6,"Lerek Dashlynd (LN male Illuskan human {@creature spy}), an agent of the Lords' Alliance, offers to trade a sailing ship for an accurate map of Chult that shows the exact location of the ruins of Nangalore and Orolunga. Lerek represents wealthy Waterdhavian interests, and the offer is genuine. If the characters present such a map, Lerek has a cleric cast {@spell augury} before agreeing to buy it, to make sure he's not buying a fake. Once he's convinced that the map is genuine, Lerek arranges to have the promised ship arrive in 10 days.",
Ilmater,伊爾梅特,existing-site,heading-only,BGDIA,166,data/9/entries/9/entries/6/name,5,Ilmater,
Imaging Technician,影像技術員,project-proposed,heading-only,ToA,,data/12/entries/0/entries/0/items/17/name,1,Imaging Technician,
Imaging Technicians,成像技術,project-proposed,heading-only,BGDIA,,data/17/entries/0/items/18/name,1,Imaging Technicians,
Imbok,因博克,project-proposed,canonical-name,ToA,101,data/3/entries/4/entries/6/entries/2/entries/0,3,"The first time the characters arrive, they encounter a small vegepygmy tribe preparing to sacrifice a {@creature grung|VGM} (see {@adventure appendix D|ToA|9}) to the rift. The grung, Imbok, is bound with vines and {@condition restrained}. As the grung struggles, the vegepygmies encircle him and perform a strange, ritualistic dance. Unless the characters intervene, the vegepygmies roll their captive off the edge of the cliff. A couple of vegepygmies leap off after him, caught in the throes of devotion.",
Imp Sales Pitch,小魔鬼推銷,project-proposed,heading-only,BGDIA,54,data/2/entries/5/entries/9/entries/3/rows/5/1,2,{@area Imp sales pitch|121|x},
Important References,重要參考,project-proposed,heading-only,BGDIA,8,data/0/entries/4/entries/4/name,1,Important References,
Imprisoned Characters,被囚禁的角色,project-proposed,heading-only,BGDIA,40,data/1/entries/11/entries/3/entries/11/entries/3,2,"Two of the cells (your choice) contain prisoners. The other four cells are empty, though captured characters might end up here (see the ""{@area Imprisoned Characters|0d8|x}"" sidebar). If you need to introduce a new party member to replace one who died, that character can begin the adventure locked in one of the empty cells.",
Imprisoned Ultroloth,被囚禁的超等羅斯魔,project-proposed,heading-only,BGDIA,100,data/4/entries/4/entries/6/name,1,Imprisoned Ultroloth,
Improvised Equipment,臨時裝置,project-proposed,heading-only,BGDIA,73,data/2/entries/8/entries/5/entries/3/name,5,Improvised Equipment,
Indar,因達爾,project-proposed,canonical-name,ToA,26,data/1/entries/9/entries/2/entries/9/entries/2,1,"{@creature Kwayothé|ToA} (NE female Chultan human {@creature priest} wearing a {@item ring of fire resistance}) is calm and contemplative in a way that's vaguely menacing. She worships the fire god Kossuth (pronounced kaw-SOOTH) and likes torturing others, particularly if it involves fire and hot coals. Kwayothé has two consorts—a {@creature succubus} named Ixis and an {@creature incubus} named Indar. These fiends take the forms of beautiful Chultans.",
Infernal Contracts,地獄契約,project-proposed,heading-only,BGDIA,130,data/6/entries/10/entries/7/entries/4/entries/0,4,"Fhet'Ahla, an {@creature amnizu|MTF}, provides {@creature Imp||imps} as couriers as well as a variety of spellcasting services for transmitting information over long distances. The more secure the means, however, the more expensive the service. Additionally, Fhet'Ahla acts as an exchange for {@item Soul Coin|BGDIA|soul coins}, offering 100 gp in coins or gemstones for each {@item soul coin|BGDIA} delivered, and can serve as an official notary for the signing of infernal contracts.",
Infernal Font Designer,地獄字型設計師,project-proposed,heading-only,BGDIA,,data/17/entries/0/items/13/name,1,Infernal Font Designer,
Infernal Hierarchy,地獄階級,project-proposed,heading-only,BGDIA,84,data/3/entries/7/entries/7/entries/4/entries/1,7,"When not loitering around Fort Knucklebone, Pins and Needles keep tabs on the Blood War and spy on {@creature Mad Maggie|BGDIA}'s rivals. Unlike most devils, Pins and Needles aren't gunning for promotions. They shun the infernal hierarchy and crinkle their noses in disgust when anyone tries to foist more responsibility onto them.",
Infernal Order of Battle,戰爭中的地獄軍團,project-proposed,heading-only,BGDIA,76,data/3/entries/4/entries/7/entries/3/entries/1/name,1,Infernal Order of Battle,
Infernal Pilgrim,煉獄聖地,project-proposed,heading-only,BGDIA,126,data/6/entries/9/entries/6/name,1,Infernal Pilgrim,
Infernal Rapture,地獄極樂,project-proposed,heading-only,BGDIA,9,data/0/entries/5/entries/2/entries/2/items/1,20,"If the characters want something that tastes good, they must buy it from licensed sellers such as {@creature Mahadi the rakshasa|BGDIA}, who runs a restaurant called Infernal Rapture (see ""{@area Infernal Rapture|2a1|x}""). The price of a good-tasting meal is always a bit too high.",地獄極樂城;地獄狂喜
Infernal Scroll,地獄卷軸,project-proposed,heading-only,BGDIA,214,data/10/entries/8/entries/4/entries/1/rows/2/1,2,Infernal scroll,
Infernal War Machine Combat,地獄戰爭機器戰鬥,project-proposed,heading-only,BGDIA,90,data/3/entries/9/entries/4/name,1,Infernal War Machine Combat,
Infernal War Machine Repair,地獄戰爭機器修理,project-proposed,heading-only,BGDIA,129,data/6/entries/10/entries/7/entries/2/entries/3/name,1,Infernal War Machine Repair,
Infiltrating the Fortress,入侵堡壘,project-proposed,heading-only,BGDIA,130,data/6/entries/11/entries/3/name,1,Infiltrating the Fortress,
Infiltrating the Temple,潛入神廟,project-proposed,heading-only,ToA,112,data/4/entries/3/entries/2/name,1,Infiltrating the Temple,
Innate Spellcasting,天生施法,existing-site,heading-only,BGDIA,50,data/1/entries/15/entries/9/entries/0,7,"{@creature Lulu|BGDIA} is a {@creature hollyphant|BGDIA} (see {@adventure Appendix C|BGDIA|13} for her stat block) who has lost most of her memories, as well as her Innate Spellcasting trait. (This has no effect on her challenge rating.) She regains her Innate Spellcasting trait gradually over the course of the adventure, as follows:",
Inns,旅館,project-proposed,heading-only,BGDIA,175,data/9/entries/11/entries/4/entries/0,10,"East of the city, high above the scattered slums and cut-rate inns that stretch along the trade road, rises the steep yellow granite of Dusthawk Hill. This cliff-skirted hill is one of the last known refuges of the Chionthar dusthawk (use the {@creature hawk} statistics), a once-common raptor whose numbers precipitously declined over the last century as regional turmoil and the ever-spreading slums outside Baldur's Gate consumed its habitat.",
Insect Repellent,驅蟲劑,project-proposed,heading-only,ToA,5,data/0/entries/1/entries/1/rows/21/2,12,"Merchant prince in Port Nyanzaru (sells fruit, wine, oil, perfume, tej, and insect repellent)",
Insight Park,洞察公園,project-proposed,heading-only,BGDIA,185,data/9/entries/13/entries/4/entries/4/rows/6/1,3,The druid Torimesh offers one party member a strange symbol stained on a piece of bark. He tells the party that the Drawing Tree in Insight Park sent it as a message.,
Interior Cartographers,內部製圖師,project-proposed,heading-only,BGDIA,,data/17/entries/0/items/14/name,1,Interior Cartographers,
Interior Features,內部特徵,project-proposed,heading-only,BGDIA,135,data/7/entries/4/entries/2/name,2,Interior Features,
Interior Illustrators,內頁插畫師,project-proposed,heading-only,BGDIA,,data/17/entries/0/items/11/name,2,Interior Illustrators,
Interrogating the Sibriex,盤問巨顱魔,project-proposed,heading-only,BGDIA,117,data/5/entries/6/entries/10/name,1,Interrogating the Sibriex,
Introduction,簡介,project-proposed,heading-only,BGDIA,106,data/5/entries/0/entries/8/entries/1,10,"Ralzala hides under the ground at the base of the zapper. If the characters damage the zapper, Ralzala emerges from the ground, casts {@spell tongues}, and offers them a deal. She reveals that the deposed archdevil {@creature Bel|BGDIA} would gladly aid the characters in overthrowing {@creature Archduke Zariel of Avernus|BGDIA|Zariel}. If the characters help Ralzala break her pact with Zariel, the dao promises to direct them to {@creature Bel|BGDIA}'s Forge and write them a letter of introduction.",
Ire of Tiamat,提亞瑪特之怒,project-proposed,heading-only,BGDIA,150,data/8/entries/6/entries/3/entries/2/name,1,Ire of Tiamat,
Iron Kiln,鐵砧爐,project-proposed,heading-only,ToA,144,data/5/entries/6/entries/11/entries/4/name,1,Iron Kiln,
Iron Lever,鐵質槓桿,project-proposed,heading-only,ToA,62,data/2/entries/4/entries/15/entries/12/entries/2/name,7,Iron Lever,
Ishau,伊肖,project-proposed,heading-only,ToA,64,data/2/entries/4/entries/17/name,3,Ishau,
Ishmakahl,伊什瑪卡爾,project-proposed,canonical-name,ToA,94,data/3/entries/3/entries/6/entries/6/entries/0,5,"The characters could form an alliance with the Red Wizards to recover the puzzle cube taken by the yuan-ti. If an accord is reached, Zagmira reveals that she has a spy in the yuan-ti temple: a yuan-ti pureblood named Ishmakahl (pronounced ISH-mah-kawl). Zagmira doesn't reveal that this spy is a doppelganger.",
Issar,伊薩爾,project-proposed,canonical-name,ToA,114,data/4/entries/3/entries/3/entries/3/entries/0,12,"{@creature Fenthaza|ToA} meets with prisoners in her quarters ({@area area 5|2ba|x}). She sees the characters as pawns in her plot to overthrow {@creature Ras Nsi|ToA}. To determine whether they can be trusted, she assigns them to work as slaves under Slavemaster Issar ({@area area 19|2f7|x}). Issar assigns each character a labor, determined by rolling percentile dice and consulting the Slave Labors table. (More than one character can be given the same task.) As they perform labors, characters see how the temple functions and might find ways to escape.",
Ixis,伊克西斯,project-proposed,canonical-name,ToA,26,data/1/entries/9/entries/2/entries/9/entries/2,1,"{@creature Kwayothé|ToA} (NE female Chultan human {@creature priest} wearing a {@item ring of fire resistance}) is calm and contemplative in a way that's vaguely menacing. She worships the fire god Kossuth (pronounced kaw-SOOTH) and likes torturing others, particularly if it involves fire and hot coals. Kwayothé has two consorts—a {@creature succubus} named Ixis and an {@creature incubus} named Indar. These fiends take the forms of beautiful Chultans.",
Jaculis,幻色蛇,project-proposed,heading-only,ToA,77,data/2/entries/4/entries/27/entries/10/entries/5/entries/1/rows/4/1,7,{@dice 1d4} {@creature Jaculi|ToA|jaculis} (see {@adventure appendix D|ToA|9}),
Jahaka,賈哈卡,project-proposed,canonical-name,ToA,7,data/0/entries/4/entries/7/entries/6/entries/1,21,"Time pressure aside, Chult is a land ripe with adventure possibilities, and characters might be drawn by curiosity or circumstance to locations such as the garden ruin of Nangalore, the dwarven forge of Hrakhamar, or the pirate haven of Jahaka Anchorage. Such locations present dangers that, when overcome, prepare the characters for greater threats awaiting them in Omu. If the characters reach Omu too soon, they probably won't be high enough level to survive there for long. When the characters make inquiries about Omu, paint the lost city as a terrifying place so that players feel the tension of wanting to get there quickly, but not too quickly.",
Jahaka Anchorage,賈哈卡錨地,project-proposed,heading-only,ToA,7,data/0/entries/4/entries/7/entries/6/entries/1,18,"Time pressure aside, Chult is a land ripe with adventure possibilities, and characters might be drawn by curiosity or circumstance to locations such as the garden ruin of Nangalore, the dwarven forge of Hrakhamar, or the pirate haven of Jahaka Anchorage. Such locations present dangers that, when overcome, prepare the characters for greater threats awaiting them in Omu. If the characters reach Omu too soon, they probably won't be high enough level to survive there for long. When the characters make inquiries about Omu, paint the lost city as a terrifying place so that players feel the tension of wanting to get there quickly, but not too quickly.",
Jahaka Bay,賈哈卡灣,project-proposed,heading-only,ToA,37,data/2/entries/1,3,"When the adventurers mount their expedition into the heart of Chult, they have the option of striking out from any of several locations. Port Nyanzaru is the most obvious starting point. It offers easy access by canoe to two major rivers, the Soshenstar and the Tiryki. Journeys up these rivers make excellent shake-down expeditions for explorers just learning the ropes of this unforgiving land. Characters can also strike out from Fort Beluarian or travel by ship to coastal landing sites such as Jahaka Bay, Kitcher's Inlet, Refuge Bay, Shilku Bay, and Snapping Turtle Bay.",
Jahakan,賈哈卡,project-proposed,canonical-name,ToA,29,data/1/entries/11/entries/1/entries/3,1,"Despite their high ambition, the merchant princes' power is entirely contained in the city. Elsewhere, Chult is ruled by the red law of tooth and claw. An individual is either predator or prey, and the predator might be a mob of undead, a ravenous allosaurus, a grung hunting party, Jahakan pirates, or a Flaming Fist patrol.",
Jaharwon,賈哈爾旺,project-proposed,canonical-name,ToA,5,data/0/entries/1/entries/1/rows/9/0,5,{@creature Elok Jaharwon|ToA},
Jander Sunstar,詹德·日星,project-proposed,heading-only,BGDIA,74,data/3/entries/3/entries/2,4,"From Fort Knucklebone, {@creature Lulu|BGDIA} guides the characters to the place where she thinks the {@item Sword of Zariel|BGDIA} is hidden: Haruman's Hill. There, they meet Jander Sunstar, a vampire with some information. They also meet Jander's torturer, Haruman—a fallen Hellrider and one of Zariel's infernal generals. {@creature Lulu|BGDIA} eventually realizes she's made a grave mistake and led the characters to the wrong place. She suggests two possible paths going forward: the {@adventure Path of Demons|BGDIA|4} and the {@adventure Path of Devils|BGDIA|5}. Each path features a number of locations across Avernus that the characters must visit in sequence to learn where Zariel's sword is hidden.",
Jarl,領主,project-proposed,canonical-name,ToA,64,data/2/entries/4/entries/16/entries/2,3,"At the behest of her lord, Jarl Storvald, {@creature Drufi|ToA} led this expedition to retrieve the ring. Storvald wants it for reasons explained in the adventure {@i Storm King's Thunder}. He believes that with the {@item Ring of Winter|ToA}, he can freeze the world and bring about the Age of Everlasting Ice—a wonderful dream that keeps {@creature Drufi|ToA} focused on the task at hand. The giants know nothing of {@creature Acererak|ToA}, the Soulmonger, or the death curse.",
Jaro,加羅,project-proposed,canonical-name,ToA,56,data/2/entries/4/entries/12/entries/19/entries/0,1,"The fort provisioner, or sutler, is a store that serves the soldiers of the Flaming Fist exclusively. It doesn't have much variety and the prices aren't great, but some elements of the garrison appreciate its ""no civilians allowed"" policy. It sells basic necessities during the day and serves food and drink in the evening. The store is run by a sharp-tongued old man named Jaro (NG male Chultan human {@creature commoner}).",
Jaws of Crokek'toeck,咔洛咯克托克之頜,project-proposed,heading-only,BGDIA,150,data/8/entries/6/entries/3/entries/3/name,1,Jaws of Crokek'toeck,
Jessamine,婕薩敏,existing-site,heading-only,ToA,5,data/0/entries/1/entries/1/rows/18/0,15,{@creature Jessamine|ToA},
Jessamine's Curse,婕薩敏的詛咒,project-proposed,heading-only,ToA,26,data/1/entries/9/entries/2/entries/7/entries/5/name,1,Jessamine's Curse,
Jewelry Box,珠寶盒,project-proposed,heading-only,BGDIA,36,data/1/entries/10/entries/5/entries/15/entries/1/entries/0,6,"Amrik's chest contains neatly folded and tailored apparel to fit a slender noble, and a jewelry box carved from bone (10 gp). This tiny box contains a gold signet ring (5 gp) bearing the Vanthampur motto, ""Stone hearts never bleed.""",
Jobal,喬巴,existing-site,heading-only,ToA,5,data/0/entries/1/entries/1/rows/19/0,15,{@creature Jobal|ToA},
Joho's Charm,約霍的護咒,existing-site,heading-only,ToA,180,data/5/entries/10/entries/2/entries/5/entries/11/name,1,Joho's Charm,
Jopalin's,喬帕林的,project-proposed,heading-only,BGDIA,185,data/9/entries/13/entries/4/entries/4/rows/7/1,3,The city's sketchiest tea enthusiast invites the party into Jopalin's for a free cup of the café's special blend.,
Journals,日誌,project-proposed,heading-only,BGDIA,103,data/4/entries/5/entries/7/entries/7/entries/1/entries/0,10,A stack of eight leather-bound journals rests atop a large writing table in this cramped chamber.,
Journey to Candlekeep,燭堡之旅,project-proposed,heading-only,BGDIA,42,data/1/entries/12/entries/2,5,"If invited to join the characters on their journey to Candlekeep, Reya and Falaster readily accept. Falaster has a modest dwelling in Little Calimshan, a walled neighborhood in the Outer City, and suggests making a brief stop there so he can equip himself with weapons before continuing the journey to Candlekeep.",
Ka-Nanji,卡南吉,project-proposed,canonical-name,ToA,74,data/2/entries/4/entries/27/entries/0,3,"This great garden (map 2.12) was built to honor Zalkoré, a vain Omuan queen. Its builder, Thiru-taya, was Zalkoré's foremost general and consort. In their time, the garden was called Ka-Nanji, the Hanging Garden of Dreams. Ka-Nanji was a palatial retreat from the intrigues and pressures of Omu, and the beautiful, tiered garden was praised as a worthy tribute to the queen.",
Kakarol,卡卡羅爾,project-proposed,canonical-name,ToA,93,data/3/entries/3/entries/5/entries/4/entries/0,10,"Nine deadly shrines hold the secret to entering the Tomb of the Nine Gods. To maintain the shrines' traps, {@creature Acererak|ToA} recruited a tribe of kobolds to act as shrine menders. These creatures dwell in cellars beneath a ruined marketplace ({@area area 15|262|x}). {@creature Acererak|ToA} has promised to transform their sorcerer, Kakarol, into a dragon if the kobolds keep their end of their bargain. Too impatient to wait for his ascension, Kakarol has taken to sleeping on a small hoard of treasure and insists his underlings address him as Great Wyrm. If the characters cut a deal with the kobolds, the sorcerer's greed is easily manipulated.",
Kamadans,六岐蛇豹人,project-proposed,heading-only,ToA,97,data/3/entries/4/entries/5/entries/2,8,"Two mated {@creature Kamadan|ToA|kamadans} (see {@adventure appendix D|ToA|9}) use a cart at the back of the shrine as their lair. If they hear intruders approaching the shrine, the kamadans try to ambush them. The kamadans fight tooth and claw to protect their three young cubs. Kamadan cubs are noncombatants that look like baby leopards and grow to adult size within a year. The cubs' snakes won't sprout from their shoulders for another 6 months. Characters can capture the cubs and spend months trying to domesticate them, but the kamadans turn on their would-be masters once they reach adulthood in a year.",
Keshma,凱什瑪,project-proposed,canonical-name,ToA,142,data/5/entries/6/entries/7/entries/1,8,"The bottle is stoppered and contains a {@creature dao} named Keshma al-Wazir, who was trapped centuries ago by {@creature Acererak|ToA}. Anyone examining the bottle spots the genie waving from within and hears her muffled voice calling out. Keshma speaks Terran only. At first, she orders the characters to release her. If they refuse, she tries to bargain with them (see ""Roleplaying the Dao"" below). While trapped inside the bottle, Keshma can't attack or cast spells. Once she's released, she can cast the {@spell tongues} spell to better communicate with her liberators.",
Keshma al-Wazir,凱什瑪·瓦齊爾,project-proposed,canonical-name,ToA,142,data/5/entries/6/entries/7/entries/1,1,"The bottle is stoppered and contains a {@creature dao} named Keshma al-Wazir, who was trapped centuries ago by {@creature Acererak|ToA}. Anyone examining the bottle spots the genie waving from within and hears her muffled voice calling out. Keshma speaks Terran only. At first, she orders the characters to release her. If they refuse, she tries to bargain with them (see ""Roleplaying the Dao"" below). While trapped inside the bottle, Keshma can't attack or cast spells. Once she's released, she can cast the {@spell tongues} spell to better communicate with her liberators.",
Khoti,科蒂,project-proposed,canonical-name,ToA,123,data/4/entries/4/entries/20/entries/2,3,"Issar is too stately to speak to the ""meat"" under his command. Instead, he's chosen a Chultan slave boy named Khoti to translate his subtle, unspoken gestures. A twitch of the tail could be interpreted as an order to fetch water, or the flick of the tongue an approval. In truth, Khoti makes up most of what he sees. Issar couldn't care less either way, as long as the correct amount of deference is shown. If strangers appear before Issar, Khoti questions them on his master's behalf.",
Killing Thavius,殺死塔維斯,project-proposed,heading-only,BGDIA,152,data/8/entries/6/entries/4/entries/3/entries/1/name,1,Killing Thavius,
Killing Time in the Tavern,在酒館消磨時間,project-proposed,heading-only,BGDIA,18,data/1/entries/7/entries/5/entries/3/name,1,Killing Time in the Tavern,
King Toba,託巴國王,project-proposed,heading-only,ToA,36,data/1/entries/12/entries/5/entries/2/entries/0/rows/10/1,4,"There are giant snapping turtles in Snapping Turtle Bay. One of them is as big as a house. He's known as King Toba, and his shell has gemstones embedded in it.",
King of Feathers,翎羽之王,existing-site,heading-only,ToA,94,data/3/entries/3/entries/5/entries/6/entries/2,15,"Hooded Lantern has graying black fur, and cataracts cloud his left eye. He is preparing himself for a glorious death fighting the great tyrannosaurus rex known as the {@creature King of Feathers|ToA} (see {@area area 13|259|x}). Copper Bell has speckled ginger fur and wears a torn blue cloth over her bony shoulders—the blanket used to comfort her cubs when they were infants. She retains much of her inquisitiveness and wry humor. {@creature Bag of Nails|ToA} has gone mad and is described in {@area area 7|22c|x}.",
Kir Sabal,基爾·薩巴爾,project-proposed,heading-only,ToA,5,data/0/entries/1/entries/1/rows/2/2,37,Aarakocra elder at Kir Sabal,
Kitcher,基徹爾,project-proposed,canonical-name,ToA,13,data/0/entries/6/entries/3/entries/7/entries/0,8,"Twenty frost giants came to Chult in search of the {@item Ring of Winter|ToA}. Their ship is anchored north of Kitcher's Inlet, and teams of frost giants are scouring the jungle for signs of the ring and its wearer, {@creature Artus Cimber|ToA}. A female frost giant named {@creature Drufi|ToA} leads the hunt. So far the frost giants have gone about their business unnoticed, but it's only a matter of time before they encounter a Flaming Fist patrol from Fort Beluarian. The frost giants hate Chult and its climate, but they won't give up the search for the ring no matter what the cost.",
Kitcher's Inlet,基徹爾灣,project-proposed,heading-only,ToA,13,data/0/entries/6/entries/3/entries/7/entries/0,6,"Twenty frost giants came to Chult in search of the {@item Ring of Winter|ToA}. Their ship is anchored north of Kitcher's Inlet, and teams of frost giants are scouring the jungle for signs of the ring and its wearer, {@creature Artus Cimber|ToA}. A female frost giant named {@creature Drufi|ToA} leads the hunt. So far the frost giants have gone about their business unnoticed, but it's only a matter of time before they encounter a Flaming Fist patrol from Fort Beluarian. The frost giants hate Chult and its climate, but they won't give up the search for the ring no matter what the cost.",
Knights of the Shield,堅盾騎士團,project-proposed,heading-only,BGDIA,40,data/1/entries/11/entries/3/entries/11/entries/5/entries/1,7,"Unknown to the Vanthampurs, Satiir is a member of a secret evil order whose members call themselves the Knights of the Shield, and who are the self-appointed guardians of the {@item Shield of the Hidden Lord|BGDIA}. Satiir doesn't speak of the shield. Instead, she tells her rescuers that the Vanthampurs were planning to use her to keep the Hhunes from opposing Duke Vanthampur's bid to become the new grand duke. If Satiir is allowed to escape, she informs her family and associates that the Vanthampurs stole the shield, destroying Duke Vanthampur's political future in Baldur's Gate. The characters might encounter more of Satiir's friends on the way to Candlekeep (see ""{@area Knights of the Shield|0ed|x}"").",
Knuckles,指節,project-proposed,canonical-name,ToA,62,data/2/entries/4/entries/15/entries/13/entries/1,4,"The northwest room is unoccupied. In the northeast room, three {@creature Firenewt Warrior|VGM|firenewt warriors} play knucklebones with dwarven knuckles. Four {@creature Firenewt Warrior|VGM|firenewt warriors} sleep in a heap in the middle of the southwest room. The southeast room contains two {@creature Firenewt Warlock of Imix|VGM|firenewt warlocks of Imix} arguing quietly over whether to denounce the warlock in {@area area 4|11d|x} for heresy against Imix. See {@adventure appendix D|ToA|9} for the firenewts' statistics.",
Kobold Cellars,狗頭人地窖,project-proposed,heading-only,ToA,106,data/3/entries/4/entries/16/entries/3/name,1,Kobold Cellars,
Kobolds,狗頭人,existing-site,heading-only,BGDIA,201,data/9/entries/15/entries/4/rows/3/1,46,{@dice 3d6} {@creature Kobold||kobolds},
Korhie Donadrue,柯希·多納德魯,project-proposed,canonical-name,ToA,55,data/2/entries/4/entries/12/entries/14/entries/0,1,"The iron mines of Chult provide everything the garrison needs to make weapons, armor, and metal tools and implements. Korhie Donadrue (LG male Chondathan human {@creature spy}) is the chief armorer for the fort. Having spent years as an adventurer himself before becoming a smith, he enjoys having adventurers and explorers spend time in his work area, swapping tales and sharing news of the world.",
Kostchtchie's Maw,科斯徹奇巨口,project-proposed,heading-only,BGDIA,104,data/4/entries/7/name,1,Kostchtchie's Maw,
Krr'ook,克魯克,project-proposed,canonical-name,ToA,6,data/0/entries/4/entries/6/entries/2,18,"In this adventure, three creatures know that the cause of the death curse lies in Omu: {@creature Grandfather Zitembe|ToA} in Port Nyanzaru, {@creature Valindra Shadowmantle|ToA} in the Heart of Ubtao, and Saja N'baza in Orolunga. Several creatures know Omu's location: the guides {@creature Eku|ToA} and {@creature Salida|ToA} in Port Nyanzaru, {@creature Valindra Shadowmantle|ToA} in the Heart of Ubtao, the aarakocra of Kir Sabal, Zalkoré of Nangalore, Saja N'baza in Orolunga, and the red dragon Tzindelor in Wyrmheart Mine. If the characters are unable to locate Omu or ascertain the source of the death curse, the following additional creatures might possess the knowledge they seek, at your discretion: Krr'ook in Dungrunglung, Nephyr in Firefinger, {@creature Nanny Pu'pu|ToA} in Mbala, Bwayes O'tamu in the wreck of the {@i Narwhal}, the survivors of the {@i Star Goddess} shipwreck, and Red Wizards under {@creature Valindra Shadowmantle|ToA}'s command.",
Krr'ook's Plan.,Krr'ook的計劃。,project-proposed,heading-only,ToA,51,data/2/entries/4/entries/10/entries/15/entries/2/entries/1/items/0/name,1,Krr'ook's Plan.,
Krynn,克萊恩,project-proposed,canonical-name,ToA,128,data/5/entries/3/entries/5/entries/1/items/1,2,"The replacement character hails from another world (Athas, Krynn, Oerth, medieval Earth, or any other milieu of your choosing) and is trapped in stasis within the tomb as one of {@creature Acererak|ToA}'s trophies. If the character is touched, the archlich's binding magic ends.",
Kubazan,庫巴贊,existing-site,canonical-name,ToA,92,data/3/entries/3/entries/4/entries/4,39,"When evening came, a wily eblis stepped from his reed hut. He didn't like the Omuans, but without them he'd have no one to play his tricks on. The eblis sent a marsh frog to reason with Ubtao, but the frog was angry and decided to wrestle the god instead. This amused Ubtao, so he gave the frog tentacles to make it stronger. When Kubazan the froghemoth returned to Papazotl the eblis, he chased Papazotl into the swamp with his new tentacles.",庫巴讚
Kubazan's Spirit,庫巴讚的靈魂,project-proposed,heading-only,ToA,155,data/5/entries/7/entries/16/entries/6/entries/1/name,2,Kubazan's Spirit,
Kultha,庫爾薩,project-proposed,canonical-name,ToA,118,data/4/entries/4/entries/8/entries/1,1,"{@creature Yuan-ti Priest|ToA|Yuan-ti priests} use the pool to commune with Dendar the Night Serpent. Three priests named Arakiti, Kultha, and Nyss are here at all times. They are loyal to {@creature Fenthaza|ToA} and are {@creature Yuan-ti Malison (Type 3)||type 3 yuan-ti malisons}, with these changes:",
Kupalué,庫帕魯艾,existing-site,canonical-name,ToA,5,data/0/entries/1/entries/1/rows/20/0,6,{@creature Kupalué|ToA},Kupalu&eacute;;庫帕魯艾;庫帕魯埃
Kura,庫拉,project-proposed,canonical-name,ToA,25,data/1/entries/9/entries/2/entries/3/entries/2,1,"{@creature Ekene-Afa|ToA} (LG female Chultan human {@creature gladiator}) won numerous gladiatorial contests in Port Nyanzaru's arena before she invested her winnings into financing her first trade deals. She is a legend among the common rabble who grew up watching her battles. Her husband, Kura, is a painter, and they have twin teenage sons named Soshen and Tiryk. Soshen is a city guard, and Tiryk is a popular dinosaur racer. Both were named after Chultan rivers.",
Kwayothé,克薇歐澤,existing-site,heading-only,ToA,5,data/0/entries/1/entries/1/rows/21/0,17,{@creature Kwayothé|ToA},
L1. Main Deck,L1. 主甲板,project-proposed,heading-only,BGDIA,29,data/1/entries/9/entries/3/entries/1/name,1,L1. Main Deck,
L2. Forecastle,L2. 前甲板,project-proposed,heading-only,BGDIA,29,data/1/entries/9/entries/3/entries/2/name,1,L2. Forecastle,
L3. Aftcastle,L3. 後甲板,project-proposed,heading-only,BGDIA,29,data/1/entries/9/entries/3/entries/3/name,1,L3. Aftcastle,
L4. Laraelra's Cabin,L4. 拉瑞娜的艙房,project-proposed,heading-only,BGDIA,30,data/1/entries/9/entries/3/entries/4/name,1,L4. Laraelra's Cabin,
L5. Taproom and Gambling Hall,L5. 酒吧與賭場,project-proposed,heading-only,BGDIA,30,data/1/entries/9/entries/3/entries/5/name,1,L5. Taproom and Gambling Hall,
L6. Tavern Lounge,L6. 酒館休息室,project-proposed,heading-only,BGDIA,31,data/1/entries/9/entries/3/entries/6/name,1,L6. Tavern Lounge,
L7. Guest Cabin,L7. 客房,project-proposed,heading-only,BGDIA,31,data/1/entries/9/entries/3/entries/7/name,1,L7. Guest Cabin,
L8. Sleeping Quarters,L8. 睡眠區,project-proposed,heading-only,BGDIA,31,data/1/entries/9/entries/3/entries/8/name,1,L8. Sleeping Quarters,
Lady's Hall,女士大廳,project-proposed,heading-only,BGDIA,176,data/9/entries/12/entries/6/rows/6/1,3,"A priest of Tymora approaches the party, offering them a small sum to help do a good deed for a poor family at the Lady's Hall.",
Lake Luo,羅湖,project-proposed,heading-only,ToA,30,data/1/entries/11/entries/3/entries/0,8,"The Flaming Fist is a mercenary company headquartered in (and fiercely loyal to) Baldur's Gate. The Fist maintains a permanent stronghold in Chult at Fort Beluarian. From there, Flaming Fist patrols strike out into the jungle to ""pacify"" territory and claim lost treasures. The Flaming Fist has already plundered the ruins of Mezro. Now the mercenaries and their wealthy backers in Baldur's Gate would like nothing better than to do the same to Omu, but they've had no luck locating the lost city. The Flaming Fist's researchers are convinced the city lies south of Lake Luo but east of the Peaks of Flame, at the western end of the Valley of Dread. Because of the distance from Fort Beluarian, they're looking for adventurers to conduct an initial exploration of that area and locate what they believe will be mostly abandoned ruins.",
Land of Ash and Smoke,灰燼與煙霧之地,project-proposed,heading-only,ToA,72,data/2/entries/4/entries/23/name,2,Land of Ash and Smoke,
Laraelra Thundreth,拉蕾拉·桑德雷斯,project-proposed,canonical-name,BGDIA,28,data/1/entries/9/entries/1/entries/3,3,"The owner and proprietor is Laraelra Thundreth, a middle-aged female human {@creature mage} known as ""the Captain"" to her staff and regular patrons. Laraelra is neutral and doesn't concern herself with the private affairs of her clientele, nor does she mind when visitors get rowdy or turn violent—as long as they're willing to pay for damages afterward. In public, Laraelra is often seen with her {@creature crab} familiar perched on one shoulder. From dawn till noon, she retires to her cabin ({@area area L4|089|x}) to eat, rest, and read her spellbook.",
Larvae,幼蟲魔們,existing-site,heading-only,BGDIA,94,data/3/entries/12/entries/3,8,"Throughout Avernus, aggressive hellwasp colonies shape enormous nests from the cocooned carcasses of slain angels and other fallen celestials. Such structures are magically buoyant and must be tethered by chains to the surface of Avernus. The cocooned angels writhe unpleasantly from the motion of the larvae gorging on their insides, creating the false impression that they still live. Because of this, the mere sight of a hellwasp nest has been known to drive mortals mad. This entry describes a typical nest, such as the one {@creature Lulu|BGDIA} is carried to from Haruman's Hill.",
Lava Pit,岩漿坑,project-proposed,heading-only,ToA,186,data/5/entries/10/entries/8/entries/7/name,3,Lava Pit,
Lava Trap,熔岩陷阱,project-proposed,heading-only,ToA,158,data/5/entries/8/entries/4/entries/2/entries/3/name,1,Lava Trap,
Law and Order,律法與秩序,project-proposed,heading-only,BGDIA,163,data/9/entries/6/entries/5/name,1,Law and Order,
Laws and Punishments,法律與懲罰,project-proposed,heading-only,ToA,29,data/1/entries/11/entries/1/name,2,Laws and Punishments,
Laz,拉茲,project-proposed,canonical-name,ToA,63,data/2/entries/4/entries/15/entries/17/entries/1,3,"Dwarves are the exception. There's much about the workings of Hrakhamar the firenewts still don't understand. Captured dwarves are tortured for hints about how the foundry's tools and machines work. Two luckless {@creature Albino Dwarf Warrior|ToA|albino dwarf warriors} (see {@adventure appendix D|ToA|9}) are tied, gagged, and blindfolded here when characters arrive. Their names are Laz Drumthunder and Malkar Stonegrist. Both are wounded and have 1 hit point remaining. They are also starving, dehydrated, and suffering from 5 levels of {@condition exhaustion}. Laz will recover normally with time and care, or magical healing. Malkar has gone mad; he shudders uncontrollably and screams nonstop if his gag is removed. A {@spell lesser restoration} spell or comparable magic is needed to restore his sanity. If Laz and Malkar are taken to Sithi Vinecutter, she and her companions look after them.",
Laz Drumthunder,拉茲·雷鼓,project-proposed,canonical-name,ToA,63,data/2/entries/4/entries/15/entries/17/entries/1,1,"Dwarves are the exception. There's much about the workings of Hrakhamar the firenewts still don't understand. Captured dwarves are tortured for hints about how the foundry's tools and machines work. Two luckless {@creature Albino Dwarf Warrior|ToA|albino dwarf warriors} (see {@adventure appendix D|ToA|9}) are tied, gagged, and blindfolded here when characters arrive. Their names are Laz Drumthunder and Malkar Stonegrist. Both are wounded and have 1 hit point remaining. They are also starving, dehydrated, and suffering from 5 levels of {@condition exhaustion}. Laz will recover normally with time and care, or magical healing. Malkar has gone mad; he shudders uncontrollably and screams nonstop if his gag is removed. A {@spell lesser restoration} spell or comparable magic is needed to restore his sanity. If Laz and Malkar are taken to Sithi Vinecutter, she and her companions look after them.",
Lead Rules Developer,首席規則開發者,project-proposed,heading-only,ToA,,data/12/entries/0/entries/0/items/4/name,1,Lead Rules Developer,
Learning of the Shrines,瞭解聖地,project-proposed,heading-only,ToA,94,data/3/entries/3/entries/6/entries/4/name,1,Learning of the Shrines,
Leaving Elturel,離開埃爾託瑞爾,project-proposed,heading-only,BGDIA,66,data/2/entries/7/entries/8/entries/2,4,"As the characters investigate the cemetery, they observe dozens of {@creature Skeleton||skeletons} and {@creature Zombie||zombies} moving about the grounds. These undead, wandering aimlessly and without direction, pose no threat to the characters on their way into the chapel. However, if the characters fail to deal with Gideon before leaving Elturel, the priest has time to coordinate the efforts of the undead, turning them into a potent threat against the city.",
Leaving a Host,離開宿主,project-proposed,heading-only,ToA,129,data/5/entries/4/entries/3/name,1,Leaving a Host,
Leaving the Chapel,離開教堂,project-proposed,heading-only,BGDIA,70,data/2/entries/7/entries/8/entries/16/name,1,Leaving the Chapel,
Leaving the Shrine,離開神殿,project-proposed,heading-only,ToA,82,data/2/entries/4/entries/31/entries/7/name,1,Leaving the Shrine,
Ledge,巖架,project-proposed,heading-only,BGDIA,38,data/1/entries/11/entries/3/entries/4/entries/1,34,"Smooth stone trenches cut into the floors channel water and waste toward {@area area V30|0d7|x}. These trenches are 4 feet wide and 3 feet deep, with arching stone bridges spanning them at irregular intervals. The ledge on either side of a trench is 3 feet wide.",
Ledges,巖架,project-proposed,heading-only,ToA,45,data/2/entries/4/entries/7/entries/11/entries/4/name,9,Ledges,
Legend of the Nine Gods,九神傳說,project-proposed,heading-only,ToA,92,data/3/entries/3/entries/4/name,11,Legend of the Nine Gods,
Legendary Monsters,傳奇怪物,project-proposed,heading-only,ToA,126,data/5/entries/3/entries/2/entries/2/name,2,Legendary Monsters,
Legendary Resistance (3/Day),傳奇抗性 (3/日),existing-site,heading-only,ToA,106,data/3/entries/4/entries/14/entries/3/entries/2/entries/0/name,1,Legendary Resistance (3/Day),
Lemure Kiss,劣魔之吻,project-proposed,heading-only,BGDIA,214,data/10/entries/8/entries/4/entries/1/rows/3/1,2,Lemure kiss,
Lesser Devils,下級魔鬼,existing-site,heading-only,BGDIA,212,data/10/entries/4/entries/4/entries/1/colLabels/0,3,Lesser Devils,
Level 1. Abandoned Cave,第一層。廢棄的洞穴,project-proposed,heading-only,ToA,52,data/2/entries/4/entries/11/entries/10/name,1,Level 1. Abandoned Cave,
Level 1: Rotten Halls,第一層：腐爛大廳,project-proposed,heading-only,ToA,130,data/5/entries/5/name,1,Level 1: Rotten Halls,
Level 2. Stirge Cave,第二層。吸血蝙蝠洞,project-proposed,heading-only,ToA,52,data/2/entries/4/entries/11/entries/11/name,1,Level 2. Stirge Cave,
Level 2: Dungeon of Deception,第二層：欺騙之迷宮,project-proposed,heading-only,ToA,139,data/5/entries/6/name,1,Level 2: Dungeon of Deception,
Level 3. Pterafolk Nest,第三層。翼手獸的巢穴,project-proposed,heading-only,ToA,53,data/2/entries/4/entries/11/entries/12/name,1,Level 3. Pterafolk Nest,
Level 3: Vault of Reflection,第三層：反思之庫,project-proposed,heading-only,ToA,146,data/5/entries/7/name,1,Level 3: Vault of Reflection,
Level 4. Pinnacle,第四層。尖頂,project-proposed,heading-only,ToA,53,data/2/entries/4/entries/11/entries/13/name,1,Level 4. Pinnacle,
Level 4: Chambers of Horror,第四層：恐怖之室,project-proposed,heading-only,ToA,157,data/5/entries/8/name,1,Level 4: Chambers of Horror,
Level 5: Gears of Hate,第五層：仇恨之齒輪,project-proposed,heading-only,ToA,168,data/5/entries/9/name,1,Level 5: Gears of Hate,
Level 6: Cradle of the Death God,第六層：死亡之神的搖籃,project-proposed,heading-only,ToA,178,data/5/entries/10/name,1,Level 6: Cradle of the Death God,
Liara,莉爾阿,project-proposed,canonical-name,BGDIA,10,data/1/entries/3/entries/2,40,"In the grand duke's absence, the government of Baldur's Gate continues to function under the three remaining dukes—Belynne Stelmane, Dillard Portyr, and Thalamra Vanthampur. Duke Portyr has gone so far as to recall his niece, Liara Portyr, from her post as commander of the Flaming Fist at Fort Beluarian in Chult, in the hopes that she can keep the Flaming Fist in check. However, it will take time for her ship to arrive. Meanwhile, refugees from Elturgard continue to arrive with dire claims that nothing remains of Elturel except a crater in the ground.",
Licensing Manager,許可管理,project-proposed,heading-only,BGDIA,,data/17/entries/0/items/23/name,1,Licensing Manager,
Life in the Nine Hells,九獄生活,project-proposed,heading-only,BGDIA,9,data/0/entries/5/name,1,Life in the Nine Hells,
Lighting,光照,existing-site,heading-only,ToA,122,data/4/entries/4/entries/14/entries/4/entries/1/entries/0,2,"Also present is a sealed case containing ten blocks of temple incense. Lighting a block creates a hazy cloud that fills a 20-foot-diameter sphere and moves with the block. Any creature that starts its turn in the cloud and breathes the air must succeed on a {@dc 16} Constitution saving throw or fall into a dreamlike stupor laced with nightmarish visions. Though it remains awake, the creature is {@condition poisoned}. Even yuan-ti are vulnerable to this effect, which lasts for 1 hour after a creature leaves the cloud, or until it receives a {@spell lesser restoration} spell or similar magic.",
Lightning,閃電,existing-site,heading-only,BGDIA,52,data/2/entries/1,25,"Once a holy city whose folk venerated Lathander, Torm, Helm, and Tyr, Elturel is now a site of doom and despair tethered some five hundred feet above the River Styx. Eight great chains bind the city to jagged posts of infernal iron, which stick up out of the ground like gargantuan spikes. (See ""{@area Climbing Down|190|x}"" at the end of this chapter for a full description of the infernal chains.) The bottoms of those spikes are guarded by scores of devils, making escaping the city by climbing down an arduous task. The Companion, the second sun that provided so much solace and protection to the city for years, now glares down on Elturel like a baleful eye—a black void crackling with lightning.",
Little Calimshan,小卡利姆沙,project-proposed,heading-only,BGDIA,42,data/1/entries/12/entries/2,23,"If invited to join the characters on their journey to Candlekeep, Reya and Falaster readily accept. Falaster has a modest dwelling in Little Calimshan, a walled neighborhood in the Outer City, and suggests making a brief stop there so he can equip himself with weapons before continuing the journey to Candlekeep.",
Livestock Restriction,牲畜限制,project-proposed,heading-only,BGDIA,164,data/9/entries/7/entries/2/entries/5/entries/2/name,1,Livestock Restriction,
Lizardfolk,蜥蜴人,existing-site,heading-only,BGDIA,194,data/9/entries/14/entries/4/entries/5,8,"{@b Sow's Foot}. Here, expatriates from dozens of far-flung nations mingle with races ranging from lizardfolk to svirfneblin among the scents of exotic food and the calls of strange animals, banding together against a city that views them as outsiders.",
Locations in Chult,楚爾特的地點,project-proposed,heading-only,ToA,41,data/2/entries/4/name,1,Locations in Chult,
Locations in the City,城市中的地點,project-proposed,heading-only,BGDIA,66,data/2/entries/7/entries/8/entries/0,3,"The section describes locations in the city's cemetery—both the chapel and the areas around it (areas G1 through G6), and a subterranean ossuary level beneath the chapel (areas G7 through G12). The descriptions of the areas in this section are keyed to {@adventure map 2.5|BGDIA|2|Map 2.5: Grand Cemetery Chapel} and {@adventure map 2.6|BGDIA|2|Map 2.6: Grand Cemetery, Ossuary level}.",
Locations in the Temple,神廟內的位置,project-proposed,heading-only,ToA,114,data/4/entries/4/name,1,Locations in the Temple,
Locked Door,鎖住的門,project-proposed,heading-only,BGDIA,37,data/1/entries/11/entries/2/entries/2,3,"{@b Iron Doors}. Doors are made of riveted iron plates, with iron handles and well-oiled hinges. Some doors have locks or barred windows set into them, as noted in the text. A character can use {@item thieves' tools|phb} to pick a door's lock with a successful {@dc 15} Dexterity check, or force open a locked door with a successful {@dc 24} Strength ({@skill Athletics}) check.",
Locked Doors,鎖住的門,project-proposed,heading-only,ToA,109,data/3/entries/4/entries/19/entries/4/entries/3/name,1,Locked Doors,
Locked Secret Door,鎖住的秘密門,project-proposed,heading-only,ToA,109,data/3/entries/4/entries/20/entries/5/entries/3/name,2,Locked Secret Door,
Lord Brixton,布里克斯頓爵士,project-proposed,canonical-name,ToA,103,data/3/entries/4/entries/10/entries/2,6,"Characters who search the area discover a moldy parchment caught in the lining of one of the tents; give the players a copy of handout 13 (see {@area appendix E|545|x}). The leader of the company, Lord Brixton, left this letter behind for a missing comrade. The rest of the camp has since been looted.",
Lord of Murder,謀殺之主,project-proposed,canonical-name,BGDIA,159,data/9/entries/4/entries/3/entries/1,5,"Sarevok, a Bhaalspawn and member of the Iron Throne merchants' guild, sought to spark war with the nation of Amn and become the new Lord of Murder. Another Bhaalspawn, aided by powerful allies, thwarted Sarevok's plan and brought stability, if not peace, to Baldur's Gate once more. Yet, Bhaal and his faithful have menaced the city ever since.",Murder Lord;謀殺領主
Lord of the Feast,饕餮之主,project-proposed,heading-only,ToA,156,data/5/entries/7/entries/17/entries/7/name,3,Lord of the Feast,
Lords' Alliance,領主聯盟,project-proposed,heading-only,BGDIA,160,data/9/entries/5/entries/10/entries/1,10,"Baldur's Gate trades with the coastal cities of Waterdeep and Neverwinter to the north while contending with the aggressive mercantile nation of Amn to the south. Amn seeks to dominate trade on the Sea of Swords and views Baldur's Gate as a growing threat. Baldur's Gate joined the Lords' Alliance, a coalition of independent cities that includes Neverwinter and Waterdeep, largely because of disputes with Amn. Should Amn decide to attack Baldur's Gate, the city can count on the other members of the Lords' Alliance to come to its defense. This arrangement infuriates Amn, which is not prepared to test the alliance's resolve.",
Lorsa Bilwatal,洛爾莎·比爾瓦塔爾,project-proposed,canonical-name,ToA,47,data/2/entries/4/entries/8/entries/4,2,"The templar in charge is a devout worshiper of Tyr named {@creature Niles Breakbone|ToA} (LG male Chondathan human {@creature noble}), a man who's dedicated to everything the Order of the Gauntlet represents but poorly suited to commanding a post like Camp Vengeance. Aside from Commander Breakbone, the standard garrison at the base consists of fifty-eight people, though the actual number of effective warriors at any given time is usually lower due to sickness. Breakbone has two captains under his command: Ord Firebeard (LG male gold dwarf {@creature veteran}) and Perne Salhana (LG female Tethyrian human {@creature veteran}). Reporting to them is a fighting force comprised of eight {@creature Veteran||veterans} and twenty-four {@creature Guard||guards}. This is supplemented by a religious corps of six {@creature Acolyte||acolytes} led by Sister Cyas (LG female Chondathan human {@creature priest} of Helm). Technically, the religious templars are part of the fighting force, but in practice, they spend most of their time tending the sick and wounded. Finally, the fort is supported by a ragtag troop of Chultan hunters and scouts consisting of fifteen {@creature Tribal Warrior||tribal warriors} led by Lorsa Bilwatal (CN female Chultan human {@creature scout}) and {@creature Niles Breakbone|ToA}'s longtime friend, Wulf Rygor (CG male half-elf {@creature scout}).",
Lost Treasures,失落的寶藏,project-proposed,heading-only,ToA,14,data/0/entries/6/entries/3/entries/13/entries/0,14,"After being driven out of their ancient city (see ""{@area Hisari|115|x},""), the yuan-ti claimed the ruins of Omu as their demesne. Their spies in Port Nyanzaru keep a wary eye on the merchant princes, would-be treasure hunters, and adventurers. Characters might also encounter yuan-ti purebloods, yuan-ti malisons, and yuan-ti abominations searching the jungle for hidden settlements and lost treasures.",
Low Lantern,矮提燈,project-proposed,heading-only,BGDIA,11,data/1/entries/5/entries/0,24,"{@adventure Diagram 1.1|BGDIA|1|Evil in Baldur's Gate} is a flowchart that presents the key events of this chapter in sequence. The adventurers begin as 1st-level characters, advancing to 2nd level if they survive the encounter in {@area Elfsong Tavern|01d|x} and 3rd level after conquering the {@area dungeon of the Dead Three|03a|x}. The challenges they must overcome at the {@area Low Lantern|080|x} and {@area Vanthampur Villa|096|x} are great enough to advance them to 4th level. After conquering the sewer complex {@area below the villa|0be|x} and obtaining valuable information at {@area Candlekeep|0f1|x}, the characters advance to 5th level before entering the Nine Hells in {@adventure chapter 2|BGDIA|2}.",
Lower City,下城區,project-proposed,heading-only,BGDIA,12,data/1/entries/6/entries/1/entries/0,65,"Welcome to Baldur's Gate, a veritable nest of rats and vipers clinging to the rocky slopes overlooking the Chionthar River. From their high perches in the Upper City, the local nobles—known as patriars—gaze down with veiled contempt upon the common rabble in the grimy Lower City, which hugs the foggy harbor. The whole of Baldur's Gate reeks of blood, crime, and opportunity. One can easily fathom why pirates and traders are drawn to this place like flies to a carcass.",
Lower City Gazetteer,下城區地理志,project-proposed,heading-only,BGDIA,186,data/9/entries/13/entries/5/name,1,Lower City Gazetteer,
Lower Decks,底層甲板,project-proposed,heading-only,BGDIA,118,data/5/entries/7/entries/5/entries/2,9,"After demons crippled this fortress in battle, Zariel abandoned it and left it to rust. The fortress is 150 feet tall, but the lower third of it is buried underground. All the lower decks have been picked clean, but the command deck at the top still holds promise. Characters can scale the wreck's torn outer hull to reach this deck, which is 80 feet off the ground at its lowest point. Climbing the outside of the wreck without proper gear requires a successful {@dc 15} Strength ({@skill Athletics}) check. Characters who can fly have no trouble reaching the command deck.",
Lower Level,低層,project-proposed,heading-only,ToA,27,data/1/entries/10/entries/5/name,5,Lower Level,
Lulu Falls,露露墮落,project-proposed,heading-only,BGDIA,149,data/8/entries/5/entries/3/entries/3/name,1,Lulu Falls,
Lulu the Hollyphant,聖象露露,project-proposed,heading-only,BGDIA,50,data/1/entries/15/entries/9/name,3,Lulu the Hollyphant,
Lulu's Background,露露的背景,project-proposed,heading-only,BGDIA,51,data/1/entries/15/entries/9/entries/2/name,1,Lulu's Background,
Lulu's Dream Quest,露露的夢境探索,project-proposed,heading-only,BGDIA,85,data/3/entries/7/entries/8/name,1,Lulu's Dream Quest,
Lulu's Memories,露露的記憶,project-proposed,heading-only,BGDIA,51,data/1/entries/15/entries/9/entries/3/name,2,Lulu's Memories,
Lurker in the Lake,湖中的潛伏者,project-proposed,heading-only,ToA,174,data/5/entries/9/entries/10/entries/4/name,1,Lurker in the Lake,
MAIN DISHES,主菜,project-proposed,heading-only,BGDIA,245,data/14/entries/1/entries/1/name,1,MAIN DISHES,
Machinery,機械,project-proposed,heading-only,BGDIA,121,data/5/entries/7/entries/8/entries/4/name,9,W3. Damaged Machinery,
Mad Kalita,瘋卡莉塔,project-proposed,canonical-name,ToA,67,data/2/entries/4/entries/18/entries/12/entries/1/entries/2,1,"The Dragonfang's crew includes a first mate named Mad Kalita (LE female Chultan human {@creature spy}), fifteen Chultan {@creature Bandit||bandits}, three Chultan {@creature Thug||thugs}, and a ""sea witch"" named Eye of the Deep (N female Calishite human {@creature druid}).",
Mad Maggie,瘋喜鵲,existing-site,heading-only,BGDIA,74,data/3/entries/3/entries/1,68,"The story picks up where it left off in {@adventure chapter 2|BGDIA|2}, with the characters embarking on a quest to save Elturel while {@creature Ulder Ravengard|BGDIA} and Reya Mantlemorn stay behind to organize survivors and defend the city. {@creature Lulu|BGDIA} guides the characters to Fort Knucklebone, home to a pair of kenku junk scavengers named {@creature Chukka|BGDIA} and {@creature Clonk|BGDIA}, whom {@creature Lulu|BGDIA} thinks can provide assistance. {@creature Mad Maggie|BGDIA}, the night hag who runs the fort, oversees the construction and repair of infernal war machines. If the characters agree to make a deal with the night hag, they can acquire one or more of these vehicles. {@creature Mad Maggie|BGDIA} can also help {@creature Lulu|BGDIA} unlock some of her forgotten memories.",
Mad Maggie's Infernal War Machines,瘋喜鵲的地獄戰爭機器,project-proposed,heading-only,BGDIA,84,data/3/entries/7/entries/7/entries/7/name,1,Mad Maggie's Infernal War Machines,
Maggie's Goals,瘋喜鵲的目標,project-proposed,heading-only,BGDIA,82,data/3/entries/7/entries/6/entries/4/name,1,Maggie's Goals,
Maggie's Offers,瘋喜鵲的籌碼,project-proposed,heading-only,BGDIA,82,data/3/entries/7/entries/6/entries/5/name,1,Maggie's Offers,
Magic Fountain,魔法噴泉,project-proposed,heading-only,ToA,135,data/5/entries/5/entries/11/name,4,9. Magic Fountain,
Magic Fountain Effects,魔法噴泉效果,project-proposed,heading-only,ToA,135,data/5/entries/5/entries/11/entries/2/entries/0,2,"Any creature that drinks from the fountain experiences a random magical effect, determined by rolling a {@dice d4} and consulting the Magic Fountain Effects table. Water removed from the fountain and stored in a container retains its magical properties, and a different effect occurs each time someone drinks from the container. Under the scrutiny of a {@spell detect magic} spell or similar effect, the fountain radiates an aura of transmutation magic.",
Magic Items,魔法物品,existing-site,heading-only,BGDIA,8,data/0/entries/4/entries/4/entries/2/name,33,Spells and Magic Items,
Magic Items for Sale,魔法物品出售表,project-proposed,heading-only,ToA,27,data/1/entries/9/entries/2/entries/10/entries/3,2,"Wakanga deals in knowledge, information, lost lore, potions, and scrolls. He knows of the death curse but little else about it. If the characters seem committed to ending the curse, he'll help them as best he can, including selling them minor magic items (see the Magic Items for Sale table). Wakanga has a monopoly on these items in Port Nyanzaru, so characters either pay his prices or go without. As much as he wants to help, he's unlikely to extend credit; all purchases must be in coin, gemstones, or jewelry.",
Magic Items of the Trickster Gods,惡作劇之神的魔法物品,project-proposed,heading-only,ToA,189,data/5/entries/11/entries/1/entries/2/name,1,Magic Items of the Trickster Gods,
Magic Resistance,魔法抗性,existing-site,heading-only,ToA,120,data/4/entries/4/entries/10/entries/6/entries/5/name,1,Magic Resistance,
Magic Shields and Weapons for Sale,出售魔法盾牌和武器,project-proposed,heading-only,ToA,25,data/1/entries/9/entries/2/entries/3/entries/3,2,"{@creature Ekene-Afa|ToA} sells nonmagical weapons and shields of every kind, but most of her inventory consists of flint daggers, yklwas with wooden shafts and obsidian tips (see ""{@area Buying a Special Item|084|x}""), and shields made of wooden frames with layers of reptile hide stretched over them. {@creature Ekene-Afa|ToA} pays {@creature Wakanga O'tamu|ToA} to place permanent enchantments on a select few of these items, which she sells at the prices listed in the Magic Shields and Weapons for Sale table.",
Magical Elements,魔法要素,project-proposed,heading-only,BGDIA,216,data/11/entries/4/entries/1/name,1,Magical Elements,
Magical Feast,魔法盛宴,project-proposed,heading-only,ToA,182,data/5/entries/10/entries/5/entries/4,2,"Warned of the adventurers' arrival, the hags prepared this magical feast and instructed {@creature Mister Threadneedle|ToA} to lay it out. The scarecrow attacks the characters only if they attack first, or if the hags command him to.",
Magical Gadgets,魔法小工具,project-proposed,heading-only,BGDIA,222,data/11/entries/5/entries/3/name,1,Magical Gadgets,
Magmins,火童,project-proposed,heading-only,BGDIA,129,data/6/entries/10/entries/7/entries/2/entries/0,4,"This establishment is run by three {@creature Salamander||salamanders} named Rassh, Skids, and Slagg. The salamanders owe Mahadi a debt for taking them in and secreting them away after a bold escape from {@area Bel's Forge|251|x}. They operate as indentured servants, maintaining Mahadi's infernal war machines while also crafting wares for sale to visitors. From time to time, Mahadi sends them abroad to procure parts to refurbish the caravan. Nine {@creature Magmin||magmins} and eight suits of {@creature animated armor} assist the salamanders with their work.",
Mahadi,馬哈迪,project-proposed,canonical-name,BGDIA,9,data/0/entries/5/entries/2/entries/2/items/1,74,"If the characters want something that tastes good, they must buy it from licensed sellers such as {@creature Mahadi the rakshasa|BGDIA}, who runs a restaurant called Infernal Rapture (see ""{@area Infernal Rapture|2a1|x}""). The price of a good-tasting meal is always a bit too high.",瑪哈迪
Mahadi and Lulu,馬哈迪與露露,project-proposed,heading-only,BGDIA,128,data/6/entries/10/entries/5/entries/7/name,1,Mahadi and Lulu,
Mahadi and Zariel,馬哈迪與扎瑞爾,project-proposed,heading-only,BGDIA,128,data/6/entries/10/entries/5/entries/6/name,1,Mahadi and Zariel,
Mahadi's Deals,馬哈迪的交易,project-proposed,heading-only,BGDIA,126,data/6/entries/10/entries/5/entries/4/entries/2,2,"If adventurers inform Mahadi (and by extension Asmodeus) about Arkhan's possession of the {@item Hand of Vecna}, Mahadi does everything he can to strike a deal with them, offering any of the gifts listed under ""{@area Mahadi's Deals|29b|x}"" in exchange for the artifact. This is in lieu of the terms normally offered by Asmodeus.",
"Mahadi, Emporium Master",商城之主馬哈迪,project-proposed,heading-only,BGDIA,122,data/5/entries/7/entries/8/entries/10/entries/4,2,"{@b Princeps Kovik}. Kovik's spies in {@creature Bel|BGDIA}'s Forge have told the chain devil about the adamantine rods. Kovik plans to sell them to {@creature Mahadi the Rakshasa|BGDIA|Mahadi} (see ""{@area Mahadi, Emporium Master|299|x}"") for {@item Soul Coin|BGDIA|soul coins}.",
Making Nangnang.,製作娜浪。,project-proposed,heading-only,ToA,51,data/2/entries/4/entries/10/entries/15/entries/2/entries/4/items/0/name,1,Making Nangnang.,
Making a Deal with Zariel,和扎瑞爾做交易,project-proposed,heading-only,BGDIA,148,data/8/entries/5/entries/2/entries/0,2,"If the characters fail to redeem Zariel and don't make a deal with her (see ""{@area Making a Deal with Zariel|339|x}""), she attacks. Her first goal is to destroy the adventurers who dared insult her, after which she means to erase from existence all those whom she once loved.",
Malar's Throat,馬拉之喉,project-proposed,heading-only,ToA,18,data/1/entries/8/entries/2,10,"Outside the main walls are three slums: the Old City to the southwest, where many buildings are remnants of older, pyramidal construction; Malar's Throat to the south, where buildings cling to the walls of a lush canyon spanned by rope bridges; and Tiryki Anchorage to the southeast, where explorers and river folk gather.",
Malkar,馬爾卡爾,project-proposed,canonical-name,ToA,63,data/2/entries/4/entries/15/entries/17/entries/1,3,"Dwarves are the exception. There's much about the workings of Hrakhamar the firenewts still don't understand. Captured dwarves are tortured for hints about how the foundry's tools and machines work. Two luckless {@creature Albino Dwarf Warrior|ToA|albino dwarf warriors} (see {@adventure appendix D|ToA|9}) are tied, gagged, and blindfolded here when characters arrive. Their names are Laz Drumthunder and Malkar Stonegrist. Both are wounded and have 1 hit point remaining. They are also starving, dehydrated, and suffering from 5 levels of {@condition exhaustion}. Laz will recover normally with time and care, or magical healing. Malkar has gone mad; he shudders uncontrollably and screams nonstop if his gag is removed. A {@spell lesser restoration} spell or comparable magic is needed to restore his sanity. If Laz and Malkar are taken to Sithi Vinecutter, she and her companions look after them.",
Malkar Stonegrist,馬爾卡爾·磨石,project-proposed,canonical-name,ToA,63,data/2/entries/4/entries/15/entries/17/entries/1,1,"Dwarves are the exception. There's much about the workings of Hrakhamar the firenewts still don't understand. Captured dwarves are tortured for hints about how the foundry's tools and machines work. Two luckless {@creature Albino Dwarf Warrior|ToA|albino dwarf warriors} (see {@adventure appendix D|ToA|9}) are tied, gagged, and blindfolded here when characters arrive. Their names are Laz Drumthunder and Malkar Stonegrist. Both are wounded and have 1 hit point remaining. They are also starving, dehydrated, and suffering from 5 levels of {@condition exhaustion}. Laz will recover normally with time and care, or magical healing. Malkar has gone mad; he shudders uncontrollably and screams nonstop if his gag is removed. A {@spell lesser restoration} spell or comparable magic is needed to restore his sanity. If Laz and Malkar are taken to Sithi Vinecutter, she and her companions look after them.",
Man and Crocodile,人類與鱷魚,project-proposed,heading-only,ToA,45,data/2/entries/4/entries/7/entries/11/name,7,6. House of the Man and Crocodile,
Managing Editor,主管編輯,project-proposed,heading-only,BGDIA,,data/17/entries/0/items/5/name,1,Managing Editor,
Managing Editors,管理編輯,project-proposed,heading-only,ToA,,data/12/entries/0/entries/0/items/5/name,1,Managing Editors,
Mandorcai's Mansion,曼多卡伊的大廈,project-proposed,heading-only,BGDIA,185,data/9/entries/13/entries/4/entries/4/rows/9/1,4,"A winding crack in the street shrieks when a specific party member steps on it. The crack runs for blocks, tracing back to Mandorcai's Mansion.",
Mantraps,捕人草,project-proposed,heading-only,ToA,83,data/2/entries/4/entries/40/entries/0,4,"This bay is beautiful beyond compare. Though the sky is dark with clouds of smoke and ash streaked with lightning, the white sand beaches, lush forests, bright coral reefs, and colorful wildlife make this a restful retreat from the horrors of Chult. The shore is not without its dangers, but even they are inviting and wondrous to behold. Tri-flower fronds, mantraps, and jaculis are common, as are the fierce and aggressive giant snapping turtles that give the bay its name. See {@adventure appendix D|ToA|9} for more information on these creatures.",
Mapping Avernus,繪製阿弗納斯地圖,project-proposed,heading-only,BGDIA,79,data/3/entries/6/entries/4/name,1,Mapping Avernus,
Market Ward,市場區,project-proposed,heading-only,ToA,18,data/1/entries/8/entries/3,4,"About half the city's population lives crowded together outside the walls, where they're always exposed to sudden attacks by carnivores or undead. A volunteer citizens' brigade keeps watch for approaching danger. When residents of the outer wards hear the long blast of warning horns, day or night, they scramble for the safety of the Market Ward and Merchants' Ward until the all clear sounds.",
Marketing and Communications,市場營銷和交流,project-proposed,heading-only,BGDIA,,data/17/entries/0/items/24/name,1,Marketing and Communications,
Masks,面具,project-proposed,heading-only,BGDIA,27,data/1/entries/8/entries/4/entries/3/entries/0,36,"As you emerge from the bathhouse, five figures leap down from the top of the courtyard wall to confront you. In addition to their black leather armor, they wear strange masks and cloaks that give each of them a vaguely dragon-like appearance. All five brandish curved steel blades reminiscent of dragon claws.",
Maze,迷宮術,project-proposed,heading-only,BGDIA,107,data/5/entries/1/entries/3/entries/0,64,"A maze of warped trees and bonelike vines stretches before you. Calcified corpses merge with the trees, covered in fungal pods that feed on the blood oozing through the undergrowth. Here and there, narrow paths wend deeper into the wood.",
Maze Discoveries,迷宮發現,project-proposed,heading-only,ToA,167,data/5/entries/8/entries/12/entries/3/entries/8/entries/0,2,"Any character in the maze can spend time exploring it. At the end of each turn spent exploring the maze, roll percentile dice and use the Maze Discoveries table to determine what, if anything, the character finds. Any character who finds a crystal key and picks it up is teleported to an unoccupied space next to Unkh's sarcophagus, along with all gear and possessions.",
Maztica,馬茲提卡,project-proposed,canonical-name,ToA,14,data/0/entries/6/entries/3/entries/10/entries/0,2,"Tabaxi are feline humanoids, originally native to the western continent of Maztica. Some Chultans refer to them as ""cat folk"" or ""leopard people."" Groups of tabaxi wound up in Chult after escaping from slavers. They are a cultured people and seldom evil. A few work as guides out of Port Nyanzaru. Others enter the jungle in small groups to hunt grungs and goblins for their own purposes.",
Mbala,姆巴拉,project-proposed,heading-only,ToA,5,data/0/entries/1/entries/1/rows/27/2,16,Green hag living in the village of Mbala,
Meat Grinder,肉磨機,project-proposed,heading-only,ToA,6,data/0/entries/4/entries/7/entries/3/name,3,Meat Grinder,
Mechanus,機械境,project-proposed,canonical-name,ToA,169,data/5/entries/9/entries/5/entries/7/name,12,Mechanus Wardrobe,
Mechanus Wardrobe,機械境衣櫃,project-proposed,heading-only,ToA,169,data/5/entries/9/entries/5/entries/7/name,1,Mechanus Wardrobe,
Meeting Captain Zodge,與佐迪隊長見面,project-proposed,heading-only,BGDIA,12,data/1/entries/6/entries/7/name,2,Meeting Captain Zodge,
Menga Leaves,曼加葉,project-proposed,heading-only,ToA,95,data/3/entries/3/entries/7/entries/8/entries/1/rows/1/1,6,Menga bush with {@dice 1d6} {@item Menga leaves (1 ounce)|ToA|ounces of leaves},
Mephits,魔蝠,existing-site,heading-only,ToA,63,data/2/entries/4/entries/15/entries/16/entries/1,19,These linked caverns are the lair of two {@creature Smoke Mephit||smoke mephits}. What the characters perceive as a dim lantern is a {@spell dancing lights} spells cast by one of the mephits to lure the characters deeper into the noxious lair.,
Merchant Prince's Villa,商業王子別墅,project-proposed,heading-only,ToA,20,data/1/entries/8/entries/7/entries/2/name,5,5. Merchant Prince's Villa,
Merchant Princes,商人王子,project-proposed,heading-only,BGDIA,188,data/9/entries/13/entries/5/entries/6/entries/0,48,"Eastway Expeditions used to buy dubious exploration and dungeon-delving gear on the cheap—often from hollow-eyed early retirees—before marking it up to sell to optimistic would-be heroes. Scalm Shilvin, a neutral female tiefling {@creature spy}, is the shop's slick, tail-coat-wearing tiefling proprietor. She made a decent living from her business, but all that changed when Baldur's Gate forged a lucrative trade alliance with the merchant princes of Port Nyanzaru in Chult.",
Merchants' Ward,商人區,project-proposed,heading-only,ToA,18,data/1/entries/8/entries/3,3,"About half the city's population lives crowded together outside the walls, where they're always exposed to sudden attacks by carnivores or undead. A volunteer citizens' brigade keeps watch for approaching danger. When residents of the outer wards hear the long blast of warning horns, day or night, they scramble for the safety of the Market Ward and Merchants' Ward until the all clear sounds.",
Mercy for the Fallen,憐憫墮落之人,project-proposed,heading-only,BGDIA,152,data/8/entries/6/entries/4/entries/3/entries/2/name,1,Mercy for the Fallen,
Merilyn,梅莉琳,project-proposed,canonical-name,BGDIA,189,data/9/entries/13/entries/5/entries/11/entries/1,5,"The Hissing Stones hold a special niche in Baldurian politics due to its status as a neutral, safe, and private meeting place. Its longtime proprietor, a neutral female moon elf {@creature spy} named Merilyn Allaryr, ensures that clients enter the baths bearing nothing but the thin robes she provides, leaving all weapons and other possessions with her. Merilyn's reputation, and that of her highly capable attendants, is formidable enough that even rival crews or businesses engaged in the tensest of negotiations never violate the house's rule against violence.",
Mesmerizing Incense,迷人香,project-proposed,heading-only,ToA,119,data/4/entries/4/entries/10/entries/6/entries/1,2,"During the ritual, mesmerizing incense is burned in the wall sconces. (See {@area area 13|2e7|x} for more information on the incense.) {@creature Fenthaza|ToA} preaches to the congregation from the north balcony. As the ceremony reaches fever pitch, she joins the revelers in the blood pool to feast on the slaves before slithering back to her quarters. On occasion, human slaves are transformed into yuan-ti purebloods or broodguards during these rituals. To undergo the change, slaves must bathe with snakes in the blood of sacrificial victims while under the influence of temple drugs. The transformation leaves each slave with {@dice 1d6} levels of {@condition exhaustion}. Once they've shed their old skin, those who survive the process are taken to their new home in the yuan-ti nests ({@area area 18|2f5|x}) to recuperate. Those who die are fed to the hydra in {@area area 21|2ff|x}.",
Mezro,梅茲羅,project-proposed,heading-only,ToA,5,data/0/entries/3/entries/2,22,"Also lurking in the heart of Chult is {@creature Ras Nsi|ToA}, a mythic, villainous figure among Chultans. {@creature Ras Nsi|ToA} was a human paladin and a sworn protector of the city of Mezro. He betrayed his oaths and was banished. Rather than redeem himself, he raised an undead army to conquer Mezro. The would-be tyrant was defeated and banished once more. Mezro was later destroyed by the Spellplague (or so it seemed), during which {@creature Ras Nsi|ToA} lost his power to create and command undead. He withdrew to the city of Omu, leaving the vestiges of his undead army to roam unchecked throughout the jungle. That was not the end of {@creature Ras Nsi|ToA}, however. Bitter over his loss of power, he forged an alliance with the yuan-ti lurking in the ruins of Omu and underwent a ritual of transformation, becoming a yuan-ti malison. As a yuan-ti, {@creature Ras Nsi|ToA} imposed his terrible will on the evil snake people and became their leader.",
Mezzanine Message,夾層訊息,project-proposed,heading-only,ToA,78,data/2/entries/4/entries/27/entries/12/entries/8/name,1,Mezzanine Message,
Mickey,米奇,project-proposed,canonical-name,BGDIA,82,data/3/entries/7/entries/6/entries/3/title,13,{@creature Mad Maggie|BGDIA} and Mickey,
Mickey the Flesh Golem,血肉魔像米奇,project-proposed,heading-only,BGDIA,83,data/3/entries/7/entries/7/entries/3/name,1,Mickey the Flesh Golem,
Mickey's Goal,米奇的目標,project-proposed,heading-only,BGDIA,83,data/3/entries/7/entries/7/entries/3/entries/1/name,1,Mickey's Goal,
Military,軍用,existing-site,heading-only,BGDIA,12,data/1/entries/6/entries/7/entries/1,13,"When he's not flexing his military muscle or taking bribes, Captain Zodge presents himself as a forthright, level-headed man who treats others with the respect he demands in return. When the characters are ready to hear what he has to say, read the following boxed text aloud to the players:",
Mirror Tomb,鏡之墓,project-proposed,heading-only,ToA,140,data/5/entries/6/entries/3/entries/4/name,7,Mirror Tomb,
Mirror of Mephistar,梅菲斯特之鏡,project-proposed,heading-only,BGDIA,99,data/4/entries/2/entries/8/entries/3/entries/0,5,"Dropping its disguise, the barlgura demon implores the characters to seek out Mephistopheles and return with an answer to his puzzle. The barlgura then gives them directions to a magic mirror (the Mirror of Mephistar) that can be used to gaze into Cania and contact the archdevil. If the characters win over Mephistopheles, Ubbalux promises to guide them to someone who can help them find the Bleeding Citadel.",
Mishap Threshold,厄運閥值,project-proposed,heading-only,BGDIA,216,data/11/entries/3/entries/4/entries/2/name,3,Mishap Threshold,
Mishaps,厄運,project-proposed,heading-only,BGDIA,216,data/11/entries/3/entries/4/entries/2/entries/0,9,"If an infernal war machine takes damage from a single source equal to or greater than its mishap threshold, it must roll on the Mishaps table (see ""{@area Mishaps|433|x}"").",
Mist Gate,迷霧之門,project-proposed,heading-only,ToA,184,data/5/entries/10/entries/8/entries/5/entries/1/items/0,5,"Fickle I'jin encourages her host to investigate the mist-filled archway on the south balcony (see ""Mist Gate"" below).",
Mistcliff,迷霧崖,project-proposed,heading-only,ToA,54,data/2/entries/4/entries/12/entries/8,3,"The main reason adventurers have for visiting Fort Beluarian is to buy a ""charter of exploration."" Baldur's Gate lays claim to everything east of the Mistcliff and north of Kitcher's Inlet, and now that Mezro is picked clean, it's trying to extend its claim south to Refuge Bay. No one (including the merchant princes of Port Nyanzaru) has the force in Chult to dispute this claim. So within its territory, the Flaming Fist does as it pleases, including demanding that explorers buy charters. A charter grants permission to the holder to explore Chult and plunder its riches, but half of an expedition's proceeds and discoveries must be turned over to the Flaming Fist. The charter costs 50 gp, which is treated as a down payment on the split of profits. In addition, those who buy a charter can hire up to six Flaming Fist mercenaries ({@creature Guard||guards}) to accompany them for the very reasonable rate of 1 gp per tenday each. It's easy enough to launch an expedition from Port Nyanzaru without a charter. The only risk is that if a Flaming Fist patrol runs into an expedition without a charter, it will attack the expedition and confiscate its gear.",
Moa,莫阿,existing-site,canonical-name,ToA,92,data/3/entries/3/entries/4/entries/5,34,"That night, a su-monster broke into Ubtao's palace and stole a pail of water for the Omuans. When the god came running to find it, the su-monster hid the pail in a jaculi's burrow. Ubtao asked the jungle animals where his water was hidden, and Moa the jaculi was too honest to lie. When Wongo the su-monster found out how Moa had betrayed him, he vowed to catch the jaculi and eat him up.",摩亞
Moa's Spirit,摩亞的靈魂,project-proposed,heading-only,ToA,138,data/5/entries/5/entries/16/entries/5/entries/1/name,2,Moa's Spirit,
Modron Intervention,魔冢干預,project-proposed,heading-only,ToA,177,data/5/entries/9/entries/14/entries/2/name,1,Modron Intervention,
Moment of Truth.,真相時刻。,project-proposed,heading-only,ToA,51,data/2/entries/4/entries/10/entries/15/entries/2/entries/1/items/1/name,1,Moment of Truth.,
Monster in the Moon,月亮中的怪物,project-proposed,heading-only,ToA,178,data/5/entries/9/entries/15/entries/3/name,1,Monster in the Moon,
Monument to Tiamat,提亞馬特崇神處,project-proposed,heading-only,BGDIA,111,data/5/entries/3/entries/9/entries/1/entries/0,4,"If the characters convince {@creature Krull|BGDIA} to lead them to Arkhan, the tortle guides them safely to the Monument to Tiamat (see ""{@area Monument to Tiamat|24d|x}""). The characters could also stake out Arkhan's tower and await the dragonborn's return. Arkhan reacts here as he does at the Monument to Tiamat, except that he can't summon Asojano the chimera.",
More Adventures,更多冒險,project-proposed,heading-only,ToA,190,data/5/entries/11/entries/8/name,1,More Adventures,
More Dead Three Encounters,更多死亡三神的遭遇,project-proposed,heading-only,BGDIA,28,data/1/entries/8/entries/5/entries/2/name,6,More Dead Three Encounters,
More Encounters in Elturel,埃爾託瑞爾中的更多遭遇,project-proposed,heading-only,BGDIA,54,data/2/entries/5/entries/8/entries/7/entries/5/entries/2,3,"If the characters bring NPCs along, it increases the chances of having an encounter as the party moves from one location to another. Whenever you roll the {@dice d20} to determine random encounters (see ""More Encounters in Elturel""), an encounter takes place on a roll of 9 or higher.",
Mount Nevermind,無意山,project-proposed,canonical-name,ToA,178,data/5/entries/9/entries/15/entries/5/entries/0/rows/0/1,1,"The armillary sphere and any creatures inside it disappear. The DM ultimately decides where they end up, if anywhere. Possibilities include Mechanus, the Vast Swamp on Oerth, Mount Nevermind on Krynn, a desert on Athas, Victorian London on Earth, or the sun.",
Moving the Fortress,開動堡壘,project-proposed,heading-only,BGDIA,131,data/6/entries/11/entries/4/name,1,Moving the Fortress,
Murder,謀殺,project-proposed,heading-only,BGDIA,12,data/1/entries/6/entries/7/entries/5/entries/0,57,"""Baldur's Gate has long been plagued by followers of the Dead Three—the gods Bane, Bhaal, and Myrkul. I thought we had wiped them out, but apparently not. These purveyors of fear and death are taking advantage of the current crisis to commit murder sprees throughout the city. As my appointed deputies in this matter, you'll have license to kill these wretches on sight. Find their lair, and wipe it out. Eliminate anyone who gets in your way, and don't worry about collateral damage.",
Murder Consequences,謀殺後果,project-proposed,heading-only,BGDIA,209,data/9/entries/17/entries/4/entries/3/name,4,Murder Consequences,
Murder Details,謀殺細節,project-proposed,heading-only,BGDIA,209,data/9/entries/17/entries/4/entries/1/name,4,Murder Details,
Murder Squad (for 4th-level characters),謀殺小隊（適合4級角色）,project-proposed,heading-only,BGDIA,28,data/1/entries/8/entries/5/entries/2/entries/2/name,1,Murder Squad (for 4th-level characters),
Murder in Baldur's Gate,博德之門的謀殺案,project-proposed,heading-only,BGDIA,209,data/9/entries/17/entries/4/name,2,Murder in Baldur's Gate,
Musharib,穆沙瑞卜,existing-site,heading-only,ToA,5,data/0/entries/1/entries/1/rows/24/0,8,{@creature Musharib|ToA},
Myrkul Statue,米爾寇雕像,project-proposed,heading-only,BGDIA,27,data/1/entries/8/entries/3/entries/33/entries/6/name,1,Myrkul Statue,
N'buso,恩布索,project-proposed,canonical-name,ToA,22,data/1/entries/8/entries/8/entries/6/entries/0,1,"The statue at the center of the harbor represents an ancient Chultan king in full regalia, resplendent in a loincloth of leopard skin and a headdress of feathers, shells, and tyrannosaurus teeth; draped in a cape of girallon fur and monkey tails; and wielding the traditional oval shield and yklwa of Chult. Residents call it {@creature Na|ToA} N'buso, the Great King.",
N1. Entry Level,N1. 入口層,project-proposed,heading-only,BGDIA,94,data/3/entries/12/entries/7/entries/3/name,1,N1. Entry Level,
N2. Drone Cells,N2. 雄蜂房間,project-proposed,heading-only,BGDIA,95,data/3/entries/12/entries/7/entries/4/name,1,N2. Drone Cells,
N3. Hellwasp Larvae,N3. 黃泉蜂幼蟲魔,project-proposed,heading-only,BGDIA,95,data/3/entries/12/entries/7/entries/5/name,1,N3. Hellwasp Larvae,
N4. Larder,N4. 食品儲藏室,project-proposed,heading-only,BGDIA,95,data/3/entries/12/entries/7/entries/6/name,1,N4. Larder,
Nahth,納斯,project-proposed,canonical-name,ToA,114,data/4/entries/3/entries/3/entries/4/entries/0/rows/0/2,7,The character learns that Nahth ({@area area 1|2ad|x}) is susceptible to bribery.,
Nangalore,南戈爾,project-proposed,heading-only,ToA,5,data/0/entries/1/entries/1/rows/44/2,22,Medusa queen of Nangalore,
Nangnang's Spirit,娜浪的靈魂,project-proposed,heading-only,ToA,143,data/5/entries/6/entries/8/entries/4/entries/1/name,2,Nangnang's Spirit,
Nanny Pu'pu,普普奶奶,existing-site,heading-only,ToA,5,data/0/entries/1/entries/1/rows/27/0,15,{@creature Nanny Pu'pu|ToA},
Napaka,娜帕卡,project-proposed,canonical-name,ToA,68,data/2/entries/4/entries/20/entries/10/entries/5,23,"Seventeen-year-old {@creature Mwaxanaré|ToA|Princess Mwaxanaré} (see {@adventure appendix D|ToA|9}) is the oldest living descendant of the royal families of Omu and the primary heir to the fallen kingdom. She and her six-year-old brother {@creature Na|ToA} (a noncombatant with AC 10 and 3 hit points) are guests of the aarakocra—although ""wards"" might be a more accurate description. Their great-grandmother, Napaka, was the last ruling queen of Omu; their father, Omek, died in a fall, and their mother, Razaan, was killed by pterafolk. The aarakocra aim to protect the young royals (and their progeny, if necessary) until the evil in Omu is banished. The aarakocra say that they're doing this solely for the future of Chult, but {@creature Asharra|ToA} secretly hopes that the aarakocra will be elevated to key roles in any renewed Chultan kingdom, if and when it comes about.",
Napaka Awakens,納帕卡覺醒,project-proposed,heading-only,ToA,172,data/5/entries/9/entries/7/entries/2/entries/3/entries/0,2,"Hidden behind a bas-relief depicting a crocodile-headed humanoid holding up a trapezoidal chest, a crawlway leads to area 62D. Close inspection of the relief reveals that the chest's keyhole is real. The jade key found in {@area area 53|459|x} can be used to unlock the relief and swing it open, revealing the crawlway. The lock can also be picked with a successful {@dc 21} Dexterity check made by a character using {@item thieves' tools|PHB}. But if the check fails by 5 or more, the secret door in the west wall slides open to release the stone juggernaut (see ""Napaka Awakens"" in area 62D).",
Narg,納爾格,project-proposed,canonical-name,BGDIA,126,data/6/entries/9/entries/6/entries/1,1,"Zartar believes that the sundered chain can bestow great strength upon any chain devil that stands atop it while chanting prayers to Asmodeus. The chain devil is guarded by two {@creature Bearded Devil||bearded devils}, Narg and Yangor. If the characters make any noise near Zartar, they disturb the chain devil's concentration, causing all three devils to attack with fury.",
Narzugon Cavalier,魘騎魔騎士,project-proposed,heading-only,BGDIA,54,data/2/entries/5/entries/9/entries/3/rows/6/1,2,{@area Narzugon cavalier|127|x},
Nascius,納西烏斯,project-proposed,canonical-name,BGDIA,154,data/8/entries/6/entries/7/entries/4/entries/0,1,"If the Companion is shattered or unlocked, the {@creature planetar} inside it is released. The planetar's name is Nascius, and its power can help save Elturel, but only if the infernal chains that bind the city have been severed. If asked to save the city, the planetar takes a brief moment to recover its strength. It then swoops down below the fallen city, rises to set the earthmote on its broad shoulders, and raises Elturel out of Avernus and back to its rightful place in the Material Plane.",
Nasty Boy,壞小子號,project-proposed,canonical-name,ToA,32,data/1/entries/12/entries/3/entries/3/entries/0/rows/6/4,1,Nasty Boy (allosaurus with famous trainer),
Navel of the Moon,月亮的肚臍,project-proposed,heading-only,ToA,102,data/3/entries/4/entries/8/entries/3/entries/6,7,"If {@creature Bag of Nails|ToA} drops to fewer than half his maximum hit points, he surrenders to his enemies, leads them to his lair (a ruined basement), and offers them stew in a show of friendship. While distributing bowls of stew, he explains that he came to Omu to find a fabled treasure called the Navel of the Moon (see {@area chapter 5|478|x}). He hoped to use its alleged powers to find his lost son, but he has long since given up hope of ever finding it. A successful {@dc 15} Wisdom ({@skill Insight}) check reveals that the tabaxi has no intention of letting the characters leave his domain alive. He laces the stew with {@item midnight tears||midnight tears (ingested)} (see ""{@book Poisons|DMG|8|Poisons}"" in chapter 8 of the {@i Dungeon Master's Guide}).",
Navel of the Moon (Area 56),月亮的肚臍（區域56）,project-proposed,heading-only,ToA,189,data/5/entries/11/entries/1/entries/1/entries/3/name,1,Navel of the Moon (Area 56),
Navigation,導航,project-proposed,heading-only,BGDIA,80,data/3/entries/6/entries/5/entries/1,5,"When charting a course through Avernus, ask the player whose character is overseeing navigation to roll two dice:",
Necromantic Mist,暗蝕迷霧,project-proposed,heading-only,BGDIA,68,data/2/entries/7/entries/8/entries/9/entries/3/name,1,Necromantic Mist,
Needle's Bones,針骨,project-proposed,heading-only,ToA,34,data/1/entries/12/entries/4/entries/7/entries/3,3,"In desperation, {@creature Gondolo|ToA} bought a treasure map from a fever-wracked explorer who needed cash to buy passage back to Baldur's Gate. Miraculously, the map accurately indicates the location of Needle's Bones. This hapless pair hope to be hired by adventurers on an equal-shares basis so they can lead the group to what they believe will be an easily claimed dragon's hoard.",針's Bones
Neema,尼瑪,project-proposed,canonical-name,ToA,120,data/4/entries/4/entries/11/entries/4,4,"{@creature Ras Nsi|ToA}'s yuan-ti champion, {@creature Sekelok|ToA} ({@area area 11|2da|x}), is fascinated by the concubine Neema and courts disaster by visiting her in the dead of night. Neema browbeats the other concubines to cover up her affair.",
Neighborhoods,社群,project-proposed,heading-only,BGDIA,174,data/9/entries/11/entries/0,18,"Today, Baldur's Gate is split into three districts: the wealthy Upper City on the hills above the docks, the bustling Lower City around the harbor, and the lawless Outer City (which includes all neighborhoods outside the city walls). Regardless of what district one might be visiting, certain features are impossible to ignore, like the wash of Gray Harbor, the shadows of Dusthawk Hill, or the gates that contribute to the city's name.",
"Neighbors, Rivals, and Allies",鄰居、對手和盟友,project-proposed,heading-only,BGDIA,160,data/9/entries/5/entries/10/name,1,"Neighbors, Rivals, and Allies",
Nepartak's Skull,尼帕塔克的頭骨,project-proposed,heading-only,ToA,137,data/5/entries/5/entries/16/entries/3/name,1,Nepartak's Skull,
Nephyr,涅菲爾,project-proposed,canonical-name,ToA,6,data/0/entries/4/entries/6/entries/2,4,"In this adventure, three creatures know that the cause of the death curse lies in Omu: {@creature Grandfather Zitembe|ToA} in Port Nyanzaru, {@creature Valindra Shadowmantle|ToA} in the Heart of Ubtao, and Saja N'baza in Orolunga. Several creatures know Omu's location: the guides {@creature Eku|ToA} and {@creature Salida|ToA} in Port Nyanzaru, {@creature Valindra Shadowmantle|ToA} in the Heart of Ubtao, the aarakocra of Kir Sabal, Zalkoré of Nangalore, Saja N'baza in Orolunga, and the red dragon Tzindelor in Wyrmheart Mine. If the characters are unable to locate Omu or ascertain the source of the death curse, the following additional creatures might possess the knowledge they seek, at your discretion: Krr'ook in Dungrunglung, Nephyr in Firefinger, {@creature Nanny Pu'pu|ToA} in Mbala, Bwayes O'tamu in the wreck of the {@i Narwhal}, the survivors of the {@i Star Goddess} shipwreck, and Red Wizards under {@creature Valindra Shadowmantle|ToA}'s command.",
Nest,巢穴,project-proposed,heading-only,BGDIA,10,data/1/entries/2,55,"The city of Elturel, capital of Elturgard, is located much farther inland along the River Chionthar. Whereas Baldur's Gate has a well-earned reputation for being a nest of vipers, Elturel is seen as a beacon of faith, order, and high culture. The two cities have endured a long, bitter rivalry that originated when Baldur's Gate began stealing cargo and coin from ships heading to and from Elturel, stifling that city's sea trade. Though the conflicts between Baldur's Gate and Elturel have always fallen short of open warfare, relations between the cities have been tense for a long time—too long, some would say.",
Nest Occupants,巢穴居住者,project-proposed,heading-only,ToA,95,data/3/entries/3/entries/7/entries/6/entries/0,2,"Vermin have made a nest in the building. Roll a {@dice d6} and consult the Nest Occupants table to determine the nest's inhabitants. Any character damaged by a giant wasp must succeed on a {@dc 11} Constitution saving throw at the end of the encounter or become infected with shivering sickness (see ""{@area Diseases|0a3|x}"").",
Next Event,下一個事件,project-proposed,heading-only,BGDIA,142,data/7/entries/6/entries/4/entries/1/entries/7/name,6,Next Event,
Next Moves,下一步行動,project-proposed,heading-only,BGDIA,72,data/2/entries/8/entries/4/entries/5/name,1,Next Moves,
Nhar,納爾,project-proposed,canonical-name,ToA,85,data/2/entries/4/entries/47/entries/3/entries/0,1,"The voice calling to the party belongs to Thasselandra Bravewing, the ship's captain (NG female Halruaan human {@creature noble}). She explains the situation briefly before she weakens and her voice becomes too soft to hear from the ground. The other crash survivors include the ship's navigator, Ra-das (N male Halruaan human {@creature scout}); the master-of-arms, Falx Haranis (CN male Halruaan human {@creature veteran}); and three other crewmen named Brax, Nhar, and Veliod (N male Halruaan human {@creature Guard||guards}). Ra-das and Falx are in the stern section; the other NPCs are all in the midsection.",
Night Hag,夜鬼婆,existing-site,heading-only,BGDIA,74,data/3/entries/3/entries/1,29,"The story picks up where it left off in {@adventure chapter 2|BGDIA|2}, with the characters embarking on a quest to save Elturel while {@creature Ulder Ravengard|BGDIA} and Reya Mantlemorn stay behind to organize survivors and defend the city. {@creature Lulu|BGDIA} guides the characters to Fort Knucklebone, home to a pair of kenku junk scavengers named {@creature Chukka|BGDIA} and {@creature Clonk|BGDIA}, whom {@creature Lulu|BGDIA} thinks can provide assistance. {@creature Mad Maggie|BGDIA}, the night hag who runs the fort, oversees the construction and repair of infernal war machines. If the characters agree to make a deal with the night hag, they can acquire one or more of these vehicles. {@creature Mad Maggie|BGDIA} can also help {@creature Lulu|BGDIA} unlock some of her forgotten memories.",
Nine Hells Wardrobe,九層地獄衣櫃,project-proposed,heading-only,ToA,170,data/5/entries/9/entries/5/entries/8/name,1,Nine Hells Wardrobe,
Nine Trickster Gods,九位詭計之神,project-proposed,heading-only,ToA,5,data/0/entries/3/entries/3,23,"Beneath the cracked and broken streets of Omu lies a secret yuan-ti temple called the Fane of the Night Serpent, where {@creature Ras Nsi|ToA} holds sway and plots to bring about the end of the world. Omu is also home to the Tomb of the Nine Gods. As the characters explore this multilevel dungeon, they encounter the spirits of Omu's trickster gods and are potentially inhabited by them. Each god embodies a different alignment, and any character inhabited by one gains a special power as well as a flaw. The nine trickster gods don't get along, and they try to push one another out of the characters' bodies. As the gods fight over their living hosts, the characters must deal with the deadly traps and monsters that guard the Soulmonger. Venturing deeper into the tomb, they uncover clues about the dungeon's evil architect—the archlich {@creature Acererak|ToA}—and learn that the Soulmonger is feeding souls to an undead horror called an atropal. Once it consumes enough souls, the atropal will transform into an evil god.",
Nine-Fingers Keene,九指基恩,existing-site,heading-only,BGDIA,171,data/9/entries/10/entries/1/entries/8/name,7,Nine-Fingers Keene,
North Balcony and Teleporter,北陽臺和傳送器,project-proposed,heading-only,ToA,119,data/4/entries/4/entries/10/entries/4/name,1,North Balcony and Teleporter,
North Door,北門,project-proposed,heading-only,BGDIA,22,data/1/entries/8/entries/3/entries/9/entries/2/name,1,North Door,
North Hall,北大廳,project-proposed,heading-only,ToA,147,data/5/entries/7/entries/5/entries/4/entries/1/name,1,North Hall,
Notary Pricing,公證費,project-proposed,heading-only,BGDIA,130,data/6/entries/10/entries/7/entries/4/entries/3/name,1,Notary Pricing,
Noteworthy Laws,值得注意的法律,project-proposed,heading-only,BGDIA,164,data/9/entries/7/entries/2/entries/5/name,1,Noteworthy Laws,
Nourishing the Atropal,滋養萎縮者爾,project-proposed,heading-only,ToA,125,data/5/entries/2/entries/2/name,1,Nourishing the Atropal,
Nrak,納拉克,project-proposed,canonical-name,ToA,53,data/2/entries/4/entries/11/entries/13/entries/3,2,"Six {@creature pterafolk|ToA} (see {@adventure appendix D|ToA|9}) lair atop the tower, including the flock's leader, Nrak, who has 40 hit points. Nrak is a hate-filled creature with a scar that begins at the top of its head and cuts down the right side of its face and chest to below its right wing.",
Nsi Wastes,恩西荒原,project-proposed,heading-only,ToA,80,data/2/entries/4/entries/29/name,2,Nsi Wastes,
Nursery Rhyme Book,兒歌書,project-proposed,heading-only,ToA,184,data/5/entries/10/entries/7/entries/6/name,1,Nursery Rhyme Book,
Nyss,尼絲,project-proposed,canonical-name,ToA,118,data/4/entries/4/entries/8/entries/1,1,"{@creature Yuan-ti Priest|ToA|Yuan-ti priests} use the pool to commune with Dendar the Night Serpent. Three priests named Arakiti, Kultha, and Nyss are here at all times. They are loyal to {@creature Fenthaza|ToA} and are {@creature Yuan-ti Malison (Type 3)||type 3 yuan-ti malisons}, with these changes:",
Oasis Theater,綠洲劇院,project-proposed,heading-only,BGDIA,194,data/9/entries/14/entries/5/entries/2/rows/6/1,4,"Jonas Goodnight, owner of the Oasis Theater, dramatically praises the party, inviting them to star in his next unbelievable stage production.",
Obelisk,方尖碑,project-proposed,heading-only,BGDIA,98,data/4/entries/1/entries/8/entries/2,36,"If the characters make themselves known to Mordenkainen's simulacrum, he demands to know their reasons for visiting. The archmage doesn't know the location of the Bleeding Citadel, nor does he care to find it. Even so, he claims that ""balance will be maintained in the universe"" by giving the characters directions to a lesser mage who also studies the workings of magic in Avernus—specifically, a ""mage of no renown"" who haunts the site of an obelisk. The yugoloths recently told Mordenkainen about this stranger and his guidance has an ulterior motive: if the characters end up slaying the mysterious mage, Mordenkainen has one less rival to contend with in Avernus.",
Obo'laka,奧博娜卡,existing-site,canonical-name,ToA,92,data/3/entries/3/entries/4/entries/2,41,"One morning, a wise zorbo emerged from her hollow tree and spoke to the dying Omuans. To convince Ubtao of their worth, she decided to cook him a stew made from all their good qualities. Catching such virtues wouldn't be easy, so she asked a wily almiraj to help her. The almiraj snuck recklessness in the pot, which she saw as a virtue, and Ubtao spat out the stew when he tasted it. From that day on, Obo'laka the zorbo and I'jin the almiraj became terrible enemies.",
Obo'laka's Spirit,奧博娜卡的靈魂,project-proposed,heading-only,ToA,136,data/5/entries/5/entries/12/entries/6/entries/1/name,2,Obo'laka's Spirit,
Obsidian Altar,黑曜石祭壇,project-proposed,heading-only,BGDIA,40,data/1/entries/11/entries/3/entries/10/entries/5/name,2,Obsidian Altar,
Oghma,歐格瑪,existing-site,heading-only,BGDIA,46,data/1/entries/14/entries/5/entries/6/entries/3,6,"When the characters first show up, one patron stands out among the rest: a chaotic good {@creature ogre} wearing a {@item headband of intellect}. He sits by himself in a corner, reading a book titled {@i The Sum of Theology} by Saint Vetheera, a servant of Oghma (god of knowledge).",
Olanthius,奧蘭蘇斯,project-proposed,canonical-name,BGDIA,7,data/0/entries/3/entries/2/entries/0,32,"Zariel lost more than her army on Avernus. She also lost a hand, which was severed in battle. As her sword fell to the ground, Zariel ordered Yael, her most devoted general, to take the weapon and hide it, so that the devils would not destroy or corrupt it. Yael took the sword and fled, along with Zariel's faithful hollyphant companion, {@creature Lulu|BGDIA}. Zariel's other two generals, Olanthius and Haruman, refused to leave Zariel's side. All three were captured and sent to Nessus, the lowest of the Nine Hells. There, Zariel was brought before Asmodeus, who welcomed her with open arms. The Lord of the Nine commended Zariel for her battle prowess and the strength of her convictions. He offered her rulership of Avernus, much to {@creature Bel|BGDIA}'s chagrin. By swearing fealty to Asmodeus and the Nine Hells, Zariel could bring her rage to bear against the demons and continue to fight in the Blood War, with legions of devils under her command. Zariel accepted Asmodeus's terms, completing her fall from grace. Haruman followed his master into damnation willingly and was transformed into a narzugon devil, while Olanthius, who took his own life rather than bow before Asmodeus, was brought back to serve as a death knight under Zariel's burning gaze.",Olanthus
Olanthius Returns,奧蘭蘇斯歸來,project-proposed,heading-only,BGDIA,103,data/4/entries/5/entries/8/name,1,Olanthius Returns,
Olanthus,奧蘭蘇斯,project-proposed,canonical-name,,,,0,,
Old City,舊城區,project-proposed,heading-only,ToA,18,data/1/entries/8/entries/2,9,"Outside the main walls are three slums: the Old City to the southwest, where many buildings are remnants of older, pyramidal construction; Malar's Throat to the south, where buildings cling to the walls of a lush canyon spanned by rope bridges; and Tiryki Anchorage to the southeast, where explorers and river folk gather.",
Old Omuan,老奧姆安,project-proposed,heading-only,ToA,74,data/2/entries/4/entries/27/entries/7,39,"Throughout Nangalore are inscriptions written in Old Omuan. A character with the {@background Cloistered Scholar|SCAG} or {@background Sage} background can translate an Old Omuan inscription with a successful {@dc 10} Intelligence ({@skill History}) check. A warlock with the Eyes of the Rune Keeper invocation can do so automatically. Otherwise, a {@spell comprehend languages} spell or similar magic is needed.",
Olung,奧隆湖,project-proposed,canonical-name,ToA,12,data/0/entries/6/entries/3/entries/4/entries/2,11,"One aarakocra tribe has laid claim to a remote Chultan monastery called Kir Sabal. This site's existence is well known in Port Nyanzaru because the structures can be seen from the River Olung through occasional breaks in the jungle along the eastern bank. Little is known beyond that, however, because the cliffside structures are so difficult to reach from the ground. The aarakocra there shelter the last descendants of Omu's royal family, who hope to someday restore their reign.",
Omgar,奧姆加爾,project-proposed,canonical-name,ToA,83,data/2/entries/4/entries/41/name,2,Snout of Omgar,
Omu,奧穆,project-proposed,heading-only,ToA,5,data/0/entries/1/entries/1/rows/4/2,197,Unhinged tabaxi hunter in Omu,奧姆;歐穆;歐姆
Omu Encounters,奧姆遭遇,project-proposed,heading-only,ToA,204,data/7/entries/3/name,3,Omu Encounters,
Omuans,奧穆人,project-proposed,canonical-name,ToA,92,data/3/entries/3/entries/3/entries/1/entries/1,28,"The Omuans' greed and hubris angered the god Ubtao, causing him to turn his back on Omu two hundred years ago—long before he abandoned the rest of Chult. Omu's clerics lost their spells, and the city fell to sickness and disease. Slave uprisings wracked Omu, and its nobles fled in droves. Maps showing Omu's location were destroyed, and its coins were melted down and reminted. Fallen from grace, Omu became known as the Forbidden City.",
Opportunity Attacks,藉機攻擊,project-proposed,heading-only,BGDIA,216,data/11/entries/4/entries/2/name,2,Opportunity Attacks,
Optional Rules,外層位面選用規則,project-proposed,heading-only,BGDIA,78,data/3/entries/5/entries/8/name,2,Optional Rules,
Oracle Pool,神諭池,project-proposed,heading-only,ToA,118,data/4/entries/4/entries/8/entries/3/name,1,Oracle Pool,
Ord Firebeard,奧德·火鬚,project-proposed,canonical-name,ToA,47,data/2/entries/4/entries/8/entries/4,2,"The templar in charge is a devout worshiper of Tyr named {@creature Niles Breakbone|ToA} (LG male Chondathan human {@creature noble}), a man who's dedicated to everything the Order of the Gauntlet represents but poorly suited to commanding a post like Camp Vengeance. Aside from Commander Breakbone, the standard garrison at the base consists of fifty-eight people, though the actual number of effective warriors at any given time is usually lower due to sickness. Breakbone has two captains under his command: Ord Firebeard (LG male gold dwarf {@creature veteran}) and Perne Salhana (LG female Tethyrian human {@creature veteran}). Reporting to them is a fighting force comprised of eight {@creature Veteran||veterans} and twenty-four {@creature Guard||guards}. This is supplemented by a religious corps of six {@creature Acolyte||acolytes} led by Sister Cyas (LG female Chondathan human {@creature priest} of Helm). Technically, the religious templars are part of the fighting force, but in practice, they spend most of their time tending the sick and wounded. Finally, the fort is supported by a ragtag troop of Chultan hunters and scouts consisting of fifteen {@creature Tribal Warrior||tribal warriors} led by Lorsa Bilwatal (CN female Chultan human {@creature scout}) and {@creature Niles Breakbone|ToA}'s longtime friend, Wulf Rygor (CG male half-elf {@creature scout}).",
Order in Baldur's Gate,博德之門的秩序,project-proposed,heading-only,BGDIA,158,data/9/entries/4/entries/2/name,2,Order in Baldur's Gate,
Order of the Gauntlet,鐵手套教團,user-approved,heading-only,BGDIA,166,data/9/entries/9/entries/5/entries/1,14,"The Order of the Gauntlet, a good-aligned faction devoted to Helm, quietly sponsors vigilantes throughout Baldur's Gate. These self-styled ""protectors of the innocent"" leave Helm's holy symbol on the bodies of dead criminals, or carved into the flesh of live ones left at the Flaming Fist's doorstep.",護手教團;鐵手套騎士團;臂鎧之序;護手騎士團;戰拳教團;護手秩序;Gauntlet秩序;劍鞘騎士團;戰拳會;戰錘會;戰錘秩序;戰錘騎士團;戰錘骑士團;手套教團;手套騎士團;手甲會;拳套秩序;盾牌秩序;臂鎧教團;護手之令;護手之序;護手教會;護手會;護手騎士;鐵拳騎士團;戰旗秩序;聖拳之誓;鐵拳團;鐵手會;鐵手套團;Gauntlet之序
Ore Cart,礦車,project-proposed,heading-only,ToA,86,data/2/entries/4/entries/48/entries/8/name,8,3. Ore Cart,
Orolunga,奧羅倫加,project-proposed,heading-only,ToA,5,data/0/entries/1/entries/1/rows/34/2,17,Guardian naga of Orolunga,
Ortimay,奧蒂梅,project-proposed,canonical-name,ToA,5,data/0/entries/1/entries/1/rows/29/0,6,{@creature Ortimay Swift and Dark|ToA|Ortimay},Ortimai
Orvex,奧爾威克斯,project-proposed,canonical-name,ToA,5,data/0/entries/1/entries/1/rows/30/0,15,{@creature Orvex Ocrammas|ToA},
Orvex Ocrammas,奧爾威克斯·歐誇瑪斯,existing-site,heading-only,ToA,5,data/0/entries/1/entries/1/rows/30/0,5,{@creature Orvex Ocrammas|ToA},
Other D&D Team Members,其他D&D團隊成員,project-proposed,heading-only,ToA,,data/12/entries/0/entries/0/items/20/name,1,Other D&D Team Members,
Outer City,外城區,project-proposed,heading-only,BGDIA,12,data/1/entries/6/entries/1/entries/3,71,"All of this was brought to your attention shortly after you were drafted by the Flaming Fist to help defend the city. Your orders are to speak to Captain Zodge at the Basilisk Gate, which pierces the city's eastern wall and takes its name from the various statues that rest in its niches and perch atop its battlements. Unseen beyond the sealed Basilisk Gate, a dirt road stretches through the Outer City slums to the bridge known as Wyrm's Crossing, then to distant realms beyond.",
Outer City Gazetteer,外城公報,project-proposed,heading-only,BGDIA,194,data/9/entries/14/entries/5/name,1,Outer City Gazetteer,
Overland Travel,陸上旅行,project-proposed,heading-only,BGDIA,116,data/5/entries/5/entries/9/entries/9/name,1,Overland Travel,
Papazotl's Spirit,帕帕扎圖的靈魂,project-proposed,heading-only,ToA,142,data/5/entries/6/entries/6/entries/6/entries/1/name,2,Papazotl's Spirit,
Paradise Lost,失落樂園,project-proposed,heading-only,BGDIA,9,data/0/entries/5/entries/3/name,1,Paradise Lost,
Parley,談判,project-proposed,heading-only,BGDIA,67,data/2/entries/7/entries/8/entries/7/entries/4,4,"Just as the characters are about to face off against the fiends, a cacophony erupts from below, and six creatures rush up the stairs: a fiendish {@creature giant scorpion} trailed by five {@creature Dretch||dretches}. In response, the mezzoloths (and Gideon, if present) ignore the characters completely, focusing all their attacks on the scorpion and the demons. If Gideon is present and the characters refrain from attacking him after the first round or two, they have advantage on checks to parley with him after the battle. Otherwise, they have disadvantage on those checks.",
Passage to Hrakhamar,通往赫拉卡馬爾的通道,project-proposed,heading-only,ToA,88,data/2/entries/4/entries/48/entries/19/entries/3/name,1,Passage to Hrakhamar,
Patriar Manors,族長莊園,project-proposed,heading-only,BGDIA,178,data/9/entries/12/entries/12/name,4,Patriar Manors,
Patriars,族長,project-proposed,heading-only,BGDIA,12,data/1/entries/6/entries/1/entries/0,72,"Welcome to Baldur's Gate, a veritable nest of rats and vipers clinging to the rocky slopes overlooking the Chionthar River. From their high perches in the Upper City, the local nobles—known as patriars—gaze down with veiled contempt upon the common rabble in the grimy Lower City, which hugs the foggy harbor. The whole of Baldur's Gate reeks of blood, crime, and opportunity. One can easily fathom why pirates and traders are drawn to this place like flies to a carcass.",
Peaks of Flame,烈焰群峰,project-proposed,canonical-name,ToA,14,data/0/entries/6/entries/3/entries/13/entries/1,9,"The yuan-ti of Omu believe that a sealed portal lies somewhere under the Peaks of Flame and that opening it will enable Dendar the Night Serpent to enter the world. The god Ubtao was supposed to stand against Dendar, but with Ubtao gone from the world, the yuan-ti believe nothing can stop the Night Serpent. They have dedicated an underground temple to this serpentine destroyer of worlds, but they are a long way from fulfilling their ultimate goal.",
Pedestal,基座,project-proposed,heading-only,BGDIA,27,data/1/entries/8/entries/3/entries/33/entries/3,60,Each statue is solid wood and weighs 150 pounds. A statue can be knocked off its pedestal with a successful {@dc 10} Strength ({@skill Athletics}) check.,
Performing the Prayer,進行禱告,project-proposed,heading-only,BGDIA,71,data/2/entries/8/entries/3/entries/3/name,1,Performing the Prayer,
Performing the Ritual,執行儀式,project-proposed,heading-only,ToA,155,data/5/entries/7/entries/16/entries/4/name,1,Performing the Ritual,
Perne Salhana,佩爾恩·薩爾哈娜,project-proposed,canonical-name,ToA,47,data/2/entries/4/entries/8/entries/4,2,"The templar in charge is a devout worshiper of Tyr named {@creature Niles Breakbone|ToA} (LG male Chondathan human {@creature noble}), a man who's dedicated to everything the Order of the Gauntlet represents but poorly suited to commanding a post like Camp Vengeance. Aside from Commander Breakbone, the standard garrison at the base consists of fifty-eight people, though the actual number of effective warriors at any given time is usually lower due to sickness. Breakbone has two captains under his command: Ord Firebeard (LG male gold dwarf {@creature veteran}) and Perne Salhana (LG female Tethyrian human {@creature veteran}). Reporting to them is a fighting force comprised of eight {@creature Veteran||veterans} and twenty-four {@creature Guard||guards}. This is supplemented by a religious corps of six {@creature Acolyte||acolytes} led by Sister Cyas (LG female Chondathan human {@creature priest} of Helm). Technically, the religious templars are part of the fighting force, but in practice, they spend most of their time tending the sick and wounded. Finally, the fort is supported by a ragtag troop of Chultan hunters and scouts consisting of fifteen {@creature Tribal Warrior||tribal warriors} led by Lorsa Bilwatal (CN female Chultan human {@creature scout}) and {@creature Niles Breakbone|ToA}'s longtime friend, Wulf Rygor (CG male half-elf {@creature scout}).",
Pervasive Evil,邪惡四溢,project-proposed,heading-only,BGDIA,79,data/3/entries/5/entries/8/entries/4/name,1,Pervasive Evil,
Phantom Lever,幻影拉桿,project-proposed,heading-only,ToA,182,data/5/entries/10/entries/4/entries/9/name,1,Phantom Lever,
Phylacteries,符咒盒,project-proposed,heading-only,ToA,5,data/0/entries/3/entries/1,7,"Unknown to Syndra and her allies, the Soulmonger is trapping the souls of the dead and depriving liches of the means to trap souls in their phylacteries. (The Soulmonger snatches up the souls before they can be trapped elsewhere.) Szass Tam, the most powerful lich among the Red Wizards of Thay, has sent operatives to Chult to steal the Soulmonger or, failing that, destroy it. Leading the Thayan expedition is Szass Tam's devoted lieutenant, {@creature Valindra Shadowmantle|ToA}. Valindra has been warned that adventurers might cross her path, so she's prepared for them.",
Pins and Needles,大頭針和細縫針,project-proposed,heading-only,BGDIA,84,data/3/entries/7/entries/7/entries/4/name,5,Pins and Needles,
Pirates of Jahaka Anchorage,賈哈卡錨地的海盜,project-proposed,heading-only,ToA,58,data/2/entries/4/entries/12/entries/30/entries/1/entries/0,4,A character who searches under the bed in {@creature Liara Portyr|ToA}'s chamber finds a locked iron strongbox. A character using {@item thieves' tools|PHB} and succeeding on a {@dc 18} Dexterity check can pop it open. The box contains 220 gp and a {@item Sending Stones||sending stone} that Liara uses to communicate with the pirates of Jahaka Anchorage.,
Pit Trap,陷坑陷阱,project-proposed,heading-only,ToA,45,data/2/entries/4/entries/7/entries/12/name,5,6A. Concealed Pit Trap,
Pit of Shummrath,舒姆拉斯之坑,project-proposed,heading-only,BGDIA,99,data/4/entries/3/entries/6/entries/2/items/0,4,"To fulfill their end of the bargain, the characters must dam the flow of the River Styx where it spills into a nearby slime-filled chasm (see ""{@area Pit of Shummrath|20d|x}"").",
Pits,陷坑,project-proposed,heading-only,BGDIA,66,data/2/entries/7/entries/8/entries/1,17,"Several graves have been dug up, leaving pits in the earth that are 6 feet deep, 2 feet wide, and 7 feet long. A number of stone mausoleums stand vacant, their doors hanging open. The interior of a mausoleum is dimly lit when its door is open and shrouded in darkness when the door is closed.",
Planar Lore,位面知識,project-proposed,heading-only,ToA,177,data/5/entries/9/entries/14/entries/3/name,1,Planar Lore,
Plane Shift,位面轉移,existing-site,heading-only,BGDIA,5,data/0/entries/2/entries/2/entries/1,13,"If the characters wish to help Baldur's Gate further, they must journey to the Nine Hells and rescue {@creature Ulder Ravengard|BGDIA} from what's left of Elturel. The characters are urged to seek out {@creature Sylvira Savikas|BGDIA} in Candlekeep. Sylvira knows the secret to unlocking Thavius's puzzle box. She can also facilitate the characters' descent into Avernus and provide them with a map (albeit an unreliable one). Sylvira advises characters to leave the {@item Shield of the Hidden Lord|BGDIA} in her custody. However, there are benefits to taking the shield with them, for Gargauth can guide them through the Nine Hells in ways others cannot. With or without the shield, the characters depart Candlekeep and visit Sylvira's friend, {@creature Traxigor|BGDIA}, a wizard who can use the {@spell plane shift} spell to get them to Elturel. At this wizard's tower, they meet a {@creature hollyphant|BGDIA} named {@creature Lulu|BGDIA}.",
Plant Discovery,植物發現,project-proposed,heading-only,ToA,95,data/3/entries/3/entries/7/entries/2/entries/0/rows/5/1,3,Plant discovery,
Players' Map of Chult,玩家的楚爾特地圖,project-proposed,heading-only,ToA,9,data/0/entries/5/entries/4/entries/7/name,3,Players' Map of Chult,
Playtest Coordinator,測試協調員,project-proposed,heading-only,BGDIA,,data/17/entries/0/items/26/name,1,Playtest Coordinator,
Playtesters,測試玩家,project-proposed,heading-only,BGDIA,,data/17/entries/0/items/29/name,3,Thanks to Our Playtesters,
Plesiosaurus,蛇頸龍,existing-site,heading-only,ToA,194,data/7/entries/2/entries/4/rows/20/0,3,"Dinosaurs, {@area plesiosaurus|5b4|x}",
Poison Darts,毒鏢,project-proposed,heading-only,ToA,104,data/3/entries/4/entries/11/entries/3/entries/3/name,3,Poison Darts,
Poison Immunity,中毒免疫,existing-site,heading-only,ToA,120,data/4/entries/4/entries/10/entries/6/entries/6/name,1,Poison Immunity,
Poisonous Hospitality,有毒的款待,project-proposed,heading-only,ToA,79,data/2/entries/4/entries/27/entries/16/entries/7/name,1,Poisonous Hospitality,
Poor Devil: Thavius Kreeg,可憐的魔鬼：塔維斯·克雷格,project-proposed,heading-only,BGDIA,5,data/0/entries/2/entries/1/entries/3,3,"To keep Baldur's Gate from falling into Zariel's clutches, the characters must take the shield far away from the city. Reya Mantlemorn, a young knight from Elturel, suspects that the Vanthampurs are sheltering {@creature Thavius Kreeg|BGDIA} at their estate and offers aid. Characters who storm Duke Vanthampur's villa find Thavius hidden in the dungeon below it. Thavius is helping Thalamra Vanthampur use the {@item Shield of the Hidden Lord|BGDIA} to bring about the fall of Baldur's Gate, in much the same fashion he used the Companion (see ""{@area The Companion|007|x}"") to doom Elturel. If the characters slay Thavius, his soul travels to the Nine Hells and re-forms as an amnizu devil on Avernus (see """"{@area Poor Devil: Thavius Kreeg|2b8|x}"").",
Port Castigliar,卡斯蒂利亞港,project-proposed,heading-only,ToA,64,data/2/entries/4/entries/16/entries/4/entries/1,4,"So far, the giants' searching has roamed from the coast to the River Tiryki, and from the ruins of Port Castigliar to the northeastern mountains. {@creature Drufi|ToA} has seen Fort Beluarian from a distance and Port Nyanzaru from across the mouth of the River Tiryki, but the giants avoid Flaming Fist patrols. For their part, the mercenaries and scouts from the fort have seen many puzzling signs in the jungle to the south, but they haven't yet concluded they're dealing with frost giants. The giants' next step will be to push farther south. At some point (determined by you), they'll return to the {@i Hvalspyd}, sail south to Refuge Bay, and start the search afresh from there. Obviously, this is a very inefficient way to search an area as large and as dense as Chult, but {@creature Drufi|ToA} has no better idea.",
Port Nyanzaru,南扎路港,project-proposed,heading-only,BGDIA,161,data/9/entries/5/entries/10/entries/5/name,179,Port Nyanzaru,
Port Nyanzaru Encounters,南扎路港遭遇,project-proposed,heading-only,ToA,193,data/7/entries/1/name,3,Port Nyanzaru Encounters,
Portcullis,鐵閘,project-proposed,heading-only,ToA,95,data/3/entries/4/entries/2/entries/0/entries/0,26,"A guardhouse stands near the entrance to the city. Arrow slits are cut into its limestone walls, and a lopsided iron portcullis hangs over the gateway, beyond which you see an open plaza.",
Portcullises,吊閘門,project-proposed,heading-only,ToA,100,data/3/entries/4/entries/5/entries/5/entries/0,10,"This hallway contains four cramped cells behind iron portcullises. The portcullises are locked in place and can be raised only with a {@spell knock} spell or by stepping on the pressure plate in area 4D. Each cell contains a {@creature Clay Gladiator|ToA|Chultan gladiator} made of painted clay. Each gladiator is a golem-like creature with a bronze spear in one hand and a wooden shield in the other. It has the statistics of a {@creature gladiator}, with these changes:",
Portyr,波提爾,project-proposed,canonical-name,BGDIA,10,data/1/entries/3/entries/2,54,"In the grand duke's absence, the government of Baldur's Gate continues to function under the three remaining dukes—Belynne Stelmane, Dillard Portyr, and Thalamra Vanthampur. Duke Portyr has gone so far as to recall his niece, Liara Portyr, from her post as commander of the Flaming Fist at Fort Beluarian in Chult, in the hopes that she can keep the Flaming Fist in check. However, it will take time for her ship to arrive. Meanwhile, refugees from Elturgard continue to arrive with dire claims that nothing remains of Elturel except a crater in the ground.",
Poster Map,海報地圖,project-proposed,heading-only,BGDIA,47,data/1/entries/14/entries/6/entries/7/name,21,Poster Map of Avernus,
Poster Map Cartographer,海報地圖製圖師,project-proposed,heading-only,BGDIA,,data/17/entries/0/items/15/name,1,Poster Map Cartographer,
Poster Map of Avernus,阿弗納斯的地圖,project-proposed,heading-only,BGDIA,47,data/1/entries/14/entries/6/entries/7/name,6,Poster Map of Avernus,
Predator,捕食者,project-proposed,heading-only,ToA,13,data/0/entries/6/entries/3/entries/5/entries/0,8,"Chult is home to scores of independent goblin tribes collectively known as the Batiri. A Batiri tribe is ruled by a queen (use the {@creature goblin boss} statistics). When a queen dies, fighting ensues until a new queen emerges victorious and proclaims herself ruler of the tribe. While the Batiri have many cultural and mythical aspects that make them unique, they behave essentially like other goblins; they are superstitious, cruel, suspicious of outsiders, fractious among themselves, and just as likely to torture and eat other humanoids as they are to trade with them. They are not only sadistic but highly creative in their tortures. For example, they enjoy tying enemies to trees, dousing them in honey, and leaving them to be devoured by insects over the course of several days, if a larger predator doesn't finish them off first.",
Prepress Specialist,印前專家,project-proposed,heading-only,BGDIA,,data/17/entries/0/items/20/name,2,Prepress Specialist,
Presenting the Sword,獻劍,project-proposed,heading-only,BGDIA,146,data/8/entries/5/entries/1/entries/1/name,1,Presenting the Sword,
Prey,獵物,existing-site,heading-only,BGDIA,10,data/1/entries/1,24,"Baldur's Gate began as a harbor town where traders would meet with ""ghost lighters""—folk along the Sword Coast who used lights to lure fogbound ships to shore. When those ships ran aground, the ghost lighters would scavenge the wrecks and haul their plundered goods to Baldur's Gate, nestled on the north shore of a bend in the River Chionthar, and sell their booty. In the years since, Baldur's Gate has grown into a walled city. Today, its foggy streets run red with the blood of unfortunates who fall prey to evil opportunists, many of whom count themselves as nobles, traders, pirates, and assassins. An army of mercenary soldiers called the Flaming Fist keeps order in the city, and these soldiers answer to Grand Duke {@creature Ulder Ravengard|BGDIA}. The members of the Flaming Fist don't care about justice; they crave power and coin, nothing else. But despite the Fist's reputation for cruelty, the Grand Duke is widely regarded as an honorable and reasonable man.",
Princeps Kovik,元首科維克,existing-site,heading-only,BGDIA,90,data/3/entries/9/entries/0,6,"As the characters cross the wastelands of Avernus, they will likely run afoul of petty warlords scavenging for {@item Soul Coin|BGDIA|soul coins} and scrap metal to fuel and repair their infernal war machines. {@creature Mad Maggie|BGDIA} and {@creature Raggadragga|BGDIA} are two warlords whom the characters meet early on. The following sections describe three other warlords who prowl the Avernian wastes: a wingless {@creature horned devil} named {@creature Bitter Breath|BGDIA}, a human necromancer named {@creature Feonor|BGDIA}, and a {@creature chain devil} named {@creature Princeps Kovik|BGDIA}. These warlords are as cruel and merciless as the hell they inhabit. All share a ""survival of the fittest"" mentality.",
Prison Guards,監獄看守,project-proposed,heading-only,BGDIA,104,data/4/entries/7/entries/8/entries/1/name,1,Prison Guards,
Prisoners,囚犯,project-proposed,heading-only,BGDIA,24,data/1/entries/8/entries/3/entries/22/entries/0,53,Followers of Bane torture and interrogate prisoners here. Describe this room to the players as follows:,
Prisoners of the Mirror,鏡子的囚犯,project-proposed,heading-only,ToA,163,data/5/entries/8/entries/7/entries/3,2,"The mirror currently has three vacant cells. If the mirror traps a creature when its twelve cells are already occupied, it releases one trapped creature at random to accommodate the new prisoner. The Prisoners of the Mirror table lists the mirror's current prisoners and summarizes how they react if set free or spoken to. Otherwise, roleplay them as you see fit.",
Prisoners of the Yuan-ti,元提人的囚犯,project-proposed,heading-only,ToA,118,data/4/entries/4/entries/8/entries/3/entries/2/name,3,Prisoners of the Yuan-ti,
Producer,出品人,project-proposed,heading-only,ToA,,data/12/entries/0/entries/0/items/14/name,1,Producer,
Producers,製作人,project-proposed,heading-only,BGDIA,,data/17/entries/0/items/16/name,1,Producers,
Product Engineer,產品工程師,project-proposed,heading-only,BGDIA,,data/17/entries/0/items/17/name,2,Product Engineer,
Professional Guilds,專業行會,project-proposed,heading-only,BGDIA,166,data/9/entries/8/entries/4/name,3,Professional Guilds,
Project Manager,專案經理,project-proposed,heading-only,ToA,,data/12/entries/0/entries/0/items/15/name,1,Project Manager,
Prominent Guild Kingpins,顯赫的行會頭目,project-proposed,heading-only,BGDIA,171,data/9/entries/10/entries/2/entries/6/name,1,Prominent Guild Kingpins,
Prominent Patriar Families,著名族長家族,project-proposed,heading-only,BGDIA,165,data/9/entries/7/entries/3/entries/8/name,1,Prominent Patriar Families,
Proposal,提案,project-proposed,heading-only,BGDIA,212,data/10/entries/4/entries/1,2,"A deal consists of a proposal that covers the terms each party expects, and a contract that seals the deal and makes it binding.",
Pterafolk,翼手獸,existing-site,heading-only,ToA,11,data/0/entries/6/entries/3/entries/0,51,"Members of every race and nationality of Faerûn can be found in Port Nyanzaru, but few of them ever travel more than a hundred yards beyond the city walls. The native peoples must be divided into those that are commonly known and those whose presence is legendary or only suspected. The first group consists of Chultans (humans), aarakocra, Batiri (goblins), dwarves (including albino dwarves), pterafolk, and tabaxi. In the second category, weretigers are suspected to be present in small numbers; explorers and hunters sometimes report seeing grungs (frog folk) deep in the jungle; and yuan-ti are rumored to be making a resurgence in remote areas.",
"Pterafolk (""Terror Folk"")","翼手獸（""恐怖族""）",project-proposed,heading-only,ToA,14,data/0/entries/6/entries/3/entries/9/name,1,"Pterafolk (""Terror Folk"")",
Pterafolk Nest,翼手獸巢穴,project-proposed,heading-only,ToA,53,data/2/entries/4/entries/11/entries/12/name,3,Level 3. Pterafolk Nest,
Pteranodon,翼龍,existing-site,heading-only,ToA,194,data/7/entries/2/entries/4/rows/21/0,3,"Dinosaurs, {@area pteranodon|5b5|x}",
Purple Key,紫色鑰匙,project-proposed,heading-only,ToA,167,data/5/entries/8/entries/12/entries/7/entries/5/name,1,Purple Key,
Purple Trail,紫色小徑,project-proposed,heading-only,ToA,187,data/5/entries/10/entries/9/entries/5/entries/3/items/1,3,"If the characters are searching for treasure, another nothic performs the same actions as above, except it shouts, ""Follow the purple trail!""",
Puzzle Cube,謎題立方體,project-proposed,heading-only,ToA,94,data/3/entries/3/entries/6/entries/1,50,A puzzle cube is a stone cube 3 inches on a side and engraved with images of a specific trickster god. Each cube weighs half a pound. A {@spell detect magic} spell or similar effect reveals an aura of abjuration magic around each cube.,
Puzzle Cubes,謎題魔方,project-proposed,heading-only,ToA,93,data/3/entries/3/entries/5/entries/5/entries/2,37,"Zagmira has seen the entrance to the Tomb of the Nine Gods ({@area area 14|261|x}) and believes the Soulmonger is held within. The Red Wizards have separated to find the puzzle cubes needed to unlock the tomb (see ""{@area Puzzle Cubes|1eb|x}"").",
Qawasha and Kupalué,卡瓦沙和庫帕魯艾,project-proposed,heading-only,ToA,35,data/1/entries/12/entries/4/entries/10/name,3,Qawasha and Kupalué,
Quakes,地震,project-proposed,heading-only,BGDIA,55,data/2/entries/5/entries/9/entries/9/entries/3/entries/1/entries/3/name,1,Quakes,
Queen's Decree,女王的法令,project-proposed,heading-only,ToA,93,data/3/entries/3/entries/5/entries/6/entries/3/entries/0,4,"The Omuans wrote in Old Omuan, a cuneiform script that bears little resemblance to any other alphabet. A character with the cloistered scholar or sage background can translate an inscription written in Old Omuan with a successful {@dc 10} Intelligence ({@skill History}) check, while a warlock with the Eyes of the Rune Keeper invocation can translate Old Omuan script without a check. If the characters recover the ""queen's decree"" from the chwinga cart at {@area area 11|24a|x}, they can use it to decode inscriptions written in Old Omuan. Without the queen's decree or a character with the appropriate background, the characters can translate Old Omuan writing only by using a {@spell comprehend languages} spell or similar magic.",
Quest for the Sword,尋劍之旅,project-proposed,heading-only,BGDIA,6,data/0/entries/2/entries/3/entries/4,2,"The more time she spends with the characters, the more {@creature Lulu|BGDIA} begins to remember long-lost memories of the {@item Sword of Zariel|BGDIA}, an angelic weapon with the power to destroy the Companion. After Zariel's fall from grace, the sword was hidden in a stronghold called the Bleeding Citadel—a celestial sanctuary trapped in Avernus. The quest for the sword forms the crux of {@adventure chapter 4|BGDIA|7}, leading to the revelation that Zariel can be redeemed.",
Questioning Napaka,詢問納帕卡,project-proposed,heading-only,ToA,165,data/5/entries/8/entries/10/entries/6/name,1,Questioning Napaka,
Quetzalcoatlus,風神翼龍,existing-site,heading-only,ToA,194,data/7/entries/2/entries/4/rows/22/0,4,"Dinosaurs, {@area quetzalcoatlus|5b6|x}",
Ra-das,拉達斯,project-proposed,canonical-name,ToA,85,data/2/entries/4/entries/47/entries/3/entries/0,2,"The voice calling to the party belongs to Thasselandra Bravewing, the ship's captain (NG female Halruaan human {@creature noble}). She explains the situation briefly before she weakens and her voice becomes too soft to hear from the ground. The other crash survivors include the ship's navigator, Ra-das (N male Halruaan human {@creature scout}); the master-of-arms, Falx Haranis (CN male Halruaan human {@creature veteran}); and three other crewmen named Brax, Nhar, and Veliod (N male Halruaan human {@creature Guard||guards}). Ra-das and Falx are in the stern section; the other NPCs are all in the midsection.",
Race for the Puzzle Cubes,爭奪謎題立方體,project-proposed,heading-only,ToA,94,data/3/entries/3/entries/6/entries/5/name,1,Race for the Puzzle Cubes,
Races of Chult,楚爾特的種族,project-proposed,heading-only,ToA,11,data/0/entries/6/entries/3/name,3,Races of Chult,
Racing,賽跑,project-proposed,heading-only,ToA,7,data/0/entries/4/entries/7/entries/5/entries/1,11,"Chult attracts adventurers from all over the world, and the activation of the Soulmonger draws even more adventurers than usual to its untamed wilderness. The player characters are among the earliest to arrive, but adventurers from across the globe begin to converge in Chult as the crisis mounts. It should not be difficult to introduce new characters to replace those who have perished. A new character might be the last surviving member of a doomed expedition, a guide who has lived in Chult for years, a lone explorer seeking glory or treasure, or someone racing against time to save a loved one affected by the death curse. Work with the player to come up with a story that makes sense, given the circumstances.",
Racing Dinosaurs,賽跑恐龍,project-proposed,heading-only,ToA,16,data/1/entries/6/entries/4/items/1,4,"Dinosaurs compete in weekly races through the streets. These brightly painted racing dinosaurs are fast, vicious, and barely under their riders' control.",
Rael,雷爾,project-proposed,canonical-name,BGDIA,186,data/9/entries/13/entries/5/entries/1/entries/2,4,"Though beholden to advertisers and tacitly sanctioned by the city government, the Mouth has never lost its populist bent. Needle carefully ensures that the paper is useful enough to the government that it's never in their interest to shut it down, yet devotes the rest of the paper to news the government might prefer hushed up, from aristocratic scandal and evidence of corruption to straight talk about various threats to the city, always with a healthy dose of anti-elite rhetoric. His editorials have a particular soft spot for his friend {@creature Rilsa Rael|BGDIA}, the Guild kingpin of Little Calimshan. While Needle loathes the Guild, he sees in Rilsa's egalitarian tendencies the potential for a hero of the people, and naively hopes she'll transform the Guild from a predatory criminal organization into a community police force serving the city's downtrodden.",
Raggadragga Attacks!,拉加德拉格進攻！,project-proposed,heading-only,BGDIA,87,data/3/entries/8/name,1,Raggadragga Attacks!,
Rahl,拉爾,project-proposed,canonical-name,ToA,57,data/2/entries/4/entries/12/entries/23/entries/1,2,"The head trainer for the fort's reptiles is Rahl Zuberi (CG male human Chultan {@creature tribal warrior} with {@skill Animal Handling} +4). His face and arms are covered in tattoos and scars, and he's missing half of his right hand; tooth marks are still clearly visible in the scar tissue. Despite Rahl's ferocious appearance, he's a jovial prankster who spends most of his off-duty time telling wild stories at the provisioner or one of the ale tents in the bazaar, in exchange for free drinks.",
Rahl Zuberi,拉爾·祖貝里,project-proposed,canonical-name,ToA,57,data/2/entries/4/entries/12/entries/23/entries/1,1,"The head trainer for the fort's reptiles is Rahl Zuberi (CG male human Chultan {@creature tribal warrior} with {@skill Animal Handling} +4). His face and arms are covered in tattoos and scars, and he's missing half of his right hand; tooth marks are still clearly visible in the scar tissue. Despite Rahl's ferocious appearance, he's a jovial prankster who spends most of his off-duty time telling wild stories at the provisioner or one of the ale tents in the bazaar, in exchange for free drinks.",
Rain Catcher,集雨器,existing-site,heading-only,ToA,32,data/1/entries/12/entries/2/entries/6/name,5,Rain Catcher,
Ralzala the Dao,土巨靈拉爾薩拉,project-proposed,heading-only,BGDIA,106,data/5/entries/0/entries/8/name,2,Ralzala the Dao,
Ramazith's Tower,拉馬齊斯之塔,project-proposed,heading-only,BGDIA,176,data/9/entries/12/entries/6/rows/8/1,5,"The wizard Lorroakan approaches the party, offering them pay and free waterproofing for their clothing if they help him clean out the cluttered upper floors of Ramazith's Tower.",
Ramps,斜坡,project-proposed,heading-only,ToA,68,data/2/entries/4/entries/20/entries/3,6,"Originally, the monastery structures could be reached by ascending a path that combined natural stone ramps, steps cut into the cliff face, and wooden walkways built onto the cliff. The ramps and steps are still mostly intact, but the wooden walkways are rotting or missing entirely in many places. The aarakocra don't need them and have no reason to repair them.",
Random Encounters,隨機遭遇,existing-site,heading-only,BGDIA,54,data/2/entries/5/entries/8/entries/7/entries/5/entries/2,28,"If the characters bring NPCs along, it increases the chances of having an encounter as the party moves from one location to another. Whenever you roll the {@dice d20} to determine random encounters (see ""More Encounters in Elturel""), an encounter takes place on a roll of 9 or higher.",
Random Encounters in Omu,奧穆的隨機遭遇,project-proposed,heading-only,ToA,95,data/3/entries/3/entries/8/name,2,Random Encounters in Omu,
Rare Plant(s),稀有植物,project-proposed,heading-only,ToA,194,data/7/entries/2/entries/4/rows/58/0,2,{@area Rare plant(s)|5dc|x},
Ras Nsi,拉茲·納斯,existing-site,heading-only,ToA,5,data/0/entries/1/entries/1/rows/32/0,153,{@creature Ras Nsi|ToA},
Ras Nsi's Scouts,拉茲·納斯的偵察兵,project-proposed,heading-only,ToA,96,data/3/entries/4/entries/2/entries/5/name,1,Ras Nsi's Scouts,
Rassh,拉什,project-proposed,canonical-name,BGDIA,129,data/6/entries/10/entries/7/entries/2/entries/0,1,"This establishment is run by three {@creature Salamander||salamanders} named Rassh, Skids, and Slagg. The salamanders owe Mahadi a debt for taking them in and secreting them away after a bold escape from {@area Bel's Forge|251|x}. They operate as indentured servants, maintaining Mahadi's infernal war machines while also crafting wares for sale to visitors. From time to time, Mahadi sends them abroad to procure parts to refurbish the caravan. Nine {@creature Magmin||magmins} and eight suits of {@creature animated armor} assist the salamanders with their work.",
Ravengard,瑞文嘉德,project-proposed,canonical-name,BGDIA,5,data/0/entries/2/entries/1/entries/0,108,"{@adventure Chapter 1|BGDIA|1} begins in the independent city of Baldur's Gate, where the characters find themselves trapped behind the city's walls after the gates are sealed to keep out hundreds of refugees from the neighboring land of Elturgard. However, the gates can't hold back news that Elturgard's capital has fallen, and that Grand Duke {@creature Ulder Ravengard|BGDIA} of Baldur's Gate is missing—lost on a diplomatic mission to Elturel. The fact that Elturel's misfortune coincided with Ravengard's visit has left Baldurians wondering whether Baldur's Gate will suffer Elturel's fate.",
Reaching Level 2,到達第二層,project-proposed,heading-only,ToA,52,data/2/entries/4/entries/11/entries/10/entries/2/name,1,Reaching Level 2,
Reaching Level 3,到達第三層,project-proposed,heading-only,ToA,52,data/2/entries/4/entries/11/entries/11/entries/4/name,1,Reaching Level 3,
Reaching Level 4,到達第四層,project-proposed,heading-only,ToA,53,data/2/entries/4/entries/11/entries/12/entries/4/name,1,Reaching Level 4,
Realmspace,國度晶壁系,project-proposed,canonical-name,ToA,177,data/5/entries/9/entries/15/entries/1,1,"The armillary sphere depicts Toril, its moon, the sun, and other planetary bodies in Realmspace. Any character who has viewed large-scale maps of Faerûn will recognize certain geographical features on the globe.",
Red Button,紅色按鈕,project-proposed,heading-only,ToA,171,data/5/entries/9/entries/6/entries/4/entries/5/name,3,Red Button,
Red Dial,紅色刻度盤,project-proposed,heading-only,ToA,171,data/5/entries/9/entries/6/entries/4/entries/6/name,1,Red Dial,
Red Key,紅鑰匙,project-proposed,heading-only,ToA,167,data/5/entries/8/entries/12/entries/7/entries/6/name,1,Red Key,
Red Trail,紅色小徑,project-proposed,heading-only,ToA,180,data/5/entries/10/entries/2/entries/8/entries/5/entries/2/items/2,3,"""The Red Trail leads to death."" (See {@area area 79|512|x}.)",
Red Wizard,紅袍巫師會,existing-site,heading-only,ToA,58,data/2/entries/4/entries/13/entries/4,14,"{@creature Valindra Shadowmantle|ToA} works for Szass Tam, the most powerful lich among the Red Wizards of Thay, though she is not a Red Wizard herself. She found the heart and converted it into a base to use while her minions search for the Soulmonger. Her orders from Szass Tam are to seize control of the Soulmonger, if possible, or destroy it otherwise. Valindra created a {@spell teleportation circle} inside the heart that she uses to travel instantly to and from Thay (where her phylactery is safely stored), to deliver reports to Szass Tam and pick up new instructions.",
Red Wizards of Thay,泰伊紅袍法師,project-proposed,heading-only,ToA,5,data/0/entries/3/entries/1,9,"Unknown to Syndra and her allies, the Soulmonger is trapping the souls of the dead and depriving liches of the means to trap souls in their phylacteries. (The Soulmonger snatches up the souls before they can be trapped elsewhere.) Szass Tam, the most powerful lich among the Red Wizards of Thay, has sent operatives to Chult to steal the Soulmonger or, failing that, destroy it. Leading the Thayan expedition is Szass Tam's devoted lieutenant, {@creature Valindra Shadowmantle|ToA}. Valindra has been warned that adventurers might cross her path, so she's prepared for them.",
Redcap and Madcap Goals,紅帽子和瘋帽子的目標,project-proposed,heading-only,BGDIA,84,data/3/entries/7/entries/7/entries/6/entries/1/name,1,Redcap and Madcap Goals,
Redcaps and Madcaps,紅帽子和瘋帽子,project-proposed,heading-only,BGDIA,83,data/3/entries/7/entries/7/entries/3/entries/1/entries/0,4,"Unknown to anyone else at Fort Knucklebone, Mickey has a large piece of a destroyed bone devil lodged in his foot, which makes walking difficult for the brute. Unable to speak, he moans as he walks and does a bit of a hopping dance. The madcaps and redcaps think this is wonderful, and they occasionally accompany him in a vile song and dance. Characters who witness this and succeed on a {@dc 15} Wisdom ({@skill Insight}) check realize Mickey's plight. They can then attempt to remove the bone fragment without permanently inhibiting Mickey's stride. A successful {@dc 15} Wisdom ({@skill Medicine}) check allows for the successful removal of the bone. After that, Mickey can walk without moaning or hopping, making {@creature Mad Maggie|BGDIA} more amenable to assisting the characters. The redcaps and madcaps, however, become angry that they can no longer ""do the Mickey.""",
Redeeming Zariel,救贖扎瑞爾,project-proposed,heading-only,BGDIA,146,data/8/entries/5/entries/1/name,5,Redeeming Zariel,
Refuge Bay,避難灣,project-proposed,heading-only,ToA,11,data/0/entries/6/entries/1,9,"The safest entry points into this overgrown realm (""safest"" is a relative term in this context) are on the north and east. The coast from the Bay of Chult to Refuge Bay offers beaches on which to embark into the uncharted jungle. Along the entire coast, the Bay of Chult is the only spot where travelers can find welcoming civilization. The rest of the peninsula is a breeding ground for bloodsucking, disease-bearing insects, monstrous reptiles, carnivorous birds and beasts of every variety, and murderous undead. The farther one moves from the coast, the more humid, hot, and inhospitable the land becomes.",
Releasing the Sibriex,釋放巨顱魔,project-proposed,heading-only,BGDIA,118,data/5/entries/6/entries/11/name,1,Releasing the Sibriex,
Relics of the Past,過去的聖物,project-proposed,heading-only,ToA,189,data/5/entries/11/entries/1/entries/1/name,1,Relics of the Past,
Religion,宗教,existing-site,heading-only,BGDIA,22,data/1/entries/8/entries/3/entries/9/entries/0,23,This chamber is empty but not bereft of decor. Carved into each of its three doors is a full-figure depiction of one of the Dead Three. A character recognizes all the figures with a successful {@dc 10} Intelligence ({@skill Religion}) check.,
Relinquishing the Sword,放棄聖劍,project-proposed,heading-only,BGDIA,149,data/8/entries/5/entries/3/entries/2/entries/0,2,"With no one to sway Zariel from her path to absolute damnation, Zariel demands that the characters give her the {@item Sword of Zariel|BGDIA} if they possess it. After she claims the sword, Zariel holds it aloft and shatters it (see ""{@area Relinquishing the Sword|337|x}"").",
Remove Exhaustion,移除力竭,project-proposed,heading-only,BGDIA,220,data/11/entries/4/entries/9/entries/4/name,1,Remove Exhaustion,
Repairs,維修,project-proposed,heading-only,BGDIA,80,data/3/entries/7/entries/3/entries/0,21,"The main feature of the fort is the hand-shaped hill, between the fingers of which are caves where {@creature Mad Maggie|BGDIA} oversees repairs to several infernal war machines (see {@adventure appendix B|BGDIA|11} for infernal war machine rules and stat blocks). Around this hill is a ring of debris that serves as a crude rampart. This barrier is 15 feet thick, and its height averages 20 feet.",
Replacement Characters,替代角色,project-proposed,heading-only,ToA,7,data/0/entries/4/entries/7/entries/5/name,1,Replacement Characters,
Replacing Dead Characters,替換死亡角色,project-proposed,heading-only,ToA,128,data/5/entries/3/entries/5/name,1,Replacing Dead Characters,
Reporting to Captain Zodge,向佐迪隊長報告,project-proposed,heading-only,BGDIA,42,data/1/entries/12/entries/3/name,1,Reporting to Captain Zodge,
Restore Hit Points,回覆生命,project-proposed,heading-only,BGDIA,220,data/11/entries/4/entries/9/entries/5/name,1,Restore Hit Points,
Restored Memories,重建記憶,project-proposed,heading-only,BGDIA,51,data/1/entries/15/entries/9/entries/4/name,1,Restored Memories,
Rests in Avernus,在阿弗納斯休整,project-proposed,heading-only,BGDIA,78,data/3/entries/5/entries/7/name,1,Rests in Avernus,
Return to the Cathedral,返回大教堂,project-proposed,heading-only,BGDIA,71,data/2/entries/8/entries/2/name,1,Return to the Cathedral,
Returning the Rods to Bel,把精金權杖還給貝爾,project-proposed,heading-only,BGDIA,122,data/5/entries/7/entries/8/entries/11/name,1,Returning the Rods to Bel,
Revenge Squad (for 5th-level characters),復仇小隊（適合5級角色）,project-proposed,heading-only,BGDIA,28,data/1/entries/8/entries/5/entries/2/entries/3/name,1,Revenge Squad (for 5th-level characters),
Revolving Room Effects,旋轉房間效果,project-proposed,heading-only,ToA,153,data/5/entries/7/entries/12/entries/5/name,2,Revolving Room Effects,
Reya Mantlemorn,蕾婭·曼特勒蒙,project-proposed,heading-only,BGDIA,5,data/0/entries/2/entries/1/entries/3,17,"To keep Baldur's Gate from falling into Zariel's clutches, the characters must take the shield far away from the city. Reya Mantlemorn, a young knight from Elturel, suspects that the Vanthampurs are sheltering {@creature Thavius Kreeg|BGDIA} at their estate and offers aid. Characters who storm Duke Vanthampur's villa find Thavius hidden in the dungeon below it. Thavius is helping Thalamra Vanthampur use the {@item Shield of the Hidden Lord|BGDIA} to bring about the fall of Baldur's Gate, in much the same fashion he used the Companion (see ""{@area The Companion|007|x}"") to doom Elturel. If the characters slay Thavius, his soul travels to the Nine Hells and re-forms as an amnizu devil on Avernus (see """"{@area Poor Devil: Thavius Kreeg|2b8|x}"").",
Reya's Tale,蕾婭的故事,project-proposed,heading-only,BGDIA,32,data/1/entries/9/entries/5/entries/4/name,1,Reya's Tale,
Rillyn House,裡林莊園,project-proposed,heading-only,BGDIA,182,data/9/entries/12/entries/13/entries/12/name,1,Rillyn House,
Rilsa,瑞爾薩,project-proposed,canonical-name,BGDIA,186,data/9/entries/13/entries/5/entries/1/entries/2,4,"Though beholden to advertisers and tacitly sanctioned by the city government, the Mouth has never lost its populist bent. Needle carefully ensures that the paper is useful enough to the government that it's never in their interest to shut it down, yet devotes the rest of the paper to news the government might prefer hushed up, from aristocratic scandal and evidence of corruption to straight talk about various threats to the city, always with a healthy dose of anti-elite rhetoric. His editorials have a particular soft spot for his friend {@creature Rilsa Rael|BGDIA}, the Guild kingpin of Little Calimshan. While Needle loathes the Guild, he sees in Rilsa's egalitarian tendencies the potential for a hero of the people, and naively hopes she'll transform the Guild from a predatory criminal organization into a community police force serving the city's downtrodden.",
Rise of Ras Nsi,拉茲·納斯的崛起,project-proposed,heading-only,ToA,92,data/3/entries/3/entries/3/entries/4/name,1,Rise of Ras Nsi,
Rise of the Tomb,墓穴的崛起,project-proposed,heading-only,ToA,125,data/5/entries/2/entries/1/name,1,Rise of the Tomb,
Rite of Stolen Life,偷來的生命儀式,project-proposed,heading-only,ToA,73,data/2/entries/4/entries/24/entries/10/name,2,Rite of Stolen Life,
Ritual Preparations,儀式準備,project-proposed,heading-only,BGDIA,71,data/2/entries/8/entries/3/entries/2/name,1,Ritual Preparations,
Ritual of Returning,歸還儀式,project-proposed,heading-only,BGDIA,71,data/2/entries/8/entries/3/name,1,Ritual of Returning,
River Mist and Flask of Wine,河霧與酒壺,project-proposed,heading-only,ToA,35,data/1/entries/12/entries/4/entries/11/name,2,River Mist and Flask of Wine,
River Olung,奧倫河,project-proposed,heading-only,ToA,12,data/0/entries/6/entries/3/entries/4/entries/2,10,"One aarakocra tribe has laid claim to a remote Chultan monastery called Kir Sabal. This site's existence is well known in Port Nyanzaru because the structures can be seen from the River Olung through occasional breaks in the jungle along the eastern bank. Little is known beyond that, however, because the cliffside structures are so difficult to reach from the ground. The aarakocra there shelter the last descendants of Omu's royal family, who hope to someday restore their reign.",
River Soshenstar,索申斯塔河,project-proposed,heading-only,ToA,16,data/1/entries/7/entries/2/items/2/entries/0,6,"Undril Silvertusk (LG female half-orc {@creature priest} of Torm with {@sense darkvision} out to a range of 60 feet) is a representative of the Order of the Gauntlet and newly arrived in Port Nyanzaru. She needs to deliver herself plus a packet of dispatches from her superiors to Commander {@creature Niles Breakbone|ToA} at Camp Vengeance. Undril was led to believe she could simply buy a horse in the city and ride to the camp, but now that she sees the terrain and conditions, that's clearly not possible. She hopes to join any expedition headed up the River Soshenstar. Undril is quite attached to her chain shirt, but she's not unreasonable when presented with good arguments for shedding the armor. If characters gain Undril's respect, she'll intercede strongly on their behalf if any difficulties arise with Commander Breakbone (as they're likely to, as discussed in {@area chapter 2|0cd|x}).",
River Styx,冥河,project-proposed,heading-only,BGDIA,6,data/0/entries/2/entries/3/entries/0,66,"{@adventure Chapter 2|BGDIA|2} opens with the characters' arrival in Elturel, which is anchored by enormous chains and trapped under the baleful light of the Companion. If the characters do nothing, the city will be pulled down into the River Styx and bound to the Nine Hells forever. {@creature Lulu|BGDIA} tries her best to serve as the party's guide in Avernus, but the hollyphant's memories are fragmented. It becomes clear, however, that {@creature Lulu|BGDIA} has a personal connection to Zariel, dating back to the archdevil's former angelic existence.",
River Tath,塔斯河,project-proposed,heading-only,ToA,36,data/1/entries/12/entries/5/entries/2/entries/0/rows/14/1,3,"A ruined city lies up the River Tath, past Kahakla Gorge. Supposedly, no one's explored past the gorge, but that's not true. It's just that the few who made it out alive mostly keep quiet about what they found there. I have it on good authority that the ruins are guarded by a naga who is both wise and generous.",
River Tiryki,提爾基河,project-proposed,heading-only,ToA,14,data/0/entries/6/entries/3/entries/8/entries/2,6,"Some Chultan guides are aware of one grung village due south of Port Nyanzaru, just above the headwater of the River Tiryki (pronounced tee-REE-kee). For more information on this village, see ""{@area Dungrunglung|0d8|x}."" {@adventure Appendix D|ToA|9|Grungs} contains additional information on grungs.",
River Travel,渡河旅行,project-proposed,heading-only,BGDIA,116,data/5/entries/5/entries/9/entries/8/name,1,River Travel,
Riverveins,瑞弗文,project-proposed,heading-only,BGDIA,196,data/9/entries/14/entries/5/entries/8/entries/2,3,"While Danthelon may never have been a real adventurer, he loves associating with them, and constantly keeps his ears open for rumors and opportunities, which he happily passes along to paying customers. At the moment, he's obsessed with reports of a group of smugglers who recently went missing in the Riverveins tunnels along with a chest full of valuable magic potions, and eagerly encourages his shoppers to investigate—and then return to tell him the story.",
Roaming Encounter: Smiler the Defiler,漫遊遭遇：汙化者笑爺,project-proposed,heading-only,BGDIA,86,data/3/entries/7/entries/8/entries/9/entries/5/items/3,3,"Warnings about other warlords (see ""{@area Warlords of the Avernian Wastelands|1e0|x}""), plus the name of someone who might help them (see ""{@area Roaming Encounter: Smiler the Defiler|2bb|x}"")",
Roark,羅阿克,project-proposed,canonical-name,ToA,49,data/2/entries/4/entries/10/entries/2,8,"King Groak holds absolute sway in Dungrunglung, and his subjects follow his orders without question. However, should the balance of power shift firmly to Krr'ook or Roark (see the ""Grungs of Dungrunglung"" sidebar), the grungs do not hesitate to tear Groak limb from limb in a cathartic frenzy. At some point during the adventurers' time in Dungrunglung, they will be approached in secrecy by Krr'ook.",
Roleplaying Alazub,扮演埃拉札布,project-proposed,heading-only,BGDIA,136,data/7/entries/4/entries/3/entries/6/entries/5/name,1,Roleplaying Alazub,
Roleplaying Bel,扮演貝爾,project-proposed,heading-only,BGDIA,114,data/5/entries/5/entries/8/entries/2/entries/2,2,"The pit fiend is {@creature Bel|BGDIA} (see ""{@area Roleplaying Bel|25b|x}"" below). Only he can control his Large flying throne, which has a flying speed of 15 feet and can hover.",
Roleplaying Devils,扮演魔鬼,project-proposed,heading-only,BGDIA,8,data/0/entries/4/name,1,Roleplaying Devils,
Roleplaying Jhessa Brightstar,扮演傑莎·明星,project-proposed,heading-only,BGDIA,141,data/7/entries/6/entries/3/entries/4/entries/5/name,1,Roleplaying Jhessa Brightstar,
Roleplaying Lulu,扮演露露,project-proposed,heading-only,BGDIA,51,data/1/entries/15/entries/9/entries/5/name,1,Roleplaying Lulu,
Roleplaying Mahadi,扮演馬哈迪,project-proposed,heading-only,BGDIA,126,data/6/entries/10/entries/5/entries/4/name,1,Roleplaying Mahadi,
Roleplaying Syndra Silvane,扮演辛德拉·西爾瓦尼,project-proposed,heading-only,ToA,8,data/0/entries/5/entries/4/entries/5/name,1,Roleplaying Syndra Silvane,
Roleplaying the Dao,扮演Dao,project-proposed,heading-only,ToA,142,data/5/entries/6/entries/7/entries/1,2,"The bottle is stoppered and contains a {@creature dao} named Keshma al-Wazir, who was trapped centuries ago by {@creature Acererak|ToA}. Anyone examining the bottle spots the genie waving from within and hears her muffled voice calling out. Keshma speaks Terran only. At first, she orders the characters to release her. If they refuse, she tries to bargain with them (see ""Roleplaying the Dao"" below). While trapped inside the bottle, Keshma can't attack or cast spells. Once she's released, she can cast the {@spell tongues} spell to better communicate with her liberators.",
Roleplaying the Spirits,扮演神靈的角色,project-proposed,heading-only,ToA,130,data/5/entries/4/entries/5/name,1,Roleplaying the Spirits,
Roles in the Conspiracy,陰謀中的角色,project-proposed,heading-only,BGDIA,208,data/9/entries/17/entries/3/entries/2/name,1,Roles in the Conspiracy,
Roles in the Failed Coup,未遂政變中的角色,project-proposed,heading-only,BGDIA,211,data/9/entries/17/entries/6/entries/2/name,1,Roles in the Failed Coup,
Roles in the Murder,謀殺中的角色,project-proposed,heading-only,BGDIA,209,data/9/entries/17/entries/4/entries/2/name,1,Roles in the Murder,
Roles in the Theft,盜竊中的角色,project-proposed,heading-only,BGDIA,210,data/9/entries/17/entries/5/entries/2/name,1,Roles in the Theft,
Rooftop Hatch,屋頂艙口,project-proposed,heading-only,BGDIA,130,data/6/entries/11/entries/3/entries/1/name,1,Rooftop Hatch,
Rotating Tunnel,旋轉隧道,project-proposed,heading-only,ToA,148,data/5/entries/7/entries/6/entries/2/name,2,Rotating Tunnel,
Rowboats,划艇,existing-site,heading-only,BGDIA,196,data/9/entries/14/entries/5/entries/8/entries/0,14,"This two-story shop sells everything an adventurer might need, from weapons and armor to rowboats and mobile monster cages. Presiding over the crammed shelves is Entharl Danthelon, a neutral good male shield dwarf {@creature commoner} who claims to have been an adventurer once himself, as evidenced by the magical flying axe that guards his shop at night. Customers are inevitably treated to the story of the grateful elven princess who enchanted the axe for him as a reward for a daring adventure undertaken on her behalf.",
Ruin Interior,廢墟內部,project-proposed,heading-only,ToA,95,data/3/entries/3/entries/7/entries/1,4,"Cautious characters can move through the city at a rate of 200 feet every 5 minutes. Even if they throw caution to the wind, the density of the undergrowth makes it tricky to move faster than 200 feet per minute. If the characters stop to search for treasure, each building takes 30 minutes to clear. Whenever the party searches a ruined building, roll percentile dice and consult the Ruin Interior table to see what, if anything, the building contains.",
Rules,規則,project-proposed,heading-only,BGDIA,5,data/0/entries/2/entries/0,26,"The holy city of Elturel has disappeared from the Forgotten Realms and descended into Avernus, the first layer of the Nine Hells. This event came about as the result of an infernal bargain between the archdevil Zariel, who rules Avernus, and the treacherous High Overseer of Elturel, {@creature Thavius Kreeg|BGDIA}. Zariel is capturing cities and using their citizens as fodder in the ongoing conflict between demons and devils known as the Blood War. Next on Zariel's list of cities is Elturel's neighbor, Baldur's Gate. The characters can be the heroes who descend into Avernus, save Elturel from certain destruction, and prevent a similar fate from befalling Baldur's Gate.",
Ruling Avernus,統治阿弗納斯,project-proposed,heading-only,BGDIA,147,data/8/entries/5/entries/1/entries/2/entries/7,2,"The characters can return to the Material Plane with Elturel if they so choose, or they might wish to stick around Avernus to see who rises to become its new ruler (see ""{@area Ruling Avernus|326|x}"").",
Running This Chapter,運作本章,project-proposed,heading-only,BGDIA,11,data/1/entries/5/name,4,Running This Chapter,
Running the Adventure,運作冒險,project-proposed,heading-only,BGDIA,8,data/0/entries/4/entries/4/entries/0,3,"This adventure features the Nine Hells, which is described in {@book chapter 2|DMG|2|The Nine Hells} of the {@book Dungeon Master's Guide|DMG}. Devils, being the primary inhabitants of the Nine Hells, play prominent roles in this story. Before running the adventure, it's worth taking the time to familiarize yourself with the ""Devils"" entry in the {@book Monster Manual|MM}, which not only describes the most common types of devils but also explains their hierarchy, how they behave in accordance with their lawful evil alignment, what pleases and enrages them, and why they're scared of dying on their home plane.",
Running the Fort,執行要塞,project-proposed,heading-only,BGDIA,80,data/3/entries/7/entries/4/entries/3/name,1,Running the Fort,
Ryath Root,雷亞斯根莖,existing-site,heading-only,ToA,95,data/3/entries/3/entries/7/entries/8/entries/1/rows/2/1,6,{@dice 1d6} {@item Ryath Root|ToA|ryath roots} growing in the ground,
S1. Oozing Entrance,S1. 黏嗒嗒的入口,project-proposed,heading-only,BGDIA,135,data/7/entries/4/entries/3/entries/1/name,1,S1. Oozing Entrance,
S10. Crokek'toeck's Prison,S10. 咔洛咯克托克的監獄,project-proposed,heading-only,BGDIA,138,data/7/entries/4/entries/3/entries/10/name,1,S10. Crokek'toeck's Prison,
S11. Statue of Yeenoghu,S11. 耶諾古的雕像,project-proposed,heading-only,BGDIA,138,data/7/entries/4/entries/3/entries/11/name,1,S11. Statue of Yeenoghu,
S12. Trantolox's Chamber,S12. 川託洛克斯的房間,project-proposed,heading-only,BGDIA,138,data/7/entries/4/entries/3/entries/12/name,1,S12. Trantolox's Chamber,
S13. Cackling Gnolls,S13. 咯咯笑的鬣狗人,project-proposed,heading-only,BGDIA,138,data/7/entries/4/entries/3/entries/13/name,1,S13. Cackling Gnolls,
S14. Entrance to the Bleeding Citadel,S14. 湧血城砦的入口,project-proposed,heading-only,BGDIA,138,data/7/entries/4/entries/3/entries/14/name,1,S14. Entrance to the Bleeding Citadel,
S2. Angelic Window,S2. 天使之窗,project-proposed,heading-only,BGDIA,135,data/7/entries/4/entries/3/entries/2/name,1,S2. Angelic Window,
S3. Drowned Hag,S3. 淹死的鬼婆,project-proposed,heading-only,BGDIA,135,data/7/entries/4/entries/3/entries/3/name,1,S3. Drowned Hag,
S4. Bloody Downpour,S4. 血雨傾盆,project-proposed,heading-only,BGDIA,135,data/7/entries/4/entries/3/entries/4/name,1,S4. Bloody Downpour,
S5. Food Fight,S5. 奪食之戰,project-proposed,heading-only,BGDIA,136,data/7/entries/4/entries/3/entries/5/name,1,S5. Food Fight,
S6. Torture Chamber,S6. 拷問室,project-proposed,heading-only,BGDIA,136,data/7/entries/4/entries/3/entries/6/name,1,S6. Torture Chamber,
S7. Trantolox's Larder,S7. 川託洛克斯的儲藏室,project-proposed,heading-only,BGDIA,136,data/7/entries/4/entries/3/entries/7/name,1,S7. Trantolox's Larder,
S8. Hag's Lair,S8. 鬼婆的巢穴,project-proposed,heading-only,BGDIA,137,data/7/entries/4/entries/3/entries/8/name,1,S8. Hag's Lair,
S9. Digging Demons,S9. 挖掘中的惡魔們,project-proposed,heading-only,BGDIA,137,data/7/entries/4/entries/3/entries/9/name,1,S9. Digging Demons,
Sabotaging the Fortress,破壞堡壘,project-proposed,heading-only,BGDIA,131,data/6/entries/11/entries/5/name,1,Sabotaging the Fortress,
Sacrifice of Fire,火焰的獻祭,project-proposed,heading-only,ToA,101,data/3/entries/4/entries/6/entries/2/name,1,Sacrifice of Fire,
Saja N'baza,薩迦·恩巴扎,project-proposed,canonical-name,ToA,5,data/0/entries/1/entries/1/rows/34/0,10,{@area Saja N'baza|18d|x},
Saja N'baza's Shrine,Saja N'baza的神殿,project-proposed,heading-only,ToA,81,data/2/entries/4/entries/31/entries/6/name,1,Saja N'baza's Shrine,
Salamander,火蜥蜴,existing-site,heading-only,BGDIA,128,data/6/entries/10/entries/6/entries/1,7,"When {@creature Mahadi the Rakshasa|BGDIA|Mahadi} finds an adequate location to set up shop, he orders his drivers to form a horseshoe-shaped defensive perimeter. As the infernal war machines grind to a halt, their crews (comprised of indentured humans, {@creature duergar}, {@creature Hobgoblin||hobgoblins}, {@creature Salamander||salamanders}, {@creature Succubus||succubi}, {@creature Incubus||incubi}, and assorted other creatures) disembark and begin unpacking tents and whatnot. All shops are open within the hour and remain open for business until Mahadi decides it's time to pack up and move elsewhere.",
Salida,薩莉達,existing-site,heading-only,ToA,5,data/0/entries/1/entries/1/rows/35/0,16,{@creature Salida|ToA},
Salida's Treachery,薩莉達的背叛,project-proposed,heading-only,ToA,93,data/3/entries/3/entries/5/entries/1/entries/1/name,1,Salida's Treachery,
Sarcophagus,石棺,project-proposed,heading-only,BGDIA,22,data/1/entries/8/entries/3/entries/11/entries/0,108,This chamber has partially collapsed around a stone sarcophagus that was opened and looted long ago.,
Satiir Thione-Hhune,薩蒂爾·席歐妮·胡妮,project-proposed,heading-only,BGDIA,40,data/1/entries/11/entries/3/entries/11/entries/5/name,2,Satiir Thione-Hhune,
Save an Innocent Man,拯救無辜之人,project-proposed,heading-only,ToA,16,data/1/entries/7/entries/2/items/8/name,1,Save an Innocent Man,
Scab Locations,血痂的地區,project-proposed,heading-only,BGDIA,135,data/7/entries/4/entries/3/name,1,Scab Locations,
Schemes of the Yuan-ti,玉蜓族的陰謀,project-proposed,heading-only,ToA,111,data/4/entries/2/name,1,Schemes of the Yuan-ti,
Sea Hags,海鬼婆,project-proposed,heading-only,ToA,64,data/2/entries/4/entries/17/entries/0,6,"The coastal settlement of Ishau sank into the sea. Now, the village's stone buildings sit completely underwater in Refuge Bay, a few miles from shore. Hunter sharks and reef sharks glide among the sunken ruins, competing with plesiosaurs for the position as top predator—but all of them fear and avoid the vicious sea hags who occasionally scour the ruins for human remains and waterlogged trinkets.",
Seatower of Balduran,巴爾杜蘭的海塔,project-proposed,heading-only,BGDIA,183,data/9/entries/12/entries/13/entries/17/entries/0,3,"The Upper City's guard force uses the Watch Citadel as training grounds, barracks, and organizational offices. A stable holds the Watch's warhorses, while a few jail cells can host ordinary prisoners awaiting transport to trials in the High Hall or prison in the Seatower of Balduran.",
Second Steps,第二臺階,project-proposed,heading-only,ToA,81,data/2/entries/4/entries/31/entries/4/name,1,Second Steps,
Secret Crawlway,秘密爬行通道,project-proposed,heading-only,ToA,172,data/5/entries/9/entries/7/entries/2/entries/3/name,2,Secret Crawlway,
Secret Door,暗門,project-proposed,heading-only,BGDIA,19,data/1/entries/7/entries/8/entries/1/entries/0,78,"""Several blocks northwest of here is a public bathhouse with a walled garden and frolicking nymphs carved into its front gates. Followers of the Dead Three have been seen coming and going from the bathhouse, and I'm told there's a secret door inside that leads to a dungeon. That's where the killers are hiding.""",
Secret Doors,暗門,project-proposed,heading-only,BGDIA,21,data/1/entries/8/entries/3/entries/5/entries/2/entries/1/items/2,20,"Regular doors are made of soft, rotting wood. Each door is a Medium object with AC 15, 5 hit points, and immunity to poison and psychic damage. Secret doors are carved to look like the surrounding limestone walls and require a successful {@dc 10} Wisdom ({@skill Perception}) check to locate. Once located, a secret door pushes open easily.",
Seeing the Kenku,與天狗見面,project-proposed,heading-only,BGDIA,81,data/3/entries/7/entries/5/entries/2/name,1,Seeing the Kenku,
Seek Wisdom at Orolunga,在奧羅倫加尋求智慧,project-proposed,heading-only,ToA,16,data/1/entries/7/entries/2/items/9/name,1,Seek Wisdom at Orolunga,
Sekelok,瑟克洛克,existing-site,heading-only,ToA,114,data/4/entries/3/entries/3/entries/5/entries/0/rows/7/1,20,"{@creature Ras Nsi|ToA} (daytime only), {@creature Sekelok|ToA} ({@creature champion|VGM} variant), 2 {@creature Yuan-ti Malison (Type 1)||yuan-ti malisons (type 1)}, 3 {@creature Yuan-ti Broodguard|VGM|yuan-ti broodguards}, 4 {@creature Ghoul||ghouls}",
Sephirius,塞菲里烏斯,project-proposed,canonical-name,ToA,140,data/5/entries/6/entries/3/entries/5/entries/1,3,"Any character who spends 10 minutes poring over the journal can note a few brief mentions of the other company members: Lord Brixton (a Cormyrean knight), Bravus Boulderborn (a gold dwarf cleric of Moradin), Seward (a Chondathan human ranger), and Sephirius (a dragonborn paladin often referred to as ""Seph"").",
Servants,僕人,project-proposed,heading-only,BGDIA,28,data/1/entries/8/entries/5/entries/2/entries/0,47,"Characters who clear out the Dungeon of the Dead Three might encounter more servants of Bane, Bhaal, or Myrkul in other parts of Baldur's Gate. These villains (see {@adventure appendix D|BGDIA|13}) usually operate as mixed groups of Banites, Bhaalites, and Myrkulites. Here are a few appropriate encounters for a party of four or five characters of 3rd to 5th level:",
Services,服務,project-proposed,heading-only,BGDIA,8,data/0/entries/4/entries/5/entries/3,28,{@b Civility}. Devils like to pretend that they run by the same rules and obey the same social conventions as mortals. Devils have no problem appearing and acting in whatever manner they need to achieve their end goal—usually a contract for services or a soul. They've learned that more can be gained from behaving in a civilized manner than reacting angrily or violently.,
Serving Zariel,服從扎瑞爾,project-proposed,heading-only,BGDIA,149,data/8/entries/5/entries/3/name,1,Serving Zariel,
Seskergates,塞斯克爾門,project-proposed,heading-only,BGDIA,192,data/9/entries/13/entries/5/entries/17/name,1,Seskergates,
Seward,西沃德,project-proposed,canonical-name,ToA,140,data/5/entries/6/entries/3/entries/5/entries/1,3,"Any character who spends 10 minutes poring over the journal can note a few brief mentions of the other company members: Lord Brixton (a Cormyrean knight), Bravus Boulderborn (a gold dwarf cleric of Moradin), Seward (a Chondathan human ranger), and Sephirius (a dragonborn paladin often referred to as ""Seph"").",
Sewer Keep,下水道守衛,project-proposed,heading-only,BGDIA,185,data/9/entries/13/entries/4/entries/4/rows/11/1,3,"A reeking, damp ""druid"" flees from the direction of the Sewer Keep. If stopped, the panicked man claims ""Something hatched in the yuck!""",
Shadowfell Wardrobe,影域衣櫃,project-proposed,heading-only,ToA,170,data/5/entries/9/entries/5/entries/9/name,1,Shadowfell Wardrobe,
Shaft,豎井,project-proposed,heading-only,BGDIA,33,data/1/entries/10/entries/5/entries/2/entries/1/entries/0,43,"A 3-foot-square flagstone in the southwest corner of the stable doubles as a hidden trapdoor in the floor. Any character who searches the area finds the trapdoor with a successful {@dc 15} Wisdom ({@skill Perception}) check. The stone covers a brick-walled shaft and a wooden ladder that descends 15 feet to {@area area V27|0cf|x} of the dungeon. If the Vanthampurs need to flee the dungeon, they can use the trapdoor to reach their horses quickly.",
Shagambi's Spirit,莎根比的靈魂,project-proposed,heading-only,ToA,161,data/5/entries/8/entries/5/entries/7/entries/1/name,2,Shagambi's Spirit,
Shago,鯊狗,existing-site,heading-only,ToA,5,data/0/entries/1/entries/1/rows/36/0,13,{@creature Shago|ToA},
Shambling Mound,蔓生怪,existing-site,heading-only,BGDIA,108,data/5/entries/1/entries/6/entries/3/entries/4/entries/0,8,Three {@creature Shambling Mound||shambling mounds} arise from the brambles and attack the characters.,
Shambling Mounds,蔓生怪,project-proposed,heading-only,BGDIA,107,data/5/entries/1/entries/6/entries/3/entries/1/rows/2/1,7,Shambling mounds,
Shattering the Companion,粉碎伴陽,project-proposed,heading-only,BGDIA,147,data/8/entries/5/entries/1/entries/2/entries/5,2,"Zariel first soars above Elturel to within reach of the corrupted Companion. She closes her eyes, raises her sword above her head, takes a deep, centering breath, and brings the blade down. The Companion then explodes in a flash of light and sound, as described in ""{@area Shattering the Companion|33e|x}"" later in this chapter.",
Shatterstick,粉碎棒,existing-site,heading-only,BGDIA,99,data/4/entries/3/entries/6/entries/4,6,"To aid the characters with damming the River Styx, the emissary crafts an {@creature imp} out of snow, which hops through the mirror to join them. This imp has immunity to cold damage and carries a sling bag containing five {@item shatterstick|BGDIA|shattersticks} (see the ""{@area Shattersticks|20c|x}"" sidebar) that it can use to demolish the riverbank. The imp is focused on his task, dislikes procrastination, and spits shards of ice when annoyed. The imp can guide the characters to the chasm of the Pit of Shummrath.",
Shield of the Hidden Lord,隱藏領主的盾牌,existing-site,heading-only,BGDIA,5,data/0/entries/2/entries/1/entries/2,28,"With Grand Duke {@creature Ulder Ravengard|BGDIA} out of the way, Thalamra is paying the Dead Three to shatter confidence in the Flaming Fist so that all payments to the decapitated organization can be cut off. Thalamra, a devout disciple of the archdevil Zariel, has brokered a deal that will enable her to claim the role of grand duke once the Flaming Fist disbands, paving the way for the city's descent into Avernus. To accomplish this last goal, Thalamra needs an artifact called the {@item Shield of the Hidden Lord|BGDIA}, imprisoned in which is a pit fiend named Gargauth. Until recently, the shield was sealed in a tomb under the city, but Thalamra's sons recently stole it and transported it to the dungeon below their villa. So corrupt is the shield that its mere presence in Baldur's Gate has contributed to the city's moral decay for decades.",
Shilau M'wenye,希勞·姆溫耶,project-proposed,canonical-name,ToA,56,data/2/entries/4/entries/12/entries/16/entries/0,1,"Fort dwellers pray to Helm for protection against the dangers of the land. Shilau M'wenye (LN male Chultan human {@creature priest}) is in charge of the temple and accepts donations. His father was a Chultan priest, and his mother was a Shou mercenary posted in Chult. He always tries to see the best in other people without judging them.",
Shilku,希爾庫,project-proposed,heading-only,ToA,37,data/2/entries/1,10,"When the adventurers mount their expedition into the heart of Chult, they have the option of striking out from any of several locations. Port Nyanzaru is the most obvious starting point. It offers easy access by canoe to two major rivers, the Soshenstar and the Tiryki. Journeys up these rivers make excellent shake-down expeditions for explorers just learning the ropes of this unforgiving land. Characters can also strike out from Fort Beluarian or travel by ship to coastal landing sites such as Jahaka Bay, Kitcher's Inlet, Refuge Bay, Shilku Bay, and Snapping Turtle Bay.",
Shilku Bay,希爾庫灣,project-proposed,heading-only,ToA,37,data/2/entries/1,4,"When the adventurers mount their expedition into the heart of Chult, they have the option of striking out from any of several locations. Port Nyanzaru is the most obvious starting point. It offers easy access by canoe to two major rivers, the Soshenstar and the Tiryki. Journeys up these rivers make excellent shake-down expeditions for explorers just learning the ropes of this unforgiving land. Characters can also strike out from Fort Beluarian or travel by ship to coastal landing sites such as Jahaka Bay, Kitcher's Inlet, Refuge Bay, Shilku Bay, and Snapping Turtle Bay.",
Shilku Reconnaissance.,Shilku偵察,project-proposed,heading-only,ToA,56,data/2/entries/4/entries/12/entries/18/entries/3/entries/1/items/1/name,1,Shilku Reconnaissance.,
Shivering Sickness,寒顫病,existing-site,heading-only,ToA,40,data/2/entries/3/entries/5/entries/2/name,7,Shivering Sickness,
Shrine,聖壇,project-proposed,heading-only,BGDIA,18,data/1/entries/7/entries/4/entries/11/entries/3/entries/0,159,"Characters who search the desk drawer find a sharkskin pouch containing 66 gp and 49 sp, which Oshalla uses to pay for food and shelter. Resting against the south wall is a small wooden chest that contains a shrine to Sekolah, the shark god worshiped by sahuagin. The chest's interior is lined with shark teeth and contains a 5-pound coral sculpture of Sekolah with red pearls for eyes (worth 250 gp as an art object).",
Shrine Doors,神祠門,project-proposed,heading-only,ToA,108,data/3/entries/4/entries/19/entries/3/entries/4/name,1,Shrine Doors,
Shrine of Ubtao,烏布塔奧神廟,project-proposed,heading-only,ToA,42,data/2/entries/4/entries/4/entries/4/name,1,Shrine of Ubtao,
Shrine of the Suffering,苦難聖殿,project-proposed,heading-only,BGDIA,187,data/9/entries/13/entries/5/entries/4/entries/0,3,"For as long as anyone can remember, the moon elves of the Candulhallow family have managed the city's small fleet of corpse carts. Though family members rarely push carts themselves anymore, their terse agents are a constant sight around the city, picking up the dead and using hand-drawn wagons to haul their shrouded loads to the Shrine of the Suffering or outlying cemeteries, funded by city stipends and tips from grieving loved ones.",
Siamorphe,賽雅茉芙,project-proposed,heading-only,BGDIA,167,data/9/entries/9/entries/8/name,3,Siamorphe,
Siboneseni,西波涅塞尼,project-proposed,canonical-name,,,,0,,
Sibonseni,西邦瑟尼,project-proposed,canonical-name,ToA,23,data/1/entries/8/entries/9/entries/4/entries/1,2,"The chief priest of Waukeen in Port Nyanzaru is Sibonseni, Mother of Prosperity (LN female Chultan {@creature priest}). She is one of the city's most influential residents after the merchant princes, and she enjoys tremendous support from every layer of society for the temple's charitable work and for its support of civic improvements. In fact, the temple is also one of the city's richest banks. When Mother Sibonseni travels through the streets, she rides in an elegant sedan chair accompanied by drummers, singers, dancers, and temple aides who distribute fistfuls of copper coins to the poor. Needless to say, this causes traffic jams, but the people of the city love her.",Siboneseni
Sibriex,巨顱魔,existing-site,heading-only,BGDIA,114,data/5/entries/5/entries/9/entries/2/items/1,36,"{@creature Bel|BGDIA} suggests that the characters speak to a sibriex that was recently captured by his spies. Sibriexes are hoarders of forbidden lore, and this particular one has been a good source of information for {@creature Bel|BGDIA}. It might know where Zariel's spies hid the adamantine rods.",
Side Chamber,側室,project-proposed,heading-only,ToA,62,data/2/entries/4/entries/15/entries/14/entries/3/name,2,Side Chamber,
Side Quests,支線任務,project-proposed,heading-only,ToA,16,data/1/entries/7/name,5,Side Quests,
Sigbeorn Dunebar,西格比約恩·沙丘,project-proposed,canonical-name,ToA,57,data/2/entries/4/entries/12/entries/25/entries/1,2,"Sigbeorn Dunebar (NG male Illuskan human {@creature veteran}) has logged more years in Chult than any other living member of the Flaming Fist, and he loves it. When he grew too old for fighting and patrolling in the jungle, he volunteered to transfer to the kitchen. Now he's not only the head cook but, more important, is responsible (under the castellan) for ensuring the fort always has an adequate food supply.",
Signal Vents,訊號口,project-proposed,heading-only,BGDIA,130,data/6/entries/11/entries/3/entries/2/name,1,Signal Vents,
Silvane,席爾瓦因,project-proposed,canonical-name,ToA,5,data/0/entries/1/entries/1/rows/37/0,27,{@creature Syndra Silvane|ToA},
Sinda Berries,辛達莓果,project-proposed,heading-only,ToA,77,data/2/entries/4/entries/27/entries/10/entries/5/entries/1/rows/7/1,9,{@dice 4d6} sinda berries growing on a bush (see {@area appendix C|535|x}),
Sister Cyas,西雅絲修女,project-proposed,canonical-name,ToA,47,data/2/entries/4/entries/8/entries/4,2,"The templar in charge is a devout worshiper of Tyr named {@creature Niles Breakbone|ToA} (LG male Chondathan human {@creature noble}), a man who's dedicated to everything the Order of the Gauntlet represents but poorly suited to commanding a post like Camp Vengeance. Aside from Commander Breakbone, the standard garrison at the base consists of fifty-eight people, though the actual number of effective warriors at any given time is usually lower due to sickness. Breakbone has two captains under his command: Ord Firebeard (LG male gold dwarf {@creature veteran}) and Perne Salhana (LG female Tethyrian human {@creature veteran}). Reporting to them is a fighting force comprised of eight {@creature Veteran||veterans} and twenty-four {@creature Guard||guards}. This is supplemented by a religious corps of six {@creature Acolyte||acolytes} led by Sister Cyas (LG female Chondathan human {@creature priest} of Helm). Technically, the religious templars are part of the fighting force, but in practice, they spend most of their time tending the sick and wounded. Finally, the fort is supported by a ragtag troop of Chultan hunters and scouts consisting of fifteen {@creature Tribal Warrior||tribal warriors} led by Lorsa Bilwatal (CN female Chultan human {@creature scout}) and {@creature Niles Breakbone|ToA}'s longtime friend, Wulf Rygor (CG male half-elf {@creature scout}).",
Sithi,西希,project-proposed,canonical-name,ToA,60,data/2/entries/4/entries/15/entries/2,6,"If characters travel within 10 miles (1 hex) of the forge, four {@creature Albino Dwarf Warrior|ToA|albino dwarf warriors} (see {@adventure appendix D|ToA|9}) spot and approach them. Their spokesperson is blunt-talking Sithi Vinecutter. She lays out the problem (""firenewts have taken over our ancestral forge"") and proposes the solution (""kill them""). As a reward, each character will be allowed to take twenty 1-pound ingots of refined adamantine from the forge, and the dwarves will lead them to the location of a crashed ""flying boat"" from some far-off land (see ""{@area Wreck of the Star Goddess|1aa|x}"").",
Sithi Vinecutter,西希·斷藤,project-proposed,canonical-name,ToA,60,data/2/entries/4/entries/15/entries/2,5,"If characters travel within 10 miles (1 hex) of the forge, four {@creature Albino Dwarf Warrior|ToA|albino dwarf warriors} (see {@adventure appendix D|ToA|9}) spot and approach them. Their spokesperson is blunt-talking Sithi Vinecutter. She lays out the problem (""firenewts have taken over our ancestral forge"") and proposes the solution (""kill them""). As a reward, each character will be allowed to take twenty 1-pound ingots of refined adamantine from the forge, and the dwarves will lead them to the location of a crashed ""flying boat"" from some far-off land (see ""{@area Wreck of the Star Goddess|1aa|x}"").",
Skeletal Remains,遺骨殘骸,project-proposed,heading-only,ToA,148,data/5/entries/7/entries/6/entries/3/name,4,Skeletal Remains,
Skeleton Gate,骷髏門,project-proposed,heading-only,ToA,126,data/5/entries/3/entries/2/entries/3/entries/3,15,Each {@creature skeleton key|ToA} has a skull that extends into a carved key-like shape. These shapes match the keyholes of the skeleton gate in the lair of the Sewn Sisters ({@area area 71|4d8|x}). The Skeleton Keys table summarizes the location and shape of each key.,
Skeleton Keys,骷髏鑰匙,project-proposed,heading-only,ToA,126,data/5/entries/3/entries/1/entries/6/entries/0,16,"Explorers have broken into the tomb recently, and {@creature Withers|ToA} and his tomb dwarves make frequent patrols. Their trails crisscross back and forth, making other creatures in the tomb difficult to track. The freshest tracks belong to the {@creature Skeleton Key|ToA|skeleton keys} (see ""Tomb Inhabitants"" below). Any character who tries to follow a {@creature skeleton key|ToA}'s trail can do so with a successful {@dc 12} Wisdom ({@skill Survival}) check, finding the way to the nearest unexplored location marked with a skull symbol on the dungeon map.",
Skeletons,骷髏們,existing-site,heading-only,BGDIA,23,data/1/entries/8/entries/3/entries/17/entries/2,43,"If one or more of the black candles on the altar are lit, they shed a green light that reveals black writing on the walls. The writing, which is not visible otherwise, says in Common, ""RISE AND BE COUNTED!"" If these words are spoken aloud within 5 feet of the altar, the words vanish as bones hidden under the debris at the north end of the room rise up and knit together, forming three animated human {@creature Skeleton||skeletons}. The skeletons are evil undead, but they obey the commands of whoever spoke the words that raised them, serving that individual until they're destroyed or their master is killed.",
Skids,斯基茲,project-proposed,canonical-name,BGDIA,129,data/6/entries/10/entries/7/entries/2/entries/0,1,"This establishment is run by three {@creature Salamander||salamanders} named Rassh, Skids, and Slagg. The salamanders owe Mahadi a debt for taking them in and secreting them away after a bold escape from {@area Bel's Forge|251|x}. They operate as indentured servants, maintaining Mahadi's infernal war machines while also crafting wares for sale to visitors. From time to time, Mahadi sends them abroad to procure parts to refurbish the caravan. Nine {@creature Magmin||magmins} and eight suits of {@creature animated armor} assist the salamanders with their work.",
Skull Chalice of Ch'gakare,Ch'gakare的骷髏聖盃,project-proposed,heading-only,ToA,68,data/2/entries/4/entries/20/entries/10/entries/8,7,"Mwaxanaré believes she can garner widespread support to repopulate and rebuild Omu by retrieving a symbolically significant yet long-lost treasure called the Skull Chalice of Ch'gakare (see {@area chapter 5|4c3|x}). If the characters claim to be headed to Omu, she urges them to find the chalice and return it to her ""for the good of Chult."" If the characters request something more substantial as a reward, she offers them 250 gp worth of choice pieces from her private treasury (see {@area area 5|154|x}).",
Skull Chalice of Ch'gakare (Area 67),奇加克雷的骷髏聖盃（區域67）,project-proposed,heading-only,ToA,189,data/5/entries/11/entries/1/entries/1/entries/4/name,1,Skull Chalice of Ch'gakare (Area 67),
Skullbash,碎顱,project-proposed,canonical-name,ToA,34,data/1/entries/12/entries/4/entries/9/entries/3,1,"{@creature Musharib|ToA} is 4 feet 5 inches tall and weighs 140 pounds. He carries a wooden maul named Skullbash. His armor is fashioned from the spatulate bones of dinosaurs, and it's gashed and scarred by weapons, claws, and teeth.",
Sky Lizard,天空蜥蜴,project-proposed,canonical-name,ToA,60,data/2/entries/4/entries/14/entries/0,2,"This ruined yuan-ti city stands in the jungle at the foot of the Crown, a fuming volcano that marks the western end of the Sky Lizard Mountains. A powerful ward similar to that of an {@spell antipathy/sympathy} spell prevents yuan-ti from entering the city. Many of the serpent folk who once dwelled here have since relocated to Omu.",
Slagg,斯拉格,project-proposed,canonical-name,BGDIA,129,data/6/entries/10/entries/7/entries/2/entries/0,1,"This establishment is run by three {@creature Salamander||salamanders} named Rassh, Skids, and Slagg. The salamanders owe Mahadi a debt for taking them in and secreting them away after a bold escape from {@area Bel's Forge|251|x}. They operate as indentured servants, maintaining Mahadi's infernal war machines while also crafting wares for sale to visitors. From time to time, Mahadi sends them abroad to procure parts to refurbish the caravan. Nine {@creature Magmin||magmins} and eight suits of {@creature animated armor} assist the salamanders with their work.",
Slave Labors,奴隸勞動,project-proposed,heading-only,ToA,114,data/4/entries/3/entries/3/entries/3/entries/0,2,"{@creature Fenthaza|ToA} meets with prisoners in her quarters ({@area area 5|2ba|x}). She sees the characters as pawns in her plot to overthrow {@creature Ras Nsi|ToA}. To determine whether they can be trusted, she assigns them to work as slaves under Slavemaster Issar ({@area area 19|2f7|x}). Issar assigns each character a labor, determined by rolling percentile dice and consulting the Slave Labors table. (More than one character can be given the same task.) As they perform labors, characters see how the temple functions and might find ways to escape.",
Slaves,奴隸,project-proposed,heading-only,BGDIA,76,data/3/entries/4/entries/6/entries/0,25,"Extraplanar travelers come to Avernus from time to time. Such visitors include war profiteers looking to get rich trading weapons and armor, mad wizards who want to test their latest spells, clerics on missions from their gods, treasure hunters searching for lost artifacts, grim-faced merchants who deal in slaves, smugglers of {@item Soul Coin|BGDIA|soul coins}, and scholars seeking firsthand knowledge of the machinations of the diabolical realms. Adventurers come here to negotiate with powerful fiends, meddle in the Blood War, and free poor souls trapped in the Nine Hells.",
Slobberchops,口水怪,project-proposed,canonical-name,BGDIA,32,data/1/entries/10/entries/3/entries/4,8,"The last member of the Vanthampur family is Slobberchops, a mean-looking {@creature tressym|BGDIA} (winged cat) with a bobtail and numerous battle scars. Characters who encounter Slobberchops can try to befriend it (see {@area area V5|0a3|x}).",
Smiler,笑爺,project-proposed,canonical-name,BGDIA,86,data/3/entries/7/entries/8/entries/9/entries/5/items/3,18,"Warnings about other warlords (see ""{@area Warlords of the Avernian Wastelands|1e0|x}""), plus the name of someone who might help them (see ""{@area Roaming Encounter: Smiler the Defiler|2bb|x}"")",
Smilin' Boar,微笑野豬,project-proposed,heading-only,BGDIA,193,data/9/entries/13/entries/5/entries/20/name,3,Smilin' Boar,
Snails and Oysters,蝸牛和牡蠣,project-proposed,heading-only,ToA,159,data/5/entries/8/entries/4/entries/3/entries/0/entries/0,3,"You appear in a cell that smells moldy. Its damp walls are covered with living snails and oysters, and feature sculptural reliefs of tidal waves destroying coastal cities and ships. A merfolk skeleton embedded in one wall clutches an iron sconce fitted with a burning red candle. Suddenly, lukewarm water begins to pour into the cell through rows of tiny holes in the ten-foot-high ceiling.",
Snake Pits,蛇坑,project-proposed,heading-only,ToA,114,data/4/entries/4/entries/2/entries/5/name,1,Snake Pits,
"Snake, Constrictor",蟒蛇，絞殺者,project-proposed,heading-only,ToA,194,data/7/entries/2/entries/4/rows/63/0,2,"{@area Snake, constrictor|5e1|x}",
"Snake, Giant Constrictor",巨蟒，絞殺者,project-proposed,heading-only,ToA,194,data/7/entries/2/entries/4/rows/64/0,2,"{@area Snake, giant constrictor|5e2|x}",
"Snake, Giant Poisonous",巨蛇，有毒,project-proposed,heading-only,ToA,194,data/7/entries/2/entries/4/rows/65/0,2,"{@area Snake, giant poisonous|5e3|x}",
Snapping Turtle Bay,咬合龜灣,project-proposed,heading-only,ToA,30,data/1/entries/11/entries/3/entries/1,6,"The commander of Fort Beluarian and highest ranking member of the Flaming Fist in Chult is {@creature Liara Portyr|ToA} (see {@adventure appendix D|ToA|9}). She holds the rank of blaze (major) and has complete autonomy in Chult, answering only to Duke Ulder Ravengard of Baldur's Gate. Portyr will happily assign some of her mercenaries to accompany adventurers by sea to Refuge Bay or even to Snapping Turtle Bay—either is an excellent starting point for any incursion into the western reach of the Valley of Dread.",
Snout of Omgar,奧姆加的鼻子,project-proposed,heading-only,ToA,83,data/2/entries/4/entries/41/name,2,Snout of Omgar,
Soakosh,索科什,project-proposed,canonical-name,ToA,114,data/4/entries/3/entries/3/entries/5/entries/0/rows/1/1,4,"Soakosh ({@creature yuan-ti pureblood}), 4 {@creature Yuan-ti Broodguard|VGM|yuan-ti broodguards}, 2 {@creature Basilisk||basilisks}, 1 {@creature triceratops}",
Solndor Brightstar,索爾多·明亮之星,project-proposed,canonical-name,BGDIA,140,data/7/entries/6/entries/1/entries/1/items/0,2,"Ages ago, Idyllglen was threatened by gnoll tribes. As the gnolls raided the town, Solndor Brightstar, a cleric of Lathander, led the people in prayer to his god for aid. Lathander was moved by the people's bravery and sent the angel Zariel to defeat the gnolls. After driving off the gnolls, the people erected a statue of Zariel to honor her.",
Song of the Devil,魔鬼之歌,project-proposed,heading-only,BGDIA,214,data/10/entries/8/entries/4/entries/1/rows/4/1,2,Song of the devil,
Sorcerous Sundries,魔法雜貨,project-proposed,heading-only,BGDIA,193,data/9/entries/13/entries/5/entries/21/name,1,Sorcerous Sundries,
Soshen,索申,project-proposed,canonical-name,ToA,25,data/1/entries/9/entries/2/entries/3/entries/2,2,"{@creature Ekene-Afa|ToA} (LG female Chultan human {@creature gladiator}) won numerous gladiatorial contests in Port Nyanzaru's arena before she invested her winnings into financing her first trade deals. She is a legend among the common rabble who grew up watching her battles. Her husband, Kura, is a painter, and they have twin teenage sons named Soshen and Tiryk. Soshen is a city guard, and Tiryk is a popular dinosaur racer. Both were named after Chultan rivers.",
Soshenstar,索申斯塔河,project-proposed,canonical-name,ToA,16,data/1/entries/7/entries/2/items/2/entries/0,9,"Undril Silvertusk (LG female half-orc {@creature priest} of Torm with {@sense darkvision} out to a range of 60 feet) is a representative of the Order of the Gauntlet and newly arrived in Port Nyanzaru. She needs to deliver herself plus a packet of dispatches from her superiors to Commander {@creature Niles Breakbone|ToA} at Camp Vengeance. Undril was led to believe she could simply buy a horse in the city and ride to the camp, but now that she sees the terrain and conditions, that's clearly not possible. She hopes to join any expedition headed up the River Soshenstar. Undril is quite attached to her chain shirt, but she's not unreasonable when presented with good arguments for shedding the armor. If characters gain Undril's respect, she'll intercede strongly on their behalf if any difficulties arise with Commander Breakbone (as they're likely to, as discussed in {@area chapter 2|0cd|x}).",
Soul Devouring,靈魂吞噬,project-proposed,heading-only,ToA,6,data/0/entries/4/entries/7/entries/2/items/3,2,"Any spell that breathes life into the dead (including {@spell revivify}, {@spell raise dead}, {@spell resurrection}, and {@spell true resurrection}) automatically fails if cast on a humanoid whose soul is either trapped in the Soulmonger or has been devoured by the atropal (see ""{@area Soul Devouring|00a|x}"" below).",
Soul Fuel,靈魂燃料,project-proposed,heading-only,BGDIA,216,data/11/entries/3/entries/4/entries/0,3,"An infernal war machine's hit points can be restored by making repairs to the vehicle (see ""{@area Repairs|435|x}""). When an infernal war machine drops to 0 hit points, it ceases to function and is damaged beyond repair, and any souls trapped in the vehicle's furnace are released to the afterlife (see ""{@area Soul Fuel|42d|x}"").",
Soul Intake,靈魂抽取管道,project-proposed,heading-only,BGDIA,119,data/5/entries/7/entries/6/entries/2/name,5,Soul Intake,
Soul Intake Pipe,靈魂抽取管道,project-proposed,heading-only,BGDIA,120,data/5/entries/7/entries/8/entries/2/entries/3/entries/3,3,"If the characters left one or more infernal war machines parked outside the wrecked fortress, {@creature Chukka|BGDIA} and {@creature Clonk|BGDIA} search those vehicles while Barnabas leads the redcaps and madcaps into the lower decks of the wreck in search of treasure. If the characters left {@area Fort Knucklebone|1b3|x} on good terms with {@creature Mad Maggie|BGDIA}, the flameskull and the kenku won't give the party too much trouble. However, the madcaps might try to steal one of the characters' infernal war machines or inadvertently release the monster lurking in the soul intake pipe (see ""{@area Soul Intake|26c|x}"").",
Soulmonger,噬魂器,project-proposed,canonical-name,ToA,5,data/0/entries/1/entries/1/rows/0/2,89,Archlich and evil creator of the Soulmonger,靈魂商販;靈魂收割者;靈魂吞噬者;靈魂販子
Souls,靈魂,project-proposed,heading-only,BGDIA,6,data/0/entries/2/entries/3/entries/3,109,"Avernus has long been a battlefield in the never-ending Blood War. Apart from clashing demons and devils, petty warlords scour the Avernian wastelands in search of treasure, salvage, and fuel for their infernal war machines. Characters who forge an alliance with one warlord risk alienating the others. By acquiring an infernal war machine, characters can travel quickly across Avernus—a domain rife with tortured souls, warmongers, and devils eager to tempt would-be heroes into soul-corrupting deals.",
Souls are Forfeit,剝奪靈魂,project-proposed,heading-only,BGDIA,149,data/8/entries/5/entries/3/entries/1/name,1,Souls are Forfeit,
South Door,南門,project-proposed,heading-only,BGDIA,22,data/1/entries/8/entries/3/entries/9/entries/3/name,5,South Door,
South Hall,南大廳,project-proposed,heading-only,ToA,147,data/5/entries/7/entries/5/entries/4/entries/0/name,1,South Hall,
Spa Services,水療服務,project-proposed,heading-only,BGDIA,129,data/6/entries/10/entries/7/entries/1/entries/2,3,"Upon entry into Infernal Rapture, guests are escorted to a private chamber where they may lounge on pillows, cushions, and divans as they place orders for extravagant dishes from across the planes of existence and enjoy a variety of spa services that range from the simple and mundane to the exotic and bizarre.",
Spawning Trees,孵化樹,project-proposed,heading-only,BGDIA,92,data/3/entries/10/entries/1,8,"{@adventure Diagram 3.2|BGDIA|4|Spawning Trees} and {@adventure diagram 3.3|BGDIA|5|Demon Zapper} are flowcharts that show the two paths characters can take through Avernus to reach the Bleeding Citadel: the {@adventure Path of Demons|BGDIA|4} and the {@adventure Path of Devils|BGDIA|5}, respectively. Neither is literally a ""path,"" but rather a sequence of locations that the characters must visit in order. If the characters wander off these paths, use optional encounters to pull them back (see ""{@adventure Other Locations|BGDIA|6},"" and ""{@area Roaming Encounter: Smiler the Defiler|2bb|x}"").",
Specter,惡靈,existing-site,heading-only,BGDIA,66,data/2/entries/7/entries/8/entries/4/entries/4,9,"Each pillar is hollow and houses an incorporeal undead creature: four {@creature Shadow||shadows} and four {@creature Specter||specters} in total. Seven of the undead emerge from the pillars to attack any character who attempts to enter the chapel. The specter closest to the priest quarters ({@area area G5|171|x}) instead attempts to move to that area and warn Gideon of the intruders. If warned, Gideon quickly moves to {@area area G4|16e|x} and prepares to defend the chapel, while the specter returns to join the fray.",
Spell Restrictions,法術限制,project-proposed,heading-only,ToA,128,data/5/entries/3/entries/4/name,2,Spell Restrictions,
Spellcasting,施法,existing-site,heading-only,BGDIA,41,data/1/entries/11/entries/3/entries/18/entries/2,30,"The man is {@creature Thavius Kreeg|BGDIA}, the former high overseer of Elturel. Formerly a priest of Torm (god of courage and self-sacrifice), he lost his spellcasting ability when he abandoned his faith and now only pretends to worship that deity. The shield hanging on the wall behind him is the {@item Shield of the Hidden Lord|BGDIA}, which is depicted and described in {@adventure Appendix C|BGDIA|12}. Thavius has been speaking to Gargauth, the fiend imprisoned in the shield, and has concluded that the shield is responsible for much of the rampant avarice and malice in Baldur's Gate. Given time, Thavius thinks he can use the shield to drag Baldur's Gate down into Avernus.",
Spellplague,魔法瘟疫,project-proposed,canonical-name,ToA,5,data/0/entries/3/entries/2,11,"Also lurking in the heart of Chult is {@creature Ras Nsi|ToA}, a mythic, villainous figure among Chultans. {@creature Ras Nsi|ToA} was a human paladin and a sworn protector of the city of Mezro. He betrayed his oaths and was banished. Rather than redeem himself, he raised an undead army to conquer Mezro. The would-be tyrant was defeated and banished once more. Mezro was later destroyed by the Spellplague (or so it seemed), during which {@creature Ras Nsi|ToA} lost his power to create and command undead. He withdrew to the city of Omu, leaving the vestiges of his undead army to roam unchecked throughout the jungle. That was not the end of {@creature Ras Nsi|ToA}, however. Bitter over his loss of power, he forged an alliance with the yuan-ti lurking in the ruins of Omu and underwent a ritual of transformation, becoming a yuan-ti malison. As a yuan-ti, {@creature Ras Nsi|ToA} imposed his terrible will on the evil snake people and became their leader.",
Spells and Magic Items,法術與魔法物品,project-proposed,heading-only,BGDIA,8,data/0/entries/4/entries/4/entries/2/name,2,Spells and Magic Items,
Sphinx Statues,獅身人面像雕像,project-proposed,heading-only,ToA,146,data/5/entries/7/entries/3/entries/6/entries/0,5,"A loud click sounds out as the dwarf steps onto one of the floor tiles. Then a deafening buzzing rises as locusts pour out from the mouths of the sphinx statues, quickly engulfing him. He tries to fight them off, to no avail. When the cloud of insects vanishes, nothing of the dwarf remains except its bones and gear.",
Spider Fan Trap,蜘蛛扇陷阱,project-proposed,heading-only,ToA,184,data/5/entries/10/entries/7/entries/5,2,"The compartment can also be opened with a {@spell knock} spell, or with a successful {@dc 20} Dexterity check made by a character using {@item thieves' tools|PHB}. Opening the compartment in either manner triggers the trap (see ""Spider Fan Trap"" below).",
Spiders,蜘蛛,project-proposed,heading-only,BGDIA,36,data/1/entries/10/entries/5/entries/15/entries/0,19,"This tastefully appointed room contains a bed, a side table, a claw-footed iron bathtub, a fireplace, and an iron-banded wooden chest. A three-foot-wide, six-foot-tall mirror is mounted to the east wall opposite the fireplace. The mirror's varnished wooden frame is carved with images of rats, ravens, and spiders.",
Spiked Chain,刺鏈,existing-site,heading-only,ToA,154,data/5/entries/7/entries/15/entries/0/entries/0,4,"Two hulking figures stand in alcoves along this long hall, facing each other. Armor is bolted to their flesh, and they wear bucket helms and spiked gauntlets. Iron collars around their necks are connected by a spiked chain that stretches across the corridor.",
Spiked Pit,尖刺陷坑,project-proposed,heading-only,ToA,97,data/3/entries/4/entries/4/entries/4/entries/2/name,1,Spiked Pit,
Spirit Pole,靈柱,project-proposed,heading-only,ToA,96,data/3/entries/4/entries/3/entries/2/name,2,Spirit Pole,
Spirits of the Nine Trickster Gods,九詭神亡魂,project-proposed,heading-only,ToA,127,data/5/entries/3/entries/2/entries/7/entries/0,13,"The spirits of the nine trickster gods of Omu haunt the tomb. Although they cannot escape it, these spirits can inhabit adventurers within the tomb (see ""{@area Spirits of the Nine Trickster Gods|321|x}"").",
Spiritual Inhabitation,靈性居住,project-proposed,heading-only,ToA,129,data/5/entries/4/entries/2/name,1,Spiritual Inhabitation,
Spotting Traps,發現陷阱,project-proposed,heading-only,ToA,45,data/2/entries/4/entries/7/entries/11/entries/5/name,1,Spotting Traps,
Spouts of Hellfire,地獄火噴發,project-proposed,heading-only,BGDIA,54,data/2/entries/5/entries/9/entries/3/rows/7/1,2,{@area Spouts of hellfire|128|x},
Ssilum,西勒姆,project-proposed,canonical-name,ToA,121,data/4/entries/4/entries/13/entries/4/entries/0,1,"As a bonus action, {@creature Ras Nsi|ToA} can speak a command word (""Ssilum"") that causes five shields to fly off the walls and levitate around him. While they're active, {@creature Ras Nsi|ToA} gains a +10 bonus to his AC. If an attack that would normally hit {@creature Ras Nsi|ToA} is blocked by the shields, one of the shields is struck and disabled as it falls to the floor, reducing {@creature Ras Nsi|ToA}'s bonus to AC by 2. When there are no more active shields, the effect ends, and {@creature Ras Nsi|ToA} can't use this power again until he finishes a long rest. A {@spell detect magic} or similar effect reveals an aura of transmutation magic around the shields. Only {@creature Ras Nsi|ToA} can activate the shields, and the effect is confined to this room.",
Stained-Glass Window,彩色玻璃窗,project-proposed,heading-only,BGDIA,20,data/1/entries/8/entries/3/entries/3/entries/0,4,This room contains a massage table draped in clean towels. Bottles of perfume stored under the table are used to scent the pools in area D2. Natural light enters through a stained-glass window set into the south wall.,
Staircases,樓梯,project-proposed,heading-only,BGDIA,21,data/1/entries/8/entries/3/entries/5/entries/2/entries/1/items/0,9,"The dungeon's rooms, corridors, and staircases are hewn from limestone and unlit unless the text states otherwise. (Followers of the Dead Three carry torches or rely on {@sense darkvision} to see in the dungeon.)",
Standing Stone Effects,立石效應,project-proposed,heading-only,BGDIA,98,data/4/entries/2/entries/8/entries/1,2,"The wizard requests that each character places a hand upon a different stone, to ""assist in channeling the streams of magic."" When their hands are in place, Ubbalux begins to chant. The air fills with ozone as lightning courses over the standing stones. Each character who participates in the experiment takes 22 ({@dice 5d8}) lightning damage and suffers an additional effect based on the school of magic associated with the standing stone that the character touched, as noted in the Standing Stone Effects table. Ubbalux's latest attempt to escape his prison has failed.",
Starfallen,星隕,project-proposed,canonical-name,ToA,145,data/5/entries/6/entries/11/entries/5/entries/1,5,"The spirit of a female moon elf warlock known as the Starfallen resides within the {@item ghost lantern|ToA}. If any character touches the lantern, the spirit can be seen within it. The spirit is insubstantial and can't be harmed, nor can it cause harm. It speaks and understands Common, Elvish, and Sylvan. If the lantern is destroyed, the spirit becomes trapped in the Soulmonger.",
Starting at 5th Level,從5級開始,project-proposed,heading-only,ToA,8,data/0/entries/4/entries/9/entries/1/name,1,Starting at 5th Level,
Starting at 9th Level,從9級開始,project-proposed,heading-only,ToA,8,data/0/entries/4/entries/9/entries/2/name,1,Starting at 9th Level,
Starting at Higher Levels,從更高等級開始,project-proposed,heading-only,ToA,8,data/0/entries/4/entries/9/name,1,Starting at Higher Levels,
Starting the Adventure,開始冒險,project-proposed,heading-only,ToA,8,data/0/entries/5/name,1,Starting the Adventure,
Stat Blocks,資料卡,project-proposed,heading-only,BGDIA,8,data/0/entries/4/entries/4/entries/1/name,11,Stat Blocks,
Statue,雕像,existing-site,heading-only,BGDIA,9,data/0/entries/5/entries/3/entries/2/items/2,219,"The characters find a relic that survived the fall of paradise, such as a beautiful vase or toppled statue. The first character to touch the relic experiences a fleeting moment of pure joy.",
Statue and Puzzle Cube,雕像和謎題立方體,project-proposed,heading-only,ToA,105,data/3/entries/4/entries/13/entries/4/entries/2/name,1,Statue and Puzzle Cube,
Statue of Minsc and Boo,米斯和布的雕像,project-proposed,heading-only,BGDIA,167,data/9/entries/9/entries/10/entries/3/title,3,Murderous servants of the Dead Three corner their prey near the statue of Minsc and Boo.,
Statue of Ubtao,烏巴奧雕像,project-proposed,heading-only,ToA,194,data/7/entries/2/entries/4/rows/67/0,2,{@area Statue of Ubtao|5e5|x},
Statues,雕像,project-proposed,heading-only,BGDIA,12,data/1/entries/6/entries/1/entries/3,55,"All of this was brought to your attention shortly after you were drafted by the Flaming Fist to help defend the city. Your orders are to speak to Captain Zodge at the Basilisk Gate, which pierces the city's eastern wall and takes its name from the various statues that rest in its niches and perch atop its battlements. Unseen beyond the sealed Basilisk Gate, a dirt road stretches through the Outer City slums to the bridge known as Wyrm's Crossing, then to distant realms beyond.",
Steeps,陡坡區,project-proposed,canonical-name,BGDIA,184,data/9/entries/13/entries/3/entries/7,4,"{@b The Steeps}. As the most direct route from the harbor to the Upper City via Baldur's Gate, the Steeps has a natural advantage in securing business from wealthy travelers, and many of the city's most successful merchants maintain lucrative storefronts along its dramatically steep thoroughfares. This also makes it the Lower City neighborhood most likely to be visited by patriars, and thus the Steeps sees more than its fair share of patrols by the Flaming Fist.",
Stegosaurus,劍龍,existing-site,heading-only,ToA,194,data/7/entries/2/entries/4/rows/23/0,6,"Dinosaurs, {@area stegosaurus|5b7|x}",
Stelmane,斯特梅恩,project-proposed,canonical-name,BGDIA,10,data/1/entries/3/entries/2,6,"In the grand duke's absence, the government of Baldur's Gate continues to function under the three remaining dukes—Belynne Stelmane, Dillard Portyr, and Thalamra Vanthampur. Duke Portyr has gone so far as to recall his niece, Liara Portyr, from her post as commander of the Flaming Fist at Fort Beluarian in Chult, in the hopes that she can keep the Flaming Fist in check. However, it will take time for her ship to arrive. Meanwhile, refugees from Elturgard continue to arrive with dire claims that nothing remains of Elturel except a crater in the ground.",
Stirge,蚊蝠,existing-site,heading-only,BGDIA,92,data/3/entries/11/entries/4,23,"Haruman, a human paladin of Helm, was one of Zariel's most devoted Hellriders. He crucified deserters to Zariel's cause on ""Coward's Way,"" a line of tortured souls leading to this desolate hill. Each soul is pinned to a barbed, metal tree. Inscriptions above their heads attest that most of them were mortal knights who abandoned Zariel during her assault into Avernus. Flocks of {@creature Stirge||stirges} buzz between the branches, feasting hungrily on the screaming, crucified victims. The stirges attack the characters only if they try to free the captives (see ""{@area Haruman's Arrival|1ec|x}"" below). Roll {@dice 2d4} to determine the number of attacking stirges.",
Stirges,蚊蝠們,existing-site,heading-only,BGDIA,76,data/3/entries/5/entries/2,24,"Biting flies, hellwasps, and blood-sucking stirges patrol the air, hunting for any source of blood to feed on. Swarms of them can grow so large that they blacken the sky and deafen the ears with the sound of their wings. On the ground, wandering bands of nupperibos—blind, bloated castaways of the damned—move in the thousands like living lakes of groaning flesh in their agonizing search for food. Bone fields, quicksand, bubbling tar pits, lakes of lava, canyons of wailing souls, and salt flats made from the tears of the damned all await those who wander the hellscape.",
Stone Chest,石質寶箱,project-proposed,heading-only,ToA,153,data/5/entries/7/entries/13/entries/4/name,1,Stone Chest,
Stone Faces,石雕面孔,project-proposed,heading-only,ToA,75,data/2/entries/4/entries/27/entries/9/entries/0/entries/0,2,"A fantastic edifice rises up out of the jungle: a hanging garden of exotic beauty. Water streams down the steps between two massive elephant carvings. Beyond them, a broad, flooded avenue runs arrow-straight for more than a hundred feet before ending at a carving of a tyrannosaurus face. Water pours from the tyrannosaurus's jaws and flows the length of the concourse to drain down the steps in front of you. Five-foot-high terraces flank the boulevard. Low archways—three on each side—are built into the terrace walls. These archways are in various stages of collapse, as are the tunnels beyond them. Beautifully carved, larger-than-life stone faces are mounted between the arches.",
Stone Key,石鑰匙,project-proposed,heading-only,ToA,97,data/3/entries/4/entries/4/entries/2/entries/2/name,3,Stone Key,
Stone Urn,石甕,project-proposed,heading-only,ToA,117,data/4/entries/4/entries/6/entries/1/entries/0,4,"A haze of incense lingers inside the chamber. Faded murals decorate the walls, and throw rugs and cushions lie scattered on the floor. An engraved chest rests in one corner next to a stone urn covered with snake carvings. A creature with the head and upper body of a dark-skinned woman and the lower body of a serpent coils in the middle of the room.",
Stonyeyes,石眼區,project-proposed,canonical-name,BGDIA,194,data/9/entries/14/entries/4/entries/6,4,"{@b Stonyeyes}. Just outside the Basilisk Gate that gives it its name, this neighborhood is full of stables and stockyards. Many Outer City residents who work within the city live here to be as close as possible to their places of business. Among them is a significant community of half-orc porters.",
Story Consultants,故事顧問,project-proposed,heading-only,BGDIA,,data/17/entries/0/items/1/name,2,Story Consultants,
Story Creators,故事創作者,project-proposed,heading-only,BGDIA,,data/17/entries/0/items/0/name,2,Story Creators,
Story Hooks,故事動機,project-proposed,heading-only,BGDIA,126,data/6/entries/10/entries/4/name,1,Story Hooks,
Story Overview,故事梗概,project-proposed,heading-only,ToA,5,data/0/entries/3/name,1,Story Overview,
Stowing Away,偷渡,project-proposed,heading-only,BGDIA,131,data/6/entries/11/entries/6/name,2,Stowing Away,
Straightstick,直棍,project-proposed,heading-only,BGDIA,170,data/9/entries/10/entries/1/entries/3,3,"Rivalries exist between kingpins, and their territorial borders shift constantly. As long as these internal feuds don't disrupt Guild business or draw the attention of the authorities, no one interferes. Recent rumors claim that an Outer City kingpin known as Straightstick is calling in all his favors to make a move on a Lower City turf. Crossing the wall is riskier than the average power play, and those in the know predict the coming conflict to be a bloody one.",
Strangers in a Strange Land.,在陌生之地的陌生人。,project-proposed,heading-only,ToA,56,data/2/entries/4/entries/12/entries/18/entries/3/entries/1/items/2/name,1,Strangers in a Strange Land.,
Strawbundle's Charm,草包的護咒,existing-site,heading-only,ToA,180,data/5/entries/10/entries/2/entries/5/entries/9/name,1,Strawbundle's Charm,
Stygian Dock,斯泰吉亞碼頭,project-proposed,heading-only,BGDIA,116,data/5/entries/5/entries/9/entries/8/entries/0,9,"Balakros offers to lead the characters to an iron barge moored on the shore of the River Styx. An iron road leads from {@creature Bel|BGDIA}'s volcano to the barge, and it's patrolled by {@creature Bearded Devil||bearded devils} that won't attack the characters as long as Balakros is leading them. Lashed to the sides of the barge are demon skulls and bones. Characters who travel by barge must pass underneath the {@area Stygian Dock|285|x} on their way to the sibriex.",
Styx Watchtowers,冥河瞭望塔,project-proposed,heading-only,BGDIA,124,data/6/entries/8/name,1,Styx Watchtowers,
Su-monsters,蘇怪,project-proposed,heading-only,ToA,105,data/3/entries/4/entries/13/entries/4/entries/2/entries/2,12,"When a pint or more of water is poured into the statue's cupped left hand, Wongo's puzzle cube appears by magic on the statue's head. When the puzzle cube appears, the character who poured the water hears a snarling, disembodied voice say, ""Take the prize and curse your friends, or fight my children to claim it. What is your choice?"" If a character takes the puzzle cube, the masks on the walls deliver their curses (see area 12C). If no character takes the cube immediately, the portcullises slam shut over the entrance corridors in area 12A as four {@creature Su-monster|ToA|su-monsters} (see {@adventure appendix D|ToA|9}) are teleported into the room, clinging to the statue like startled children to a protective parent. The su-monsters leap down and attack. Once the su-monsters appear, taking the puzzle cube doesn't trigger the masks' curses. The summoned su-monsters are real, and their bodies don't disappear when they die.",
Suggested Character Levels,建議角色等級,project-proposed,heading-only,ToA,7,data/0/entries/4/entries/8/entries/0,4,"Characters begin the adventure at 1st level and gain XP by defeating monsters. After each game session, add up all the XP earned and distribute it evenly among the party members. If the characters gain enough XP to advance a level, encourage your players to level up their characters before the next session. Ideally, the characters should fall within the desired level range for each chapter of the adventure, as shown in the Suggested Character Levels table.",
Summon Swarm {@recharge 5},召喚蜂群 {@recharge 5},existing-site,heading-only,ToA,106,data/3/entries/4/entries/14/entries/3/entries/2/entries/1/name,1,Summon Swarm {@recharge 5},
Sundered Chains,破碎鎖鏈,project-proposed,heading-only,BGDIA,122,data/6/entries/4,2,{@b Sundered Chains}. Broken chains of Avernus that tried and failed to bind other cities before Elturel.,
Surprise! Dragon Cultists!,驚喜！龍巫教徒！,project-proposed,heading-only,BGDIA,27,data/1/entries/8/entries/4/name,2,Surprise! Dragon Cultists!,
Survivor,生還者,existing-site,heading-only,BGDIA,61,data/2/entries/6/entries/5/entries/6/entries/1/name,4,Survivor,
Swarms of Bats,蝙蝠群,project-proposed,heading-only,ToA,194,data/7/entries/2/entries/4/rows/70/0,3,{@area Swarms of bats|5e8|x},
Swarms of Insects,昆蟲叢集,existing-site,heading-only,BGDIA,136,data/7/entries/4/entries/3/entries/7/entries/3,6,"The first time a creature that isn't a fiend tries to cross this room, the flies gather into four hostile {@creature Swarm of Insects||swarms of insects}. Replace the swarms' climbing speed with a flying speed of 30 feet.",
Swarms of Quippers,食人魚群,project-proposed,heading-only,ToA,80,data/2/entries/4/entries/28/entries/3,4,"The characters' first impression of the water is correct; it varies from 3 to 4 feet deep everywhere. A search of the muddy bottom turns up hundreds of goblin bones and stone spear heads, greatly annoys the multitude of frogs, and draws attacks from two {@creature Swarm of Quippers||swarms of quippers}. Someone who examines the dragon bones and succeeds on a {@dc 13} Intelligence ({@skill Investigation}) check sees enough regularity in the vines draped across the ribs to conclude the dragon was tangled in a net. To identify the remains as a green dragon, characters must lift its skull out of the water and muck; that feat takes a successful {@dc 15} Strength ({@skill Athletics}) check.",
Sweetjen's Spices,甜珍香料店,project-proposed,canonical-name,BGDIA,200,data/9/entries/14/entries/5/entries/15/entries/2,1,"While the Crossing is renowned for cheats and criminals, the residents stick together, and a local crew called the Crossers ensures that all predatory practices are applied primarily to travelers, and never to fellow bridge-dwellers. For those who consistently refuse to play well with their neighbors, the answer is often Sweetjen's Spices, a precarious bridge-side shop whose halfling proprietor quietly sells some of the most potent drugs and untraceable poisons in the city.",
Sylvira Savikas,西爾維拉·薩維卡斯,existing-site,heading-only,BGDIA,5,data/0/entries/2/entries/2/entries/0,11,"In the course of dealing with {@creature Thavius Kreeg|BGDIA} and the Vanthampur family, characters are likely to acquire the {@item Shield of the Hidden Lord|BGDIA} as well as an {@item infernal puzzle box|BGDIA} that they can't open. They might also liberate a spy imprisoned in Duke Vanthampur's dungeon who works for {@creature Sylvira Savikas|BGDIA}, a tiefling expert on the Nine Hells. Determined to thwart devil worshipers in positions of power throughout the Western Heartlands, Sylvira operates out of the library of Candlekeep and has spent years monitoring devil activity in Baldur's Gate, Elturel, and the surrounding region. Her spies are after the puzzle box, which is believed to contain a copy of the fiendish contract Thavius signed to seal Elturel's doom.",
Symbols and Shackles,符號與枷鎖,project-proposed,heading-only,BGDIA,132,data/6/entries/11/entries/7/entries/7/name,1,Symbols and Shackles,
Syndra,辛德拉,project-proposed,canonical-name,ToA,5,data/0/entries/1/entries/1/rows/37/0,52,{@creature Syndra Silvane|ToA},
Syndra Silvane's Curse,希瓦娜的詛咒,project-proposed,heading-only,ToA,8,data/0/entries/5/entries/4/name,1,Syndra Silvane's Curse,
Syndra's Fate,辛德拉的命運,project-proposed,heading-only,ToA,190,data/5/entries/11/entries/2/name,1,Syndra's Fate,
Szarr,薩札爾,project-proposed,canonical-name,BGDIA,196,data/9/entries/14/entries/5/entries/6/entries/1,2,"Long ago, the graveyard was an empty estate owned by the mercantile Szarr family, with only a few family crypts near the cliffs. When a business rival murdered the entire family in their beds, no one was eager to move into their former manor, and the city decided to turn the estate into a single massive graveyard that acts as the primary repository for the city's dead.",
T1. Ground Floor,T1. 一樓,project-proposed,heading-only,BGDIA,125,data/6/entries/8/entries/4/entries/1/name,1,T1. Ground Floor,
T2. Second Floor,T2. 二樓,project-proposed,heading-only,BGDIA,125,data/6/entries/8/entries/4/entries/2/name,1,T2. Second Floor,
T3. Roof,T3. 屋頂,project-proposed,heading-only,BGDIA,125,data/6/entries/8/entries/4/entries/3/name,1,T3. Roof,
Tabaxi,斑貓人,existing-site,heading-only,ToA,5,data/0/entries/1/entries/1/rows/4/2,51,Unhinged tabaxi hunter in Omu,
Tabaxi Hunter,斑貓獵人,existing-site,heading-only,ToA,5,data/0/entries/1/entries/1/rows/4/2,11,Unhinged tabaxi hunter in Omu,
Tabaxi Hunters,斑貓獵人,project-proposed,heading-only,ToA,14,data/0/entries/6/entries/3/entries/10/entries/1,6,Tabaxi hunters can be encountered anywhere in Chult. Tabaxi minstrels are seldom met outside Port Nyanzaru. {@adventure Appendix D|ToA|9|Tabaxi} includes statistics for both. Tabaxi can also be player characters (see {@book Volo's Guide to Monsters|VGM} for tabaxi racial traits).,
Tale of the Hellriders,地獄騎士的傳說,project-proposed,heading-only,BGDIA,44,data/1/entries/13/entries/4/entries/0,2,"The following encounter occurs only if the characters have the {@item Shield of the Hidden Lord|BGDIA}. Otherwise, skip ahead to the ""Tale of the Hellriders"" section. Read the following to set the scene:",
Talking to Mordenkainen,與魔鄧肯交談,project-proposed,heading-only,BGDIA,98,data/4/entries/1/entries/8/name,1,Talking to Mordenkainen,
Talro'a,塔若阿,project-proposed,canonical-name,ToA,5,data/0/entries/1/entries/1/rows/17/0,15,{@creature Ifan Talro'a|ToA},
Tapestries,掛毯,project-proposed,heading-only,BGDIA,34,data/1/entries/10/entries/5/entries/3/entries/2/entries/0,13,"Apart from the main entrance, this room has two exits. A plaster shelf lined with ornate vases circles the room at a height of nine feet. Spread across the flagstone floor is a ten-foot-wide, fifteen-foot-long rug of exquisite design, depicting a royal coronation. Two tapestries hanging on the walls depict a dragon flying over a ship and pilgrims on camels, respectively.",
Tavern Locations,酒館地點,project-proposed,heading-only,BGDIA,16,data/1/entries/7/entries/4/name,2,Tavern Locations,
Tavern Patrons,酒館顧客,project-proposed,heading-only,BGDIA,16,data/1/entries/7/entries/3/name,5,Tavern Patrons,
Taverns in Baldur's Gate,博德之門的酒館,project-proposed,heading-only,BGDIA,16,data/1/entries/7/entries/2/entries/2,5,"Alan Alyth, the tavern's current owner and proprietor, is a neutral half-elf {@creature commoner} with {@sense darkvision} out to a range of 60 feet. Alan recently turned seventy-five years old and has run the establishment for decades. His elven blood through his half-elf mother has kept him alive this long, and keeps him looking better than most full-blooded humans his age. He runs a moneylending business on the side, offering loans to customers he trusts. He rarely gives loans to adventurers, knowing how flighty they can be, but he might offer them a free glass of {@recipe Elverquisst|HFFotM} wine if he thinks it'll keep their swords sheathed (see the ""Taverns in Baldur's Gate"" sidebar).",
Tej,特吉,existing-site,heading-only,ToA,5,data/0/entries/1/entries/1/rows/21/2,11,"Merchant prince in Port Nyanzaru (sells fruit, wine, oil, perfume, tej, and insect repellent)",
Telepathic Communications,心靈通訊,project-proposed,heading-only,BGDIA,77,data/3/entries/5/entries/4/entries/2/name,3,Telepathic Communications,
Teleportation Runes,傳送符文,project-proposed,heading-only,ToA,160,data/5/entries/8/entries/5/entries/0,4,"Each character who teleports into this tomb from area 47C appears atop a randomly determined teleportation rune (see ""Teleportation Runes"" below). Characters can also enter the tomb through the secret door at area 47D.",
Teleporter,傳送器,existing-site,heading-only,BGDIA,222,data/11/entries/5/entries/3/entries/1/items/1,7,{@vehupgrade Teleporter|BGDIA},
Teleporters,傳送裝置,project-proposed,heading-only,ToA,114,data/4/entries/4/entries/1/entries/5/name,13,Teleporters,
Teleporting to Chult,傳送到Chult,project-proposed,heading-only,ToA,9,data/0/entries/5/entries/4/entries/8/name,1,Teleporting to Chult,
Temple Reinforcements,寺廟援軍,project-proposed,heading-only,ToA,112,data/4/entries/2/entries/2/entries/2/entries/1,3,"Once an alarm is raised, begin tracking how much time the characters spend in the temple. At the end of each hour, roll percentile dice and consult the Temple Reinforcements table to see what else arrives. Reinforcements enter the temple from {@area area 1|2ad|x} or {@area 23|303|x} and behave as you desire.",
Temple Roster,神廟名單,project-proposed,heading-only,ToA,112,data/4/entries/2/entries/2/entries/2/name,4,Temple Roster and Reinforcements,
Temple Roster and Reinforcements,神廟名單和增援,project-proposed,heading-only,ToA,112,data/4/entries/2/entries/2/entries/2/name,1,Temple Roster and Reinforcements,
Tentacles,觸鬚,existing-site,heading-only,BGDIA,40,data/1/entries/11/entries/3/entries/11/entries/1/entries/0,15,"A broad-shouldered figure with purple skin and a beard of writhing snakelike tentacles stands in the middle of a room lined by iron doors, tightening its grip on a glaive as it glares at you through the darkness. Each door is set with a small barred window, and a ring of keys hangs from the creature's belt.",
Terracotta Warriors,兵馬俑戰士,project-proposed,heading-only,ToA,160,data/5/entries/8/entries/5/entries/1/entries/0,11,"This tomb is filled with {@creature Terracotta Warrior|ToA|terracotta warriors}, kneeling in neat ranks around a polished wooden coffin. Between the warriors, four aisles scattered with broken pottery lead up to the coffin, whose painted lid shows a leopard with serpents sprouting from its shoulders.",
Terran,土族語,project-proposed,canonical-name,ToA,142,data/5/entries/6/entries/7/entries/1,1,"The bottle is stoppered and contains a {@creature dao} named Keshma al-Wazir, who was trapped centuries ago by {@creature Acererak|ToA}. Anyone examining the bottle spots the genie waving from within and hears her muffled voice calling out. Keshma speaks Terran only. At first, she orders the characters to release her. If they refuse, she tries to bargain with them (see ""Roleplaying the Dao"" below). While trapped inside the bottle, Keshma can't attack or cast spells. Once she's released, she can cast the {@spell tongues} spell to better communicate with her liberators.",
Test Run 221,試執行 221,project-proposed,heading-only,BGDIA,123,data/6/entries/7/entries/9/entries/0,3,"Engine oil covers this horned devil, which constantly chews on a shard of smoking, red hot coal. Bazelsteen is more interested in machines than creatures and is willing to repair or modify any infernal war machine that the characters currently use. See {@adventure appendix B|BGDIA|11} for possible weapon replacements, armor upgrades, and magic gadgetry. Instead of payment, the horned devil requires that they help it complete a test (see ""Test Run 221"" below). If the characters perform this task well, Bazelsteen agrees to fully repair their infernal war machines. He also offers one free weapon swap, armor upgrade, or magical gadget.",
Thaeven,塞文,project-proposed,canonical-name,ToA,56,data/2/entries/4/entries/12/entries/17/entries/2,1,"The stablemaster is Thaeven the Bald (N male Tethyrian human {@creature commoner} with {@skill Animal Handling} +4). He takes excellent care of the animals, to the extent that's possible in this climate, while complaining constantly about the impossibility of taking proper care of horses in this climate.",
Thanks to Our Playtesters,感謝我們的測試玩家,project-proposed,heading-only,BGDIA,,data/17/entries/0/items/29/name,1,Thanks to Our Playtesters,
Thasselandra Bravewing,薩瑟蘭德拉·勇翼,project-proposed,canonical-name,ToA,85,data/2/entries/4/entries/47/entries/3/entries/0,1,"The voice calling to the party belongs to Thasselandra Bravewing, the ship's captain (NG female Halruaan human {@creature noble}). She explains the situation briefly before she weakens and her voice becomes too soft to hear from the ground. The other crash survivors include the ship's navigator, Ra-das (N male Halruaan human {@creature scout}); the master-of-arms, Falx Haranis (CN male Halruaan human {@creature veteran}); and three other crewmen named Brax, Nhar, and Veliod (N male Halruaan human {@creature Guard||guards}). Ra-das and Falx are in the stern section; the other NPCs are all in the midsection.",
That Personal Touch,個人心魔,project-proposed,heading-only,BGDIA,9,data/0/entries/5/entries/5/name,1,That Personal Touch,
Thavius,塔維斯,project-proposed,canonical-name,BGDIA,5,data/0/entries/2/entries/0,82,"The holy city of Elturel has disappeared from the Forgotten Realms and descended into Avernus, the first layer of the Nine Hells. This event came about as the result of an infernal bargain between the archdevil Zariel, who rules Avernus, and the treacherous High Overseer of Elturel, {@creature Thavius Kreeg|BGDIA}. Zariel is capturing cities and using their citizens as fodder in the ongoing conflict between demons and devils known as the Blood War. Next on Zariel's list of cities is Elturel's neighbor, Baldur's Gate. The characters can be the heroes who descend into Avernus, save Elturel from certain destruction, and prevent a similar fate from befalling Baldur's Gate.",薩維烏斯;塔維烏斯
Thavius and the Puzzle Box,塔維斯和謎語盒,project-proposed,heading-only,BGDIA,47,data/1/entries/14/entries/6/entries/5/name,1,Thavius and the Puzzle Box,
Thavius's Betrayal,塔維斯的背叛,project-proposed,heading-only,BGDIA,8,data/0/entries/3/entries/4/name,1,Thavius's Betrayal,
Thay,賽爾,project-proposed,canonical-name,ToA,5,data/0/entries/1/entries/1/rows/21/1,17,kway-OH-thay,
Thayan,賽爾語,existing-site,canonical-name,ToA,5,data/0/entries/3/entries/1,6,"Unknown to Syndra and her allies, the Soulmonger is trapping the souls of the dead and depriving liches of the means to trap souls in their phylacteries. (The Soulmonger snatches up the souls before they can be trapped elsewhere.) Szass Tam, the most powerful lich among the Red Wizards of Thay, has sent operatives to Chult to steal the Soulmonger or, failing that, destroy it. Leading the Thayan expedition is Szass Tam's devoted lieutenant, {@creature Valindra Shadowmantle|ToA}. Valindra has been warned that adventurers might cross her path, so she's prepared for them.",賽爾
Thazma,薩茲瑪,project-proposed,canonical-name,ToA,93,data/3/entries/3/entries/5/entries/5/entries/1,1,"The survivors include four Red Wizards (LE male and female Thayan human {@creature Mage||mages}) named Dyrax (male), Thazma (female), Yamoch (male), and Zagmira (female). Their red robes, shaved heads, and sallow complexions betray their allegiance to Thay. Eight mercenaries (LE male and female human {@creature Thug||thugs} of various ethnicities) escort the wizards. The highest ranking mage, Zagmira, appears just eighteen years old, yet one half of her face is wizened and old. This effect is a holdover from a terrible ritual she performed to inhabit the body of her own granddaughter. All four mages carry spellbooks that contain all their prepared spells.",
The Basilisk Gate,石化蜥蜴之門,project-proposed,heading-only,BGDIA,12,data/1/entries/6/name,9,The Basilisk Gate,
The Cauldron,大鍋,project-proposed,heading-only,ToA,49,data/2/entries/4/entries/9/name,8,The Cauldron,
The Chasm,深坑,project-proposed,heading-only,BGDIA,58,data/2/entries/5/entries/10/entries/2/entries/1,10,"A bridge twenty feet wide and more than a hundred feet long spans the chasm. Holy runes etched into the stonework of the bridge indicate that the structure has been consecrated in the name of Torm, god of courage and self-sacrifice. Six infernal creatures stand guard at the center of the bridge, scanning in all directions.",
The Companion,伴陽,project-proposed,heading-only,BGDIA,5,data/0/entries/2/entries/1/entries/3,49,"To keep Baldur's Gate from falling into Zariel's clutches, the characters must take the shield far away from the city. Reya Mantlemorn, a young knight from Elturel, suspects that the Vanthampurs are sheltering {@creature Thavius Kreeg|BGDIA} at their estate and offers aid. Characters who storm Duke Vanthampur's villa find Thavius hidden in the dungeon below it. Thavius is helping Thalamra Vanthampur use the {@item Shield of the Hidden Lord|BGDIA} to bring about the fall of Baldur's Gate, in much the same fashion he used the Companion (see ""{@area The Companion|007|x}"") to doom Elturel. If the characters slay Thavius, his soul travels to the Nine Hells and re-forms as an amnizu devil on Avernus (see """"{@area Poor Devil: Thavius Kreeg|2b8|x}"").",
The Dead Three,死亡三神,project-proposed,heading-only,BGDIA,5,data/0/entries/2/entries/1/entries/1,55,"The characters are drafted by the Flaming Fist, the army of mercenaries tasked with protecting Baldur's Gate. Without Grand Duke {@creature Ulder Ravengard|BGDIA} to lead them, the Flaming Fist mercenaries are little more than glorified thugs. The characters' orders are to help maintain peace by rooting out and destroying followers of Bane, Bhaal, and Myrkul—evil gods collectively known as the Dead Three. These vile priests, assassins, and necromancers are murdering city folk at random, and the Flaming Fist is too distracted and disorganized to hunt them down and find their lair. In the course of their investigation, the characters learn that the Dead Three cultists are secretly being financed by Thalamra Vanthampur, one of three remaining dukes who preside over the government of Baldur's Gate, using money stolen from the hoard of Tiamat, the evil queen of dragons imprisoned in the Nine Hells.",
The Eighth Remnant,第八殘餘,project-proposed,heading-only,BGDIA,91,data/3/entries/9/entries/7/entries/1,4,"This particularly cruel {@creature chain devil} commanded the Nine Hells' 8th Infantry Legion, ""Terror Incarnate,"" which was crushed on the banks of the River Styx by the demon lord {@creature Kostchtchie|BGDIA}. Blaming its superiors for the defeat, {@creature Princeps Kovik|BGDIA} gathered the surviving members of its legion and formed the Eighth Remnant, a marauding gang of devils no longer beholden to the infernal hierarchy.",
The Emissary,使節,project-proposed,heading-only,BGDIA,99,data/4/entries/3/entries/6/name,3,The Emissary,
The Expedition Begins,遠征開始,project-proposed,heading-only,ToA,37,data/2/entries/3/name,1,The Expedition Begins,
The Fate of Thavius Kreeg,塔維斯·克雷格的命運,project-proposed,heading-only,BGDIA,152,data/8/entries/6/entries/4/entries/3/name,1,The Fate of Thavius Kreeg,
The Flaming Fist,焰拳,project-proposed,heading-only,BGDIA,5,data/0/entries/2/entries/1/entries/1,140,"The characters are drafted by the Flaming Fist, the army of mercenaries tasked with protecting Baldur's Gate. Without Grand Duke {@creature Ulder Ravengard|BGDIA} to lead them, the Flaming Fist mercenaries are little more than glorified thugs. The characters' orders are to help maintain peace by rooting out and destroying followers of Bane, Bhaal, and Myrkul—evil gods collectively known as the Dead Three. These vile priests, assassins, and necromancers are murdering city folk at random, and the Flaming Fist is too distracted and disorganized to hunt them down and find their lair. In the course of their investigation, the characters learn that the Dead Three cultists are secretly being financed by Thalamra Vanthampur, one of three remaining dukes who preside over the government of Baldur's Gate, using money stolen from the hoard of Tiamat, the evil queen of dragons imprisoned in the Nine Hells.",
The Gates,城門,project-proposed,heading-only,BGDIA,5,data/0/entries/2/entries/1/entries/0,19,"{@adventure Chapter 1|BGDIA|1} begins in the independent city of Baldur's Gate, where the characters find themselves trapped behind the city's walls after the gates are sealed to keep out hundreds of refugees from the neighboring land of Elturgard. However, the gates can't hold back news that Elturgard's capital has fallen, and that Grand Duke {@creature Ulder Ravengard|BGDIA} of Baldur's Gate is missing—lost on a diplomatic mission to Elturel. The fact that Elturel's misfortune coincided with Ravengard's visit has left Baldurians wondering whether Baldur's Gate will suffer Elturel's fate.",
The Great Ritual,大儀式,project-proposed,heading-only,ToA,49,data/2/entries/4/entries/10/entries/5/items/0,6,"If the party appears weak (few in number or needing assistance), {@dice 1d6 + 6} {@creature Grung|VGM|grungs} with green skin (warriors) surround them as soon as they enter the thorn maze, and press them to attend an audience with the king. The grungs attack and subdue characters who resist. If the adventurers accept, they are taken through the maze to the shrine, where they are received by King Groak. He offers sanctuary and talks of the great ritual to summon Nangnang. Once the characters are rested, Groak commands them to help Krr'ook make final preparations.",
The Guild,公會,project-proposed,heading-only,BGDIA,12,data/1/entries/6/entries/7/entries/5/entries/2,52,"""A few blocks from the Basilisk Gate is Elfsong Tavern. A spy named Tarina hangs out there, gathering rumors for the Guild. She owes me a favor, so tell her you work for me. Ask her what she knows about the Dead Three. And, for the love of Balduran, be nice. Tarina has dangerous friends.""",
The Hearth,爐邊,project-proposed,heading-only,BGDIA,46,data/1/entries/14/entries/5/entries/5,4,"Once allowed inside, the characters are free to go where they please and stay as long as they wish. The outermost buildings include private dormitories for the monks and public quarters for visitors, as well as amenities one would expect to find in a self-sufficient settlement (bathhouses, clothiers, granaries, gardens, and so forth). Candlekeep even has a pub called the Hearth.",
The Imps' Goals,小魔鬼的目標,project-proposed,heading-only,BGDIA,84,data/3/entries/7/entries/7/entries/4/entries/2/name,1,The Imps' Goals,
The King of Feathers,翎羽之王,project-proposed,heading-only,ToA,106,data/3/entries/4/entries/14/entries/4/entries/1/name,1,The King of Feathers,
The Knucklebones Gang,指節骨幫,project-proposed,heading-only,BGDIA,82,data/3/entries/7/entries/7/name,1,The Knucklebones Gang,
The Old Wall,老城牆,project-proposed,heading-only,BGDIA,176,data/9/entries/12/entries/9/entries/0,9,"The Old Wall, built at Balduran's behest centuries ago, surrounds the Upper City. Six gates pierce it, channeling the district's visitors and commerce. Entering the Upper City requires either being a patriar, having a patriar's letter or livery, showing a Watch token issued to the Upper City's residents or licensed to its few inns for guest use, or paying an entry toll. Tokens and tolls are only accepted at Citadel Gate, Baldur's Gate, and the Black Dragon Gate, since the other gates are reserved for the exclusive use of patriars, their servants, and their guests.",
The Path Forward,前進的道路,project-proposed,heading-only,BGDIA,71,data/2/entries/8/entries/3/entries/3/entries/4/entries/1,2,"Alternatively, Ravengard can fall {@condition unconscious} when the helm is removed, even as the character who removes it feels an almost overwhelming urge to don it. A character who dons the helm feels at peace and sees visions of troops in gleaming armor marching across a grassy plain with military precision. In the next breath, the character sees massive groups of disfigured monsters loping across a blighted landscape, tearing at screaming enemies. The character wearing the helm can't remove it until they receive a {@spell bless} spell from a worshiper of Torm. (Pherria fits this description.) In the meantime, as the adventuring party travels back to the cathedral with the still-{@condition unconscious} Ravengard, the character wearing the helm experiences the same visions that Ravengard was having, as described in ""{@area The Path Forward|18d|x}"". Ravengard then awakens after 1 hour, no worse for wear.",
The Planetar's Power,異界神侍的力量,project-proposed,heading-only,BGDIA,147,data/8/entries/5/entries/1/entries/2/entries/6,2,"With the destruction of the Companion, the people of Elturel are freed from infernal bondage. The planetar imprisoned within the Companion raises the city out of the Nine Hells and returns it to Faerûn (see ""{@area The Planetar's Power|33f|x}""). Zariel accompanies the city until she is satisfied that Elturel is safe.",
The Scab,大血痂,project-proposed,heading-only,BGDIA,134,data/7/entries/1,38,"The characters should be 11th level by the time they discover the location of the {@item Sword of Zariel|BGDIA}. The weapon awaits them in a cathedral formed out of positive energy. Avernus abhors the structure and has surrounded it in a bloody scab, earning it the name the Bleeding Citadel. This scab has also engulfed a demon named {@creature Crokek'toeck|BGDIA} that was sent by the demon lord Yeenoghu to devour the blade. The holy power of the citadel resists the scab's attempts to fully engulf it and make it one with Avernus, leaving the top of the citadel visible. The characters get directions to this location from {@creature Bel|BGDIA} or Olanthius in {@adventure chapter 3|BGDIA|3}.",
The Sewn Sisters,縫合姐妹,project-proposed,heading-only,ToA,125,data/5/entries/2/entries/2/entries/1,22,"To nurture the atropal, {@creature Acererak|ToA} needed an untold number of souls. The archlich made a bargain with the Sewn Sisters, a coven of night hags feared throughout the Lower Planes. Seduced by the prospect of a near-endless supply of souls, the hags joined {@creature Acererak|ToA} in his tomb. With their assistance, the archlich crafted the Soulmonger—a necromantic device that could reap the souls of the dying from across Toril and feed them to the atropal. Leaving the Sewn Sisters behind as nursemaids, {@creature Acererak|ToA} abandoned his tomb to watch the rise of the death god from afar.",
The Shaft,井道,project-proposed,heading-only,ToA,53,data/2/entries/4/entries/11/entries/12/entries/4/entries/0,27,"A 50-foot-tall chimney ascends to the pinnacle of Firefinger. The chimney contains plenty of handholds and requires a successful {@dc 8} Strength ({@skill Athletics}) check to climb without gear or magic. At this height, any significant noise in the shaft alerts the pterafolk in area 4 to the presence of intruders.",
The Soulmonger,靈魂商販,project-proposed,heading-only,ToA,5,data/0/entries/1/entries/1/rows/0/2,88,Archlich and evil creator of the Soulmonger,
The Ultimate Sacrifice,終極犧牲,project-proposed,heading-only,BGDIA,152,data/8/entries/6/entries/5/name,2,The Ultimate Sacrifice,
The Undercellar,地下室,project-proposed,heading-only,BGDIA,176,data/9/entries/12/entries/6/rows/11/1,11,"A shady broker claims to know exactly what the party needs, leading characters to the Undercellar to show them a selection of interesting but shady goods.",
The Vanthampur Family,範薩姆普爾家族,project-proposed,heading-only,BGDIA,5,data/0/entries/2/entries/2/entries/0,13,"In the course of dealing with {@creature Thavius Kreeg|BGDIA} and the Vanthampur family, characters are likely to acquire the {@item Shield of the Hidden Lord|BGDIA} as well as an {@item infernal puzzle box|BGDIA} that they can't open. They might also liberate a spy imprisoned in Duke Vanthampur's dungeon who works for {@creature Sylvira Savikas|BGDIA}, a tiefling expert on the Nine Hells. Determined to thwart devil worshipers in positions of power throughout the Western Heartlands, Sylvira operates out of the library of Candlekeep and has spent years monitoring devil activity in Baldur's Gate, Elturel, and the surrounding region. Her spies are after the puzzle box, which is believed to contain a copy of the fiendish contract Thavius signed to seal Elturel's doom.",
The Wandering Emporium,流浪商城,project-proposed,heading-only,BGDIA,9,data/0/entries/5/entries/4/entries/2/items/2,35,"The Wandering Emporium (see ""{@area The Wandering Emporium|297|x}"") can show up almost anywhere in the Nine Hells, at any time. If the players don't know where to go or what to do next, or if you want to surprise them with fun roleplaying opportunities, have the Wandering Emporium arrive at the party's location, regardless of where they saw it last.",
The Watch,守望者,project-proposed,heading-only,BGDIA,32,data/1/entries/10/entries/0,52,"Vanthampur Villa is located in the Upper City, which is populated by the wealthiest residents of Baldur's Gate and heavily patrolled by the Watch. The villa's location is marked on {@adventure map 1.1|BGDIA|1|Map 1.1: Baldur's Gate}, while {@adventure map 1.5|BGDIA|1|Map 1.5: Vanthampur Villa} shows its interior. The villa connects with the dungeon and sewer complex shown on {@adventure map 1.6|BGDIA|1|Map 1.6: Under the Villa}.",
The Way of the Lion,雄獅小徑,project-proposed,heading-only,BGDIA,45,data/1/entries/14/entries/0,4,"Candlekeep is a fortress perched on a spur of rock overlooking the Sea of Swords. It is reached by a single road, the Way of the Lion, which branches west off the Coast Way.",
The Whiskey Lady,威士忌女士,project-proposed,heading-only,BGDIA,171,data/9/entries/10/entries/2/entries/6/entries/3/name,2,The Whiskey Lady,
The Wide,廣闊之地,project-proposed,heading-only,BGDIA,177,data/9/entries/12/entries/10/entries/4,14,"{@b The Wide}. The primary market and largest civic space in Baldur's Gate is the Wide, where sellers set up their stalls and put out their wares each day at dawn. Street music and noisy performances are forbidden, and every night the sellers who are not Upper City residents must pack up and leave. Bustling by day, the Wide is desolate at night, except on holidays and when hosting grand celebrations.",
The following D&D books provided material and inspiration,以下D&D書籍提供了素材和靈感,project-proposed,heading-only,BGDIA,,data/17/entries/0/items/27/name,2,The following D&D books provided material and inspiration,
The following D&D books provided material and inspiration:,以下D&D書籍提供了素材與靈感：,project-proposed,heading-only,ToA,,data/12/entries/0/entries/0/items/21/name,1,The following D&D books provided material and inspiration:,
Theft Consequences,盜竊後果,project-proposed,heading-only,BGDIA,210,data/9/entries/17/entries/5/entries/3/name,4,Theft Consequences,
Theft Details,盜竊細節,project-proposed,heading-only,BGDIA,210,data/9/entries/17/entries/5/entries/1/name,4,Theft Details,
Theft in Baldur's Gate,博德之門的盜竊案,project-proposed,heading-only,BGDIA,210,data/9/entries/17/entries/5/name,1,Theft in Baldur's Gate,
Things to Do,要做的事情,project-proposed,heading-only,ToA,18,data/1/entries/8/entries/4/entries/0,2,"There's enough happening in Port Nyanzaru that you won't need to rely on random encounters to keep things interesting. That being said, if the players seem restless, use the random encounters in {@adventure appendix B|ToA|7} to spice things up a bit as they're gathering supplies for their expedition. At any time, the party might run into Volothamp Geddarm (see ""{@area City Denizens|054|x}""). Volo's familiarity with Port Nyanzaru makes him a font of useful information. If the party doesn't already have a wilderness guide, he advises characters to secure one before they enter the jungle. Volo might also suggest that characters partake in the dinosaur races (see ""{@area Things to Do|083|x}"").",
Third Steps,第三步,project-proposed,heading-only,ToA,81,data/2/entries/4/entries/31/entries/5/name,1,Third Steps,
Thiru-Taya,提魯-塔亞,project-proposed,heading-only,ToA,74,data/2/entries/4/entries/27/entries/0,14,"This great garden (map 2.12) was built to honor Zalkoré, a vain Omuan queen. Its builder, Thiru-taya, was Zalkoré's foremost general and consort. In their time, the garden was called Ka-Nanji, the Hanging Garden of Dreams. Ka-Nanji was a palatial retreat from the intrigues and pressures of Omu, and the beautiful, tiered garden was praised as a worthy tribute to the queen.",
Thiru-taya,希魯塔雅,project-proposed,canonical-name,ToA,74,data/2/entries/4/entries/27/entries/0,14,"This great garden (map 2.12) was built to honor Zalkoré, a vain Omuan queen. Its builder, Thiru-taya, was Zalkoré's foremost general and consort. In their time, the garden was called Ka-Nanji, the Hanging Garden of Dreams. Ka-Nanji was a palatial retreat from the intrigues and pressures of Omu, and the beautiful, tiered garden was praised as a worthy tribute to the queen.",
Thorn Trap,荊棘陷阱,project-proposed,heading-only,BGDIA,107,data/5/entries/1/entries/6/entries/3/entries/1/rows/3/1,2,Thorn trap,
Three Old Kegs,三個老桶,project-proposed,heading-only,BGDIA,182,data/9/entries/12/entries/13/entries/13/name,6,Three Old Kegs,
Throat Leeches,咽喉水蛭,existing-site,heading-only,ToA,40,data/2/entries/3/entries/5/entries/3/name,5,Throat Leeches,
Throne of Acererak,阿瑟瑞克的寶座,project-proposed,heading-only,ToA,164,data/5/entries/8/entries/9/entries/4/name,1,Throne of Acererak,
Tiamat,提亞馬特,existing-site,heading-only,BGDIA,5,data/0/entries/2/entries/1/entries/1,59,"The characters are drafted by the Flaming Fist, the army of mercenaries tasked with protecting Baldur's Gate. Without Grand Duke {@creature Ulder Ravengard|BGDIA} to lead them, the Flaming Fist mercenaries are little more than glorified thugs. The characters' orders are to help maintain peace by rooting out and destroying followers of Bane, Bhaal, and Myrkul—evil gods collectively known as the Dead Three. These vile priests, assassins, and necromancers are murdering city folk at random, and the Flaming Fist is too distracted and disorganized to hunt them down and find their lair. In the course of their investigation, the characters learn that the Dead Three cultists are secretly being financed by Thalamra Vanthampur, one of three remaining dukes who preside over the government of Baldur's Gate, using money stolen from the hoard of Tiamat, the evil queen of dragons imprisoned in the Nine Hells.",
Ticking Clock,倒計時,project-proposed,heading-only,ToA,7,data/0/entries/4/entries/7/entries/6/name,1,Ticking Clock,
Tiger,虎,existing-site,heading-only,ToA,20,data/1/entries/8/entries/7/entries/3/entries/1,12,"Traders from up and down the Sword Coast come to this market to buy timber, spices, medicines concocted from jungle plants, dinosaur skulls and claws, iron, tiger pelts, carved ivory, Batiri and grung handiwork, colored feathers, tropical fruit, monkeys, plesiosaur meat, and all the other riches of Chult. Business begins before the sun comes up, and dealing doesn't stop until well after darkness edges across the city. It's a noisy, jostling, aroma-rich circus. Guards are numerous, but less numerous than the urchins and pickpockets. Street performers and tabaxi minstrels add to the cacophony. Colorful awnings protect the market from sun and rain but also trap the heat and smells.",
Tinder,火種,project-proposed,canonical-name,ToA,34,data/1/entries/12/entries/4/entries/8/entries/2,14,"Three years ago, Hew was part of a dwarven expedition seeking to reopen Wyrmheart Mine. The expedition encountered Tinder the red dragon. Hew alone escaped, and only after the dragon bit off his left arm. Hew wants to return to the mine and slay the dragon, but he needs a band of stout-hearted adventurers to help him. If the characters hire him as a guide, Hew says he can lead them wherever they want, but he'll only take them to Wyrmheart Mine.",
Tiryk,提爾克,project-proposed,canonical-name,ToA,25,data/1/entries/9/entries/2/entries/3/entries/2,2,"{@creature Ekene-Afa|ToA} (LG female Chultan human {@creature gladiator}) won numerous gladiatorial contests in Port Nyanzaru's arena before she invested her winnings into financing her first trade deals. She is a legend among the common rabble who grew up watching her battles. Her husband, Kura, is a painter, and they have twin teenage sons named Soshen and Tiryk. Soshen is a city guard, and Tiryk is a popular dinosaur racer. Both were named after Chultan rivers.",
Tiryki,提爾基,project-proposed,canonical-name,ToA,14,data/0/entries/6/entries/3/entries/8/entries/2,17,"Some Chultan guides are aware of one grung village due south of Port Nyanzaru, just above the headwater of the River Tiryki (pronounced tee-REE-kee). For more information on this village, see ""{@area Dungrunglung|0d8|x}."" {@adventure Appendix D|ToA|9|Grungs} contains additional information on grungs.",
Tiryki Anchorage,提爾基錨地,project-proposed,heading-only,ToA,18,data/1/entries/8/entries/2,6,"Outside the main walls are three slums: the Old City to the southwest, where many buildings are remnants of older, pyramidal construction; Malar's Throat to the south, where buildings cling to the walls of a lush canyon spanned by rope bridges; and Tiryki Anchorage to the southeast, where explorers and river folk gather.",
Tiryki Gate,提爾基門,project-proposed,canonical-name,ToA,24,data/1/entries/8/entries/11/entries/1,1,"Unlike Malar's Throat and the Old City, Tiryki Anchorage has no fortified temple or ancient stone ziggurats where residents can take shelter against undead or carnivores. Most people dash for Tiryki Gate when the alarm sounds and hope to get through before it's locked ahead of them. Fortunately, the animals in their pens are more sensitive to approaching enemies than humans are, so few creatures are able to sneak into the area undetected.",
Tlad Xolbrys,特拉德·索爾布里斯,project-proposed,canonical-name,ToA,163,data/5/entries/8/entries/7/entries/6/entries/1/items/3,2,"Tlad Xolbrys uses his magic to help the characters unless it looks like they're near defeat, whereupon the drow turns against them.",
To Destroy a Demon Lord,消滅惡魔領主,project-proposed,heading-only,BGDIA,153,data/8/entries/6/entries/6/entries/1/name,1,To Destroy a Demon Lord,
To Fort Knucklebone!,前往指節骨要塞！,project-proposed,heading-only,BGDIA,73,data/2/entries/8/entries/7/name,1,To Fort Knucklebone!,
To the Nine Hells!,去九獄！,project-proposed,heading-only,BGDIA,6,data/0/entries/2/entries/3/name,1,To the Nine Hells!,
Tomb Guardians,墓穴守衛,project-proposed,heading-only,ToA,127,data/5/entries/3/entries/2/entries/6/name,6,Tomb Guardians,
Tomb Inhabitants,墓穴居民,project-proposed,heading-only,ToA,126,data/5/entries/3/entries/1/entries/6/entries/0,2,"Explorers have broken into the tomb recently, and {@creature Withers|ToA} and his tomb dwarves make frequent patrols. Their trails crisscross back and forth, making other creatures in the tomb difficult to track. The freshest tracks belong to the {@creature Skeleton Key|ToA|skeleton keys} (see ""Tomb Inhabitants"" below). Any character who tries to follow a {@creature skeleton key|ToA}'s trail can do so with a successful {@dc 12} Wisdom ({@skill Survival}) check, finding the way to the nearest unexplored location marked with a skull symbol on the dungeon map.",
Tomb of Annihilation,湮滅之墓,project-proposed,heading-only,BGDIA,,data/17/entries/0/items/27/entries/0,8,"Greenwood, Ed, Matt Sernett, Alexander Winter, and Steve Winter. Murder in Baldur's Gate. 2013. Greenwood, Ed, and others. Lords of Darkness. 1988. Kenson, Steve, and others. Sword Coast Adventurer's Guide. 2015. Mearls, Mike, Jeremy Crawford, and others. Mordenkainen's Tome of Foes. 2018. Volo's Guide to Monsters. 2016. Perkins, Christopher, Will Doyle, and Steve Winter. Tomb of Annihilation. 2017.",
Tome of the Creed Resolute,堅毅信條名錄,project-proposed,heading-only,BGDIA,63,data/2/entries/6/entries/5/entries/18/entries/3/title,4,Tome of the Creed Resolute,
Torches,火把,project-proposed,heading-only,BGDIA,20,data/1/entries/8/entries/3/entries/4/entries/1,32,"This room is furnished in the same fashion as area D3, with the additional feature of a secret door in the north wall. A character who searches the north wall and succeeds on a {@dc 10} Wisdom ({@skill Perception}) check finds the secret door, which swings inward when pushed. A foul, sewer-like stench greets anyone who opens the secret door. Behind the door, a staircase descends 20 feet to {@adventure area D5|BGDIA|1|D5. Welcome to the Dungeon}, featuring smooth stone steps and brick walls. Two sputtering torches in wall sconces illuminate the staircase, but the dungeon below is dark.",
Toril,托瑞爾,project-proposed,canonical-name,ToA,6,data/0/entries/4/entries/6/entries/4/entries/4,6,"Not too long ago by human standards, {@creature Acererak|ToA} found an atropal adrift at the edge of the Negative Plane and built the Soulmonger to nourish it to godhood. The lich chose one of his tombs—specifically the Tomb of the Nine Gods on Toril—to serve as the atropal's nursery.",
Torm's Bridges,託姆之橋,project-proposed,heading-only,BGDIA,58,data/2/entries/5/entries/10/name,1,Torm's Bridges,
Tower of Urm,烏爾姆之塔,project-proposed,heading-only,BGDIA,97,data/4/entries/0/entries/7/entries/4/entries/0,4,"The fiends tell the characters about a powerful mage who visits Avernus from other planes and often pays yugoloths for their protection. If anyone knows where to find this Bleeding Citadel, it's surely Mordenkainen! The fiends mark the location of the wizard's tower on the players' map of Avernus. Following this lead takes the group to the Tower of Urm.",
Townsfolk,鎮民,project-proposed,heading-only,BGDIA,140,data/7/entries/5/entries/9/entries/1/entries/1,10,"The solace of the cathedral is replaced by havoc, screams of panic, and acrid smoke. You stand at the edge of a small town of burning cottages, fields, and trees. A broken sign on the ground reveals the settlement's name: Idyllglen. Shrieking townsfolk run from cackling, snarling demons and gnolls.",
Tracking Miles,追蹤里程,project-proposed,heading-only,ToA,38,data/2/entries/3/entries/2/entries/3/name,1,Tracking Miles,
Tracks,蹤跡,project-proposed,heading-only,BGDIA,12,data/1/entries/6/entries/7/entries/0,33,"Captain Zodge is expecting the characters. If they choose not to speak with him, he tracks them down eventually. The Flaming Fist has contacts throughout the city, so hiding from Zodge is difficult unless the characters know someone who can shelter them. Zodge keeps six Flaming Fist soldiers (human {@creature Veteran||veterans}) near him at all times. Their names are Issio, Minaqua, Nelestree, Oliver, Soltus, and Thalkara.",
Trantolox,特蘭托洛克斯,project-proposed,canonical-name,BGDIA,134,data/7/entries/2,15,"Yeenoghu's demons carve tunnels through the scab as they search for a way to free {@creature Crokek'toeck|BGDIA} and break into the Bleeding Citadel, which is otherwise impenetrable. A nalfeshnee named Trantolox oversees this force.",
Trap,陷阱,existing-site,heading-only,BGDIA,9,data/0/entries/5/entries/3/entries/0,93,"Before the Blood War reduced it to a blasted wasteland, Avernus was a honey trap created by Asmodeus, a paradise of infinite delights designed to lure and enrapture mortals. Fragments of this lost paradise still plunge from Avernus's sky as burning meteors, and the land is dotted with the ruins of palaces and idyllic gardens that were obscenely beautiful in eons past.",
Trapdoor,活板門,project-proposed,heading-only,BGDIA,33,data/1/entries/10/entries/5/entries/2/entries/1/name,6,Trapdoor,
Trapped Steps,觸發陷阱的臺階,project-proposed,heading-only,ToA,46,data/2/entries/4/entries/7/entries/16/entries/2/name,1,Trapped Steps,
Travel Distances,旅行距離,project-proposed,heading-only,ToA,37,data/2/entries/3/entries/1/items/1,2,"Let the players determine what direction the party wants to go, and whether the party plans to move at a normal pace, a fast pace, or a slow pace (see ""{@area Travel Distances|09e|x}"" below).",
Traxigor's Tower,特拉克西哥的高塔,project-proposed,heading-only,BGDIA,50,data/1/entries/15/entries/8/name,1,Traxigor's Tower,
Treasure,寶藏,existing-site,heading-only,BGDIA,6,data/0/entries/2/entries/3/entries/3,298,"Avernus has long been a battlefield in the never-ending Blood War. Apart from clashing demons and devils, petty warlords scour the Avernian wastelands in search of treasure, salvage, and fuel for their infernal war machines. Characters who forge an alliance with one warlord risk alienating the others. By acquiring an infernal war machine, characters can travel quickly across Avernus—a domain rife with tortured souls, warmongers, and devils eager to tempt would-be heroes into soul-corrupting deals.",
Treasure Chests,寶箱,project-proposed,heading-only,ToA,138,data/5/entries/5/entries/18/entries/0/entries/0,3,"A deep pit opens up at the entrance to this tomb, with a stone sarcophagus resting at the bottom. A snarling monkey-like creature decorates the sarcophagus lid. Beyond the pit, three treasure chests sit on stone daises. The chest on the left is carved of black onyx, the middle chest is made of rusty iron, and the chest on the right is cast of silver and glistening with frost.",
Tri-flower Frond,三花株,existing-site,heading-only,ToA,78,data/2/entries/4/entries/27/entries/13/entries/7/entries/0,5,"Three {@creature Tri-flower Frond|ToA|tri-flower fronds} (see {@adventure appendix D|ToA|9}) grow in this garden. Any character who moves through the garden can't help but brush up against one of these beautiful but deadly plants. Written on the south wall in Old Omuan are the words ""Great Ubtao, free me!""",
Triceratops,三角龍,existing-site,heading-only,ToA,26,data/1/entries/9/entries/2/entries/6/entries/0/rows/2/0,22,{@creature Triceratops},
Trickster God,詭神,project-proposed,canonical-name,ToA,94,data/3/entries/3/entries/6/entries/1,40,A puzzle cube is a stone cube 3 inches on a side and engraved with images of a specific trickster god. Each cube weighs half a pound. A {@spell detect magic} spell or similar effect reveals an aura of abjuration magic around each cube.,惡作劇之神;惡作劇神靈;惡作劇神;詭計之神
Trickster God Spirits,惡作劇之神的靈魂,project-proposed,heading-only,ToA,127,data/5/entries/3/entries/2/entries/7/name,2,Trickster God Spirits,
Trickster Gods,詭神,project-proposed,canonical-name,ToA,5,data/0/entries/3/entries/3,57,"Beneath the cracked and broken streets of Omu lies a secret yuan-ti temple called the Fane of the Night Serpent, where {@creature Ras Nsi|ToA} holds sway and plots to bring about the end of the world. Omu is also home to the Tomb of the Nine Gods. As the characters explore this multilevel dungeon, they encounter the spirits of Omu's trickster gods and are potentially inhabited by them. Each god embodies a different alignment, and any character inhabited by one gains a special power as well as a flaw. The nine trickster gods don't get along, and they try to push one another out of the characters' bodies. As the gods fight over their living hosts, the characters must deal with the deadly traps and monsters that guard the Soulmonger. Venturing deeper into the tomb, they uncover clues about the dungeon's evil architect—the archlich {@creature Acererak|ToA}—and learn that the Soulmonger is feeding souls to an undead horror called an atropal. Once it consumes enough souls, the atropal will transform into an evil god.",惡作劇之神;惡作劇神靈;惡作劇神;詭計之神
Trickster Gods of Omu,奧姆城詭神,project-proposed,heading-only,ToA,5,data/0/entries/3/entries/4,17,"Destroying the Soulmonger ends the death curse affecting the world, while killing the atropal incurs the wrath of {@creature Acererak|ToA}. Under normal circumstances, the enraged archlich would be far too great a foe for mortal adventurers to overcome, but with the trickster gods of Omu on their side, the heroes have a fighting chance.",
Troll,巨魔,existing-site,heading-only,BGDIA,36,data/1/entries/10/entries/5/entries/14/entries/0,9,"This dark room contains a bed, a wooden chest with clawed feet, and a night table. The chest weighs 25 pounds and contains a few drab garments made for a man of Mortlock's size, a few worthless personal effects, and a stuffed troll doll from Mortlock's childhood.",
Trouble in Baldur's Gate,博德之門的麻煩,project-proposed,heading-only,BGDIA,5,data/0/entries/2/entries/1/name,2,Trouble in Baldur's Gate,
Troubleshooting,解決問題,project-proposed,heading-only,ToA,18,data/1/entries/8/entries/4/name,1,Troubleshooting,
True Lever,真正的拉桿,project-proposed,heading-only,ToA,183,data/5/entries/10/entries/6/entries/3/entries/3/name,1,True Lever,
Tymora,泰摩拉,existing-site,heading-only,BGDIA,159,data/9/entries/5/entries/8/entries/5,14,"Religions: Gond, Tymora, Umberlee, any other law-abiding faith, cults of the Dead Three",
Tyrannosaurus,霸王龍,project-proposed,heading-only,ToA,5,data/0/entries/0/entries/0/entries/1,30,"This adventure is much more than a deadly dungeon. To make it fun, we turned to Pendleton Ward, creator of the D&D-inspired animated series {@link Adventure Time|https://www.imdb.com/title/tt1305826}. Pen is a master storyteller who knows how to craft a meaningful narrative around humorous characters and trappings, and he understands that D&D players can create their own hilarity when given fun toys to play with. With Pen's help, we've tried to craft a tale filled with classic D&D tropes and odd twists that will make you and your players laugh, even as things are looking grim for the heroes. If the dancing monkey fruit doesn't do it for you, maybe the catapulting goblin village or the zombie-spewing undead tyrannosaurus will. There's also the tomb itself, which will hopefully illicit chuckles and screams of laughter with its murderous ingenuity.",
Tzindelor,辛德洛,project-proposed,canonical-name,ToA,6,data/0/entries/4/entries/6/entries/2,11,"In this adventure, three creatures know that the cause of the death curse lies in Omu: {@creature Grandfather Zitembe|ToA} in Port Nyanzaru, {@creature Valindra Shadowmantle|ToA} in the Heart of Ubtao, and Saja N'baza in Orolunga. Several creatures know Omu's location: the guides {@creature Eku|ToA} and {@creature Salida|ToA} in Port Nyanzaru, {@creature Valindra Shadowmantle|ToA} in the Heart of Ubtao, the aarakocra of Kir Sabal, Zalkoré of Nangalore, Saja N'baza in Orolunga, and the red dragon Tzindelor in Wyrmheart Mine. If the characters are unable to locate Omu or ascertain the source of the death curse, the following additional creatures might possess the knowledge they seek, at your discretion: Krr'ook in Dungrunglung, Nephyr in Firefinger, {@creature Nanny Pu'pu|ToA} in Mbala, Bwayes O'tamu in the wreck of the {@i Narwhal}, the survivors of the {@i Star Goddess} shipwreck, and Red Wizards under {@creature Valindra Shadowmantle|ToA}'s command.",
Ubis Garynmor,烏比斯·加林莫爾,project-proposed,canonical-name,BGDIA,194,data/9/entries/14/entries/5/entries/2/rows/3/1,2,"Ubis Garynmor of Garynmor Stables and Menagerie goes from alley to alley, hooting. If asked what he's doing, he grudgingly admits that something got loose from his stable.",
Ubtao,烏塔歐,project-proposed,canonical-name,ToA,6,data/0/entries/4/entries/6/entries/2,73,"In this adventure, three creatures know that the cause of the death curse lies in Omu: {@creature Grandfather Zitembe|ToA} in Port Nyanzaru, {@creature Valindra Shadowmantle|ToA} in the Heart of Ubtao, and Saja N'baza in Orolunga. Several creatures know Omu's location: the guides {@creature Eku|ToA} and {@creature Salida|ToA} in Port Nyanzaru, {@creature Valindra Shadowmantle|ToA} in the Heart of Ubtao, the aarakocra of Kir Sabal, Zalkoré of Nangalore, Saja N'baza in Orolunga, and the red dragon Tzindelor in Wyrmheart Mine. If the characters are unable to locate Omu or ascertain the source of the death curse, the following additional creatures might possess the knowledge they seek, at your discretion: Krr'ook in Dungrunglung, Nephyr in Firefinger, {@creature Nanny Pu'pu|ToA} in Mbala, Bwayes O'tamu in the wreck of the {@i Narwhal}, the survivors of the {@i Star Goddess} shipwreck, and Red Wizards under {@creature Valindra Shadowmantle|ToA}'s command.",
Ukurlahmu,烏庫拉穆,project-proposed,canonical-name,ToA,116,data/4/entries/4/entries/5/entries/2/entries/1,6,"A large skeletal serpent slithers out from behind the racks, raises its head, and says in Common, ""They will tell us the passphrase! So Ukurlahmu has spoken.""",
Uldrak's Grave,烏爾德拉克之墓,project-proposed,heading-only,BGDIA,109,data/5/entries/1/entries/7/entries/5/entries/0,3,"To honor her end of the deal, Red Ruth reveals that Ralzala must drink the blood of a titan to free herself from Zariel's pact. The night hag says that Uldrak might be able to help but warns ""he's not what he used to be."" If the characters show her their map, she identifies Uldrak's location. This sends the group to Uldrak's Grave.",
Ultiss,烏爾提斯,project-proposed,canonical-name,BGDIA,27,data/1/entries/8/entries/4/entries/1/title,3,"Ultiss, cultist of Tiamat",
Umberlee,安博裡,existing-site,heading-only,BGDIA,159,data/9/entries/5/entries/8/entries/5,11,"Religions: Gond, Tymora, Umberlee, any other law-abiding faith, cults of the Dead Three",
Undead,亡靈,existing-site,heading-only,BGDIA,7,data/0/entries/3/entries/3/entries/1,165,"In the sky over Elturel, a radiant sphere called the Companion appeared, blazing like a second sun. Powered by a planetar imprisoned within it, the Companion bathed Elturel and the surrounding countryside in holy light which sent the vampire lord scrambling for the shadows and laid waste to his undead army. {@creature Thavius Kreeg|BGDIA}, who took credit for summoning the Companion, was hailed as the savior of the city and rose to become its high overseer. Under Kreeg's decades-long rule, Elturel embarked on a path to becoming not just a holy city but the holy nation of Elturgard.",
Undead Scavengers,不死生物清道夫,project-proposed,heading-only,ToA,85,data/2/entries/4/entries/47/entries/4/name,1,Undead Scavengers,
Undead Spider Warrens,不死生物蜘蛛巢穴,project-proposed,heading-only,ToA,137,data/5/entries/5/entries/16/entries/4/name,1,Undead Spider Warrens,
Undead Territory,不死生物領地,project-proposed,heading-only,ToA,40,data/2/entries/3/entries/6/entries/1/name,3,Undead Territory,
Under the Villa,別墅之下,project-proposed,heading-only,BGDIA,32,data/1/entries/10/entries/0,4,"Vanthampur Villa is located in the Upper City, which is populated by the wealthiest residents of Baldur's Gate and heavily patrolled by the Watch. The villa's location is marked on {@adventure map 1.1|BGDIA|1|Map 1.1: Baldur's Gate}, while {@adventure map 1.5|BGDIA|1|Map 1.5: Vanthampur Villa} shows its interior. The villa connects with the dungeon and sewer complex shown on {@adventure map 1.6|BGDIA|1|Map 1.6: Under the Villa}.",
Underground River,地下河,existing-site,heading-only,ToA,124,data/4/entries/4/entries/21/name,8,20. Underground River,
Unkh's Spirit,安珂的靈魂,project-proposed,heading-only,ToA,167,data/5/entries/8/entries/12/entries/6/entries/1/name,2,Unkh's Spirit,
Unlit Candle,未點燃的蠟燭,project-proposed,heading-only,ToA,159,data/5/entries/8/entries/4/entries/4/entries/6/name,1,Unlit Candle,
Unlocking the Companion,解鎖伴陽,project-proposed,heading-only,BGDIA,154,data/8/entries/6/entries/7/entries/2/name,1,Unlocking the Companion,
Unrolling Scroll,展開的卷軸,project-proposed,heading-only,BGDIA,167,data/9/entries/9/entries/7/entries/0,3,"An eye-catching, white marble pavilion in the Upper City known as the Unrolling Scroll serves as Oghma's shrine. Pilgrims on the road to Candlekeep often stop at the shrine to purchase or trade rare tomes. Adventurers looking for work sometimes linger nearby, waiting to hire on to missions intent on recovering lost books of magic.",
Unwelcome Party,不受歡迎的聚會,project-proposed,heading-only,BGDIA,52,data/2/entries/5/entries/4,2,"The characters and any remaining NPC companions have a few minutes to acclimate to their new surroundings before facing their first threat in the city (see ""{@area Unwelcome Party|116|x}"" below). See the ""{@area Elturel Hazards|123|x}"" sidebar for more information about the earthquakes and other dangers.",
Upper City,上城區,project-proposed,heading-only,BGDIA,12,data/1/entries/6/entries/1/entries/0,90,"Welcome to Baldur's Gate, a veritable nest of rats and vipers clinging to the rocky slopes overlooking the Chionthar River. From their high perches in the Upper City, the local nobles—known as patriars—gaze down with veiled contempt upon the common rabble in the grimy Lower City, which hugs the foggy harbor. The whole of Baldur's Gate reeks of blood, crime, and opportunity. One can easily fathom why pirates and traders are drawn to this place like flies to a carcass.",
Upper City Gazetteer,上城區地名詞典,project-proposed,heading-only,BGDIA,178,data/9/entries/12/entries/13/name,1,Upper City Gazetteer,
Upper Level,高層,project-proposed,heading-only,ToA,29,data/1/entries/10/entries/6/name,3,Upper Level,
Urn,甕,project-proposed,heading-only,BGDIA,102,data/4/entries/5/entries/7/entries/4/entries/1/entries/0,21,"An iron urn heaped with human bones squats in an alcove at one end of this hall. On the wall nearby, a carved relief shows a column of mounted knights charging through a portal into a fiery hellscape.",
Using the Poster Map,使用海報地圖,project-proposed,heading-only,BGDIA,74,data/3/entries/1,3,"Guided by {@creature Lulu|BGDIA} the hollyphant and discoveries made in Elturel, the characters trek across Avernus, the first layer of the Nine Hells, to recover the {@item Sword of Zariel|BGDIA} and free Elturel from its chains. Navigating the wastelands of Avernus might seem like a difficult proposition, but thankfully the characters have the map given to them by {@creature Sylvira Savikas|BGDIA} in {@adventure chapter 1|BGDIA|1}. For more information on how to use the Avernus poster map, see ""{@area Using the Poster Map|1b0|x}"".",
V1. Yard,V1. 庭院,project-proposed,heading-only,BGDIA,33,data/1/entries/10/entries/5/entries/1/name,1,V1. Yard,
V10. Gallery,V10. 陳列室,project-proposed,heading-only,BGDIA,35,data/1/entries/10/entries/5/entries/10/name,1,V10. Gallery,
V11. Upstairs Hall,V11. 上層大廳,project-proposed,heading-only,BGDIA,35,data/1/entries/10/entries/5/entries/11/name,1,V11. Upstairs Hall,
V12. Balcony,V12. 陽臺,project-proposed,heading-only,BGDIA,35,data/1/entries/10/entries/5/entries/12/name,1,V12. Balcony,
V13. Thurstwell's Bedroom,V13. 瑟斯維爾的臥室,project-proposed,heading-only,BGDIA,35,data/1/entries/10/entries/5/entries/13/name,1,V13. Thurstwell's Bedroom,
V14. Mortlock's Bedroom,V14. 摩特洛克的臥室,project-proposed,heading-only,BGDIA,36,data/1/entries/10/entries/5/entries/14/name,1,V14. Mortlock's Bedroom,
V15. Amrik's Bedroom,V15. 阿姆利克的臥室,project-proposed,heading-only,BGDIA,36,data/1/entries/10/entries/5/entries/15/name,1,V15. Amrik's Bedroom,
V16. Duke's Powder Room,V16. 公爵的化妝間,project-proposed,heading-only,BGDIA,36,data/1/entries/10/entries/5/entries/16/name,1,V16. Duke's Powder Room,
V17. Master Bedroom,V17. 主臥室,project-proposed,heading-only,BGDIA,36,data/1/entries/10/entries/5/entries/17/name,1,V17. Master Bedroom,
V18. Duke's Study,V18. 公爵的書房,project-proposed,heading-only,BGDIA,36,data/1/entries/10/entries/5/entries/18/name,1,V18. Duke's Study,
V19. Tower Peak,V19. 塔頂,project-proposed,heading-only,BGDIA,36,data/1/entries/10/entries/5/entries/19/name,1,V19. Tower Peak,
V2. Stable House,V2. 馬廄,project-proposed,heading-only,BGDIA,33,data/1/entries/10/entries/5/entries/2/name,1,V2. Stable House,
V20. Cellar,V20. 地下室,project-proposed,heading-only,BGDIA,38,data/1/entries/11/entries/3/entries/2/name,1,V20. Cellar,
V21. Wine Cellar,V21. 酒窖,project-proposed,heading-only,BGDIA,38,data/1/entries/11/entries/3/entries/3/name,1,V21. Wine Cellar,
V22. Sewer Tunnels,V22. 汙水管道,project-proposed,heading-only,BGDIA,38,data/1/entries/11/entries/3/entries/4/name,1,V22. Sewer Tunnels,
V23. Cold Storage,V23. 冷藏室,project-proposed,heading-only,BGDIA,39,data/1/entries/11/entries/3/entries/5/name,1,V23. Cold Storage,
V24. Dining Room,V24. 餐廳,project-proposed,heading-only,BGDIA,39,data/1/entries/11/entries/3/entries/6/name,1,V24. Dining Room,
V25. Kitchen,V25. 廚房,project-proposed,heading-only,BGDIA,39,data/1/entries/11/entries/3/entries/7/name,1,V25. Kitchen,
V26. Temple of Zariel,V26. 扎瑞爾的神殿,project-proposed,heading-only,BGDIA,39,data/1/entries/11/entries/3/entries/8/name,1,V26. Temple of Zariel,
V27. Escape Tunnel,V27. 撤離通道,project-proposed,heading-only,BGDIA,39,data/1/entries/11/entries/3/entries/9/name,1,V27. Escape Tunnel,
V28. Secret Shrine,V28. 秘密神殿,project-proposed,heading-only,BGDIA,39,data/1/entries/11/entries/3/entries/10/name,1,V28. Secret Shrine,
V29. Prison,V29. 監獄,project-proposed,heading-only,BGDIA,40,data/1/entries/11/entries/3/entries/11/name,1,V29. Prison,
V3. Foyer,V3. 門廳,project-proposed,heading-only,BGDIA,34,data/1/entries/10/entries/5/entries/3/name,1,V3. Foyer,
V30. Barrier of Iron Bars,V30. 鐵柵欄,project-proposed,heading-only,BGDIA,40,data/1/entries/11/entries/3/entries/12/name,1,V30. Barrier of Iron Bars,
V31. Vestry,V31. 祭衣室,project-proposed,heading-only,BGDIA,41,data/1/entries/11/entries/3/entries/13/name,1,V31. Vestry,
V32. Connecting Tunnel,V32. 連線隧道,project-proposed,heading-only,BGDIA,41,data/1/entries/11/entries/3/entries/14/name,1,V32. Connecting Tunnel,
V33. Cultists' Quarters,V33. 教徒大廳宿舍,project-proposed,heading-only,BGDIA,41,data/1/entries/11/entries/3/entries/15/name,1,V33. Cultists' Quarters,
V34. Ritual Chamber,V34. 儀式室,project-proposed,heading-only,BGDIA,41,data/1/entries/11/entries/3/entries/16/name,1,V34. Ritual Chamber,
V35. Thavius Kreeg's Quarters,V35. 塔維斯·克雷格的房間,project-proposed,heading-only,BGDIA,41,data/1/entries/11/entries/3/entries/17/name,1,V35. Thavius Kreeg's Quarters,
V36. Vanthampur Vault,V36. 範薩姆普爾的寶庫,project-proposed,heading-only,BGDIA,41,data/1/entries/11/entries/3/entries/18/name,1,V36. Vanthampur Vault,
V4. Servants' Quarters,V4. 僕人宿舍,project-proposed,heading-only,BGDIA,34,data/1/entries/10/entries/5/entries/4/name,1,V4. Servants' Quarters,
V5. Kitchen,V5. 廚房,project-proposed,heading-only,BGDIA,34,data/1/entries/10/entries/5/entries/5/name,1,V5. Kitchen,
V6. Pantry,V6. 食品儲藏室,project-proposed,heading-only,BGDIA,34,data/1/entries/10/entries/5/entries/6/name,1,V6. Pantry,
V7. Stairs Down,V7. 向下的樓梯,project-proposed,heading-only,BGDIA,34,data/1/entries/10/entries/5/entries/7/name,1,V7. Stairs Down,
V8. Parlor,V8. 客廳,project-proposed,heading-only,BGDIA,35,data/1/entries/10/entries/5/entries/8/name,1,V8. Parlor,
V9. Dining Room,V9. 餐廳,project-proposed,heading-only,BGDIA,35,data/1/entries/10/entries/5/entries/9/name,1,V9. Dining Room,
Valindra,瓦琳朵拉,project-proposed,canonical-name,ToA,5,data/0/entries/1/entries/1/rows/38/0,37,{@creature Valindra Shadowmantle|ToA},
Valley of Dread,恐懼之谷,project-proposed,heading-only,ToA,30,data/1/entries/11/entries/3/entries/0,6,"The Flaming Fist is a mercenary company headquartered in (and fiercely loyal to) Baldur's Gate. The Fist maintains a permanent stronghold in Chult at Fort Beluarian. From there, Flaming Fist patrols strike out into the jungle to ""pacify"" territory and claim lost treasures. The Flaming Fist has already plundered the ruins of Mezro. Now the mercenaries and their wealthy backers in Baldur's Gate would like nothing better than to do the same to Omu, but they've had no luck locating the lost city. The Flaming Fist's researchers are convinced the city lies south of Lake Luo but east of the Peaks of Flame, at the western end of the Valley of Dread. Because of the distance from Fort Beluarian, they're looking for adventurers to conduct an initial exploration of that area and locate what they believe will be mostly abandoned ruins.",
Valley of Embers,餘燼谷,project-proposed,heading-only,ToA,53,data/2/entries/4/entries/11/entries/13/entries/1,3,"Firefinger's pinnacle is 300 feet above ground. When the sky is clear, characters can see over 20 miles around the tower. More importantly, they can make out the scattered plateaus, the Peaks of Flame and other volcanoes and mountains ringing the southern coast, and the enormous gaps in the jungle canopy that mark the Aldani Basin, Lake Luo, and the Valley of Embers.",
Valley of Lost Honor,失落榮譽谷,project-proposed,heading-only,ToA,42,data/2/entries/4/entries/5/entries/1,5,"Ataaz Yklwazi (""Gorge of Blades"") forms a gateway of sorts to the Valley of Lost Honor from the north. The valley is the domain of firenewts. They protect it by patrolling the gorge and ambushing any intruders they believe they're strong enough to defeat. A typical patrol consists of four {@creature Firenewt Warrior|VGM|firenewt warriors} mounted on {@creature Giant Strider|VGM|giant striders} (see {@adventure appendix D|ToA|9} for both creatures' statistics).",
Vanthampur Villa,範薩姆普爾別墅,project-proposed,heading-only,BGDIA,11,data/1/entries/5/entries/0,23,"{@adventure Diagram 1.1|BGDIA|1|Evil in Baldur's Gate} is a flowchart that presents the key events of this chapter in sequence. The adventurers begin as 1st-level characters, advancing to 2nd level if they survive the encounter in {@area Elfsong Tavern|01d|x} and 3rd level after conquering the {@area dungeon of the Dead Three|03a|x}. The challenges they must overcome at the {@area Low Lantern|080|x} and {@area Vanthampur Villa|096|x} are great enough to advance them to 4th level. After conquering the sewer complex {@area below the villa|0be|x} and obtaining valuable information at {@area Candlekeep|0f1|x}, the characters advance to 5th level before entering the Nine Hells in {@adventure chapter 2|BGDIA|2}.",
Vegepygmies,孢子人們,existing-site,heading-only,ToA,83,data/2/entries/4/entries/45/entries/2,27,"A character who searches the area and succeeds on a {@dc 10} Wisdom ({@skill Survival}) check finds footprints in the dirt—evidence of nomadic tribes of goblins, grungs, and vegepygmies that revere the construct as a lesser god. They trim back the jungle vines and creepers that would otherwise swallow the construct, and they leave offerings at its feet. The area around it for several miles is a ""neutral zone"" where these tribes allow each other to enter without triggering conflict.",
Vehicular Exhaustion,車輛損壞,project-proposed,heading-only,BGDIA,220,data/11/entries/4/entries/8/name,1,Vehicular Exhaustion,
Veliod,維利歐德,project-proposed,canonical-name,ToA,85,data/2/entries/4/entries/47/entries/3/entries/0,1,"The voice calling to the party belongs to Thasselandra Bravewing, the ship's captain (NG female Halruaan human {@creature noble}). She explains the situation briefly before she weakens and her voice becomes too soft to hear from the ground. The other crash survivors include the ship's navigator, Ra-das (N male Halruaan human {@creature scout}); the master-of-arms, Falx Haranis (CN male Halruaan human {@creature veteran}); and three other crewmen named Brax, Nhar, and Veliod (N male Halruaan human {@creature Guard||guards}). Ra-das and Falx are in the stern section; the other NPCs are all in the midsection.",
Velociraptor,伶盜龍,existing-site,heading-only,ToA,16,data/1/entries/7/entries/2/items/8/entries/0,9,"Belym (LG male Chultan human {@creature commoner}) is distraught because his husband, Draza (LG male Chultan {@creature commoner}), has been sentenced to Executioner's Run for stealing. Belym asserts that his husband was a victim of mistaken identity and sentenced without a proper hearing or trial. He's been unable to persuade anyone in authority that Draza is innocent. He'll give the characters 25 sp (all his savings) if they can help Draza from the sidelines so he survives the run. Draza is about to be thrown into the pit with a pair of {@creature Velociraptor|VGM|velociraptors}, so the characters must act quickly. Both the authorities and the gamblers take a dim view of interference.",
Vengeful Pursuits,復仇追擊,project-proposed,heading-only,BGDIA,87,data/3/entries/7/entries/9/entries/1/name,1,Vengeful Pursuits,
Verdashir,維達希爾,project-proposed,canonical-name,BGDIA,197,data/9/entries/14/entries/5/entries/11/entries/5,1,"Among Little Calimshan's most notorious locations is the Calim Jewel Emporium, widely regarded as the best jeweler in the city—and the best place to fence stolen gems, as it's also the local Guild headquarters. In addition to hosting regular public forums in her shop, Rael tacitly oversees the Garden of Whispers, a maze of wood-and-paper screens where people from across the city can buy and sell secrets with Guild agents and each other, speaking through the barriers so as to maintain anonymity. Also popular are schools like the Lamp of Learning and the Verdashir Academy (also known as the Dervish Academy), which train spellcasters and warriors in the styles of their ancestral homeland, allowing only the most talented outsiders to access their archives or join in their lessons. And, of course, every patriar in the city has visited the famous Oasis Theater, home of the city's most daring—and sometimes dangerous—productions.",
Villa Locations,別墅地點,project-proposed,heading-only,BGDIA,33,data/1/entries/10/entries/5/name,1,Villa Locations,
Vision of Acererak,阿瑟瑞克的幻象,project-proposed,heading-only,ToA,108,data/3/entries/4/entries/18/entries/1/name,1,Vision of Acererak,
Visit to Candlekeep,燭堡之旅,project-proposed,heading-only,BGDIA,5,data/0/entries/2/entries/2/name,1,Visit to Candlekeep,
Visitors to Avernus,阿弗納斯的訪客,project-proposed,heading-only,BGDIA,76,data/3/entries/4/entries/6/name,1,Visitors to Avernus,
Voiding a Contract,使契約失效,project-proposed,heading-only,BGDIA,214,data/10/entries/8/entries/3/name,2,Voiding a Contract,
Volo,瓦羅,project-proposed,canonical-name,BGDIA,,data/17/entries/0/items/27/entries/0,20,"Greenwood, Ed, Matt Sernett, Alexander Winter, and Steve Winter. Murder in Baldur's Gate. 2013. Greenwood, Ed, and others. Lords of Darkness. 1988. Kenson, Steve, and others. Sword Coast Adventurer's Guide. 2015. Mearls, Mike, Jeremy Crawford, and others. Mordenkainen's Tome of Foes. 2018. Volo's Guide to Monsters. 2016. Perkins, Christopher, Will Doyle, and Steve Winter. Tomb of Annihilation. 2017.",
"Volothamp ""Volo"" Geddarm","瓦羅贊普""瓦羅""格達姆",existing-site,heading-only,ToA,5,data/0/entries/1/entries/1/rows/39/0,4,"{@creature Volothamp ""Volo"" Geddarm|ToA}",
Voltan,沃爾坦,project-proposed,canonical-name,ToA,67,data/2/entries/4/entries/18/entries/12/entries/2/entries/1,1,"The crew of the Emerald Eye consists of a first mate named Voltan (CE male Calishite human {@creature berserker}), twelve Calishite {@creature Bandit||bandits}, two Calishite {@creature Thug||thugs}, and five Chultan {@creature Tribal Warrior||tribal warriors}.",
Vorn,沃恩,project-proposed,heading-only,ToA,27,data/1/entries/9/entries/2/entries/11/entries/1/entries/0,7,"In his collection, Wakanga has a tattered, water-damaged explorer's journal that was brought out of the jungle 15 years ago. It describes a wizard's explorations of various places in Chult, but not in enough detail to locate them on a map. The unnamed author does, however, make many mentions of his only traveling companion: a shield guardian named Vorn. If the characters befriend Wakanga, he gives them the journal and shows them on Syndra's map where it was found (he accurately indicates the hex containing the guardian; see ""{@area Vorn|1a6|x}"" in chapter 2 for more information). The journal contains a picture of Vorn's control amulet but provides no clues to the amulet's current whereabouts. As reward for finding and retrieving the construct and its control amulet, Wakanga offers a spellbook containing fifteen randomly determined spells (roll a {@dice d6} to determine the level of each spell).",
Vrock Philosophy,鷲魔哲學,project-proposed,heading-only,BGDIA,54,data/2/entries/5/entries/9/entries/3/rows/8/1,2,{@area Vrock philosophy|12a|x},
W1. Bridge,W1. 艦橋,project-proposed,heading-only,BGDIA,120,data/5/entries/7/entries/8/entries/2/name,1,W1. Bridge,
W2. Alarm Console,W2. 警報控制室,project-proposed,heading-only,BGDIA,120,data/5/entries/7/entries/8/entries/3/name,1,W2. Alarm Console,
W3. Damaged Machinery,W3. 損壞的機械,project-proposed,heading-only,BGDIA,121,data/5/entries/7/entries/8/entries/4/name,1,W3. Damaged Machinery,
W4. Records Room,W4. 檔案室,project-proposed,heading-only,BGDIA,121,data/5/entries/7/entries/8/entries/5/name,1,W4. Records Room,
W5. Adamantine Rods,W5. 精金法杖,project-proposed,heading-only,BGDIA,121,data/5/entries/7/entries/8/entries/6/name,1,W5. Adamantine Rods,
W6. Black Bell,W6. 黑鍾,project-proposed,heading-only,BGDIA,122,data/5/entries/7/entries/8/entries/7/name,1,W6. Black Bell,
W7. Stirge Nest,W7. 蚊蝠巢穴,project-proposed,heading-only,BGDIA,122,data/5/entries/7/entries/8/entries/8/name,1,W7. Stirge Nest,
W8. Signal Desks,W8. 資訊中心,project-proposed,heading-only,BGDIA,122,data/5/entries/7/entries/8/entries/9/name,1,W8. Signal Desks,
Wagons,四輪貨車,project-proposed,heading-only,BGDIA,165,data/9/entries/7/entries/3/entries/8/entries/17,7,"{@b Miyar} supplies and repairs wagons and caravans, and has membership in the Merchants' League.",
Wailing Winds,狂風呼嘯,project-proposed,heading-only,ToA,151,data/5/entries/7/entries/11/entries/4/name,1,Wailing Winds,
Wakanga O'tamu,瓦康嘎·歐塔姆,existing-site,heading-only,ToA,5,data/0/entries/1/entries/1/rows/40/0,10,{@creature Wakanga O'tamu|ToA},
Wall of Fire,火牆術,existing-site,heading-only,ToA,145,data/5/entries/6/entries/12/entries/4/entries/0/entries/5,6,"4th level (3 slots): {@spell blight}, {@spell wall of fire}",
Walls,牆壁,project-proposed,heading-only,BGDIA,5,data/0/entries/2/entries/1/entries/0,288,"{@adventure Chapter 1|BGDIA|1} begins in the independent city of Baldur's Gate, where the characters find themselves trapped behind the city's walls after the gates are sealed to keep out hundreds of refugees from the neighboring land of Elturgard. However, the gates can't hold back news that Elturgard's capital has fallen, and that Grand Duke {@creature Ulder Ravengard|BGDIA} of Baldur's Gate is missing—lost on a diplomatic mission to Elturel. The fact that Elturel's misfortune coincided with Ravengard's visit has left Baldurians wondering whether Baldur's Gate will suffer Elturel's fate.",
Wandering Emporium,流浪商城,project-proposed,canonical-name,BGDIA,9,data/0/entries/5/entries/4/entries/2/items/2,39,"The Wandering Emporium (see ""{@area The Wandering Emporium|297|x}"") can show up almost anywhere in the Nine Hells, at any time. If the players don't know where to go or what to do next, or if you want to surprise them with fun roleplaying opportunities, have the Wandering Emporium arrive at the party's location, regardless of where they saw it last.",流浪交易市場;流浪市場
Wandering Emporium Businesses,流浪商城的商店,project-proposed,heading-only,BGDIA,128,data/6/entries/10/entries/7/name,1,Wandering Emporium Businesses,
Wandering Monsters,遊蕩怪物,project-proposed,heading-only,BGDIA,38,data/1/entries/11/entries/3/entries/4/entries/2/name,1,Wandering Monsters,
War Masks,戰爭面具,project-proposed,heading-only,ToA,13,data/0/entries/6/entries/3/entries/5/entries/1/name,2,War Masks,
War for Souls,靈魂戰爭,project-proposed,heading-only,BGDIA,76,data/3/entries/4/entries/7/entries/2/name,1,War for Souls,
Warlords of the Avernian Wastelands,阿弗納斯廢土上的軍閥們,project-proposed,heading-only,BGDIA,84,data/3/entries/7/entries/7/entries/7/entries/1,4,"If the characters earn enough gratitude from {@creature Mad Maggie|BGDIA}, one or both of these war machines might be gifted to them. {@creature Chukka|BGDIA} and {@creature Clonk|BGDIA} can attach wheels to the {@vehicle Devil's Ride|BGDIA} and a weapon to the {@vehicle Tormentor|BGDIA}, if {@creature Mad Maggie|BGDIA} instructs them to. Replacing the armor on the Tormentor can be done as well, but only after efforts are made to salvage scrap metal from the battlefields of Avernus. Any such salvage operation is likely to attract unwanted attention from other warlords (see ""{@area Warlords of the Avernian Wastelands|1e0|x}"").",
Watch Citadel,守望堡壘,project-proposed,heading-only,BGDIA,177,data/9/entries/12/entries/10/entries/1,4,"{@b Citadel Streets}. The northern part of the Upper City is dominated by the Watch Citadel, where the Watch conducts training, maintains its barracks and stable, and keeps a few jail cells. Beyond the Citadel, this neighborhood includes many shops and the comparatively modest, though still grand, houses that belong to the few non-patriar residents of the Upper City.",
Watchful Shield,警惕之盾,project-proposed,heading-only,BGDIA,166,data/9/entries/9/entries/5/entries/0,3,"In a city as dangerous as Baldur's Gate, prayers to the Vigilant One are many. Members of the Watch and the Flaming Fist, mercenaries, bodyguards, and the fearful pray for Helm's protection at his shrine, the Watchful Shield, located in the Upper City. Patriars who see themselves as protectors of the common folk pray to Helm for guidance as well.",
Watchtower Features,瞭望塔特點,project-proposed,heading-only,BGDIA,124,data/6/entries/8/entries/3/name,1,Watchtower Features,
Watchtower Locations,瞭望塔地區,project-proposed,heading-only,BGDIA,124,data/6/entries/8/entries/3/entries/1,2,"{@b Garrison}. Unless it has been abandoned, the tower is staffed by an {@creature amnizu|MTF} commander, a {@creature chain devil} subcommander, ten {@creature Bearded Devil||bearded devils} (each one with a {@creature hell hound} on the end of a short chain), and two {@creature Spined Devil||spined devils} (see ""{@area Watchtower Locations|28e|x}"" for how these devils are deployed).",
Water Queen's House,水之女王之屋,project-proposed,heading-only,BGDIA,167,data/9/entries/9/entries/10/entries/2,3,"Umberlee's adherents work out of the Water Queen's House, a magnificent structure on the city docks. They provide blessings to sailors and identify relics dredged up from the deep. When Umberlee is offended by the removal of an item from the sea, she expresses her displeasure to the clergy by sending them omens, urging the priests to advise the finder to return the plundered item to the depths at once—or else.",
Wax Statue,蠟像,project-proposed,heading-only,BGDIA,35,data/1/entries/10/entries/5/entries/10/entries/2/name,2,Wax Statue,
Weapon Stations,武器操作檯,project-proposed,heading-only,BGDIA,217,data/11/entries/4/entries/3/entries/3/name,6,Weapon Stations,
Weapons and Armor,武器和護甲,project-proposed,heading-only,BGDIA,76,data/3/entries/4/entries/6/entries/0,9,"Extraplanar travelers come to Avernus from time to time. Such visitors include war profiteers looking to get rich trading weapons and armor, mad wizards who want to test their latest spells, clerics on missions from their gods, treasure hunters searching for lost artifacts, grim-faced merchants who deal in slaves, smugglers of {@item Soul Coin|BGDIA|soul coins}, and scholars seeking firsthand knowledge of the machinations of the diabolical realms. Adventurers come here to negotiate with powerful fiends, meddle in the Blood War, and free poor souls trapped in the Nine Hells.",
Weather,天氣,project-proposed,heading-only,BGDIA,29,data/1/entries/9/entries/3/entries/3/entries/0,8,"The captain's wheel and rudder are gone, leaving holes and empty fixtures where they used to be. As with {@area area L2|087|x}, Laraelra sometimes moves tables, chairs, and lanterns onto this deck so that clients can be outdoors on nights when the weather is nice.",
Weed,雜草,project-proposed,canonical-name,ToA,35,data/1/entries/12/entries/4/entries/10/entries/2,3,"{@creature Qawasha|ToA} (NG male Chultan {@creature druid}) is a member of the Emerald Enclave based in Fort Beluarian. The druid travels with a {@creature vegepygmy|VGM} companion named Kupalué, a Chultan word that means ""walking weed."" {@creature Qawasha|ToA} often refers to his companion simply as Weed. They communicate with each other using their own unique sign language. See {@adventure appendix D|ToA|9} for vegepygmy statistics.",
Welcome to Chult,歡迎來到楚爾特,project-proposed,heading-only,ToA,11,data/0/entries/6/name,1,Welcome to Chult,
Wereboar,野豬人,existing-site,heading-only,BGDIA,87,data/3/entries/8/entries/5,11,"The {@vehicle Demon Grinder|BGDIA} is driven by the warlord {@creature Raggadragga|BGDIA}, a {@creature wereboar} with 120 hit points. He leads the Goreguts Gang, which consists of two other {@creature Wereboar||wereboars} named Jibbs and Oozywog (who operate the vehicle's Chomper and Wrecking Ball stations) and two {@creature Wererat||wererats} named Finnik and Yeegha (who operate the vehicle's Harpoon Flingers). Avernus has no moons, so the Goreguts Gang isn't beholden to lunar cycles. Its members prefer their hybrid forms.",
Weretiger,虎人,existing-site,heading-only,ToA,5,data/0/entries/1/entries/1/rows/3/2,20,Weretiger guide in Port Nyanzaru,
Weretigers,虎人,project-proposed,heading-only,ToA,11,data/0/entries/6/entries/3/entries/0,5,"Members of every race and nationality of Faerûn can be found in Port Nyanzaru, but few of them ever travel more than a hundred yards beyond the city walls. The native peoples must be divided into those that are commonly known and those whose presence is legendary or only suspected. The first group consists of Chultans (humans), aarakocra, Batiri (goblins), dwarves (including albino dwarves), pterafolk, and tabaxi. In the second category, weretigers are suspected to be present in small numbers; explorers and hunters sometimes report seeing grungs (frog folk) deep in the jungle; and yuan-ti are rumored to be making a resurgence in remote areas.",
Western Dome,西圓頂,project-proposed,heading-only,ToA,77,data/2/entries/4/entries/27/entries/11/entries/2/name,1,Western Dome,
What Devils Offer,魔鬼所提供的,project-proposed,heading-only,BGDIA,213,data/10/entries/7/name,1,What Devils Offer,
What Devils Want,魔鬼想要什麼,project-proposed,heading-only,BGDIA,213,data/10/entries/6/name,1,What Devils Want,
What Is Avernus?,什麼是阿弗納斯？,project-proposed,heading-only,BGDIA,75,data/3/entries/4/name,1,What Is Avernus?,
What Tarina Knows,塔麗娜所知道的事情,project-proposed,heading-only,BGDIA,19,data/1/entries/7/entries/8/name,1,What Tarina Knows,
When Gargoyles Attack,當石像鬼攻擊時,project-proposed,heading-only,ToA,70,data/2/entries/4/entries/20/entries/10/entries/13/name,1,When Gargoyles Attack,
Where Next?,下一步去哪裡？,project-proposed,heading-only,BGDIA,28,data/1/entries/8/entries/5/name,1,Where Next?,
Where's Artus Cimber?,阿圖斯·辛貝爾在哪裡？,project-proposed,heading-only,ToA,38,data/2/entries/3/entries/2/entries/3/entries/2/name,1,Where's Artus Cimber?,
Whitekeep Hostel,白堡旅舍,project-proposed,canonical-name,,,,0,,
Whitkeep Hostel,惠特堡旅舍,project-proposed,heading-only,BGDIA,194,data/9/entries/14/entries/5/entries/2/rows/8/1,5,"Several cackling, half-dressed gnomes are covered in body paint and drive a wheeled contraption down the street. The device is a mobile piece of art crafted at Whitkeep Hostel and titled ""The Patriars.""",
Whitkeep Whistler,白堡口哨幫,project-proposed,canonical-name,BGDIA,174,data/9/entries/10/entries/3/entries/4,1,"Some commoners claim that something about the city itself sparks violence in its citizens. A popular theory is that the spirits of the vicious pirates that once sailed the harbors still influence the city. Another is that the spirit of the long-executed serial murderer Alhasval Drenz, the Whitkeep Whistler, still stalks the city, possessing innocents to continue her unmatched killing spree. This adventure posits a third possibility: that the presence of the {@item Shield of the Hidden Lord|BGDIA} fuels the avarice and ambitions of evil-minded folk in Baldur's Gate. This magic item lies in a vault under Vanthampur Villa (see {@adventure chapter 1|BGDIA|1}) and has a pit fiend trapped inside it (see ""{@adventure Shield of the Hidden Lord|BGDIA|12|Shield of the Hidden Lord}""). Were the shield to be taken from the city, the murder rate might drop suddenly.",
Who Is Acererak?,誰是阿瑟瑞克？,project-proposed,heading-only,ToA,6,data/0/entries/4/entries/6/entries/4/name,1,Who Is Acererak?,
Who Should Rule Avernus?,誰應該統治阿弗納斯？,project-proposed,heading-only,BGDIA,146,data/8/entries/5/name,1,Who Should Rule Avernus?,
Wight,屍妖,existing-site,heading-only,BGDIA,68,data/2/entries/7/entries/8/entries/9/entries/3/entries/4/rows/6/1,13,{@creature Wight},
Wilderness Encounters,野外遭遇,project-proposed,heading-only,ToA,193,data/7/entries/2/name,5,Wilderness Encounters,
Wildroot,荒根,existing-site,heading-only,ToA,95,data/3/entries/3/entries/7/entries/8/entries/1/rows/4/1,5,{@dice 1d6} {@item Wildroot|ToA|wildroots},
Will Elturel Be Saved?,埃爾託瑞爾會得救嗎？,project-proposed,heading-only,BGDIA,150,data/8/entries/6/name,1,Will Elturel Be Saved?,
Window,視窗,project-proposed,heading-only,BGDIA,18,data/1/entries/7/entries/4/entries/12/entries/1,38,"Each room contains a cozy bed, an empty wooden chest, and curtains on the window.",
Windows,窗戶,project-proposed,heading-only,BGDIA,20,data/1/entries/8/entries/2/entries/1/entries/0,41,The bathhouse is a one-story stuccoed building with stained-glass windows and clay roof tiles. Ten-foot-tall walls enclose a large courtyard outside the southeast corner of the building. The closed wooden doors to the courtyard are engraved with images of smiling nymphs dancing and frolicking in water.,
Winterscape,冬日景象,project-proposed,heading-only,ToA,194,data/7/entries/2/entries/4/rows/85/0,2,{@area Winterscape|5f8|x},
With Friends Like These,有像這樣的朋友,project-proposed,heading-only,BGDIA,18,data/1/entries/7/entries/5/entries/3/entries/0,2,"Exactly when Tarina's former associates arrive is up to you, but the characters should have a bit of free time before they appear (as described in ""{@area With Friends Like These|035|x}""). Characters who loiter in the tavern can overhear patrons talking about the current happenings in Baldur's Gate and the rumors from Elturel:",
Withers and the Tomb Dwarves,威瑟斯和墓穴矮人,project-proposed,heading-only,ToA,126,data/5/entries/3/entries/2/entries/1/name,1,Withers and the Tomb Dwarves,
Wizard's Journal,法師的日誌,project-proposed,heading-only,ToA,18,data/1/entries/8/entries/4/entries/1,2,"If characters visit {@creature Wakanga O'tamu|ToA}, he gives them the wizard's journal in his possession. If the party has not yet secured a guide by the time they meet Wakanga, he suggests that the characters arrange one through {@creature Jobal|ToA}. Volo can facilitate an introduction. For more information on guides and their rates, see ""{@area Finding a Guide|08f|x}.""",
Wongo's Spirit,望戈的靈,project-proposed,heading-only,ToA,139,data/5/entries/5/entries/18/entries/4/entries/1/name,5,Wongo's Spirit,
Wooden Beams,木樑,project-proposed,heading-only,BGDIA,21,data/1/entries/8/entries/3/entries/5/entries/2/entries/1/items/1,10,"The 5-foot-wide corridors throughout the dungeon have 8-foot-high ceilings. Rooms have 9-foot-high ceilings, often braced with wooden beams. Each beam is a Large object with AC 15, 10 hit points, and immunity to poison and psychic damage. Destroying all the beams in an area has a {@chance 25} chance of triggering a roof collapse. Each creature under the collapsing roof must succeed on a {@dc 15} Dexterity saving throw, taking 22 ({@dice 4d10}) bludgeoning damage on a failed save, or half as much damage on a successful one. The area remains open but is {@quickref difficult terrain||3} thereafter.",
Wrath of the Trickster Gods,惡作劇之神的憤怒,project-proposed,heading-only,ToA,186,data/5/entries/10/entries/8/entries/10/entries/4/name,1,Wrath of the Trickster Gods,
Wreck of the Narwhal,獨角鯨號殘骸,project-proposed,heading-only,ToA,84,data/2/entries/4/entries/46/name,1,Wreck of the Narwhal,
Wreck of the Star Goddess,星辰女神號的殘骸,project-proposed,heading-only,ToA,60,data/2/entries/4/entries/15/entries/2,4,"If characters travel within 10 miles (1 hex) of the forge, four {@creature Albino Dwarf Warrior|ToA|albino dwarf warriors} (see {@adventure appendix D|ToA|9}) spot and approach them. Their spokesperson is blunt-talking Sithi Vinecutter. She lays out the problem (""firenewts have taken over our ancestral forge"") and proposes the solution (""kill them""). As a reward, each character will be allowed to take twenty 1-pound ingots of refined adamantine from the forge, and the dwarves will lead them to the location of a crashed ""flying boat"" from some far-off land (see ""{@area Wreck of the Star Goddess|1aa|x}"").",
Wrecked Flying Fortress,飛行堡壘廢墟,project-proposed,heading-only,BGDIA,118,data/5/entries/6/entries/12/entries/2/entries/0,7,"After tricking or magically compelling the sibriex to divulge the location of {@creature Bel|BGDIA}'s adamantine rods, the characters can set out to recover the rods from the wrecked flying fortress.",
Writers,作者,project-proposed,heading-only,BGDIA,246,data/15/entries/0,2,"In the months before writing began on {@i Baldur's Gate: Descent into Avernus}, art director Richard Whitters invited a handful of concept illustrators to create characters, creatures, objects, and environments based on conversations with Adam Lee (the story lead) and other members of the D&D team. These artists included Aleksi Briclot, Daarken, Max Dunbar, Titus Lunter, Vince Proce, and Shawn Wood. Their illustrations helped inspire the writers and laid the groundwork for a story guide used by our licencing partners. This appendix showcases some of their excellent work.",
Written in Stone,以石為墨,project-proposed,heading-only,BGDIA,214,data/10/entries/8/entries/4/entries/1/rows/5/1,2,Written in stone,
Wukka Nuts,嗚咔堅果,project-proposed,heading-only,ToA,201,data/7/entries/2/entries/5/entries/46/entries/1/items/4,2,Wukka tree with {@dice 2d6} {@item Wukka Nut|ToA|wukka nuts},
Wulf Rygor,伍爾夫·瑞戈爾,project-proposed,canonical-name,ToA,47,data/2/entries/4/entries/8/entries/4,2,"The templar in charge is a devout worshiper of Tyr named {@creature Niles Breakbone|ToA} (LG male Chondathan human {@creature noble}), a man who's dedicated to everything the Order of the Gauntlet represents but poorly suited to commanding a post like Camp Vengeance. Aside from Commander Breakbone, the standard garrison at the base consists of fifty-eight people, though the actual number of effective warriors at any given time is usually lower due to sickness. Breakbone has two captains under his command: Ord Firebeard (LG male gold dwarf {@creature veteran}) and Perne Salhana (LG female Tethyrian human {@creature veteran}). Reporting to them is a fighting force comprised of eight {@creature Veteran||veterans} and twenty-four {@creature Guard||guards}. This is supplemented by a religious corps of six {@creature Acolyte||acolytes} led by Sister Cyas (LG female Chondathan human {@creature priest} of Helm). Technically, the religious templars are part of the fighting force, but in practice, they spend most of their time tending the sick and wounded. Finally, the fort is supported by a ragtag troop of Chultan hunters and scouts consisting of fifteen {@creature Tribal Warrior||tribal warriors} led by Lorsa Bilwatal (CN female Chultan human {@creature scout}) and {@creature Niles Breakbone|ToA}'s longtime friend, Wulf Rygor (CG male half-elf {@creature scout}).",
Wyrm's Crossing,飛龍渡,project-proposed,heading-only,BGDIA,12,data/1/entries/6/entries/1/entries/3,17,"All of this was brought to your attention shortly after you were drafted by the Flaming Fist to help defend the city. Your orders are to speak to Captain Zodge at the Basilisk Gate, which pierces the city's eastern wall and takes its name from the various statues that rest in its niches and perch atop its battlements. Unseen beyond the sealed Basilisk Gate, a dirt road stretches through the Outer City slums to the bridge known as Wyrm's Crossing, then to distant realms beyond.",
Wyrm's Rock,龍之巖,project-proposed,heading-only,BGDIA,161,data/9/entries/6/entries/2/entries/1/entries/2,8,"Ravengard rose to grand duke on a platform largely backed by idealistic commoners and enemies of the other established dukes. While he won election handily, Ravengard has struggled in performing his duties, finding his hands tied at every turn by both overt and invisible bureaucracy. Despite this, he's been a voice of reason and common sense on the Council of Four—if not the egalitarianism some hoped. He's also proven largely resistant to scandal and corruption, though many of his fellow dukes and those in the Parliament of Peers still regularly outmaneuver him politically. One of his only obvious pleasures remains the surprise inspections he regularly visits upon the troops at {@area Wyrm's Rock|3c4|x}.",
Wyrmheart Mine,龍心礦井,project-proposed,heading-only,ToA,6,data/0/entries/4/entries/6/entries/2,17,"In this adventure, three creatures know that the cause of the death curse lies in Omu: {@creature Grandfather Zitembe|ToA} in Port Nyanzaru, {@creature Valindra Shadowmantle|ToA} in the Heart of Ubtao, and Saja N'baza in Orolunga. Several creatures know Omu's location: the guides {@creature Eku|ToA} and {@creature Salida|ToA} in Port Nyanzaru, {@creature Valindra Shadowmantle|ToA} in the Heart of Ubtao, the aarakocra of Kir Sabal, Zalkoré of Nangalore, Saja N'baza in Orolunga, and the red dragon Tzindelor in Wyrmheart Mine. If the characters are unable to locate Omu or ascertain the source of the death curse, the following additional creatures might possess the knowledge they seek, at your discretion: Krr'ook in Dungrunglung, Nephyr in Firefinger, {@creature Nanny Pu'pu|ToA} in Mbala, Bwayes O'tamu in the wreck of the {@i Narwhal}, the survivors of the {@i Star Goddess} shipwreck, and Red Wizards under {@creature Valindra Shadowmantle|ToA}'s command.",Wyrmheart礦
Xopal,索帕爾,project-proposed,canonical-name,ToA,114,data/4/entries/3/entries/3/entries/4/entries/0/rows/2/1,10,Assist Xopal in the poison distillery ({@area area 14|2eb|x}).,
Yael,耶爾,project-proposed,canonical-name,BGDIA,7,data/0/entries/3/entries/2/entries/0,22,"Zariel lost more than her army on Avernus. She also lost a hand, which was severed in battle. As her sword fell to the ground, Zariel ordered Yael, her most devoted general, to take the weapon and hide it, so that the devils would not destroy or corrupt it. Yael took the sword and fled, along with Zariel's faithful hollyphant companion, {@creature Lulu|BGDIA}. Zariel's other two generals, Olanthius and Haruman, refused to leave Zariel's side. All three were captured and sent to Nessus, the lowest of the Nine Hells. There, Zariel was brought before Asmodeus, who welcomed her with open arms. The Lord of the Nine commended Zariel for her battle prowess and the strength of her convictions. He offered her rulership of Avernus, much to {@creature Bel|BGDIA}'s chagrin. By swearing fealty to Asmodeus and the Nine Hells, Zariel could bring her rage to bear against the demons and continue to fight in the Blood War, with legions of devils under her command. Zariel accepted Asmodeus's terms, completing her fall from grace. Haruman followed his master into damnation willingly and was transformed into a narzugon devil, while Olanthius, who took his own life rather than bow before Asmodeus, was brought back to serve as a death knight under Zariel's burning gaze.",
Yael's Ghost,雅埃爾的靈魂,project-proposed,heading-only,BGDIA,140,data/7/entries/5/entries/9/name,2,Yael's Ghost,
Yahcha,亞查甲蟲,existing-site,heading-only,ToA,49,data/2/entries/4/entries/10/entries/9/entries/3/rows/4/1,6,A harmless yahcha beetle (see {@adventure appendix C|ToA|8}).,
Yahru,雅魯,project-proposed,canonical-name,ToA,112,data/4/entries/3/entries/3/entries/0,14,"Characters captured by the yuan-ti are stripped of their gear, fitted with manacles (one set binding the wrists and another binding the ankles), and confined to the pits in {@area area 8|2c6|x}. Their gear is stored in {@area area 13|2e7|x} until it can be studied and inventoried by the storeroom's guardian, Azi Mas. If the characters don't escape within 1 hour, they are visited by the yuan-ti spymaster Yahru and his bodyguards (see {@area area 17|2f3|x}). Yahru asks questions about their mission. He and his bodyguards then escort the characters to {@creature Ras Nsi|ToA} or {@creature Fenthaza|ToA}.",
Yamoch,雅莫克,project-proposed,canonical-name,ToA,93,data/3/entries/3/entries/5/entries/5/entries/1,1,"The survivors include four Red Wizards (LE male and female Thayan human {@creature Mage||mages}) named Dyrax (male), Thazma (female), Yamoch (male), and Zagmira (female). Their red robes, shaved heads, and sallow complexions betray their allegiance to Thay. Eight mercenaries (LE male and female human {@creature Thug||thugs} of various ethnicities) escort the wizards. The highest ranking mage, Zagmira, appears just eighteen years old, yet one half of her face is wizened and old. This effect is a holdover from a terrible ritual she performed to inhabit the body of her own granddaughter. All four mages carry spellbooks that contain all their prepared spells.",
Yangor,揚戈爾,project-proposed,canonical-name,BGDIA,126,data/6/entries/9/entries/6/entries/1,1,"Zartar believes that the sundered chain can bestow great strength upon any chain devil that stands atop it while chanting prayers to Asmodeus. The chain devil is guarded by two {@creature Bearded Devil||bearded devils}, Narg and Yangor. If the characters make any noise near Zartar, they disturb the chain devil's concentration, causing all three devils to attack with fury.",
Yellow Musk Creeper and Zombies,黃迷香爬藤和殭屍,project-proposed,heading-only,ToA,194,data/7/entries/2/entries/4/rows/86/0,2,{@area Yellow musk creeper and zombies|5f9|x},
Yellyark,葉利亞克,project-proposed,heading-only,ToA,5,data/0/entries/1/entries/1/rows/14/2,6,Queen of the Biting Ant goblin tribe and ruler of Yellyark,
Ygga Raxyg,伊加·拉希格,project-proposed,canonical-name,ToA,180,data/5/entries/10/entries/2/entries/8/entries/5/entries/2/items/0,2,"""Hidden on this level of the dungeon is a library of lost lore, guarded by an arcanaloth whose true name is Ygga Raxyg."" (See {@area area 80|51c|x} for details.)",
Yiggleblight,伊格布萊特,project-proposed,canonical-name,BGDIA,135,data/7/entries/4/entries/3/entries/3/entries/2,4,"Five {@creature Bulezau|MTF|bulezaus} drowned a night hag in the pool. The hag, Yiggleblight, was working with Trantolox to find {@creature Crokek'toeck|BGDIA} until the nalfeshnee suspected the hag was secretly plotting against it. Trantolox ordered the bulezaus to kill the hag. They plan to eat her once the corpse bloats, but the characters make excellent appetizers.",
Yklwa,伊庫瓦短矛,existing-site,heading-only,ToA,12,data/0/entries/6/entries/3/entries/3/entries/3,9,"Chultans in Port Nyanzaru seldom don armor because of the climate, but large, colorful shields made from toughened dinosaur hide are ubiquitous. These shields are called hlang and function as ordinary shields. In melee, they favor the traditional {@item yklwa|ToA} (pronounced YICK-ul-wah), a short, broad-bladed, one-handed, spear-like weapon. For more information about the yklwa, see ""{@area Buying a Special Item|084|x}.""",
Yklwazi Hill,伊克瓦齊丘,project-proposed,canonical-name,ToA,18,data/1/entries/8/entries/1,2,"The city is defined by four steep hills. The westernmost hill, called Temple Hill because it's home to the temple of Savras, is completely walled off from lower ground. A wide stone bridge crosses on arched columns from Temple Hill to Throne Hill, site of Goldenthrone. A second bridge connects Throne Hill to the southern slopes, site of several merchant princes' villas. East of the harbor, the Hall of Gold gleams atop the city's tallest hill, Mount Sibasa, which is connected by bridge to the neighboring Yklwazi Hill (pronounced yick-ul-WAH-zee), site of the Grand Coliseum. Steep, stepped streets and terraces surround each hill.",
Yoke of Evil,邪惡枷鎖,project-proposed,heading-only,BGDIA,76,data/3/entries/4/entries/7/entries/3/name,1,Yoke of Evil,
Yokka,尤卡,project-proposed,canonical-name,ToA,43,data/2/entries/4/entries/7/entries/3,4,"When characters arrive, the camp is being watched by a party of Batiri goblins consisting of two {@creature Goblin||goblins} per player character. Leading the group is a {@creature goblin boss} named Yokka. The goblins wear wooden masks and hide in the foliage north of the camp. They believe the shrine is cursed, so they avoid it. However, Yokka had a vision of a treasure inside the shrine that could make him a great figure in his tribe, so he and his followers have spent the last tenday trying to work up the courage to tackle the shrine's traps. The arrival of adventurers is a great boon from Yokka's point of view. If they defeat the shrine's traps, he can simply take its treasure from them as they emerge. If they don't, they might at least weaken the shrine's defenses.",
Yraggath,伊拉加斯,project-proposed,canonical-name,ToA,163,data/5/entries/8/entries/7/entries/7/entries/0/rows/5/1,1,Yraggath ({@creature troll}),
Ytepka,伊特帕卡,project-proposed,canonical-name,ToA,15,data/1/entries/1,10,"Port Nyanzaru hugs the coastline at the south end of the Bay of Chult. No other city exists in Chult, along the coast or anywhere else, except in ruins or overrun by monstrous creatures. Until recently, Port Nyanzaru was under the firm control of Amn, a foreign nation. Nine years ago, Amn was forced to relinquish the city to a wealthy and powerful consortium of Chultan traders backed by the Ytepka Society (pronounced yeh-TEP-kah), or risk a bloody conflict that probably would have ended with the city winning its independence anyway. Seven Chultan traders have since grown into influential merchant princes, enticing folk from up and down the Sword Coast with their wares.",
Ytepka Society,伊特帕卡協會,project-proposed,heading-only,ToA,15,data/1/entries/1,10,"Port Nyanzaru hugs the coastline at the south end of the Bay of Chult. No other city exists in Chult, along the coast or anywhere else, except in ruins or overrun by monstrous creatures. Until recently, Port Nyanzaru was under the firm control of Amn, a foreign nation. Nine years ago, Amn was forced to relinquish the city to a wealthy and powerful consortium of Chultan traders backed by the Ytepka Society (pronounced yeh-TEP-kah), or risk a bloody conflict that probably would have ended with the city winning its independence anyway. Seven Chultan traders have since grown into influential merchant princes, enticing folk from up and down the Sword Coast with their wares.",
Ytepkas,伊特帕卡協會成員,project-proposed,canonical-name,ToA,31,data/1/entries/11/entries/8/entries/1,3,"The Ytepka Society was instrumental in liberating Port Nyanzaru from foreign powers and facilitating the rise of the seven merchant princes. Its members now work tirelessly to prevent the Zhentarim and other dubious factions from taking over the government or gaining undue influence. The Ytepkas also work covertly to eliminate the threat from pirates, but they've been unable to locate the pirates' base or track down pirate spies in the city. A handsome reward awaits those who can definitively pinpoint the pirates' base or capture their ships.",
Yuan-Ti,蛇人,existing-site,heading-only,ToA,5,data/0/entries/1/entries/1/rows/11/2,289,Yuan-ti nightmare speaker in Omu,
Yuan-ti,蛇人,existing-site,heading-only,ToA,5,data/0/entries/1/entries/1/rows/11/2,289,Yuan-ti nightmare speaker in Omu,
Yuan-ti Broodguards,原體衛雛蛇人,project-proposed,heading-only,ToA,114,data/4/entries/3/entries/3/entries/5/entries/0/rows/0/1,19,"Nahth ({@creature Yuan-ti Malison (Type 1)||type 1 yuan-ti malison}), 4 {@creature Yuan-ti Broodguard|VGM|yuan-ti broodguards}, 3 {@creature Swarm of Poisonous Snakes||swarms of poisonous snakes}",
Yuan-ti Rituals,元提儀式,project-proposed,heading-only,ToA,119,data/4/entries/4/entries/10/entries/2/entries/0,2,"Blood spilled in {@area area 6|2be|x} is channeled into this room, and the central pool contains {@dice 3d6} inches of viscid, days-old blood from previous sacrifices. The yuan-ti wallow in the blood from time to time, and slaves are sometimes brought here to be eaten alive by crazed revelers or transformed into yuan-ti (see ""{@area Yuan-ti Rituals|2d0|x}"" below).",
Z'neth,茲內斯,project-proposed,canonical-name,BGDIA,130,data/6/entries/10/entries/7/entries/6/name,14,Z'neth's Larva Farm,
Z'neth's Larva Farm,澤尼斯的幼蟲魔牧場,project-proposed,heading-only,BGDIA,130,data/6/entries/10/entries/7/entries/6/name,1,Z'neth's Larva Farm,
Zaal,扎爾,project-proposed,canonical-name,ToA,163,data/5/entries/8/entries/7/entries/6/entries/1/items/0,2,"Lukanu and Zaal attack the gargoyle, destroying it in 4 rounds, and then help the characters deal with the {@creature invisible stalker} and the troll.",
Zabou,扎孢菇,existing-site,heading-only,ToA,95,data/3/entries/3/entries/7/entries/8/entries/1/rows/5/1,8,{@dice 2d6} {@item zabou|ToA} growing on the floor,
Zagmira,扎格米拉,project-proposed,canonical-name,ToA,93,data/3/entries/3/entries/5/entries/5/entries/1,11,"The survivors include four Red Wizards (LE male and female Thayan human {@creature Mage||mages}) named Dyrax (male), Thazma (female), Yamoch (male), and Zagmira (female). Their red robes, shaved heads, and sallow complexions betray their allegiance to Thay. Eight mercenaries (LE male and female human {@creature Thug||thugs} of various ethnicities) escort the wizards. The highest ranking mage, Zagmira, appears just eighteen years old, yet one half of her face is wizened and old. This effect is a holdover from a terrible ritual she performed to inhabit the body of her own granddaughter. All four mages carry spellbooks that contain all their prepared spells.",
Zariel,扎瑞爾,existing-site,canonical-name,BGDIA,5,data/0/entries/2/entries/0,422,"The holy city of Elturel has disappeared from the Forgotten Realms and descended into Avernus, the first layer of the Nine Hells. This event came about as the result of an infernal bargain between the archdevil Zariel, who rules Avernus, and the treacherous High Overseer of Elturel, {@creature Thavius Kreeg|BGDIA}. Zariel is capturing cities and using their citizens as fodder in the ongoing conflict between demons and devils known as the Blood War. Next on Zariel's list of cities is Elturel's neighbor, Baldur's Gate. The characters can be the heroes who descend into Avernus, save Elturel from certain destruction, and prevent a similar fate from befalling Baldur's Gate.",薩瑞爾
Zariel's Fall,扎瑞爾的墜落,project-proposed,heading-only,BGDIA,6,data/0/entries/2/entries/3/entries/4,5,"The more time she spends with the characters, the more {@creature Lulu|BGDIA} begins to remember long-lost memories of the {@item Sword of Zariel|BGDIA}, an angelic weapon with the power to destroy the Companion. After Zariel's fall from grace, the sword was hidden in a stronghold called the Bleeding Citadel—a celestial sanctuary trapped in Avernus. The quest for the sword forms the crux of {@adventure chapter 4|BGDIA|7}, leading to the revelation that Zariel can be redeemed.",
Zariel's Flying Fortress,扎瑞爾的飛行堡壘,project-proposed,heading-only,BGDIA,97,data/4/entries/1/entries/7,12,"Two of the nycaloths—Torgrazk and Shraal—are loyal to Zariel and have been sent here to assassinate Mordenkainen. If they overhear his discussions with the characters, the assassins decide to alter their plans. Both fiends turn {@condition invisible} and follow the party in hope of an opportunity to kidnap one or more characters and deliver them to Zariel. If they succeed, Zariel invites the rest of the group to her flying fortress to negotiate terms for their comrades' release (see ""{@area Zariel's Flying Fortress|2b0|x}"").",
Zariel's Redemption,扎瑞爾的救贖,project-proposed,heading-only,BGDIA,146,data/8/entries/5/entries/1/entries/1/entries/4,3,"If the Charisma ({@skill Persuasion}) check succeeds, continue with ""Zariel's Redemption"" below. If the check fails, proceed with ""{@area Zariel's Wrath|31d|x}"" instead.",
Zariel's Struggle,扎瑞爾的鬥爭,project-proposed,heading-only,BGDIA,76,data/3/entries/4/entries/7/entries/1/name,1,Zariel's Struggle,
Zariel's Sword is Destroyed,扎瑞爾之劍被摧毀,project-proposed,heading-only,BGDIA,149,data/8/entries/5/entries/3/entries/2/name,1,Zariel's Sword is Destroyed,
Zariel's War,扎瑞爾的戰爭,project-proposed,heading-only,BGDIA,51,data/1/entries/15/entries/9/entries/3/entries/0/rows/0/1,2,"""I used to be able to shapechange into a golden mammoth. In this form, I served as Zariel's war mount.""",
Zariel's Wrath,扎瑞爾的憤怒,project-proposed,heading-only,BGDIA,76,data/3/entries/4/entries/7/entries/3/entries/0,3,"Under constant pressure from both the Abyss and her infernal peers, Zariel and her high-ranking vassals work to keep her armies constantly in the fight. Zariel's wrath and pride have limits, however, and this offers her an opportunity for redemption. Zariel has, in a twisted way, achieved her dream as an angel—to fight face-to-face against the demon hordes in the Blood War. But the burden is a heavy one, and if given the chance, Zariel could be convinced to set it aside, release Elturel, and return to the light with a completely transformed perspective.",
Zartar,扎塔爾,project-proposed,canonical-name,BGDIA,126,data/6/entries/9/entries/6/entries/0,3,Chain devils often make pilgrimages to these sites. The first sundered chain the characters happen upon has a {@creature chain devil} named Zartar performing a ritual atop it.,
Zhanthi,絳則,existing-site,heading-only,ToA,5,data/0/entries/1/entries/1/rows/46/0,14,{@creature Zhanthi|ToA},
Zhentarim,散塔林會,project-proposed,heading-only,ToA,16,data/1/entries/7/entries/2/items/1/entries/0,21,"Rokah (N male Chultan human {@creature spy}) works for the Zhentarim. The Zhents believe that pirates have formed an alliance with the Flaming Fist. Rokah has orders to infiltrate Fort Beluarian and find proof so that the Zhentarim can blackmail the fort's commander. He asks the adventurers to escort him safely to the fort and create a distraction so that he can ransack the commander's quarters. As a reward, Rokah offers to cover the cost of a charter of exploration (50 gp), which the characters will almost certainly need if they want to avoid future confrontations with the Flaming Fist. Rokah also offers to introduce the characters to two wilderness guides—a pair tabaxi siblings named {@creature River Mist|ToA} and {@creature Flask of Wine|ToA} (see ""{@area Finding a Guide|08f|x}"")—and pay the guides' fees.",
Zhents,散塔林會成員,project-proposed,canonical-name,ToA,16,data/1/entries/7/entries/2/items/1/entries/0,6,"Rokah (N male Chultan human {@creature spy}) works for the Zhentarim. The Zhents believe that pirates have formed an alliance with the Flaming Fist. Rokah has orders to infiltrate Fort Beluarian and find proof so that the Zhentarim can blackmail the fort's commander. He asks the adventurers to escort him safely to the fort and create a distraction so that he can ransack the commander's quarters. As a reward, Rokah offers to cover the cost of a charter of exploration (50 gp), which the characters will almost certainly need if they want to avoid future confrontations with the Flaming Fist. Rokah also offers to introduce the characters to two wilderness guides—a pair tabaxi siblings named {@creature River Mist|ToA} and {@creature Flask of Wine|ToA} (see ""{@area Finding a Guide|08f|x}"")—and pay the guides' fees.",
Zombie Horde,喪屍群落,project-proposed,heading-only,BGDIA,54,data/2/entries/5/entries/9/entries/3/rows/9/1,2,{@area Zombie horde|12b|x},
Zombies,喪屍們,existing-site,heading-only,BGDIA,24,data/1/entries/8/entries/3/entries/21/entries/2,50,"The shambling corpses are six {@creature Zombie||zombies} created by Flennis (see {@adventure area D13|BGDIA|1|D13. Morgue}) from the remains of the Dead Three cultists' murder victims. The zombies obey only their creator and attack all others, including other members of the Dead Three cult.",
Zongo,宗戈,project-proposed,canonical-name,ToA,34,data/1/entries/12/entries/4/entries/7/entries/2,2,"{@creature Faroul|ToA} (NG male Calishite human {@creature scout}) and {@creature Gondolo|ToA} (CG male lightfoot halfling {@creature scout} with 13 hit points) are two dandies down on their luck in Port Nyanzaru. Spoiled and pompous, {@creature Faroul|ToA} was shipped off by his exasperated parents to Port Nyanzaru and told to make his fortune there. Bursting with coin and ready for adventure, {@creature Faroul|ToA} brought along his carousing companion, {@creature Gondolo|ToA}. Together, they thought they'd soon be living the high life on distant shores. Within a few months, they'd squandered most of {@creature Faroul|ToA}'s cash at the dinosaur races and were in debt to numerous bookies and several merchant princes. The only thing they have to show for their months of debauchery is a flatulent racing {@creature triceratops} named Zongo. They purchased it for the races, but it was hopelessly slow; now they use Zongo as a pack animal.",
Zorbos,佐博怪,project-proposed,heading-only,ToA,109,data/3/entries/4/entries/20/entries/2/entries/1,7,"When the characters arrive, four {@creature Zorbo|ToA|zorbos} (see {@adventure appendix D|ToA|9}) are lurking around the perimeter of the shrine. They investigate the sound of the squealing doors but won't attack large groups, preferring to pick off loners and stragglers.",
bulezaus,佈雷祖魔,project-proposed,canonical-name,BGDIA,55,data/2/entries/5/entries/9/entries/5/entries/0,6,"The characters hear a voice shouting for help. If they follow the voice, they find a male human under attack by two {@creature Bulezau|MTF|bulezaus} that slipped past the devils and climbed the infernal binding posts to Elturel.",
deinonychuses,恐爪龍,project-proposed,canonical-name,ToA,32,data/1/entries/12/entries/3/entries/2,7,"The four-legged race is dominated by young ankylosauruses and triceratopses, but dimetrodons have also done well when paired with Small riders. Most competitors in the two-legged race are hadrosauruses and deinonychuses (again with Small riders). The unchained race sees racers on anything, including young allosauruses and very young tyrannosauruses.",
grung,格龍蛙人,project-proposed,canonical-name,ToA,5,data/0/entries/1/entries/1/rows/43/2,70,Grung chief in Omu,
kamadans,六岐蛇豹,project-proposed,canonical-name,ToA,97,data/3/entries/4/entries/5/entries/2,8,"Two mated {@creature Kamadan|ToA|kamadans} (see {@adventure appendix D|ToA|9}) use a cart at the back of the shrine as their lair. If they hear intruders approaching the shrine, the kamadans try to ambush them. The kamadans fight tooth and claw to protect their three young cubs. Kamadan cubs are noncombatants that look like baby leopards and grow to adult size within a year. The cubs' snakes won't sprout from their shoulders for another 6 months. Characters can capture the cubs and spend months trying to domesticate them, but the kamadans turn on their would-be masters once they reach adulthood in a year.",
knucklebones,擲骨子,project-proposed,canonical-name,BGDIA,80,data/3/entries/7/entries/1,6,"Fort Knucklebone provides shelter to a gang of wasteland marauders called the Knucklebones, serving as a garage where they build and repair infernal war machines. The Knucklebones answer to {@creature Mad Maggie|BGDIA}, a night hag warlord who has an agreement with Zariel: the archduke of Avernus leaves Fort Knucklebone alone as long as {@creature Mad Maggie|BGDIA} keeps the other warlords in the area in check.",
lightfoot halfling,輕足半身人,project-proposed,canonical-name,BGDIA,16,data/1/entries/7/entries/3/entries/1/items/1,2,"Lala Stout (neutral evil lightfoot halfling {@creature spy}), a scar-faced burglar flipping a coin",
malison,惡咒蛇人,project-proposed,canonical-name,ToA,5,data/0/entries/3/entries/2,42,"Also lurking in the heart of Chult is {@creature Ras Nsi|ToA}, a mythic, villainous figure among Chultans. {@creature Ras Nsi|ToA} was a human paladin and a sworn protector of the city of Mezro. He betrayed his oaths and was banished. Rather than redeem himself, he raised an undead army to conquer Mezro. The would-be tyrant was defeated and banished once more. Mezro was later destroyed by the Spellplague (or so it seemed), during which {@creature Ras Nsi|ToA} lost his power to create and command undead. He withdrew to the city of Omu, leaving the vestiges of his undead army to roam unchecked throughout the jungle. That was not the end of {@creature Ras Nsi|ToA}, however. Bitter over his loss of power, he forged an alliance with the yuan-ti lurking in the ruins of Omu and underwent a ritual of transformation, becoming a yuan-ti malison. As a yuan-ti, {@creature Ras Nsi|ToA} imposed his terrible will on the evil snake people and became their leader.",
malisons,惡咒蛇人,project-proposed,canonical-name,ToA,14,data/0/entries/6/entries/3/entries/13/entries/0,22,"After being driven out of their ancient city (see ""{@area Hisari|115|x},""), the yuan-ti claimed the ruins of Omu as their demesne. Their spies in Port Nyanzaru keep a wary eye on the merchant princes, would-be treasure hunters, and adventurers. Characters might also encounter yuan-ti purebloods, yuan-ti malisons, and yuan-ti abominations searching the jungle for hidden settlements and lost treasures.",
mastodon,乳齒象,project-proposed,canonical-name,BGDIA,44,data/1/entries/13/entries/5/entries/1/entries/3,20,"""The High Rider sent out the riders of Elturel, now numbering many thousands, with Zariel at their head, riding a golden mastodon. With a great cry, Zariel and her army charged through the gate. The legions of Avernus trembled and buckled, but did not crumble. Zariel was defeated, and the remnants of her army returned to Elturel, overcome with grief at the loss of their glorious general but confident that the lords of the Nine Hells would think twice about threatening Elturel again.",猛獁象
merchant prince,商王,project-proposed,canonical-name,ToA,5,data/0/entries/1/entries/1/rows/7/2,37,"Merchant prince in Port Nyanzaru (sells weapons, shields, canoes, rain catchers, and traveling gear)",商人王子;商界王子;商業王子;商貿王子
merchant princes,商王,project-proposed,canonical-name,BGDIA,188,data/9/entries/13/entries/5/entries/6/entries/0,48,"Eastway Expeditions used to buy dubious exploration and dungeon-delving gear on the cheap—often from hollow-eyed early retirees—before marking it up to sell to optimistic would-be heroes. Scalm Shilvin, a neutral female tiefling {@creature spy}, is the shop's slick, tail-coat-wearing tiefling proprietor. She made a decent living from her business, but all that changed when Baldur's Gate forged a lucrative trade alliance with the merchant princes of Port Nyanzaru in Chult.",商人王子們;商人王子;商界王子;商業王子
ryath,雷亞斯,project-proposed,canonical-name,ToA,77,data/2/entries/4/entries/27/entries/10/entries/5/entries/1/rows/6/1,9,{@dice 1d4} ryath roots (see {@area appendix C|535|x}),
yklwas,伊庫瓦短矛,project-proposed,canonical-name,ToA,25,data/1/entries/9/entries/2/entries/3/entries/3,2,"{@creature Ekene-Afa|ToA} sells nonmagical weapons and shields of every kind, but most of her inventory consists of flint daggers, yklwas with wooden shafts and obsidian tips (see ""{@area Buying a Special Item|084|x}""), and shields made of wooden frames with layers of reptile hide stretched over them. {@creature Ekene-Afa|ToA} pays {@creature Wakanga O'tamu|ToA} to place permanent enchantments on a select few of these items, which she sells at the prices listed in the Magic Shields and Weapons for Sale table.",
