english,category,classes,subclasses,sources,editions,occurrences,first_file,first_json_pointer,representative_context,proposed_zh_tw,alternative_zh_tw,status,translation_source,confidence,notes
Rogue,class,Rogue,,PHB; XPHB,classic; one,2,data/class/class-rogue.json,/class/0/name,class: Rogue,遊蕩者,盜賊,conflict,5eclone.pingstudio.tw (preferred candidate); project glossary alternatives,0.65,5eclone candidate is listed first; alternatives require user approval.
Warlock,class,Warlock,,PHB; XPHB,classic; one,2,data/class/class-warlock.json,/class/0/name,class: Warlock,契術師,邪術師,conflict,5eclone.pingstudio.tw (preferred candidate); project glossary alternatives,0.65,5eclone candidate is listed first; alternatives require user approval.
Abjure Foes,class-feature,Paladin,,XPHB,one,1,data/class/class-paladin.json,/classFeature/38/name,class-feature: Abjure Foes,,,pending,,0.50,
Acrobatic Movement,class-feature,Monk,,XPHB,one,1,data/class/class-monk.json,/classFeature/55/name,class-feature: Acrobatic Movement,,,pending,,0.50,
Advanced Artifice,class-feature,Artificer,,EFA,classic-or-other,1,data/class/class-artificer.json,/classFeature/13/name,class-feature: Advanced Artifice,,,pending,,0.50,
Arcane Apotheosis,class-feature,Sorcerer,,XPHB,one,1,data/class/class-sorcerer.json,/classFeature/38/name,class-feature: Arcane Apotheosis,,,pending,,0.50,
Artificer Subclass,class-feature,Artificer,,EFA,classic-or-other,1,data/class/class-artificer.json,/classFeature/3/name,class-feature: Artificer Subclass,,,pending,,0.50,
Aura Expansion,class-feature,Paladin,,XPHB,one,1,data/class/class-paladin.json,/classFeature/45/name,class-feature: Aura Expansion,,,pending,,0.50,
Barbarian Subclass,class-feature,Barbarian,,XPHB,one,1,data/class/class-barbarian.json,/classFeature/30/name,class-feature: Barbarian Subclass,,,pending,,0.50,
Bard Subclass,class-feature,Bard,,XPHB,one,1,data/class/class-bard.json,/classFeature/32/name,class-feature: Bard Subclass,,,pending,,0.50,
Bardic Inspiration,class-feature,Bard,,PHB; XPHB,classic-or-other; one,2,data/class/class-bard.json,/classFeature/0/name,class-feature: Bardic Inspiration,吟遊激勵,吟遊激勵(d8),conflict,5eclone.pingstudio.tw (preferred candidate); project glossary alternatives,0.65,5eclone candidate is listed first; alternatives require user approval.
Bardic Inspiration (d8),class-feature,Bard,,PHB,classic-or-other,1,data/class/class-bard.json,/classFeature/9/name,class-feature: Bardic Inspiration (d8),,,pending,,0.50,
Body and Mind,class-feature,Monk,,XPHB,one,1,data/class/class-monk.json,/classFeature/67/name,class-feature: Body and Mind,,,pending,,0.50,
Bonus Proficiencies,class-feature,Expert Sidekick; Spellcaster Sidekick; Warrior Sidekick,,TCE,classic-or-other,3,data/class/class-sidekick.json,/classFeature/0/name,class-feature: Bonus Proficiencies,額外熟練,額外熟練項,conflict,5eclone.pingstudio.tw (preferred candidate); project glossary alternatives,0.65,5eclone candidate is listed first; alternatives require user approval.
Bonus Unarmed Strike,class-feature,Monk,,XPHB,one,1,data/class/class-monk.json,/classFeature/34/name,class-feature: Bonus Unarmed Strike,,,pending,,0.50,
Brutal Strike,class-feature,Barbarian,,XPHB,one,1,data/class/class-barbarian.json,/classFeature/39/name,class-feature: Brutal Strike,,,pending,,0.50,
Channel Divinity: Turn Undead,class-feature,Cleric,,PHB,classic-or-other,1,data/class/class-cleric.json,/classFeature/4/name,class-feature: Channel Divinity: Turn Undead,,,pending,,0.50,
Cleric Subclass,class-feature,Cleric,,XPHB,one,1,data/class/class-cleric.json,/classFeature/31/name,class-feature: Cleric Subclass,,,pending,,0.50,
Consumptive Power,class-feature,Mystic,,UATheMysticClass,classic-or-other,1,data/class/class-mystic.json,/classFeature/12/name,class-feature: Consumptive Power,,,pending,,0.50,
Contact Patron,class-feature,Warlock,,XPHB,one,1,data/class/class-warlock.json,/classFeature/26/name,class-feature: Contact Patron,,,pending,,0.50,
Cunning Strike,class-feature,Rogue,,XPHB,one,1,data/class/class-rogue.json,/classFeature/31/name,class-feature: Cunning Strike,,,pending,,0.50,
Daze (Cost: 2d6),class-feature,Rogue,,XPHB,one,1,data/class/class-rogue.json,/classFeature/45/name,class-feature: Daze (Cost: 2d6),,,pending,,0.50,
Deflect Attacks,class-feature,Monk,,XPHB,one,1,data/class/class-monk.json,/classFeature/45/name,class-feature: Deflect Attacks,,,pending,,0.50,
Deflect Energy,class-feature,Monk,,XPHB,one,1,data/class/class-monk.json,/classFeature/60/name,class-feature: Deflect Energy,,,pending,,0.50,
Destroy Undead (CR 1),class-feature,Cleric,,PHB,classic-or-other,1,data/class/class-cleric.json,/classFeature/12/name,class-feature: Destroy Undead (CR 1),,,pending,,0.50,
Destroy Undead (CR 1/2),class-feature,Cleric,,PHB,classic-or-other,1,data/class/class-cleric.json,/classFeature/8/name,class-feature: Destroy Undead (CR 1/2),,,pending,,0.50,
Devious Strikes,class-feature,Rogue,,XPHB,one,1,data/class/class-rogue.json,/classFeature/46/name,class-feature: Devious Strikes,,,pending,,0.50,
Dexterous Attacks,class-feature,Monk,,XPHB,one,1,data/class/class-monk.json,/classFeature/35/name,class-feature: Dexterous Attacks,,,pending,,0.50,
Disciplined Survivor,class-feature,Monk,,XPHB,one,1,data/class/class-monk.json,/classFeature/61/name,class-feature: Disciplined Survivor,,,pending,,0.50,
Divine Order,class-feature,Cleric,,XPHB,one,1,data/class/class-cleric.json,/classFeature/24/name,class-feature: Divine Order,,,pending,,0.50,
Divine Spark,class-feature,Cleric,,XPHB,one,1,data/class/class-cleric.json,/classFeature/29/name,class-feature: Divine Spark,,,pending,,0.50,
Druid Subclass,class-feature,Druid,,XPHB,one,1,data/class/class-druid.json,/classFeature/26/name,class-feature: Druid Subclass,,,pending,,0.50,
Eldritch Invocation Options,class-feature,Warlock,,XPHB,one,1,data/class/class-warlock.json,/classFeature/18/name,class-feature: Eldritch Invocation Options,,,pending,,0.50,
Elemental Fury,class-feature,Druid,,XPHB,one,1,data/class/class-druid.json,/classFeature/30/name,class-feature: Elemental Fury,,,pending,,0.50,
Empowered Strikes,class-feature,Monk,,XPHB,one,1,data/class/class-monk.json,/classFeature/51/name,class-feature: Empowered Strikes,,,pending,,0.50,
Epic Boon,class-feature,Artificer; Barbarian; Bard; Cleric; Druid; Fighter; Monk; Paladin; Ranger; Rogue; Sorcerer; Warlock; Wizard,,EFA; XPHB,classic-or-other; one,13,data/class/class-artificer.json,/classFeature/17/name,class-feature: Epic Boon,,,pending,,0.50,
Faithful Steed,class-feature,Paladin,,XPHB,one,1,data/class/class-paladin.json,/classFeature/34/name,class-feature: Faithful Steed,,,pending,,0.50,
Fighter Subclass,class-feature,Fighter,,XPHB,one,1,data/class/class-fighter.json,/classFeature/28/name,class-feature: Fighter Subclass,,,pending,,0.50,
Greater Divine Intervention,class-feature,Cleric,,XPHB,one,1,data/class/class-cleric.json,/classFeature/45/name,class-feature: Greater Divine Intervention,,,pending,,0.50,
Heightened Focus,class-feature,Monk,,XPHB,one,1,data/class/class-monk.json,/classFeature/56/name,class-feature: Heightened Focus,,,pending,,0.50,
Improved Blessed Strikes,class-feature,Cleric,,XPHB,one,1,data/class/class-cleric.json,/classFeature/41/name,class-feature: Improved Blessed Strikes,,,pending,,0.50,
Improved Brutal Strike,class-feature,Barbarian,,XPHB,one,2,data/class/class-barbarian.json,/classFeature/43/name,class-feature: Improved Brutal Strike,,,pending,,0.50,
Improved Critical,class-feature,Warrior Sidekick,,TCE,classic-or-other,1,data/class/class-sidekick.json,/classFeature/33/name,class-feature: Improved Critical,強化重擊,精通重擊,conflict,5eclone.pingstudio.tw (preferred candidate); project glossary alternatives,0.65,5eclone candidate is listed first; alternatives require user approval.
Improved Cunning Strike,class-feature,Rogue,,XPHB,one,1,data/class/class-rogue.json,/classFeature/42/name,class-feature: Improved Cunning Strike,,,pending,,0.50,
Improved Elemental Fury,class-feature,Druid,,XPHB,one,1,data/class/class-druid.json,/classFeature/37/name,class-feature: Improved Elemental Fury,,,pending,,0.50,
Innate Sorcery,class-feature,Sorcerer,,XPHB,one,1,data/class/class-sorcerer.json,/classFeature/20/name,class-feature: Innate Sorcery,,,pending,,0.50,
Inspiring Help Improvement,class-feature,Expert Sidekick,,TCE,classic-or-other,1,data/class/class-sidekick.json,/classFeature/17/name,class-feature: Inspiring Help Improvement,,,pending,,0.50,
Knock Out (Cost: 6d6),class-feature,Rogue,,XPHB,one,1,data/class/class-rogue.json,/classFeature/47/name,class-feature: Knock Out (Cost: 6d6),,,pending,,0.50,
Magic Item Tinker,class-feature,Artificer,,EFA,classic-or-other,1,data/class/class-artificer.json,/classFeature/6/name,class-feature: Magic Item Tinker,,,pending,,0.50,
Magical Cunning,class-feature,Warlock,,XPHB,one,1,data/class/class-warlock.json,/classFeature/21/name,class-feature: Magical Cunning,,,pending,,0.50,
Magician,class-feature,Druid,,XPHB,one,1,data/class/class-druid.json,/classFeature/20/name,class-feature: Magician,,,pending,,0.50,
Martial Arts Die,class-feature,Monk,,XPHB,one,1,data/class/class-monk.json,/classFeature/37/name,class-feature: Martial Arts Die,,,pending,,0.50,
Memorize Spell,class-feature,Wizard,,XPHB,one,1,data/class/class-wizard.json,/classFeature/20/name,class-feature: Memorize Spell,,,pending,,0.50,
Monk Subclass,class-feature,Monk,,XPHB,one,1,data/class/class-monk.json,/classFeature/46/name,class-feature: Monk Subclass,,,pending,,0.50,
Monk's Focus,class-feature,Monk,,XPHB,one,1,data/class/class-monk.json,/classFeature/40/name,class-feature: Monk's Focus,,,pending,,0.50,
Mystic Arcanum,class-feature,Warlock,,XPHB,one,4,data/class/class-warlock.json,/classFeature/28/name,class-feature: Mystic Arcanum,,,pending,,0.50,
Mystic Order,class-feature,Mystic,,UATheMysticClass,classic-or-other,1,data/class/class-mystic.json,/classFeature/0/name,class-feature: Mystic Order,,,pending,,0.50,
Mystic Order feature,class-feature,Mystic,,UATheMysticClass,classic-or-other,3,data/class/class-mystic.json,/classFeature/6/name,class-feature: Mystic Order feature,,,pending,,0.50,
Mystical Recovery,class-feature,Mystic,,UATheMysticClass,classic-or-other,1,data/class/class-mystic.json,/classFeature/4/name,class-feature: Mystical Recovery,,,pending,,0.50,
Obscure (Cost: 3d6),class-feature,Rogue,,XPHB,one,1,data/class/class-rogue.json,/classFeature/48/name,class-feature: Obscure (Cost: 3d6),,,pending,,0.50,
Paladin Subclass,class-feature,Paladin,,XPHB,one,1,data/class/class-paladin.json,/classFeature/31/name,class-feature: Paladin Subclass,,,pending,,0.50,
Paladin's Smite,class-feature,Paladin,,XPHB,one,1,data/class/class-paladin.json,/classFeature/28/name,class-feature: Paladin's Smite,,,pending,,0.50,
Path feature,class-feature,Barbarian,,PHB,classic-or-other,2,data/class/class-barbarian.json,/classFeature/14/name,class-feature: Path feature,,,pending,,0.50,
Perfect Focus,class-feature,Monk,,XPHB,one,1,data/class/class-monk.json,/classFeature/62/name,class-feature: Perfect Focus,,,pending,,0.50,
Perfect Self,class-feature,Monk,,PHB,classic-or-other,1,data/class/class-monk.json,/classFeature/33/name,class-feature: Perfect Self,,,pending,,0.50,
Poison (Cost: 1d6),class-feature,Rogue,,XPHB,one,1,data/class/class-rogue.json,/classFeature/32/name,class-feature: Poison (Cost: 1d6),,,pending,,0.50,
Potent Psionics (1d8),class-feature,Mystic,,UATheMysticClass,classic-or-other,1,data/class/class-mystic.json,/classFeature/11/name,class-feature: Potent Psionics (1d8),,,pending,,0.50,
Potent Psionics (2d8),class-feature,Mystic,,UATheMysticClass,classic-or-other,1,data/class/class-mystic.json,/classFeature/17/name,class-feature: Potent Psionics (2d8),,,pending,,0.50,
Precise Hunter,class-feature,Ranger,,XPHB,one,1,data/class/class-ranger.json,/classFeature/50/name,class-feature: Precise Hunter,,,pending,,0.50,
Primal Order,class-feature,Druid,,XPHB,one,1,data/class/class-druid.json,/classFeature/21/name,class-feature: Primal Order,,,pending,,0.50,
Protector,class-feature,Cleric,,XPHB,one,1,data/class/class-cleric.json,/classFeature/25/name,class-feature: Protector,,,pending,,0.50,
Psionic Body,class-feature,Mystic,,UATheMysticClass,classic-or-other,1,data/class/class-mystic.json,/classFeature/22/name,class-feature: Psionic Body,,,pending,,0.50,
Psionic Disciplines and Talents,class-feature,Mystic,,UATheMysticClass,classic-or-other,1,data/class/class-mystic.json,/classFeature/1/name,class-feature: Psionic Disciplines and Talents,,,pending,,0.50,
Psionic Mastery (1/Day),class-feature,Mystic,,UATheMysticClass,classic-or-other,1,data/class/class-mystic.json,/classFeature/13/name,class-feature: Psionic Mastery (1/Day),,,pending,,0.50,
Psionic Mastery (2/Day),class-feature,Mystic,,UATheMysticClass,classic-or-other,1,data/class/class-mystic.json,/classFeature/15/name,class-feature: Psionic Mastery (2/Day),,,pending,,0.50,
Psionic Mastery (3/Day),class-feature,Mystic,,UATheMysticClass,classic-or-other,1,data/class/class-mystic.json,/classFeature/18/name,class-feature: Psionic Mastery (3/Day),,,pending,,0.50,
Psionic Mastery (4/Day),class-feature,Mystic,,UATheMysticClass,classic-or-other,1,data/class/class-mystic.json,/classFeature/20/name,class-feature: Psionic Mastery (4/Day),,,pending,,0.50,
Psionics,class-feature,Mystic,,UATheMysticClass,classic-or-other,1,data/class/class-mystic.json,/classFeature/2/name,class-feature: Psionics,,,pending,,0.50,
Radiant Strikes,class-feature,Paladin,,XPHB,one,1,data/class/class-paladin.json,/classFeature/40/name,class-feature: Radiant Strikes,,,pending,,0.50,
Ranger Subclass,class-feature,Ranger,,XPHB,one,1,data/class/class-ranger.json,/classFeature/36/name,class-feature: Ranger Subclass,,,pending,,0.50,
Relentless Hunter,class-feature,Ranger,,XPHB,one,1,data/class/class-ranger.json,/classFeature/46/name,class-feature: Relentless Hunter,,,pending,,0.50,
Replicate Magic Item,class-feature,Artificer,,EFA,classic-or-other,1,data/class/class-artificer.json,/classFeature/2/name,class-feature: Replicate Magic Item,,,pending,,0.50,
Restoring Touch,class-feature,Paladin,,XPHB,one,1,data/class/class-paladin.json,/classFeature/42/name,class-feature: Restoring Touch,,,pending,,0.50,
Ritual Adept,class-feature,Wizard,,XPHB,one,1,data/class/class-wizard.json,/classFeature/15/name,class-feature: Ritual Adept,,,pending,,0.50,
Rogue Subclass,class-feature,Rogue,,XPHB,one,1,data/class/class-rogue.json,/classFeature/28/name,class-feature: Rogue Subclass,,,pending,,0.50,
Scholar,class-feature,Wizard,,XPHB,one,1,data/class/class-wizard.json,/classFeature/17/name,class-feature: Scholar,,,pending,,0.50,
Sear Undead,class-feature,Cleric,,XPHB,one,1,data/class/class-cleric.json,/classFeature/33/name,class-feature: Sear Undead,,,pending,,0.50,
Self-Restoration,class-feature,Monk,,XPHB,one,1,data/class/class-monk.json,/classFeature/57/name,class-feature: Self-Restoration,,,pending,,0.50,
Song of Rest (d6),class-feature,Bard,,PHB,classic-or-other,1,data/class/class-bard.json,/classFeature/4/name,class-feature: Song of Rest (d6),,,pending,,0.50,
Sorcerer Subclass,class-feature,Sorcerer,,XPHB,one,1,data/class/class-sorcerer.json,/classFeature/25/name,class-feature: Sorcerer Subclass,,,pending,,0.50,
Sorcery Incarnate,class-feature,Sorcerer,,XPHB,one,1,data/class/class-sorcerer.json,/classFeature/29/name,class-feature: Sorcery Incarnate,,,pending,,0.50,
Strength of Mind,class-feature,Mystic,,UATheMysticClass,classic-or-other,1,data/class/class-mystic.json,/classFeature/8/name,class-feature: Strength of Mind,,,pending,,0.50,
Studied Attacks,class-feature,Fighter,,XPHB,one,1,data/class/class-fighter.json,/classFeature/41/name,class-feature: Studied Attacks,,,pending,,0.50,
Subclass feature,class-feature,Artificer,,EFA,classic-or-other,3,data/class/class-artificer.json,/classFeature/5/name,class-feature: Subclass feature,,,pending,,0.50,
Superior Defense,class-feature,Monk,,XPHB,one,1,data/class/class-monk.json,/classFeature/65/name,class-feature: Superior Defense,,,pending,,0.50,
Tactical Master,class-feature,Fighter,,XPHB,one,1,data/class/class-fighter.json,/classFeature/36/name,class-feature: Tactical Master,,,pending,,0.50,
Tactical Mind,class-feature,Fighter,,XPHB,one,1,data/class/class-fighter.json,/classFeature/27/name,class-feature: Tactical Mind,,,pending,,0.50,
Tactical Shift,class-feature,Fighter,,XPHB,one,1,data/class/class-fighter.json,/classFeature/31/name,class-feature: Tactical Shift,,,pending,,0.50,
Telepathy,class-feature,Mystic,,UATheMysticClass,classic-or-other,1,data/class/class-mystic.json,/classFeature/5/name,class-feature: Telepathy,,,pending,,0.50,
Thaumaturge,class-feature,Cleric,,XPHB,one,1,data/class/class-cleric.json,/classFeature/27/name,class-feature: Thaumaturge,,,pending,,0.50,
Three Extra Attacks,class-feature,Fighter,,XPHB,one,1,data/class/class-fighter.json,/classFeature/49/name,class-feature: Three Extra Attacks,,,pending,,0.50,
Timeless Body,class-feature,Druid; Monk,,PHB,classic-or-other,2,data/class/class-druid.json,/classFeature/16/name,class-feature: Timeless Body,不朽身軀,不老身軀,conflict,5eclone.pingstudio.tw (preferred candidate); project glossary alternatives,0.65,5eclone candidate is listed first; alternatives require user approval.
Tinker's Magic,class-feature,Artificer,,EFA,classic-or-other,1,data/class/class-artificer.json,/classFeature/1/name,class-feature: Tinker's Magic,,,pending,,0.50,
Trip (Cost: 1d6),class-feature,Rogue,,XPHB,one,1,data/class/class-rogue.json,/classFeature/33/name,class-feature: Trip (Cost: 1d6),,,pending,,0.50,
Two Extra Attacks,class-feature,Fighter,,XPHB,one,1,data/class/class-fighter.json,/classFeature/38/name,class-feature: Two Extra Attacks,,,pending,,0.50,
Uncanny Metabolism,class-feature,Monk,,XPHB,one,1,data/class/class-monk.json,/classFeature/44/name,class-feature: Uncanny Metabolism,,,pending,,0.50,
Using a Discipline,class-feature,Mystic,,UATheMysticClass,classic-or-other,1,data/class/class-mystic.json,/classFeature/3/name,class-feature: Using a Discipline,,,pending,,0.50,
Warden,class-feature,Druid,,XPHB,one,1,data/class/class-druid.json,/classFeature/23/name,class-feature: Warden,,,pending,,0.50,
Warlock Subclass,class-feature,Warlock,,XPHB,one,1,data/class/class-warlock.json,/classFeature/22/name,class-feature: Warlock Subclass,,,pending,,0.50,
Weapon Mastery,class-feature,Barbarian; Fighter; Paladin; Ranger; Rogue,,XPHB,one,5,data/class/class-barbarian.json,/classFeature/27/name,class-feature: Weapon Mastery,,,pending,,0.50,
Wild Resurgence,class-feature,Druid,,XPHB,one,1,data/class/class-druid.json,/classFeature/28/name,class-feature: Wild Resurgence,,,pending,,0.50,
Withdraw (Cost: 1d6),class-feature,Rogue,,XPHB,one,1,data/class/class-rogue.json,/classFeature/35/name,class-feature: Withdraw (Cost: 1d6),,,pending,,0.50,
Wizard Subclass,class-feature,Wizard,,XPHB,one,1,data/class/class-wizard.json,/classFeature/18/name,class-feature: Wizard Subclass,,,pending,,0.50,
Words of Creation,class-feature,Bard,,XPHB,one,1,data/class/class-bard.json,/classFeature/45/name,class-feature: Words of Creation,,,pending,,0.50,
Artificer Subclass,class-label,Artificer,,EFA,one,1,data/class/class-artificer.json,/class/1/subclassTitle,Artificer subclass title,,,pending,,0.50,
Barbarian Subclass,class-label,Barbarian,,XPHB,one,1,data/class/class-barbarian.json,/class/1/subclassTitle,Barbarian subclass title,,,pending,,0.50,
Bard Subclass,class-label,Bard,,XPHB,one,1,data/class/class-bard.json,/class/1/subclassTitle,Bard subclass title,,,pending,,0.50,
Cleric Subclass,class-label,Cleric,,XPHB,one,1,data/class/class-cleric.json,/class/1/subclassTitle,Cleric subclass title,,,pending,,0.50,
Druid Subclass,class-label,Druid,,XPHB,one,1,data/class/class-druid.json,/class/1/subclassTitle,Druid subclass title,,,pending,,0.50,
Fighter Subclass,class-label,Fighter,,XPHB,one,1,data/class/class-fighter.json,/class/1/subclassTitle,Fighter subclass title,,,pending,,0.50,
Infusions,class-label,Artificer,,TCE,classic,1,data/class/class-artificer.json,/class/0/optionalfeatureProgression/0/name,Artificer optional feature progression,,,pending,,0.50,
Monk Subclass,class-label,Monk,,XPHB,one,1,data/class/class-monk.json,/class/1/subclassTitle,Monk subclass title,,,pending,,0.50,
Mystic Order,class-label,Mystic,,UATheMysticClass,classic,1,data/class/class-mystic.json,/class/0/subclassTitle,Mystic subclass title,,,pending,,0.50,
Paladin Subclass,class-label,Paladin,,XPHB,one,1,data/class/class-paladin.json,/class/1/subclassTitle,Paladin subclass title,,,pending,,0.50,
Ranger Subclass,class-label,Ranger,,XPHB,one,1,data/class/class-ranger.json,/class/1/subclassTitle,Ranger subclass title,,,pending,,0.50,
Rogue Subclass,class-label,Rogue,,XPHB,one,1,data/class/class-rogue.json,/class/1/subclassTitle,Rogue subclass title,,,pending,,0.50,
Sorcerer Subclass,class-label,Sorcerer,,XPHB,one,1,data/class/class-sorcerer.json,/class/1/subclassTitle,Sorcerer subclass title,,,pending,,0.50,
Warlock Subclass,class-label,Warlock,,XPHB,one,1,data/class/class-warlock.json,/class/1/subclassTitle,Warlock subclass title,,,pending,,0.50,
Wizard Subclass,class-label,Wizard,,XPHB,one,1,data/class/class-wizard.json,/class/1/subclassTitle,Wizard subclass title,,,pending,,0.50,
A Bard's Repertoire,named-rule-block,Bard,,XPHB,one,1,data/class/class-bard.json,/classFeature/31/entries/2/name,Jack of All Trades: nested named block,,,pending,,0.50,
Actions over Words,named-rule-block,Paladin,Glory,TCE,classic-or-other,1,data/class/class-paladin.json,/subclassFeature/47/entries/1/name,Tenets of Glory: nested named block,,,pending,,0.50,
Addle,named-rule-block,Monk,Open Hand,XPHB,one,1,data/class/class-monk.json,/subclassFeature/73/entries/1/name,Open Hand Technique: nested named block,,,pending,,0.50,
Agility,named-rule-block,Wizard,Bladesinger,FRHoF,classic-or-other,1,data/class/class-wizard.json,/subclassFeature/81/entries/3/name,Bladesong: nested named block,,,pending,,0.50,
Alchemical Eruption,named-rule-block,Artificer,Alchemist,EFA,classic-or-other,1,data/class/class-artificer.json,/subclassFeature/6/entries/1/name,Chemical Mastery: nested named block,,,pending,,0.50,
Ambition Domain (PSA),named-rule-block,Cleric,Ambition (PSA),PSA,classic-or-other,1,data/class/class-cleric.json,/subclassFeature/164/_copy/name,Ambition Domain (PSA): nested named block,,,pending,,0.50,
Ambusher's Leap,named-rule-block,Ranger,Gloom Stalker,XPHB,one,1,data/class/class-ranger.json,/subclassFeature/87/entries/1/name,Dread Ambusher: nested named block,,,pending,,0.50,
Ancient Armor,named-rule-block,Ranger,Hollow Warden,RHW,classic-or-other,1,data/class/class-ranger.json,/subclassFeature/71/entries/1/name,Wrath of the Wild: nested named block,,,pending,,0.50,
Aquatic Adaptation,named-rule-block,Sorcerer,Aberrant,XPHB,one,1,data/class/class-sorcerer.json,/subclassFeature/84/entries/1/entries/0/name,Revelation in Flesh: nested named block,,,pending,,0.50,
Arcane Conduit,named-rule-block,Artificer,Reanimator,RHW,classic-or-other,1,data/class/class-artificer.json,/subclassFeature/45/entries/1/name,Strange Modifications: nested named block,,,pending,,0.50,
Arcane Empowerment,named-rule-block,Artificer,Battle Smith,EFA,classic-or-other,1,data/class/class-artificer.json,/subclassFeature/25/entries/1/name,Battle Ready: nested named block,,,pending,,0.50,
Arcane Necrosis,named-rule-block,Warlock,Undead,RHW,classic-or-other,1,data/class/class-warlock.json,/subclassFeature/57/entries/1/name,Grave Touched: nested named block,,,pending,,0.50,
Area Reading,named-rule-block,Cleric,Knowledge,PHB,classic-or-other,1,data/class/class-cleric.json,/subclassFeature/14/entries/3/entries/0/name,Visions of the Past: nested named block,,,pending,,0.50,
Armor Crafting,named-rule-block,Artificer,Armorer,EFA,classic-or-other,1,data/class/class-artificer.json,/subclassFeature/14/entries/3/name,Tools of the Trade: nested named block,,,pending,,0.50,
Armor of the Spirit,named-rule-block,Monk,Astral Self,TCE,classic-or-other,1,data/class/class-monk.json,/subclassFeature/32/entries/3/name,Awakened Astral Self: nested named block,,,pending,,0.50,
Armor Replication,named-rule-block,Artificer,Armorer,EFA,classic-or-other,1,data/class/class-artificer.json,/subclassFeature/16/entries/1/name,Improved Armorer: nested named block,,,pending,,0.50,
Armor Training,named-rule-block,Artificer,Armorer,EFA,classic-or-other,1,data/class/class-artificer.json,/subclassFeature/14/entries/1/name,Tools of the Trade: nested named block,,,pending,,0.50,
Astral Barrage,named-rule-block,Monk,Astral Self,TCE,classic-or-other,1,data/class/class-monk.json,/subclassFeature/32/entries/4/name,Awakened Astral Self: nested named block,,,pending,,0.50,
At Higher Levels,named-rule-block,Bard,,XPHB,one,1,data/class/class-bard.json,/classFeature/28/entries/1/entries/2/name,Bardic Inspiration: nested named block,,,pending,,0.50,
Attack,named-rule-block,Fighter,Banneret,FRHoF,classic-or-other,1,data/class/class-fighter.json,/subclassFeature/93/entries/1/name,Rallying Surge: nested named block,,,pending,,0.50,
Attacker,named-rule-block,Warrior Sidekick,,TCE,classic-or-other,1,data/class/class-sidekick.json,/classFeature/30/entries/2/items/0/name,Martial Role: nested named block,,,pending,,0.50,
Attunement,named-rule-block,Rogue,Thief,XPHB,one,1,data/class/class-rogue.json,/subclassFeature/98/entries/1/name,Use Magic Device: nested named block,,,pending,,0.50,
Augment Breath,named-rule-block,Monk,Ascendant Dragon,FTD,classic-or-other,1,data/class/class-monk.json,/subclassFeature/5/entries/2/items/0/name,Ascendant Aspect: nested named block,,,pending,,0.50,
Awareness,named-rule-block,Artificer,Cartographer,EFA,classic-or-other,1,data/class/class-artificer.json,/subclassFeature/33/entries/2/name,Adventurer's Atlas: nested named block,,,pending,,0.50,
Bird,named-rule-block,Wizard,Bladesinging,TCE,classic-or-other,1,data/class/class-wizard.json,/subclassFeature/60/entries/3/name,Bladesinger Styles: nested named block,,,pending,,0.50,
Bite,named-rule-block,Barbarian,Beast,TCE,classic-or-other,1,data/class/class-barbarian.json,/subclassFeature/39/entries/3/items/0/name,Form of the Beast: nested named block,,,pending,,0.50,
Biting Cold,named-rule-block,Ranger,Winter Walker,FRHoF,classic-or-other,1,data/class/class-ranger.json,/subclassFeature/62/entries/1/name,Frigid Explorer: nested named block,,,pending,,0.50,
Bladesinging,named-rule-block,Wizard,Bladesinging,TCE,classic-or-other,1,data/class/class-wizard.json,/subclassFeature/94/_copy/name,Bladesinging: nested named block,劍詠,劍詠傳承,conflict,5eclone.pingstudio.tw (preferred candidate); project glossary alternatives,0.65,5eclone candidate is listed first; alternatives require user approval.
Bladework,named-rule-block,Wizard,Bladesinger,FRHoF,classic-or-other,1,data/class/class-wizard.json,/subclassFeature/81/entries/4/name,Bladesong: nested named block,,,pending,,0.50,
Blindsight,named-rule-block,Monk,Ascendant Dragon,FTD,classic-or-other,1,data/class/class-monk.json,/subclassFeature/5/entries/2/items/1/name,Ascendant Aspect: nested named block,,,pending,,0.50,
Bloated,named-rule-block,Artificer,Reanimator,RHW,classic-or-other,1,data/class/class-artificer.json,/subclassFeature/47/entries/1/name,Macabre Modifications: nested named block,,,pending,,0.50,
Bolstered Rally,named-rule-block,Fighter,Banneret,FRHoF,classic-or-other,1,data/class/class-fighter.json,/subclassFeature/95/entries/1/name,Inspiring Commander: nested named block,,,pending,,0.50,
Breath of Winter (17th Level Required),named-rule-block,Monk,Four Elements,PHB,classic-or-other,1,data/class/class-monk.json,/subclassFeature/8/entries/1/entries/0/name,Elemental Disciplines: nested named block,,,pending,,0.50,
Burning Life Force,named-rule-block,Sorcerer,Spellfire,FRHoF,classic-or-other,1,data/class/class-sorcerer.json,/subclassFeature/64/entries/1/name,Crown of Spellfire: nested named block,,,pending,,0.50,
Cantrips,named-rule-block,Artificer; Bard; Cleric; Druid; Fighter; Rogue; Sorcerer; Warlock; Wizard,Arcane Trickster; Eldritch Knight,EFA; PHB; XPHB,classic-or-other; one,17,data/class/class-artificer.json,/classFeature/0/entries/1/entries/1/name,Spellcasting: nested named block,,,pending,,0.50,
Cast Spells,named-rule-block,Cleric,Trickery,XPHB,one,1,data/class/class-cleric.json,/subclassFeature/205/entries/1/name,Invoke Duplicity: nested named block,,,pending,,0.50,
Casting Elemental Spells,named-rule-block,Monk,Four Elements,PHB,classic-or-other,1,data/class/class-monk.json,/subclassFeature/7/entries/3/name,Disciple of the Elements: nested named block,,,pending,,0.50,
Cat,named-rule-block,Wizard,Bladesinging,TCE,classic-or-other,1,data/class/class-wizard.json,/subclassFeature/60/entries/2/name,Bladesinger Styles: nested named block,,,pending,,0.50,
Challenges Are but Tests,named-rule-block,Paladin,Glory,TCE,classic-or-other,1,data/class/class-paladin.json,/subclassFeature/47/entries/2/name,Tenets of Glory: nested named block,,,pending,,0.50,
Changing your Prepared Spells,named-rule-block,Fighter,Eldritch Knight,XPHB,one,1,data/class/class-fighter.json,/subclassFeature/112/entries/4/entries/0/name,Spellcasting: nested named block,,,pending,,0.50,
Changing Your Prepared Spells,named-rule-block,Artificer; Bard; Cleric; Druid; Paladin; Ranger; Rogue; Sorcerer; Warlock; Wizard,Arcane Trickster,EFA; XPHB,classic-or-other; one,10,data/class/class-artificer.json,/classFeature/0/entries/1/entries/4/name,Spellcasting: nested named block,,,pending,,0.50,
Channel Divinity: Consuming Fervor,named-rule-block,Cleric,Zeal (PSA),PSA,classic-or-other,1,data/class/class-cleric.json,/subclassFeature/171/_copy/name,Channel Divinity: Consuming Fervor: nested named block,,,pending,,0.50,
Channel Divinity: Feat of Strength,named-rule-block,Cleric,Strength (PSA),PSA,classic-or-other,1,data/class/class-cleric.json,/subclassFeature/169/_copy/name,Channel Divinity: Feat of Strength: nested named block,,,pending,,0.50,
Charge Magic Item,named-rule-block,Artificer,,EFA,classic-or-other,1,data/class/class-artificer.json,/classFeature/6/entries/1/entries/0/name,Magic Item Tinker: nested named block,,,pending,,0.50,
Charges,named-rule-block,Rogue,Thief,XPHB,one,1,data/class/class-rogue.json,/subclassFeature/98/entries/2/name,Use Magic Device: nested named block,,,pending,,0.50,
Charismatic,named-rule-block,Paladin,Glory,XPHB,one,1,data/class/class-paladin.json,/subclassFeature/109/entries/1/name,Living Legend: nested named block,,,pending,,0.50,
Cheat Death,named-rule-block,Artificer,,EFA,classic-or-other,1,data/class/class-artificer.json,/classFeature/18/entries/1/entries/0/name,Soul of Artifice: nested named block,,,pending,,0.50,
Chemical Resistance,named-rule-block,Artificer,Alchemist,EFA,classic-or-other,1,data/class/class-artificer.json,/subclassFeature/6/entries/2/name,Chemical Mastery: nested named block,,,pending,,0.50,
Claws,named-rule-block,Barbarian,Beast,TCE,classic-or-other,1,data/class/class-barbarian.json,/subclassFeature/39/entries/3/items/1/name,Form of the Beast: nested named block,,,pending,,0.50,
Clench of the North Wind (6th Level Required),named-rule-block,Monk,Four Elements,PHB,classic-or-other,1,data/class/class-monk.json,/subclassFeature/8/entries/1/entries/1/name,Elemental Disciplines: nested named block,,,pending,,0.50,
Climber,named-rule-block,Rogue,Thief,XPHB,one,1,data/class/class-rogue.json,/subclassFeature/95/entries/1/entries/0/name,Second-Story Work: nested named block,,,pending,,0.50,
Combining Psionic Effects,named-rule-block,Mystic,,UATheMysticClass,classic-or-other,1,data/class/class-mystic.json,/classFeature/3/entries/8/name,Using a Discipline: nested named block,,,pending,,0.50,
Components,named-rule-block,Mystic,,UATheMysticClass,classic-or-other,1,data/class/class-mystic.json,/classFeature/3/entries/4/name,Using a Discipline: nested named block,,,pending,,0.50,
Comprehension,named-rule-block,Fighter,Banneret,FRHoF,classic-or-other,1,data/class/class-fighter.json,/subclassFeature/91/entries/1/name,Knightly Envoy: nested named block,,,pending,,0.50,
Conjured Cauldron,named-rule-block,Artificer,Alchemist,EFA,classic-or-other,1,data/class/class-artificer.json,/subclassFeature/6/entries/3/name,Chemical Mastery: nested named block,,,pending,,0.50,
Controlled Channeling,named-rule-block,Bard,Spirits,RHW,classic-or-other,1,data/class/class-bard.json,/subclassFeature/53/entries/1/name,Spirits from Beyond: nested named block,,,pending,,0.50,
Converting a Spell Slot to Sorcery Points,named-rule-block,Sorcerer,,PHB,classic-or-other,1,data/class/class-sorcerer.json,/classFeature/2/entries/2/name,Flexible Casting: nested named block,,,pending,,0.50,
Converting Spell Slots to Sorcery Points,named-rule-block,Sorcerer,,XPHB,one,1,data/class/class-sorcerer.json,/classFeature/22/entries/3/entries/0/name,Font of Magic: nested named block,,,pending,,0.50,
Copying a Spell into the Book,named-rule-block,Wizard,,PHB; XPHB,classic-or-other; one,2,data/class/class-wizard.json,/classFeature/1/entries/8/entries/2/entries/0/name,Spellcasting: nested named block,,,pending,,0.50,
Copying the Book,named-rule-block,Wizard,,XPHB,one,1,data/class/class-wizard.json,/classFeature/16/entries/1/entries/7/entries/2/name,Spellcasting: nested named block,,,pending,,0.50,
Crafting More Magic Items,named-rule-block,Artificer,,EFA,classic-or-other,1,data/class/class-artificer.json,/classFeature/2/entries/1/entries/4/name,Replicate Magic Item: nested named block,,,pending,,0.50,
Creating Additional Elixirs,named-rule-block,Artificer,Alchemist,EFA,classic-or-other,1,data/class/class-artificer.json,/subclassFeature/2/entries/2/name,Experimental Elixir: nested named block,,,pending,,0.50,
Creating an Item,named-rule-block,Artificer,,EFA,classic-or-other,1,data/class/class-artificer.json,/classFeature/2/entries/1/entries/1/name,Replicate Magic Item: nested named block,,,pending,,0.50,
Creating Spell Slots,named-rule-block,Sorcerer,,PHB; XPHB,classic-or-other; one,2,data/class/class-sorcerer.json,/classFeature/2/entries/1/name,Flexible Casting: nested named block,,,pending,,0.50,
Crescent Moon,named-rule-block,Sorcerer,Lunar,DSotDQ,classic-or-other,3,data/class/class-sorcerer.json,/subclassFeature/3/entries/2/items/2/name,Lunar Boons: nested named block,,,pending,,0.50,
Crushing Throw,named-rule-block,Barbarian,Giant,BGG,classic-or-other,1,data/class/class-barbarian.json,/subclassFeature/1/entries/2/items/0/name,Giant's Havoc: nested named block,,,pending,,0.50,
Cutthroat,named-rule-block,Rogue,Scion of the Three,FRHoF,classic-or-other,1,data/class/class-rogue.json,/subclassFeature/64/entries/1/name,Dread Incarnate: nested named block,,,pending,,0.50,
Damage Resistance,named-rule-block,Barbarian; Monk,Elements,XPHB,one,2,data/class/class-barbarian.json,/classFeature/25/entries/3/entries/0/name,Rage: nested named block,,,pending,,0.50,
Dampening Field,named-rule-block,Artificer,Armorer,EFA,classic-or-other,1,data/class/class-artificer.json,/subclassFeature/13/entries/1/items/2/name,Infiltrator: nested named block,,,pending,,0.50,
Darkvision,named-rule-block,Wizard,Divination; Diviner,PHB; XPHB,classic-or-other; one,2,data/class/class-wizard.json,/subclassFeature/27/entries/1/entries/0/name,The Third Eye: nested named block,,,pending,,0.50,
Death's Knell,named-rule-block,Rogue,Phantom,RHW,classic-or-other,1,data/class/class-rogue.json,/subclassFeature/68/entries/2/entries/1/items/0/name,Tokens of the Departed: nested named block,,,pending,,0.50,
Death's Lament,named-rule-block,Rogue,Phantom,RHW,classic-or-other,1,data/class/class-rogue.json,/subclassFeature/71/entries/1/name,Death's Friend: nested named block,,,pending,,0.50,
Decrease Exhaustion,named-rule-block,Ranger,,XPHB,one,1,data/class/class-ranger.json,/classFeature/43/entries/1/entries/1/name,Tireless: nested named block,,,pending,,0.50,
Defender,named-rule-block,Warrior Sidekick,,TCE,classic-or-other,1,data/class/class-sidekick.json,/classFeature/30/entries/2/items/1/name,Martial Role: nested named block,,,pending,,0.50,
Defense,named-rule-block,Bard,Valor,XPHB,one,1,data/class/class-bard.json,/subclassFeature/76/entries/1/name,Combat Inspiration: nested named block,,,pending,,0.50,
Defensive Field,named-rule-block,Artificer,Armorer,EFA,classic-or-other,1,data/class/class-artificer.json,/subclassFeature/12/entries/2/name,Guardian: nested named block,,,pending,,0.50,
Deflect Energy,named-rule-block,Monk,Astral Self,TCE,classic-or-other,1,data/class/class-monk.json,/subclassFeature/31/entries/3/name,Body of the Astral Self: nested named block,,,pending,,0.50,
Destructive Energy,named-rule-block,Artificer,Battle Smith,EFA,classic-or-other,1,data/class/class-artificer.json,/subclassFeature/31/entries/1/items/0/name,Arcane Jolt: nested named block,,,pending,,0.50,
Destructive Stride,named-rule-block,Monk,Elements,XPHB,one,1,data/class/class-monk.json,/subclassFeature/65/entries/2/name,Elemental Epitome: nested named block,,,pending,,0.50,
Detonate,named-rule-block,Artificer,Artillerist,EFA,classic-or-other,1,data/class/class-artificer.json,/subclassFeature/23/entries/1/name,Explosive Cannon: nested named block,,,pending,,0.50,
Diminish Defiance,named-rule-block,Paladin,Ancients,XPHB,one,1,data/class/class-paladin.json,/subclassFeature/96/entries/1/name,Elder Champion: nested named block,,,pending,,0.50,
Disappearing Step,named-rule-block,Warlock,Archfey,XPHB,one,1,data/class/class-warlock.json,/subclassFeature/69/entries/2/entries/0/name,Misty Escape: nested named block,,,pending,,0.50,
Discipline,named-rule-block,Mystic; Paladin,Watchers,TCE; UATheMysticClass,classic-or-other,3,data/class/class-mystic.json,/classFeature/2/entries/6/entries/1/name,Psionics: nested named block,,,pending,,0.50,
Discipline the Soul,named-rule-block,Paladin,Glory,TCE,classic-or-other,1,data/class/class-paladin.json,/subclassFeature/47/entries/4/name,Tenets of Glory: nested named block,,,pending,,0.50,
Dispel,named-rule-block,Sorcerer,Clockwork,XPHB,one,1,data/class/class-sorcerer.json,/subclassFeature/91/entries/1/entries/2/name,Clockwork Cavalcade: nested named block,,,pending,,0.50,
Distract,named-rule-block,Cleric,Trickery,XPHB,one,1,data/class/class-cleric.json,/subclassFeature/205/entries/2/name,Invoke Duplicity: nested named block,,,pending,,0.50,
Double Firepower,named-rule-block,Artificer,Artillerist,EFA,classic-or-other,1,data/class/class-artificer.json,/subclassFeature/24/entries/1/name,Fortified Position: nested named block,,,pending,,0.50,
Draconic Strike,named-rule-block,Monk,Ascendant Dragon,FTD,classic-or-other,1,data/class/class-monk.json,/subclassFeature/2/entries/2/items/1/name,Draconic Disciple: nested named block,,,pending,,0.50,
Drain Magic Item,named-rule-block,Artificer,,EFA,classic-or-other,1,data/class/class-artificer.json,/classFeature/6/entries/1/entries/1/name,Magic Item Tinker: nested named block,,,pending,,0.50,
Drake Mount,named-rule-block,Ranger,Drakewarden,FTD,classic-or-other,1,data/class/class-ranger.json,/subclassFeature/3/entries/3/items/0/name,Bond of Fang and Scale: nested named block,,,pending,,0.50,
Draw of Death,named-rule-block,Rogue,Phantom,RHW,classic-or-other,1,data/class/class-rogue.json,/subclassFeature/71/entries/2/name,Death's Friend: nested named block,,,pending,,0.50,
Dread Resistance,named-rule-block,Warlock,Undead,RHW,classic-or-other,1,data/class/class-warlock.json,/subclassFeature/59/entries/1/name,Superior Dread: nested named block,,,pending,,0.50,
Dreaded Necrosis,named-rule-block,Warlock,Undead,RHW,classic-or-other,1,data/class/class-warlock.json,/subclassFeature/57/entries/2/name,Grave Touched: nested named block,,,pending,,0.50,
Dreadful Step,named-rule-block,Warlock,Archfey,XPHB,one,1,data/class/class-warlock.json,/subclassFeature/69/entries/2/entries/1/name,Misty Escape: nested named block,,,pending,,0.50,
Dreadful Strike,named-rule-block,Ranger,Gloom Stalker,XPHB,one,1,data/class/class-ranger.json,/subclassFeature/87/entries/2/name,Dread Ambusher: nested named block,,,pending,,0.50,
Dreadnaught,named-rule-block,Artificer,Armorer,EFA,classic-or-other,1,data/class/class-artificer.json,/subclassFeature/17/entries/1/name,Perfected Armor: nested named block,,,pending,,0.50,
Drinking an Elixir,named-rule-block,Artificer,Alchemist,EFA,classic-or-other,1,data/class/class-artificer.json,/subclassFeature/2/entries/1/name,Experimental Elixir: nested named block,,,pending,,0.50,
Duration,named-rule-block,Artificer; Barbarian; Mystic,,EFA; UATheMysticClass; XPHB,classic-or-other; one,3,data/class/class-artificer.json,/classFeature/2/entries/1/entries/2/name,Replicate Magic Item: nested named block,,,pending,,0.50,
Effect Options and Psi Points,named-rule-block,Mystic,,UATheMysticClass,classic-or-other,1,data/class/class-mystic.json,/classFeature/3/entries/3/name,Using a Discipline: nested named block,,,pending,,0.50,
Elemental Strikes,named-rule-block,Monk,Elements,XPHB,one,1,data/class/class-monk.json,/subclassFeature/60/entries/1/entries/1/name,Elemental Attunement: nested named block,,,pending,,0.50,
Empowered Arms,named-rule-block,Monk,Astral Self,TCE,classic-or-other,1,data/class/class-monk.json,/subclassFeature/31/entries/4/name,Body of the Astral Self: nested named block,,,pending,,0.50,
Empowered Bite,named-rule-block,Ranger,Drakewarden,FTD,classic-or-other,1,data/class/class-ranger.json,/subclassFeature/5/entries/2/items/0/name,Perfected Bond: nested named block,,,pending,,0.50,
Empowered Strikes,named-rule-block,Monk,Elements,XPHB,one,1,data/class/class-monk.json,/subclassFeature/65/entries/3/name,Elemental Epitome: nested named block,,,pending,,0.50,
Enhanced Necromancy,named-rule-block,Cleric,Grave,RHW,classic-or-other,1,data/class/class-cleric.json,/subclassFeature/178/entries/1/name,Divine Reaper: nested named block,,,pending,,0.50,
Eternal Mountain Defense (17th Level Required),named-rule-block,Monk,Four Elements,PHB,classic-or-other,1,data/class/class-monk.json,/subclassFeature/8/entries/1/entries/3/name,Elemental Disciplines: nested named block,,,pending,,0.50,
Ethereal Sight,named-rule-block,Wizard,Divination,PHB,classic-or-other,1,data/class/class-wizard.json,/subclassFeature/27/entries/1/entries/1/name,The Third Eye: nested named block,,,pending,,0.50,
Evergreen Wild Shape,named-rule-block,Druid,,XPHB,one,1,data/class/class-druid.json,/classFeature/41/entries/1/entries/0/name,Archdruid: nested named block,,,pending,,0.50,
Expanding and Replacing a Spellbook,named-rule-block,Wizard,,XPHB,one,1,data/class/class-wizard.json,/classFeature/16/entries/1/entries/7/name,Spellcasting: nested named block,,,pending,,0.50,
Explosive Fury,named-rule-block,Monk,Ascendant Dragon,FTD,classic-or-other,1,data/class/class-monk.json,/subclassFeature/5/entries/2/items/2/name,Ascendant Aspect: nested named block,,,pending,,0.50,
Facilitated Revival,named-rule-block,Artificer,Reanimator,RHW,classic-or-other,1,data/class/class-artificer.json,/subclassFeature/48/entries/1/name,Refined Reanimation: nested named block,,,pending,,0.50,
Facsimile of Life,named-rule-block,Warlock,Undead,RHW,classic-or-other,1,data/class/class-warlock.json,/subclassFeature/55/entries/1/name,Form of Dread: nested named block,,,pending,,0.50,
Falcon,named-rule-block,Barbarian,Wild Heart,XPHB,one,1,data/class/class-barbarian.json,/subclassFeature/84/entries/1/name,Power of the Wilds: nested named block,,,pending,,0.50,
Fearless Form,named-rule-block,Warlock,Undead,RHW,classic-or-other,1,data/class/class-warlock.json,/subclassFeature/55/entries/2/name,Form of Dread: nested named block,,,pending,,0.50,
Ferocity,named-rule-block,Artificer,Reanimator,RHW,classic-or-other,1,data/class/class-artificer.json,/subclassFeature/45/entries/2/name,Strange Modifications: nested named block,,,pending,,0.50,
Firepower,named-rule-block,Artificer,Artillerist,EFA,classic-or-other,1,data/class/class-artificer.json,/subclassFeature/23/entries/2/name,Explosive Cannon: nested named block,,,pending,,0.50,
Flames of the Phoenix (11th Level Required),named-rule-block,Monk,Four Elements,PHB,classic-or-other,1,data/class/class-monk.json,/subclassFeature/8/entries/1/entries/7/name,Elemental Disciplines: nested named block,,,pending,,0.50,
Flight,named-rule-block,Barbarian; Druid; Paladin; Rogue; Sorcerer,Noble Genies; Phantom; Sea; Spellfire; Vengeance; Zealot,FRHoF; RHW; XPHB,classic-or-other; one,6,data/class/class-barbarian.json,/subclassFeature/95/entries/2/name,Rage of the Gods: nested named block,,,pending,,0.50,
Focus,named-rule-block,Wizard,Bladesinger,FRHoF,classic-or-other,1,data/class/class-wizard.json,/subclassFeature/81/entries/5/name,Bladesong: nested named block,,,pending,,0.50,
Focus Point,named-rule-block,Monk,Elements; Mercy; Open Hand; Shadow,XPHB,one,16,data/class/class-monk.json,/classFeature/39/consumes/name,Flurry of Blows: nested named block,,,pending,,0.50,
Force Demolisher,named-rule-block,Artificer,Armorer,EFA,classic-or-other,1,data/class/class-artificer.json,/subclassFeature/11/entries/1/items/0/name,Dreadnaught: nested named block,,,pending,,0.50,
Forceful Blow,named-rule-block,Barbarian,,XPHB,one,1,data/class/class-barbarian.json,/classFeature/39/entries/1/entries/0/name,Brutal Strike: nested named block,,,pending,,0.50,
Frightful Aura,named-rule-block,Paladin,Vengeance,XPHB,one,1,data/class/class-paladin.json,/subclassFeature/115/entries/2/name,Avenging Angel: nested named block,,,pending,,0.50,
Frightful Avatar,named-rule-block,Warlock,Undead,RHW,classic-or-other,1,data/class/class-warlock.json,/subclassFeature/55/entries/3/name,Form of Dread: nested named block,,,pending,,0.50,
Frightful Presence,named-rule-block,Monk,Ascendant Dragon,FTD,classic-or-other,1,data/class/class-monk.json,/subclassFeature/4/entries/2/items/0/name,Aspect of the Wyrm: nested named block,,,pending,,0.50,
Frost Resistance,named-rule-block,Ranger,Winter Walker,FRHoF,classic-or-other,1,data/class/class-ranger.json,/subclassFeature/62/entries/2/name,Frigid Explorer: nested named block,,,pending,,0.50,
Frozen Soul,named-rule-block,Ranger,Winter Walker,FRHoF,classic-or-other,1,data/class/class-ranger.json,/subclassFeature/68/entries/1/name,Frozen Haunt: nested named block,,,pending,,0.50,
Full Moon,named-rule-block,Sorcerer,Lunar,DSotDQ,classic-or-other,3,data/class/class-sorcerer.json,/subclassFeature/3/entries/2/items/0/name,Lunar Boons: nested named block,,,pending,,0.50,
Gaining Additional Soul Trinkets,named-rule-block,Rogue,Phantom,RHW,classic-or-other,1,data/class/class-rogue.json,/subclassFeature/68/entries/3/name,Tokens of the Departed: nested named block,,,pending,,0.50,
Game Statistics,named-rule-block,Druid,,XPHB,one,1,data/class/class-druid.json,/classFeature/25/entries/1/entries/3/entries/1/items/1/name,Wild Shape: nested named block,,,pending,,0.50,
Gaunt,named-rule-block,Artificer,Reanimator,RHW,classic-or-other,1,data/class/class-artificer.json,/subclassFeature/47/entries/2/name,Macabre Modifications: nested named block,,,pending,,0.50,
Ghostly Flight,named-rule-block,Warlock,Undead,RHW,classic-or-other,1,data/class/class-warlock.json,/subclassFeature/59/entries/2/name,Superior Dread: nested named block,,,pending,,0.50,
Giant Stature,named-rule-block,Artificer; Barbarian,Armorer; Giant,BGG; EFA,classic-or-other,2,data/class/class-artificer.json,/subclassFeature/11/entries/1/items/1/name,Dreadnaught: nested named block,,,pending,,0.50,
Glistening Flight,named-rule-block,Sorcerer,Aberrant,XPHB,one,1,data/class/class-sorcerer.json,/subclassFeature/84/entries/1/entries/1/name,Revelation in Flesh: nested named block,,,pending,,0.50,
Gong of the Summit (6th Level Required),named-rule-block,Monk,Four Elements,PHB,classic-or-other,1,data/class/class-monk.json,/subclassFeature/8/entries/1/entries/8/name,Elemental Disciplines: nested named block,,,pending,,0.50,
Greater Comprehension,named-rule-block,Wizard,Divination; Diviner,PHB; XPHB,classic-or-other; one,2,data/class/class-wizard.json,/subclassFeature/27/entries/1/entries/2/name,The Third Eye: nested named block,,,pending,,0.50,
Hamstring Blow,named-rule-block,Barbarian,,XPHB,one,1,data/class/class-barbarian.json,/classFeature/39/entries/1/entries/1/name,Brutal Strike: nested named block,,,pending,,0.50,
Hazy Form,named-rule-block,Rogue,Phantom,RHW,classic-or-other,1,data/class/class-rogue.json,/subclassFeature/70/entries/2/name,Ghost Walk: nested named block,,,pending,,0.50,
Heal,named-rule-block,Sorcerer,Clockwork,XPHB,one,1,data/class/class-sorcerer.json,/subclassFeature/91/entries/1/entries/0/name,Clockwork Cavalcade: nested named block,,,pending,,0.50,
Healing Illusion,named-rule-block,Cleric,Trickery,XPHB,one,1,data/class/class-cleric.json,/subclassFeature/208/entries/1/entries/1/name,Improved Duplicity: nested named block,,,pending,,0.50,
Heroic Rally,named-rule-block,Fighter,Champion,XPHB,one,1,data/class/class-fighter.json,/subclassFeature/110/entries/2/name,Survivor: nested named block,,,pending,,0.50,
Hill Rune (7th Level or Higher),named-rule-block,Fighter,Rune Knight,TCE,classic-or-other,1,data/class/class-fighter.json,/subclassFeature/55/entries/5/entries/4/name,Rune Carver: nested named block,,,pending,,0.50,
Holy Ward,named-rule-block,Paladin,Devotion,XPHB,one,1,data/class/class-paladin.json,/subclassFeature/102/entries/1/name,Holy Nimbus: nested named block,,,pending,,0.50,
Hone the Body,named-rule-block,Paladin,Glory,TCE,classic-or-other,1,data/class/class-paladin.json,/subclassFeature/47/entries/3/name,Tenets of Glory: nested named block,,,pending,,0.50,
Illuminated Cartography,named-rule-block,Artificer,Cartographer,EFA,classic-or-other,1,data/class/class-artificer.json,/subclassFeature/36/entries/1/name,Mapping Magic: nested named block,,,pending,,0.50,
Improved Arsenal,named-rule-block,Artificer,Armorer,EFA,classic-or-other,1,data/class/class-artificer.json,/subclassFeature/16/entries/2/name,Improved Armorer: nested named block,,,pending,,0.50,
Improved Deflection,named-rule-block,Artificer,Battle Smith,EFA,classic-or-other,1,data/class/class-artificer.json,/subclassFeature/32/entries/2/name,Improved Defender: nested named block,,,pending,,0.50,
Improved Jolt,named-rule-block,Artificer,Battle Smith,EFA,classic-or-other,1,data/class/class-artificer.json,/subclassFeature/32/entries/1/name,Improved Defender: nested named block,,,pending,,0.50,
Improved Lunar Radiance,named-rule-block,Druid,Moon,XPHB,one,1,data/class/class-druid.json,/subclassFeature/64/entries/1/entries/0/name,Lunar Form: nested named block,,,pending,,0.50,
Incorporeal Movement,named-rule-block,Rogue; Sorcerer,Phantom; Shadow,RHW,classic-or-other,2,data/class/class-rogue.json,/subclassFeature/70/entries/3/name,Ghost Walk: nested named block,,,pending,,0.50,
Increased Toughness,named-rule-block,Druid,Moon,XPHB,one,1,data/class/class-druid.json,/subclassFeature/62/entries/1/entries/1/name,Improved Circle Forms: nested named block,,,pending,,0.50,
Initiative Bonus,named-rule-block,Ranger,Gloom Stalker,XPHB,one,1,data/class/class-ranger.json,/subclassFeature/87/entries/3/name,Dread Ambusher: nested named block,,,pending,,0.50,
Inspired Eclipse,named-rule-block,Bard,Moon,FRHoF,classic-or-other,1,data/class/class-bard.json,/subclassFeature/47/entries/1/name,Moon's Inspiration: nested named block,,,pending,,0.50,
Instantaneous,named-rule-block,Mystic,,UATheMysticClass,classic-or-other,1,data/class/class-mystic.json,/classFeature/3/entries/5/entries/1/name,Using a Discipline: nested named block,,,pending,,0.50,
Invisibility,named-rule-block,Monk,Shadow,XPHB,one,1,data/class/class-monk.json,/subclassFeature/85/entries/1/name,Cloak of Shadows: nested named block,,,pending,,0.50,
It's Your Swarm,named-rule-block,Ranger,Swarmkeeper,TCE,classic-or-other,1,data/class/class-ranger.json,/subclassFeature/36/entries/5/name,Gathered Swarm: nested named block,,,pending,,0.50,
Jolt to Life,named-rule-block,Artificer,Reanimator,RHW,classic-or-other,1,data/class/class-artificer.json,/subclassFeature/44/entries/1/name,Reanimator's Skill Set: nested named block,,,pending,,0.50,
Jumper,named-rule-block,Rogue,Thief,XPHB,one,1,data/class/class-rogue.json,/subclassFeature/95/entries/1/entries/1/name,Second-Story Work: nested named block,,,pending,,0.50,
Known Forms,named-rule-block,Druid,,XPHB,one,1,data/class/class-druid.json,/classFeature/25/entries/1/entries/1/name,Wild Shape: nested named block,,,pending,,0.50,
Languages,named-rule-block,Ranger,,XPHB,one,1,data/class/class-ranger.json,/classFeature/34/entries/1/entries/1/name,Deft Explorer: nested named block,,,pending,,0.50,
Large Drake,named-rule-block,Ranger,Drakewarden,FTD,classic-or-other,1,data/class/class-ranger.json,/subclassFeature/5/entries/2/items/1/name,Perfected Bond: nested named block,,,pending,,0.50,
Learning Spells of 1st Level and Higher,named-rule-block,Wizard,,PHB,classic-or-other,1,data/class/class-wizard.json,/classFeature/1/entries/7/name,Spellcasting: nested named block,,,pending,,0.50,
Life Essence,named-rule-block,Rogue,Phantom,RHW,classic-or-other,1,data/class/class-rogue.json,/subclassFeature/68/entries/2/entries/1/items/1/name,Tokens of the Departed: nested named block,,,pending,,0.50,
Life Transfer,named-rule-block,Artificer,Reanimator,RHW,classic-or-other,1,data/class/class-artificer.json,/subclassFeature/48/entries/2/name,Refined Reanimation: nested named block,,,pending,,0.50,
Life-Giving Force,named-rule-block,Barbarian,World Tree,XPHB,one,1,data/class/class-barbarian.json,/subclassFeature/86/entries/1/entries/1/name,Vitality of the Tree: nested named block,,,pending,,0.50,
Lightning Launcher,named-rule-block,Artificer,Armorer,EFA,classic-or-other,1,data/class/class-artificer.json,/subclassFeature/13/entries/1/items/0/name,Infiltrator: nested named block,,,pending,,0.50,
Lion,named-rule-block,Barbarian,Wild Heart,XPHB,one,1,data/class/class-barbarian.json,/subclassFeature/84/entries/2/name,Power of the Wilds: nested named block,,,pending,,0.50,
Longevity,named-rule-block,Druid,,XPHB,one,1,data/class/class-druid.json,/classFeature/41/entries/1/entries/2/name,Archdruid: nested named block,,,pending,,0.50,
Lunar Radiance,named-rule-block,Druid,Moon,XPHB,one,1,data/class/class-druid.json,/subclassFeature/62/entries/1/entries/0/name,Improved Circle Forms: nested named block,,,pending,,0.50,
Lunar Sorcery,named-rule-block,Sorcerer,Lunar,DSotDQ,classic-or-other,1,data/class/class-sorcerer.json,/subclassFeature/56/_copy/name,Lunar Sorcery: nested named block,,,pending,,0.50,
Lunar Vitality,named-rule-block,Bard,Moon,FRHoF,classic-or-other,1,data/class/class-bard.json,/subclassFeature/47/entries/2/name,Moon's Inspiration: nested named block,,,pending,,0.50,
Magic Fang,named-rule-block,Ranger,Drakewarden,FTD,classic-or-other,1,data/class/class-ranger.json,/subclassFeature/3/entries/3/items/1/name,Bond of Fang and Scale: nested named block,,,pending,,0.50,
Mass Fear,named-rule-block,Ranger,Gloom Stalker,XPHB,one,1,data/class/class-ranger.json,/subclassFeature/92/entries/2/name,Stalker's Flurry: nested named block,,,pending,,0.50,
Masterful Mimicry,named-rule-block,Rogue,Assassin,XPHB,one,1,data/class/class-rogue.json,/subclassFeature/81/entries/1/entries/0/name,Infiltration Expertise: nested named block,,,pending,,0.50,
Menacing Aura,named-rule-block,Ranger,Hollow Warden,RHW,classic-or-other,1,data/class/class-ranger.json,/subclassFeature/73/entries/1/name,Rot and Violence: nested named block,,,pending,,0.50,
Minor Wish,named-rule-block,Paladin,Noble Genies,FRHoF,classic-or-other,1,data/class/class-paladin.json,/subclassFeature/90/entries/2/name,Noble Scion: nested named block,,,pending,,0.50,
Mist Stance (11th Level Required),named-rule-block,Monk,Four Elements,PHB,classic-or-other,1,data/class/class-monk.json,/subclassFeature/8/entries/1/entries/9/name,Elemental Disciplines: nested named block,,,pending,,0.50,
Moist,named-rule-block,Artificer,Reanimator,RHW,classic-or-other,1,data/class/class-artificer.json,/subclassFeature/47/entries/3/name,Macabre Modifications: nested named block,,,pending,,0.50,
Move,named-rule-block,Cleric; Fighter,Banneret; Trickery,FRHoF; XPHB,classic-or-other; one,2,data/class/class-cleric.json,/subclassFeature/205/entries/3/name,Invoke Duplicity: nested named block,,,pending,,0.50,
Murderous Intent,named-rule-block,Rogue,Scion of the Three,FRHoF,classic-or-other,1,data/class/class-rogue.json,/subclassFeature/64/entries/2/name,Dread Incarnate: nested named block,,,pending,,0.50,
Nature Magician,named-rule-block,Druid,,XPHB,one,1,data/class/class-druid.json,/classFeature/41/entries/1/entries/1/name,Archdruid: nested named block,,,pending,,0.50,
Necrotic Resilience,named-rule-block,Warlock,Undead,RHW,classic-or-other,1,data/class/class-warlock.json,/subclassFeature/58/entries/1/name,Necrotic Husk: nested named block,,,pending,,0.50,
New Moon,named-rule-block,Sorcerer,Lunar,DSotDQ,classic-or-other,3,data/class/class-sorcerer.json,/subclassFeature/3/entries/2/items/1/name,Lunar Boons: nested named block,,,pending,,0.50,
No Concentration or Spells,named-rule-block,Barbarian,,XPHB,one,1,data/class/class-barbarian.json,/classFeature/25/entries/3/entries/3/name,Rage: nested named block,,,pending,,0.50,
No Spellcasting,named-rule-block,Druid,,XPHB,one,1,data/class/class-druid.json,/classFeature/25/entries/1/entries/3/entries/1/items/2/name,Wild Shape: nested named block,,,pending,,0.50,
No Strength Requirement,named-rule-block,Artificer,Armorer,EFA,classic-or-other,1,data/class/class-artificer.json,/subclassFeature/7/entries/2/name,Arcane Armor: nested named block,,,pending,,0.50,
Number of Uses,named-rule-block,Bard; Druid,,XPHB,one,2,data/class/class-bard.json,/classFeature/28/entries/1/entries/1/name,Bardic Inspiration: nested named block,,,pending,,0.50,
Object Reading,named-rule-block,Cleric,Knowledge,PHB,classic-or-other,1,data/class/class-cleric.json,/subclassFeature/14/entries/2/entries/0/name,Visions of the Past: nested named block,,,pending,,0.50,
Objects,named-rule-block,Druid,,XPHB,one,1,data/class/class-druid.json,/classFeature/25/entries/1/entries/3/entries/1/items/3/name,Wild Shape: nested named block,,,pending,,0.50,
Offense,named-rule-block,Bard,Valor,XPHB,one,1,data/class/class-bard.json,/subclassFeature/76/entries/2/name,Combat Inspiration: nested named block,,,pending,,0.50,
Ominous Strikes,named-rule-block,Ranger,Hollow Warden,RHW,classic-or-other,1,data/class/class-ranger.json,/subclassFeature/74/entries/1/name,Ancient Might: nested named block,,,pending,,0.50,
Owl,named-rule-block,Barbarian,Wild Heart,XPHB,one,1,data/class/class-barbarian.json,/subclassFeature/82/entries/1/name,Aspect of the Wilds: nested named block,,,pending,,0.50,
Panther,named-rule-block,Barbarian,Wild Heart,XPHB,one,1,data/class/class-barbarian.json,/subclassFeature/82/entries/2/name,Aspect of the Wilds: nested named block,,,pending,,0.50,
Partially Incorporeal,named-rule-block,Monk; Ranger,Shadow; Winter Walker,FRHoF; XPHB,classic-or-other; one,2,data/class/class-monk.json,/subclassFeature/85/entries/2/name,Cloak of Shadows: nested named block,,,pending,,0.50,
Persistent Wrath,named-rule-block,Ranger,Hollow Warden,RHW,classic-or-other,1,data/class/class-ranger.json,/subclassFeature/74/entries/2/name,Ancient Might: nested named block,,,pending,,0.50,
Plans Known,named-rule-block,Artificer,,EFA,classic-or-other,1,data/class/class-artificer.json,/classFeature/2/entries/1/entries/0/name,Replicate Magic Item: nested named block,,,pending,,0.50,
Polar Strikes,named-rule-block,Ranger,Winter Walker,FRHoF,classic-or-other,1,data/class/class-ranger.json,/subclassFeature/62/entries/3/name,Frigid Explorer: nested named block,,,pending,,0.50,
Polyglot,named-rule-block,Fighter,Banneret,FRHoF,classic-or-other,1,data/class/class-fighter.json,/subclassFeature/91/entries/2/name,Knightly Envoy: nested named block,,,pending,,0.50,
Portal Jump,named-rule-block,Artificer,Cartographer,EFA,classic-or-other,1,data/class/class-artificer.json,/subclassFeature/36/entries/2/name,Mapping Magic: nested named block,,,pending,,0.50,
Positioning,named-rule-block,Artificer,Cartographer,EFA,classic-or-other,1,data/class/class-artificer.json,/subclassFeature/33/entries/3/name,Adventurer's Atlas: nested named block,,,pending,,0.50,
Potion Crafting,named-rule-block,Artificer,Alchemist,EFA,classic-or-other,1,data/class/class-artificer.json,/subclassFeature/3/entries/2/name,Tools of the Trade: nested named block,,,pending,,0.50,
Power from Beyond,named-rule-block,Bard,Spirits,RHW,classic-or-other,1,data/class/class-bard.json,/subclassFeature/54/entries/1/name,Empowered Channeling: nested named block,,,pending,,0.50,
Powered Steps,named-rule-block,Artificer,Armorer,EFA,classic-or-other,1,data/class/class-artificer.json,/subclassFeature/13/entries/1/items/1/name,Infiltrator: nested named block,,,pending,,0.50,
Prepared Spells of 1st+ Level,named-rule-block,Rogue,Arcane Trickster,XPHB,one,1,data/class/class-rogue.json,/subclassFeature/74/entries/3/name,Spellcasting: nested named block,,,pending,,0.50,
Prepared Spells of Level 1+,named-rule-block,Artificer; Bard; Cleric; Druid; Fighter; Paladin; Ranger; Sorcerer; Warlock; Wizard,Eldritch Knight,EFA; XPHB,classic-or-other; one,10,data/class/class-artificer.json,/classFeature/0/entries/1/entries/3/name,Spellcasting: nested named block,,,pending,,0.50,
Prerequisites,named-rule-block,Warlock,,XPHB,one,1,data/class/class-warlock.json,/classFeature/19/entries/1/entries/0/name,Eldritch Invocations: nested named block,,,pending,,0.50,
Profane Casting,named-rule-block,Warlock,Undead,RHW,classic-or-other,1,data/class/class-warlock.json,/subclassFeature/59/entries/3/name,Superior Dread: nested named block,,,pending,,0.50,
Prowling Retribution,named-rule-block,Ranger,Hollow Warden,RHW,classic-or-other,1,data/class/class-ranger.json,/subclassFeature/71/entries/2/name,Wrath of the Wild: nested named block,,,pending,,0.50,
Psi Limit,named-rule-block,Mystic,,UATheMysticClass,classic-or-other,1,data/class/class-mystic.json,/classFeature/2/entries/4/name,Psionics: nested named block,,,pending,,0.50,
Psi Points,named-rule-block,Mystic,,UATheMysticClass,classic-or-other,1,data/class/class-mystic.json,/classFeature/2/entries/3/name,Psionics: nested named block,,,pending,,0.50,
Psionic Ability,named-rule-block,Mystic,,UATheMysticClass,classic-or-other,1,data/class/class-mystic.json,/classFeature/2/entries/6/name,Psionics: nested named block,,,pending,,0.50,
Psionic Disciplines,named-rule-block,Mystic,,UATheMysticClass,classic-or-other,1,data/class/class-mystic.json,/classFeature/2/entries/2/name,Psionics: nested named block,,,pending,,0.50,
Psionic Energy Die,named-rule-block,Fighter; Rogue,Psi Warrior; Soulknife,TCE; XPHB,classic-or-other; one,15,data/class/class-fighter.json,/subclassFeature/41/consumes/name,Protective Field: nested named block,,,pending,,0.50,
Psionic Talents,named-rule-block,Mystic,,UATheMysticClass,classic-or-other,1,data/class/class-mystic.json,/classFeature/2/entries/1/name,Psionics: nested named block,,,pending,,0.50,
Psychic Blade,named-rule-block,Rogue,Soulknife,XPHB,one,1,data/class/class-rogue.json,/subclassFeature/86/entries/1/name,Psychic Blades: nested named block,,,pending,,0.50,
Psychic Focus,named-rule-block,Mystic,,UATheMysticClass,classic-or-other,2,data/class/class-mystic.json,/classFeature/2/entries/5/name,Psionics: nested named block,,,pending,,0.50,
Pull of Death,named-rule-block,Cleric,Grave,RHW,classic-or-other,1,data/class/class-cleric.json,/subclassFeature/173/entries/1/name,Circle of Mortality: nested named block,,,pending,,0.50,
Push,named-rule-block,Monk,Open Hand,XPHB,one,1,data/class/class-monk.json,/subclassFeature/73/entries/2/name,Open Hand Technique: nested named block,,,pending,,0.50,
Pyromancer (PSK),named-rule-block,Sorcerer,Pyromancer (PSK),PSK,classic-or-other,1,data/class/class-sorcerer.json,/subclassFeature/67/_copy/name,Pyromancer (PSK): nested named block,,,pending,,0.50,
Quick Don and Doff,named-rule-block,Artificer,Armorer,EFA,classic-or-other,1,data/class/class-artificer.json,/subclassFeature/7/entries/3/name,Arcane Armor: nested named block,,,pending,,0.50,
Radiant Damage,named-rule-block,Paladin,Devotion,XPHB,one,1,data/class/class-paladin.json,/subclassFeature/102/entries/2/name,Holy Nimbus: nested named block,,,pending,,0.50,
Rage Damage,named-rule-block,Barbarian,,XPHB,one,1,data/class/class-barbarian.json,/classFeature/25/entries/3/entries/1/name,Rage: nested named block,,,pending,,0.50,
Ram,named-rule-block,Barbarian,Wild Heart,XPHB,one,1,data/class/class-barbarian.json,/subclassFeature/84/entries/3/name,Power of the Wilds: nested named block,,,pending,,0.50,
Ranged Weaponry,named-rule-block,Artificer,Artillerist,EFA,classic-or-other,1,data/class/class-artificer.json,/subclassFeature/21/entries/1/name,Tools of the Trade: nested named block,,,pending,,0.50,
Reach,named-rule-block,Monk,Elements,XPHB,one,1,data/class/class-monk.json,/subclassFeature/60/entries/1/entries/0/name,Elemental Attunement: nested named block,,,pending,,0.50,
Reanimator's Tools,named-rule-block,Artificer,Reanimator,RHW,classic-or-other,1,data/class/class-artificer.json,/subclassFeature/44/entries/2/name,Reanimator's Skill Set: nested named block,,,pending,,0.50,
Reflexive Resistance,named-rule-block,Ranger,Drakewarden,FTD,classic-or-other,1,data/class/class-ranger.json,/subclassFeature/5/entries/2/items/2/name,Perfected Bond: nested named block,,,pending,,0.50,
Refreshed Genius,named-rule-block,Artificer,,EFA,classic-or-other,1,data/class/class-artificer.json,/classFeature/13/entries/1/entries/1/name,Advanced Artifice: nested named block,,,pending,,0.50,
Refreshing Step,named-rule-block,Warlock,Archfey,XPHB,one,1,data/class/class-warlock.json,/subclassFeature/68/entries/2/entries/0/name,Steps of the Fey: nested named block,,,pending,,0.50,
Regeneration,named-rule-block,Paladin,Ancients,XPHB,one,1,data/class/class-paladin.json,/subclassFeature/96/entries/2/name,Elder Champion: nested named block,,,pending,,0.50,
Repair,named-rule-block,Sorcerer,Clockwork,XPHB,one,1,data/class/class-sorcerer.json,/subclassFeature/91/entries/1/entries/1/name,Clockwork Cavalcade: nested named block,,,pending,,0.50,
Replacing and Gaining Invocations,named-rule-block,Warlock,,XPHB,one,1,data/class/class-warlock.json,/classFeature/19/entries/1/entries/1/name,Eldritch Invocations: nested named block,,,pending,,0.50,
Replacing the Book,named-rule-block,Wizard,,PHB,classic-or-other,1,data/class/class-wizard.json,/classFeature/1/entries/8/entries/3/entries/0/name,Spellcasting: nested named block,,,pending,,0.50,
Resistance,named-rule-block,Barbarian; Druid; Monk; Ranger,Ascendant Dragon; Drakewarden; Sea; Zealot,FTD; XPHB,classic-or-other; one,4,data/class/class-barbarian.json,/subclassFeature/95/entries/3/name,Rage of the Gods: nested named block,抗性,抗力,conflict,community; legacy zh-TW,0.65,
Restorative Energy,named-rule-block,Artificer,Battle Smith,EFA,classic-or-other,1,data/class/class-artificer.json,/subclassFeature/31/entries/1/items/1/name,Arcane Jolt: nested named block,,,pending,,0.50,
Restoring or Replacing the Beast,named-rule-block,Ranger,Beast Master,XPHB,one,1,data/class/class-ranger.json,/subclassFeature/76/entries/2/entries/1/name,Primal Companion: nested named block,,,pending,,0.50,
Restoring or Replacing the Defender,named-rule-block,Artificer,Battle Smith,EFA,classic-or-other,1,data/class/class-artificer.json,/subclassFeature/28/entries/3/name,Steel Defender: nested named block,,,pending,,0.50,
Return to Life,named-rule-block,Cleric,Grave,RHW,classic-or-other,1,data/class/class-cleric.json,/subclassFeature/173/entries/2/name,Circle of Mortality: nested named block,,,pending,,0.50,
Revivification,named-rule-block,Barbarian,Zealot,XPHB,one,1,data/class/class-barbarian.json,/subclassFeature/95/entries/4/name,Rage of the Gods: nested named block,,,pending,,0.50,
Ride the Wind (11th Level Required),named-rule-block,Monk,Four Elements,PHB,classic-or-other,1,data/class/class-monk.json,/subclassFeature/8/entries/1/entries/10/name,Elemental Disciplines: nested named block,,,pending,,0.50,
River of Hungry Flame (17th Level Required),named-rule-block,Monk,Four Elements,PHB,classic-or-other,1,data/class/class-monk.json,/subclassFeature/8/entries/1/entries/11/name,Elemental Disciplines: nested named block,,,pending,,0.50,
Roving Aim,named-rule-block,Rogue,Assassin,XPHB,one,1,data/class/class-rogue.json,/subclassFeature/81/entries/1/entries/1/name,Infiltration Expertise: nested named block,,,pending,,0.50,
Rules While Shape-Shifted,named-rule-block,Druid,,XPHB,one,1,data/class/class-druid.json,/classFeature/25/entries/1/entries/3/name,Wild Shape: nested named block,,,pending,,0.50,
Safe Haven,named-rule-block,Artificer,Cartographer,EFA,classic-or-other,1,data/class/class-artificer.json,/subclassFeature/40/entries/1/name,Superior Atlas: nested named block,,,pending,,0.50,
Salmon,named-rule-block,Barbarian,Wild Heart,XPHB,one,1,data/class/class-barbarian.json,/subclassFeature/82/entries/3/name,Aspect of the Wilds: nested named block,,,pending,,0.50,
Saving Throw Reroll,named-rule-block,Paladin,Glory,XPHB,one,1,data/class/class-paladin.json,/subclassFeature/109/entries/2/name,Living Legend: nested named block,,,pending,,0.50,
Saving Throws and Attack Rolls,named-rule-block,Mystic,,UATheMysticClass,classic-or-other,1,data/class/class-mystic.json,/classFeature/3/entries/7/name,Using a Discipline: nested named block,,,pending,,0.50,
Scroll Crafting,named-rule-block,Artificer,Cartographer,EFA,classic-or-other,1,data/class/class-artificer.json,/subclassFeature/37/entries/2/name,Tools of the Trade: nested named block,,,pending,,0.50,
Scrolls,named-rule-block,Rogue,Thief,XPHB,one,1,data/class/class-rogue.json,/subclassFeature/98/entries/3/name,Use Magic Device: nested named block,,,pending,,0.50,
See Invisibility,named-rule-block,Wizard,Divination; Diviner,PHB; XPHB,classic-or-other; one,2,data/class/class-wizard.json,/subclassFeature/27/entries/1/entries/3/name,The Third Eye: nested named block,,,pending,,0.50,
See the Invisible,named-rule-block,Sorcerer,Aberrant,XPHB,one,1,data/class/class-sorcerer.json,/subclassFeature/84/entries/1/entries/2/name,Revelation in Flesh: nested named block,,,pending,,0.50,
Shadow Flurry,named-rule-block,Monk,Shadow,XPHB,one,1,data/class/class-monk.json,/subclassFeature/85/entries/3/name,Cloak of Shadows: nested named block,,,pending,,0.50,
Shadow of the New Moon,named-rule-block,Bard,Moon,FRHoF,classic-or-other,1,data/class/class-bard.json,/subclassFeature/50/entries/1/name,Eventide's Splendor: nested named block,,,pending,,0.50,
Shadow Resilience,named-rule-block,Sorcerer,Shadow,RHW,classic-or-other,1,data/class/class-sorcerer.json,/subclassFeature/73/entries/2/name,Umbral Form: nested named block,,,pending,,0.50,
Shared Distraction,named-rule-block,Cleric,Trickery,XPHB,one,1,data/class/class-cleric.json,/subclassFeature/208/entries/1/entries/0/name,Improved Duplicity: nested named block,,,pending,,0.50,
Shared Moonlight,named-rule-block,Druid,Moon,XPHB,one,1,data/class/class-druid.json,/subclassFeature/64/entries/1/entries/1/name,Lunar Form: nested named block,,,pending,,0.50,
Shimmering Field Projection,named-rule-block,Artificer,Artillerist,EFA,classic-or-other,1,data/class/class-artificer.json,/subclassFeature/24/entries/2/name,Fortified Position: nested named block,,,pending,,0.50,
Sleight of Hand,named-rule-block,Rogue,Thief,XPHB,one,1,data/class/class-rogue.json,/subclassFeature/94/entries/1/entries/0/name,Fast Hands: nested named block,巧手,靈巧,conflict,Foundry zh-TW; community,0.65,
Snake,named-rule-block,Wizard,Bladesinging,TCE,classic-or-other,1,data/class/class-wizard.json,/subclassFeature/60/entries/4/name,Bladesinger Styles: nested named block,,,pending,,0.50,
Solidarity Domain (PSA),named-rule-block,Cleric,Solidarity (PSA),PSA,classic-or-other,1,data/class/class-cleric.json,/subclassFeature/168/_copy/name,Solidarity Domain (PSA): nested named block,,,pending,,0.50,
Sorcery Point,named-rule-block,Sorcerer,Aberrant; Clockwork; Clockwork Soul; Divine Soul; Draconic; Lunar; Shadow; Spellfire; Wild; Wild Magic,DSotDQ; FRHoF; PHB; RHW; TCE; XGE; XPHB,classic-or-other; one,18,data/class/class-sorcerer.json,/classFeature/9/consumes/name,Magical Guidance: nested named block,,,pending,,0.50,
Spell,named-rule-block,Artificer; Bard; Cleric; Druid; Fighter; Paladin; Ranger; Rogue; Sorcerer; Spellcaster Sidekick; Warlock; Wizard,Arcane Trickster; Eldritch Knight,PHB; TCE,classic-or-other,24,data/class/class-artificer.json,/classFeature/21/entries/5/entries/1/name,Spellcasting: nested named block,,,pending,,0.50,
Spell Avoidance,named-rule-block,Sorcerer,Spellfire,FRHoF,classic-or-other,1,data/class/class-sorcerer.json,/subclassFeature/64/entries/3/name,Crown of Spellfire: nested named block,,,pending,,0.50,
Spellbook,named-rule-block,Wizard,,PHB; XPHB,classic-or-other; one,2,data/class/class-wizard.json,/classFeature/1/entries/2/name,Spellcasting: nested named block,,,pending,,0.50,
Spells Known of 1st Level and Higher,named-rule-block,Bard; Ranger; Sorcerer; Warlock,,PHB,classic-or-other,4,data/class/class-bard.json,/classFeature/1/entries/3/name,Spellcasting: nested named block,,,pending,,0.50,
Spells Known of 1st-Level and Higher,named-rule-block,Fighter; Rogue,Arcane Trickster; Eldritch Knight,PHB,classic-or-other,2,data/class/class-fighter.json,/subclassFeature/28/entries/3/entries/0/name,Spellcasting: nested named block,,,pending,,0.50,
Spirit Query,named-rule-block,Rogue,Phantom,RHW,classic-or-other,1,data/class/class-rogue.json,/subclassFeature/68/entries/2/entries/1/items/2/name,Tokens of the Departed: nested named block,,,pending,,0.50,
Spiritual Manifestation,named-rule-block,Bard,Spirits,RHW,classic-or-other,1,data/class/class-bard.json,/subclassFeature/54/entries/2/name,Empowered Channeling: nested named block,,,pending,,0.50,
Staggering Blow,named-rule-block,Barbarian,,XPHB,one,1,data/class/class-barbarian.json,/classFeature/43/entries/1/entries/0/name,Improved Brutal Strike: nested named block,,,pending,,0.50,
Stealth Attack (Cost: 1d6),named-rule-block,Rogue,Thief,XPHB,one,1,data/class/class-rogue.json,/subclassFeature/97/entries/1/entries/0/name,Supreme Sneak: nested named block,,,pending,,0.50,
Storm Rune (7th Level or Higher),named-rule-block,Fighter,Rune Knight,TCE,classic-or-other,1,data/class/class-fighter.json,/subclassFeature/55/entries/5/entries/5/name,Rune Carver: nested named block,,,pending,,0.50,
Strangling Roots,named-rule-block,Ranger,Hollow Warden,RHW,classic-or-other,1,data/class/class-ranger.json,/subclassFeature/73/entries/2/name,Rot and Violence: nested named block,,,pending,,0.50,
Strength Advantage,named-rule-block,Barbarian,,XPHB,one,1,data/class/class-barbarian.json,/classFeature/25/entries/3/entries/2/name,Rage: nested named block,,,pending,,0.50,
Strength Domain (PSA),named-rule-block,Cleric,Strength (PSA),PSA,classic-or-other,1,data/class/class-cleric.json,/subclassFeature/170/_copy/name,Strength Domain (PSA): nested named block,,,pending,,0.50,
Sundering Blow,named-rule-block,Barbarian,,XPHB,one,1,data/class/class-barbarian.json,/classFeature/43/entries/1/entries/1/name,Improved Brutal Strike: nested named block,,,pending,,0.50,
Sunlight,named-rule-block,Paladin,Devotion,XPHB,one,1,data/class/class-paladin.json,/subclassFeature/102/entries/3/name,Holy Nimbus: nested named block,,,pending,,0.50,
Superior Modifications,named-rule-block,Artificer,Reanimator,RHW,classic-or-other,1,data/class/class-artificer.json,/subclassFeature/48/entries/3/name,Refined Reanimation: nested named block,,,pending,,0.50,
Surprising Strikes,named-rule-block,Rogue,Assassin,XPHB,one,1,data/class/class-rogue.json,/subclassFeature/80/entries/1/entries/1/name,Assassinate: nested named block,,,pending,,0.50,
Swift Spells,named-rule-block,Paladin,Ancients,XPHB,one,1,data/class/class-paladin.json,/subclassFeature/96/entries/3/name,Elder Champion: nested named block,,,pending,,0.50,
Tail,named-rule-block,Barbarian,Beast,TCE,classic-or-other,1,data/class/class-barbarian.json,/subclassFeature/39/entries/3/items/2/name,Form of the Beast: nested named block,,,pending,,0.50,
Targets and Areas of Effect,named-rule-block,Mystic,,UATheMysticClass,classic-or-other,1,data/class/class-mystic.json,/classFeature/3/entries/6/name,Using a Discipline: nested named block,,,pending,,0.50,
Taunting Step,named-rule-block,Warlock,Archfey,XPHB,one,1,data/class/class-warlock.json,/subclassFeature/68/entries/2/entries/1/name,Steps of the Fey: nested named block,,,pending,,0.50,
Terrify (Cost: {@dice 1d6}),named-rule-block,Rogue,Scion of the Three,FRHoF,classic-or-other,1,data/class/class-rogue.json,/subclassFeature/62/entries/1/name,Strike Fear: nested named block,,,pending,,0.50,
Thaumaturgy,named-rule-block,Ranger,Drakewarden,FTD,classic-or-other,1,data/class/class-ranger.json,/subclassFeature/1/entries/2/items/0/name,Draconic Gift: nested named block,,,pending,,0.50,
The Beast in Combat,named-rule-block,Ranger,Beast Master,XPHB,one,1,data/class/class-ranger.json,/subclassFeature/76/entries/2/entries/0/name,Primal Companion: nested named block,,,pending,,0.50,
The Book's Appearance,named-rule-block,Wizard,,PHB,classic-or-other,1,data/class/class-wizard.json,/classFeature/1/entries/8/entries/4/entries/0/name,Spellcasting: nested named block,,,pending,,0.50,
The Companion in Combat,named-rule-block,Artificer,Reanimator,RHW,classic-or-other,1,data/class/class-artificer.json,/subclassFeature/41/entries/3/name,Reanimated Companion: nested named block,,,pending,,0.50,
The Defender in Combat,named-rule-block,Artificer,Battle Smith,EFA,classic-or-other,1,data/class/class-artificer.json,/subclassFeature/28/entries/2/name,Steel Defender: nested named block,,,pending,,0.50,
Thunder Pulse,named-rule-block,Artificer,Armorer,EFA,classic-or-other,1,data/class/class-artificer.json,/subclassFeature/12/entries/1/name,Guardian: nested named block,,,pending,,0.50,
Timeless,named-rule-block,Ranger,Hollow Warden,RHW,classic-or-other,1,data/class/class-ranger.json,/subclassFeature/74/entries/3/name,Ancient Might: nested named block,,,pending,,0.50,
Tongue of Dragons,named-rule-block,Monk; Ranger,Ascendant Dragon; Drakewarden,FTD,classic-or-other,2,data/class/class-monk.json,/subclassFeature/2/entries/2/items/2/name,Draconic Disciple: nested named block,,,pending,,0.50,
Topple,named-rule-block,Monk,Open Hand,XPHB,one,1,data/class/class-monk.json,/subclassFeature/73/entries/3/name,Open Hand Technique: nested named block,,,pending,,0.50,
Transmute Magic Item,named-rule-block,Artificer,,EFA,classic-or-other,1,data/class/class-artificer.json,/classFeature/6/entries/1/entries/2/name,Magic Item Tinker: nested named block,,,pending,,0.50,
Undead Endurance,named-rule-block,Warlock,Undead,RHW,classic-or-other,1,data/class/class-warlock.json,/subclassFeature/57/entries/3/name,Grave Touched: nested named block,,,pending,,0.50,
Unerring Path,named-rule-block,Artificer,Cartographer,EFA,classic-or-other,1,data/class/class-artificer.json,/subclassFeature/40/entries/2/name,Superior Atlas: nested named block,,,pending,,0.50,
Unerring Strike,named-rule-block,Paladin,Glory,XPHB,one,1,data/class/class-paladin.json,/subclassFeature/109/entries/3/name,Living Legend: nested named block,,,pending,,0.50,
Unholy Resuscitation,named-rule-block,Warlock,Undead,RHW,classic-or-other,1,data/class/class-warlock.json,/subclassFeature/58/entries/2/name,Necrotic Husk: nested named block,,,pending,,0.50,
Unleashing a Spirit,named-rule-block,Bard,Spirits,RHW,classic-or-other,1,data/class/class-bard.json,/subclassFeature/53/entries/2/name,Spirits from Beyond: nested named block,,,pending,,0.50,
Unnerving Aura,named-rule-block,Ranger,Hollow Warden,RHW,classic-or-other,1,data/class/class-ranger.json,/subclassFeature/71/entries/3/name,Wrath of the Wild: nested named block,,,pending,,0.50,
Unshakable Bravery,named-rule-block,Fighter,Banneret,FRHoF,classic-or-other,1,data/class/class-fighter.json,/subclassFeature/95/entries/2/name,Inspiring Commander: nested named block,,,pending,,0.50,
Use an Object,named-rule-block,Rogue,Thief,XPHB,one,1,data/class/class-rogue.json,/subclassFeature/94/entries/1/entries/1/name,Fast Hands: nested named block,,,pending,,0.50,
Using Bardic Inspiration,named-rule-block,Bard,,XPHB,one,1,data/class/class-bard.json,/classFeature/28/entries/1/entries/0/name,Bardic Inspiration: nested named block,,,pending,,0.50,
Using Soul Trinkets,named-rule-block,Rogue,Phantom,RHW,classic-or-other,1,data/class/class-rogue.json,/subclassFeature/68/entries/2/name,Tokens of the Departed: nested named block,,,pending,,0.50,
Vibrance of the Full Moon,named-rule-block,Bard,Moon,FRHoF,classic-or-other,1,data/class/class-bard.json,/subclassFeature/50/entries/2/name,Eventide's Splendor: nested named block,,,pending,,0.50,
Vigilance,named-rule-block,Paladin,Watchers,TCE,classic-or-other,1,data/class/class-paladin.json,/subclassFeature/56/entries/1/name,Tenets of the Watchers: nested named block,,,pending,,0.50,
Vitality Surge,named-rule-block,Barbarian,World Tree,XPHB,one,1,data/class/class-barbarian.json,/subclassFeature/86/entries/1/entries/0/name,Vitality of the Tree: nested named block,,,pending,,0.50,
Wand Crafting,named-rule-block,Artificer,Artillerist,EFA,classic-or-other,1,data/class/class-artificer.json,/subclassFeature/21/entries/3/name,Tools of the Trade: nested named block,,,pending,,0.50,
Wave of Rolling Earth (17th Level Required),named-rule-block,Monk,Four Elements,PHB,classic-or-other,1,data/class/class-monk.json,/subclassFeature/8/entries/1/entries/16/name,Elemental Disciplines: nested named block,,,pending,,0.50,
Way of the Brush,named-rule-block,Monk,Kensei,XGE,classic-or-other,1,data/class/class-monk.json,/subclassFeature/51/entries/3/name,Path of the Kensei: nested named block,,,pending,,0.50,
Weal (even),named-rule-block,Druid,Stars,TCE; XPHB,classic-or-other; one,2,data/class/class-druid.json,/subclassFeature/26/entries/2/items/0/name,Cosmic Omen: nested named block,,,pending,,0.50,
Weapon Crafting,named-rule-block,Artificer,Battle Smith,EFA,classic-or-other,1,data/class/class-artificer.json,/subclassFeature/29/entries/2/name,Tools of the Trade: nested named block,,,pending,,0.50,
Weapon Knowledge,named-rule-block,Artificer,Battle Smith,EFA,classic-or-other,1,data/class/class-artificer.json,/subclassFeature/25/entries/2/name,Battle Ready: nested named block,,,pending,,0.50,
Well Spoken,named-rule-block,Fighter,Banneret,FRHoF,classic-or-other,1,data/class/class-fighter.json,/subclassFeature/91/entries/3/name,Knightly Envoy: nested named block,,,pending,,0.50,
Wisdom,named-rule-block,Paladin,Redemption,XGE,classic-or-other,1,data/class/class-paladin.json,/subclassFeature/76/entries/4/entries/0/name,Tenets of Redemption: nested named block,睿智,睿知; 感知,conflict,5eclone.pingstudio.tw (preferred candidate); project glossary alternatives,0.65,5eclone candidate is listed first; alternatives require user approval.
Woe (odd),named-rule-block,Druid,Stars,TCE; XPHB,classic-or-other; one,2,data/class/class-druid.json,/subclassFeature/26/entries/2/items/1/name,Cosmic Omen: nested named block,,,pending,,0.50,
Wormlike Movement,named-rule-block,Sorcerer,Aberrant,XPHB,one,1,data/class/class-sorcerer.json,/subclassFeature/84/entries/1/entries/3/name,Revelation in Flesh: nested named block,,,pending,,0.50,
Your Spellbook,named-rule-block,Wizard,,PHB,classic-or-other,1,data/class/class-wizard.json,/classFeature/1/entries/8/name,Spellcasting: nested named block,,,pending,,0.50,
Zeal Domain (PSA),named-rule-block,Cleric,Zeal (PSA),PSA,classic-or-other,1,data/class/class-cleric.json,/subclassFeature/172/_copy/name,Zeal Domain (PSA): nested named block,,,pending,,0.50,
Aberrant Sorcery,subclass,Sorcerer,Aberrant,XPHB,one,1,data/class/class-sorcerer.json,/subclass/18/name,subclass: Aberrant Sorcery,,,pending,,0.50,
Abjurer,subclass,Wizard,Abjurer,XPHB,one,1,data/class/class-wizard.json,/subclass/26/name,subclass: Abjurer,,,pending,,0.50,
Ambition Domain (PSA),subclass,Cleric,Ambition (PSA),PSA,classic; classic-or-other,2,data/class/class-cleric.json,/subclass/18/name,subclass: Ambition Domain (PSA),,,pending,,0.50,
Archfey Patron,subclass,Warlock,Archfey,XPHB,one,1,data/class/class-warlock.json,/subclass/18/name,subclass: Archfey Patron,,,pending,,0.50,
Banneret,subclass,Fighter,Banneret,FRHoF,one,1,data/class/class-fighter.json,/subclass/24/name,subclass: Banneret,,,pending,,0.50,
Bladesinger,subclass,Wizard,Bladesinger,FRHoF,one,1,data/class/class-wizard.json,/subclass/30/name,subclass: Bladesinger,,,pending,,0.50,
Bladesinging,subclass,Wizard,Bladesinging,TCE,classic; classic-or-other,2,data/class/class-wizard.json,/subclass/22/name,subclass: Bladesinging,劍詠,劍詠傳承,conflict,5eclone.pingstudio.tw (preferred candidate); project glossary alternatives,0.65,5eclone candidate is listed first; alternatives require user approval.
Cartographer,subclass,Artificer,Cartographer,EFA,classic-or-other,1,data/class/class-artificer.json,/subclass/12/name,subclass: Cartographer,,,pending,,0.50,
Celestial Patron,subclass,Warlock,Celestial,XPHB,one,1,data/class/class-warlock.json,/subclass/19/name,subclass: Celestial Patron,,,pending,,0.50,
Circle of the Sea,subclass,Druid,Sea,XPHB,one,1,data/class/class-druid.json,/subclass/16/name,subclass: Circle of the Sea,,,pending,,0.50,
Circle of the Stars,subclass,Druid,Stars,XPHB,one,1,data/class/class-druid.json,/subclass/17/name,subclass: Circle of the Stars,,,pending,,0.50,
Clockwork Sorcery,subclass,Sorcerer,Clockwork,XPHB,one,1,data/class/class-sorcerer.json,/subclass/19/name,subclass: Clockwork Sorcery,,,pending,,0.50,
College of Dance,subclass,Bard,Dance,XPHB,one,1,data/class/class-bard.json,/subclass/16/name,subclass: College of Dance,,,pending,,0.50,
College of the Moon,subclass,Bard,Moon,FRHoF,one,1,data/class/class-bard.json,/subclass/20/name,subclass: College of the Moon,,,pending,,0.50,
Diviner,subclass,Wizard,Diviner,XPHB,one,1,data/class/class-wizard.json,/subclass/27/name,subclass: Diviner,,,pending,,0.50,
Draconic Sorcery,subclass,Sorcerer,Draconic,XPHB,one,1,data/class/class-sorcerer.json,/subclass/20/name,subclass: Draconic Sorcery,,,pending,,0.50,
Drakewarden,subclass,Ranger,Drakewarden,FTD,classic; classic-or-other,2,data/class/class-ranger.json,/subclass/14/name,subclass: Drakewarden,,,pending,,0.50,
Evoker,subclass,Wizard,Evoker,XPHB,one,1,data/class/class-wizard.json,/subclass/28/name,subclass: Evoker,,,pending,,0.50,
Fiend Patron,subclass,Warlock,Fiend,XPHB,one,1,data/class/class-warlock.json,/subclass/20/name,subclass: Fiend Patron,,,pending,,0.50,
Great Old One Patron,subclass,Warlock,Great Old One,XPHB,one,1,data/class/class-warlock.json,/subclass/21/name,subclass: Great Old One Patron,,,pending,,0.50,
Hollow Warden,subclass,Ranger,Hollow Warden,RHW,one,1,data/class/class-ranger.json,/subclass/21/name,subclass: Hollow Warden,,,pending,,0.50,
Illusionist,subclass,Wizard,Illusionist,XPHB,one,1,data/class/class-wizard.json,/subclass/29/name,subclass: Illusionist,,,pending,,0.50,
Lunar Sorcery,subclass,Sorcerer,Lunar,DSotDQ,classic; classic-or-other,2,data/class/class-sorcerer.json,/subclass/16/name,subclass: Lunar Sorcery,,,pending,,0.50,
Oath of the Noble Genies,subclass,Paladin,Noble Genies,FRHoF,one,1,data/class/class-paladin.json,/subclass/22/name,subclass: Oath of the Noble Genies,,,pending,,0.50,
Order of the Avatar,subclass,Mystic,Avatar,UATheMysticClass,classic,1,data/class/class-mystic.json,/subclass/0/name,subclass: Order of the Avatar,,,pending,,0.50,
Order of the Awakened,subclass,Mystic,Awakened,UATheMysticClass,classic,1,data/class/class-mystic.json,/subclass/1/name,subclass: Order of the Awakened,,,pending,,0.50,
Order of the Immortal,subclass,Mystic,Immortal,UATheMysticClass,classic,1,data/class/class-mystic.json,/subclass/2/name,subclass: Order of the Immortal,,,pending,,0.50,
Order of the Nomad,subclass,Mystic,Nomad,UATheMysticClass,classic,1,data/class/class-mystic.json,/subclass/3/name,subclass: Order of the Nomad,,,pending,,0.50,
Order of the Soul Knife,subclass,Mystic,Soul Knife,UATheMysticClass,classic,1,data/class/class-mystic.json,/subclass/4/name,subclass: Order of the Soul Knife,,,pending,,0.50,
Order of the Wu Jen,subclass,Mystic,Wu Jen,UATheMysticClass,classic,1,data/class/class-mystic.json,/subclass/5/name,subclass: Order of the Wu Jen,,,pending,,0.50,
Path of the Giant,subclass,Barbarian,Giant,BGG,classic; classic-or-other,2,data/class/class-barbarian.json,/subclass/16/name,subclass: Path of the Giant,,,pending,,0.50,
Path of the Wild Heart,subclass,Barbarian,Wild Heart,XPHB,one,1,data/class/class-barbarian.json,/subclass/19/name,subclass: Path of the Wild Heart,,,pending,,0.50,
Path of the World Tree,subclass,Barbarian,World Tree,XPHB,one,1,data/class/class-barbarian.json,/subclass/20/name,subclass: Path of the World Tree,,,pending,,0.50,
Pyromancer (PSK),subclass,Sorcerer,Pyromancer (PSK),PSK,classic; classic-or-other,2,data/class/class-sorcerer.json,/subclass/4/name,subclass: Pyromancer (PSK),,,pending,,0.50,
Reanimator,subclass,Artificer,Reanimator,RHW,classic-or-other,1,data/class/class-artificer.json,/subclass/13/name,subclass: Reanimator,,,pending,,0.50,
Scion of the Three,subclass,Rogue,Scion of the Three,FRHoF,one,1,data/class/class-rogue.json,/subclass/22/name,subclass: Scion of the Three,,,pending,,0.50,
Shadow Sorcery,subclass,Sorcerer,Shadow,RHW,one,1,data/class/class-sorcerer.json,/subclass/23/name,subclass: Shadow Sorcery,,,pending,,0.50,
Solidarity Domain (PSA),subclass,Cleric,Solidarity (PSA),PSA,classic; classic-or-other,2,data/class/class-cleric.json,/subclass/22/name,subclass: Solidarity Domain (PSA),,,pending,,0.50,
Spellfire Sorcery,subclass,Sorcerer,Spellfire,FRHoF,one,1,data/class/class-sorcerer.json,/subclass/22/name,subclass: Spellfire Sorcery,,,pending,,0.50,
Strength Domain (PSA),subclass,Cleric,Strength (PSA),PSA,classic; classic-or-other,2,data/class/class-cleric.json,/subclass/24/name,subclass: Strength Domain (PSA),,,pending,,0.50,
Undead Patron,subclass,Warlock,Undead,RHW,one,1,data/class/class-warlock.json,/subclass/22/name,subclass: Undead Patron,,,pending,,0.50,
Warrior of Mercy,subclass,Monk,Mercy,XPHB,one,1,data/class/class-monk.json,/subclass/20/name,subclass: Warrior of Mercy,,,pending,,0.50,
Warrior of Shadow,subclass,Monk,Shadow,XPHB,one,1,data/class/class-monk.json,/subclass/21/name,subclass: Warrior of Shadow,,,pending,,0.50,
Warrior of the Elements,subclass,Monk,Elements,XPHB,one,1,data/class/class-monk.json,/subclass/22/name,subclass: Warrior of the Elements,,,pending,,0.50,
Warrior of the Open Hand,subclass,Monk,Open Hand,XPHB,one,1,data/class/class-monk.json,/subclass/23/name,subclass: Warrior of the Open Hand,,,pending,,0.50,
Way of the Ascendant Dragon,subclass,Monk,Ascendant Dragon,FTD,classic; classic-or-other,2,data/class/class-monk.json,/subclass/18/name,subclass: Way of the Ascendant Dragon,,,pending,,0.50,
Wild Magic Sorcery,subclass,Sorcerer,Wild Magic,XPHB,one,1,data/class/class-sorcerer.json,/subclass/21/name,subclass: Wild Magic Sorcery,,,pending,,0.50,
Winter Walker,subclass,Ranger,Winter Walker,FRHoF,one,1,data/class/class-ranger.json,/subclass/20/name,subclass: Winter Walker,,,pending,,0.50,
Zeal Domain (PSA),subclass,Cleric,Zeal (PSA),PSA,classic; classic-or-other,2,data/class/class-cleric.json,/subclass/26/name,subclass: Zeal Domain (PSA),,,pending,,0.50,
Aberrant Sorcery,subclass-feature,Sorcerer,Aberrant,XPHB,one,1,data/class/class-sorcerer.json,/subclassFeature/79/name,subclass-feature: Aberrant Sorcery,,,pending,,0.50,
Abjure Enemy,subclass-feature,Paladin,Vengeance,PHB,classic-or-other,1,data/class/class-paladin.json,/subclassFeature/27/name,subclass-feature: Abjure Enemy,,,pending,,0.50,
Abjurer,subclass-feature,Wizard,Abjurer,XPHB,one,1,data/class/class-wizard.json,/subclassFeature/97/name,subclass-feature: Abjurer,,,pending,,0.50,
Absorb Spells,subclass-feature,Sorcerer,Spellfire,FRHoF,classic-or-other,1,data/class/class-sorcerer.json,/subclassFeature/62/name,subclass-feature: Absorb Spells,,,pending,,0.50,
Acolyte of Strength,subclass-feature,Cleric,Strength (PSA),PSA,classic-or-other,1,data/class/class-cleric.json,/subclassFeature/79/name,subclass-feature: Acolyte of Strength,,,pending,,0.50,
Adventurer's Atlas,subclass-feature,Artificer,Cartographer,EFA,classic-or-other,1,data/class/class-artificer.json,/subclassFeature/33/name,subclass-feature: Adventurer's Atlas,,,pending,,0.50,
Agile Strikes,subclass-feature,Bard,Dance,XPHB,one,1,data/class/class-bard.json,/subclassFeature/57/name,subclass-feature: Agile Strikes,,,pending,,0.50,
Ambition Domain (PSA),subclass-feature,Cleric,Ambition (PSA),PSA,classic-or-other,2,data/class/class-cleric.json,/subclassFeature/62/name,subclass-feature: Ambition Domain (PSA),,,pending,,0.50,
Ancient Might,subclass-feature,Ranger,Hollow Warden,RHW,classic-or-other,1,data/class/class-ranger.json,/subclassFeature/74/name,subclass-feature: Ancient Might,,,pending,,0.50,
Animal Speaker,subclass-feature,Barbarian,Wild Heart,XPHB,one,1,data/class/class-barbarian.json,/subclassFeature/80/name,subclass-feature: Animal Speaker,,,pending,,0.50,
Aquatic Affinity,subclass-feature,Druid,Sea,XPHB,one,1,data/class/class-druid.json,/subclassFeature/68/name,subclass-feature: Aquatic Affinity,,,pending,,0.50,
Arcane Dabbler,subclass-feature,Mystic,Wu Jen,UATheMysticClass,classic-or-other,1,data/class/class-mystic.json,/subclassFeature/34/name,subclass-feature: Arcane Dabbler,,,pending,,0.50,
Archer,subclass-feature,Druid,Stars,TCE; XPHB,classic-or-other; one,2,data/class/class-druid.json,/subclassFeature/23/name,subclass-feature: Archer,,,pending,,0.50,
Archfey Patron,subclass-feature,Warlock,Archfey,XPHB,one,1,data/class/class-warlock.json,/subclassFeature/66/name,subclass-feature: Archfey Patron,,,pending,,0.50,
Archfey Spells,subclass-feature,Warlock,Archfey,XPHB,one,1,data/class/class-warlock.json,/subclassFeature/67/name,subclass-feature: Archfey Spells,,,pending,,0.50,
Armor Training,subclass-feature,Mystic,Avatar,UATheMysticClass,classic-or-other,1,data/class/class-mystic.json,/subclassFeature/1/name,subclass-feature: Armor Training,,,pending,,0.50,
Ascendant Aspect,subclass-feature,Monk,Ascendant Dragon,FTD,classic-or-other,1,data/class/class-monk.json,/subclassFeature/5/name,subclass-feature: Ascendant Aspect,,,pending,,0.50,
Aspect of the Wilds,subclass-feature,Barbarian,Wild Heart,XPHB,one,1,data/class/class-barbarian.json,/subclassFeature/82/name,subclass-feature: Aspect of the Wilds,,,pending,,0.50,
Aspect of the Wyrm,subclass-feature,Monk,Ascendant Dragon,FTD,classic-or-other,1,data/class/class-monk.json,/subclassFeature/4/name,subclass-feature: Aspect of the Wyrm,,,pending,,0.50,
Assassin's Tools,subclass-feature,Rogue,Assassin,XPHB,one,1,data/class/class-rogue.json,/subclassFeature/79/name,subclass-feature: Assassin's Tools,,,pending,,0.50,
Aura of Elemental Shielding,subclass-feature,Paladin,Noble Genies,FRHoF,classic-or-other,1,data/class/class-paladin.json,/subclassFeature/88/name,subclass-feature: Aura of Elemental Shielding,,,pending,,0.50,
Aura of Malevolence,subclass-feature,Rogue,Scion of the Three,FRHoF,classic-or-other,1,data/class/class-rogue.json,/subclassFeature/63/name,subclass-feature: Aura of Malevolence,,,pending,,0.50,
Avatar of Healing,subclass-feature,Mystic,Avatar,UATheMysticClass,classic-or-other,1,data/class/class-mystic.json,/subclassFeature/4/name,subclass-feature: Avatar of Healing,,,pending,,0.50,
Avatar of Speed,subclass-feature,Mystic,Avatar,UATheMysticClass,classic-or-other,1,data/class/class-mystic.json,/subclassFeature/5/name,subclass-feature: Avatar of Speed,,,pending,,0.50,
Awakened Talent,subclass-feature,Mystic,Awakened,UATheMysticClass,classic-or-other,1,data/class/class-mystic.json,/subclassFeature/7/name,subclass-feature: Awakened Talent,,,pending,,0.50,
Banneret,subclass-feature,Fighter,Banneret,FRHoF,classic-or-other,1,data/class/class-fighter.json,/subclassFeature/89/name,subclass-feature: Banneret,,,pending,,0.50,
Bardic Damage,subclass-feature,Bard,Dance,XPHB,one,1,data/class/class-bard.json,/subclassFeature/58/name,subclass-feature: Bardic Damage,,,pending,,0.50,
Battering Roots,subclass-feature,Barbarian,World Tree,XPHB,one,1,data/class/class-barbarian.json,/subclassFeature/88/name,subclass-feature: Battering Roots,,,pending,,0.50,
Beasts of Ill Omen,subclass-feature,Sorcerer,Shadow,RHW,classic-or-other,1,data/class/class-sorcerer.json,/subclassFeature/71/name,subclass-feature: Beasts of Ill Omen,,,pending,,0.50,
Beguiling Magic,subclass-feature,Bard,Glamour,XPHB,one,1,data/class/class-bard.json,/subclassFeature/66/name,subclass-feature: Beguiling Magic,,,pending,,0.50,
Bewitching Magic,subclass-feature,Warlock,Archfey,XPHB,one,1,data/class/class-warlock.json,/subclassFeature/71/name,subclass-feature: Bewitching Magic,,,pending,,0.50,
Bladesinger,subclass-feature,Wizard,Bladesinger,FRHoF,classic-or-other,1,data/class/class-wizard.json,/subclassFeature/80/name,subclass-feature: Bladesinger,,,pending,,0.50,
Bladesinging,subclass-feature,Wizard,Bladesinging,TCE,classic-or-other,2,data/class/class-wizard.json,/subclassFeature/59/name,subclass-feature: Bladesinging,劍詠,劍詠傳承,conflict,5eclone.pingstudio.tw (preferred candidate); project glossary alternatives,0.65,5eclone candidate is listed first; alternatives require user approval.
Blaze of Glory,subclass-feature,Cleric,Zeal (PSA),PSA,classic-or-other,1,data/class/class-cleric.json,/subclassFeature/93/name,subclass-feature: Blaze of Glory,,,pending,,0.50,
Blessing of Moonlight,subclass-feature,Bard,Moon,FRHoF,classic-or-other,1,data/class/class-bard.json,/subclassFeature/49/name,subclass-feature: Blessing of Moonlight,,,pending,,0.50,
Bloodthirst,subclass-feature,Rogue,Scion of the Three,FRHoF,classic-or-other,1,data/class/class-rogue.json,/subclassFeature/59/name,subclass-feature: Bloodthirst,,,pending,,0.50,
Bolstering Flames,subclass-feature,Sorcerer,Spellfire,FRHoF,classic-or-other,1,data/class/class-sorcerer.json,/subclassFeature/57/name,subclass-feature: Bolstering Flames,,,pending,,0.50,
Bond of Fang and Scale,subclass-feature,Ranger,Drakewarden,FTD,classic-or-other,1,data/class/class-ranger.json,/subclassFeature/3/name,subclass-feature: Bond of Fang and Scale,,,pending,,0.50,
Bonus Disciplines,subclass-feature,Mystic,Avatar; Awakened; Immortal; Nomad; Wu Jen,UATheMysticClass,classic-or-other,5,data/class/class-mystic.json,/subclassFeature/2/name,subclass-feature: Bonus Disciplines,,,pending,,0.50,
Bonus Proficiencies,subclass-feature,Bard; Cleric; Fighter; Monk; Rogue,Assassin; Drunken Master; Lore; Order; Rune Knight; Swords; Tempest; Twilight; Valor; War; Zeal (PSA),PHB; PSA; TCE; XGE; XPHB,classic-or-other; one,12,data/class/class-bard.json,/subclassFeature/1/name,subclass-feature: Bonus Proficiencies,額外熟練,額外熟練項,conflict,5eclone.pingstudio.tw (preferred candidate); project glossary alternatives,0.65,5eclone candidate is listed first; alternatives require user approval.
Branches of the Tree,subclass-feature,Barbarian,World Tree,XPHB,one,1,data/class/class-barbarian.json,/subclassFeature/87/name,subclass-feature: Branches of the Tree,,,pending,,0.50,
Breadth of Knowledge,subclass-feature,Mystic,Nomad,UATheMysticClass,classic-or-other,1,data/class/class-mystic.json,/subclassFeature/20/name,subclass-feature: Breadth of Knowledge,,,pending,,0.50,
Breath of the Dragon,subclass-feature,Monk,Ascendant Dragon,FTD,classic-or-other,1,data/class/class-monk.json,/subclassFeature/1/name,subclass-feature: Breath of the Dragon,,,pending,,0.50,
Cartographer,subclass-feature,Artificer,Cartographer,EFA,classic-or-other,1,data/class/class-artificer.json,/subclassFeature/34/name,subclass-feature: Cartographer,,,pending,,0.50,
Cartographer Spells,subclass-feature,Artificer,Cartographer,EFA,classic-or-other,1,data/class/class-artificer.json,/subclassFeature/35/name,subclass-feature: Cartographer Spells,,,pending,,0.50,
Celestial Patron,subclass-feature,Warlock,Celestial,XPHB,one,1,data/class/class-warlock.json,/subclassFeature/72/name,subclass-feature: Celestial Patron,,,pending,,0.50,
Celestial Spells,subclass-feature,Warlock,Celestial,XPHB,one,1,data/class/class-warlock.json,/subclassFeature/73/name,subclass-feature: Celestial Spells,,,pending,,0.50,
Chalice,subclass-feature,Druid,Stars,TCE; XPHB,classic-or-other; one,2,data/class/class-druid.json,/subclassFeature/24/name,subclass-feature: Chalice,,,pending,,0.50,
Champion Challenge,subclass-feature,Paladin,Crown,SCAG,classic-or-other,1,data/class/class-paladin.json,/subclassFeature/36/name,subclass-feature: Champion Challenge,,,pending,,0.50,
Channel Divinity: Consuming Fervor,subclass-feature,Cleric,Zeal (PSA),PSA,classic-or-other,2,data/class/class-cleric.json,/subclassFeature/89/name,subclass-feature: Channel Divinity: Consuming Fervor,,,pending,,0.50,
Channel Divinity: Feat of Strength,subclass-feature,Cleric,Strength (PSA),PSA,classic-or-other,2,data/class/class-cleric.json,/subclassFeature/81/name,subclass-feature: Channel Divinity: Feat of Strength,,,pending,,0.50,
Channeler,subclass-feature,Bard,Spirits,RHW,classic-or-other,1,data/class/class-bard.json,/subclassFeature/51/name,subclass-feature: Channeler,,,pending,,0.50,
Chilling Retribution,subclass-feature,Ranger,Winter Walker,FRHoF,classic-or-other,1,data/class/class-ranger.json,/subclassFeature/67/name,subclass-feature: Chilling Retribution,,,pending,,0.50,
Circle of the Land Spells,subclass-feature,Druid,Land,XPHB,one,1,data/class/class-druid.json,/subclassFeature/54/name,subclass-feature: Circle of the Land Spells,,,pending,,0.50,
Circle of the Moon Spells,subclass-feature,Druid,Moon,XPHB,one,1,data/class/class-druid.json,/subclassFeature/61/name,subclass-feature: Circle of the Moon Spells,,,pending,,0.50,
Circle of the Sea,subclass-feature,Druid,Sea,XPHB,one,1,data/class/class-druid.json,/subclassFeature/65/name,subclass-feature: Circle of the Sea,,,pending,,0.50,
Circle of the Sea Spells,subclass-feature,Druid,Sea,XPHB,one,1,data/class/class-druid.json,/subclassFeature/66/name,subclass-feature: Circle of the Sea Spells,,,pending,,0.50,
Circle of the Stars,subclass-feature,Druid,Stars,XPHB,one,1,data/class/class-druid.json,/subclassFeature/71/name,subclass-feature: Circle of the Stars,,,pending,,0.50,
Clairvoyant Combatant,subclass-feature,Warlock,Great Old One,XPHB,one,1,data/class/class-warlock.json,/subclassFeature/88/name,subclass-feature: Clairvoyant Combatant,,,pending,,0.50,
Clockwork Sorcery,subclass-feature,Sorcerer,Clockwork,XPHB,one,1,data/class/class-sorcerer.json,/subclassFeature/86/name,subclass-feature: Clockwork Sorcery,,,pending,,0.50,
Clockwork Spells,subclass-feature,Sorcerer,Clockwork,XPHB,one,1,data/class/class-sorcerer.json,/subclassFeature/87/name,subclass-feature: Clockwork Spells,,,pending,,0.50,
College of Dance,subclass-feature,Bard,Dance,XPHB,one,1,data/class/class-bard.json,/subclassFeature/56/name,subclass-feature: College of Dance,,,pending,,0.50,
College of the Moon,subclass-feature,Bard,Moon,FRHoF,classic-or-other,1,data/class/class-bard.json,/subclassFeature/46/name,subclass-feature: College of the Moon,,,pending,,0.50,
Conquering Presence,subclass-feature,Paladin,Conquest,XGE,classic-or-other,1,data/class/class-paladin.json,/subclassFeature/64/name,subclass-feature: Conquering Presence,,,pending,,0.50,
Consumptive Knife,subclass-feature,Mystic,Soul Knife,UATheMysticClass,classic-or-other,1,data/class/class-mystic.json,/subclassFeature/28/name,subclass-feature: Consumptive Knife,,,pending,,0.50,
Control Undead,subclass-feature,Paladin,Oathbreaker,DMG,classic-or-other,1,data/class/class-paladin.json,/subclassFeature/2/name,subclass-feature: Control Undead,,,pending,,0.50,
Crown of Spellfire,subclass-feature,Sorcerer,Spellfire,FRHoF,classic-or-other,1,data/class/class-sorcerer.json,/subclassFeature/64/name,subclass-feature: Crown of Spellfire,,,pending,,0.50,
Dampening Field,subclass-feature,Artificer,Armorer,TCE,classic-or-other,1,data/class/class-artificer.json,/subclassFeature/57/name,subclass-feature: Dampening Field,,,pending,,0.50,
Dance Virtuoso,subclass-feature,Bard,Dance,XPHB,one,1,data/class/class-bard.json,/subclassFeature/59/name,subclass-feature: Dance Virtuoso,,,pending,,0.50,
Dao's Crush,subclass-feature,Paladin,Noble Genies,FRHoF,classic-or-other,1,data/class/class-paladin.json,/subclassFeature/80/name,subclass-feature: Dao's Crush,,,pending,,0.50,
Darkness,subclass-feature,Monk,Shadow,XPHB,one,1,data/class/class-monk.json,/subclassFeature/80/name,subclass-feature: Darkness,,,pending,,0.50,
Darkvision,subclass-feature,Monk,Shadow,XPHB,one,1,data/class/class-monk.json,/subclassFeature/81/name,subclass-feature: Darkvision,,,pending,,0.50,
Dazzling Footwork,subclass-feature,Bard,Dance,XPHB,one,1,data/class/class-bard.json,/subclassFeature/60/name,subclass-feature: Dazzling Footwork,,,pending,,0.50,
Defensive Field,subclass-feature,Artificer,Armorer,TCE,classic-or-other,1,data/class/class-artificer.json,/subclassFeature/58/name,subclass-feature: Defensive Field,,,pending,,0.50,
Demiurgic Colossus,subclass-feature,Barbarian,Giant,BGG,classic-or-other,1,data/class/class-barbarian.json,/subclassFeature/5/name,subclass-feature: Demiurgic Colossus,,,pending,,0.50,
Divine Foreknowledge,subclass-feature,Cleric,Knowledge,FRHoF,classic-or-other,1,data/class/class-cleric.json,/subclassFeature/149/name,subclass-feature: Divine Foreknowledge,,,pending,,0.50,
Divine Reaper,subclass-feature,Cleric,Grave,RHW,classic-or-other,1,data/class/class-cleric.json,/subclassFeature/178/name,subclass-feature: Divine Reaper,,,pending,,0.50,
Diviner,subclass-feature,Wizard,Diviner,XPHB,one,1,data/class/class-wizard.json,/subclassFeature/103/name,subclass-feature: Diviner,,,pending,,0.50,
Djinni's Escape,subclass-feature,Paladin,Noble Genies,FRHoF,classic-or-other,1,data/class/class-paladin.json,/subclassFeature/81/name,subclass-feature: Djinni's Escape,,,pending,,0.50,
Draconic Disciple,subclass-feature,Monk,Ascendant Dragon,FTD,classic-or-other,1,data/class/class-monk.json,/subclassFeature/2/name,subclass-feature: Draconic Disciple,,,pending,,0.50,
Draconic Gift,subclass-feature,Ranger,Drakewarden,FTD,classic-or-other,1,data/class/class-ranger.json,/subclassFeature/1/name,subclass-feature: Draconic Gift,,,pending,,0.50,
Draconic Sorcery,subclass-feature,Sorcerer,Draconic,XPHB,one,1,data/class/class-sorcerer.json,/subclassFeature/92/name,subclass-feature: Draconic Sorcery,,,pending,,0.50,
Draconic Spells,subclass-feature,Sorcerer,Draconic,XPHB,one,1,data/class/class-sorcerer.json,/subclassFeature/93/name,subclass-feature: Draconic Spells,,,pending,,0.50,
Dragon,subclass-feature,Druid,Stars,TCE; XPHB,classic-or-other; one,2,data/class/class-druid.json,/subclassFeature/25/name,subclass-feature: Dragon,,,pending,,0.50,
Dragon Companion,subclass-feature,Sorcerer,Draconic,XPHB,one,1,data/class/class-sorcerer.json,/subclassFeature/97/name,subclass-feature: Dragon Companion,,,pending,,0.50,
Drake Companion,subclass-feature,Ranger,Drakewarden,FTD,classic-or-other,1,data/class/class-ranger.json,/subclassFeature/2/name,subclass-feature: Drake Companion,,,pending,,0.50,
Drake's Breath,subclass-feature,Ranger,Drakewarden,FTD,classic-or-other,1,data/class/class-ranger.json,/subclassFeature/4/name,subclass-feature: Drake's Breath,,,pending,,0.50,
Drakewarden,subclass-feature,Ranger,Drakewarden,FTD,classic-or-other,1,data/class/class-ranger.json,/subclassFeature/0/name,subclass-feature: Drakewarden,,,pending,,0.50,
Dread Allegiance,subclass-feature,Rogue,Scion of the Three,FRHoF,classic-or-other,1,data/class/class-rogue.json,/subclassFeature/60/name,subclass-feature: Dread Allegiance,,,pending,,0.50,
Dread Incarnate,subclass-feature,Rogue,Scion of the Three,FRHoF,classic-or-other,1,data/class/class-rogue.json,/subclassFeature/64/name,subclass-feature: Dread Incarnate,,,pending,,0.50,
Dreadful Aspect,subclass-feature,Paladin,Oathbreaker,DMG,classic-or-other,1,data/class/class-paladin.json,/subclassFeature/3/name,subclass-feature: Dreadful Aspect,,,pending,,0.50,
Dreadnaught,subclass-feature,Artificer,Armorer,EFA,classic-or-other,1,data/class/class-artificer.json,/subclassFeature/11/name,subclass-feature: Dreadnaught,,,pending,,0.50,
Effortless Journey,subclass-feature,Mystic,Nomad,UATheMysticClass,classic-or-other,1,data/class/class-mystic.json,/subclassFeature/23/name,subclass-feature: Effortless Journey,,,pending,,0.50,
Efreeti's Fury,subclass-feature,Paladin,Noble Genies,FRHoF,classic-or-other,1,data/class/class-paladin.json,/subclassFeature/82/name,subclass-feature: Efreeti's Fury,,,pending,,0.50,
Eldritch Hex,subclass-feature,Warlock,Great Old One,XPHB,one,1,data/class/class-warlock.json,/subclassFeature/89/name,subclass-feature: Eldritch Hex,,,pending,,0.50,
Elemental Attunement,subclass-feature,Monk; Mystic,Elements; Wu Jen,UATheMysticClass; XPHB,classic-or-other; one,2,data/class/class-monk.json,/subclassFeature/60/name,subclass-feature: Elemental Attunement,,,pending,,0.50,
Elemental Burst,subclass-feature,Monk,Elements,XPHB,one,1,data/class/class-monk.json,/subclassFeature/63/name,subclass-feature: Elemental Burst,,,pending,,0.50,
Elemental Cleaver,subclass-feature,Barbarian,Giant,BGG,classic-or-other,1,data/class/class-barbarian.json,/subclassFeature/3/name,subclass-feature: Elemental Cleaver,,,pending,,0.50,
Elemental Epitome,subclass-feature,Monk,Elements,XPHB,one,1,data/class/class-monk.json,/subclassFeature/65/name,subclass-feature: Elemental Epitome,,,pending,,0.50,
Elemental Mastery,subclass-feature,Mystic,Wu Jen,UATheMysticClass,classic-or-other,1,data/class/class-mystic.json,/subclassFeature/35/name,subclass-feature: Elemental Mastery,,,pending,,0.50,
Elemental Rebuke,subclass-feature,Paladin,Noble Genies,FRHoF,classic-or-other,1,data/class/class-paladin.json,/subclassFeature/89/name,subclass-feature: Elemental Rebuke,,,pending,,0.50,
Elemental Smite,subclass-feature,Paladin,Noble Genies,FRHoF,classic-or-other,1,data/class/class-paladin.json,/subclassFeature/83/name,subclass-feature: Elemental Smite,,,pending,,0.50,
Emissary of Peace,subclass-feature,Paladin,Redemption,XGE,classic-or-other,1,data/class/class-paladin.json,/subclassFeature/73/name,subclass-feature: Emissary of Peace,,,pending,,0.50,
Empowered Channeling,subclass-feature,Bard,Spirits,RHW,classic-or-other,1,data/class/class-bard.json,/subclassFeature/54/name,subclass-feature: Empowered Channeling,,,pending,,0.50,
Envenom Weapons,subclass-feature,Rogue,Assassin,XPHB,one,1,data/class/class-rogue.json,/subclassFeature/82/name,subclass-feature: Envenom Weapons,,,pending,,0.50,
Eventide's Splendor,subclass-feature,Bard,Moon,FRHoF,classic-or-other,1,data/class/class-bard.json,/subclassFeature/50/name,subclass-feature: Eventide's Splendor,,,pending,,0.50,
Evoker,subclass-feature,Wizard,Evoker,XPHB,one,1,data/class/class-wizard.json,/subclassFeature/109/name,subclass-feature: Evoker,,,pending,,0.50,
Fey Wanderer Spells,subclass-feature,Ranger,Fey Wanderer,XPHB,one,1,data/class/class-ranger.json,/subclassFeature/82/name,subclass-feature: Fey Wanderer Spells,,,pending,,0.50,
Fiend Patron,subclass-feature,Warlock,Fiend,XPHB,one,1,data/class/class-warlock.json,/subclassFeature/78/name,subclass-feature: Fiend Patron,,,pending,,0.50,
Fiend Spells,subclass-feature,Warlock,Fiend,XPHB,one,1,data/class/class-warlock.json,/subclassFeature/80/name,subclass-feature: Fiend Spells,,,pending,,0.50,
Fiery Soul,subclass-feature,Sorcerer,Pyromancer (PSK),PSK,classic-or-other,1,data/class/class-sorcerer.json,/subclassFeature/23/name,subclass-feature: Fiery Soul,,,pending,,0.50,
Fire in the Veins,subclass-feature,Sorcerer,Pyromancer (PSK),PSK,classic-or-other,1,data/class/class-sorcerer.json,/subclassFeature/21/name,subclass-feature: Fire in the Veins,,,pending,,0.50,
Fleet Step,subclass-feature,Monk,Open Hand,XPHB,one,1,data/class/class-monk.json,/subclassFeature/76/name,subclass-feature: Fleet Step,,,pending,,0.50,
Fortifying Soul,subclass-feature,Ranger,Winter Walker,FRHoF,classic-or-other,1,data/class/class-ranger.json,/subclassFeature/66/name,subclass-feature: Fortifying Soul,,,pending,,0.50,
Frigid Explorer,subclass-feature,Ranger,Winter Walker,FRHoF,classic-or-other,1,data/class/class-ranger.json,/subclassFeature/62/name,subclass-feature: Frigid Explorer,,,pending,,0.50,
Frozen Haunt,subclass-feature,Ranger,Winter Walker,FRHoF,classic-or-other,1,data/class/class-ranger.json,/subclassFeature/68/name,subclass-feature: Frozen Haunt,,,pending,,0.50,
Genie Spells,subclass-feature,Paladin,Noble Genies,FRHoF,classic-or-other,1,data/class/class-paladin.json,/subclassFeature/84/name,subclass-feature: Genie Spells,,,pending,,0.50,
Genie's Splendor,subclass-feature,Paladin,Noble Genies,FRHoF,classic-or-other,1,data/class/class-paladin.json,/subclassFeature/85/name,subclass-feature: Genie's Splendor,,,pending,,0.50,
Giant Power,subclass-feature,Barbarian,Giant,BGG,classic-or-other,1,data/class/class-barbarian.json,/subclassFeature/0/name,subclass-feature: Giant Power,,,pending,,0.50,
Giant's Havoc,subclass-feature,Barbarian,Giant,BGG,classic-or-other,1,data/class/class-barbarian.json,/subclassFeature/1/name,subclass-feature: Giant's Havoc,,,pending,,0.50,
Gloom Stalker Spells,subclass-feature,Ranger,Gloom Stalker,XPHB,one,1,data/class/class-ranger.json,/subclassFeature/89/name,subclass-feature: Gloom Stalker Spells,,,pending,,0.50,
Grave Domain Spells,subclass-feature,Cleric,Grave,RHW,classic-or-other,1,data/class/class-cleric.json,/subclassFeature/175/name,subclass-feature: Grave Domain Spells,,,pending,,0.50,
Great Old One Patron,subclass-feature,Warlock,Great Old One,XPHB,one,1,data/class/class-warlock.json,/subclassFeature/84/name,subclass-feature: Great Old One Patron,,,pending,,0.50,
Great Old One Spells,subclass-feature,Warlock,Great Old One,XPHB,one,1,data/class/class-warlock.json,/subclassFeature/86/name,subclass-feature: Great Old One Spells,,,pending,,0.50,
Group Recovery,subclass-feature,Fighter,Banneret,FRHoF,classic-or-other,1,data/class/class-fighter.json,/subclassFeature/90/name,subclass-feature: Group Recovery,,,pending,,0.50,
Guided Precision,subclass-feature,Artificer,Cartographer,EFA,classic-or-other,1,data/class/class-artificer.json,/subclassFeature/38/name,subclass-feature: Guided Precision,,,pending,,0.50,
Guided Strike,subclass-feature,Cleric; Paladin,Conquest; War,XGE; XPHB,classic-or-other; one,2,data/class/class-cleric.json,/subclassFeature/210/name,subclass-feature: Guided Strike,,,pending,,0.50,
Heart of Fire,subclass-feature,Sorcerer,Pyromancer (PSK),PSK,classic-or-other,1,data/class/class-sorcerer.json,/subclassFeature/20/name,subclass-feature: Heart of Fire,,,pending,,0.50,
Hermit's Study,subclass-feature,Mystic,Wu Jen,UATheMysticClass,classic-or-other,1,data/class/class-mystic.json,/subclassFeature/32/name,subclass-feature: Hermit's Study,,,pending,,0.50,
Heroic Warrior,subclass-feature,Fighter,Champion,XPHB,one,1,data/class/class-fighter.json,/subclassFeature/108/name,subclass-feature: Heroic Warrior,,,pending,,0.50,
Hollow Warden,subclass-feature,Ranger,Hollow Warden,RHW,classic-or-other,1,data/class/class-ranger.json,/subclassFeature/69/name,subclass-feature: Hollow Warden,,,pending,,0.50,
Hollow Warden Spells,subclass-feature,Ranger,Hollow Warden,RHW,classic-or-other,1,data/class/class-ranger.json,/subclassFeature/70/name,subclass-feature: Hollow Warden Spells,,,pending,,0.50,
Hone the Blade,subclass-feature,Mystic,Soul Knife,UATheMysticClass,classic-or-other,1,data/class/class-mystic.json,/subclassFeature/27/name,subclass-feature: Hone the Blade,,,pending,,0.50,
Honed Spellfire,subclass-feature,Sorcerer,Spellfire,FRHoF,classic-or-other,1,data/class/class-sorcerer.json,/subclassFeature/63/name,subclass-feature: Honed Spellfire,,,pending,,0.50,
Hungering Might,subclass-feature,Ranger,Hollow Warden,RHW,classic-or-other,1,data/class/class-ranger.json,/subclassFeature/72/name,subclass-feature: Hungering Might,,,pending,,0.50,
Hunter's Lore,subclass-feature,Ranger,Hunter,XPHB,one,1,data/class/class-ranger.json,/subclassFeature/95/name,subclass-feature: Hunter's Lore,,,pending,,0.50,
Hunter's Rime,subclass-feature,Ranger,Winter Walker,FRHoF,classic-or-other,1,data/class/class-ranger.json,/subclassFeature/63/name,subclass-feature: Hunter's Rime,,,pending,,0.50,
Illusionist,subclass-feature,Wizard,Illusionist,XPHB,one,1,data/class/class-wizard.json,/subclassFeature/115/name,subclass-feature: Illusionist,,,pending,,0.50,
Illusory Self,subclass-feature,Wizard,Illusion; Illusionist,PHB; XPHB,classic-or-other; one,2,data/class/class-wizard.json,/subclassFeature/45/name,subclass-feature: Illusory Self,,,pending,,0.50,
Immortal Durability,subclass-feature,Mystic,Immortal,UATheMysticClass,classic-or-other,1,data/class/class-mystic.json,/subclassFeature/14/name,subclass-feature: Immortal Durability,,,pending,,0.50,
Immortal Will,subclass-feature,Mystic,Immortal,UATheMysticClass,classic-or-other,1,data/class/class-mystic.json,/subclassFeature/17/name,subclass-feature: Immortal Will,,,pending,,0.50,
Improved Armorer,subclass-feature,Artificer,Armorer,EFA,classic-or-other,1,data/class/class-artificer.json,/subclassFeature/16/name,subclass-feature: Improved Armorer,,,pending,,0.50,
Improved Circle Forms,subclass-feature,Druid,Moon,XPHB,one,1,data/class/class-druid.json,/subclassFeature/62/name,subclass-feature: Improved Circle Forms,,,pending,,0.50,
Improved Combat Superiority,subclass-feature,Fighter,Battle Master,XPHB,one,1,data/class/class-fighter.json,/subclassFeature/101/name,subclass-feature: Improved Combat Superiority,,,pending,,0.50,
Improved Critical,subclass-feature,Fighter,Champion,PHB; XPHB,classic-or-other; one,2,data/class/class-fighter.json,/subclassFeature/22/name,subclass-feature: Improved Critical,強化重擊,精通重擊,conflict,5eclone.pingstudio.tw (preferred candidate); project glossary alternatives,0.65,5eclone candidate is listed first; alternatives require user approval.
Improved Illusions,subclass-feature,Wizard,Illusionist,XPHB,one,1,data/class/class-wizard.json,/subclassFeature/117/name,subclass-feature: Improved Illusions,,,pending,,0.50,
Improved Reanimation,subclass-feature,Artificer,Reanimator,RHW,classic-or-other,1,data/class/class-artificer.json,/subclassFeature/46/name,subclass-feature: Improved Reanimation,,,pending,,0.50,
Improved Shadow Step,subclass-feature,Monk,Shadow,XPHB,one,1,data/class/class-monk.json,/subclassFeature/84/name,subclass-feature: Improved Shadow Step,,,pending,,0.50,
Improved Warding Flare,subclass-feature,Cleric,Light,XPHB,one,1,data/class/class-cleric.json,/subclassFeature/201/name,subclass-feature: Improved Warding Flare,,,pending,,0.50,
Ingenious Movement,subclass-feature,Artificer,Cartographer,EFA,classic-or-other,1,data/class/class-artificer.json,/subclassFeature/39/name,subclass-feature: Ingenious Movement,,,pending,,0.50,
Inspiring Commander,subclass-feature,Fighter,Banneret,FRHoF,classic-or-other,1,data/class/class-fighter.json,/subclassFeature/95/name,subclass-feature: Inspiring Commander,,,pending,,0.50,
Inspiring Movement,subclass-feature,Bard,Dance,XPHB,one,1,data/class/class-bard.json,/subclassFeature/62/name,subclass-feature: Inspiring Movement,,,pending,,0.50,
Invoke Duplicity,subclass-feature,Cleric,Trickery,XPHB,one,1,data/class/class-cleric.json,/subclassFeature/205/name,subclass-feature: Invoke Duplicity,,,pending,,0.50,
Knightly Envoy,subclass-feature,Fighter,Banneret,FRHoF,classic-or-other,1,data/class/class-fighter.json,/subclassFeature/91/name,subclass-feature: Knightly Envoy,,,pending,,0.50,
Knowledge Domain Spells,subclass-feature,Cleric,Knowledge,FRHoF,classic-or-other,1,data/class/class-cleric.json,/subclassFeature/146/name,subclass-feature: Knowledge Domain Spells,,,pending,,0.50,
Land's Aid,subclass-feature,Druid,Land,XPHB,one,1,data/class/class-druid.json,/subclassFeature/55/name,subclass-feature: Land's Aid,,,pending,,0.50,
Leading Evasion,subclass-feature,Bard,Dance,XPHB,one,1,data/class/class-bard.json,/subclassFeature/64/name,subclass-feature: Leading Evasion,,,pending,,0.50,
Life Domain Spells,subclass-feature,Cleric,Life,XPHB,one,1,data/class/class-cleric.json,/subclassFeature/193/name,subclass-feature: Life Domain Spells,,,pending,,0.50,
Light Domain Spells,subclass-feature,Cleric,Light,XPHB,one,1,data/class/class-cleric.json,/subclassFeature/198/name,subclass-feature: Light Domain Spells,,,pending,,0.50,
Lightning Launcher,subclass-feature,Artificer,Armorer,TCE,classic-or-other,1,data/class/class-artificer.json,/subclassFeature/59/name,subclass-feature: Lightning Launcher,,,pending,,0.50,
Lunar Boons,subclass-feature,Sorcerer,Lunar,DSotDQ,classic-or-other,1,data/class/class-sorcerer.json,/subclassFeature/3/name,subclass-feature: Lunar Boons,,,pending,,0.50,
Lunar Embodiment,subclass-feature,Sorcerer,Lunar,DSotDQ,classic-or-other,1,data/class/class-sorcerer.json,/subclassFeature/1/name,subclass-feature: Lunar Embodiment,,,pending,,0.50,
Lunar Empowerment,subclass-feature,Sorcerer,Lunar,DSotDQ,classic-or-other,1,data/class/class-sorcerer.json,/subclassFeature/5/name,subclass-feature: Lunar Empowerment,,,pending,,0.50,
Lunar Form,subclass-feature,Druid,Moon,XPHB,one,1,data/class/class-druid.json,/subclassFeature/64/name,subclass-feature: Lunar Form,,,pending,,0.50,
Lunar Phenomenon,subclass-feature,Sorcerer,Lunar,DSotDQ,classic-or-other,1,data/class/class-sorcerer.json,/subclassFeature/6/name,subclass-feature: Lunar Phenomenon,,,pending,,0.50,
Lunar Sorcery,subclass-feature,Sorcerer,Lunar,DSotDQ,classic-or-other,2,data/class/class-sorcerer.json,/subclassFeature/0/name,subclass-feature: Lunar Sorcery,,,pending,,0.50,
Macabre Modifications,subclass-feature,Artificer,Reanimator,RHW,classic-or-other,1,data/class/class-artificer.json,/subclassFeature/47/name,subclass-feature: Macabre Modifications,,,pending,,0.50,
Magical Discoveries,subclass-feature,Bard,Lore,XPHB,one,1,data/class/class-bard.json,/subclassFeature/73/name,subclass-feature: Magical Discoveries,,,pending,,0.50,
Manipulate Elements,subclass-feature,Monk,Elements,XPHB,one,1,data/class/class-monk.json,/subclassFeature/61/name,subclass-feature: Manipulate Elements,,,pending,,0.50,
Mapping Magic,subclass-feature,Artificer,Cartographer,EFA,classic-or-other,1,data/class/class-artificer.json,/subclassFeature/36/name,subclass-feature: Mapping Magic,,,pending,,0.50,
Marid's Surge,subclass-feature,Paladin,Noble Genies,FRHoF,classic-or-other,1,data/class/class-paladin.json,/subclassFeature/86/name,subclass-feature: Marid's Surge,,,pending,,0.50,
Martial Training,subclass-feature,Bard; Mystic,Soul Knife; Valor,UATheMysticClass; XPHB,classic-or-other; one,2,data/class/class-bard.json,/subclassFeature/77/name,subclass-feature: Martial Training,,,pending,,0.50,
Memory of One Thousand Steps,subclass-feature,Mystic,Nomad,UATheMysticClass,classic-or-other,1,data/class/class-mystic.json,/subclassFeature/21/name,subclass-feature: Memory of One Thousand Steps,,,pending,,0.50,
Mighty Impel,subclass-feature,Barbarian,Giant,BGG,classic-or-other,1,data/class/class-barbarian.json,/subclassFeature/4/name,subclass-feature: Mighty Impel,,,pending,,0.50,
Mind Magic,subclass-feature,Cleric,Knowledge,FRHoF,classic-or-other,1,data/class/class-cleric.json,/subclassFeature/147/name,subclass-feature: Mind Magic,,,pending,,0.50,
Moon Fire,subclass-feature,Sorcerer,Lunar,DSotDQ,classic-or-other,1,data/class/class-sorcerer.json,/subclassFeature/2/name,subclass-feature: Moon Fire,,,pending,,0.50,
Moon's Inspiration,subclass-feature,Bard,Moon,FRHoF,classic-or-other,1,data/class/class-bard.json,/subclassFeature/47/name,subclass-feature: Moon's Inspiration,,,pending,,0.50,
Moonlight Step,subclass-feature,Druid,Moon,XPHB,one,1,data/class/class-druid.json,/subclassFeature/63/name,subclass-feature: Moonlight Step,,,pending,,0.50,
Mystical Connection,subclass-feature,Bard,Spirits,RHW; VRGR,classic-or-other,2,data/class/class-bard.json,/subclassFeature/26/name,subclass-feature: Mystical Connection,,,pending,,0.50,
Nature Speaker,subclass-feature,Barbarian,Wild Heart,XPHB,one,1,data/class/class-barbarian.json,/subclassFeature/83/name,subclass-feature: Nature Speaker,,,pending,,0.50,
Nature's Wrath,subclass-feature,Paladin,Ancients,PHB; XPHB,classic-or-other; one,2,data/class/class-paladin.json,/subclassFeature/10/name,subclass-feature: Nature's Wrath,,,pending,,0.50,
Noble Scion,subclass-feature,Paladin,Noble Genies,FRHoF,classic-or-other,1,data/class/class-paladin.json,/subclassFeature/90/name,subclass-feature: Noble Scion,,,pending,,0.50,
Oath of Devotion Spells,subclass-feature,Paladin,Devotion,XPHB,one,1,data/class/class-paladin.json,/subclassFeature/98/name,subclass-feature: Oath of Devotion Spells,,,pending,,0.50,
Oath of Glory Spells,subclass-feature,Paladin,Glory,XPHB,one,1,data/class/class-paladin.json,/subclassFeature/105/name,subclass-feature: Oath of Glory Spells,,,pending,,0.50,
Oath of the Ancients Spells,subclass-feature,Paladin,Ancients,XPHB,one,1,data/class/class-paladin.json,/subclassFeature/93/name,subclass-feature: Oath of the Ancients Spells,,,pending,,0.50,
Oath of the Noble Genies,subclass-feature,Paladin,Noble Genies,FRHoF,classic-or-other,1,data/class/class-paladin.json,/subclassFeature/87/name,subclass-feature: Oath of the Noble Genies,,,pending,,0.50,
Oath of Vengeance Spells,subclass-feature,Paladin,Vengeance,XPHB,one,1,data/class/class-paladin.json,/subclassFeature/111/name,subclass-feature: Oath of Vengeance Spells,,,pending,,0.50,
Oceanic Gift,subclass-feature,Druid,Sea,XPHB,one,1,data/class/class-druid.json,/subclassFeature/70/name,subclass-feature: Oceanic Gift,,,pending,,0.50,
Oketra's Blessing,subclass-feature,Cleric,Solidarity (PSA),PSA,classic-or-other,1,data/class/class-cleric.json,/subclassFeature/74/name,subclass-feature: Oketra's Blessing,,,pending,,0.50,
Order of the Avatar,subclass-feature,Mystic,Avatar,UATheMysticClass,classic-or-other,1,data/class/class-mystic.json,/subclassFeature/0/name,subclass-feature: Order of the Avatar,,,pending,,0.50,
Order of the Awakened,subclass-feature,Mystic,Awakened,UATheMysticClass,classic-or-other,1,data/class/class-mystic.json,/subclassFeature/6/name,subclass-feature: Order of the Awakened,,,pending,,0.50,
Order of the Immortal,subclass-feature,Mystic,Immortal,UATheMysticClass,classic-or-other,1,data/class/class-mystic.json,/subclassFeature/12/name,subclass-feature: Order of the Immortal,,,pending,,0.50,
Order of the Nomad,subclass-feature,Mystic,Nomad,UATheMysticClass,classic-or-other,1,data/class/class-mystic.json,/subclassFeature/18/name,subclass-feature: Order of the Nomad,,,pending,,0.50,
Order of the Soul Knife,subclass-feature,Mystic,Soul Knife,UATheMysticClass,classic-or-other,1,data/class/class-mystic.json,/subclassFeature/24/name,subclass-feature: Order of the Soul Knife,,,pending,,0.50,
Order of the Wu Jen,subclass-feature,Mystic,Wu Jen,UATheMysticClass,classic-or-other,1,data/class/class-mystic.json,/subclassFeature/30/name,subclass-feature: Order of the Wu Jen,,,pending,,0.50,
Path of the Giant,subclass-feature,Barbarian,Giant,BGG,classic-or-other,1,data/class/class-barbarian.json,/subclassFeature/2/name,subclass-feature: Path of the Giant,,,pending,,0.50,
Path of the Wild Heart,subclass-feature,Barbarian,Wild Heart,XPHB,one,1,data/class/class-barbarian.json,/subclassFeature/79/name,subclass-feature: Path of the Wild Heart,,,pending,,0.50,
Path of the World Tree,subclass-feature,Barbarian,World Tree,XPHB,one,1,data/class/class-barbarian.json,/subclassFeature/85/name,subclass-feature: Path of the World Tree,,,pending,,0.50,
Path to the Grave,subclass-feature,Cleric,Grave,RHW,classic-or-other,1,data/class/class-cleric.json,/subclassFeature/176/name,subclass-feature: Path to the Grave,,,pending,,0.50,
Perfected Bond,subclass-feature,Ranger,Drakewarden,FTD,classic-or-other,1,data/class/class-ranger.json,/subclassFeature/5/name,subclass-feature: Perfected Bond,,,pending,,0.50,
Phantasmal Creatures,subclass-feature,Wizard,Illusionist,XPHB,one,1,data/class/class-wizard.json,/subclassFeature/118/name,subclass-feature: Phantasmal Creatures,,,pending,,0.50,
Phantom Knife,subclass-feature,Mystic,Soul Knife,UATheMysticClass,classic-or-other,1,data/class/class-mystic.json,/subclassFeature/29/name,subclass-feature: Phantom Knife,,,pending,,0.50,
Power of Shadow,subclass-feature,Sorcerer,Shadow,RHW,classic-or-other,1,data/class/class-sorcerer.json,/subclassFeature/68/name,subclass-feature: Power of Shadow,,,pending,,0.50,
Power of the Wilds,subclass-feature,Barbarian,Wild Heart,XPHB,one,1,data/class/class-barbarian.json,/subclassFeature/84/name,subclass-feature: Power of the Wilds,,,pending,,0.50,
Powered Steps,subclass-feature,Artificer,Armorer,TCE,classic-or-other,1,data/class/class-artificer.json,/subclassFeature/60/name,subclass-feature: Powered Steps,,,pending,,0.50,
Preserve Life,subclass-feature,Cleric,Life,XPHB,one,1,data/class/class-cleric.json,/subclassFeature/194/name,subclass-feature: Preserve Life,,,pending,,0.50,
Priest of Zeal,subclass-feature,Cleric,Zeal (PSA),PSA,classic-or-other,1,data/class/class-cleric.json,/subclassFeature/88/name,subclass-feature: Priest of Zeal,,,pending,,0.50,
Primal Lore,subclass-feature,Bard,Moon,FRHoF,classic-or-other,1,data/class/class-bard.json,/subclassFeature/48/name,subclass-feature: Primal Lore,,,pending,,0.50,
Psi-Powered Leap,subclass-feature,Fighter,Psi Warrior,TCE; XPHB,classic-or-other; one,2,data/class/class-fighter.json,/subclassFeature/46/name,subclass-feature: Psi-Powered Leap,,,pending,,0.50,
Psionic Investigation,subclass-feature,Mystic,Awakened,UATheMysticClass,classic-or-other,1,data/class/class-mystic.json,/subclassFeature/9/name,subclass-feature: Psionic Investigation,,,pending,,0.50,
Psionic Power,subclass-feature,Fighter; Rogue,Psi Warrior; Soulknife,TCE; XPHB,classic-or-other; one,4,data/class/class-fighter.json,/subclassFeature/45/name,subclass-feature: Psionic Power,靈能力量,靈能天賦,conflict,5eclone.pingstudio.tw (preferred candidate); project glossary alternatives,0.65,5eclone candidate is listed first; alternatives require user approval.
Psionic Resilience,subclass-feature,Mystic,Immortal,UATheMysticClass,classic-or-other,1,data/class/class-mystic.json,/subclassFeature/15/name,subclass-feature: Psionic Resilience,,,pending,,0.50,
Psionic Surge,subclass-feature,Mystic,Awakened,UATheMysticClass,classic-or-other,1,data/class/class-mystic.json,/subclassFeature/10/name,subclass-feature: Psionic Surge,,,pending,,0.50,
Psychic Blades,subclass-feature,Bard; Rogue,Soulknife; Whispers,TCE; XGE; XPHB,classic-or-other; one,3,data/class/class-bard.json,/subclassFeature/42/name,subclass-feature: Psychic Blades,念刃,精神之刃,conflict,5eclone.pingstudio.tw (preferred candidate); project glossary alternatives,0.65,5eclone candidate is listed first; alternatives require user approval.
Psychic Spells,subclass-feature,Warlock,Great Old One,XPHB,one,1,data/class/class-warlock.json,/subclassFeature/87/name,subclass-feature: Psychic Spells,,,pending,,0.50,
Pyromancer (PSK),subclass-feature,Sorcerer,Pyromancer (PSK),PSK,classic-or-other,2,data/class/class-sorcerer.json,/subclassFeature/19/name,subclass-feature: Pyromancer (PSK),,,pending,,0.50,
Pyromancer's Fury,subclass-feature,Sorcerer,Pyromancer (PSK),PSK,classic-or-other,1,data/class/class-sorcerer.json,/subclassFeature/22/name,subclass-feature: Pyromancer's Fury,,,pending,,0.50,
Radiance of the Dawn,subclass-feature,Cleric,Light,XPHB,one,1,data/class/class-cleric.json,/subclassFeature/199/name,subclass-feature: Radiance of the Dawn,,,pending,,0.50,
Radiant Fire,subclass-feature,Sorcerer,Spellfire,FRHoF,classic-or-other,1,data/class/class-sorcerer.json,/subclassFeature/58/name,subclass-feature: Radiant Fire,,,pending,,0.50,
Rage of the Gods,subclass-feature,Barbarian,Zealot,XPHB,one,1,data/class/class-barbarian.json,/subclassFeature/95/name,subclass-feature: Rage of the Gods,,,pending,,0.50,
Rage of the Wilds,subclass-feature,Barbarian,Wild Heart,XPHB,one,1,data/class/class-barbarian.json,/subclassFeature/81/name,subclass-feature: Rage of the Wilds,,,pending,,0.50,
Rallying Surge,subclass-feature,Fighter,Banneret,FRHoF,classic-or-other,1,data/class/class-fighter.json,/subclassFeature/93/name,subclass-feature: Rallying Surge,,,pending,,0.50,
Reanimated Companion,subclass-feature,Artificer,Reanimator,RHW,classic-or-other,1,data/class/class-artificer.json,/subclassFeature/41/name,subclass-feature: Reanimated Companion,,,pending,,0.50,
Reanimator,subclass-feature,Artificer,Reanimator,RHW,classic-or-other,1,data/class/class-artificer.json,/subclassFeature/42/name,subclass-feature: Reanimator,,,pending,,0.50,
Reanimator Spells,subclass-feature,Artificer,Reanimator,RHW,classic-or-other,1,data/class/class-artificer.json,/subclassFeature/43/name,subclass-feature: Reanimator Spells,,,pending,,0.50,
Reanimator's Skill Set,subclass-feature,Artificer,Reanimator,RHW,classic-or-other,1,data/class/class-artificer.json,/subclassFeature/44/name,subclass-feature: Reanimator's Skill Set,,,pending,,0.50,
Rebuke the Violent,subclass-feature,Paladin,Redemption,XGE,classic-or-other,1,data/class/class-paladin.json,/subclassFeature/75/name,subclass-feature: Rebuke the Violent,,,pending,,0.50,
Refined Reanimation,subclass-feature,Artificer,Reanimator,RHW,classic-or-other,1,data/class/class-artificer.json,/subclassFeature/48/name,subclass-feature: Refined Reanimation,,,pending,,0.50,
Resounding Strike,subclass-feature,Cleric,Zeal (PSA),PSA,classic-or-other,1,data/class/class-cleric.json,/subclassFeature/90/name,subclass-feature: Resounding Strike,,,pending,,0.50,
Restriction—Dwarves Only,subclass-feature,Barbarian,Battlerager,SCAG,classic-or-other,1,data/class/class-barbarian.json,/subclassFeature/34/name,subclass-feature: Restriction—Dwarves Only,,,pending,,0.50,
Rhonas's Blessing,subclass-feature,Cleric,Strength (PSA),PSA,classic-or-other,1,data/class/class-cleric.json,/subclassFeature/82/name,subclass-feature: Rhonas's Blessing,,,pending,,0.50,
Rot and Violence,subclass-feature,Ranger,Hollow Warden,RHW,classic-or-other,1,data/class/class-ranger.json,/subclassFeature/73/name,subclass-feature: Rot and Violence,,,pending,,0.50,
Sacred Weapon,subclass-feature,Paladin,Devotion,PHB; XPHB,classic-or-other; one,2,data/class/class-paladin.json,/subclassFeature/20/name,subclass-feature: Sacred Weapon,,,pending,,0.50,
Scion of the Three,subclass-feature,Rogue,Scion of the Three,FRHoF,classic-or-other,1,data/class/class-rogue.json,/subclassFeature/61/name,subclass-feature: Scion of the Three,,,pending,,0.50,
Shadow Sorcery,subclass-feature,Sorcerer,Shadow,RHW,classic-or-other,1,data/class/class-sorcerer.json,/subclassFeature/69/name,subclass-feature: Shadow Sorcery,,,pending,,0.50,
Shadow Spells,subclass-feature,Sorcerer,Shadow,RHW,classic-or-other,1,data/class/class-sorcerer.json,/subclassFeature/70/name,subclass-feature: Shadow Spells,,,pending,,0.50,
Shadowy Figments,subclass-feature,Monk,Shadow,XPHB,one,1,data/class/class-monk.json,/subclassFeature/82/name,subclass-feature: Shadowy Figments,,,pending,,0.50,
Shared Resilience,subclass-feature,Fighter,Banneret,FRHoF,classic-or-other,1,data/class/class-fighter.json,/subclassFeature/94/name,subclass-feature: Shared Resilience,,,pending,,0.50,
Smite of Protection,subclass-feature,Paladin,Devotion,XPHB,one,1,data/class/class-paladin.json,/subclassFeature/101/name,subclass-feature: Smite of Protection,,,pending,,0.50,
Solidarity Domain (PSA),subclass-feature,Cleric,Solidarity (PSA),PSA,classic-or-other,2,data/class/class-cleric.json,/subclassFeature/70/name,subclass-feature: Solidarity Domain (PSA),,,pending,,0.50,
Solidarity's Action,subclass-feature,Cleric,Solidarity (PSA),PSA,classic-or-other,1,data/class/class-cleric.json,/subclassFeature/72/name,subclass-feature: Solidarity's Action,,,pending,,0.50,
Soul Knife,subclass-feature,Mystic,Soul Knife,UATheMysticClass,classic-or-other,1,data/class/class-mystic.json,/subclassFeature/26/name,subclass-feature: Soul Knife,,,pending,,0.50,
Spectral Form,subclass-feature,Mystic,Awakened,UATheMysticClass,classic-or-other,1,data/class/class-mystic.json,/subclassFeature/11/name,subclass-feature: Spectral Form,,,pending,,0.50,
Spellfire Burst,subclass-feature,Sorcerer,Spellfire,FRHoF,classic-or-other,1,data/class/class-sorcerer.json,/subclassFeature/59/name,subclass-feature: Spellfire Burst,,,pending,,0.50,
Spellfire Sorcery,subclass-feature,Sorcerer,Spellfire,FRHoF,classic-or-other,1,data/class/class-sorcerer.json,/subclassFeature/60/name,subclass-feature: Spellfire Sorcery,,,pending,,0.50,
Spellfire Spells,subclass-feature,Sorcerer,Spellfire,FRHoF,classic-or-other,1,data/class/class-sorcerer.json,/subclassFeature/61/name,subclass-feature: Spellfire Spells,,,pending,,0.50,
Spirit Session,subclass-feature,Bard,Spirits,VRGR,classic-or-other,1,data/class/class-bard.json,/subclassFeature/25/name,subclass-feature: Spirit Session,,,pending,,0.50,
Spirits from Beyond,subclass-feature,Bard,Spirits,RHW,classic-or-other,1,data/class/class-bard.json,/subclassFeature/53/name,subclass-feature: Spirits from Beyond,,,pending,,0.50,
Steps of the Fey,subclass-feature,Warlock,Archfey,XPHB,one,1,data/class/class-warlock.json,/subclassFeature/68/name,subclass-feature: Steps of the Fey,,,pending,,0.50,
Strange Modifications,subclass-feature,Artificer,Reanimator,RHW,classic-or-other,1,data/class/class-artificer.json,/subclassFeature/45/name,subclass-feature: Strange Modifications,,,pending,,0.50,
Strength Domain (PSA),subclass-feature,Cleric,Strength (PSA),PSA,classic-or-other,2,data/class/class-cleric.json,/subclassFeature/78/name,subclass-feature: Strength Domain (PSA),,,pending,,0.50,
Stride of the Elements,subclass-feature,Monk,Elements,XPHB,one,1,data/class/class-monk.json,/subclassFeature/64/name,subclass-feature: Stride of the Elements,,,pending,,0.50,
Strike Fear,subclass-feature,Rogue,Scion of the Three,FRHoF,classic-or-other,1,data/class/class-rogue.json,/subclassFeature/62/name,subclass-feature: Strike Fear,,,pending,,0.50,
Superior Atlas,subclass-feature,Artificer,Cartographer,EFA,classic-or-other,1,data/class/class-artificer.json,/subclassFeature/40/name,subclass-feature: Superior Atlas,,,pending,,0.50,
Superior Dread,subclass-feature,Warlock,Undead,RHW,classic-or-other,1,data/class/class-warlock.json,/subclassFeature/59/name,subclass-feature: Superior Dread,,,pending,,0.50,
Superior Hunter's Prey,subclass-feature,Ranger,Hunter,XPHB,one,1,data/class/class-ranger.json,/subclassFeature/98/name,subclass-feature: Superior Hunter's Prey,,,pending,,0.50,
Superior Teleportation,subclass-feature,Mystic,Nomad,UATheMysticClass,classic-or-other,1,data/class/class-mystic.json,/subclassFeature/22/name,subclass-feature: Superior Teleportation,,,pending,,0.50,
Surge of Health,subclass-feature,Mystic,Immortal,UATheMysticClass,classic-or-other,1,data/class/class-mystic.json,/subclassFeature/16/name,subclass-feature: Surge of Health,,,pending,,0.50,
Tamed Surge,subclass-feature,Sorcerer,Wild Magic,XPHB,one,1,data/class/class-sorcerer.json,/subclassFeature/103/name,subclass-feature: Tamed Surge,,,pending,,0.50,
Tandem Footwork,subclass-feature,Bard,Dance,XPHB,one,1,data/class/class-bard.json,/subclassFeature/63/name,subclass-feature: Tandem Footwork,,,pending,,0.50,
Team Tactics,subclass-feature,Fighter,Banneret,FRHoF,classic-or-other,1,data/class/class-fighter.json,/subclassFeature/92/name,subclass-feature: Team Tactics,,,pending,,0.50,
Telekinetic Thrust,subclass-feature,Fighter,Psi Warrior,TCE; XPHB,classic-or-other; one,2,data/class/class-fighter.json,/subclassFeature/47/name,subclass-feature: Telekinetic Thrust,,,pending,,0.50,
Thunder Gauntlets,subclass-feature,Artificer,Armorer,TCE,classic-or-other,1,data/class/class-artificer.json,/subclassFeature/61/name,subclass-feature: Thunder Gauntlets,,,pending,,0.50,
Training in War and Song,subclass-feature,Wizard,Bladesinger,FRHoF,classic-or-other,1,data/class/class-wizard.json,/subclassFeature/82/name,subclass-feature: Training in War and Song,,,pending,,0.50,
Travel Along the Tree,subclass-feature,Barbarian,World Tree,XPHB,one,1,data/class/class-barbarian.json,/subclassFeature/89/name,subclass-feature: Travel Along the Tree,,,pending,,0.50,
Trickery Domain Spells,subclass-feature,Cleric,Trickery,XPHB,one,1,data/class/class-cleric.json,/subclassFeature/206/name,subclass-feature: Trickery Domain Spells,,,pending,,0.50,
Trickster's Transposition,subclass-feature,Cleric,Trickery,XPHB,one,1,data/class/class-cleric.json,/subclassFeature/207/name,subclass-feature: Trickster's Transposition,,,pending,,0.50,
Turn the Faithless,subclass-feature,Paladin,Ancients,PHB,classic-or-other,1,data/class/class-paladin.json,/subclassFeature/13/name,subclass-feature: Turn the Faithless,,,pending,,0.50,
Turn the Tide,subclass-feature,Paladin,Crown,SCAG,classic-or-other,1,data/class/class-paladin.json,/subclassFeature/40/name,subclass-feature: Turn the Tide,,,pending,,0.50,
Turn the Unholy,subclass-feature,Paladin,Devotion,PHB,classic-or-other,1,data/class/class-paladin.json,/subclassFeature/22/name,subclass-feature: Turn the Unholy,,,pending,,0.50,
Ultimate Combat Superiority,subclass-feature,Fighter,Battle Master,XPHB,one,1,data/class/class-fighter.json,/subclassFeature/103/name,subclass-feature: Ultimate Combat Superiority,,,pending,,0.50,
Undead Patron,subclass-feature,Warlock,Undead,RHW,classic-or-other,1,data/class/class-warlock.json,/subclassFeature/54/name,subclass-feature: Undead Patron,,,pending,,0.50,
Undead Spells,subclass-feature,Warlock,Undead,RHW,classic-or-other,1,data/class/class-warlock.json,/subclassFeature/56/name,subclass-feature: Undead Spells,,,pending,,0.50,
Unfettered Mind,subclass-feature,Cleric,Knowledge,FRHoF,classic-or-other,1,data/class/class-cleric.json,/subclassFeature/148/name,subclass-feature: Unfettered Mind,,,pending,,0.50,
Vitality of the Tree,subclass-feature,Barbarian,World Tree,XPHB,one,1,data/class/class-barbarian.json,/subclassFeature/86/name,subclass-feature: Vitality of the Tree,,,pending,,0.50,
Voice of Death,subclass-feature,Rogue,Phantom,RHW,classic-or-other,1,data/class/class-rogue.json,/subclassFeature/69/name,subclass-feature: Voice of Death,,,pending,,0.50,
Vow of Enmity,subclass-feature,Paladin,Vengeance,PHB; XPHB,classic-or-other; one,2,data/class/class-paladin.json,/subclassFeature/31/name,subclass-feature: Vow of Enmity,,,pending,,0.50,
War Bond,subclass-feature,Fighter,Eldritch Knight,XPHB,one,1,data/class/class-fighter.json,/subclassFeature/113/name,subclass-feature: War Bond,,,pending,,0.50,
War Domain Spells,subclass-feature,Cleric,War,XPHB,one,1,data/class/class-cleric.json,/subclassFeature/211/name,subclass-feature: War Domain Spells,,,pending,,0.50,
War God's Blessing,subclass-feature,Cleric,War,XPHB,one,1,data/class/class-cleric.json,/subclassFeature/213/name,subclass-feature: War God's Blessing,,,pending,,0.50,
Warrior of Mercy,subclass-feature,Monk,Mercy,XPHB,one,1,data/class/class-monk.json,/subclassFeature/66/name,subclass-feature: Warrior of Mercy,,,pending,,0.50,
Warrior of Shadow,subclass-feature,Monk,Shadow,XPHB,one,1,data/class/class-monk.json,/subclassFeature/79/name,subclass-feature: Warrior of Shadow,,,pending,,0.50,
Warrior of the Elements,subclass-feature,Monk,Elements,XPHB,one,1,data/class/class-monk.json,/subclassFeature/62/name,subclass-feature: Warrior of the Elements,,,pending,,0.50,
Warrior of the Open Hand,subclass-feature,Monk,Open Hand,XPHB,one,1,data/class/class-monk.json,/subclassFeature/74/name,subclass-feature: Warrior of the Open Hand,,,pending,,0.50,
Waxing and Waning,subclass-feature,Sorcerer,Lunar,DSotDQ,classic-or-other,1,data/class/class-sorcerer.json,/subclassFeature/4/name,subclass-feature: Waxing and Waning,,,pending,,0.50,
Way of the Ascendant Dragon,subclass-feature,Monk,Ascendant Dragon,FTD,classic-or-other,1,data/class/class-monk.json,/subclassFeature/0/name,subclass-feature: Way of the Ascendant Dragon,,,pending,,0.50,
Wild Magic Sorcery,subclass-feature,Sorcerer,Wild Magic,XPHB,one,1,data/class/class-sorcerer.json,/subclassFeature/98/name,subclass-feature: Wild Magic Sorcery,,,pending,,0.50,
Wings Unfurled,subclass-feature,Monk,Ascendant Dragon,FTD,classic-or-other,1,data/class/class-monk.json,/subclassFeature/3/name,subclass-feature: Wings Unfurled,,,pending,,0.50,
Winter Walker,subclass-feature,Ranger,Winter Walker,FRHoF,classic-or-other,1,data/class/class-ranger.json,/subclassFeature/64/name,subclass-feature: Winter Walker,,,pending,,0.50,
Winter Walker Spells,subclass-feature,Ranger,Winter Walker,FRHoF,classic-or-other,1,data/class/class-ranger.json,/subclassFeature/65/name,subclass-feature: Winter Walker Spells,,,pending,,0.50,
Wrath of the Sea,subclass-feature,Druid,Sea,XPHB,one,1,data/class/class-druid.json,/subclassFeature/67/name,subclass-feature: Wrath of the Sea,,,pending,,0.50,
Wrath of the Wild,subclass-feature,Ranger,Hollow Warden,RHW,classic-or-other,1,data/class/class-ranger.json,/subclassFeature/71/name,subclass-feature: Wrath of the Wild,,,pending,,0.50,
Zeal Domain (PSA),subclass-feature,Cleric,Zeal (PSA),PSA,classic-or-other,2,data/class/class-cleric.json,/subclassFeature/86/name,subclass-feature: Zeal Domain (PSA),,,pending,,0.50,
