english,category,classes,subclasses,sources,editions,occurrences,first_file,first_json_pointer,representative_context,proposed_zh_tw,alternative_zh_tw,status,translation_source,confidence,notes
Artificer,class,Artificer,,EFA; TCE,classic; one,2,data/class/class-artificer.json,/class/0/name,class: Artificer,奇械師,,proposed,5eclone.pingstudio.tw (legacy exact ENG_name match),0.85,
Barbarian,class,Barbarian,,PHB; XPHB,classic; one,2,data/class/class-barbarian.json,/class/0/name,class: Barbarian,野蠻人,,proposed,5eclone.pingstudio.tw (legacy exact ENG_name match),0.85,
Bard,class,Bard,,PHB; XPHB,classic; one,2,data/class/class-bard.json,/class/0/name,class: Bard,吟遊詩人,,proposed,5eclone.pingstudio.tw (legacy exact ENG_name match),0.85,
Cleric,class,Cleric,,PHB; XPHB,classic; one,2,data/class/class-cleric.json,/class/0/name,class: Cleric,牧師,,proposed,5eclone.pingstudio.tw (legacy exact ENG_name match),0.85,
Druid,class,Druid,,PHB; XPHB,classic; one,2,data/class/class-druid.json,/class/0/name,class: Druid,德魯伊,,proposed,5eclone.pingstudio.tw (legacy exact ENG_name match),0.85,
Expert Sidekick,class,Expert Sidekick,,TCE,classic,1,data/class/class-sidekick.json,/class/0/name,class: Expert Sidekick,專家協力者,,proposed,5eclone.pingstudio.tw (legacy exact ENG_name match),0.85,
Fighter,class,Fighter,,PHB; XPHB,classic; one,2,data/class/class-fighter.json,/class/0/name,class: Fighter,戰士,,proposed,5eclone.pingstudio.tw (legacy exact ENG_name match),0.85,
Monk,class,Monk,,PHB; XPHB,classic; one,2,data/class/class-monk.json,/class/0/name,class: Monk,武僧,,proposed,5eclone.pingstudio.tw (legacy exact ENG_name match),0.85,
Mystic,class,Mystic,,UATheMysticClass,classic,1,data/class/class-mystic.json,/class/0/name,class: Mystic,秘術師,靈能師,proposed,community candidate,0.95,UA psionic class; 5eclone lacks an ENG_name mapping
Paladin,class,Paladin,,PHB; XPHB,classic; one,2,data/class/class-paladin.json,/class/0/name,class: Paladin,聖武士,,proposed,5eclone.pingstudio.tw (legacy exact ENG_name match),0.85,
Ranger,class,Ranger,,PHB; XPHB,classic; one,2,data/class/class-ranger.json,/class/0/name,class: Ranger,遊俠,,proposed,5eclone.pingstudio.tw (legacy exact ENG_name match),0.85,
Rogue,class,Rogue,,PHB; XPHB,classic; one,2,data/class/class-rogue.json,/class/0/name,class: Rogue,遊蕩者,盜賊,conflict,5eclone.pingstudio.tw (preferred candidate); project glossary alternatives,0.65,5eclone candidate is listed first; alternatives require user approval.
Sorcerer,class,Sorcerer,,PHB; XPHB,classic; one,2,data/class/class-sorcerer.json,/class/0/name,class: Sorcerer,術士,,proposed,5eclone.pingstudio.tw (legacy exact ENG_name match),0.85,
Spellcaster Sidekick,class,Spellcaster Sidekick,,TCE,classic,1,data/class/class-sidekick.json,/class/1/name,class: Spellcaster Sidekick,施法協力者,,proposed,5eclone.pingstudio.tw (legacy exact ENG_name match),0.85,
Warlock,class,Warlock,,PHB; XPHB,classic; one,2,data/class/class-warlock.json,/class/0/name,class: Warlock,契術師,邪術師,conflict,5eclone.pingstudio.tw (preferred candidate); project glossary alternatives,0.65,5eclone candidate is listed first; alternatives require user approval.
Warrior Sidekick,class,Warrior Sidekick,,TCE,classic,1,data/class/class-sidekick.json,/class/2/name,class: Warrior Sidekick,武者協力者,,proposed,5eclone.pingstudio.tw (legacy exact ENG_name match),0.85,
Wizard,class,Wizard,,PHB; XPHB,classic; one,2,data/class/class-wizard.json,/class/0/name,class: Wizard,法師,,proposed,5eclone.pingstudio.tw (legacy exact ENG_name match),0.85,
Ability Score Improvement,class-feature,Artificer; Barbarian; Bard; Cleric; Druid; Expert Sidekick; Fighter; Monk; Mystic; Paladin; Ranger; Rogue; Sorcerer; Spellcaster Sidekick; Warlock; Warrior Sidekick; Wizard,,EFA; PHB; TCE; UATheMysticClass; XPHB,classic-or-other; one,145,data/class/class-artificer.json,/classFeature/4/name,class-feature: Ability Score Improvement,屬性值提升,,proposed,5eclone.pingstudio.tw (legacy exact ENG_name match),0.85,
Abjure Foes,class-feature,Paladin,,XPHB,one,1,data/class/class-paladin.json,/classFeature/38/name,class-feature: Abjure Foes,,,pending,,0.50,
Acrobatic Movement,class-feature,Monk,,XPHB,one,1,data/class/class-monk.json,/classFeature/55/name,class-feature: Acrobatic Movement,,,pending,,0.50,
Action Surge,class-feature,Fighter,,PHB; XPHB,classic-or-other; one,3,data/class/class-fighter.json,/classFeature/2/name,class-feature: Action Surge,動作如潮,,proposed,5eclone.pingstudio.tw (legacy exact ENG_name match),0.85,
Action Surge (two uses),class-feature,Fighter,,PHB,classic-or-other,1,data/class/class-fighter.json,/classFeature/18/name,class-feature: Action Surge (two uses),動作如潮(2次),,proposed,5eclone.pingstudio.tw (legacy exact ENG_name match),0.85,
Advanced Artifice,class-feature,Artificer,,EFA,classic-or-other,1,data/class/class-artificer.json,/classFeature/13/name,class-feature: Advanced Artifice,,,pending,,0.50,
Arcane Apotheosis,class-feature,Sorcerer,,XPHB,one,1,data/class/class-sorcerer.json,/classFeature/38/name,class-feature: Arcane Apotheosis,,,pending,,0.50,
Arcane Recovery,class-feature,Wizard,,PHB; XPHB,classic-or-other; one,2,data/class/class-wizard.json,/classFeature/0/name,class-feature: Arcane Recovery,奧術恢復,,proposed,5eclone.pingstudio.tw (legacy exact ENG_name match),0.85,
Arcane Tradition,class-feature,Wizard,,PHB,classic-or-other,1,data/class/class-wizard.json,/classFeature/2/name,class-feature: Arcane Tradition,奧法學派,,proposed,5eclone.pingstudio.tw (legacy exact ENG_name match),0.85,
Arcane Tradition feature,class-feature,Wizard,,PHB,classic-or-other,3,data/class/class-wizard.json,/classFeature/5/name,class-feature: Arcane Tradition feature,奧法學派能力,,proposed,5eclone.pingstudio.tw (legacy exact ENG_name match),0.85,
Archdruid,class-feature,Druid,,PHB; XPHB,classic-or-other; one,2,data/class/class-druid.json,/classFeature/18/name,class-feature: Archdruid,大德魯伊,,proposed,5eclone.pingstudio.tw (legacy exact ENG_name match),0.85,
Artificer Specialist,class-feature,Artificer,,TCE,classic-or-other,1,data/class/class-artificer.json,/classFeature/24/name,class-feature: Artificer Specialist,奇械師專業,,proposed,5eclone.pingstudio.tw (legacy exact ENG_name match),0.85,
Artificer Specialist Feature,class-feature,Artificer,,TCE,classic-or-other,3,data/class/class-artificer.json,/classFeature/27/name,class-feature: Artificer Specialist Feature,奇械師專業能力,,proposed,5eclone.pingstudio.tw (legacy exact ENG_name match),0.85,
Artificer Subclass,class-feature,Artificer,,EFA,classic-or-other,1,data/class/class-artificer.json,/classFeature/3/name,class-feature: Artificer Subclass,,,pending,,0.50,
Aura Expansion,class-feature,Paladin,,XPHB,one,1,data/class/class-paladin.json,/classFeature/45/name,class-feature: Aura Expansion,,,pending,,0.50,
Aura improvements,class-feature,Paladin,,PHB,classic-or-other,1,data/class/class-paladin.json,/classFeature/21/name,class-feature: Aura improvements,靈光強化,,proposed,5eclone.pingstudio.tw (legacy exact ENG_name match),0.85,
Aura of Courage,class-feature,Paladin,,PHB; XPHB,classic-or-other; one,2,data/class/class-paladin.json,/classFeature/15/name,class-feature: Aura of Courage,勇氣靈光,,proposed,5eclone.pingstudio.tw (legacy exact ENG_name match),0.85,
Aura of Protection,class-feature,Paladin,,PHB; XPHB,classic-or-other; one,2,data/class/class-paladin.json,/classFeature/12/name,class-feature: Aura of Protection,守護靈光,,proposed,5eclone.pingstudio.tw (legacy exact ENG_name match),0.85,
Barbarian Subclass,class-feature,Barbarian,,XPHB,one,1,data/class/class-barbarian.json,/classFeature/30/name,class-feature: Barbarian Subclass,,,pending,,0.50,
Bard College,class-feature,Bard,,PHB,classic-or-other,1,data/class/class-bard.json,/classFeature/5/name,class-feature: Bard College,吟遊學院,,proposed,5eclone.pingstudio.tw (legacy exact ENG_name match),0.85,
Bard College feature,class-feature,Bard,,PHB,classic-or-other,2,data/class/class-bard.json,/classFeature/11/name,class-feature: Bard College feature,吟遊學院能力,,proposed,5eclone.pingstudio.tw (legacy exact ENG_name match),0.85,
Bard Subclass,class-feature,Bard,,XPHB,one,1,data/class/class-bard.json,/classFeature/32/name,class-feature: Bard Subclass,,,pending,,0.50,
Bardic Inspiration,class-feature,Bard,,PHB; XPHB,classic-or-other; one,2,data/class/class-bard.json,/classFeature/0/name,class-feature: Bardic Inspiration,吟遊激勵,吟遊激勵(d8),conflict,5eclone.pingstudio.tw (preferred candidate); project glossary alternatives,0.65,5eclone candidate is listed first; alternatives require user approval.
Bardic Inspiration (d10),class-feature,Bard,,PHB,classic-or-other,1,data/class/class-bard.json,/classFeature/15/name,class-feature: Bardic Inspiration (d10),吟遊激勵(d10),,proposed,5eclone.pingstudio.tw (legacy exact ENG_name match),0.85,
Bardic Inspiration (d12),class-feature,Bard,,PHB,classic-or-other,1,data/class/class-bard.json,/classFeature/22/name,class-feature: Bardic Inspiration (d12),吟遊激勵(d12),,proposed,5eclone.pingstudio.tw (legacy exact ENG_name match),0.85,
Bardic Inspiration (d8),class-feature,Bard,,PHB,classic-or-other,1,data/class/class-bard.json,/classFeature/9/name,class-feature: Bardic Inspiration (d8),,,pending,,0.50,
Bardic Versatility,class-feature,Bard,,TCE,classic-or-other,1,data/class/class-bard.json,/classFeature/8/name,class-feature: Bardic Versatility,多才詩人,,proposed,5eclone.pingstudio.tw (legacy exact ENG_name match),0.85,
Battle Readiness,class-feature,Warrior Sidekick,,TCE,classic-or-other,1,data/class/class-sidekick.json,/classFeature/36/name,class-feature: Battle Readiness,備戰,,proposed,5eclone.pingstudio.tw (legacy exact ENG_name match),0.85,
Beast Spells,class-feature,Druid,,PHB; XPHB,classic-or-other; one,2,data/class/class-druid.json,/classFeature/15/name,class-feature: Beast Spells,野獸施法,,proposed,5eclone.pingstudio.tw (legacy exact ENG_name match),0.85,
Blessed Strikes,class-feature,Cleric,,XPHB,one,1,data/class/class-cleric.json,/classFeature/35/name,class-feature: Blessed Strikes,受祝擊,,proposed,5eclone.pingstudio.tw (legacy exact ENG_name match),0.85,
Blindsense,class-feature,Rogue,,PHB,classic-or-other,1,data/class/class-rogue.json,/classFeature/16/name,class-feature: Blindsense,盲感,,proposed,5eclone.pingstudio.tw (legacy exact ENG_name match),0.85,
Body and Mind,class-feature,Monk,,XPHB,one,1,data/class/class-monk.json,/classFeature/67/name,class-feature: Body and Mind,,,pending,,0.50,
Bonus Proficiencies,class-feature,Expert Sidekick; Spellcaster Sidekick; Warrior Sidekick,,TCE,classic-or-other,3,data/class/class-sidekick.json,/classFeature/0/name,class-feature: Bonus Proficiencies,額外熟練,額外熟練項,conflict,5eclone.pingstudio.tw (preferred candidate); project glossary alternatives,0.65,5eclone candidate is listed first; alternatives require user approval.
Bonus Unarmed Strike,class-feature,Monk,,XPHB,one,1,data/class/class-monk.json,/classFeature/34/name,class-feature: Bonus Unarmed Strike,,,pending,,0.50,
Brutal Critical (1 die),class-feature,Barbarian,,PHB,classic-or-other,1,data/class/class-barbarian.json,/classFeature/13/name,class-feature: Brutal Critical (1 die),兇蠻重擊(1顆骰),,proposed,5eclone.pingstudio.tw (legacy exact ENG_name match),0.85,
Brutal Critical (2 dice),class-feature,Barbarian,,PHB,classic-or-other,1,data/class/class-barbarian.json,/classFeature/17/name,class-feature: Brutal Critical (2 dice),兇蠻重擊(2顆骰),,proposed,5eclone.pingstudio.tw (legacy exact ENG_name match),0.85,
Brutal Critical (3 dice),class-feature,Barbarian,,PHB,classic-or-other,1,data/class/class-barbarian.json,/classFeature/21/name,class-feature: Brutal Critical (3 dice),兇蠻重擊(3顆骰),,proposed,5eclone.pingstudio.tw (legacy exact ENG_name match),0.85,
Brutal Strike,class-feature,Barbarian,,XPHB,one,1,data/class/class-barbarian.json,/classFeature/39/name,class-feature: Brutal Strike,,,pending,,0.50,
Cantrip Formulas,class-feature,Wizard,,TCE,classic-or-other,1,data/class/class-wizard.json,/classFeature/3/name,class-feature: Cantrip Formulas,戲法公式,,proposed,5eclone.pingstudio.tw (legacy exact ENG_name match),0.85,
Cantrip Versatility,class-feature,Cleric; Druid,,TCE,classic-or-other,2,data/class/class-cleric.json,/classFeature/7/name,class-feature: Cantrip Versatility,替換戲法,,proposed,5eclone.pingstudio.tw (legacy exact ENG_name match),0.85,
Channel Divinity,class-feature,Cleric; Paladin,,PHB; XPHB,classic-or-other; one,6,data/class/class-cleric.json,/classFeature/2/name,class-feature: Channel Divinity,引導神力,,proposed,5eclone.pingstudio.tw (legacy exact ENG_name match),0.85,
Channel Divinity: Harness Divine Power,class-feature,Cleric; Paladin,,TCE,classic-or-other,2,data/class/class-cleric.json,/classFeature/3/name,class-feature: Channel Divinity: Harness Divine Power,引導神力：神力掌控,,proposed,5eclone.pingstudio.tw (legacy exact ENG_name match),0.85,
Channel Divinity: Turn Undead,class-feature,Cleric,,PHB,classic-or-other,1,data/class/class-cleric.json,/classFeature/4/name,class-feature: Channel Divinity: Turn Undead,,,pending,,0.50,
Cleansing Touch,class-feature,Paladin,,PHB,classic-or-other,1,data/class/class-paladin.json,/classFeature/18/name,class-feature: Cleansing Touch,淨化之觸,,proposed,5eclone.pingstudio.tw (legacy exact ENG_name match),0.85,
Cleric Subclass,class-feature,Cleric,,XPHB,one,1,data/class/class-cleric.json,/classFeature/31/name,class-feature: Cleric Subclass,,,pending,,0.50,
Consumptive Power,class-feature,Mystic,,UATheMysticClass,classic-or-other,1,data/class/class-mystic.json,/classFeature/12/name,class-feature: Consumptive Power,,,pending,,0.50,
Contact Patron,class-feature,Warlock,,XPHB,one,1,data/class/class-warlock.json,/classFeature/26/name,class-feature: Contact Patron,,,pending,,0.50,
Coordinated Strike,class-feature,Expert Sidekick,,TCE,classic-or-other,1,data/class/class-sidekick.json,/classFeature/6/name,class-feature: Coordinated Strike,協同攻擊,,proposed,5eclone.pingstudio.tw (legacy exact ENG_name match),0.85,
Countercharm,class-feature,Bard,,PHB; XPHB,classic-or-other; one,2,data/class/class-bard.json,/classFeature/12/name,class-feature: Countercharm,反制迷惑,,proposed,5eclone.pingstudio.tw (legacy exact ENG_name match),0.85,
Cunning Action,class-feature,Expert Sidekick; Rogue,,PHB; TCE; XPHB,classic-or-other; one,3,data/class/class-rogue.json,/classFeature/3/name,class-feature: Cunning Action,靈巧動作,,proposed,5eclone.pingstudio.tw (legacy exact ENG_name match),0.85,
Cunning Strike,class-feature,Rogue,,XPHB,one,1,data/class/class-rogue.json,/classFeature/31/name,class-feature: Cunning Strike,,,pending,,0.50,
Danger Sense,class-feature,Barbarian,,PHB; XPHB,classic-or-other; one,2,data/class/class-barbarian.json,/classFeature/2/name,class-feature: Danger Sense,險境感知,,proposed,5eclone.pingstudio.tw (legacy exact ENG_name match),0.85,
Daze (Cost: 2d6),class-feature,Rogue,,XPHB,one,1,data/class/class-rogue.json,/classFeature/45/name,class-feature: Daze (Cost: 2d6),,,pending,,0.50,
Dedicated Weapon,class-feature,Monk,,TCE,classic-or-other,1,data/class/class-monk.json,/classFeature/2/name,class-feature: Dedicated Weapon,專用武器,,proposed,5eclone.pingstudio.tw (legacy exact ENG_name match),0.85,
Deflect Attacks,class-feature,Monk,,XPHB,one,1,data/class/class-monk.json,/classFeature/45/name,class-feature: Deflect Attacks,,,pending,,0.50,
Deflect Energy,class-feature,Monk,,XPHB,one,1,data/class/class-monk.json,/classFeature/60/name,class-feature: Deflect Energy,,,pending,,0.50,
Deflect Missiles,class-feature,Monk,,PHB,classic-or-other,1,data/class/class-monk.json,/classFeature/8/name,class-feature: Deflect Missiles,撥擋飛彈,,proposed,5eclone.pingstudio.tw (legacy exact ENG_name match),0.85,
Deft Explorer,class-feature,Ranger,,TCE; XPHB,classic-or-other; one,2,data/class/class-ranger.json,/classFeature/0/name,class-feature: Deft Explorer,熟練探險家,,proposed,5eclone.pingstudio.tw (legacy exact ENG_name match),0.85,
Deft Explorer Improvement,class-feature,Ranger,,TCE,classic-or-other,2,data/class/class-ranger.json,/classFeature/13/name,class-feature: Deft Explorer Improvement,熟練探險家強化,,proposed,5eclone.pingstudio.tw (legacy exact ENG_name match),0.85,
Destroy Undead (CR 1),class-feature,Cleric,,PHB,classic-or-other,1,data/class/class-cleric.json,/classFeature/12/name,class-feature: Destroy Undead (CR 1),,,pending,,0.50,
Destroy Undead (CR 1/2),class-feature,Cleric,,PHB,classic-or-other,1,data/class/class-cleric.json,/classFeature/8/name,class-feature: Destroy Undead (CR 1/2),,,pending,,0.50,
Destroy Undead (CR 2),class-feature,Cleric,,PHB,classic-or-other,1,data/class/class-cleric.json,/classFeature/15/name,class-feature: Destroy Undead (CR 2),摧毀不死 (CR 2),,proposed,5eclone.pingstudio.tw (legacy exact ENG_name match),0.85,
Destroy Undead (CR 3),class-feature,Cleric,,PHB,classic-or-other,1,data/class/class-cleric.json,/classFeature/17/name,class-feature: Destroy Undead (CR 3),摧毀不死 (CR 3),,proposed,5eclone.pingstudio.tw (legacy exact ENG_name match),0.85,
Destroy Undead (CR 4),class-feature,Cleric,,PHB,classic-or-other,1,data/class/class-cleric.json,/classFeature/19/name,class-feature: Destroy Undead (CR 4),摧毀不死 (CR 4),,proposed,5eclone.pingstudio.tw (legacy exact ENG_name match),0.85,
Devious Strikes,class-feature,Rogue,,XPHB,one,1,data/class/class-rogue.json,/classFeature/46/name,class-feature: Devious Strikes,,,pending,,0.50,
Dexterous Attacks,class-feature,Monk,,XPHB,one,1,data/class/class-monk.json,/classFeature/35/name,class-feature: Dexterous Attacks,,,pending,,0.50,
Diamond Soul,class-feature,Monk,,PHB,classic-or-other,1,data/class/class-monk.json,/classFeature/27/name,class-feature: Diamond Soul,金剛魂,,proposed,5eclone.pingstudio.tw (legacy exact ENG_name match),0.85,
Disciplined Survivor,class-feature,Monk,,XPHB,one,1,data/class/class-monk.json,/classFeature/61/name,class-feature: Disciplined Survivor,,,pending,,0.50,
Divine Domain,class-feature,Cleric,,PHB,classic-or-other,1,data/class/class-cleric.json,/classFeature/0/name,class-feature: Divine Domain,神聖領域,,proposed,5eclone.pingstudio.tw (legacy exact ENG_name match),0.85,
Divine Domain feature,class-feature,Cleric,,PHB,classic-or-other,4,data/class/class-cleric.json,/classFeature/5/name,class-feature: Divine Domain feature,神聖領域能力,,proposed,5eclone.pingstudio.tw (legacy exact ENG_name match),0.85,
Divine Health,class-feature,Paladin,,PHB,classic-or-other,1,data/class/class-paladin.json,/classFeature/7/name,class-feature: Divine Health,神性體魄,,proposed,5eclone.pingstudio.tw (legacy exact ENG_name match),0.85,
Divine Intervention,class-feature,Cleric,,PHB; XPHB,classic-or-other; one,2,data/class/class-cleric.json,/classFeature/14/name,class-feature: Divine Intervention,神力干預,,proposed,5eclone.pingstudio.tw (legacy exact ENG_name match),0.85,
Divine Intervention Improvement,class-feature,Cleric,,PHB,classic-or-other,1,data/class/class-cleric.json,/classFeature/23/name,class-feature: Divine Intervention Improvement,神力干預強化,,proposed,5eclone.pingstudio.tw (legacy exact ENG_name match),0.85,
Divine Order,class-feature,Cleric,,XPHB,one,1,data/class/class-cleric.json,/classFeature/24/name,class-feature: Divine Order,,,pending,,0.50,
Divine Sense,class-feature,Paladin,,PHB; XPHB,classic-or-other; one,2,data/class/class-paladin.json,/classFeature/0/name,class-feature: Divine Sense,神聖感知,,proposed,5eclone.pingstudio.tw (legacy exact ENG_name match),0.85,
Divine Smite,class-feature,Paladin,,PHB,classic-or-other,1,data/class/class-paladin.json,/classFeature/2/name,class-feature: Divine Smite,至聖斬,,proposed,5eclone.pingstudio.tw (legacy exact ENG_name match),0.85,
Divine Spark,class-feature,Cleric,,XPHB,one,1,data/class/class-cleric.json,/classFeature/29/name,class-feature: Divine Spark,,,pending,,0.50,
Divine Strike,class-feature,Cleric,,XPHB,one,1,data/class/class-cleric.json,/classFeature/36/name,class-feature: Divine Strike,神聖打擊,,proposed,5eclone.pingstudio.tw (legacy exact ENG_name match),0.85,
Druid Circle,class-feature,Druid,,PHB,classic-or-other,1,data/class/class-druid.json,/classFeature/2/name,class-feature: Druid Circle,德魯伊結社,,proposed,5eclone.pingstudio.tw (legacy exact ENG_name match),0.85,
Druid Circle feature,class-feature,Druid,,PHB,classic-or-other,3,data/class/class-druid.json,/classFeature/8/name,class-feature: Druid Circle feature,德魯伊結社能力,,proposed,5eclone.pingstudio.tw (legacy exact ENG_name match),0.85,
Druid Subclass,class-feature,Druid,,XPHB,one,1,data/class/class-druid.json,/classFeature/26/name,class-feature: Druid Subclass,,,pending,,0.50,
Druidic,class-feature,Druid,,PHB; XPHB,classic-or-other; one,2,data/class/class-druid.json,/classFeature/0/name,class-feature: Druidic,德魯伊語,,proposed,5eclone.pingstudio.tw (legacy exact ENG_name match),0.85,
Eldritch Invocation Options,class-feature,Warlock,,XPHB,one,1,data/class/class-warlock.json,/classFeature/18/name,class-feature: Eldritch Invocation Options,,,pending,,0.50,
Eldritch Invocations,class-feature,Warlock,,PHB; XPHB,classic-or-other; one,2,data/class/class-warlock.json,/classFeature/2/name,class-feature: Eldritch Invocations,魔能祈喚,,proposed,5eclone.pingstudio.tw (legacy exact ENG_name match),0.85,
Eldritch Master,class-feature,Warlock,,PHB; XPHB,classic-or-other; one,2,data/class/class-warlock.json,/classFeature/17/name,class-feature: Eldritch Master,魔能大師,,proposed,5eclone.pingstudio.tw (legacy exact ENG_name match),0.85,
Eldritch Versatility,class-feature,Warlock,,TCE,classic-or-other,1,data/class/class-warlock.json,/classFeature/5/name,class-feature: Eldritch Versatility,魔能選項,,proposed,5eclone.pingstudio.tw (legacy exact ENG_name match),0.85,
Elemental Fury,class-feature,Druid,,XPHB,one,1,data/class/class-druid.json,/classFeature/30/name,class-feature: Elemental Fury,,,pending,,0.50,
Elusive,class-feature,Rogue,,PHB; XPHB,classic-or-other; one,2,data/class/class-rogue.json,/classFeature/20/name,class-feature: Elusive,捉摸不定,,proposed,5eclone.pingstudio.tw (legacy exact ENG_name match),0.85,
Empowered Spells,class-feature,Spellcaster Sidekick,,TCE,classic-or-other,1,data/class/class-sidekick.json,/classFeature/25/name,class-feature: Empowered Spells,增強法術,,proposed,5eclone.pingstudio.tw (legacy exact ENG_name match),0.85,
Empowered Strikes,class-feature,Monk,,XPHB,one,1,data/class/class-monk.json,/classFeature/51/name,class-feature: Empowered Strikes,,,pending,,0.50,
Empty Body,class-feature,Monk,,PHB,classic-or-other,1,data/class/class-monk.json,/classFeature/31/name,class-feature: Empty Body,空靈體,,proposed,5eclone.pingstudio.tw (legacy exact ENG_name match),0.85,
Epic Boon,class-feature,Artificer; Barbarian; Bard; Cleric; Druid; Fighter; Monk; Paladin; Ranger; Rogue; Sorcerer; Warlock; Wizard,,EFA; XPHB,classic-or-other; one,13,data/class/class-artificer.json,/classFeature/17/name,class-feature: Epic Boon,,,pending,,0.50,
Evasion,class-feature,Expert Sidekick; Monk; Rogue,,PHB; TCE; XPHB,classic-or-other; one,5,data/class/class-monk.json,/classFeature/19/name,class-feature: Evasion,反射閃避,,proposed,5eclone.pingstudio.tw (legacy exact ENG_name match),0.85,
Expertise,class-feature,Bard; Expert Sidekick; Ranger; Rogue,,PHB; TCE; XPHB,classic-or-other; one,11,data/class/class-bard.json,/classFeature/6/name,class-feature: Expertise,專精,,proposed,5eclone.pingstudio.tw (legacy exact ENG_name match),0.85,
Extra Attack,class-feature,Barbarian; Fighter; Monk; Paladin; Ranger; Warrior Sidekick,,PHB; TCE; XPHB,classic-or-other; one,11,data/class/class-barbarian.json,/classFeature/7/name,class-feature: Extra Attack,額外攻擊,,proposed,5eclone.pingstudio.tw (legacy exact ENG_name match),0.85,
Extra Attack (2),class-feature,Fighter,,PHB,classic-or-other,1,data/class/class-fighter.json,/classFeature/12/name,class-feature: Extra Attack (2),額外攻擊(2),,proposed,5eclone.pingstudio.tw (legacy exact ENG_name match),0.85,
Extra Attack (3),class-feature,Fighter,,PHB,classic-or-other,1,data/class/class-fighter.json,/classFeature/22/name,class-feature: Extra Attack (3),額外攻擊(3),,proposed,5eclone.pingstudio.tw (legacy exact ENG_name match),0.85,
Extra Attack Improvement,class-feature,Warrior Sidekick,,TCE,classic-or-other,1,data/class/class-sidekick.json,/classFeature/42/name,class-feature: Extra Attack Improvement,額外攻擊強化,,proposed,5eclone.pingstudio.tw (legacy exact ENG_name match),0.85,
Faithful Steed,class-feature,Paladin,,XPHB,one,1,data/class/class-paladin.json,/classFeature/34/name,class-feature: Faithful Steed,,,pending,,0.50,
Fast Movement,class-feature,Barbarian,,PHB; XPHB,classic-or-other; one,2,data/class/class-barbarian.json,/classFeature/8/name,class-feature: Fast Movement,快速移動,,proposed,5eclone.pingstudio.tw (legacy exact ENG_name match),0.85,
Favored Enemy,class-feature,Ranger,,PHB; XPHB,classic-or-other; one,2,data/class/class-ranger.json,/classFeature/1/name,class-feature: Favored Enemy,宿敵,,proposed,5eclone.pingstudio.tw (legacy exact ENG_name match),0.85,
Favored Enemy and Natural Explorer improvements,class-feature,Ranger,,PHB,classic-or-other,1,data/class/class-ranger.json,/classFeature/14/name,class-feature: Favored Enemy and Natural Explorer improvements,宿敵和自然探索者強化,,proposed,5eclone.pingstudio.tw (legacy exact ENG_name match),0.85,
Favored Enemy improvement,class-feature,Ranger,,PHB,classic-or-other,1,data/class/class-ranger.json,/classFeature/24/name,class-feature: Favored Enemy improvement,宿敵強化,,proposed,5eclone.pingstudio.tw (legacy exact ENG_name match),0.85,
Favored Foe,class-feature,Ranger,,TCE,classic-or-other,1,data/class/class-ranger.json,/classFeature/2/name,class-feature: Favored Foe,夙敵,,proposed,5eclone.pingstudio.tw (legacy exact ENG_name match),0.85,
Feral Instinct,class-feature,Barbarian,,PHB; XPHB,classic-or-other; one,2,data/class/class-barbarian.json,/classFeature/10/name,class-feature: Feral Instinct,野性直覺,,proposed,5eclone.pingstudio.tw (legacy exact ENG_name match),0.85,
Feral Senses,class-feature,Ranger,,PHB; XPHB,classic-or-other; one,2,data/class/class-ranger.json,/classFeature/28/name,class-feature: Feral Senses,野性感官,,proposed,5eclone.pingstudio.tw (legacy exact ENG_name match),0.85,
Fighter Subclass,class-feature,Fighter,,XPHB,one,1,data/class/class-fighter.json,/classFeature/28/name,class-feature: Fighter Subclass,,,pending,,0.50,
Fighting Style,class-feature,Fighter; Paladin; Ranger,,PHB; XPHB,classic-or-other; one,6,data/class/class-fighter.json,/classFeature/0/name,class-feature: Fighting Style,戰鬥風格,,proposed,5eclone.pingstudio.tw (legacy exact ENG_name match),0.85,
Flash of Genius,class-feature,Artificer,,EFA; TCE,classic-or-other,2,data/class/class-artificer.json,/classFeature/7/name,class-feature: Flash of Genius,靈光一閃,,proposed,5eclone.pingstudio.tw (legacy exact ENG_name match),0.85,
Flexible Casting,class-feature,Sorcerer,,PHB,classic-or-other,1,data/class/class-sorcerer.json,/classFeature/2/name,class-feature: Flexible Casting,易變施法,,proposed,5eclone.pingstudio.tw (legacy exact ENG_name match),0.85,
Flurry of Blows,class-feature,Monk,,PHB; XPHB,classic-or-other; one,2,data/class/class-monk.json,/classFeature/3/name,class-feature: Flurry of Blows,疾風連擊,,proposed,5eclone.pingstudio.tw (legacy exact ENG_name match),0.85,
Focused Aim,class-feature,Monk,,TCE,classic-or-other,1,data/class/class-monk.json,/classFeature/15/name,class-feature: Focused Aim,凝神聚氣,,proposed,5eclone.pingstudio.tw (legacy exact ENG_name match),0.85,
Focused Casting,class-feature,Spellcaster Sidekick,,TCE,classic-or-other,1,data/class/class-sidekick.json,/classFeature/28/name,class-feature: Focused Casting,專注施法,,proposed,5eclone.pingstudio.tw (legacy exact ENG_name match),0.85,
Foe Slayer,class-feature,Ranger,,PHB; XPHB,classic-or-other; one,2,data/class/class-ranger.json,/classFeature/30/name,class-feature: Foe Slayer,衆敵屠戮,,proposed,5eclone.pingstudio.tw (legacy exact ENG_name match),0.85,
Font of Inspiration,class-feature,Bard,,PHB; XPHB,classic-or-other; one,2,data/class/class-bard.json,/classFeature/10/name,class-feature: Font of Inspiration,激勵涌泉,,proposed,5eclone.pingstudio.tw (legacy exact ENG_name match),0.85,
Font of Magic,class-feature,Sorcerer,,PHB; XPHB,classic-or-other; one,2,data/class/class-sorcerer.json,/classFeature/3/name,class-feature: Font of Magic,魔力泉涌,,proposed,5eclone.pingstudio.tw (legacy exact ENG_name match),0.85,
Greater Divine Intervention,class-feature,Cleric,,XPHB,one,1,data/class/class-cleric.json,/classFeature/45/name,class-feature: Greater Divine Intervention,,,pending,,0.50,
Heightened Focus,class-feature,Monk,,XPHB,one,1,data/class/class-monk.json,/classFeature/56/name,class-feature: Heightened Focus,,,pending,,0.50,
Helpful,class-feature,Expert Sidekick,,TCE,classic-or-other,1,data/class/class-sidekick.json,/classFeature/1/name,class-feature: Helpful,好幫手,,proposed,5eclone.pingstudio.tw (legacy exact ENG_name match),0.85,
Hide in Plain Sight,class-feature,Ranger,,PHB,classic-or-other,1,data/class/class-ranger.json,/classFeature/19/name,class-feature: Hide in Plain Sight,避人耳目,,proposed,5eclone.pingstudio.tw (legacy exact ENG_name match),0.85,
Improved Blessed Strikes,class-feature,Cleric,,XPHB,one,1,data/class/class-cleric.json,/classFeature/41/name,class-feature: Improved Blessed Strikes,,,pending,,0.50,
Improved Brutal Strike,class-feature,Barbarian,,XPHB,one,2,data/class/class-barbarian.json,/classFeature/43/name,class-feature: Improved Brutal Strike,,,pending,,0.50,
Improved Critical,class-feature,Warrior Sidekick,,TCE,classic-or-other,1,data/class/class-sidekick.json,/classFeature/33/name,class-feature: Improved Critical,強化重擊,精通重擊,conflict,5eclone.pingstudio.tw (preferred candidate); project glossary alternatives,0.65,5eclone candidate is listed first; alternatives require user approval.
Improved Cunning Strike,class-feature,Rogue,,XPHB,one,1,data/class/class-rogue.json,/classFeature/42/name,class-feature: Improved Cunning Strike,,,pending,,0.50,
Improved Defense,class-feature,Warrior Sidekick,,TCE,classic-or-other,1,data/class/class-sidekick.json,/classFeature/38/name,class-feature: Improved Defense,精通防禦,,proposed,5eclone.pingstudio.tw (legacy exact ENG_name match),0.85,
Improved Divine Smite,class-feature,Paladin,,PHB,classic-or-other,1,data/class/class-paladin.json,/classFeature/16/name,class-feature: Improved Divine Smite,強化至聖斬,,proposed,5eclone.pingstudio.tw (legacy exact ENG_name match),0.85,
Improved Elemental Fury,class-feature,Druid,,XPHB,one,1,data/class/class-druid.json,/classFeature/37/name,class-feature: Improved Elemental Fury,,,pending,,0.50,
Indomitable,class-feature,Fighter; Warrior Sidekick,,PHB; TCE; XPHB,classic-or-other; one,5,data/class/class-fighter.json,/classFeature/10/name,class-feature: Indomitable,不屈,,proposed,5eclone.pingstudio.tw (legacy exact ENG_name match),0.85,
Indomitable (three uses),class-feature,Fighter,,PHB,classic-or-other,1,data/class/class-fighter.json,/classFeature/19/name,class-feature: Indomitable (three uses),不屈(3次),,proposed,5eclone.pingstudio.tw (legacy exact ENG_name match),0.85,
Indomitable (two uses),class-feature,Fighter,,PHB,classic-or-other,1,data/class/class-fighter.json,/classFeature/14/name,class-feature: Indomitable (two uses),不屈(2次),,proposed,5eclone.pingstudio.tw (legacy exact ENG_name match),0.85,
Indomitable Improvement,class-feature,Warrior Sidekick,,TCE,classic-or-other,1,data/class/class-sidekick.json,/classFeature/44/name,class-feature: Indomitable Improvement,不屈強化,,proposed,5eclone.pingstudio.tw (legacy exact ENG_name match),0.85,
Indomitable Might,class-feature,Barbarian,,PHB; XPHB,classic-or-other; one,2,data/class/class-barbarian.json,/classFeature/22/name,class-feature: Indomitable Might,不屈勇武,,proposed,5eclone.pingstudio.tw (legacy exact ENG_name match),0.85,
Infuse Item,class-feature,Artificer,,TCE,classic-or-other,1,data/class/class-artificer.json,/classFeature/22/name,class-feature: Infuse Item,物品注法,,proposed,5eclone.pingstudio.tw (legacy exact ENG_name match),0.85,
Infusions Known,class-feature,Artificer,,TCE,classic-or-other,1,data/class/class-artificer.json,/classFeature/23/name,class-feature: Infusions Known,已知注法,,proposed,5eclone.pingstudio.tw (legacy exact ENG_name match),0.85,
Innate Sorcery,class-feature,Sorcerer,,XPHB,one,1,data/class/class-sorcerer.json,/classFeature/20/name,class-feature: Innate Sorcery,,,pending,,0.50,
Inspiring Help,class-feature,Expert Sidekick,,TCE,classic-or-other,1,data/class/class-sidekick.json,/classFeature/10/name,class-feature: Inspiring Help,鼓舞協助,,proposed,5eclone.pingstudio.tw (legacy exact ENG_name match),0.85,
Inspiring Help Improvement,class-feature,Expert Sidekick,,TCE,classic-or-other,1,data/class/class-sidekick.json,/classFeature/17/name,class-feature: Inspiring Help Improvement,,,pending,,0.50,
Instinctive Pounce,class-feature,Barbarian,,TCE; XPHB,classic-or-other; one,2,data/class/class-barbarian.json,/classFeature/11/name,class-feature: Instinctive Pounce,直覺猛撲,,proposed,5eclone.pingstudio.tw (legacy exact ENG_name match),0.85,
Jack of All Trades,class-feature,Bard,,PHB; XPHB,classic-or-other; one,2,data/class/class-bard.json,/classFeature/2/name,class-feature: Jack of All Trades,全能高手,,proposed,5eclone.pingstudio.tw (legacy exact ENG_name match),0.85,
Ki,class-feature,Monk,,PHB,classic-or-other,1,data/class/class-monk.json,/classFeature/4/name,class-feature: Ki,氣,,proposed,5eclone.pingstudio.tw (legacy exact ENG_name match),0.85,
Ki-Empowered Strikes,class-feature,Monk,,PHB,classic-or-other,1,data/class/class-monk.json,/classFeature/17/name,class-feature: Ki-Empowered Strikes,真氣駐拳,,proposed,5eclone.pingstudio.tw (legacy exact ENG_name match),0.85,
Ki-Fueled Attack,class-feature,Monk,,TCE,classic-or-other,1,data/class/class-monk.json,/classFeature/9/name,class-feature: Ki-Fueled Attack,馭氣以擊,,proposed,5eclone.pingstudio.tw (legacy exact ENG_name match),0.85,
Knock Out (Cost: 6d6),class-feature,Rogue,,XPHB,one,1,data/class/class-rogue.json,/classFeature/47/name,class-feature: Knock Out (Cost: 6d6),,,pending,,0.50,
Land's Stride,class-feature,Ranger,,PHB,classic-or-other,1,data/class/class-ranger.json,/classFeature/17/name,class-feature: Land's Stride,大地行者,,proposed,5eclone.pingstudio.tw (legacy exact ENG_name match),0.85,
Lay on Hands,class-feature,Paladin,,PHB; XPHB,classic-or-other; one,2,data/class/class-paladin.json,/classFeature/1/name,class-feature: Lay on Hands,聖療,,proposed,5eclone.pingstudio.tw (legacy exact ENG_name match),0.85,
Magic Item Adept,class-feature,Artificer,,EFA; TCE,classic-or-other,2,data/class/class-artificer.json,/classFeature/10/name,class-feature: Magic Item Adept,魔法物品熟稔,,proposed,5eclone.pingstudio.tw (legacy exact ENG_name match),0.85,
Magic Item Master,class-feature,Artificer,,EFA; TCE,classic-or-other,2,data/class/class-artificer.json,/classFeature/16/name,class-feature: Magic Item Master,魔法物品大師,,proposed,5eclone.pingstudio.tw (legacy exact ENG_name match),0.85,
Magic Item Savant,class-feature,Artificer,,TCE,classic-or-other,1,data/class/class-artificer.json,/classFeature/35/name,class-feature: Magic Item Savant,魔法物品專家,,proposed,5eclone.pingstudio.tw (legacy exact ENG_name match),0.85,
Magic Item Tinker,class-feature,Artificer,,EFA,classic-or-other,1,data/class/class-artificer.json,/classFeature/6/name,class-feature: Magic Item Tinker,,,pending,,0.50,
Magical Cunning,class-feature,Warlock,,XPHB,one,1,data/class/class-warlock.json,/classFeature/21/name,class-feature: Magical Cunning,,,pending,,0.50,
Magical Guidance,class-feature,Sorcerer,,TCE,classic-or-other,1,data/class/class-sorcerer.json,/classFeature/9/name,class-feature: Magical Guidance,魔法指引,,proposed,5eclone.pingstudio.tw (legacy exact ENG_name match),0.85,
Magical Inspiration,class-feature,Bard,,TCE,classic-or-other,1,data/class/class-bard.json,/classFeature/3/name,class-feature: Magical Inspiration,魔法激勵,,proposed,5eclone.pingstudio.tw (legacy exact ENG_name match),0.85,
Magical Secrets,class-feature,Bard,,PHB; XPHB,classic-or-other; one,4,data/class/class-bard.json,/classFeature/17/name,class-feature: Magical Secrets,魔法祕密,,proposed,5eclone.pingstudio.tw (legacy exact ENG_name match),0.85,
Magical Tinkering,class-feature,Artificer,,TCE,classic-or-other,1,data/class/class-artificer.json,/classFeature/19/name,class-feature: Magical Tinkering,魔法工藝,,proposed,5eclone.pingstudio.tw (legacy exact ENG_name match),0.85,
Magician,class-feature,Druid,,XPHB,one,1,data/class/class-druid.json,/classFeature/20/name,class-feature: Magician,,,pending,,0.50,
Martial Archetype,class-feature,Fighter,,PHB,classic-or-other,1,data/class/class-fighter.json,/classFeature/3/name,class-feature: Martial Archetype,武術範型,,proposed,5eclone.pingstudio.tw (legacy exact ENG_name match),0.85,
Martial Archetype feature,class-feature,Fighter,,PHB,classic-or-other,4,data/class/class-fighter.json,/classFeature/8/name,class-feature: Martial Archetype feature,武術範型能力,,proposed,5eclone.pingstudio.tw (legacy exact ENG_name match),0.85,
Martial Arts,class-feature,Monk,,PHB; XPHB,classic-or-other; one,2,data/class/class-monk.json,/classFeature/0/name,class-feature: Martial Arts,武藝,,proposed,5eclone.pingstudio.tw (legacy exact ENG_name match),0.85,
Martial Arts Die,class-feature,Monk,,XPHB,one,1,data/class/class-monk.json,/classFeature/37/name,class-feature: Martial Arts Die,,,pending,,0.50,
Martial Role,class-feature,Warrior Sidekick,,TCE,classic-or-other,1,data/class/class-sidekick.json,/classFeature/30/name,class-feature: Martial Role,戰鬥職能,,proposed,5eclone.pingstudio.tw (legacy exact ENG_name match),0.85,
Martial Versatility,class-feature,Fighter; Paladin; Ranger,,TCE,classic-or-other,3,data/class/class-fighter.json,/classFeature/5/name,class-feature: Martial Versatility,替換武術,,proposed,5eclone.pingstudio.tw (legacy exact ENG_name match),0.85,
Memorize Spell,class-feature,Wizard,,XPHB,one,1,data/class/class-wizard.json,/classFeature/20/name,class-feature: Memorize Spell,,,pending,,0.50,
Metamagic,class-feature,Sorcerer,,PHB; XPHB,classic-or-other; one,6,data/class/class-sorcerer.json,/classFeature/5/name,class-feature: Metamagic,超魔法,,proposed,5eclone.pingstudio.tw (legacy exact ENG_name match),0.85,
Metamagic Options,class-feature,Sorcerer,,TCE; XPHB,classic-or-other; one,2,data/class/class-sorcerer.json,/classFeature/6/name,class-feature: Metamagic Options,超魔法選項,,proposed,5eclone.pingstudio.tw (legacy exact ENG_name match),0.85,
Monastic Tradition,class-feature,Monk,,PHB,classic-or-other,1,data/class/class-monk.json,/classFeature/10/name,class-feature: Monastic Tradition,宗派傳承,,proposed,5eclone.pingstudio.tw (legacy exact ENG_name match),0.85,
Monastic Tradition feature,class-feature,Monk,,PHB,classic-or-other,3,data/class/class-monk.json,/classFeature/18/name,class-feature: Monastic Tradition feature,宗派傳承能力,,proposed,5eclone.pingstudio.tw (legacy exact ENG_name match),0.85,
Monk Subclass,class-feature,Monk,,XPHB,one,1,data/class/class-monk.json,/classFeature/46/name,class-feature: Monk Subclass,,,pending,,0.50,
Monk's Focus,class-feature,Monk,,XPHB,one,1,data/class/class-monk.json,/classFeature/40/name,class-feature: Monk's Focus,,,pending,,0.50,
Mystic Arcanum,class-feature,Warlock,,XPHB,one,4,data/class/class-warlock.json,/classFeature/28/name,class-feature: Mystic Arcanum,,,pending,,0.50,
Mystic Arcanum (6th level),class-feature,Warlock,,PHB,classic-or-other,1,data/class/class-warlock.json,/classFeature/9/name,class-feature: Mystic Arcanum (6th level),玄奧祕法(6環),,proposed,5eclone.pingstudio.tw (legacy exact ENG_name match),0.85,
Mystic Arcanum (7th level),class-feature,Warlock,,PHB,classic-or-other,1,data/class/class-warlock.json,/classFeature/11/name,class-feature: Mystic Arcanum (7th level),玄奧祕法(7環),,proposed,5eclone.pingstudio.tw (legacy exact ENG_name match),0.85,
Mystic Arcanum (8th level),class-feature,Warlock,,PHB,classic-or-other,1,data/class/class-warlock.json,/classFeature/13/name,class-feature: Mystic Arcanum (8th level),玄奧祕法(8環),,proposed,5eclone.pingstudio.tw (legacy exact ENG_name match),0.85,
Mystic Arcanum (9th level),class-feature,Warlock,,PHB,classic-or-other,1,data/class/class-warlock.json,/classFeature/15/name,class-feature: Mystic Arcanum (9th level),玄奧祕法(9環),,proposed,5eclone.pingstudio.tw (legacy exact ENG_name match),0.85,
Mystic Order,class-feature,Mystic,,UATheMysticClass,classic-or-other,1,data/class/class-mystic.json,/classFeature/0/name,class-feature: Mystic Order,,,pending,,0.50,
Mystic Order feature,class-feature,Mystic,,UATheMysticClass,classic-or-other,3,data/class/class-mystic.json,/classFeature/6/name,class-feature: Mystic Order feature,,,pending,,0.50,
Mystical Recovery,class-feature,Mystic,,UATheMysticClass,classic-or-other,1,data/class/class-mystic.json,/classFeature/4/name,class-feature: Mystical Recovery,,,pending,,0.50,
Natural Explorer,class-feature,Ranger,,PHB,classic-or-other,1,data/class/class-ranger.json,/classFeature/3/name,class-feature: Natural Explorer,自然探索者,,proposed,5eclone.pingstudio.tw (legacy exact ENG_name match),0.85,
Natural Explorer improvement,class-feature,Ranger,,PHB,classic-or-other,1,data/class/class-ranger.json,/classFeature/20/name,class-feature: Natural Explorer improvement,自然探索者強化,,proposed,5eclone.pingstudio.tw (legacy exact ENG_name match),0.85,
Nature's Veil,class-feature,Ranger,,TCE; XPHB,classic-or-other; one,2,data/class/class-ranger.json,/classFeature/21/name,class-feature: Nature's Veil,自然面紗,,proposed,5eclone.pingstudio.tw (legacy exact ENG_name match),0.85,
Obscure (Cost: 3d6),class-feature,Rogue,,XPHB,one,1,data/class/class-rogue.json,/classFeature/48/name,class-feature: Obscure (Cost: 3d6),,,pending,,0.50,
Optional Rule: Firearm Proficiency,class-feature,Artificer,,TCE,classic-or-other,1,data/class/class-artificer.json,/classFeature/20/name,class-feature: Optional Rule: Firearm Proficiency,可選規則：火器熟練,,proposed,5eclone.pingstudio.tw (legacy exact ENG_name match),0.85,
Otherworldly Patron,class-feature,Warlock,,PHB,classic-or-other,1,data/class/class-warlock.json,/classFeature/0/name,class-feature: Otherworldly Patron,異界宗主,,proposed,5eclone.pingstudio.tw (legacy exact ENG_name match),0.85,
Otherworldly Patron feature,class-feature,Warlock,,PHB,classic-or-other,3,data/class/class-warlock.json,/classFeature/6/name,class-feature: Otherworldly Patron feature,異界宗主能力,,proposed,5eclone.pingstudio.tw (legacy exact ENG_name match),0.85,
Pact Boon,class-feature,Warlock,,PHB,classic-or-other,1,data/class/class-warlock.json,/classFeature/3/name,class-feature: Pact Boon,契約恩賜,,proposed,5eclone.pingstudio.tw (legacy exact ENG_name match),0.85,
Pact Magic,class-feature,Warlock,,PHB; XPHB,classic-or-other; one,2,data/class/class-warlock.json,/classFeature/1/name,class-feature: Pact Magic,契約魔法,,proposed,5eclone.pingstudio.tw (legacy exact ENG_name match),0.85,
Paladin Subclass,class-feature,Paladin,,XPHB,one,1,data/class/class-paladin.json,/classFeature/31/name,class-feature: Paladin Subclass,,,pending,,0.50,
Paladin's Smite,class-feature,Paladin,,XPHB,one,1,data/class/class-paladin.json,/classFeature/28/name,class-feature: Paladin's Smite,,,pending,,0.50,
Path feature,class-feature,Barbarian,,PHB,classic-or-other,2,data/class/class-barbarian.json,/classFeature/14/name,class-feature: Path feature,,,pending,,0.50,
Path Feature,class-feature,Barbarian,,PHB,classic-or-other,1,data/class/class-barbarian.json,/classFeature/9/name,class-feature: Path Feature,道途能力,,proposed,5eclone.pingstudio.tw (legacy exact ENG_name match),0.85,
Patient Defense,class-feature,Monk,,PHB; XPHB,classic-or-other; one,2,data/class/class-monk.json,/classFeature/5/name,class-feature: Patient Defense,堅強防禦,,proposed,5eclone.pingstudio.tw (legacy exact ENG_name match),0.85,
Perfect Focus,class-feature,Monk,,XPHB,one,1,data/class/class-monk.json,/classFeature/62/name,class-feature: Perfect Focus,,,pending,,0.50,
Perfect Self,class-feature,Monk,,PHB,classic-or-other,1,data/class/class-monk.json,/classFeature/33/name,class-feature: Perfect Self,,,pending,,0.50,
Persistent Rage,class-feature,Barbarian,,PHB; XPHB,classic-or-other; one,2,data/class/class-barbarian.json,/classFeature/19/name,class-feature: Persistent Rage,持久狂暴,,proposed,5eclone.pingstudio.tw (legacy exact ENG_name match),0.85,
Poison (Cost: 1d6),class-feature,Rogue,,XPHB,one,1,data/class/class-rogue.json,/classFeature/32/name,class-feature: Poison (Cost: 1d6),,,pending,,0.50,
Potent Cantrips,class-feature,Spellcaster Sidekick,,TCE,classic-or-other,1,data/class/class-sidekick.json,/classFeature/22/name,class-feature: Potent Cantrips,強力戲法,,proposed,5eclone.pingstudio.tw (legacy exact ENG_name match),0.85,
Potent Psionics (1d8),class-feature,Mystic,,UATheMysticClass,classic-or-other,1,data/class/class-mystic.json,/classFeature/11/name,class-feature: Potent Psionics (1d8),,,pending,,0.50,
Potent Psionics (2d8),class-feature,Mystic,,UATheMysticClass,classic-or-other,1,data/class/class-mystic.json,/classFeature/17/name,class-feature: Potent Psionics (2d8),,,pending,,0.50,
Potent Spellcasting,class-feature,Cleric; Druid,,XPHB,one,2,data/class/class-cleric.json,/classFeature/37/name,class-feature: Potent Spellcasting,強力施法,,proposed,5eclone.pingstudio.tw (legacy exact ENG_name match),0.85,
Precise Hunter,class-feature,Ranger,,XPHB,one,1,data/class/class-ranger.json,/classFeature/50/name,class-feature: Precise Hunter,,,pending,,0.50,
Primal Awareness,class-feature,Ranger,,TCE,classic-or-other,1,data/class/class-ranger.json,/classFeature/7/name,class-feature: Primal Awareness,原始意識,,proposed,5eclone.pingstudio.tw (legacy exact ENG_name match),0.85,
Primal Champion,class-feature,Barbarian,,PHB; XPHB,classic-or-other; one,2,data/class/class-barbarian.json,/classFeature/24/name,class-feature: Primal Champion,原初勇士,,proposed,5eclone.pingstudio.tw (legacy exact ENG_name match),0.85,
Primal Knowledge,class-feature,Barbarian,,TCE; XPHB,classic-or-other; one,2,data/class/class-barbarian.json,/classFeature/4/name,class-feature: Primal Knowledge,原初見聞,,proposed,5eclone.pingstudio.tw (legacy exact ENG_name match),0.85,
Primal Order,class-feature,Druid,,XPHB,one,1,data/class/class-druid.json,/classFeature/21/name,class-feature: Primal Order,,,pending,,0.50,
Primal Path,class-feature,Barbarian,,PHB,classic-or-other,1,data/class/class-barbarian.json,/classFeature/5/name,class-feature: Primal Path,原初道途,,proposed,5eclone.pingstudio.tw (legacy exact ENG_name match),0.85,
Primal Strike,class-feature,Druid,,XPHB,one,1,data/class/class-druid.json,/classFeature/32/name,class-feature: Primal Strike,原初打擊,,proposed,5eclone.pingstudio.tw (legacy exact ENG_name match),0.85,
Primeval Awareness,class-feature,Ranger,,PHB,classic-or-other,1,data/class/class-ranger.json,/classFeature/8/name,class-feature: Primeval Awareness,原初意識,,proposed,5eclone.pingstudio.tw (legacy exact ENG_name match),0.85,
Protector,class-feature,Cleric,,XPHB,one,1,data/class/class-cleric.json,/classFeature/25/name,class-feature: Protector,,,pending,,0.50,
Psionic Body,class-feature,Mystic,,UATheMysticClass,classic-or-other,1,data/class/class-mystic.json,/classFeature/22/name,class-feature: Psionic Body,,,pending,,0.50,
Psionic Disciplines and Talents,class-feature,Mystic,,UATheMysticClass,classic-or-other,1,data/class/class-mystic.json,/classFeature/1/name,class-feature: Psionic Disciplines and Talents,,,pending,,0.50,
Psionic Mastery (1/Day),class-feature,Mystic,,UATheMysticClass,classic-or-other,1,data/class/class-mystic.json,/classFeature/13/name,class-feature: Psionic Mastery (1/Day),,,pending,,0.50,
Psionic Mastery (2/Day),class-feature,Mystic,,UATheMysticClass,classic-or-other,1,data/class/class-mystic.json,/classFeature/15/name,class-feature: Psionic Mastery (2/Day),,,pending,,0.50,
Psionic Mastery (3/Day),class-feature,Mystic,,UATheMysticClass,classic-or-other,1,data/class/class-mystic.json,/classFeature/18/name,class-feature: Psionic Mastery (3/Day),,,pending,,0.50,
Psionic Mastery (4/Day),class-feature,Mystic,,UATheMysticClass,classic-or-other,1,data/class/class-mystic.json,/classFeature/20/name,class-feature: Psionic Mastery (4/Day),,,pending,,0.50,
Psionics,class-feature,Mystic,,UATheMysticClass,classic-or-other,1,data/class/class-mystic.json,/classFeature/2/name,class-feature: Psionics,,,pending,,0.50,
Purity of Body,class-feature,Monk,,PHB,classic-or-other,1,data/class/class-monk.json,/classFeature/23/name,class-feature: Purity of Body,百病不侵,,proposed,5eclone.pingstudio.tw (legacy exact ENG_name match),0.85,
Quickened Healing,class-feature,Monk,,TCE,classic-or-other,1,data/class/class-monk.json,/classFeature/12/name,class-feature: Quickened Healing,加速癒合,,proposed,5eclone.pingstudio.tw (legacy exact ENG_name match),0.85,
Radiant Strikes,class-feature,Paladin,,XPHB,one,1,data/class/class-paladin.json,/classFeature/40/name,class-feature: Radiant Strikes,,,pending,,0.50,
Rage,class-feature,Barbarian,,PHB; XPHB,classic-or-other; one,2,data/class/class-barbarian.json,/classFeature/0/name,class-feature: Rage,狂暴,,proposed,5eclone.pingstudio.tw (legacy exact ENG_name match),0.85,
Ranger Archetype,class-feature,Ranger,,PHB,classic-or-other,1,data/class/class-ranger.json,/classFeature/9/name,class-feature: Ranger Archetype,遊俠範型,,proposed,5eclone.pingstudio.tw (legacy exact ENG_name match),0.85,
Ranger Archetype feature,class-feature,Ranger,,PHB,classic-or-other,3,data/class/class-ranger.json,/classFeature/15/name,class-feature: Ranger Archetype feature,遊俠範型能力,,proposed,5eclone.pingstudio.tw (legacy exact ENG_name match),0.85,
Ranger Subclass,class-feature,Ranger,,XPHB,one,1,data/class/class-ranger.json,/classFeature/36/name,class-feature: Ranger Subclass,,,pending,,0.50,
Reckless Attack,class-feature,Barbarian,,PHB; XPHB,classic-or-other; one,2,data/class/class-barbarian.json,/classFeature/3/name,class-feature: Reckless Attack,魯莽攻擊,,proposed,5eclone.pingstudio.tw (legacy exact ENG_name match),0.85,
Relentless Hunter,class-feature,Ranger,,XPHB,one,1,data/class/class-ranger.json,/classFeature/46/name,class-feature: Relentless Hunter,,,pending,,0.50,
Relentless Rage,class-feature,Barbarian,,PHB; XPHB,classic-or-other; one,2,data/class/class-barbarian.json,/classFeature/15/name,class-feature: Relentless Rage,頑強狂暴,,proposed,5eclone.pingstudio.tw (legacy exact ENG_name match),0.85,
Reliable Talent,class-feature,Expert Sidekick; Rogue,,PHB; TCE; XPHB,classic-or-other; one,3,data/class/class-rogue.json,/classFeature/13/name,class-feature: Reliable Talent,可靠才能,,proposed,5eclone.pingstudio.tw (legacy exact ENG_name match),0.85,
Replicate Magic Item,class-feature,Artificer,,EFA,classic-or-other,1,data/class/class-artificer.json,/classFeature/2/name,class-feature: Replicate Magic Item,,,pending,,0.50,
Restoring Touch,class-feature,Paladin,,XPHB,one,1,data/class/class-paladin.json,/classFeature/42/name,class-feature: Restoring Touch,,,pending,,0.50,
Ritual Adept,class-feature,Wizard,,XPHB,one,1,data/class/class-wizard.json,/classFeature/15/name,class-feature: Ritual Adept,,,pending,,0.50,
Rogue Subclass,class-feature,Rogue,,XPHB,one,1,data/class/class-rogue.json,/classFeature/28/name,class-feature: Rogue Subclass,,,pending,,0.50,
Roguish Archetype,class-feature,Rogue,,PHB,classic-or-other,1,data/class/class-rogue.json,/classFeature/4/name,class-feature: Roguish Archetype,遊蕩者範型,,proposed,5eclone.pingstudio.tw (legacy exact ENG_name match),0.85,
Roguish Archetype feature,class-feature,Rogue,,PHB,classic-or-other,3,data/class/class-rogue.json,/classFeature/11/name,class-feature: Roguish Archetype feature,遊蕩者範型能力,,proposed,5eclone.pingstudio.tw (legacy exact ENG_name match),0.85,
Roving,class-feature,Ranger,,XPHB,one,1,data/class/class-ranger.json,/classFeature/39/name,class-feature: Roving,越野,,proposed,5eclone.pingstudio.tw (legacy exact ENG_name match),0.85,
Sacred Oath,class-feature,Paladin,,PHB,classic-or-other,1,data/class/class-paladin.json,/classFeature/8/name,class-feature: Sacred Oath,神聖誓言,,proposed,5eclone.pingstudio.tw (legacy exact ENG_name match),0.85,
Sacred Oath feature,class-feature,Paladin,,PHB,classic-or-other,3,data/class/class-paladin.json,/classFeature/13/name,class-feature: Sacred Oath feature,神聖誓言能力,,proposed,5eclone.pingstudio.tw (legacy exact ENG_name match),0.85,
Scholar,class-feature,Wizard,,XPHB,one,1,data/class/class-wizard.json,/classFeature/17/name,class-feature: Scholar,,,pending,,0.50,
Sear Undead,class-feature,Cleric,,XPHB,one,1,data/class/class-cleric.json,/classFeature/33/name,class-feature: Sear Undead,,,pending,,0.50,
Second Wind,class-feature,Fighter; Warrior Sidekick,,PHB; TCE; XPHB,classic-or-other; one,3,data/class/class-fighter.json,/classFeature/1/name,class-feature: Second Wind,回氣,,proposed,5eclone.pingstudio.tw (legacy exact ENG_name match),0.85,
Second Wind Improvement,class-feature,Warrior Sidekick,,TCE,classic-or-other,1,data/class/class-sidekick.json,/classFeature/46/name,class-feature: Second Wind Improvement,回氣強化,,proposed,5eclone.pingstudio.tw (legacy exact ENG_name match),0.85,
Self-Restoration,class-feature,Monk,,XPHB,one,1,data/class/class-monk.json,/classFeature/57/name,class-feature: Self-Restoration,,,pending,,0.50,
Sharp Mind,class-feature,Expert Sidekick,,TCE,classic-or-other,1,data/class/class-sidekick.json,/classFeature/15/name,class-feature: Sharp Mind,明銳心智,,proposed,5eclone.pingstudio.tw (legacy exact ENG_name match),0.85,
Sidekick Class,class-feature,Expert Sidekick; Spellcaster Sidekick; Warrior Sidekick,,TCE,classic-or-other,3,data/class/class-sidekick.json,/classFeature/2/name,class-feature: Sidekick Class,協力者職業,,proposed,5eclone.pingstudio.tw (legacy exact ENG_name match),0.85,
Signature Spells,class-feature,Wizard,,PHB; XPHB,classic-or-other; one,2,data/class/class-wizard.json,/classFeature/13/name,class-feature: Signature Spells,招牌法術,,proposed,5eclone.pingstudio.tw (legacy exact ENG_name match),0.85,
Slippery Mind,class-feature,Rogue,,PHB; XPHB,classic-or-other; one,2,data/class/class-rogue.json,/classFeature/17/name,class-feature: Slippery Mind,靈活心智,,proposed,5eclone.pingstudio.tw (legacy exact ENG_name match),0.85,
Slow Fall,class-feature,Monk,,PHB; XPHB,classic-or-other; one,2,data/class/class-monk.json,/classFeature/13/name,class-feature: Slow Fall,輕身墜,,proposed,5eclone.pingstudio.tw (legacy exact ENG_name match),0.85,
Sneak Attack,class-feature,Rogue,,PHB; XPHB,classic-or-other; one,2,data/class/class-rogue.json,/classFeature/1/name,class-feature: Sneak Attack,偷襲,,proposed,5eclone.pingstudio.tw (legacy exact ENG_name match),0.85,
Song of Rest (d10),class-feature,Bard,,PHB,classic-or-other,1,data/class/class-bard.json,/classFeature/19/name,class-feature: Song of Rest (d10),紓壓曲(d10),,proposed,5eclone.pingstudio.tw (legacy exact ENG_name match),0.85,
Song of Rest (d12),class-feature,Bard,,PHB,classic-or-other,1,data/class/class-bard.json,/classFeature/24/name,class-feature: Song of Rest (d12),紓壓曲(d12),,proposed,5eclone.pingstudio.tw (legacy exact ENG_name match),0.85,
Song of Rest (d6),class-feature,Bard,,PHB,classic-or-other,1,data/class/class-bard.json,/classFeature/4/name,class-feature: Song of Rest (d6),,,pending,,0.50,
Song of Rest (d8),class-feature,Bard,,PHB,classic-or-other,1,data/class/class-bard.json,/classFeature/14/name,class-feature: Song of Rest (d8),紓壓曲(d8),,proposed,5eclone.pingstudio.tw (legacy exact ENG_name match),0.85,
Sorcerer Subclass,class-feature,Sorcerer,,XPHB,one,1,data/class/class-sorcerer.json,/classFeature/25/name,class-feature: Sorcerer Subclass,,,pending,,0.50,
Sorcerous Origin,class-feature,Sorcerer,,PHB,classic-or-other,1,data/class/class-sorcerer.json,/classFeature/0/name,class-feature: Sorcerous Origin,術法起源,,proposed,5eclone.pingstudio.tw (legacy exact ENG_name match),0.85,
Sorcerous Origin feature,class-feature,Sorcerer,,PHB,classic-or-other,3,data/class/class-sorcerer.json,/classFeature/10/name,class-feature: Sorcerous Origin feature,術法起源能力,,proposed,5eclone.pingstudio.tw (legacy exact ENG_name match),0.85,
Sorcerous Restoration,class-feature,Sorcerer,,PHB; XPHB,classic-or-other; one,2,data/class/class-sorcerer.json,/classFeature/19/name,class-feature: Sorcerous Restoration,術法復原,,proposed,5eclone.pingstudio.tw (legacy exact ENG_name match),0.85,
Sorcerous Versatility,class-feature,Sorcerer,,TCE,classic-or-other,1,data/class/class-sorcerer.json,/classFeature/8/name,class-feature: Sorcerous Versatility,術法變換,,proposed,5eclone.pingstudio.tw (legacy exact ENG_name match),0.85,
Sorcery Incarnate,class-feature,Sorcerer,,XPHB,one,1,data/class/class-sorcerer.json,/classFeature/29/name,class-feature: Sorcery Incarnate,,,pending,,0.50,
Sorcery Points,class-feature,Sorcerer,,PHB,classic-or-other,1,data/class/class-sorcerer.json,/classFeature/4/name,class-feature: Sorcery Points,術法點,,proposed,5eclone.pingstudio.tw (legacy exact ENG_name match),0.85,
Soul of Artifice,class-feature,Artificer,,EFA; TCE,classic-or-other,2,data/class/class-artificer.json,/classFeature/18/name,class-feature: Soul of Artifice,奇械之魂,,proposed,5eclone.pingstudio.tw (legacy exact ENG_name match),0.85,
Spell Mastery,class-feature,Wizard,,PHB; XPHB,classic-or-other; one,2,data/class/class-wizard.json,/classFeature/11/name,class-feature: Spell Mastery,法術精通,,proposed,5eclone.pingstudio.tw (legacy exact ENG_name match),0.85,
Spell-Storing Item,class-feature,Artificer,,EFA; TCE,classic-or-other,2,data/class/class-artificer.json,/classFeature/11/name,class-feature: Spell-Storing Item,儲法物品,,proposed,5eclone.pingstudio.tw (legacy exact ENG_name match),0.85,
Spellcasting,class-feature,Artificer; Bard; Cleric; Druid; Paladin; Ranger; Sorcerer; Spellcaster Sidekick; Wizard,,EFA; PHB; TCE; XPHB,classic-or-other; one,17,data/class/class-artificer.json,/classFeature/0/name,class-feature: Spellcasting,施法,,proposed,5eclone.pingstudio.tw (legacy exact ENG_name match),0.85,
Spellcasting Focus,class-feature,Ranger,,TCE,classic-or-other,1,data/class/class-ranger.json,/classFeature/6/name,class-feature: Spellcasting Focus,施法法器,,proposed,5eclone.pingstudio.tw (legacy exact ENG_name match),0.85,
Steady Aim,class-feature,Rogue,,TCE; XPHB,classic-or-other; one,2,data/class/class-rogue.json,/classFeature/5/name,class-feature: Steady Aim,手穩就準,,proposed,5eclone.pingstudio.tw (legacy exact ENG_name match),0.85,
Step of the Wind,class-feature,Monk,,PHB; XPHB,classic-or-other; one,2,data/class/class-monk.json,/classFeature/6/name,class-feature: Step of the Wind,飛檐走壁,,proposed,5eclone.pingstudio.tw (legacy exact ENG_name match),0.85,
Stillness of Mind,class-feature,Monk,,PHB,classic-or-other,1,data/class/class-monk.json,/classFeature/20/name,class-feature: Stillness of Mind,心頭滅卻,,proposed,5eclone.pingstudio.tw (legacy exact ENG_name match),0.85,
Strength of Mind,class-feature,Mystic,,UATheMysticClass,classic-or-other,1,data/class/class-mystic.json,/classFeature/8/name,class-feature: Strength of Mind,,,pending,,0.50,
Stroke of Luck,class-feature,Rogue,,PHB; XPHB,classic-or-other; one,2,data/class/class-rogue.json,/classFeature/22/name,class-feature: Stroke of Luck,幸運一擊,,proposed,5eclone.pingstudio.tw (legacy exact ENG_name match),0.85,
Studied Attacks,class-feature,Fighter,,XPHB,one,1,data/class/class-fighter.json,/classFeature/41/name,class-feature: Studied Attacks,,,pending,,0.50,
Stunning Strike,class-feature,Monk,,PHB; XPHB,classic-or-other; one,2,data/class/class-monk.json,/classFeature/16/name,class-feature: Stunning Strike,震懾拳,,proposed,5eclone.pingstudio.tw (legacy exact ENG_name match),0.85,
Subclass feature,class-feature,Artificer,,EFA,classic-or-other,3,data/class/class-artificer.json,/classFeature/5/name,class-feature: Subclass feature,,,pending,,0.50,
Subclass Feature,class-feature,Barbarian; Bard; Cleric; Druid; Fighter; Monk; Paladin; Ranger; Rogue; Sorcerer; Warlock; Wizard,,XPHB,one,35,data/class/class-barbarian.json,/classFeature/35/name,class-feature: Subclass Feature,子職業能力,,proposed,5eclone.pingstudio.tw (legacy exact ENG_name match),0.85,
Superior Defense,class-feature,Monk,,XPHB,one,1,data/class/class-monk.json,/classFeature/65/name,class-feature: Superior Defense,,,pending,,0.50,
Superior Inspiration,class-feature,Bard,,PHB; XPHB,classic-or-other; one,2,data/class/class-bard.json,/classFeature/27/name,class-feature: Superior Inspiration,卓越激勵,,proposed,5eclone.pingstudio.tw (legacy exact ENG_name match),0.85,
Tactical Master,class-feature,Fighter,,XPHB,one,1,data/class/class-fighter.json,/classFeature/36/name,class-feature: Tactical Master,,,pending,,0.50,
Tactical Mind,class-feature,Fighter,,XPHB,one,1,data/class/class-fighter.json,/classFeature/27/name,class-feature: Tactical Mind,,,pending,,0.50,
Tactical Shift,class-feature,Fighter,,XPHB,one,1,data/class/class-fighter.json,/classFeature/31/name,class-feature: Tactical Shift,,,pending,,0.50,
Telepathy,class-feature,Mystic,,UATheMysticClass,classic-or-other,1,data/class/class-mystic.json,/classFeature/5/name,class-feature: Telepathy,,,pending,,0.50,
Thaumaturge,class-feature,Cleric,,XPHB,one,1,data/class/class-cleric.json,/classFeature/27/name,class-feature: Thaumaturge,,,pending,,0.50,
The Right Tool for the Job,class-feature,Artificer,,TCE,classic-or-other,1,data/class/class-artificer.json,/classFeature/25/name,class-feature: The Right Tool for the Job,稱手工具,,proposed,5eclone.pingstudio.tw (legacy exact ENG_name match),0.85,
Thieves' Cant,class-feature,Rogue,,PHB; XPHB,classic-or-other; one,2,data/class/class-rogue.json,/classFeature/2/name,class-feature: Thieves' Cant,盜賊黑話,,proposed,5eclone.pingstudio.tw (legacy exact ENG_name match),0.85,
Three Extra Attacks,class-feature,Fighter,,XPHB,one,1,data/class/class-fighter.json,/classFeature/49/name,class-feature: Three Extra Attacks,,,pending,,0.50,
Timeless Body,class-feature,Druid; Monk,,PHB,classic-or-other,2,data/class/class-druid.json,/classFeature/16/name,class-feature: Timeless Body,不朽身軀,不老身軀,conflict,5eclone.pingstudio.tw (preferred candidate); project glossary alternatives,0.65,5eclone candidate is listed first; alternatives require user approval.
Tinker's Magic,class-feature,Artificer,,EFA,classic-or-other,1,data/class/class-artificer.json,/classFeature/1/name,class-feature: Tinker's Magic,,,pending,,0.50,
Tireless,class-feature,Ranger,,XPHB,one,1,data/class/class-ranger.json,/classFeature/43/name,class-feature: Tireless,不知疲倦,,proposed,5eclone.pingstudio.tw (legacy exact ENG_name match),0.85,
Tongue of the Sun and Moon,class-feature,Monk,,PHB,classic-or-other,1,data/class/class-monk.json,/classFeature/26/name,class-feature: Tongue of the Sun and Moon,天語通,,proposed,5eclone.pingstudio.tw (legacy exact ENG_name match),0.85,
Tool Expertise,class-feature,Artificer,,TCE,classic-or-other,1,data/class/class-artificer.json,/classFeature/28/name,class-feature: Tool Expertise,工具專精,,proposed,5eclone.pingstudio.tw (legacy exact ENG_name match),0.85,
Trip (Cost: 1d6),class-feature,Rogue,,XPHB,one,1,data/class/class-rogue.json,/classFeature/33/name,class-feature: Trip (Cost: 1d6),,,pending,,0.50,
Turn Undead,class-feature,Cleric,,XPHB,one,1,data/class/class-cleric.json,/classFeature/30/name,class-feature: Turn Undead,驅散不死,,proposed,5eclone.pingstudio.tw (legacy exact ENG_name match),0.85,
Two Extra Attacks,class-feature,Fighter,,XPHB,one,1,data/class/class-fighter.json,/classFeature/38/name,class-feature: Two Extra Attacks,,,pending,,0.50,
Unarmored Defense,class-feature,Barbarian; Monk,,PHB; XPHB,classic-or-other; one,4,data/class/class-barbarian.json,/classFeature/1/name,class-feature: Unarmored Defense,無甲防禦,,proposed,5eclone.pingstudio.tw (legacy exact ENG_name match),0.85,
Unarmored Movement,class-feature,Monk,,PHB; XPHB,classic-or-other; one,2,data/class/class-monk.json,/classFeature/7/name,class-feature: Unarmored Movement,無甲移動,,proposed,5eclone.pingstudio.tw (legacy exact ENG_name match),0.85,
Unarmored Movement improvement,class-feature,Monk,,PHB,classic-or-other,1,data/class/class-monk.json,/classFeature/22/name,class-feature: Unarmored Movement improvement,無甲移動強化,,proposed,5eclone.pingstudio.tw (legacy exact ENG_name match),0.85,
Uncanny Dodge,class-feature,Rogue,,PHB; XPHB,classic-or-other; one,2,data/class/class-rogue.json,/classFeature/7/name,class-feature: Uncanny Dodge,直覺閃避,,proposed,5eclone.pingstudio.tw (legacy exact ENG_name match),0.85,
Uncanny Metabolism,class-feature,Monk,,XPHB,one,1,data/class/class-monk.json,/classFeature/44/name,class-feature: Uncanny Metabolism,,,pending,,0.50,
Using a Discipline,class-feature,Mystic,,UATheMysticClass,classic-or-other,1,data/class/class-mystic.json,/classFeature/3/name,class-feature: Using a Discipline,,,pending,,0.50,
Vanish,class-feature,Ranger,,PHB,classic-or-other,1,data/class/class-ranger.json,/classFeature/25/name,class-feature: Vanish,無蹤步,,proposed,5eclone.pingstudio.tw (legacy exact ENG_name match),0.85,
Warden,class-feature,Druid,,XPHB,one,1,data/class/class-druid.json,/classFeature/23/name,class-feature: Warden,,,pending,,0.50,
Warlock Subclass,class-feature,Warlock,,XPHB,one,1,data/class/class-warlock.json,/classFeature/22/name,class-feature: Warlock Subclass,,,pending,,0.50,
Weapon Mastery,class-feature,Barbarian; Fighter; Paladin; Ranger; Rogue,,XPHB,one,5,data/class/class-barbarian.json,/classFeature/27/name,class-feature: Weapon Mastery,,,pending,,0.50,
Wild Companion,class-feature,Druid,,TCE; XPHB,classic-or-other; one,2,data/class/class-druid.json,/classFeature/3/name,class-feature: Wild Companion,荒野夥伴,,proposed,5eclone.pingstudio.tw (legacy exact ENG_name match),0.85,
Wild Resurgence,class-feature,Druid,,XPHB,one,1,data/class/class-druid.json,/classFeature/28/name,class-feature: Wild Resurgence,,,pending,,0.50,
Wild Shape,class-feature,Druid,,PHB; XPHB,classic-or-other; one,2,data/class/class-druid.json,/classFeature/4/name,class-feature: Wild Shape,荒野形態,,proposed,5eclone.pingstudio.tw (legacy exact ENG_name match),0.85,
Wild Shape Improvement,class-feature,Druid,,PHB,classic-or-other,2,data/class/class-druid.json,/classFeature/7/name,class-feature: Wild Shape Improvement,荒野形態強化,,proposed,5eclone.pingstudio.tw (legacy exact ENG_name match),0.85,
Withdraw (Cost: 1d6),class-feature,Rogue,,XPHB,one,1,data/class/class-rogue.json,/classFeature/35/name,class-feature: Withdraw (Cost: 1d6),,,pending,,0.50,
Wizard Subclass,class-feature,Wizard,,XPHB,one,1,data/class/class-wizard.json,/classFeature/18/name,class-feature: Wizard Subclass,,,pending,,0.50,
Words of Creation,class-feature,Bard,,XPHB,one,1,data/class/class-bard.json,/classFeature/45/name,class-feature: Words of Creation,,,pending,,0.50,
Arcane Tradition,class-label,Wizard,,PHB,classic,1,data/class/class-wizard.json,/class/0/subclassTitle,Wizard subclass title,奧法學派,,proposed,5eclone.pingstudio.tw (legacy exact ENG_name match),0.85,
Artificer Specialist,class-label,Artificer,,TCE,classic,1,data/class/class-artificer.json,/class/0/subclassTitle,Artificer subclass title,奇械師專業,,proposed,5eclone.pingstudio.tw (legacy exact ENG_name match),0.85,
Artificer Subclass,class-label,Artificer,,EFA,one,1,data/class/class-artificer.json,/class/1/subclassTitle,Artificer subclass title,,,pending,,0.50,
Barbarian Subclass,class-label,Barbarian,,XPHB,one,1,data/class/class-barbarian.json,/class/1/subclassTitle,Barbarian subclass title,,,pending,,0.50,
Bard College,class-label,Bard,,PHB,classic,1,data/class/class-bard.json,/class/0/subclassTitle,Bard subclass title,吟遊學院,,proposed,5eclone.pingstudio.tw (legacy exact ENG_name match),0.85,
Bard Subclass,class-label,Bard,,XPHB,one,1,data/class/class-bard.json,/class/1/subclassTitle,Bard subclass title,,,pending,,0.50,
Cleric Subclass,class-label,Cleric,,XPHB,one,1,data/class/class-cleric.json,/class/1/subclassTitle,Cleric subclass title,,,pending,,0.50,
Divine Domain,class-label,Cleric,,PHB,classic,1,data/class/class-cleric.json,/class/0/subclassTitle,Cleric subclass title,神聖領域,,proposed,5eclone.pingstudio.tw (legacy exact ENG_name match),0.85,
Druid Circle,class-label,Druid,,PHB,classic,1,data/class/class-druid.json,/class/0/subclassTitle,Druid subclass title,德魯伊結社,,proposed,5eclone.pingstudio.tw (legacy exact ENG_name match),0.85,
Druid Subclass,class-label,Druid,,XPHB,one,1,data/class/class-druid.json,/class/1/subclassTitle,Druid subclass title,,,pending,,0.50,
Eldritch Invocations,class-label,Warlock,,PHB; XPHB,classic; one,2,data/class/class-warlock.json,/class/0/optionalfeatureProgression/0/name,Warlock optional feature progression,魔能祈喚,,proposed,5eclone.pingstudio.tw (legacy exact ENG_name match),0.85,
Fighter Subclass,class-label,Fighter,,XPHB,one,1,data/class/class-fighter.json,/class/1/subclassTitle,Fighter subclass title,,,pending,,0.50,
Fighting Style,class-label,Fighter; Paladin; Ranger,,PHB,classic,3,data/class/class-fighter.json,/class/0/optionalfeatureProgression/0/name,Fighter optional feature progression,戰鬥風格,,proposed,5eclone.pingstudio.tw (legacy exact ENG_name match),0.85,
Infusions,class-label,Artificer,,TCE,classic,1,data/class/class-artificer.json,/class/0/optionalfeatureProgression/0/name,Artificer optional feature progression,,,pending,,0.50,
Martial Archetype,class-label,Fighter,,PHB,classic,1,data/class/class-fighter.json,/class/0/subclassTitle,Fighter subclass title,武術範型,,proposed,5eclone.pingstudio.tw (legacy exact ENG_name match),0.85,
Metamagic,class-label,Sorcerer,,PHB; XPHB,classic; one,2,data/class/class-sorcerer.json,/class/0/optionalfeatureProgression/0/name,Sorcerer optional feature progression,超魔法,,proposed,5eclone.pingstudio.tw (legacy exact ENG_name match),0.85,
Monastic Tradition,class-label,Monk,,PHB,classic,1,data/class/class-monk.json,/class/0/subclassTitle,Monk subclass title,宗派傳承,,proposed,5eclone.pingstudio.tw (legacy exact ENG_name match),0.85,
Monk Subclass,class-label,Monk,,XPHB,one,1,data/class/class-monk.json,/class/1/subclassTitle,Monk subclass title,,,pending,,0.50,
Mystic Order,class-label,Mystic,,UATheMysticClass,classic,1,data/class/class-mystic.json,/class/0/subclassTitle,Mystic subclass title,,,pending,,0.50,
Otherworldly Patron,class-label,Warlock,,PHB,classic,1,data/class/class-warlock.json,/class/0/subclassTitle,Warlock subclass title,異界宗主,,proposed,5eclone.pingstudio.tw (legacy exact ENG_name match),0.85,
Pact Boon,class-label,Warlock,,PHB,classic,1,data/class/class-warlock.json,/class/0/optionalfeatureProgression/1/name,Warlock optional feature progression,契約恩賜,,proposed,5eclone.pingstudio.tw (legacy exact ENG_name match),0.85,
Paladin Subclass,class-label,Paladin,,XPHB,one,1,data/class/class-paladin.json,/class/1/subclassTitle,Paladin subclass title,,,pending,,0.50,
Primal Path,class-label,Barbarian,,PHB,classic,1,data/class/class-barbarian.json,/class/0/subclassTitle,Barbarian subclass title,原初道途,,proposed,5eclone.pingstudio.tw (legacy exact ENG_name match),0.85,
Ranger Archetype,class-label,Ranger,,PHB,classic,1,data/class/class-ranger.json,/class/0/subclassTitle,Ranger subclass title,遊俠範型,,proposed,5eclone.pingstudio.tw (legacy exact ENG_name match),0.85,
Ranger Subclass,class-label,Ranger,,XPHB,one,1,data/class/class-ranger.json,/class/1/subclassTitle,Ranger subclass title,,,pending,,0.50,
Rogue Subclass,class-label,Rogue,,XPHB,one,1,data/class/class-rogue.json,/class/1/subclassTitle,Rogue subclass title,,,pending,,0.50,
Roguish Archetype,class-label,Rogue,,PHB,classic,1,data/class/class-rogue.json,/class/0/subclassTitle,Rogue subclass title,遊蕩者範型,,proposed,5eclone.pingstudio.tw (legacy exact ENG_name match),0.85,
Sacred Oath,class-label,Paladin,,PHB,classic,1,data/class/class-paladin.json,/class/0/subclassTitle,Paladin subclass title,神聖誓言,,proposed,5eclone.pingstudio.tw (legacy exact ENG_name match),0.85,
Sorcerer Subclass,class-label,Sorcerer,,XPHB,one,1,data/class/class-sorcerer.json,/class/1/subclassTitle,Sorcerer subclass title,,,pending,,0.50,
Sorcerous Origin,class-label,Sorcerer,,PHB,classic,1,data/class/class-sorcerer.json,/class/0/subclassTitle,Sorcerer subclass title,術法起源,,proposed,5eclone.pingstudio.tw (legacy exact ENG_name match),0.85,
Warlock Subclass,class-label,Warlock,,XPHB,one,1,data/class/class-warlock.json,/class/1/subclassTitle,Warlock subclass title,,,pending,,0.50,
Wizard Subclass,class-label,Wizard,,XPHB,one,1,data/class/class-wizard.json,/class/1/subclassTitle,Wizard subclass title,,,pending,,0.50,
A Bard's Repertoire,named-rule-block,Bard,,XPHB,one,1,data/class/class-bard.json,/classFeature/31/entries/2/name,Jack of All Trades: nested named block,,,pending,,0.50,
Aberrant Mind,named-rule-block,Sorcerer,Aberrant Mind,TCE,classic-or-other,1,data/class/class-sorcerer.json,/subclassFeature/74/_copy/name,Aberrant Mind: nested named block,畸變心智,,proposed,5eclone.pingstudio.tw (legacy exact ENG_name match),0.85,
Ability Check,named-rule-block,Bard,Creation,TCE,classic-or-other,1,data/class/class-bard.json,/subclassFeature/11/entries/3/items/0/name,Mote of Potential: nested named block,屬性檢定,,proposed,SRD 5.1; SRD 5.2.1,0.95,
Actions over Words,named-rule-block,Paladin,Glory,TCE,classic-or-other,1,data/class/class-paladin.json,/subclassFeature/47/entries/1/name,Tenets of Glory: nested named block,,,pending,,0.50,
Addle,named-rule-block,Monk,Open Hand,XPHB,one,1,data/class/class-monk.json,/subclassFeature/73/entries/1/name,Open Hand Technique: nested named block,,,pending,,0.50,
Agility,named-rule-block,Wizard,Bladesinger,FRHoF,classic-or-other,1,data/class/class-wizard.json,/subclassFeature/81/entries/3/name,Bladesong: nested named block,,,pending,,0.50,
Alchemical Eruption,named-rule-block,Artificer,Alchemist,EFA,classic-or-other,1,data/class/class-artificer.json,/subclassFeature/6/entries/1/name,Chemical Mastery: nested named block,,,pending,,0.50,
Ambition Domain (PSA),named-rule-block,Cleric,Ambition (PSA),PSA,classic-or-other,1,data/class/class-cleric.json,/subclassFeature/164/_copy/name,Ambition Domain (PSA): nested named block,,,pending,,0.50,
Ambusher's Leap,named-rule-block,Ranger,Gloom Stalker,XPHB,one,1,data/class/class-ranger.json,/subclassFeature/87/entries/1/name,Dread Ambusher: nested named block,,,pending,,0.50,
Ancient Armor,named-rule-block,Ranger,Hollow Warden,RHW,classic-or-other,1,data/class/class-ranger.json,/subclassFeature/71/entries/1/name,Wrath of the Wild: nested named block,,,pending,,0.50,
Aquatic Adaptation,named-rule-block,Sorcerer,Aberrant,XPHB,one,1,data/class/class-sorcerer.json,/subclassFeature/84/entries/1/entries/0/name,Revelation in Flesh: nested named block,,,pending,,0.50,
Arcana Domain,named-rule-block,Cleric,Arcana,SCAG,classic-or-other,1,data/class/class-cleric.json,/subclassFeature/179/_copy/name,Arcana Domain: nested named block,奧祕領域,,proposed,5eclone.pingstudio.tw (legacy exact ENG_name match),0.85,
Arcane Conduit,named-rule-block,Artificer,Reanimator,RHW,classic-or-other,1,data/class/class-artificer.json,/subclassFeature/45/entries/1/name,Strange Modifications: nested named block,,,pending,,0.50,
Arcane Empowerment,named-rule-block,Artificer,Battle Smith,EFA,classic-or-other,1,data/class/class-artificer.json,/subclassFeature/25/entries/1/name,Battle Ready: nested named block,,,pending,,0.50,
Arcane Necrosis,named-rule-block,Warlock,Undead,RHW,classic-or-other,1,data/class/class-warlock.json,/subclassFeature/57/entries/1/name,Grave Touched: nested named block,,,pending,,0.50,
Arcane Shot,named-rule-block,Fighter,Arcane Archer,XGE,classic-or-other,1,data/class/class-fighter.json,/subclassFeature/66/entries/2/name,Arcane Shot Options: nested named block,祕法射擊,,proposed,5eclone.pingstudio.tw (legacy exact ENG_name match),0.85,
Area Reading,named-rule-block,Cleric,Knowledge,PHB,classic-or-other,1,data/class/class-cleric.json,/subclassFeature/14/entries/3/entries/0/name,Visions of the Past: nested named block,,,pending,,0.50,
Armor Class,named-rule-block,Druid,Moon,XPHB,one,1,data/class/class-druid.json,/subclassFeature/59/entries/1/entries/1/name,Circle Forms: nested named block,護甲等級,,proposed,SRD 5.1; SRD 5.2.1,0.95,
Armor Crafting,named-rule-block,Artificer,Armorer,EFA,classic-or-other,1,data/class/class-artificer.json,/subclassFeature/14/entries/3/name,Tools of the Trade: nested named block,,,pending,,0.50,
Armor of the Spirit,named-rule-block,Monk,Astral Self,TCE,classic-or-other,1,data/class/class-monk.json,/subclassFeature/32/entries/3/name,Awakened Astral Self: nested named block,,,pending,,0.50,
Armor Replication,named-rule-block,Artificer,Armorer,EFA,classic-or-other,1,data/class/class-artificer.json,/subclassFeature/16/entries/1/name,Improved Armorer: nested named block,,,pending,,0.50,
Armor Training,named-rule-block,Artificer,Armorer,EFA,classic-or-other,1,data/class/class-artificer.json,/subclassFeature/14/entries/1/name,Tools of the Trade: nested named block,,,pending,,0.50,
Artificer Infusions,named-rule-block,Artificer,,TCE,classic-or-other,1,data/class/class-artificer.json,/classFeature/22/entries/3/name,Infuse Item: nested named block,奇械師注法,,proposed,5eclone.pingstudio.tw (legacy exact ENG_name match),0.85,
Astral Barrage,named-rule-block,Monk,Astral Self,TCE,classic-or-other,1,data/class/class-monk.json,/subclassFeature/32/entries/4/name,Awakened Astral Self: nested named block,,,pending,,0.50,
Astral Sight,named-rule-block,Monk,Astral Self,TCE,classic-or-other,1,data/class/class-monk.json,/subclassFeature/30/entries/4/name,Visage of the Astral Self: nested named block,星之視覺,,proposed,5eclone.pingstudio.tw (legacy exact ENG_name match),0.85,
At Higher Levels,named-rule-block,Bard,,XPHB,one,1,data/class/class-bard.json,/classFeature/28/entries/1/entries/2/name,Bardic Inspiration: nested named block,,,pending,,0.50,
Attack,named-rule-block,Fighter,Banneret,FRHoF,classic-or-other,1,data/class/class-fighter.json,/subclassFeature/93/entries/1/name,Rallying Surge: nested named block,,,pending,,0.50,
Attack Roll,named-rule-block,Bard,Creation,TCE,classic-or-other,1,data/class/class-bard.json,/subclassFeature/11/entries/3/items/1/name,Mote of Potential: nested named block,攻擊檢定,,proposed,SRD 5.1; SRD 5.2.1,0.95,
Attacker,named-rule-block,Warrior Sidekick,,TCE,classic-or-other,1,data/class/class-sidekick.json,/classFeature/30/entries/2/items/0/name,Martial Role: nested named block,,,pending,,0.50,
Attunement,named-rule-block,Rogue,Thief,XPHB,one,1,data/class/class-rogue.json,/subclassFeature/98/entries/1/name,Use Magic Device: nested named block,,,pending,,0.50,
Augment Breath,named-rule-block,Monk,Ascendant Dragon,FTD,classic-or-other,1,data/class/class-monk.json,/subclassFeature/5/entries/2/items/0/name,Ascendant Aspect: nested named block,,,pending,,0.50,
Awareness,named-rule-block,Artificer,Cartographer,EFA,classic-or-other,1,data/class/class-artificer.json,/subclassFeature/33/entries/2/name,Adventurer's Atlas: nested named block,,,pending,,0.50,
Be the Light,named-rule-block,Paladin,Ancients,PHB,classic-or-other,1,data/class/class-paladin.json,/subclassFeature/12/entries/4/entries/0/name,Tenets of the Ancients: nested named block,成爲真光,,proposed,5eclone.pingstudio.tw (legacy exact ENG_name match),0.85,
Bear,named-rule-block,Barbarian,Wild Heart,XPHB,one,1,data/class/class-barbarian.json,/subclassFeature/81/entries/1/name,Rage of the Wilds: nested named block,熊,,proposed,5eclone.pingstudio.tw (legacy exact ENG_name match),0.85,
Bear Spirit,named-rule-block,Druid,Shepherd,XGE,classic-or-other,1,data/class/class-druid.json,/subclassFeature/42/entries/4/name,Spirit Totem: nested named block,熊之精魂,,proposed,5eclone.pingstudio.tw (legacy exact ENG_name match),0.85,
Bird,named-rule-block,Wizard,Bladesinging,TCE,classic-or-other,1,data/class/class-wizard.json,/subclassFeature/60/entries/3/name,Bladesinger Styles: nested named block,,,pending,,0.50,
Bite,named-rule-block,Barbarian,Beast,TCE,classic-or-other,1,data/class/class-barbarian.json,/subclassFeature/39/entries/3/items/0/name,Form of the Beast: nested named block,,,pending,,0.50,
Biting Cold,named-rule-block,Ranger,Winter Walker,FRHoF,classic-or-other,1,data/class/class-ranger.json,/subclassFeature/62/entries/1/name,Frigid Explorer: nested named block,,,pending,,0.50,
Bladesinging,named-rule-block,Wizard,Bladesinging,TCE,classic-or-other,1,data/class/class-wizard.json,/subclassFeature/94/_copy/name,Bladesinging: nested named block,劍詠,劍詠傳承,conflict,5eclone.pingstudio.tw (preferred candidate); project glossary alternatives,0.65,5eclone candidate is listed first; alternatives require user approval.
Bladework,named-rule-block,Wizard,Bladesinger,FRHoF,classic-or-other,1,data/class/class-wizard.json,/subclassFeature/81/entries/4/name,Bladesong: nested named block,,,pending,,0.50,
Blindsight,named-rule-block,Monk,Ascendant Dragon,FTD,classic-or-other,1,data/class/class-monk.json,/subclassFeature/5/entries/2/items/1/name,Ascendant Aspect: nested named block,,,pending,,0.50,
Bloated,named-rule-block,Artificer,Reanimator,RHW,classic-or-other,1,data/class/class-artificer.json,/subclassFeature/47/entries/1/name,Macabre Modifications: nested named block,,,pending,,0.50,
Bolstered Rally,named-rule-block,Fighter,Banneret,FRHoF,classic-or-other,1,data/class/class-fighter.json,/subclassFeature/95/entries/1/name,Inspiring Commander: nested named block,,,pending,,0.50,
Breaking Your Oath,named-rule-block,Paladin,,PHB; XPHB,classic-or-other; one,2,data/class/class-paladin.json,/classFeature/8/entries/5/name,Sacred Oath: nested named block,背棄誓言,,proposed,5eclone.pingstudio.tw (legacy exact ENG_name match),0.85,
Breath of Winter (17th Level Required),named-rule-block,Monk,Four Elements,PHB,classic-or-other,1,data/class/class-monk.json,/subclassFeature/8/entries/1/entries/0/name,Elemental Disciplines: nested named block,,,pending,,0.50,
Burning Life Force,named-rule-block,Sorcerer,Spellfire,FRHoF,classic-or-other,1,data/class/class-sorcerer.json,/subclassFeature/64/entries/1/name,Crown of Spellfire: nested named block,,,pending,,0.50,
By Any Means Necessary,named-rule-block,Paladin,Vengeance,PHB,classic-or-other,1,data/class/class-paladin.json,/subclassFeature/30/entries/3/entries/0/name,Tenets of Vengeance: nested named block,爲目的不擇手段,,proposed,5eclone.pingstudio.tw (legacy exact ENG_name match),0.85,
Canny,named-rule-block,Ranger,,TCE,classic-or-other,1,data/class/class-ranger.json,/classFeature/0/entries/2/name,Deft Explorer: nested named block,精明,,proposed,5eclone.pingstudio.tw (legacy exact ENG_name match),0.85,
Cantrips,named-rule-block,Artificer; Bard; Cleric; Druid; Fighter; Rogue; Sorcerer; Warlock; Wizard,Arcane Trickster; Eldritch Knight,EFA; PHB; XPHB,classic-or-other; one,17,data/class/class-artificer.json,/classFeature/0/entries/1/entries/1/name,Spellcasting: nested named block,,,pending,,0.50,
Cantrips (0-Level Spells),named-rule-block,Artificer,,TCE,classic-or-other,1,data/class/class-artificer.json,/classFeature/21/entries/3/name,Spellcasting: nested named block,戲法,,proposed,5eclone.pingstudio.tw (legacy exact ENG_name match),0.85,
Cast Spells,named-rule-block,Cleric,Trickery,XPHB,one,1,data/class/class-cleric.json,/subclassFeature/205/entries/1/name,Invoke Duplicity: nested named block,,,pending,,0.50,
Casting Elemental Spells,named-rule-block,Monk,Four Elements,PHB,classic-or-other,1,data/class/class-monk.json,/subclassFeature/7/entries/3/name,Disciple of the Elements: nested named block,,,pending,,0.50,
Cat,named-rule-block,Wizard,Bladesinging,TCE,classic-or-other,1,data/class/class-wizard.json,/subclassFeature/60/entries/2/name,Bladesinger Styles: nested named block,,,pending,,0.50,
Challenge Rating,named-rule-block,Druid,Moon,XPHB,one,1,data/class/class-druid.json,/subclassFeature/59/entries/1/entries/0/name,Circle Forms: nested named block,挑戰等級,,proposed,SRD 5.1; SRD 5.2.1,0.95,
Challenges Are but Tests,named-rule-block,Paladin,Glory,TCE,classic-or-other,1,data/class/class-paladin.json,/subclassFeature/47/entries/2/name,Tenets of Glory: nested named block,,,pending,,0.50,
Changing your Prepared Spells,named-rule-block,Fighter,Eldritch Knight,XPHB,one,1,data/class/class-fighter.json,/subclassFeature/112/entries/4/entries/0/name,Spellcasting: nested named block,,,pending,,0.50,
Changing Your Prepared Spells,named-rule-block,Artificer; Bard; Cleric; Druid; Paladin; Ranger; Rogue; Sorcerer; Warlock; Wizard,Arcane Trickster,EFA; XPHB,classic-or-other; one,10,data/class/class-artificer.json,/classFeature/0/entries/1/entries/4/name,Spellcasting: nested named block,,,pending,,0.50,
Channel Divinity,named-rule-block,Cleric; Paladin,Ambition (PSA); Ancients; Arcana; Conquest; Crown; Death; Devotion; Forge; Glory; Grave; Knowledge; Life; Light; Nature; Noble Genies; Order; Peace; Redemption; Solidarity (PSA); Strength (PSA); Tempest; Trickery; Twilight; Vengeance; War; Watchers; Zeal (PSA),DMG; FRHoF; PHB; PSA; RHW; SCAG; TCE; XGE; XPHB,classic-or-other; one,61,data/class/class-cleric.json,/classFeature/3/consumes/name,Channel Divinity: Harness Divine Power: nested named block,引導神力,,proposed,5eclone.pingstudio.tw (legacy exact ENG_name match),0.85,
Channel Divinity: Arcane Abjuration,named-rule-block,Cleric,Arcana,SCAG,classic-or-other,1,data/class/class-cleric.json,/subclassFeature/180/_copy/name,Channel Divinity: Arcane Abjuration: nested named block,引導神力：奧祕阻絕,,proposed,5eclone.pingstudio.tw (legacy exact ENG_name match),0.85,
Channel Divinity: Artisan's Blessing,named-rule-block,Cleric,Forge,XGE,classic-or-other,1,data/class/class-cleric.json,/subclassFeature/187/_copy/name,Channel Divinity: Artisan's Blessing: nested named block,引導神力：工匠祝福,,proposed,5eclone.pingstudio.tw (legacy exact ENG_name match),0.85,
Channel Divinity: Balm of Peace,named-rule-block,Cleric,Peace,TCE,classic-or-other,1,data/class/class-cleric.json,/subclassFeature/183/_copy/name,Channel Divinity: Balm of Peace: nested named block,引導神力：和平撫慰,,proposed,5eclone.pingstudio.tw (legacy exact ENG_name match),0.85,
Channel Divinity: Charm Animals and Plants,named-rule-block,Cleric,Nature,PHB,classic-or-other,1,data/class/class-cleric.json,/subclassFeature/156/_copy/name,Channel Divinity: Charm Animals and Plants: nested named block,引導神力：魅惑動植物,,proposed,5eclone.pingstudio.tw (legacy exact ENG_name match),0.85,
Channel Divinity: Consuming Fervor,named-rule-block,Cleric,Zeal (PSA),PSA,classic-or-other,1,data/class/class-cleric.json,/subclassFeature/171/_copy/name,Channel Divinity: Consuming Fervor: nested named block,,,pending,,0.50,
Channel Divinity: Destructive Wrath,named-rule-block,Cleric,Tempest,PHB,classic-or-other,1,data/class/class-cleric.json,/subclassFeature/158/_copy/name,Channel Divinity: Destructive Wrath: nested named block,引導神力：毀滅狂怒,,proposed,5eclone.pingstudio.tw (legacy exact ENG_name match),0.85,
Channel Divinity: Feat of Strength,named-rule-block,Cleric,Strength (PSA),PSA,classic-or-other,1,data/class/class-cleric.json,/subclassFeature/169/_copy/name,Channel Divinity: Feat of Strength: nested named block,,,pending,,0.50,
Channel Divinity: Guided Strike,named-rule-block,Cleric,War,PHB,classic-or-other,1,data/class/class-cleric.json,/subclassFeature/162/_copy/name,Channel Divinity: Guided Strike: nested named block,引導神力：神導打擊,,proposed,5eclone.pingstudio.tw (legacy exact ENG_name match),0.85,
Channel Divinity: Invoke Duplicity,named-rule-block,Cleric,Ambition (PSA); Trickery,PHB; PSA,classic-or-other,2,data/class/class-cleric.json,/subclassFeature/160/_copy/name,Channel Divinity: Invoke Duplicity: nested named block,引導神力：召喚假體,,proposed,5eclone.pingstudio.tw (legacy exact ENG_name match),0.85,
Channel Divinity: Knowledge of the Ages,named-rule-block,Cleric,Knowledge,PHB,classic-or-other,1,data/class/class-cleric.json,/subclassFeature/150/_copy/name,Channel Divinity: Knowledge of the Ages: nested named block,引導神力：歲月知識,,proposed,5eclone.pingstudio.tw (legacy exact ENG_name match),0.85,
Channel Divinity: Order's Demand,named-rule-block,Cleric,Order,TCE,classic-or-other,1,data/class/class-cleric.json,/subclassFeature/181/_copy/name,Channel Divinity: Order's Demand: nested named block,引導神力：秩序之令,,proposed,5eclone.pingstudio.tw (legacy exact ENG_name match),0.85,
Channel Divinity: Path to the Grave,named-rule-block,Cleric,Grave,XGE,classic-or-other,1,data/class/class-cleric.json,/subclassFeature/189/_copy/name,Channel Divinity: Path to the Grave: nested named block,引導神力：歸墓之途,,proposed,5eclone.pingstudio.tw (legacy exact ENG_name match),0.85,
Channel Divinity: Preserve Life,named-rule-block,Cleric,Life; Solidarity (PSA),PHB; PSA,classic-or-other,2,data/class/class-cleric.json,/subclassFeature/152/_copy/name,Channel Divinity: Preserve Life: nested named block,引導神力：維繫生命,,proposed,5eclone.pingstudio.tw (legacy exact ENG_name match),0.85,
Channel Divinity: Radiance of the Dawn,named-rule-block,Cleric,Light,PHB,classic-or-other,1,data/class/class-cleric.json,/subclassFeature/154/_copy/name,Channel Divinity: Radiance of the Dawn: nested named block,引導神力：黎明曙光,,proposed,5eclone.pingstudio.tw (legacy exact ENG_name match),0.85,
Channel Divinity: Touch of Death,named-rule-block,Cleric,Death,DMG,classic-or-other,1,data/class/class-cleric.json,/subclassFeature/142/_copy/name,Channel Divinity: Touch of Death: nested named block,引導神力:死亡之觸,,proposed,5eclone.pingstudio.tw (legacy exact ENG_name match),0.85,
Channel Divinity: Twilight Sanctuary,named-rule-block,Cleric,Twilight,TCE,classic-or-other,1,data/class/class-cleric.json,/subclassFeature/185/_copy/name,Channel Divinity: Twilight Sanctuary: nested named block,引導神力：暮光聖域,,proposed,5eclone.pingstudio.tw (legacy exact ENG_name match),0.85,
Charge Magic Item,named-rule-block,Artificer,,EFA,classic-or-other,1,data/class/class-artificer.json,/classFeature/6/entries/1/entries/0/name,Magic Item Tinker: nested named block,,,pending,,0.50,
Charges,named-rule-block,Rogue,Thief,XPHB,one,1,data/class/class-rogue.json,/subclassFeature/98/entries/2/name,Use Magic Device: nested named block,,,pending,,0.50,
Charismatic,named-rule-block,Paladin,Glory,XPHB,one,1,data/class/class-paladin.json,/subclassFeature/109/entries/1/name,Living Legend: nested named block,,,pending,,0.50,
Cheat Death,named-rule-block,Artificer,,EFA,classic-or-other,1,data/class/class-artificer.json,/classFeature/18/entries/1/entries/0/name,Soul of Artifice: nested named block,,,pending,,0.50,
Chemical Resistance,named-rule-block,Artificer,Alchemist,EFA,classic-or-other,1,data/class/class-artificer.json,/subclassFeature/6/entries/2/name,Chemical Mastery: nested named block,,,pending,,0.50,
Chronurgy Magic,named-rule-block,Wizard,Chronurgy,EGW,classic-or-other,1,data/class/class-wizard.json,/subclassFeature/78/_copy/name,Chronurgy Magic: nested named block,時間魔法,,proposed,5eclone.pingstudio.tw (legacy exact ENG_name match),0.85,
Circle of Dreams,named-rule-block,Druid,Dreams,XGE,classic-or-other,1,data/class/class-druid.json,/subclassFeature/51/_copy/name,Circle of Dreams: nested named block,夢境結社,,proposed,5eclone.pingstudio.tw (legacy exact ENG_name match),0.85,
Circle of Spores,named-rule-block,Druid,Spores,TCE,classic-or-other,1,data/class/class-druid.json,/subclassFeature/48/_copy/name,Circle of Spores: nested named block,孢子結社,,proposed,5eclone.pingstudio.tw (legacy exact ENG_name match),0.85,
Circle of Stars,named-rule-block,Druid,Stars,TCE,classic-or-other,1,data/class/class-druid.json,/subclassFeature/49/_copy/name,Circle of Stars: nested named block,星辰結社,,proposed,5eclone.pingstudio.tw (legacy exact ENG_name match),0.85,
Circle of the Land,named-rule-block,Druid,Land,PHB,classic-or-other,1,data/class/class-druid.json,/subclassFeature/46/_copy/name,Circle of the Land: nested named block,大地結社,,proposed,5eclone.pingstudio.tw (legacy exact ENG_name match),0.85,
Circle of the Moon,named-rule-block,Druid,Moon,PHB,classic-or-other,1,data/class/class-druid.json,/subclassFeature/47/_copy/name,Circle of the Moon: nested named block,月亮結社,,proposed,5eclone.pingstudio.tw (legacy exact ENG_name match),0.85,
Circle of the Shepherd,named-rule-block,Druid,Shepherd,XGE,classic-or-other,1,data/class/class-druid.json,/subclassFeature/52/_copy/name,Circle of the Shepherd: nested named block,牧人結社,,proposed,5eclone.pingstudio.tw (legacy exact ENG_name match),0.85,
Circle of Wildfire,named-rule-block,Druid,Wildfire,TCE,classic-or-other,1,data/class/class-druid.json,/subclassFeature/50/_copy/name,Circle of Wildfire: nested named block,野火結社,,proposed,5eclone.pingstudio.tw (legacy exact ENG_name match),0.85,
Claws,named-rule-block,Barbarian,Beast,TCE,classic-or-other,1,data/class/class-barbarian.json,/subclassFeature/39/entries/3/items/1/name,Form of the Beast: nested named block,,,pending,,0.50,
Clench of the North Wind (6th Level Required),named-rule-block,Monk,Four Elements,PHB,classic-or-other,1,data/class/class-monk.json,/subclassFeature/8/entries/1/entries/1/name,Elemental Disciplines: nested named block,,,pending,,0.50,
Climber,named-rule-block,Rogue,Thief,XPHB,one,1,data/class/class-rogue.json,/subclassFeature/95/entries/1/entries/0/name,Second-Story Work: nested named block,,,pending,,0.50,
Clockwork Soul,named-rule-block,Sorcerer,Clockwork Soul,TCE,classic-or-other,1,data/class/class-sorcerer.json,/subclassFeature/75/_copy/name,Clockwork Soul: nested named block,時械之魂,,proposed,5eclone.pingstudio.tw (legacy exact ENG_name match),0.85,
Colossus Slayer,named-rule-block,Ranger,Hunter,XPHB,one,1,data/class/class-ranger.json,/subclassFeature/96/entries/1/entries/0/name,Hunter's Prey: nested named block,巨怪獵者,,proposed,5eclone.pingstudio.tw (legacy exact ENG_name match),0.85,
Combining Psionic Effects,named-rule-block,Mystic,,UATheMysticClass,classic-or-other,1,data/class/class-mystic.json,/classFeature/3/entries/8/name,Using a Discipline: nested named block,,,pending,,0.50,
Compassion,named-rule-block,Paladin,Devotion,PHB,classic-or-other,1,data/class/class-paladin.json,/subclassFeature/21/entries/3/entries/0/name,Tenets of Devotion: nested named block,憐憫,,proposed,5eclone.pingstudio.tw (legacy exact ENG_name match),0.85,
Components,named-rule-block,Mystic,,UATheMysticClass,classic-or-other,1,data/class/class-mystic.json,/classFeature/3/entries/4/name,Using a Discipline: nested named block,,,pending,,0.50,
Comprehension,named-rule-block,Fighter,Banneret,FRHoF,classic-or-other,1,data/class/class-fighter.json,/subclassFeature/91/entries/1/name,Knightly Envoy: nested named block,,,pending,,0.50,
Concentration,named-rule-block,Mystic,,UATheMysticClass,classic-or-other,1,data/class/class-mystic.json,/classFeature/3/entries/5/entries/2/name,Using a Discipline: nested named block,專注,,proposed,SRD 5.1; SRD 5.2.1,0.95,
Conjured Cauldron,named-rule-block,Artificer,Alchemist,EFA,classic-or-other,1,data/class/class-artificer.json,/subclassFeature/6/entries/3/name,Chemical Mastery: nested named block,,,pending,,0.50,
Controlled Channeling,named-rule-block,Bard,Spirits,RHW,classic-or-other,1,data/class/class-bard.json,/subclassFeature/53/entries/1/name,Spirits from Beyond: nested named block,,,pending,,0.50,
Converting a Spell Slot to Sorcery Points,named-rule-block,Sorcerer,,PHB,classic-or-other,1,data/class/class-sorcerer.json,/classFeature/2/entries/2/name,Flexible Casting: nested named block,,,pending,,0.50,
Converting Spell Slots to Sorcery Points,named-rule-block,Sorcerer,,XPHB,one,1,data/class/class-sorcerer.json,/classFeature/22/entries/3/entries/0/name,Font of Magic: nested named block,,,pending,,0.50,
Copying a Spell into the Book,named-rule-block,Wizard,,PHB; XPHB,classic-or-other; one,2,data/class/class-wizard.json,/classFeature/1/entries/8/entries/2/entries/0/name,Spellcasting: nested named block,,,pending,,0.50,
Copying from a Spell Scroll,named-rule-block,Wizard,,PHB,classic-or-other,1,data/class/class-wizard.json,/classFeature/1/entries/8/entries/2/entries/0/entries/3/name,Spellcasting: nested named block,從法術卷軸中抄寫,,proposed,5eclone.pingstudio.tw (legacy exact ENG_name match),0.85,
Copying the Book,named-rule-block,Wizard,,XPHB,one,1,data/class/class-wizard.json,/classFeature/16/entries/1/entries/7/entries/2/name,Spellcasting: nested named block,,,pending,,0.50,
Courage,named-rule-block,Paladin,Crown; Devotion,PHB; SCAG,classic-or-other,2,data/class/class-paladin.json,/subclassFeature/21/entries/2/entries/0/name,Tenets of Devotion: nested named block,勇氣,,proposed,5eclone.pingstudio.tw (legacy exact ENG_name match),0.85,
Crafting More Magic Items,named-rule-block,Artificer,,EFA,classic-or-other,1,data/class/class-artificer.json,/classFeature/2/entries/1/entries/4/name,Replicate Magic Item: nested named block,,,pending,,0.50,
Creating Additional Elixirs,named-rule-block,Artificer,Alchemist,EFA,classic-or-other,1,data/class/class-artificer.json,/subclassFeature/2/entries/2/name,Experimental Elixir: nested named block,,,pending,,0.50,
Creating an Item,named-rule-block,Artificer,,EFA,classic-or-other,1,data/class/class-artificer.json,/classFeature/2/entries/1/entries/1/name,Replicate Magic Item: nested named block,,,pending,,0.50,
Creating Spell Slots,named-rule-block,Sorcerer,,PHB; XPHB,classic-or-other; one,2,data/class/class-sorcerer.json,/classFeature/2/entries/1/name,Flexible Casting: nested named block,,,pending,,0.50,
Crescent Moon,named-rule-block,Sorcerer,Lunar,DSotDQ,classic-or-other,3,data/class/class-sorcerer.json,/subclassFeature/3/entries/2/items/2/name,Lunar Boons: nested named block,,,pending,,0.50,
Crushing Throw,named-rule-block,Barbarian,Giant,BGG,classic-or-other,1,data/class/class-barbarian.json,/subclassFeature/1/entries/2/items/0/name,Giant's Havoc: nested named block,,,pending,,0.50,
Cutthroat,named-rule-block,Rogue,Scion of the Three,FRHoF,classic-or-other,1,data/class/class-rogue.json,/subclassFeature/64/entries/1/name,Dread Incarnate: nested named block,,,pending,,0.50,
Damage Resistance,named-rule-block,Barbarian; Monk,Elements,XPHB,one,2,data/class/class-barbarian.json,/classFeature/25/entries/3/entries/0/name,Rage: nested named block,,,pending,,0.50,
Dampening Field,named-rule-block,Artificer,Armorer,EFA,classic-or-other,1,data/class/class-artificer.json,/subclassFeature/13/entries/1/items/2/name,Infiltrator: nested named block,,,pending,,0.50,
Darkvision,named-rule-block,Wizard,Divination; Diviner,PHB; XPHB,classic-or-other; one,2,data/class/class-wizard.json,/subclassFeature/27/entries/1/entries/0/name,The Third Eye: nested named block,,,pending,,0.50,
Death Domain,named-rule-block,Cleric,Death,DMG,classic-or-other,1,data/class/class-cleric.json,/subclassFeature/143/_copy/name,Death Domain: nested named block,死亡領域,,proposed,5eclone.pingstudio.tw (legacy exact ENG_name match),0.85,
Death's Knell,named-rule-block,Rogue,Phantom,RHW,classic-or-other,1,data/class/class-rogue.json,/subclassFeature/68/entries/2/entries/1/items/0/name,Tokens of the Departed: nested named block,,,pending,,0.50,
Death's Lament,named-rule-block,Rogue,Phantom,RHW,classic-or-other,1,data/class/class-rogue.json,/subclassFeature/71/entries/1/name,Death's Friend: nested named block,,,pending,,0.50,
Decrease Exhaustion,named-rule-block,Ranger,,XPHB,one,1,data/class/class-ranger.json,/classFeature/43/entries/1/entries/1/name,Tireless: nested named block,,,pending,,0.50,
Defender,named-rule-block,Warrior Sidekick,,TCE,classic-or-other,1,data/class/class-sidekick.json,/classFeature/30/entries/2/items/1/name,Martial Role: nested named block,,,pending,,0.50,
Defense,named-rule-block,Bard,Valor,XPHB,one,1,data/class/class-bard.json,/subclassFeature/76/entries/1/name,Combat Inspiration: nested named block,,,pending,,0.50,
Defensive Field,named-rule-block,Artificer,Armorer,EFA,classic-or-other,1,data/class/class-artificer.json,/subclassFeature/12/entries/2/name,Guardian: nested named block,,,pending,,0.50,
Deflect Energy,named-rule-block,Monk,Astral Self,TCE,classic-or-other,1,data/class/class-monk.json,/subclassFeature/31/entries/3/name,Body of the Astral Self: nested named block,,,pending,,0.50,
Deft Strike,named-rule-block,Monk,Kensei,XGE,classic-or-other,1,data/class/class-monk.json,/subclassFeature/52/entries/2/name,One with the Blade: nested named block,機敏打擊,,proposed,5eclone.pingstudio.tw (legacy exact ENG_name match),0.85,
Defy Death,named-rule-block,Fighter,Champion,XPHB,one,1,data/class/class-fighter.json,/subclassFeature/110/entries/1/name,Survivor: nested named block,反抗死亡,,proposed,5eclone.pingstudio.tw (legacy exact ENG_name match),0.85,
Destructive Energy,named-rule-block,Artificer,Battle Smith,EFA,classic-or-other,1,data/class/class-artificer.json,/subclassFeature/31/entries/1/items/0/name,Arcane Jolt: nested named block,,,pending,,0.50,
Destructive Stride,named-rule-block,Monk,Elements,XPHB,one,1,data/class/class-monk.json,/subclassFeature/65/entries/2/name,Elemental Epitome: nested named block,,,pending,,0.50,
Detonate,named-rule-block,Artificer,Artillerist,EFA,classic-or-other,1,data/class/class-artificer.json,/subclassFeature/23/entries/1/name,Explosive Cannon: nested named block,,,pending,,0.50,
Diminish Defiance,named-rule-block,Paladin,Ancients,XPHB,one,1,data/class/class-paladin.json,/subclassFeature/96/entries/1/name,Elder Champion: nested named block,,,pending,,0.50,
Disappearing Step,named-rule-block,Warlock,Archfey,XPHB,one,1,data/class/class-warlock.json,/subclassFeature/69/entries/2/entries/0/name,Misty Escape: nested named block,,,pending,,0.50,
Discipline,named-rule-block,Mystic; Paladin,Watchers,TCE; UATheMysticClass,classic-or-other,3,data/class/class-mystic.json,/classFeature/2/entries/6/entries/1/name,Psionics: nested named block,,,pending,,0.50,
Discipline the Soul,named-rule-block,Paladin,Glory,TCE,classic-or-other,1,data/class/class-paladin.json,/subclassFeature/47/entries/4/name,Tenets of Glory: nested named block,,,pending,,0.50,
Dispel,named-rule-block,Sorcerer,Clockwork,XPHB,one,1,data/class/class-sorcerer.json,/subclassFeature/91/entries/1/entries/2/name,Clockwork Cavalcade: nested named block,,,pending,,0.50,
Distract,named-rule-block,Cleric,Trickery,XPHB,one,1,data/class/class-cleric.json,/subclassFeature/205/entries/2/name,Invoke Duplicity: nested named block,,,pending,,0.50,
Divine Soul,named-rule-block,Sorcerer,Divine Soul,XGE,classic-or-other,1,data/class/class-sorcerer.json,/subclassFeature/76/_copy/name,Divine Soul: nested named block,神聖之魂,,proposed,5eclone.pingstudio.tw (legacy exact ENG_name match),0.85,
Divine Strike,named-rule-block,Cleric,,XPHB,one,1,data/class/class-cleric.json,/classFeature/41/entries/1/entries/0/name,Improved Blessed Strikes: nested named block,神聖打擊,,proposed,5eclone.pingstudio.tw (legacy exact ENG_name match),0.85,
Domain Spells,named-rule-block,Cleric,Peace; Twilight,PHB; TCE,classic-or-other,3,data/class/class-cleric.json,/classFeature/0/entries/1/name,Divine Domain: nested named block,領域法術,,proposed,5eclone.pingstudio.tw (legacy exact ENG_name match),0.85,
Double Firepower,named-rule-block,Artificer,Artillerist,EFA,classic-or-other,1,data/class/class-artificer.json,/subclassFeature/24/entries/1/name,Fortified Position: nested named block,,,pending,,0.50,
Douse the Flame of Hope,named-rule-block,Paladin,Conquest,XGE,classic-or-other,1,data/class/class-paladin.json,/subclassFeature/67/entries/1/entries/0/name,Tenets of Conquest: nested named block,熄滅希望之火,,proposed,5eclone.pingstudio.tw (legacy exact ENG_name match),0.85,
Draconic Bloodline,named-rule-block,Sorcerer,Draconic,PHB,classic-or-other,1,data/class/class-sorcerer.json,/subclassFeature/65/_copy/name,Draconic Bloodline: nested named block,龍族血脈,,proposed,5eclone.pingstudio.tw (legacy exact ENG_name match),0.85,
Draconic Presence,named-rule-block,Monk,Ascendant Dragon,FTD,classic-or-other,1,data/class/class-monk.json,/subclassFeature/2/entries/2/items/0/name,Draconic Disciple: nested named block,真龍威儀,,proposed,5eclone.pingstudio.tw (legacy exact ENG_name match),0.85,
Draconic Strike,named-rule-block,Monk,Ascendant Dragon,FTD,classic-or-other,1,data/class/class-monk.json,/subclassFeature/2/entries/2/items/1/name,Draconic Disciple: nested named block,,,pending,,0.50,
Drain Magic Item,named-rule-block,Artificer,,EFA,classic-or-other,1,data/class/class-artificer.json,/classFeature/6/entries/1/entries/1/name,Magic Item Tinker: nested named block,,,pending,,0.50,
Drake Mount,named-rule-block,Ranger,Drakewarden,FTD,classic-or-other,1,data/class/class-ranger.json,/subclassFeature/3/entries/3/items/0/name,Bond of Fang and Scale: nested named block,,,pending,,0.50,
Draw of Death,named-rule-block,Rogue,Phantom,RHW,classic-or-other,1,data/class/class-rogue.json,/subclassFeature/71/entries/2/name,Death's Friend: nested named block,,,pending,,0.50,
Dread Resistance,named-rule-block,Warlock,Undead,RHW,classic-or-other,1,data/class/class-warlock.json,/subclassFeature/59/entries/1/name,Superior Dread: nested named block,,,pending,,0.50,
Dreaded Necrosis,named-rule-block,Warlock,Undead,RHW,classic-or-other,1,data/class/class-warlock.json,/subclassFeature/57/entries/2/name,Grave Touched: nested named block,,,pending,,0.50,
Dreadful Step,named-rule-block,Warlock,Archfey,XPHB,one,1,data/class/class-warlock.json,/subclassFeature/69/entries/2/entries/1/name,Misty Escape: nested named block,,,pending,,0.50,
Dreadful Strike,named-rule-block,Ranger,Gloom Stalker,XPHB,one,1,data/class/class-ranger.json,/subclassFeature/87/entries/2/name,Dread Ambusher: nested named block,,,pending,,0.50,
Dreadnaught,named-rule-block,Artificer,Armorer,EFA,classic-or-other,1,data/class/class-artificer.json,/subclassFeature/17/entries/1/name,Perfected Armor: nested named block,,,pending,,0.50,
Drinking an Elixir,named-rule-block,Artificer,Alchemist,EFA,classic-or-other,1,data/class/class-artificer.json,/subclassFeature/2/entries/1/name,Experimental Elixir: nested named block,,,pending,,0.50,
Duration,named-rule-block,Artificer; Barbarian; Mystic,,EFA; UATheMysticClass; XPHB,classic-or-other; one,3,data/class/class-artificer.json,/classFeature/2/entries/1/entries/2/name,Replicate Magic Item: nested named block,,,pending,,0.50,
Duty,named-rule-block,Paladin,Devotion,PHB,classic-or-other,1,data/class/class-paladin.json,/subclassFeature/21/entries/5/entries/0/name,Tenets of Devotion: nested named block,盡責,,proposed,5eclone.pingstudio.tw (legacy exact ENG_name match),0.85,
Eagle,named-rule-block,Barbarian,Wild Heart,XPHB,one,1,data/class/class-barbarian.json,/subclassFeature/81/entries/2/name,Rage of the Wilds: nested named block,鷹,,proposed,5eclone.pingstudio.tw (legacy exact ENG_name match),0.85,
Effect Options and Psi Points,named-rule-block,Mystic,,UATheMysticClass,classic-or-other,1,data/class/class-mystic.json,/classFeature/3/entries/3/name,Using a Discipline: nested named block,,,pending,,0.50,
Elemental Strikes,named-rule-block,Monk,Elements,XPHB,one,1,data/class/class-monk.json,/subclassFeature/60/entries/1/entries/1/name,Elemental Attunement: nested named block,,,pending,,0.50,
Empowered Arms,named-rule-block,Monk,Astral Self,TCE,classic-or-other,1,data/class/class-monk.json,/subclassFeature/31/entries/4/name,Body of the Astral Self: nested named block,,,pending,,0.50,
Empowered Bite,named-rule-block,Ranger,Drakewarden,FTD,classic-or-other,1,data/class/class-ranger.json,/subclassFeature/5/entries/2/items/0/name,Perfected Bond: nested named block,,,pending,,0.50,
Empowered Strikes,named-rule-block,Monk,Elements,XPHB,one,1,data/class/class-monk.json,/subclassFeature/65/entries/3/name,Elemental Epitome: nested named block,,,pending,,0.50,
Enhanced Necromancy,named-rule-block,Cleric,Grave,RHW,classic-or-other,1,data/class/class-cleric.json,/subclassFeature/178/entries/1/name,Divine Reaper: nested named block,,,pending,,0.50,
Escape the Horde,named-rule-block,Ranger,Hunter,XPHB,one,1,data/class/class-ranger.json,/subclassFeature/97/entries/1/entries/0/name,Defensive Tactics: nested named block,逃離衆敵,,proposed,5eclone.pingstudio.tw (legacy exact ENG_name match),0.85,
Eternal Mountain Defense (17th Level Required),named-rule-block,Monk,Four Elements,PHB,classic-or-other,1,data/class/class-monk.json,/subclassFeature/8/entries/1/entries/3/name,Elemental Disciplines: nested named block,,,pending,,0.50,
Ethereal Sight,named-rule-block,Wizard,Divination,PHB,classic-or-other,1,data/class/class-wizard.json,/subclassFeature/27/entries/1/entries/1/name,The Third Eye: nested named block,,,pending,,0.50,
Evergreen Wild Shape,named-rule-block,Druid,,XPHB,one,1,data/class/class-druid.json,/classFeature/41/entries/1/entries/0/name,Archdruid: nested named block,,,pending,,0.50,
Expanded Spell List,named-rule-block,Warlock,Archfey; Celestial; Fathomless; Fiend; Genie; Great Old One; Hexblade; Undead; Undying,PHB; SCAG; TCE; VRGR; XGE,classic-or-other,9,data/class/class-warlock.json,/subclassFeature/0/entries/1/name,The Archfey: nested named block,擴展法術列表,,proposed,5eclone.pingstudio.tw (legacy exact ENG_name match),0.85,
Expanding and Replacing a Spellbook,named-rule-block,Wizard,,XPHB,one,1,data/class/class-wizard.json,/classFeature/16/entries/1/entries/7/name,Spellcasting: nested named block,,,pending,,0.50,
Expertise,named-rule-block,Ranger,,XPHB,one,1,data/class/class-ranger.json,/classFeature/34/entries/1/entries/0/name,Deft Explorer: nested named block,專精,,proposed,5eclone.pingstudio.tw (legacy exact ENG_name match),0.85,
Explosive Fury,named-rule-block,Monk,Ascendant Dragon,FTD,classic-or-other,1,data/class/class-monk.json,/subclassFeature/5/entries/2/items/2/name,Ascendant Aspect: nested named block,,,pending,,0.50,
Eyes of the Dark,named-rule-block,Sorcerer,Shadow,RHW,classic-or-other,1,data/class/class-sorcerer.json,/subclassFeature/68/entries/1/name,Power of Shadow: nested named block,幽暗之瞳,,proposed,5eclone.pingstudio.tw (legacy exact ENG_name match),0.85,
Facilitated Revival,named-rule-block,Artificer,Reanimator,RHW,classic-or-other,1,data/class/class-artificer.json,/subclassFeature/48/entries/1/name,Refined Reanimation: nested named block,,,pending,,0.50,
Facsimile of Life,named-rule-block,Warlock,Undead,RHW,classic-or-other,1,data/class/class-warlock.json,/subclassFeature/55/entries/1/name,Form of Dread: nested named block,,,pending,,0.50,
Falcon,named-rule-block,Barbarian,Wild Heart,XPHB,one,1,data/class/class-barbarian.json,/subclassFeature/84/entries/1/name,Power of the Wilds: nested named block,,,pending,,0.50,
Fearless Form,named-rule-block,Warlock,Undead,RHW,classic-or-other,1,data/class/class-warlock.json,/subclassFeature/55/entries/2/name,Form of Dread: nested named block,,,pending,,0.50,
Ferocity,named-rule-block,Artificer,Reanimator,RHW,classic-or-other,1,data/class/class-artificer.json,/subclassFeature/45/entries/2/name,Strange Modifications: nested named block,,,pending,,0.50,
Fight the Greater Evil,named-rule-block,Paladin,Vengeance,PHB,classic-or-other,1,data/class/class-paladin.json,/subclassFeature/30/entries/1/entries/0/name,Tenets of Vengeance: nested named block,追尋以迎戰大惡,,proposed,5eclone.pingstudio.tw (legacy exact ENG_name match),0.85,
Firepower,named-rule-block,Artificer,Artillerist,EFA,classic-or-other,1,data/class/class-artificer.json,/subclassFeature/23/entries/2/name,Explosive Cannon: nested named block,,,pending,,0.50,
Flames of the Phoenix (11th Level Required),named-rule-block,Monk,Four Elements,PHB,classic-or-other,1,data/class/class-monk.json,/subclassFeature/8/entries/1/entries/7/name,Elemental Disciplines: nested named block,,,pending,,0.50,
Flight,named-rule-block,Barbarian; Druid; Paladin; Rogue; Sorcerer,Noble Genies; Phantom; Sea; Spellfire; Vengeance; Zealot,FRHoF; RHW; XPHB,classic-or-other; one,6,data/class/class-barbarian.json,/subclassFeature/95/entries/2/name,Rage of the Gods: nested named block,,,pending,,0.50,
Flurry of Blows,named-rule-block,Monk,,XPHB,one,1,data/class/class-monk.json,/classFeature/56/entries/1/entries/0/name,Heightened Focus: nested named block,疾風連擊,,proposed,5eclone.pingstudio.tw (legacy exact ENG_name match),0.85,
Focus,named-rule-block,Wizard,Bladesinger,FRHoF,classic-or-other,1,data/class/class-wizard.json,/subclassFeature/81/entries/5/name,Bladesong: nested named block,,,pending,,0.50,
Focus Point,named-rule-block,Monk,Elements; Mercy; Open Hand; Shadow,XPHB,one,16,data/class/class-monk.json,/classFeature/39/consumes/name,Flurry of Blows: nested named block,,,pending,,0.50,
Force Demolisher,named-rule-block,Artificer,Armorer,EFA,classic-or-other,1,data/class/class-artificer.json,/subclassFeature/11/entries/1/items/0/name,Dreadnaught: nested named block,,,pending,,0.50,
Forceful Blow,named-rule-block,Barbarian,,XPHB,one,1,data/class/class-barbarian.json,/classFeature/39/entries/1/entries/0/name,Brutal Strike: nested named block,,,pending,,0.50,
Forge Domain,named-rule-block,Cleric,Forge,XGE,classic-or-other,1,data/class/class-cleric.json,/subclassFeature/188/_copy/name,Forge Domain: nested named block,鍛造領域,,proposed,5eclone.pingstudio.tw (legacy exact ENG_name match),0.85,
Frightful Aura,named-rule-block,Paladin,Vengeance,XPHB,one,1,data/class/class-paladin.json,/subclassFeature/115/entries/2/name,Avenging Angel: nested named block,,,pending,,0.50,
Frightful Avatar,named-rule-block,Warlock,Undead,RHW,classic-or-other,1,data/class/class-warlock.json,/subclassFeature/55/entries/3/name,Form of Dread: nested named block,,,pending,,0.50,
Frightful Presence,named-rule-block,Monk,Ascendant Dragon,FTD,classic-or-other,1,data/class/class-monk.json,/subclassFeature/4/entries/2/items/0/name,Aspect of the Wyrm: nested named block,,,pending,,0.50,
Frost Resistance,named-rule-block,Ranger,Winter Walker,FRHoF,classic-or-other,1,data/class/class-ranger.json,/subclassFeature/62/entries/2/name,Frigid Explorer: nested named block,,,pending,,0.50,
Frozen Soul,named-rule-block,Ranger,Winter Walker,FRHoF,classic-or-other,1,data/class/class-ranger.json,/subclassFeature/68/entries/1/name,Frozen Haunt: nested named block,,,pending,,0.50,
Full Moon,named-rule-block,Sorcerer,Lunar,DSotDQ,classic-or-other,3,data/class/class-sorcerer.json,/subclassFeature/3/entries/2/items/0/name,Lunar Boons: nested named block,,,pending,,0.50,
Gaining Additional Soul Trinkets,named-rule-block,Rogue,Phantom,RHW,classic-or-other,1,data/class/class-rogue.json,/subclassFeature/68/entries/3/name,Tokens of the Departed: nested named block,,,pending,,0.50,
Game Statistics,named-rule-block,Druid,,XPHB,one,1,data/class/class-druid.json,/classFeature/25/entries/1/entries/3/entries/1/items/1/name,Wild Shape: nested named block,,,pending,,0.50,
Gaunt,named-rule-block,Artificer,Reanimator,RHW,classic-or-other,1,data/class/class-artificer.json,/subclassFeature/47/entries/2/name,Macabre Modifications: nested named block,,,pending,,0.50,
Ghostly Flight,named-rule-block,Warlock,Undead,RHW,classic-or-other,1,data/class/class-warlock.json,/subclassFeature/59/entries/2/name,Superior Dread: nested named block,,,pending,,0.50,
Giant Stature,named-rule-block,Artificer; Barbarian,Armorer; Giant,BGG; EFA,classic-or-other,2,data/class/class-artificer.json,/subclassFeature/11/entries/1/items/1/name,Dreadnaught: nested named block,,,pending,,0.50,
Glistening Flight,named-rule-block,Sorcerer,Aberrant,XPHB,one,1,data/class/class-sorcerer.json,/subclassFeature/84/entries/1/entries/1/name,Revelation in Flesh: nested named block,,,pending,,0.50,
Gong of the Summit (6th Level Required),named-rule-block,Monk,Four Elements,PHB,classic-or-other,1,data/class/class-monk.json,/subclassFeature/8/entries/1/entries/8/name,Elemental Disciplines: nested named block,,,pending,,0.50,
Grave Domain,named-rule-block,Cleric,Grave,XGE,classic-or-other,1,data/class/class-cleric.json,/subclassFeature/190/_copy/name,Grave Domain: nested named block,墳墓領域,,proposed,5eclone.pingstudio.tw (legacy exact ENG_name match),0.85,
Graviturgy Magic,named-rule-block,Wizard,Graviturgy,EGW,classic-or-other,1,data/class/class-wizard.json,/subclassFeature/79/_copy/name,Graviturgy Magic: nested named block,重力魔法,,proposed,5eclone.pingstudio.tw (legacy exact ENG_name match),0.85,
Greater Comprehension,named-rule-block,Wizard,Divination; Diviner,PHB; XPHB,classic-or-other; one,2,data/class/class-wizard.json,/subclassFeature/27/entries/1/entries/2/name,The Third Eye: nested named block,,,pending,,0.50,
Guardian,named-rule-block,Artificer,Armorer,EFA; TCE,classic-or-other,2,data/class/class-artificer.json,/subclassFeature/17/entries/2/name,Perfected Armor: nested named block,守護者,,proposed,5eclone.pingstudio.tw (legacy exact ENG_name match),0.85,
Guiding Whispers,named-rule-block,Bard,Spirits,RHW,classic-or-other,1,data/class/class-bard.json,/subclassFeature/51/entries/1/name,Channeler: nested named block,指引低語,,proposed,5eclone.pingstudio.tw (legacy exact ENG_name match),0.85,
Hamstring Blow,named-rule-block,Barbarian,,XPHB,one,1,data/class/class-barbarian.json,/classFeature/39/entries/1/entries/1/name,Brutal Strike: nested named block,,,pending,,0.50,
Hand of Harm,named-rule-block,Monk,Mercy,XPHB,one,1,data/class/class-monk.json,/subclassFeature/70/entries/1/entries/0/name,Physician's Touch: nested named block,奪命之手,,proposed,5eclone.pingstudio.tw (legacy exact ENG_name match),0.85,
Hand of Healing,named-rule-block,Monk,Mercy,XPHB,one,1,data/class/class-monk.json,/subclassFeature/70/entries/1/entries/1/name,Physician's Touch: nested named block,予命之手,,proposed,5eclone.pingstudio.tw (legacy exact ENG_name match),0.85,
Hawk Spirit,named-rule-block,Druid,Shepherd,XGE,classic-or-other,1,data/class/class-druid.json,/subclassFeature/42/entries/5/name,Spirit Totem: nested named block,鷹之精魂,,proposed,5eclone.pingstudio.tw (legacy exact ENG_name match),0.85,
Hazy Form,named-rule-block,Rogue,Phantom,RHW,classic-or-other,1,data/class/class-rogue.json,/subclassFeature/70/entries/2/name,Ghost Walk: nested named block,,,pending,,0.50,
Heal,named-rule-block,Sorcerer,Clockwork,XPHB,one,1,data/class/class-sorcerer.json,/subclassFeature/91/entries/1/entries/0/name,Clockwork Cavalcade: nested named block,,,pending,,0.50,
Healer:,named-rule-block,Spellcaster Sidekick,,TCE,classic-or-other,1,data/class/class-sidekick.json,/classFeature/20/entries/3/entries/1/entries/1/items/1/name,Spellcasting: nested named block,治療者：,,proposed,5eclone.pingstudio.tw (legacy exact ENG_name match),0.85,
Healing Illusion,named-rule-block,Cleric,Trickery,XPHB,one,1,data/class/class-cleric.json,/subclassFeature/208/entries/1/entries/1/name,Improved Duplicity: nested named block,,,pending,,0.50,
Heroic Rally,named-rule-block,Fighter,Champion,XPHB,one,1,data/class/class-fighter.json,/subclassFeature/110/entries/2/name,Survivor: nested named block,,,pending,,0.50,
Hill Rune (7th Level or Higher),named-rule-block,Fighter,Rune Knight,TCE,classic-or-other,1,data/class/class-fighter.json,/subclassFeature/55/entries/5/entries/4/name,Rune Carver: nested named block,,,pending,,0.50,
Holy Ward,named-rule-block,Paladin,Devotion,XPHB,one,1,data/class/class-paladin.json,/subclassFeature/102/entries/1/name,Holy Nimbus: nested named block,,,pending,,0.50,
Hone the Body,named-rule-block,Paladin,Glory,TCE,classic-or-other,1,data/class/class-paladin.json,/subclassFeature/47/entries/3/name,Tenets of Glory: nested named block,,,pending,,0.50,
Honesty,named-rule-block,Paladin,Devotion,PHB,classic-or-other,1,data/class/class-paladin.json,/subclassFeature/21/entries/1/entries/0/name,Tenets of Devotion: nested named block,誠實,,proposed,5eclone.pingstudio.tw (legacy exact ENG_name match),0.85,
Honor,named-rule-block,Paladin,Devotion,PHB,classic-or-other,1,data/class/class-paladin.json,/subclassFeature/21/entries/4/entries/0/name,Tenets of Devotion: nested named block,榮譽,,proposed,5eclone.pingstudio.tw (legacy exact ENG_name match),0.85,
Horde Breaker,named-rule-block,Ranger,Hunter,XPHB,one,1,data/class/class-ranger.json,/subclassFeature/96/entries/1/entries/1/name,Hunter's Prey: nested named block,滅族者,,proposed,5eclone.pingstudio.tw (legacy exact ENG_name match),0.85,
Illuminated Cartography,named-rule-block,Artificer,Cartographer,EFA,classic-or-other,1,data/class/class-artificer.json,/subclassFeature/36/entries/1/name,Mapping Magic: nested named block,,,pending,,0.50,
Improved Arsenal,named-rule-block,Artificer,Armorer,EFA,classic-or-other,1,data/class/class-artificer.json,/subclassFeature/16/entries/2/name,Improved Armorer: nested named block,,,pending,,0.50,
Improved Deflection,named-rule-block,Artificer,Battle Smith,EFA,classic-or-other,1,data/class/class-artificer.json,/subclassFeature/32/entries/2/name,Improved Defender: nested named block,,,pending,,0.50,
Improved Jolt,named-rule-block,Artificer,Battle Smith,EFA,classic-or-other,1,data/class/class-artificer.json,/subclassFeature/32/entries/1/name,Improved Defender: nested named block,,,pending,,0.50,
Improved Lunar Radiance,named-rule-block,Druid,Moon,XPHB,one,1,data/class/class-druid.json,/subclassFeature/64/entries/1/entries/0/name,Lunar Form: nested named block,,,pending,,0.50,
Incorporeal Movement,named-rule-block,Rogue; Sorcerer,Phantom; Shadow,RHW,classic-or-other,2,data/class/class-rogue.json,/subclassFeature/70/entries/3/name,Ghost Walk: nested named block,,,pending,,0.50,
Increased Toughness,named-rule-block,Druid,Moon,XPHB,one,1,data/class/class-druid.json,/subclassFeature/62/entries/1/entries/1/name,Improved Circle Forms: nested named block,,,pending,,0.50,
Infiltrator,named-rule-block,Artificer,Armorer,EFA; TCE,classic-or-other,2,data/class/class-artificer.json,/subclassFeature/17/entries/3/name,Perfected Armor: nested named block,滲透者,,proposed,5eclone.pingstudio.tw (legacy exact ENG_name match),0.85,
Infusing an Item,named-rule-block,Artificer,,TCE,classic-or-other,1,data/class/class-artificer.json,/classFeature/22/entries/4/name,Infuse Item: nested named block,爲物品進行注法,,proposed,5eclone.pingstudio.tw (legacy exact ENG_name match),0.85,
Initiative,named-rule-block,Rogue,Assassin,XPHB,one,1,data/class/class-rogue.json,/subclassFeature/80/entries/1/entries/0/name,Assassinate: nested named block,先攻,,proposed,SRD 5.1; SRD 5.2.1,0.95,
Initiative Bonus,named-rule-block,Ranger,Gloom Stalker,XPHB,one,1,data/class/class-ranger.json,/subclassFeature/87/entries/3/name,Dread Ambusher: nested named block,,,pending,,0.50,
Innocence,named-rule-block,Paladin,Redemption,XGE,classic-or-other,1,data/class/class-paladin.json,/subclassFeature/76/entries/2/entries/0/name,Tenets of Redemption: nested named block,無辜,,proposed,5eclone.pingstudio.tw (legacy exact ENG_name match),0.85,
Inspired Eclipse,named-rule-block,Bard,Moon,FRHoF,classic-or-other,1,data/class/class-bard.json,/subclassFeature/47/entries/1/name,Moon's Inspiration: nested named block,,,pending,,0.50,
Instantaneous,named-rule-block,Mystic,,UATheMysticClass,classic-or-other,1,data/class/class-mystic.json,/classFeature/3/entries/5/entries/1/name,Using a Discipline: nested named block,,,pending,,0.50,
Invisibility,named-rule-block,Monk,Shadow,XPHB,one,1,data/class/class-monk.json,/subclassFeature/85/entries/1/name,Cloak of Shadows: nested named block,,,pending,,0.50,
It's Your Swarm,named-rule-block,Ranger,Swarmkeeper,TCE,classic-or-other,1,data/class/class-ranger.json,/subclassFeature/36/entries/5/name,Gathered Swarm: nested named block,,,pending,,0.50,
Jolt to Life,named-rule-block,Artificer,Reanimator,RHW,classic-or-other,1,data/class/class-artificer.json,/subclassFeature/44/entries/1/name,Reanimator's Skill Set: nested named block,,,pending,,0.50,
Jumper,named-rule-block,Rogue,Thief,XPHB,one,1,data/class/class-rogue.json,/subclassFeature/95/entries/1/entries/1/name,Second-Story Work: nested named block,,,pending,,0.50,
Keeper of Souls,named-rule-block,Cleric,Grave,RHW,classic-or-other,1,data/class/class-cleric.json,/subclassFeature/178/entries/2/name,Divine Reaper: nested named block,守魂者,,proposed,5eclone.pingstudio.tw (legacy exact ENG_name match),0.85,
Kensei Weapons,named-rule-block,Monk,Kensei,XGE,classic-or-other,1,data/class/class-monk.json,/subclassFeature/51/entries/1/name,Path of the Kensei: nested named block,劍聖武器,,proposed,5eclone.pingstudio.tw (legacy exact ENG_name match),0.85,
Ki,named-rule-block,Monk,Astral Self; Drunken Master; Kensei; Long Death; Mercy; Open Hand; Shadow; Sun Soul,PHB; SCAG; TCE; XGE,classic-or-other,22,data/class/class-monk.json,/classFeature/3/consumes/name,Flurry of Blows: nested named block,氣,,proposed,5eclone.pingstudio.tw (legacy exact ENG_name match),0.85,
Kindle the Light,named-rule-block,Paladin,Ancients,PHB,classic-or-other,1,data/class/class-paladin.json,/subclassFeature/12/entries/1/entries/0/name,Tenets of the Ancients: nested named block,點燃光明,,proposed,5eclone.pingstudio.tw (legacy exact ENG_name match),0.85,
Knowledge Domain,named-rule-block,Cleric,Knowledge,PHB,classic-or-other,1,data/class/class-cleric.json,/subclassFeature/151/_copy/name,Knowledge Domain: nested named block,知識領域,,proposed,5eclone.pingstudio.tw (legacy exact ENG_name match),0.85,
Knowledge Domain (PSA),named-rule-block,Cleric,Knowledge (PSA),PSA,classic-or-other,1,data/class/class-cleric.json,/subclassFeature/166/_copy/name,Knowledge Domain (PSA): nested named block,知識領域(PSA),,proposed,5eclone.pingstudio.tw (legacy exact ENG_name match),0.85,
Known Forms,named-rule-block,Druid,,XPHB,one,1,data/class/class-druid.json,/classFeature/25/entries/1/entries/1/name,Wild Shape: nested named block,,,pending,,0.50,
Languages,named-rule-block,Ranger,,XPHB,one,1,data/class/class-ranger.json,/classFeature/34/entries/1/entries/1/name,Deft Explorer: nested named block,,,pending,,0.50,
Large Drake,named-rule-block,Ranger,Drakewarden,FTD,classic-or-other,1,data/class/class-ranger.json,/subclassFeature/5/entries/2/items/1/name,Perfected Bond: nested named block,,,pending,,0.50,
Law,named-rule-block,Paladin,Crown,SCAG,classic-or-other,1,data/class/class-paladin.json,/subclassFeature/39/entries/1/entries/0/name,Tenets of the Crown: nested named block,律法,,proposed,5eclone.pingstudio.tw (legacy exact ENG_name match),0.85,
Learning Spells of 1st Level and Higher,named-rule-block,Wizard,,PHB,classic-or-other,1,data/class/class-wizard.json,/classFeature/1/entries/7/name,Spellcasting: nested named block,,,pending,,0.50,
Life Domain,named-rule-block,Cleric,Life,PHB,classic-or-other,1,data/class/class-cleric.json,/subclassFeature/153/_copy/name,Life Domain: nested named block,生命領域,,proposed,5eclone.pingstudio.tw (legacy exact ENG_name match),0.85,
Life Essence,named-rule-block,Rogue,Phantom,RHW,classic-or-other,1,data/class/class-rogue.json,/subclassFeature/68/entries/2/entries/1/items/1/name,Tokens of the Departed: nested named block,,,pending,,0.50,
Life Transfer,named-rule-block,Artificer,Reanimator,RHW,classic-or-other,1,data/class/class-artificer.json,/subclassFeature/48/entries/2/name,Refined Reanimation: nested named block,,,pending,,0.50,
Life-Giving Force,named-rule-block,Barbarian,World Tree,XPHB,one,1,data/class/class-barbarian.json,/subclassFeature/86/entries/1/entries/1/name,Vitality of the Tree: nested named block,,,pending,,0.50,
Light Domain,named-rule-block,Cleric,Light,PHB,classic-or-other,1,data/class/class-cleric.json,/subclassFeature/155/_copy/name,Light Domain: nested named block,光明領域,,proposed,5eclone.pingstudio.tw (legacy exact ENG_name match),0.85,
Lightning Launcher,named-rule-block,Artificer,Armorer,EFA,classic-or-other,1,data/class/class-artificer.json,/subclassFeature/13/entries/1/items/0/name,Infiltrator: nested named block,,,pending,,0.50,
Lion,named-rule-block,Barbarian,Wild Heart,XPHB,one,1,data/class/class-barbarian.json,/subclassFeature/84/entries/2/name,Power of the Wilds: nested named block,,,pending,,0.50,
Longevity,named-rule-block,Druid,,XPHB,one,1,data/class/class-druid.json,/classFeature/41/entries/1/entries/2/name,Archdruid: nested named block,,,pending,,0.50,
Loyalty,named-rule-block,Paladin,Crown; Watchers,SCAG; TCE,classic-or-other,2,data/class/class-paladin.json,/subclassFeature/39/entries/2/entries/0/name,Tenets of the Crown: nested named block,忠誠,,proposed,5eclone.pingstudio.tw (legacy exact ENG_name match),0.85,
Lunar Radiance,named-rule-block,Druid,Moon,XPHB,one,1,data/class/class-druid.json,/subclassFeature/62/entries/1/entries/0/name,Improved Circle Forms: nested named block,,,pending,,0.50,
Lunar Sorcery,named-rule-block,Sorcerer,Lunar,DSotDQ,classic-or-other,1,data/class/class-sorcerer.json,/subclassFeature/56/_copy/name,Lunar Sorcery: nested named block,,,pending,,0.50,
Lunar Vitality,named-rule-block,Bard,Moon,FRHoF,classic-or-other,1,data/class/class-bard.json,/subclassFeature/47/entries/2/name,Moon's Inspiration: nested named block,,,pending,,0.50,
Mage:,named-rule-block,Spellcaster Sidekick,,TCE,classic-or-other,1,data/class/class-sidekick.json,/classFeature/20/entries/3/entries/1/entries/1/items/0/name,Spellcasting: nested named block,魔術師：,,proposed,5eclone.pingstudio.tw (legacy exact ENG_name match),0.85,
Magic Fang,named-rule-block,Ranger,Drakewarden,FTD,classic-or-other,1,data/class/class-ranger.json,/subclassFeature/3/entries/3/items/1/name,Bond of Fang and Scale: nested named block,,,pending,,0.50,
Magic Item Savant,named-rule-block,Artificer,,EFA,classic-or-other,1,data/class/class-artificer.json,/classFeature/13/entries/1/entries/0/name,Advanced Artifice: nested named block,魔法物品專家,,proposed,5eclone.pingstudio.tw (legacy exact ENG_name match),0.85,
Magic Kensei Weapons,named-rule-block,Monk,Kensei,XGE,classic-or-other,1,data/class/class-monk.json,/subclassFeature/52/entries/1/name,One with the Blade: nested named block,魔法劍聖武器,,proposed,5eclone.pingstudio.tw (legacy exact ENG_name match),0.85,
Magical Guidance,named-rule-block,Artificer,,EFA,classic-or-other,1,data/class/class-artificer.json,/classFeature/18/entries/1/entries/1/name,Soul of Artifice: nested named block,魔法指引,,proposed,5eclone.pingstudio.tw (legacy exact ENG_name match),0.85,
Major Transformation,named-rule-block,Wizard,Transmutation,PHB,classic-or-other,1,data/class/class-wizard.json,/subclassFeature/58/entries/1/entries/0/name,Master Transmuter: nested named block,強效變化,,proposed,5eclone.pingstudio.tw (legacy exact ENG_name match),0.85,
Maneuver,named-rule-block,Fighter,Battle Master,PHB,classic-or-other,1,data/class/class-fighter.json,/subclassFeature/8/entries/3/entries/0/entries/1/name,Combat Superiority: nested named block,戰技,,proposed,5eclone.pingstudio.tw (legacy exact ENG_name match),0.85,
Maneuvers,named-rule-block,Fighter,Battle Master,PHB; XPHB,classic-or-other; one,2,data/class/class-fighter.json,/subclassFeature/8/entries/1/entries/0/name,Combat Superiority: nested named block,戰技,,proposed,5eclone.pingstudio.tw (legacy exact ENG_name match),0.85,
Mass Fear,named-rule-block,Ranger,Gloom Stalker,XPHB,one,1,data/class/class-ranger.json,/subclassFeature/92/entries/2/name,Stalker's Flurry: nested named block,,,pending,,0.50,
Masterful Mimicry,named-rule-block,Rogue,Assassin,XPHB,one,1,data/class/class-rogue.json,/subclassFeature/81/entries/1/entries/0/name,Infiltration Expertise: nested named block,,,pending,,0.50,
Menacing Aura,named-rule-block,Ranger,Hollow Warden,RHW,classic-or-other,1,data/class/class-ranger.json,/subclassFeature/73/entries/1/name,Rot and Violence: nested named block,,,pending,,0.50,
Minor Wish,named-rule-block,Paladin,Noble Genies,FRHoF,classic-or-other,1,data/class/class-paladin.json,/subclassFeature/90/entries/2/name,Noble Scion: nested named block,,,pending,,0.50,
Mist Stance (11th Level Required),named-rule-block,Monk,Four Elements,PHB,classic-or-other,1,data/class/class-monk.json,/subclassFeature/8/entries/1/entries/9/name,Elemental Disciplines: nested named block,,,pending,,0.50,
Moist,named-rule-block,Artificer,Reanimator,RHW,classic-or-other,1,data/class/class-artificer.json,/subclassFeature/47/entries/3/name,Macabre Modifications: nested named block,,,pending,,0.50,
Move,named-rule-block,Cleric; Fighter,Banneret; Trickery,FRHoF; XPHB,classic-or-other; one,2,data/class/class-cleric.json,/subclassFeature/205/entries/3/name,Invoke Duplicity: nested named block,,,pending,,0.50,
Multiattack Defense,named-rule-block,Ranger,Hunter,XPHB,one,1,data/class/class-ranger.json,/subclassFeature/97/entries/1/entries/1/name,Defensive Tactics: nested named block,防禦多重攻擊,,proposed,5eclone.pingstudio.tw (legacy exact ENG_name match),0.85,
Murderous Intent,named-rule-block,Rogue,Scion of the Three,FRHoF,classic-or-other,1,data/class/class-rogue.json,/subclassFeature/64/entries/2/name,Dread Incarnate: nested named block,,,pending,,0.50,
Nature Domain,named-rule-block,Cleric,Nature,PHB,classic-or-other,1,data/class/class-cleric.json,/subclassFeature/157/_copy/name,Nature Domain: nested named block,自然領域,,proposed,5eclone.pingstudio.tw (legacy exact ENG_name match),0.85,
Nature Magician,named-rule-block,Druid,,XPHB,one,1,data/class/class-druid.json,/classFeature/41/entries/1/entries/1/name,Archdruid: nested named block,,,pending,,0.50,
Necrotic Resilience,named-rule-block,Warlock,Undead,RHW,classic-or-other,1,data/class/class-warlock.json,/subclassFeature/58/entries/1/name,Necrotic Husk: nested named block,,,pending,,0.50,
New Moon,named-rule-block,Sorcerer,Lunar,DSotDQ,classic-or-other,3,data/class/class-sorcerer.json,/subclassFeature/3/entries/2/items/1/name,Lunar Boons: nested named block,,,pending,,0.50,
No Concentration or Spells,named-rule-block,Barbarian,,XPHB,one,1,data/class/class-barbarian.json,/classFeature/25/entries/3/entries/3/name,Rage: nested named block,,,pending,,0.50,
No Mercy for the Wicked,named-rule-block,Paladin,Vengeance,PHB,classic-or-other,1,data/class/class-paladin.json,/subclassFeature/30/entries/2/entries/0/name,Tenets of Vengeance: nested named block,對惡徒不留慈悲,,proposed,5eclone.pingstudio.tw (legacy exact ENG_name match),0.85,
No Spellcasting,named-rule-block,Druid,,XPHB,one,1,data/class/class-druid.json,/classFeature/25/entries/1/entries/3/entries/1/items/2/name,Wild Shape: nested named block,,,pending,,0.50,
No Strength Requirement,named-rule-block,Artificer,Armorer,EFA,classic-or-other,1,data/class/class-artificer.json,/subclassFeature/7/entries/2/name,Arcane Armor: nested named block,,,pending,,0.50,
Number of Uses,named-rule-block,Bard; Druid,,XPHB,one,2,data/class/class-bard.json,/classFeature/28/entries/1/entries/1/name,Bardic Inspiration: nested named block,,,pending,,0.50,
Oath Spells,named-rule-block,Paladin,,PHB,classic-or-other,1,data/class/class-paladin.json,/classFeature/8/entries/2/name,Sacred Oath: nested named block,聖誓法術,,proposed,5eclone.pingstudio.tw (legacy exact ENG_name match),0.85,
Object Reading,named-rule-block,Cleric,Knowledge,PHB,classic-or-other,1,data/class/class-cleric.json,/subclassFeature/14/entries/2/entries/0/name,Visions of the Past: nested named block,,,pending,,0.50,
Objects,named-rule-block,Druid,,XPHB,one,1,data/class/class-druid.json,/classFeature/25/entries/1/entries/3/entries/1/items/3/name,Wild Shape: nested named block,,,pending,,0.50,
Offense,named-rule-block,Bard,Valor,XPHB,one,1,data/class/class-bard.json,/subclassFeature/76/entries/2/name,Combat Inspiration: nested named block,,,pending,,0.50,
Ominous Strikes,named-rule-block,Ranger,Hollow Warden,RHW,classic-or-other,1,data/class/class-ranger.json,/subclassFeature/74/entries/1/name,Ancient Might: nested named block,,,pending,,0.50,
Order Domain,named-rule-block,Cleric,Order,TCE,classic-or-other,1,data/class/class-cleric.json,/subclassFeature/182/_copy/name,Order Domain: nested named block,秩序領域,,proposed,5eclone.pingstudio.tw (legacy exact ENG_name match),0.85,
Order of Scribes,named-rule-block,Wizard,Scribes,TCE,classic-or-other,1,data/class/class-wizard.json,/subclassFeature/95/_copy/name,Order of Scribes: nested named block,書士會,,proposed,5eclone.pingstudio.tw (legacy exact ENG_name match),0.85,
Owl,named-rule-block,Barbarian,Wild Heart,XPHB,one,1,data/class/class-barbarian.json,/subclassFeature/82/entries/1/name,Aspect of the Wilds: nested named block,,,pending,,0.50,
Panacea,named-rule-block,Wizard,Transmutation,PHB,classic-or-other,1,data/class/class-wizard.json,/subclassFeature/58/entries/1/entries/1/name,Master Transmuter: nested named block,萬靈密藥,,proposed,5eclone.pingstudio.tw (legacy exact ENG_name match),0.85,
Panther,named-rule-block,Barbarian,Wild Heart,XPHB,one,1,data/class/class-barbarian.json,/subclassFeature/82/entries/2/name,Aspect of the Wilds: nested named block,,,pending,,0.50,
Partially Incorporeal,named-rule-block,Monk; Ranger,Shadow; Winter Walker,FRHoF; XPHB,classic-or-other; one,2,data/class/class-monk.json,/subclassFeature/85/entries/2/name,Cloak of Shadows: nested named block,,,pending,,0.50,
Patience,named-rule-block,Paladin,Redemption,XGE,classic-or-other,1,data/class/class-paladin.json,/subclassFeature/76/entries/3/entries/0/name,Tenets of Redemption: nested named block,耐心,,proposed,5eclone.pingstudio.tw (legacy exact ENG_name match),0.85,
Patient Defense,named-rule-block,Monk,,XPHB,one,1,data/class/class-monk.json,/classFeature/56/entries/1/entries/1/name,Heightened Focus: nested named block,堅強防禦,,proposed,5eclone.pingstudio.tw (legacy exact ENG_name match),0.85,
Peace,named-rule-block,Paladin,Redemption,XGE,classic-or-other,1,data/class/class-paladin.json,/subclassFeature/76/entries/1/entries/0/name,Tenets of Redemption: nested named block,和平,,proposed,5eclone.pingstudio.tw (legacy exact ENG_name match),0.85,
Peace Domain,named-rule-block,Cleric,Peace,TCE,classic-or-other,1,data/class/class-cleric.json,/subclassFeature/184/_copy/name,Peace Domain: nested named block,和平領域,,proposed,5eclone.pingstudio.tw (legacy exact ENG_name match),0.85,
Persistent Wrath,named-rule-block,Ranger,Hollow Warden,RHW,classic-or-other,1,data/class/class-ranger.json,/subclassFeature/74/entries/2/name,Ancient Might: nested named block,,,pending,,0.50,
Plans Known,named-rule-block,Artificer,,EFA,classic-or-other,1,data/class/class-artificer.json,/classFeature/2/entries/1/entries/0/name,Replicate Magic Item: nested named block,,,pending,,0.50,
Polar Strikes,named-rule-block,Ranger,Winter Walker,FRHoF,classic-or-other,1,data/class/class-ranger.json,/subclassFeature/62/entries/3/name,Frigid Explorer: nested named block,,,pending,,0.50,
Polyglot,named-rule-block,Fighter,Banneret,FRHoF,classic-or-other,1,data/class/class-fighter.json,/subclassFeature/91/entries/2/name,Knightly Envoy: nested named block,,,pending,,0.50,
Portal Jump,named-rule-block,Artificer,Cartographer,EFA,classic-or-other,1,data/class/class-artificer.json,/subclassFeature/36/entries/2/name,Mapping Magic: nested named block,,,pending,,0.50,
Positioning,named-rule-block,Artificer,Cartographer,EFA,classic-or-other,1,data/class/class-artificer.json,/subclassFeature/33/entries/3/name,Adventurer's Atlas: nested named block,,,pending,,0.50,
Potent Spellcasting,named-rule-block,Cleric; Druid,,XPHB,one,2,data/class/class-cleric.json,/classFeature/41/entries/1/entries/1/name,Improved Blessed Strikes: nested named block,強力施法,,proposed,5eclone.pingstudio.tw (legacy exact ENG_name match),0.85,
Potion Crafting,named-rule-block,Artificer,Alchemist,EFA,classic-or-other,1,data/class/class-artificer.json,/subclassFeature/3/entries/2/name,Tools of the Trade: nested named block,,,pending,,0.50,
Power from Beyond,named-rule-block,Bard,Spirits,RHW,classic-or-other,1,data/class/class-bard.json,/subclassFeature/54/entries/1/name,Empowered Channeling: nested named block,,,pending,,0.50,
Powered Steps,named-rule-block,Artificer,Armorer,EFA,classic-or-other,1,data/class/class-artificer.json,/subclassFeature/13/entries/1/items/1/name,Infiltrator: nested named block,,,pending,,0.50,
Prepared Spells of 1st+ Level,named-rule-block,Rogue,Arcane Trickster,XPHB,one,1,data/class/class-rogue.json,/subclassFeature/74/entries/3/name,Spellcasting: nested named block,,,pending,,0.50,
Prepared Spells of Level 1+,named-rule-block,Artificer; Bard; Cleric; Druid; Fighter; Paladin; Ranger; Sorcerer; Warlock; Wizard,Eldritch Knight,EFA; XPHB,classic-or-other; one,10,data/class/class-artificer.json,/classFeature/0/entries/1/entries/3/name,Spellcasting: nested named block,,,pending,,0.50,
Preparing and Casting Spells,named-rule-block,Artificer; Cleric; Druid; Paladin; Wizard,,PHB; TCE,classic-or-other,5,data/class/class-artificer.json,/classFeature/21/entries/4/name,Spellcasting: nested named block,法術的準備和施展,,proposed,5eclone.pingstudio.tw (legacy exact ENG_name match),0.85,
Prerequisites,named-rule-block,Warlock,,XPHB,one,1,data/class/class-warlock.json,/classFeature/19/entries/1/entries/0/name,Eldritch Invocations: nested named block,,,pending,,0.50,
Preserve Your Own Light,named-rule-block,Paladin,Ancients,PHB,classic-or-other,1,data/class/class-paladin.json,/subclassFeature/12/entries/3/entries/0/name,Tenets of the Ancients: nested named block,維持己身光輝,,proposed,5eclone.pingstudio.tw (legacy exact ENG_name match),0.85,
Primal Strike,named-rule-block,Druid,,XPHB,one,1,data/class/class-druid.json,/classFeature/37/entries/1/entries/1/name,Improved Elemental Fury: nested named block,原初打擊,,proposed,5eclone.pingstudio.tw (legacy exact ENG_name match),0.85,
Prodigy:,named-rule-block,Spellcaster Sidekick,,TCE,classic-or-other,1,data/class/class-sidekick.json,/classFeature/20/entries/3/entries/1/entries/1/items/2/name,Spellcasting: nested named block,奇才：,,proposed,5eclone.pingstudio.tw (legacy exact ENG_name match),0.85,
Profane Casting,named-rule-block,Warlock,Undead,RHW,classic-or-other,1,data/class/class-warlock.json,/subclassFeature/59/entries/3/name,Superior Dread: nested named block,,,pending,,0.50,
Prowling Retribution,named-rule-block,Ranger,Hollow Warden,RHW,classic-or-other,1,data/class/class-ranger.json,/subclassFeature/71/entries/2/name,Wrath of the Wild: nested named block,,,pending,,0.50,
Psi Limit,named-rule-block,Mystic,,UATheMysticClass,classic-or-other,1,data/class/class-mystic.json,/classFeature/2/entries/4/name,Psionics: nested named block,,,pending,,0.50,
Psi Points,named-rule-block,Mystic,,UATheMysticClass,classic-or-other,1,data/class/class-mystic.json,/classFeature/2/entries/3/name,Psionics: nested named block,,,pending,,0.50,
Psionic Ability,named-rule-block,Mystic,,UATheMysticClass,classic-or-other,1,data/class/class-mystic.json,/classFeature/2/entries/6/name,Psionics: nested named block,,,pending,,0.50,
Psionic Disciplines,named-rule-block,Mystic,,UATheMysticClass,classic-or-other,1,data/class/class-mystic.json,/classFeature/2/entries/2/name,Psionics: nested named block,,,pending,,0.50,
Psionic Energy Die,named-rule-block,Fighter; Rogue,Psi Warrior; Soulknife,TCE; XPHB,classic-or-other; one,15,data/class/class-fighter.json,/subclassFeature/41/consumes/name,Protective Field: nested named block,,,pending,,0.50,
Psionic Talents,named-rule-block,Mystic,,UATheMysticClass,classic-or-other,1,data/class/class-mystic.json,/classFeature/2/entries/1/name,Psionics: nested named block,,,pending,,0.50,
Psychic Blade,named-rule-block,Rogue,Soulknife,XPHB,one,1,data/class/class-rogue.json,/subclassFeature/86/entries/1/name,Psychic Blades: nested named block,,,pending,,0.50,
Psychic Focus,named-rule-block,Mystic,,UATheMysticClass,classic-or-other,2,data/class/class-mystic.json,/classFeature/2/entries/5/name,Psionics: nested named block,,,pending,,0.50,
Pull of Death,named-rule-block,Cleric,Grave,RHW,classic-or-other,1,data/class/class-cleric.json,/subclassFeature/173/entries/1/name,Circle of Mortality: nested named block,,,pending,,0.50,
Push,named-rule-block,Monk,Open Hand,XPHB,one,1,data/class/class-monk.json,/subclassFeature/73/entries/2/name,Open Hand Technique: nested named block,,,pending,,0.50,
Pyromancer (PSK),named-rule-block,Sorcerer,Pyromancer (PSK),PSK,classic-or-other,1,data/class/class-sorcerer.json,/subclassFeature/67/_copy/name,Pyromancer (PSK): nested named block,,,pending,,0.50,
Quick Don and Doff,named-rule-block,Artificer,Armorer,EFA,classic-or-other,1,data/class/class-artificer.json,/subclassFeature/7/entries/3/name,Arcane Armor: nested named block,,,pending,,0.50,
Radiant Damage,named-rule-block,Paladin,Devotion,XPHB,one,1,data/class/class-paladin.json,/subclassFeature/102/entries/2/name,Holy Nimbus: nested named block,,,pending,,0.50,
Rage Damage,named-rule-block,Barbarian,,XPHB,one,1,data/class/class-barbarian.json,/classFeature/25/entries/3/entries/1/name,Rage: nested named block,,,pending,,0.50,
Ram,named-rule-block,Barbarian,Wild Heart,XPHB,one,1,data/class/class-barbarian.json,/subclassFeature/84/entries/3/name,Power of the Wilds: nested named block,,,pending,,0.50,
Ranged Weaponry,named-rule-block,Artificer,Artillerist,EFA,classic-or-other,1,data/class/class-artificer.json,/subclassFeature/21/entries/1/name,Tools of the Trade: nested named block,,,pending,,0.50,
Reach,named-rule-block,Monk,Elements,XPHB,one,1,data/class/class-monk.json,/subclassFeature/60/entries/1/entries/0/name,Elemental Attunement: nested named block,,,pending,,0.50,
Reanimator's Tools,named-rule-block,Artificer,Reanimator,RHW,classic-or-other,1,data/class/class-artificer.json,/subclassFeature/44/entries/2/name,Reanimator's Skill Set: nested named block,,,pending,,0.50,
Reflexive Resistance,named-rule-block,Ranger,Drakewarden,FTD,classic-or-other,1,data/class/class-ranger.json,/subclassFeature/5/entries/2/items/2/name,Perfected Bond: nested named block,,,pending,,0.50,
Refreshed Genius,named-rule-block,Artificer,,EFA,classic-or-other,1,data/class/class-artificer.json,/classFeature/13/entries/1/entries/1/name,Advanced Artifice: nested named block,,,pending,,0.50,
Refreshing Step,named-rule-block,Warlock,Archfey,XPHB,one,1,data/class/class-warlock.json,/subclassFeature/68/entries/2/entries/0/name,Steps of the Fey: nested named block,,,pending,,0.50,
Regeneration,named-rule-block,Paladin,Ancients,XPHB,one,1,data/class/class-paladin.json,/subclassFeature/96/entries/2/name,Elder Champion: nested named block,,,pending,,0.50,
Repair,named-rule-block,Sorcerer,Clockwork,XPHB,one,1,data/class/class-sorcerer.json,/subclassFeature/91/entries/1/entries/1/name,Clockwork Cavalcade: nested named block,,,pending,,0.50,
Replacing and Gaining Invocations,named-rule-block,Warlock,,XPHB,one,1,data/class/class-warlock.json,/classFeature/19/entries/1/entries/1/name,Eldritch Invocations: nested named block,,,pending,,0.50,
Replacing the Book,named-rule-block,Wizard,,PHB,classic-or-other,1,data/class/class-wizard.json,/classFeature/1/entries/8/entries/3/entries/0/name,Spellcasting: nested named block,,,pending,,0.50,
Resistance,named-rule-block,Barbarian; Druid; Monk; Ranger,Ascendant Dragon; Drakewarden; Sea; Zealot,FTD; XPHB,classic-or-other; one,4,data/class/class-barbarian.json,/subclassFeature/95/entries/3/name,Rage of the Gods: nested named block,抗性,抗力,conflict,community; legacy zh-TW,0.65,
Responsibility,named-rule-block,Paladin,Crown,SCAG,classic-or-other,1,data/class/class-paladin.json,/subclassFeature/39/entries/4/entries/0/name,Tenets of the Crown: nested named block,責任,,proposed,5eclone.pingstudio.tw (legacy exact ENG_name match),0.85,
Restitution,named-rule-block,Paladin,Vengeance,PHB,classic-or-other,1,data/class/class-paladin.json,/subclassFeature/30/entries/4/entries/0/name,Tenets of Vengeance: nested named block,爲惡行盡力補償,,proposed,5eclone.pingstudio.tw (legacy exact ENG_name match),0.85,
Restorative Energy,named-rule-block,Artificer,Battle Smith,EFA,classic-or-other,1,data/class/class-artificer.json,/subclassFeature/31/entries/1/items/1/name,Arcane Jolt: nested named block,,,pending,,0.50,
Restore Life,named-rule-block,Wizard,Transmutation,PHB,classic-or-other,1,data/class/class-wizard.json,/subclassFeature/58/entries/1/entries/2/name,Master Transmuter: nested named block,起死回生,,proposed,5eclone.pingstudio.tw (legacy exact ENG_name match),0.85,
Restore Youth,named-rule-block,Wizard,Transmutation,PHB,classic-or-other,1,data/class/class-wizard.json,/subclassFeature/58/entries/1/entries/3/name,Master Transmuter: nested named block,返老還童,,proposed,5eclone.pingstudio.tw (legacy exact ENG_name match),0.85,
Restoring or Replacing the Beast,named-rule-block,Ranger,Beast Master,XPHB,one,1,data/class/class-ranger.json,/subclassFeature/76/entries/2/entries/1/name,Primal Companion: nested named block,,,pending,,0.50,
Restoring or Replacing the Defender,named-rule-block,Artificer,Battle Smith,EFA,classic-or-other,1,data/class/class-artificer.json,/subclassFeature/28/entries/3/name,Steel Defender: nested named block,,,pending,,0.50,
Return to Life,named-rule-block,Cleric,Grave,RHW,classic-or-other,1,data/class/class-cleric.json,/subclassFeature/173/entries/2/name,Circle of Mortality: nested named block,,,pending,,0.50,
Revivification,named-rule-block,Barbarian,Zealot,XPHB,one,1,data/class/class-barbarian.json,/subclassFeature/95/entries/4/name,Rage of the Gods: nested named block,,,pending,,0.50,
Ride the Wind (11th Level Required),named-rule-block,Monk,Four Elements,PHB,classic-or-other,1,data/class/class-monk.json,/subclassFeature/8/entries/1/entries/10/name,Elemental Disciplines: nested named block,,,pending,,0.50,
Ritual Casting,named-rule-block,Artificer; Bard; Cleric; Druid; Wizard,,PHB; TCE,classic-or-other,5,data/class/class-artificer.json,/classFeature/21/entries/6/name,Spellcasting: nested named block,儀式施法,,proposed,5eclone.pingstudio.tw (legacy exact ENG_name match),0.85,
River of Hungry Flame (17th Level Required),named-rule-block,Monk,Four Elements,PHB,classic-or-other,1,data/class/class-monk.json,/subclassFeature/8/entries/1/entries/11/name,Elemental Disciplines: nested named block,,,pending,,0.50,
Roving,named-rule-block,Ranger,,TCE,classic-or-other,1,data/class/class-ranger.json,/classFeature/13/entries/1/name,Deft Explorer Improvement: nested named block,越野,,proposed,5eclone.pingstudio.tw (legacy exact ENG_name match),0.85,
Roving Aim,named-rule-block,Rogue,Assassin,XPHB,one,1,data/class/class-rogue.json,/subclassFeature/81/entries/1/entries/1/name,Infiltration Expertise: nested named block,,,pending,,0.50,
Rule with an Iron Fist,named-rule-block,Paladin,Conquest,XGE,classic-or-other,1,data/class/class-paladin.json,/subclassFeature/67/entries/1/entries/1/name,Tenets of Conquest: nested named block,以鐵腕統治,,proposed,5eclone.pingstudio.tw (legacy exact ENG_name match),0.85,
Rules While Shape-Shifted,named-rule-block,Druid,,XPHB,one,1,data/class/class-druid.json,/classFeature/25/entries/1/entries/3/name,Wild Shape: nested named block,,,pending,,0.50,
Safe Haven,named-rule-block,Artificer,Cartographer,EFA,classic-or-other,1,data/class/class-artificer.json,/subclassFeature/40/entries/1/name,Superior Atlas: nested named block,,,pending,,0.50,
Salmon,named-rule-block,Barbarian,Wild Heart,XPHB,one,1,data/class/class-barbarian.json,/subclassFeature/82/entries/3/name,Aspect of the Wilds: nested named block,,,pending,,0.50,
Saving Throw,named-rule-block,Bard,Creation,TCE,classic-or-other,1,data/class/class-bard.json,/subclassFeature/11/entries/3/items/2/name,Mote of Potential: nested named block,豁免檢定,,proposed,SRD 5.1; SRD 5.2.1,0.95,
Saving Throw Reroll,named-rule-block,Paladin,Glory,XPHB,one,1,data/class/class-paladin.json,/subclassFeature/109/entries/2/name,Living Legend: nested named block,,,pending,,0.50,
Saving Throws,named-rule-block,Fighter,Battle Master,PHB; XPHB,classic-or-other; one,2,data/class/class-fighter.json,/subclassFeature/8/entries/3/entries/0/name,Combat Superiority: nested named block,豁免檢定,,proposed,5eclone.pingstudio.tw (legacy exact ENG_name match),0.85,
Saving Throws and Attack Rolls,named-rule-block,Mystic,,UATheMysticClass,classic-or-other,1,data/class/class-mystic.json,/classFeature/3/entries/7/name,Using a Discipline: nested named block,,,pending,,0.50,
School of Abjuration,named-rule-block,Wizard,Abjuration,PHB,classic-or-other,1,data/class/class-wizard.json,/subclassFeature/86/_copy/name,School of Abjuration: nested named block,防護學派,,proposed,5eclone.pingstudio.tw (legacy exact ENG_name match),0.85,
School of Conjuration,named-rule-block,Wizard,Conjuration,PHB,classic-or-other,1,data/class/class-wizard.json,/subclassFeature/87/_copy/name,School of Conjuration: nested named block,咒法學派,,proposed,5eclone.pingstudio.tw (legacy exact ENG_name match),0.85,
School of Divination,named-rule-block,Wizard,Divination,PHB,classic-or-other,1,data/class/class-wizard.json,/subclassFeature/88/_copy/name,School of Divination: nested named block,預言學派,,proposed,5eclone.pingstudio.tw (legacy exact ENG_name match),0.85,
School of Enchantment,named-rule-block,Wizard,Enchantment,PHB,classic-or-other,1,data/class/class-wizard.json,/subclassFeature/89/_copy/name,School of Enchantment: nested named block,惑控學派,,proposed,5eclone.pingstudio.tw (legacy exact ENG_name match),0.85,
School of Evocation,named-rule-block,Wizard,Evocation,PHB,classic-or-other,1,data/class/class-wizard.json,/subclassFeature/90/_copy/name,School of Evocation: nested named block,塑能學派,,proposed,5eclone.pingstudio.tw (legacy exact ENG_name match),0.85,
School of Illusion,named-rule-block,Wizard,Illusion,PHB,classic-or-other,1,data/class/class-wizard.json,/subclassFeature/91/_copy/name,School of Illusion: nested named block,幻術學派,,proposed,5eclone.pingstudio.tw (legacy exact ENG_name match),0.85,
School of Necromancy,named-rule-block,Wizard,Necromancy,PHB,classic-or-other,1,data/class/class-wizard.json,/subclassFeature/92/_copy/name,School of Necromancy: nested named block,死靈學派,,proposed,5eclone.pingstudio.tw (legacy exact ENG_name match),0.85,
School of Transmutation,named-rule-block,Wizard,Transmutation,PHB,classic-or-other,1,data/class/class-wizard.json,/subclassFeature/93/_copy/name,School of Transmutation: nested named block,變化學派,,proposed,5eclone.pingstudio.tw (legacy exact ENG_name match),0.85,
Scroll Crafting,named-rule-block,Artificer,Cartographer,EFA,classic-or-other,1,data/class/class-artificer.json,/subclassFeature/37/entries/2/name,Tools of the Trade: nested named block,,,pending,,0.50,
Scrolls,named-rule-block,Rogue,Thief,XPHB,one,1,data/class/class-rogue.json,/subclassFeature/98/entries/3/name,Use Magic Device: nested named block,,,pending,,0.50,
See Invisibility,named-rule-block,Wizard,Divination; Diviner,PHB; XPHB,classic-or-other; one,2,data/class/class-wizard.json,/subclassFeature/27/entries/1/entries/3/name,The Third Eye: nested named block,,,pending,,0.50,
See the Invisible,named-rule-block,Sorcerer,Aberrant,XPHB,one,1,data/class/class-sorcerer.json,/subclassFeature/84/entries/1/entries/2/name,Revelation in Flesh: nested named block,,,pending,,0.50,
Shadow Flurry,named-rule-block,Monk,Shadow,XPHB,one,1,data/class/class-monk.json,/subclassFeature/85/entries/3/name,Cloak of Shadows: nested named block,,,pending,,0.50,
Shadow Magic,named-rule-block,Sorcerer,Shadow,XGE,classic-or-other,1,data/class/class-sorcerer.json,/subclassFeature/77/_copy/name,Shadow Magic: nested named block,幽影魔法,,proposed,5eclone.pingstudio.tw (legacy exact ENG_name match),0.85,
Shadow of the New Moon,named-rule-block,Bard,Moon,FRHoF,classic-or-other,1,data/class/class-bard.json,/subclassFeature/50/entries/1/name,Eventide's Splendor: nested named block,,,pending,,0.50,
Shadow Resilience,named-rule-block,Sorcerer,Shadow,RHW,classic-or-other,1,data/class/class-sorcerer.json,/subclassFeature/73/entries/2/name,Umbral Form: nested named block,,,pending,,0.50,
Shared Distraction,named-rule-block,Cleric,Trickery,XPHB,one,1,data/class/class-cleric.json,/subclassFeature/208/entries/1/entries/0/name,Improved Duplicity: nested named block,,,pending,,0.50,
Shared Moonlight,named-rule-block,Druid,Moon,XPHB,one,1,data/class/class-druid.json,/subclassFeature/64/entries/1/entries/1/name,Lunar Form: nested named block,,,pending,,0.50,
Shelter the Light,named-rule-block,Paladin,Ancients,PHB,classic-or-other,1,data/class/class-paladin.json,/subclassFeature/12/entries/2/entries/0/name,Tenets of the Ancients: nested named block,守護明光,,proposed,5eclone.pingstudio.tw (legacy exact ENG_name match),0.85,
Shimmering Field Projection,named-rule-block,Artificer,Artillerist,EFA,classic-or-other,1,data/class/class-artificer.json,/subclassFeature/24/entries/2/name,Fortified Position: nested named block,,,pending,,0.50,
Sleight of Hand,named-rule-block,Rogue,Thief,XPHB,one,1,data/class/class-rogue.json,/subclassFeature/94/entries/1/entries/0/name,Fast Hands: nested named block,巧手,靈巧,conflict,Foundry zh-TW; community,0.65,
Snake,named-rule-block,Wizard,Bladesinging,TCE,classic-or-other,1,data/class/class-wizard.json,/subclassFeature/60/entries/4/name,Bladesinger Styles: nested named block,,,pending,,0.50,
Solidarity Domain (PSA),named-rule-block,Cleric,Solidarity (PSA),PSA,classic-or-other,1,data/class/class-cleric.json,/subclassFeature/168/_copy/name,Solidarity Domain (PSA): nested named block,,,pending,,0.50,
Sorcery Point,named-rule-block,Sorcerer,Aberrant; Clockwork; Clockwork Soul; Divine Soul; Draconic; Lunar; Shadow; Spellfire; Wild; Wild Magic,DSotDQ; FRHoF; PHB; RHW; TCE; XGE; XPHB,classic-or-other; one,18,data/class/class-sorcerer.json,/classFeature/9/consumes/name,Magical Guidance: nested named block,,,pending,,0.50,
Spell,named-rule-block,Artificer; Bard; Cleric; Druid; Fighter; Paladin; Ranger; Rogue; Sorcerer; Spellcaster Sidekick; Warlock; Wizard,Arcane Trickster; Eldritch Knight,PHB; TCE,classic-or-other,24,data/class/class-artificer.json,/classFeature/21/entries/5/entries/1/name,Spellcasting: nested named block,,,pending,,0.50,
Spell Avoidance,named-rule-block,Sorcerer,Spellfire,FRHoF,classic-or-other,1,data/class/class-sorcerer.json,/subclassFeature/64/entries/3/name,Crown of Spellfire: nested named block,,,pending,,0.50,
Spell Slots,named-rule-block,Artificer; Bard; Cleric; Druid; Fighter; Paladin; Ranger; Rogue; Sorcerer; Spellcaster Sidekick; Warlock; Wizard,Arcane Trickster; Eldritch Knight,EFA; PHB; TCE; XPHB,classic-or-other; one,18,data/class/class-artificer.json,/classFeature/0/entries/1/entries/2/name,Spellcasting: nested named block,法術位,,proposed,5eclone.pingstudio.tw (legacy exact ENG_name match),0.85,
Spellbook,named-rule-block,Wizard,,PHB; XPHB,classic-or-other; one,2,data/class/class-wizard.json,/classFeature/1/entries/2/name,Spellcasting: nested named block,,,pending,,0.50,
Spellcasting Ability,named-rule-block,Artificer; Bard; Cleric; Druid; Fighter; Paladin; Ranger; Rogue; Sorcerer; Spellcaster Sidekick; Warlock; Wizard,Arcane Trickster; Eldritch Knight,EFA; PHB; TCE; XPHB,classic-or-other; one,23,data/class/class-artificer.json,/classFeature/0/entries/1/entries/5/name,Spellcasting: nested named block,施法關鍵屬性,,proposed,5eclone.pingstudio.tw (legacy exact ENG_name match),0.85,
Spellcasting Focus,named-rule-block,Artificer; Bard; Cleric; Druid; Fighter; Paladin; Ranger; Rogue; Sorcerer; Spellcaster Sidekick; Warlock; Wizard,Arcane Trickster; Armorer; Eldritch Knight,EFA; PHB; TCE; XPHB,classic-or-other; one,20,data/class/class-artificer.json,/classFeature/2/entries/1/entries/3/name,Replicate Magic Item: nested named block,施法法器,,proposed,5eclone.pingstudio.tw (legacy exact ENG_name match),0.85,
Spells Known,named-rule-block,Spellcaster Sidekick,,TCE,classic-or-other,1,data/class/class-sidekick.json,/classFeature/20/entries/3/entries/1/name,Spellcasting: nested named block,已知法術,,proposed,5eclone.pingstudio.tw (legacy exact ENG_name match),0.85,
Spells Known of 1st Level and Higher,named-rule-block,Bard; Ranger; Sorcerer; Warlock,,PHB,classic-or-other,4,data/class/class-bard.json,/classFeature/1/entries/3/name,Spellcasting: nested named block,,,pending,,0.50,
Spells Known of 1st-Level and Higher,named-rule-block,Fighter; Rogue,Arcane Trickster; Eldritch Knight,PHB,classic-or-other,2,data/class/class-fighter.json,/subclassFeature/28/entries/3/entries/0/name,Spellcasting: nested named block,,,pending,,0.50,
Spirit Query,named-rule-block,Rogue,Phantom,RHW,classic-or-other,1,data/class/class-rogue.json,/subclassFeature/68/entries/2/entries/1/items/2/name,Tokens of the Departed: nested named block,,,pending,,0.50,
Spirit Tales,named-rule-block,Bard,Spirits,VRGR,classic-or-other,1,data/class/class-bard.json,/subclassFeature/26/entries/2/name,Mystical Connection: nested named block,靈魂傳說,,proposed,5eclone.pingstudio.tw (legacy exact ENG_name match),0.85,
Spiritual Focus,named-rule-block,Bard,Spirits,RHW,classic-or-other,1,data/class/class-bard.json,/subclassFeature/51/entries/2/name,Channeler: nested named block,靈魂法器,,proposed,5eclone.pingstudio.tw (legacy exact ENG_name match),0.85,
Spiritual Manifestation,named-rule-block,Bard,Spirits,RHW,classic-or-other,1,data/class/class-bard.json,/subclassFeature/54/entries/2/name,Empowered Channeling: nested named block,,,pending,,0.50,
Staggering Blow,named-rule-block,Barbarian,,XPHB,one,1,data/class/class-barbarian.json,/classFeature/43/entries/1/entries/0/name,Improved Brutal Strike: nested named block,,,pending,,0.50,
Stealth Attack (Cost: 1d6),named-rule-block,Rogue,Thief,XPHB,one,1,data/class/class-rogue.json,/subclassFeature/97/entries/1/entries/0/name,Supreme Sneak: nested named block,,,pending,,0.50,
Step of the Wind,named-rule-block,Monk,,XPHB,one,1,data/class/class-monk.json,/classFeature/56/entries/1/entries/2/name,Heightened Focus: nested named block,飛檐走壁,,proposed,5eclone.pingstudio.tw (legacy exact ENG_name match),0.85,
Storm Rune (7th Level or Higher),named-rule-block,Fighter,Rune Knight,TCE,classic-or-other,1,data/class/class-fighter.json,/subclassFeature/55/entries/5/entries/5/name,Rune Carver: nested named block,,,pending,,0.50,
Storm Sorcery,named-rule-block,Sorcerer,Storm,XGE,classic-or-other,1,data/class/class-sorcerer.json,/subclassFeature/78/_copy/name,Storm Sorcery: nested named block,暴風術法,,proposed,5eclone.pingstudio.tw (legacy exact ENG_name match),0.85,
Strangling Roots,named-rule-block,Ranger,Hollow Warden,RHW,classic-or-other,1,data/class/class-ranger.json,/subclassFeature/73/entries/2/name,Rot and Violence: nested named block,,,pending,,0.50,
Strength Above All,named-rule-block,Paladin,Conquest,XGE,classic-or-other,1,data/class/class-paladin.json,/subclassFeature/67/entries/1/entries/2/name,Tenets of Conquest: nested named block,力量高於一切,,proposed,5eclone.pingstudio.tw (legacy exact ENG_name match),0.85,
Strength Advantage,named-rule-block,Barbarian,,XPHB,one,1,data/class/class-barbarian.json,/classFeature/25/entries/3/entries/2/name,Rage: nested named block,,,pending,,0.50,
Strength Domain (PSA),named-rule-block,Cleric,Strength (PSA),PSA,classic-or-other,1,data/class/class-cleric.json,/subclassFeature/170/_copy/name,Strength Domain (PSA): nested named block,,,pending,,0.50,
Strength of the Grave,named-rule-block,Sorcerer,Shadow,RHW,classic-or-other,1,data/class/class-sorcerer.json,/subclassFeature/68/entries/2/name,Power of Shadow: nested named block,終焉之力,,proposed,5eclone.pingstudio.tw (legacy exact ENG_name match),0.85,
Sudden Strike,named-rule-block,Ranger,Gloom Stalker,XPHB,one,1,data/class/class-ranger.json,/subclassFeature/92/entries/1/name,Stalker's Flurry: nested named block,突發猛擊,,proposed,5eclone.pingstudio.tw (legacy exact ENG_name match),0.85,
Sundering Blow,named-rule-block,Barbarian,,XPHB,one,1,data/class/class-barbarian.json,/classFeature/43/entries/1/entries/1/name,Improved Brutal Strike: nested named block,,,pending,,0.50,
Sunlight,named-rule-block,Paladin,Devotion,XPHB,one,1,data/class/class-paladin.json,/subclassFeature/102/entries/3/name,Holy Nimbus: nested named block,,,pending,,0.50,
Superior Modifications,named-rule-block,Artificer,Reanimator,RHW,classic-or-other,1,data/class/class-artificer.json,/subclassFeature/48/entries/3/name,Refined Reanimation: nested named block,,,pending,,0.50,
Superiority Dice,named-rule-block,Fighter,Battle Master,PHB; XPHB,classic-or-other; one,2,data/class/class-fighter.json,/subclassFeature/8/entries/2/entries/0/name,Combat Superiority: nested named block,卓越骰,,proposed,5eclone.pingstudio.tw (legacy exact ENG_name match),0.85,
Surprising Strikes,named-rule-block,Rogue,Assassin,XPHB,one,1,data/class/class-rogue.json,/subclassFeature/80/entries/1/entries/1/name,Assassinate: nested named block,,,pending,,0.50,
Swift Spells,named-rule-block,Paladin,Ancients,XPHB,one,1,data/class/class-paladin.json,/subclassFeature/96/entries/3/name,Elder Champion: nested named block,,,pending,,0.50,
Tail,named-rule-block,Barbarian,Beast,TCE,classic-or-other,1,data/class/class-barbarian.json,/subclassFeature/39/entries/3/items/2/name,Form of the Beast: nested named block,,,pending,,0.50,
Targets and Areas of Effect,named-rule-block,Mystic,,UATheMysticClass,classic-or-other,1,data/class/class-mystic.json,/classFeature/3/entries/6/name,Using a Discipline: nested named block,,,pending,,0.50,
Taunting Step,named-rule-block,Warlock,Archfey,XPHB,one,1,data/class/class-warlock.json,/subclassFeature/68/entries/2/entries/1/name,Steps of the Fey: nested named block,,,pending,,0.50,
Tempest Domain,named-rule-block,Cleric,Tempest,PHB,classic-or-other,1,data/class/class-cleric.json,/subclassFeature/159/_copy/name,Tempest Domain: nested named block,暴風領域,,proposed,5eclone.pingstudio.tw (legacy exact ENG_name match),0.85,
Temporary Hit Points,named-rule-block,Druid; Ranger,Moon,XPHB,one,3,data/class/class-druid.json,/classFeature/25/entries/1/entries/3/entries/1/items/0/name,Wild Shape: nested named block,臨時生命值,,proposed,SRD 5.1; SRD 5.2.1,0.95,
Terrify (Cost: {@dice 1d6}),named-rule-block,Rogue,Scion of the Three,FRHoF,classic-or-other,1,data/class/class-rogue.json,/subclassFeature/62/entries/1/name,Strike Fear: nested named block,,,pending,,0.50,
Thaumaturgy,named-rule-block,Ranger,Drakewarden,FTD,classic-or-other,1,data/class/class-ranger.json,/subclassFeature/1/entries/2/items/0/name,Draconic Gift: nested named block,,,pending,,0.50,
The Archfey,named-rule-block,Warlock,Archfey,PHB,classic-or-other,1,data/class/class-warlock.json,/subclassFeature/51/_copy/name,The Archfey: nested named block,至高妖精,,proposed,5eclone.pingstudio.tw (legacy exact ENG_name match),0.85,
The Beast in Combat,named-rule-block,Ranger,Beast Master,XPHB,one,1,data/class/class-ranger.json,/subclassFeature/76/entries/2/entries/0/name,Primal Companion: nested named block,,,pending,,0.50,
The Book's Appearance,named-rule-block,Wizard,,PHB,classic-or-other,1,data/class/class-wizard.json,/classFeature/1/entries/8/entries/4/entries/0/name,Spellcasting: nested named block,,,pending,,0.50,
The Celestial,named-rule-block,Warlock,Celestial,XGE,classic-or-other,1,data/class/class-warlock.json,/subclassFeature/64/_copy/name,The Celestial: nested named block,天界宗主,,proposed,5eclone.pingstudio.tw (legacy exact ENG_name match),0.85,
The Companion in Combat,named-rule-block,Artificer,Reanimator,RHW,classic-or-other,1,data/class/class-artificer.json,/subclassFeature/41/entries/3/name,Reanimated Companion: nested named block,,,pending,,0.50,
The Defender in Combat,named-rule-block,Artificer,Battle Smith,EFA,classic-or-other,1,data/class/class-artificer.json,/subclassFeature/28/entries/2/name,Steel Defender: nested named block,,,pending,,0.50,
The Fathomless,named-rule-block,Warlock,Fathomless,TCE,classic-or-other,1,data/class/class-warlock.json,/subclassFeature/61/_copy/name,The Fathomless: nested named block,深海意志,,proposed,5eclone.pingstudio.tw (legacy exact ENG_name match),0.85,
The Fiend,named-rule-block,Warlock,Fiend,PHB,classic-or-other,1,data/class/class-warlock.json,/subclassFeature/52/_copy/name,The Fiend: nested named block,邪魔宗主,,proposed,5eclone.pingstudio.tw (legacy exact ENG_name match),0.85,
The Genie,named-rule-block,Warlock,Genie,TCE,classic-or-other,1,data/class/class-warlock.json,/subclassFeature/62/_copy/name,The Genie: nested named block,巨靈宗主,,proposed,5eclone.pingstudio.tw (legacy exact ENG_name match),0.85,
The Great Old One,named-rule-block,Warlock,Great Old One,PHB,classic-or-other,1,data/class/class-warlock.json,/subclassFeature/53/_copy/name,The Great Old One: nested named block,舊日支配者,,proposed,5eclone.pingstudio.tw (legacy exact ENG_name match),0.85,
The Hexblade,named-rule-block,Warlock,Hexblade,XGE,classic-or-other,1,data/class/class-warlock.json,/subclassFeature/65/_copy/name,The Hexblade: nested named block,咒劍士,,proposed,5eclone.pingstudio.tw (legacy exact ENG_name match),0.85,
The Magic of Artifice,named-rule-block,Artificer,,TCE,classic-or-other,1,data/class/class-artificer.json,/classFeature/21/entries/2/entries/2/name,Spellcasting: nested named block,技藝的魔法,,proposed,5eclone.pingstudio.tw (legacy exact ENG_name match),0.85,
The Undead,named-rule-block,Warlock,Undead,VRGR,classic-or-other,1,data/class/class-warlock.json,/subclassFeature/63/_copy/name,The Undead: nested named block,死靈宗主,,proposed,5eclone.pingstudio.tw (legacy exact ENG_name match),0.85,
The Undying,named-rule-block,Warlock,Undying,SCAG,classic-or-other,1,data/class/class-warlock.json,/subclassFeature/60/_copy/name,The Undying: nested named block,​不朽者,,proposed,5eclone.pingstudio.tw (legacy exact ENG_name match),0.85,
Thunder Pulse,named-rule-block,Artificer,Armorer,EFA,classic-or-other,1,data/class/class-artificer.json,/subclassFeature/12/entries/1/name,Guardian: nested named block,,,pending,,0.50,
Timeless,named-rule-block,Ranger,Hollow Warden,RHW,classic-or-other,1,data/class/class-ranger.json,/subclassFeature/74/entries/3/name,Ancient Might: nested named block,,,pending,,0.50,
Tireless,named-rule-block,Ranger,,TCE,classic-or-other,1,data/class/class-ranger.json,/classFeature/18/entries/1/name,Deft Explorer Improvement: nested named block,不知疲倦,,proposed,5eclone.pingstudio.tw (legacy exact ENG_name match),0.85,
Tongue of Dragons,named-rule-block,Monk; Ranger,Ascendant Dragon; Drakewarden,FTD,classic-or-other,2,data/class/class-monk.json,/subclassFeature/2/entries/2/items/2/name,Draconic Disciple: nested named block,,,pending,,0.50,
Tool Proficiency,named-rule-block,Artificer,Alchemist; Armorer; Artillerist; Battle Smith; Cartographer,EFA,classic-or-other,5,data/class/class-artificer.json,/subclassFeature/3/entries/1/name,Tools of the Trade: nested named block,本職工具,,proposed,5eclone.pingstudio.tw (legacy exact ENG_name match),0.85,
Tools Required,named-rule-block,Artificer,,EFA; TCE,classic-or-other,2,data/class/class-artificer.json,/classFeature/0/entries/1/entries/0/name,Spellcasting: nested named block,必備工具,,proposed,5eclone.pingstudio.tw (legacy exact ENG_name match),0.85,
Topple,named-rule-block,Monk,Open Hand,XPHB,one,1,data/class/class-monk.json,/subclassFeature/73/entries/3/name,Open Hand Technique: nested named block,,,pending,,0.50,
Transmute Magic Item,named-rule-block,Artificer,,EFA,classic-or-other,1,data/class/class-artificer.json,/classFeature/6/entries/1/entries/2/name,Magic Item Tinker: nested named block,,,pending,,0.50,
Trickery Domain,named-rule-block,Cleric,Trickery,PHB,classic-or-other,1,data/class/class-cleric.json,/subclassFeature/161/_copy/name,Trickery Domain: nested named block,詭術領域,,proposed,5eclone.pingstudio.tw (legacy exact ENG_name match),0.85,
Twilight Domain,named-rule-block,Cleric,Twilight,TCE,classic-or-other,1,data/class/class-cleric.json,/subclassFeature/186/_copy/name,Twilight Domain: nested named block,暮光領域,,proposed,5eclone.pingstudio.tw (legacy exact ENG_name match),0.85,
Undead Endurance,named-rule-block,Warlock,Undead,RHW,classic-or-other,1,data/class/class-warlock.json,/subclassFeature/57/entries/3/name,Grave Touched: nested named block,,,pending,,0.50,
Unerring Path,named-rule-block,Artificer,Cartographer,EFA,classic-or-other,1,data/class/class-artificer.json,/subclassFeature/40/entries/2/name,Superior Atlas: nested named block,,,pending,,0.50,
Unerring Strike,named-rule-block,Paladin,Glory,XPHB,one,1,data/class/class-paladin.json,/subclassFeature/109/entries/3/name,Living Legend: nested named block,,,pending,,0.50,
Unholy Resuscitation,named-rule-block,Warlock,Undead,RHW,classic-or-other,1,data/class/class-warlock.json,/subclassFeature/58/entries/2/name,Necrotic Husk: nested named block,,,pending,,0.50,
Unicorn Spirit,named-rule-block,Druid,Shepherd,XGE,classic-or-other,1,data/class/class-druid.json,/subclassFeature/42/entries/6/name,Spirit Totem: nested named block,獨角獸精魂,,proposed,5eclone.pingstudio.tw (legacy exact ENG_name match),0.85,
Unleashing a Spirit,named-rule-block,Bard,Spirits,RHW,classic-or-other,1,data/class/class-bard.json,/subclassFeature/53/entries/2/name,Spirits from Beyond: nested named block,,,pending,,0.50,
Unnerving Aura,named-rule-block,Ranger,Hollow Warden,RHW,classic-or-other,1,data/class/class-ranger.json,/subclassFeature/71/entries/3/name,Wrath of the Wild: nested named block,,,pending,,0.50,
Unshakable Bravery,named-rule-block,Fighter,Banneret,FRHoF,classic-or-other,1,data/class/class-fighter.json,/subclassFeature/95/entries/2/name,Inspiring Commander: nested named block,,,pending,,0.50,
Use an Object,named-rule-block,Rogue,Thief,XPHB,one,1,data/class/class-rogue.json,/subclassFeature/94/entries/1/entries/1/name,Fast Hands: nested named block,,,pending,,0.50,
Using Bardic Inspiration,named-rule-block,Bard,,XPHB,one,1,data/class/class-bard.json,/classFeature/28/entries/1/entries/0/name,Bardic Inspiration: nested named block,,,pending,,0.50,
Using Soul Trinkets,named-rule-block,Rogue,Phantom,RHW,classic-or-other,1,data/class/class-rogue.json,/subclassFeature/68/entries/2/name,Tokens of the Departed: nested named block,,,pending,,0.50,
Vibrance of the Full Moon,named-rule-block,Bard,Moon,FRHoF,classic-or-other,1,data/class/class-bard.json,/subclassFeature/50/entries/2/name,Eventide's Splendor: nested named block,,,pending,,0.50,
Vigilance,named-rule-block,Paladin,Watchers,TCE,classic-or-other,1,data/class/class-paladin.json,/subclassFeature/56/entries/1/name,Tenets of the Watchers: nested named block,,,pending,,0.50,
Vitality Surge,named-rule-block,Barbarian,World Tree,XPHB,one,1,data/class/class-barbarian.json,/subclassFeature/86/entries/1/entries/0/name,Vitality of the Tree: nested named block,,,pending,,0.50,
Wand Crafting,named-rule-block,Artificer,Artillerist,EFA,classic-or-other,1,data/class/class-artificer.json,/subclassFeature/21/entries/3/name,Tools of the Trade: nested named block,,,pending,,0.50,
War Domain,named-rule-block,Cleric,War,PHB,classic-or-other,1,data/class/class-cleric.json,/subclassFeature/163/_copy/name,War Domain: nested named block,戰爭領域,,proposed,5eclone.pingstudio.tw (legacy exact ENG_name match),0.85,
War Magic,named-rule-block,Wizard,War,XGE,classic-or-other,1,data/class/class-wizard.json,/subclassFeature/96/_copy/name,War Magic: nested named block,戰爭魔法,,proposed,5eclone.pingstudio.tw (legacy exact ENG_name match),0.85,
Wave of Rolling Earth (17th Level Required),named-rule-block,Monk,Four Elements,PHB,classic-or-other,1,data/class/class-monk.json,/subclassFeature/8/entries/1/entries/16/name,Elemental Disciplines: nested named block,,,pending,,0.50,
Way of the Brush,named-rule-block,Monk,Kensei,XGE,classic-or-other,1,data/class/class-monk.json,/subclassFeature/51/entries/3/name,Path of the Kensei: nested named block,,,pending,,0.50,
Weal (even),named-rule-block,Druid,Stars,TCE; XPHB,classic-or-other; one,2,data/class/class-druid.json,/subclassFeature/26/entries/2/items/0/name,Cosmic Omen: nested named block,,,pending,,0.50,
Weapon Crafting,named-rule-block,Artificer,Battle Smith,EFA,classic-or-other,1,data/class/class-artificer.json,/subclassFeature/29/entries/2/name,Tools of the Trade: nested named block,,,pending,,0.50,
Weapon Knowledge,named-rule-block,Artificer,Battle Smith,EFA,classic-or-other,1,data/class/class-artificer.json,/subclassFeature/25/entries/2/name,Battle Ready: nested named block,,,pending,,0.50,
Well Spoken,named-rule-block,Fighter,Banneret,FRHoF,classic-or-other,1,data/class/class-fighter.json,/subclassFeature/91/entries/3/name,Knightly Envoy: nested named block,,,pending,,0.50,
Wild Magic,named-rule-block,Sorcerer,Wild,PHB,classic-or-other,1,data/class/class-sorcerer.json,/subclassFeature/66/_copy/name,Wild Magic: nested named block,狂野魔法,,proposed,5eclone.pingstudio.tw (legacy exact ENG_name match),0.85,
Wild Shape,named-rule-block,Druid,Moon; Spores; Stars; Wildfire,PHB; TCE; XPHB,classic-or-other; one,6,data/class/class-druid.json,/classFeature/3/consumes/name,Wild Companion: nested named block,荒野形態,,proposed,5eclone.pingstudio.tw (legacy exact ENG_name match),0.85,
Wisdom,named-rule-block,Paladin,Redemption,XGE,classic-or-other,1,data/class/class-paladin.json,/subclassFeature/76/entries/4/entries/0/name,Tenets of Redemption: nested named block,睿智,睿知; 感知,conflict,5eclone.pingstudio.tw (preferred candidate); project glossary alternatives,0.65,5eclone candidate is listed first; alternatives require user approval.
Wisdom of the Spirit,named-rule-block,Monk,Astral Self,TCE,classic-or-other,1,data/class/class-monk.json,/subclassFeature/30/entries/5/name,Visage of the Astral Self: nested named block,靈魂感知,,proposed,5eclone.pingstudio.tw (legacy exact ENG_name match),0.85,
Woe (odd),named-rule-block,Druid,Stars,TCE; XPHB,classic-or-other; one,2,data/class/class-druid.json,/subclassFeature/26/entries/2/items/1/name,Cosmic Omen: nested named block,,,pending,,0.50,
Wolf,named-rule-block,Barbarian,Wild Heart,XPHB,one,1,data/class/class-barbarian.json,/subclassFeature/81/entries/3/name,Rage of the Wilds: nested named block,狼,,proposed,5eclone.pingstudio.tw (legacy exact ENG_name match),0.85,
Word of the Spirit,named-rule-block,Monk,Astral Self,TCE,classic-or-other,1,data/class/class-monk.json,/subclassFeature/30/entries/6/name,Visage of the Astral Self: nested named block,靈魂之語,,proposed,5eclone.pingstudio.tw (legacy exact ENG_name match),0.85,
Wormlike Movement,named-rule-block,Sorcerer,Aberrant,XPHB,one,1,data/class/class-sorcerer.json,/subclassFeature/84/entries/1/entries/3/name,Revelation in Flesh: nested named block,,,pending,,0.50,
Your Spellbook,named-rule-block,Wizard,,PHB,classic-or-other,1,data/class/class-wizard.json,/classFeature/1/entries/8/name,Spellcasting: nested named block,,,pending,,0.50,
Zeal Domain (PSA),named-rule-block,Cleric,Zeal (PSA),PSA,classic-or-other,1,data/class/class-cleric.json,/subclassFeature/172/_copy/name,Zeal Domain (PSA): nested named block,,,pending,,0.50,
Aberrant Mind,subclass,Sorcerer,Aberrant Mind,TCE,classic; classic-or-other,2,data/class/class-sorcerer.json,/subclass/12/name,subclass: Aberrant Mind,畸變心智,,proposed,5eclone.pingstudio.tw (legacy exact ENG_name match),0.85,
Aberrant Sorcery,subclass,Sorcerer,Aberrant,XPHB,one,1,data/class/class-sorcerer.json,/subclass/18/name,subclass: Aberrant Sorcery,,,pending,,0.50,
Abjurer,subclass,Wizard,Abjurer,XPHB,one,1,data/class/class-wizard.json,/subclass/26/name,subclass: Abjurer,,,pending,,0.50,
Alchemist,subclass,Artificer,Alchemist,EFA; TCE,classic; classic-or-other,3,data/class/class-artificer.json,/subclass/0/name,subclass: Alchemist,鍊金師,,proposed,5eclone.pingstudio.tw (legacy exact ENG_name match),0.85,
Ambition Domain (PSA),subclass,Cleric,Ambition (PSA),PSA,classic; classic-or-other,2,data/class/class-cleric.json,/subclass/18/name,subclass: Ambition Domain (PSA),,,pending,,0.50,
Arcana Domain,subclass,Cleric,Arcana,SCAG,classic; classic-or-other,2,data/class/class-cleric.json,/subclass/16/name,subclass: Arcana Domain,奧祕領域,,proposed,5eclone.pingstudio.tw (legacy exact ENG_name match),0.85,
Arcane Archer,subclass,Fighter,Arcane Archer,XGE,classic; classic-or-other,2,data/class/class-fighter.json,/subclass/8/name,subclass: Arcane Archer,魔射手,,proposed,5eclone.pingstudio.tw (legacy exact ENG_name match),0.85,
Arcane Trickster,subclass,Rogue,Arcane Trickster,PHB; XPHB,classic; classic-or-other; one,3,data/class/class-rogue.json,/subclass/0/name,subclass: Arcane Trickster,詭術師,,proposed,5eclone.pingstudio.tw (legacy exact ENG_name match),0.85,
Archfey Patron,subclass,Warlock,Archfey,XPHB,one,1,data/class/class-warlock.json,/subclass/18/name,subclass: Archfey Patron,,,pending,,0.50,
Armorer,subclass,Artificer,Armorer,EFA; TCE,classic; classic-or-other,3,data/class/class-artificer.json,/subclass/2/name,subclass: Armorer,裝甲師,,proposed,5eclone.pingstudio.tw (legacy exact ENG_name match),0.85,
Artillerist,subclass,Artificer,Artillerist,EFA; TCE,classic; classic-or-other,3,data/class/class-artificer.json,/subclass/4/name,subclass: Artillerist,魔炮師,,proposed,5eclone.pingstudio.tw (legacy exact ENG_name match),0.85,
Assassin,subclass,Rogue,Assassin,PHB; XPHB,classic; classic-or-other; one,3,data/class/class-rogue.json,/subclass/2/name,subclass: Assassin,刺客,,proposed,5eclone.pingstudio.tw (legacy exact ENG_name match),0.85,
Banneret,subclass,Fighter,Banneret,FRHoF,one,1,data/class/class-fighter.json,/subclass/24/name,subclass: Banneret,,,pending,,0.50,
Battle Master,subclass,Fighter,Battle Master,PHB; XPHB,classic; classic-or-other; one,3,data/class/class-fighter.json,/subclass/0/name,subclass: Battle Master,戰鬥大師,,proposed,5eclone.pingstudio.tw (legacy exact ENG_name match),0.85,
Battle Smith,subclass,Artificer,Battle Smith,EFA; TCE,classic; classic-or-other,3,data/class/class-artificer.json,/subclass/6/name,subclass: Battle Smith,戰地匠師,,proposed,5eclone.pingstudio.tw (legacy exact ENG_name match),0.85,
Beast Master,subclass,Ranger,Beast Master,PHB; XPHB,classic; classic-or-other; one,3,data/class/class-ranger.json,/subclass/0/name,subclass: Beast Master,獸王,,proposed,5eclone.pingstudio.tw (legacy exact ENG_name match),0.85,
Bladesinger,subclass,Wizard,Bladesinger,FRHoF,one,1,data/class/class-wizard.json,/subclass/30/name,subclass: Bladesinger,,,pending,,0.50,
Bladesinging,subclass,Wizard,Bladesinging,TCE,classic; classic-or-other,2,data/class/class-wizard.json,/subclass/22/name,subclass: Bladesinging,劍詠,劍詠傳承,conflict,5eclone.pingstudio.tw (preferred candidate); project glossary alternatives,0.65,5eclone candidate is listed first; alternatives require user approval.
Cartographer,subclass,Artificer,Cartographer,EFA,classic-or-other,1,data/class/class-artificer.json,/subclass/12/name,subclass: Cartographer,,,pending,,0.50,
Cavalier,subclass,Fighter,Cavalier,XGE,classic; classic-or-other,2,data/class/class-fighter.json,/subclass/10/name,subclass: Cavalier,騎兵,,proposed,5eclone.pingstudio.tw (legacy exact ENG_name match),0.85,
Celestial Patron,subclass,Warlock,Celestial,XPHB,one,1,data/class/class-warlock.json,/subclass/19/name,subclass: Celestial Patron,,,pending,,0.50,
Champion,subclass,Fighter,Champion,PHB; XPHB,classic; classic-or-other; one,3,data/class/class-fighter.json,/subclass/2/name,subclass: Champion,勇士,,proposed,5eclone.pingstudio.tw (legacy exact ENG_name match),0.85,
Chronurgy Magic,subclass,Wizard,Chronurgy,EGW,classic; classic-or-other,2,data/class/class-wizard.json,/subclass/18/name,subclass: Chronurgy Magic,時間魔法,,proposed,5eclone.pingstudio.tw (legacy exact ENG_name match),0.85,
Circle of Dreams,subclass,Druid,Dreams,XGE,classic; classic-or-other,2,data/class/class-druid.json,/subclass/4/name,subclass: Circle of Dreams,夢境結社,,proposed,5eclone.pingstudio.tw (legacy exact ENG_name match),0.85,
Circle of Spores,subclass,Druid,Spores,TCE,classic; classic-or-other,2,data/class/class-druid.json,/subclass/8/name,subclass: Circle of Spores,孢子結社,,proposed,5eclone.pingstudio.tw (legacy exact ENG_name match),0.85,
Circle of Stars,subclass,Druid,Stars,TCE,classic; classic-or-other,2,data/class/class-druid.json,/subclass/10/name,subclass: Circle of Stars,星辰結社,,proposed,5eclone.pingstudio.tw (legacy exact ENG_name match),0.85,
Circle of the Land,subclass,Druid,Land,PHB; XPHB,classic; classic-or-other; one,3,data/class/class-druid.json,/subclass/0/name,subclass: Circle of the Land,大地結社,,proposed,5eclone.pingstudio.tw (legacy exact ENG_name match),0.85,
Circle of the Moon,subclass,Druid,Moon,PHB; XPHB,classic; classic-or-other; one,3,data/class/class-druid.json,/subclass/2/name,subclass: Circle of the Moon,月亮結社,,proposed,5eclone.pingstudio.tw (legacy exact ENG_name match),0.85,
Circle of the Sea,subclass,Druid,Sea,XPHB,one,1,data/class/class-druid.json,/subclass/16/name,subclass: Circle of the Sea,,,pending,,0.50,
Circle of the Shepherd,subclass,Druid,Shepherd,XGE,classic; classic-or-other,2,data/class/class-druid.json,/subclass/6/name,subclass: Circle of the Shepherd,牧人結社,,proposed,5eclone.pingstudio.tw (legacy exact ENG_name match),0.85,
Circle of the Stars,subclass,Druid,Stars,XPHB,one,1,data/class/class-druid.json,/subclass/17/name,subclass: Circle of the Stars,,,pending,,0.50,
Circle of Wildfire,subclass,Druid,Wildfire,TCE,classic; classic-or-other,2,data/class/class-druid.json,/subclass/12/name,subclass: Circle of Wildfire,野火結社,,proposed,5eclone.pingstudio.tw (legacy exact ENG_name match),0.85,
Clockwork Sorcery,subclass,Sorcerer,Clockwork,XPHB,one,1,data/class/class-sorcerer.json,/subclass/19/name,subclass: Clockwork Sorcery,,,pending,,0.50,
Clockwork Soul,subclass,Sorcerer,Clockwork Soul,TCE,classic; classic-or-other,2,data/class/class-sorcerer.json,/subclass/14/name,subclass: Clockwork Soul,時械之魂,,proposed,5eclone.pingstudio.tw (legacy exact ENG_name match),0.85,
College of Creation,subclass,Bard,Creation,TCE,classic; classic-or-other,2,data/class/class-bard.json,/subclass/10/name,subclass: College of Creation,創造學院,,proposed,5eclone.pingstudio.tw (legacy exact ENG_name match),0.85,
College of Dance,subclass,Bard,Dance,XPHB,one,1,data/class/class-bard.json,/subclass/16/name,subclass: College of Dance,,,pending,,0.50,
College of Eloquence,subclass,Bard,Eloquence,TCE,classic; classic-or-other,2,data/class/class-bard.json,/subclass/12/name,subclass: College of Eloquence,雄辯學院,,proposed,5eclone.pingstudio.tw (legacy exact ENG_name match),0.85,
College of Glamour,subclass,Bard,Glamour,XGE; XPHB,classic; classic-or-other; one,3,data/class/class-bard.json,/subclass/4/name,subclass: College of Glamour,迷惑學院,,proposed,5eclone.pingstudio.tw (legacy exact ENG_name match),0.85,
College of Lore,subclass,Bard,Lore,PHB; XPHB,classic; classic-or-other; one,3,data/class/class-bard.json,/subclass/0/name,subclass: College of Lore,軼聞學院,,proposed,5eclone.pingstudio.tw (legacy exact ENG_name match),0.85,
College of Spirits,subclass,Bard,Spirits,RHW; VRGR,classic; classic-or-other; one,3,data/class/class-bard.json,/subclass/14/name,subclass: College of Spirits,靈魂學院,,proposed,5eclone.pingstudio.tw (legacy exact ENG_name match),0.85,
College of Swords,subclass,Bard,Swords,XGE,classic; classic-or-other,2,data/class/class-bard.json,/subclass/6/name,subclass: College of Swords,劍舞學院,,proposed,5eclone.pingstudio.tw (legacy exact ENG_name match),0.85,
College of the Moon,subclass,Bard,Moon,FRHoF,one,1,data/class/class-bard.json,/subclass/20/name,subclass: College of the Moon,,,pending,,0.50,
College of Valor,subclass,Bard,Valor,PHB; XPHB,classic; classic-or-other; one,3,data/class/class-bard.json,/subclass/2/name,subclass: College of Valor,勇氣學院,,proposed,5eclone.pingstudio.tw (legacy exact ENG_name match),0.85,
College of Whispers,subclass,Bard,Whispers,XGE,classic; classic-or-other,2,data/class/class-bard.json,/subclass/8/name,subclass: College of Whispers,低語學院,,proposed,5eclone.pingstudio.tw (legacy exact ENG_name match),0.85,
Death Domain,subclass,Cleric,Death,DMG,classic; classic-or-other,2,data/class/class-cleric.json,/subclass/14/name,subclass: Death Domain,死亡領域,,proposed,5eclone.pingstudio.tw (legacy exact ENG_name match),0.85,
Divine Soul,subclass,Sorcerer,Divine Soul,XGE,classic; classic-or-other,2,data/class/class-sorcerer.json,/subclass/6/name,subclass: Divine Soul,神聖之魂,,proposed,5eclone.pingstudio.tw (legacy exact ENG_name match),0.85,
Diviner,subclass,Wizard,Diviner,XPHB,one,1,data/class/class-wizard.json,/subclass/27/name,subclass: Diviner,,,pending,,0.50,
Draconic Bloodline,subclass,Sorcerer,Draconic,PHB,classic; classic-or-other,2,data/class/class-sorcerer.json,/subclass/0/name,subclass: Draconic Bloodline,龍族血脈,,proposed,5eclone.pingstudio.tw (legacy exact ENG_name match),0.85,
Draconic Sorcery,subclass,Sorcerer,Draconic,XPHB,one,1,data/class/class-sorcerer.json,/subclass/20/name,subclass: Draconic Sorcery,,,pending,,0.50,
Drakewarden,subclass,Ranger,Drakewarden,FTD,classic; classic-or-other,2,data/class/class-ranger.json,/subclass/14/name,subclass: Drakewarden,,,pending,,0.50,
Echo Knight,subclass,Fighter,Echo Knight,EGW,classic; classic-or-other,2,data/class/class-fighter.json,/subclass/14/name,subclass: Echo Knight,迴音騎士,,proposed,5eclone.pingstudio.tw (legacy exact ENG_name match),0.85,
Eldritch Knight,subclass,Fighter,Eldritch Knight,PHB; XPHB,classic; classic-or-other; one,3,data/class/class-fighter.json,/subclass/4/name,subclass: Eldritch Knight,魔能騎士,,proposed,5eclone.pingstudio.tw (legacy exact ENG_name match),0.85,
Evoker,subclass,Wizard,Evoker,XPHB,one,1,data/class/class-wizard.json,/subclass/28/name,subclass: Evoker,,,pending,,0.50,
Fey Wanderer,subclass,Ranger,Fey Wanderer,TCE; XPHB,classic; classic-or-other; one,3,data/class/class-ranger.json,/subclass/10/name,subclass: Fey Wanderer,妖精漫遊者,,proposed,5eclone.pingstudio.tw (legacy exact ENG_name match),0.85,
Fiend Patron,subclass,Warlock,Fiend,XPHB,one,1,data/class/class-warlock.json,/subclass/20/name,subclass: Fiend Patron,,,pending,,0.50,
Forge Domain,subclass,Cleric,Forge,XGE,classic; classic-or-other,2,data/class/class-cleric.json,/subclass/28/name,subclass: Forge Domain,鍛造領域,,proposed,5eclone.pingstudio.tw (legacy exact ENG_name match),0.85,
Gloom Stalker,subclass,Ranger,Gloom Stalker,XGE; XPHB,classic; classic-or-other; one,3,data/class/class-ranger.json,/subclass/4/name,subclass: Gloom Stalker,幽域追蹤者,,proposed,5eclone.pingstudio.tw (legacy exact ENG_name match),0.85,
Grave Domain,subclass,Cleric,Grave,RHW; XGE,classic; classic-or-other; one,3,data/class/class-cleric.json,/subclass/30/name,subclass: Grave Domain,墳墓領域,,proposed,5eclone.pingstudio.tw (legacy exact ENG_name match),0.85,
Graviturgy Magic,subclass,Wizard,Graviturgy,EGW,classic; classic-or-other,2,data/class/class-wizard.json,/subclass/20/name,subclass: Graviturgy Magic,重力魔法,,proposed,5eclone.pingstudio.tw (legacy exact ENG_name match),0.85,
Great Old One Patron,subclass,Warlock,Great Old One,XPHB,one,1,data/class/class-warlock.json,/subclass/21/name,subclass: Great Old One Patron,,,pending,,0.50,
Hollow Warden,subclass,Ranger,Hollow Warden,RHW,one,1,data/class/class-ranger.json,/subclass/21/name,subclass: Hollow Warden,,,pending,,0.50,
Horizon Walker,subclass,Ranger,Horizon Walker,XGE,classic; classic-or-other,2,data/class/class-ranger.json,/subclass/6/name,subclass: Horizon Walker,境界行者,,proposed,5eclone.pingstudio.tw (legacy exact ENG_name match),0.85,
Hunter,subclass,Ranger,Hunter,PHB; XPHB,classic; classic-or-other; one,3,data/class/class-ranger.json,/subclass/2/name,subclass: Hunter,獵人,,proposed,5eclone.pingstudio.tw (legacy exact ENG_name match),0.85,
Illusionist,subclass,Wizard,Illusionist,XPHB,one,1,data/class/class-wizard.json,/subclass/29/name,subclass: Illusionist,,,pending,,0.50,
Inquisitive,subclass,Rogue,Inquisitive,XGE,classic; classic-or-other,2,data/class/class-rogue.json,/subclass/6/name,subclass: Inquisitive,審訊者,,proposed,5eclone.pingstudio.tw (legacy exact ENG_name match),0.85,
Knowledge Domain,subclass,Cleric,Knowledge,FRHoF; PHB,classic; classic-or-other; one,3,data/class/class-cleric.json,/subclass/0/name,subclass: Knowledge Domain,知識領域,,proposed,5eclone.pingstudio.tw (legacy exact ENG_name match),0.85,
Knowledge Domain (PSA),subclass,Cleric,Knowledge (PSA),PSA,classic; classic-or-other,2,data/class/class-cleric.json,/subclass/20/name,subclass: Knowledge Domain (PSA),知識領域(PSA),,proposed,5eclone.pingstudio.tw (legacy exact ENG_name match),0.85,
Life Domain,subclass,Cleric,Life,PHB; XPHB,classic; classic-or-other; one,3,data/class/class-cleric.json,/subclass/2/name,subclass: Life Domain,生命領域,,proposed,5eclone.pingstudio.tw (legacy exact ENG_name match),0.85,
Light Domain,subclass,Cleric,Light,PHB; XPHB,classic; classic-or-other; one,3,data/class/class-cleric.json,/subclass/4/name,subclass: Light Domain,光明領域,,proposed,5eclone.pingstudio.tw (legacy exact ENG_name match),0.85,
Lunar Sorcery,subclass,Sorcerer,Lunar,DSotDQ,classic; classic-or-other,2,data/class/class-sorcerer.json,/subclass/16/name,subclass: Lunar Sorcery,,,pending,,0.50,
Mastermind,subclass,Rogue,Mastermind,XGE,classic; classic-or-other,2,data/class/class-rogue.json,/subclass/8/name,subclass: Mastermind,策士,,proposed,5eclone.pingstudio.tw (legacy exact ENG_name match),0.85,
Monster Slayer,subclass,Ranger,Monster Slayer,XGE,classic; classic-or-other,2,data/class/class-ranger.json,/subclass/8/name,subclass: Monster Slayer,怪物殺手,,proposed,5eclone.pingstudio.tw (legacy exact ENG_name match),0.85,
Nature Domain,subclass,Cleric,Nature,PHB,classic; classic-or-other,2,data/class/class-cleric.json,/subclass/6/name,subclass: Nature Domain,自然領域,,proposed,5eclone.pingstudio.tw (legacy exact ENG_name match),0.85,
Oath of Conquest,subclass,Paladin,Conquest,XGE,classic; classic-or-other,2,data/class/class-paladin.json,/subclass/10/name,subclass: Oath of Conquest,征服之誓,,proposed,5eclone.pingstudio.tw (legacy exact ENG_name match),0.85,
Oath of Devotion,subclass,Paladin,Devotion,PHB; XPHB,classic; classic-or-other; one,3,data/class/class-paladin.json,/subclass/0/name,subclass: Oath of Devotion,奉獻之誓,,proposed,5eclone.pingstudio.tw (legacy exact ENG_name match),0.85,
Oath of Glory,subclass,Paladin,Glory,TCE; XPHB,classic; classic-or-other; one,3,data/class/class-paladin.json,/subclass/14/name,subclass: Oath of Glory,榮耀之誓,,proposed,5eclone.pingstudio.tw (legacy exact ENG_name match),0.85,
Oath of Redemption,subclass,Paladin,Redemption,XGE,classic; classic-or-other,2,data/class/class-paladin.json,/subclass/12/name,subclass: Oath of Redemption,救贖之誓,,proposed,5eclone.pingstudio.tw (legacy exact ENG_name match),0.85,
Oath of the Ancients,subclass,Paladin,Ancients,PHB; XPHB,classic; classic-or-other; one,3,data/class/class-paladin.json,/subclass/2/name,subclass: Oath of the Ancients,遠古之誓,,proposed,5eclone.pingstudio.tw (legacy exact ENG_name match),0.85,
Oath of the Crown,subclass,Paladin,Crown,SCAG,classic; classic-or-other,2,data/class/class-paladin.json,/subclass/8/name,subclass: Oath of the Crown,王冠之誓,,proposed,5eclone.pingstudio.tw (legacy exact ENG_name match),0.85,
Oath of the Noble Genies,subclass,Paladin,Noble Genies,FRHoF,one,1,data/class/class-paladin.json,/subclass/22/name,subclass: Oath of the Noble Genies,,,pending,,0.50,
Oath of the Watchers,subclass,Paladin,Watchers,TCE,classic; classic-or-other,2,data/class/class-paladin.json,/subclass/16/name,subclass: Oath of the Watchers,守望之誓,,proposed,5eclone.pingstudio.tw (legacy exact ENG_name match),0.85,
Oath of Vengeance,subclass,Paladin,Vengeance,PHB; XPHB,classic; classic-or-other; one,3,data/class/class-paladin.json,/subclass/4/name,subclass: Oath of Vengeance,復仇之誓,,proposed,5eclone.pingstudio.tw (legacy exact ENG_name match),0.85,
Oathbreaker,subclass,Paladin,Oathbreaker,DMG,classic; classic-or-other,2,data/class/class-paladin.json,/subclass/6/name,subclass: Oathbreaker,破誓者,,proposed,5eclone.pingstudio.tw (legacy exact ENG_name match),0.85,
Order Domain,subclass,Cleric,Order,TCE,classic; classic-or-other,2,data/class/class-cleric.json,/subclass/32/name,subclass: Order Domain,秩序領域,,proposed,5eclone.pingstudio.tw (legacy exact ENG_name match),0.85,
Order of Scribes,subclass,Wizard,Scribes,TCE,classic; classic-or-other,2,data/class/class-wizard.json,/subclass/24/name,subclass: Order of Scribes,書士會,,proposed,5eclone.pingstudio.tw (legacy exact ENG_name match),0.85,
Order of the Avatar,subclass,Mystic,Avatar,UATheMysticClass,classic,1,data/class/class-mystic.json,/subclass/0/name,subclass: Order of the Avatar,,,pending,,0.50,
Order of the Awakened,subclass,Mystic,Awakened,UATheMysticClass,classic,1,data/class/class-mystic.json,/subclass/1/name,subclass: Order of the Awakened,,,pending,,0.50,
Order of the Immortal,subclass,Mystic,Immortal,UATheMysticClass,classic,1,data/class/class-mystic.json,/subclass/2/name,subclass: Order of the Immortal,,,pending,,0.50,
Order of the Nomad,subclass,Mystic,Nomad,UATheMysticClass,classic,1,data/class/class-mystic.json,/subclass/3/name,subclass: Order of the Nomad,,,pending,,0.50,
Order of the Soul Knife,subclass,Mystic,Soul Knife,UATheMysticClass,classic,1,data/class/class-mystic.json,/subclass/4/name,subclass: Order of the Soul Knife,,,pending,,0.50,
Order of the Wu Jen,subclass,Mystic,Wu Jen,UATheMysticClass,classic,1,data/class/class-mystic.json,/subclass/5/name,subclass: Order of the Wu Jen,,,pending,,0.50,
Path of the Ancestral Guardian,subclass,Barbarian,Ancestral Guardian,XGE,classic; classic-or-other,2,data/class/class-barbarian.json,/subclass/6/name,subclass: Path of the Ancestral Guardian,先祖守衛道途,,proposed,5eclone.pingstudio.tw (legacy exact ENG_name match),0.85,
Path of the Battlerager,subclass,Barbarian,Battlerager,SCAG,classic; classic-or-other,2,data/class/class-barbarian.json,/subclass/4/name,subclass: Path of the Battlerager,戰狂道途,,proposed,5eclone.pingstudio.tw (legacy exact ENG_name match),0.85,
Path of the Beast,subclass,Barbarian,Beast,TCE,classic; classic-or-other,2,data/class/class-barbarian.json,/subclass/12/name,subclass: Path of the Beast,野獸道途,,proposed,5eclone.pingstudio.tw (legacy exact ENG_name match),0.85,
Path of the Berserker,subclass,Barbarian,Berserker,PHB; XPHB,classic; classic-or-other; one,3,data/class/class-barbarian.json,/subclass/0/name,subclass: Path of the Berserker,狂戰士道途,,proposed,5eclone.pingstudio.tw (legacy exact ENG_name match),0.85,
Path of the Giant,subclass,Barbarian,Giant,BGG,classic; classic-or-other,2,data/class/class-barbarian.json,/subclass/16/name,subclass: Path of the Giant,,,pending,,0.50,
Path of the Storm Herald,subclass,Barbarian,Storm Herald,XGE,classic; classic-or-other,2,data/class/class-barbarian.json,/subclass/8/name,subclass: Path of the Storm Herald,風暴先驅道途,,proposed,5eclone.pingstudio.tw (legacy exact ENG_name match),0.85,
Path of the Totem Warrior,subclass,Barbarian,Totem Warrior,PHB,classic; classic-or-other,2,data/class/class-barbarian.json,/subclass/2/name,subclass: Path of the Totem Warrior,圖騰勇士道途,,proposed,5eclone.pingstudio.tw (legacy exact ENG_name match),0.85,
Path of the Wild Heart,subclass,Barbarian,Wild Heart,XPHB,one,1,data/class/class-barbarian.json,/subclass/19/name,subclass: Path of the Wild Heart,,,pending,,0.50,
Path of the World Tree,subclass,Barbarian,World Tree,XPHB,one,1,data/class/class-barbarian.json,/subclass/20/name,subclass: Path of the World Tree,,,pending,,0.50,
Path of the Zealot,subclass,Barbarian,Zealot,XGE; XPHB,classic; classic-or-other; one,3,data/class/class-barbarian.json,/subclass/10/name,subclass: Path of the Zealot,狂熱者道途,,proposed,5eclone.pingstudio.tw (legacy exact ENG_name match),0.85,
Path of Wild Magic,subclass,Barbarian,Wild Magic,TCE,classic; classic-or-other,2,data/class/class-barbarian.json,/subclass/14/name,subclass: Path of Wild Magic,狂野魔法道途,,proposed,5eclone.pingstudio.tw (legacy exact ENG_name match),0.85,
Peace Domain,subclass,Cleric,Peace,TCE,classic; classic-or-other,2,data/class/class-cleric.json,/subclass/34/name,subclass: Peace Domain,和平領域,,proposed,5eclone.pingstudio.tw (legacy exact ENG_name match),0.85,
Phantom,subclass,Rogue,Phantom,RHW; TCE,classic; classic-or-other; one,3,data/class/class-rogue.json,/subclass/14/name,subclass: Phantom,鬼魅,,proposed,5eclone.pingstudio.tw (legacy exact ENG_name match),0.85,
Psi Warrior,subclass,Fighter,Psi Warrior,TCE; XPHB,classic; classic-or-other; one,3,data/class/class-fighter.json,/subclass/16/name,subclass: Psi Warrior,靈能武士,,proposed,5eclone.pingstudio.tw (legacy exact ENG_name match),0.85,
Purple Dragon Knight (Banneret),subclass,Fighter,Purple Dragon Knight (Banneret),SCAG,classic; classic-or-other,2,data/class/class-fighter.json,/subclass/6/name,subclass: Purple Dragon Knight (Banneret),紫龍騎士（旗將）,,proposed,5eclone.pingstudio.tw (legacy exact ENG_name match),0.85,
Pyromancer (PSK),subclass,Sorcerer,Pyromancer (PSK),PSK,classic; classic-or-other,2,data/class/class-sorcerer.json,/subclass/4/name,subclass: Pyromancer (PSK),,,pending,,0.50,
Reanimator,subclass,Artificer,Reanimator,RHW,classic-or-other,1,data/class/class-artificer.json,/subclass/13/name,subclass: Reanimator,,,pending,,0.50,
Rune Knight,subclass,Fighter,Rune Knight,TCE,classic; classic-or-other,2,data/class/class-fighter.json,/subclass/18/name,subclass: Rune Knight,符文騎士,,proposed,5eclone.pingstudio.tw (legacy exact ENG_name match),0.85,
Samurai,subclass,Fighter,Samurai,XGE,classic; classic-or-other,2,data/class/class-fighter.json,/subclass/12/name,subclass: Samurai,武士,,proposed,5eclone.pingstudio.tw (legacy exact ENG_name match),0.85,
School of Abjuration,subclass,Wizard,Abjuration,PHB,classic; classic-or-other,2,data/class/class-wizard.json,/subclass/0/name,subclass: School of Abjuration,防護學派,,proposed,5eclone.pingstudio.tw (legacy exact ENG_name match),0.85,
School of Conjuration,subclass,Wizard,Conjuration,PHB,classic; classic-or-other,2,data/class/class-wizard.json,/subclass/2/name,subclass: School of Conjuration,咒法學派,,proposed,5eclone.pingstudio.tw (legacy exact ENG_name match),0.85,
School of Divination,subclass,Wizard,Divination,PHB,classic; classic-or-other,2,data/class/class-wizard.json,/subclass/4/name,subclass: School of Divination,預言學派,,proposed,5eclone.pingstudio.tw (legacy exact ENG_name match),0.85,
School of Enchantment,subclass,Wizard,Enchantment,PHB,classic; classic-or-other,2,data/class/class-wizard.json,/subclass/6/name,subclass: School of Enchantment,惑控學派,,proposed,5eclone.pingstudio.tw (legacy exact ENG_name match),0.85,
School of Evocation,subclass,Wizard,Evocation,PHB,classic; classic-or-other,2,data/class/class-wizard.json,/subclass/8/name,subclass: School of Evocation,塑能學派,,proposed,5eclone.pingstudio.tw (legacy exact ENG_name match),0.85,
School of Illusion,subclass,Wizard,Illusion,PHB,classic; classic-or-other,2,data/class/class-wizard.json,/subclass/10/name,subclass: School of Illusion,幻術學派,,proposed,5eclone.pingstudio.tw (legacy exact ENG_name match),0.85,
School of Necromancy,subclass,Wizard,Necromancy,PHB,classic; classic-or-other,2,data/class/class-wizard.json,/subclass/12/name,subclass: School of Necromancy,死靈學派,,proposed,5eclone.pingstudio.tw (legacy exact ENG_name match),0.85,
School of Transmutation,subclass,Wizard,Transmutation,PHB,classic; classic-or-other,2,data/class/class-wizard.json,/subclass/14/name,subclass: School of Transmutation,變化學派,,proposed,5eclone.pingstudio.tw (legacy exact ENG_name match),0.85,
Scion of the Three,subclass,Rogue,Scion of the Three,FRHoF,one,1,data/class/class-rogue.json,/subclass/22/name,subclass: Scion of the Three,,,pending,,0.50,
Scout,subclass,Rogue,Scout,XGE,classic; classic-or-other,2,data/class/class-rogue.json,/subclass/10/name,subclass: Scout,斥侯,,proposed,5eclone.pingstudio.tw (legacy exact ENG_name match),0.85,
Shadow Magic,subclass,Sorcerer,Shadow,XGE,classic; classic-or-other,2,data/class/class-sorcerer.json,/subclass/8/name,subclass: Shadow Magic,幽影魔法,,proposed,5eclone.pingstudio.tw (legacy exact ENG_name match),0.85,
Shadow Sorcery,subclass,Sorcerer,Shadow,RHW,one,1,data/class/class-sorcerer.json,/subclass/23/name,subclass: Shadow Sorcery,,,pending,,0.50,
Solidarity Domain (PSA),subclass,Cleric,Solidarity (PSA),PSA,classic; classic-or-other,2,data/class/class-cleric.json,/subclass/22/name,subclass: Solidarity Domain (PSA),,,pending,,0.50,
Soulknife,subclass,Rogue,Soulknife,TCE; XPHB,classic; classic-or-other; one,3,data/class/class-rogue.json,/subclass/16/name,subclass: Soulknife,魂刃,,proposed,5eclone.pingstudio.tw (legacy exact ENG_name match),0.85,
Spellfire Sorcery,subclass,Sorcerer,Spellfire,FRHoF,one,1,data/class/class-sorcerer.json,/subclass/22/name,subclass: Spellfire Sorcery,,,pending,,0.50,
Storm Sorcery,subclass,Sorcerer,Storm,XGE,classic; classic-or-other,2,data/class/class-sorcerer.json,/subclass/10/name,subclass: Storm Sorcery,暴風術法,,proposed,5eclone.pingstudio.tw (legacy exact ENG_name match),0.85,
Strength Domain (PSA),subclass,Cleric,Strength (PSA),PSA,classic; classic-or-other,2,data/class/class-cleric.json,/subclass/24/name,subclass: Strength Domain (PSA),,,pending,,0.50,
Swarmkeeper,subclass,Ranger,Swarmkeeper,TCE,classic; classic-or-other,2,data/class/class-ranger.json,/subclass/12/name,subclass: Swarmkeeper,集羣守衛,,proposed,5eclone.pingstudio.tw (legacy exact ENG_name match),0.85,
Swashbuckler,subclass,Rogue,Swashbuckler,XGE,classic; classic-or-other,2,data/class/class-rogue.json,/subclass/12/name,subclass: Swashbuckler,風流劍客,,proposed,5eclone.pingstudio.tw (legacy exact ENG_name match),0.85,
Tempest Domain,subclass,Cleric,Tempest,PHB,classic; classic-or-other,2,data/class/class-cleric.json,/subclass/8/name,subclass: Tempest Domain,暴風領域,,proposed,5eclone.pingstudio.tw (legacy exact ENG_name match),0.85,
The Archfey,subclass,Warlock,Archfey,PHB,classic; classic-or-other,2,data/class/class-warlock.json,/subclass/0/name,subclass: The Archfey,至高妖精,,proposed,5eclone.pingstudio.tw (legacy exact ENG_name match),0.85,
The Celestial,subclass,Warlock,Celestial,XGE,classic; classic-or-other,2,data/class/class-warlock.json,/subclass/8/name,subclass: The Celestial,天界宗主,,proposed,5eclone.pingstudio.tw (legacy exact ENG_name match),0.85,
The Fathomless,subclass,Warlock,Fathomless,TCE,classic; classic-or-other,2,data/class/class-warlock.json,/subclass/12/name,subclass: The Fathomless,深海意志,,proposed,5eclone.pingstudio.tw (legacy exact ENG_name match),0.85,
The Fiend,subclass,Warlock,Fiend,PHB,classic; classic-or-other,2,data/class/class-warlock.json,/subclass/2/name,subclass: The Fiend,邪魔宗主,,proposed,5eclone.pingstudio.tw (legacy exact ENG_name match),0.85,
The Genie,subclass,Warlock,Genie,TCE,classic; classic-or-other,2,data/class/class-warlock.json,/subclass/14/name,subclass: The Genie,巨靈宗主,,proposed,5eclone.pingstudio.tw (legacy exact ENG_name match),0.85,
The Great Old One,subclass,Warlock,Great Old One,PHB,classic; classic-or-other,2,data/class/class-warlock.json,/subclass/4/name,subclass: The Great Old One,舊日支配者,,proposed,5eclone.pingstudio.tw (legacy exact ENG_name match),0.85,
The Hexblade,subclass,Warlock,Hexblade,XGE,classic; classic-or-other,2,data/class/class-warlock.json,/subclass/10/name,subclass: The Hexblade,咒劍士,,proposed,5eclone.pingstudio.tw (legacy exact ENG_name match),0.85,
The Undead,subclass,Warlock,Undead,VRGR,classic; classic-or-other,2,data/class/class-warlock.json,/subclass/16/name,subclass: The Undead,死靈宗主,,proposed,5eclone.pingstudio.tw (legacy exact ENG_name match),0.85,
The Undying,subclass,Warlock,Undying,SCAG,classic; classic-or-other,2,data/class/class-warlock.json,/subclass/6/name,subclass: The Undying,​不朽者,,proposed,5eclone.pingstudio.tw (legacy exact ENG_name match),0.85,
Thief,subclass,Rogue,Thief,PHB; XPHB,classic; classic-or-other; one,3,data/class/class-rogue.json,/subclass/4/name,subclass: Thief,竊賊,,proposed,5eclone.pingstudio.tw (legacy exact ENG_name match),0.85,
Trickery Domain,subclass,Cleric,Trickery,PHB; XPHB,classic; classic-or-other; one,3,data/class/class-cleric.json,/subclass/10/name,subclass: Trickery Domain,詭術領域,,proposed,5eclone.pingstudio.tw (legacy exact ENG_name match),0.85,
Twilight Domain,subclass,Cleric,Twilight,TCE,classic; classic-or-other,2,data/class/class-cleric.json,/subclass/36/name,subclass: Twilight Domain,暮光領域,,proposed,5eclone.pingstudio.tw (legacy exact ENG_name match),0.85,
Undead Patron,subclass,Warlock,Undead,RHW,one,1,data/class/class-warlock.json,/subclass/22/name,subclass: Undead Patron,,,pending,,0.50,
War Domain,subclass,Cleric,War,PHB; XPHB,classic; classic-or-other; one,3,data/class/class-cleric.json,/subclass/12/name,subclass: War Domain,戰爭領域,,proposed,5eclone.pingstudio.tw (legacy exact ENG_name match),0.85,
War Magic,subclass,Wizard,War,XGE,classic; classic-or-other,2,data/class/class-wizard.json,/subclass/16/name,subclass: War Magic,戰爭魔法,,proposed,5eclone.pingstudio.tw (legacy exact ENG_name match),0.85,
Warrior of Mercy,subclass,Monk,Mercy,XPHB,one,1,data/class/class-monk.json,/subclass/20/name,subclass: Warrior of Mercy,,,pending,,0.50,
Warrior of Shadow,subclass,Monk,Shadow,XPHB,one,1,data/class/class-monk.json,/subclass/21/name,subclass: Warrior of Shadow,,,pending,,0.50,
Warrior of the Elements,subclass,Monk,Elements,XPHB,one,1,data/class/class-monk.json,/subclass/22/name,subclass: Warrior of the Elements,,,pending,,0.50,
Warrior of the Open Hand,subclass,Monk,Open Hand,XPHB,one,1,data/class/class-monk.json,/subclass/23/name,subclass: Warrior of the Open Hand,,,pending,,0.50,
Way of Mercy,subclass,Monk,Mercy,TCE,classic; classic-or-other,2,data/class/class-monk.json,/subclass/14/name,subclass: Way of Mercy,命流宗,,proposed,5eclone.pingstudio.tw (legacy exact ENG_name match),0.85,
Way of Shadow,subclass,Monk,Shadow,PHB,classic; classic-or-other,2,data/class/class-monk.json,/subclass/0/name,subclass: Way of Shadow,暗影宗,,proposed,5eclone.pingstudio.tw (legacy exact ENG_name match),0.85,
Way of the Ascendant Dragon,subclass,Monk,Ascendant Dragon,FTD,classic; classic-or-other,2,data/class/class-monk.json,/subclass/18/name,subclass: Way of the Ascendant Dragon,,,pending,,0.50,
Way of the Astral Self,subclass,Monk,Astral Self,TCE,classic; classic-or-other,2,data/class/class-monk.json,/subclass/16/name,subclass: Way of the Astral Self,星我宗,,proposed,5eclone.pingstudio.tw (legacy exact ENG_name match),0.85,
Way of the Drunken Master,subclass,Monk,Drunken Master,XGE,classic; classic-or-other,2,data/class/class-monk.json,/subclass/8/name,subclass: Way of the Drunken Master,醉拳宗,,proposed,5eclone.pingstudio.tw (legacy exact ENG_name match),0.85,
Way of the Four Elements,subclass,Monk,Four Elements,PHB,classic; classic-or-other,2,data/class/class-monk.json,/subclass/2/name,subclass: Way of the Four Elements,四象宗,,proposed,5eclone.pingstudio.tw (legacy exact ENG_name match),0.85,
Way of the Kensei,subclass,Monk,Kensei,XGE,classic; classic-or-other,2,data/class/class-monk.json,/subclass/10/name,subclass: Way of the Kensei,劍聖宗,,proposed,5eclone.pingstudio.tw (legacy exact ENG_name match),0.85,
Way of the Long Death,subclass,Monk,Long Death,SCAG,classic; classic-or-other,2,data/class/class-monk.json,/subclass/6/name,subclass: Way of the Long Death,永亡宗,,proposed,5eclone.pingstudio.tw (legacy exact ENG_name match),0.85,
Way of the Open Hand,subclass,Monk,Open Hand,PHB,classic; classic-or-other,2,data/class/class-monk.json,/subclass/4/name,subclass: Way of the Open Hand,散打宗,,proposed,5eclone.pingstudio.tw (legacy exact ENG_name match),0.85,
Way of the Sun Soul,subclass,Monk,Sun Soul,XGE,classic; classic-or-other,2,data/class/class-monk.json,/subclass/12/name,subclass: Way of the Sun Soul,日魂宗,,proposed,5eclone.pingstudio.tw (legacy exact ENG_name match),0.85,
Wild Magic,subclass,Sorcerer,Wild,PHB,classic; classic-or-other,2,data/class/class-sorcerer.json,/subclass/2/name,subclass: Wild Magic,狂野魔法,,proposed,5eclone.pingstudio.tw (legacy exact ENG_name match),0.85,
Wild Magic Sorcery,subclass,Sorcerer,Wild Magic,XPHB,one,1,data/class/class-sorcerer.json,/subclass/21/name,subclass: Wild Magic Sorcery,,,pending,,0.50,
Winter Walker,subclass,Ranger,Winter Walker,FRHoF,one,1,data/class/class-ranger.json,/subclass/20/name,subclass: Winter Walker,,,pending,,0.50,
Zeal Domain (PSA),subclass,Cleric,Zeal (PSA),PSA,classic; classic-or-other,2,data/class/class-cleric.json,/subclass/26/name,subclass: Zeal Domain (PSA),,,pending,,0.50,
Aberrant Mind,subclass-feature,Sorcerer,Aberrant Mind,TCE,classic-or-other,2,data/class/class-sorcerer.json,/subclassFeature/24/name,subclass-feature: Aberrant Mind,畸變心智,,proposed,5eclone.pingstudio.tw (legacy exact ENG_name match),0.85,
Aberrant Sorcery,subclass-feature,Sorcerer,Aberrant,XPHB,one,1,data/class/class-sorcerer.json,/subclassFeature/79/name,subclass-feature: Aberrant Sorcery,,,pending,,0.50,
Abjuration Savant,subclass-feature,Wizard,Abjuration; Abjurer,PHB; XPHB,classic-or-other; one,2,data/class/class-wizard.json,/subclassFeature/12/name,subclass-feature: Abjuration Savant,防護學者,,proposed,5eclone.pingstudio.tw (legacy exact ENG_name match),0.85,
Abjure Enemy,subclass-feature,Paladin,Vengeance,PHB,classic-or-other,1,data/class/class-paladin.json,/subclassFeature/27/name,subclass-feature: Abjure Enemy,,,pending,,0.50,
Abjure the Extraplanar,subclass-feature,Paladin,Watchers,TCE,classic-or-other,1,data/class/class-paladin.json,/subclassFeature/57/name,subclass-feature: Abjure the Extraplanar,驅散異域,,proposed,5eclone.pingstudio.tw (legacy exact ENG_name match),0.85,
Abjurer,subclass-feature,Wizard,Abjurer,XPHB,one,1,data/class/class-wizard.json,/subclassFeature/97/name,subclass-feature: Abjurer,,,pending,,0.50,
Absorb Spells,subclass-feature,Sorcerer,Spellfire,FRHoF,classic-or-other,1,data/class/class-sorcerer.json,/subclassFeature/62/name,subclass-feature: Absorb Spells,,,pending,,0.50,
Accursed Specter,subclass-feature,Warlock,Hexblade,XGE,classic-or-other,1,data/class/class-warlock.json,/subclassFeature/48/name,subclass-feature: Accursed Specter,咒縛幽靈,,proposed,5eclone.pingstudio.tw (legacy exact ENG_name match),0.85,
Acolyte of Nature,subclass-feature,Cleric,Nature,PHB,classic-or-other,1,data/class/class-cleric.json,/subclassFeature/32/name,subclass-feature: Acolyte of Nature,自然侍祭,,proposed,5eclone.pingstudio.tw (legacy exact ENG_name match),0.85,
Acolyte of Strength,subclass-feature,Cleric,Strength (PSA),PSA,classic-or-other,1,data/class/class-cleric.json,/subclassFeature/79/name,subclass-feature: Acolyte of Strength,,,pending,,0.50,
Additional Arcane Shot Option,subclass-feature,Fighter,Arcane Archer,XGE,classic-or-other,4,data/class/class-fighter.json,/subclassFeature/67/name,subclass-feature: Additional Arcane Shot Option,額外祕法射擊選項,,proposed,5eclone.pingstudio.tw (legacy exact ENG_name match),0.85,
Additional Fighting Style,subclass-feature,Fighter,Champion,PHB; XPHB,classic-or-other; one,2,data/class/class-fighter.json,/subclassFeature/24/name,subclass-feature: Additional Fighting Style,額外戰鬥風格,,proposed,5eclone.pingstudio.tw (legacy exact ENG_name match),0.85,
Additional Magical Secrets,subclass-feature,Bard,Lore,PHB,classic-or-other,1,data/class/class-bard.json,/subclassFeature/3/name,subclass-feature: Additional Magical Secrets,額外魔法祕密,,proposed,5eclone.pingstudio.tw (legacy exact ENG_name match),0.85,
Additional Maneuvers,subclass-feature,Fighter,Battle Master,PHB,classic-or-other,3,data/class/class-fighter.json,/subclassFeature/12/name,subclass-feature: Additional Maneuvers,額外戰技,,proposed,5eclone.pingstudio.tw (legacy exact ENG_name match),0.85,
Additional Rune Known,subclass-feature,Fighter,Rune Knight,TCE,classic-or-other,3,data/class/class-fighter.json,/subclassFeature/56/name,subclass-feature: Additional Rune Known,額外符文已知,,proposed,5eclone.pingstudio.tw (legacy exact ENG_name match),0.85,
Additional Superiority Die,subclass-feature,Fighter,Battle Master,PHB,classic-or-other,2,data/class/class-fighter.json,/subclassFeature/13/name,subclass-feature: Additional Superiority Die,額外卓越骰,,proposed,5eclone.pingstudio.tw (legacy exact ENG_name match),0.85,
Adjust Density,subclass-feature,Wizard,Graviturgy,EGW,classic-or-other,1,data/class/class-wizard.json,/subclassFeature/7/name,subclass-feature: Adjust Density,調節密度,,proposed,5eclone.pingstudio.tw (legacy exact ENG_name match),0.85,
Adventurer's Atlas,subclass-feature,Artificer,Cartographer,EFA,classic-or-other,1,data/class/class-artificer.json,/subclassFeature/33/name,subclass-feature: Adventurer's Atlas,,,pending,,0.50,
Agile Parry,subclass-feature,Monk,Kensei,XGE,classic-or-other,1,data/class/class-monk.json,/subclassFeature/48/name,subclass-feature: Agile Parry,靈巧格檔,,proposed,5eclone.pingstudio.tw (legacy exact ENG_name match),0.85,
Agile Strikes,subclass-feature,Bard,Dance,XPHB,one,1,data/class/class-bard.json,/subclassFeature/57/name,subclass-feature: Agile Strikes,,,pending,,0.50,
Alchemical Savant,subclass-feature,Artificer,Alchemist,EFA; TCE,classic-or-other,2,data/class/class-artificer.json,/subclassFeature/4/name,subclass-feature: Alchemical Savant,鍊金術掌握,,proposed,5eclone.pingstudio.tw (legacy exact ENG_name match),0.85,
Alchemist,subclass-feature,Artificer,Alchemist,EFA; TCE,classic-or-other,2,data/class/class-artificer.json,/subclassFeature/0/name,subclass-feature: Alchemist,鍊金師,,proposed,5eclone.pingstudio.tw (legacy exact ENG_name match),0.85,
Alchemist Spells,subclass-feature,Artificer,Alchemist,EFA; TCE,classic-or-other,2,data/class/class-artificer.json,/subclassFeature/1/name,subclass-feature: Alchemist Spells,鍊金師法術,,proposed,5eclone.pingstudio.tw (legacy exact ENG_name match),0.85,
Alter Memories,subclass-feature,Wizard,Enchantment,PHB,classic-or-other,1,data/class/class-wizard.json,/subclassFeature/34/name,subclass-feature: Alter Memories,改動記憶,,proposed,5eclone.pingstudio.tw (legacy exact ENG_name match),0.85,
Ambition Domain (PSA),subclass-feature,Cleric,Ambition (PSA),PSA,classic-or-other,2,data/class/class-cleric.json,/subclassFeature/62/name,subclass-feature: Ambition Domain (PSA),,,pending,,0.50,
Ambush Master,subclass-feature,Rogue,Scout,XGE,classic-or-other,1,data/class/class-rogue.json,/subclassFeature/51/name,subclass-feature: Ambush Master,伏擊大師,,proposed,5eclone.pingstudio.tw (legacy exact ENG_name match),0.85,
Among the Dead,subclass-feature,Warlock,Undying,SCAG,classic-or-other,1,data/class/class-warlock.json,/subclassFeature/16/name,subclass-feature: Among the Dead,常伴死亡,,proposed,5eclone.pingstudio.tw (legacy exact ENG_name match),0.85,
Ancestral Protectors,subclass-feature,Barbarian,Ancestral Guardian,XGE,classic-or-other,1,data/class/class-barbarian.json,/subclassFeature/50/name,subclass-feature: Ancestral Protectors,先祖守護,,proposed,5eclone.pingstudio.tw (legacy exact ENG_name match),0.85,
Ancient Might,subclass-feature,Ranger,Hollow Warden,RHW,classic-or-other,1,data/class/class-ranger.json,/subclassFeature/74/name,subclass-feature: Ancient Might,,,pending,,0.50,
Animal Speaker,subclass-feature,Barbarian,Wild Heart,XPHB,one,1,data/class/class-barbarian.json,/subclassFeature/80/name,subclass-feature: Animal Speaker,,,pending,,0.50,
Animating Performance,subclass-feature,Bard,Creation,TCE,classic-or-other,1,data/class/class-bard.json,/subclassFeature/13/name,subclass-feature: Animating Performance,活化表演,,proposed,5eclone.pingstudio.tw (legacy exact ENG_name match),0.85,
Aquatic Affinity,subclass-feature,Druid,Sea,XPHB,one,1,data/class/class-druid.json,/subclassFeature/68/name,subclass-feature: Aquatic Affinity,,,pending,,0.50,
Arcana Domain,subclass-feature,Cleric,Arcana,SCAG,classic-or-other,2,data/class/class-cleric.json,/subclassFeature/94/name,subclass-feature: Arcana Domain,奧祕領域,,proposed,5eclone.pingstudio.tw (legacy exact ENG_name match),0.85,
Arcane Abeyance,subclass-feature,Wizard,Chronurgy,EGW,classic-or-other,1,data/class/class-wizard.json,/subclassFeature/4/name,subclass-feature: Arcane Abeyance,奧法暫滯,,proposed,5eclone.pingstudio.tw (legacy exact ENG_name match),0.85,
Arcane Archer,subclass-feature,Fighter,Arcane Archer,XGE,classic-or-other,1,data/class/class-fighter.json,/subclassFeature/63/name,subclass-feature: Arcane Archer,魔射手,,proposed,5eclone.pingstudio.tw (legacy exact ENG_name match),0.85,
Arcane Archer Lore,subclass-feature,Fighter,Arcane Archer,XGE,classic-or-other,1,data/class/class-fighter.json,/subclassFeature/64/name,subclass-feature: Arcane Archer Lore,魔射手學識,,proposed,5eclone.pingstudio.tw (legacy exact ENG_name match),0.85,
Arcane Armor,subclass-feature,Artificer,Armorer,EFA; TCE,classic-or-other,2,data/class/class-artificer.json,/subclassFeature/7/name,subclass-feature: Arcane Armor,奧能裝甲,,proposed,5eclone.pingstudio.tw (legacy exact ENG_name match),0.85,
Arcane Charge,subclass-feature,Fighter,Eldritch Knight,PHB; XPHB,classic-or-other; one,2,data/class/class-fighter.json,/subclassFeature/32/name,subclass-feature: Arcane Charge,祕法衝鋒,,proposed,5eclone.pingstudio.tw (legacy exact ENG_name match),0.85,
Arcane Dabbler,subclass-feature,Mystic,Wu Jen,UATheMysticClass,classic-or-other,1,data/class/class-mystic.json,/subclassFeature/34/name,subclass-feature: Arcane Dabbler,,,pending,,0.50,
Arcane Deflection,subclass-feature,Wizard,War,XGE,classic-or-other,1,data/class/class-wizard.json,/subclassFeature/73/name,subclass-feature: Arcane Deflection,祕法偏斜,,proposed,5eclone.pingstudio.tw (legacy exact ENG_name match),0.85,
Arcane Firearm,subclass-feature,Artificer,Artillerist,EFA; TCE,classic-or-other,2,data/class/class-artificer.json,/subclassFeature/22/name,subclass-feature: Arcane Firearm,奧法火器,,proposed,5eclone.pingstudio.tw (legacy exact ENG_name match),0.85,
Arcane Initiate,subclass-feature,Cleric,Arcana,SCAG,classic-or-other,1,data/class/class-cleric.json,/subclassFeature/95/name,subclass-feature: Arcane Initiate,奧法學徒,,proposed,5eclone.pingstudio.tw (legacy exact ENG_name match),0.85,
Arcane Jolt,subclass-feature,Artificer,Battle Smith,EFA; TCE,classic-or-other,2,data/class/class-artificer.json,/subclassFeature/31/name,subclass-feature: Arcane Jolt,奧能震盪,,proposed,5eclone.pingstudio.tw (legacy exact ENG_name match),0.85,
Arcane Mastery,subclass-feature,Cleric,Arcana,SCAG,classic-or-other,1,data/class/class-cleric.json,/subclassFeature/100/name,subclass-feature: Arcane Mastery,奧術宗師,,proposed,5eclone.pingstudio.tw (legacy exact ENG_name match),0.85,
Arcane Shot,subclass-feature,Fighter,Arcane Archer,XGE,classic-or-other,1,data/class/class-fighter.json,/subclassFeature/65/name,subclass-feature: Arcane Shot,祕法射擊,,proposed,5eclone.pingstudio.tw (legacy exact ENG_name match),0.85,
Arcane Shot Options,subclass-feature,Fighter,Arcane Archer,XGE,classic-or-other,1,data/class/class-fighter.json,/subclassFeature/66/name,subclass-feature: Arcane Shot Options,祕法射擊選項,,proposed,5eclone.pingstudio.tw (legacy exact ENG_name match),0.85,
Arcane Trickster,subclass-feature,Rogue,Arcane Trickster,PHB; XPHB,classic-or-other; one,2,data/class/class-rogue.json,/subclassFeature/0/name,subclass-feature: Arcane Trickster,詭術師,,proposed,5eclone.pingstudio.tw (legacy exact ENG_name match),0.85,
Arcane Ward,subclass-feature,Wizard,Abjuration; Abjurer,PHB; XPHB,classic-or-other; one,2,data/class/class-wizard.json,/subclassFeature/13/name,subclass-feature: Arcane Ward,奧法防護,,proposed,5eclone.pingstudio.tw (legacy exact ENG_name match),0.85,
Archer,subclass-feature,Druid,Stars,TCE; XPHB,classic-or-other; one,2,data/class/class-druid.json,/subclassFeature/23/name,subclass-feature: Archer,,,pending,,0.50,
Archfey Patron,subclass-feature,Warlock,Archfey,XPHB,one,1,data/class/class-warlock.json,/subclassFeature/66/name,subclass-feature: Archfey Patron,,,pending,,0.50,
Archfey Spells,subclass-feature,Warlock,Archfey,XPHB,one,1,data/class/class-warlock.json,/subclassFeature/67/name,subclass-feature: Archfey Spells,,,pending,,0.50,
Armor Model,subclass-feature,Artificer,Armorer,EFA; TCE,classic-or-other,2,data/class/class-artificer.json,/subclassFeature/8/name,subclass-feature: Armor Model,裝甲型號,,proposed,5eclone.pingstudio.tw (legacy exact ENG_name match),0.85,
Armor Modifications,subclass-feature,Artificer,Armorer,TCE,classic-or-other,1,data/class/class-artificer.json,/subclassFeature/67/name,subclass-feature: Armor Modifications,裝甲改造,,proposed,5eclone.pingstudio.tw (legacy exact ENG_name match),0.85,
Armor of Hexes,subclass-feature,Warlock,Hexblade,XGE,classic-or-other,1,data/class/class-warlock.json,/subclassFeature/49/name,subclass-feature: Armor of Hexes,巫咒護甲,,proposed,5eclone.pingstudio.tw (legacy exact ENG_name match),0.85,
Armor Training,subclass-feature,Mystic,Avatar,UATheMysticClass,classic-or-other,1,data/class/class-mystic.json,/subclassFeature/1/name,subclass-feature: Armor Training,,,pending,,0.50,
Armorer,subclass-feature,Artificer,Armorer,EFA; TCE,classic-or-other,2,data/class/class-artificer.json,/subclassFeature/9/name,subclass-feature: Armorer,裝甲師,,proposed,5eclone.pingstudio.tw (legacy exact ENG_name match),0.85,
Armorer Spells,subclass-feature,Artificer,Armorer,EFA; TCE,classic-or-other,2,data/class/class-artificer.json,/subclassFeature/10/name,subclass-feature: Armorer Spells,裝甲師法術,,proposed,5eclone.pingstudio.tw (legacy exact ENG_name match),0.85,
Arms of the Astral Self,subclass-feature,Monk,Astral Self,TCE,classic-or-other,1,data/class/class-monk.json,/subclassFeature/28/name,subclass-feature: Arms of the Astral Self,星我之臂,,proposed,5eclone.pingstudio.tw (legacy exact ENG_name match),0.85,
Artillerist,subclass-feature,Artificer,Artillerist,EFA; TCE,classic-or-other,2,data/class/class-artificer.json,/subclassFeature/18/name,subclass-feature: Artillerist,魔炮師,,proposed,5eclone.pingstudio.tw (legacy exact ENG_name match),0.85,
Artillerist Spells,subclass-feature,Artificer,Artillerist,EFA; TCE,classic-or-other,2,data/class/class-artificer.json,/subclassFeature/19/name,subclass-feature: Artillerist Spells,魔炮師法術,,proposed,5eclone.pingstudio.tw (legacy exact ENG_name match),0.85,
Ascendant Aspect,subclass-feature,Monk,Ascendant Dragon,FTD,classic-or-other,1,data/class/class-monk.json,/subclassFeature/5/name,subclass-feature: Ascendant Aspect,,,pending,,0.50,
Aspect of the Beast,subclass-feature,Barbarian,Totem Warrior,PHB,classic-or-other,1,data/class/class-barbarian.json,/subclassFeature/24/name,subclass-feature: Aspect of the Beast,獸之形,,proposed,5eclone.pingstudio.tw (legacy exact ENG_name match),0.85,
Aspect of the Wilds,subclass-feature,Barbarian,Wild Heart,XPHB,one,1,data/class/class-barbarian.json,/subclassFeature/82/name,subclass-feature: Aspect of the Wilds,,,pending,,0.50,
Aspect of the Wyrm,subclass-feature,Monk,Ascendant Dragon,FTD,classic-or-other,1,data/class/class-monk.json,/subclassFeature/4/name,subclass-feature: Aspect of the Wyrm,,,pending,,0.50,
Assassin,subclass-feature,Rogue,Assassin,PHB; XPHB,classic-or-other; one,2,data/class/class-rogue.json,/subclassFeature/6/name,subclass-feature: Assassin,刺客,,proposed,5eclone.pingstudio.tw (legacy exact ENG_name match),0.85,
Assassin's Tools,subclass-feature,Rogue,Assassin,XPHB,one,1,data/class/class-rogue.json,/subclassFeature/79/name,subclass-feature: Assassin's Tools,,,pending,,0.50,
Assassinate,subclass-feature,Rogue,Assassin,PHB; XPHB,classic-or-other; one,2,data/class/class-rogue.json,/subclassFeature/7/name,subclass-feature: Assassinate,刺殺,,proposed,5eclone.pingstudio.tw (legacy exact ENG_name match),0.85,
Aura of Alacrity,subclass-feature,Paladin,Glory,TCE; XPHB,classic-or-other; one,2,data/class/class-paladin.json,/subclassFeature/50/name,subclass-feature: Aura of Alacrity,迅捷靈光,,proposed,5eclone.pingstudio.tw (legacy exact ENG_name match),0.85,
Aura of Conquest,subclass-feature,Paladin,Conquest,XGE,classic-or-other,1,data/class/class-paladin.json,/subclassFeature/68/name,subclass-feature: Aura of Conquest,征服靈光,,proposed,5eclone.pingstudio.tw (legacy exact ENG_name match),0.85,
Aura of Devotion,subclass-feature,Paladin,Devotion,PHB; XPHB,classic-or-other; one,2,data/class/class-paladin.json,/subclassFeature/23/name,subclass-feature: Aura of Devotion,奉獻靈光,,proposed,5eclone.pingstudio.tw (legacy exact ENG_name match),0.85,
Aura of Elemental Shielding,subclass-feature,Paladin,Noble Genies,FRHoF,classic-or-other,1,data/class/class-paladin.json,/subclassFeature/88/name,subclass-feature: Aura of Elemental Shielding,,,pending,,0.50,
Aura of Hate,subclass-feature,Paladin,Oathbreaker,DMG,classic-or-other,1,data/class/class-paladin.json,/subclassFeature/5/name,subclass-feature: Aura of Hate,憎恨靈光,,proposed,5eclone.pingstudio.tw (legacy exact ENG_name match),0.85,
Aura of Malevolence,subclass-feature,Rogue,Scion of the Three,FRHoF,classic-or-other,1,data/class/class-rogue.json,/subclassFeature/63/name,subclass-feature: Aura of Malevolence,,,pending,,0.50,
Aura of the Guardian,subclass-feature,Paladin,Redemption,XGE,classic-or-other,1,data/class/class-paladin.json,/subclassFeature/77/name,subclass-feature: Aura of the Guardian,護衛靈光,,proposed,5eclone.pingstudio.tw (legacy exact ENG_name match),0.85,
Aura of the Sentinel,subclass-feature,Paladin,Watchers,TCE,classic-or-other,1,data/class/class-paladin.json,/subclassFeature/59/name,subclass-feature: Aura of the Sentinel,哨衛靈光,,proposed,5eclone.pingstudio.tw (legacy exact ENG_name match),0.85,
Aura of Warding,subclass-feature,Paladin,Ancients,PHB; XPHB,classic-or-other; one,2,data/class/class-paladin.json,/subclassFeature/14/name,subclass-feature: Aura of Warding,防護靈光,,proposed,5eclone.pingstudio.tw (legacy exact ENG_name match),0.85,
Avatar of Battle,subclass-feature,Cleric; Mystic,Avatar; Strength (PSA); War,PHB; PSA; UATheMysticClass; XPHB,classic-or-other; one,4,data/class/class-cleric.json,/subclassFeature/61/name,subclass-feature: Avatar of Battle,戰鬥化身,,proposed,5eclone.pingstudio.tw (legacy exact ENG_name match),0.85,
Avatar of Healing,subclass-feature,Mystic,Avatar,UATheMysticClass,classic-or-other,1,data/class/class-mystic.json,/subclassFeature/4/name,subclass-feature: Avatar of Healing,,,pending,,0.50,
Avatar of Speed,subclass-feature,Mystic,Avatar,UATheMysticClass,classic-or-other,1,data/class/class-mystic.json,/subclassFeature/5/name,subclass-feature: Avatar of Speed,,,pending,,0.50,
Avenging Angel,subclass-feature,Paladin,Vengeance,PHB; XPHB,classic-or-other; one,2,data/class/class-paladin.json,/subclassFeature/34/name,subclass-feature: Avenging Angel,復仇天使,,proposed,5eclone.pingstudio.tw (legacy exact ENG_name match),0.85,
Awakened Astral Self,subclass-feature,Monk,Astral Self,TCE,classic-or-other,1,data/class/class-monk.json,/subclassFeature/32/name,subclass-feature: Awakened Astral Self,星我覺醒,,proposed,5eclone.pingstudio.tw (legacy exact ENG_name match),0.85,
Awakened Mind,subclass-feature,Warlock,Great Old One,PHB; XPHB,classic-or-other; one,2,data/class/class-warlock.json,/subclassFeature/11/name,subclass-feature: Awakened Mind,喚醒心靈,,proposed,5eclone.pingstudio.tw (legacy exact ENG_name match),0.85,
Awakened Spellbook,subclass-feature,Wizard,Scribes,TCE,classic-or-other,1,data/class/class-wizard.json,/subclassFeature/67/name,subclass-feature: Awakened Spellbook,覺醒魔典,,proposed,5eclone.pingstudio.tw (legacy exact ENG_name match),0.85,
Awakened Talent,subclass-feature,Mystic,Awakened,UATheMysticClass,classic-or-other,1,data/class/class-mystic.json,/subclassFeature/7/name,subclass-feature: Awakened Talent,,,pending,,0.50,
Balm of the Summer Court,subclass-feature,Druid,Dreams,XGE,classic-or-other,1,data/class/class-druid.json,/subclassFeature/36/name,subclass-feature: Balm of the Summer Court,仲夏庭院的芬馥,,proposed,5eclone.pingstudio.tw (legacy exact ENG_name match),0.85,
Banneret,subclass-feature,Fighter,Banneret,FRHoF,classic-or-other,1,data/class/class-fighter.json,/subclassFeature/89/name,subclass-feature: Banneret,,,pending,,0.50,
Bardic Damage,subclass-feature,Bard,Dance,XPHB,one,1,data/class/class-bard.json,/subclassFeature/58/name,subclass-feature: Bardic Damage,,,pending,,0.50,
Bastion of Law,subclass-feature,Sorcerer,Clockwork; Clockwork Soul,TCE; XPHB,classic-or-other; one,2,data/class/class-sorcerer.json,/subclassFeature/34/name,subclass-feature: Bastion of Law,律令之壁,,proposed,5eclone.pingstudio.tw (legacy exact ENG_name match),0.85,
Battering Roots,subclass-feature,Barbarian,World Tree,XPHB,one,1,data/class/class-barbarian.json,/subclassFeature/88/name,subclass-feature: Battering Roots,,,pending,,0.50,
Battle Magic,subclass-feature,Bard,Valor,PHB; XPHB,classic-or-other; one,2,data/class/class-bard.json,/subclassFeature/9/name,subclass-feature: Battle Magic,戰鬥魔法,,proposed,5eclone.pingstudio.tw (legacy exact ENG_name match),0.85,
Battle Master,subclass-feature,Fighter,Battle Master,PHB; XPHB,classic-or-other; one,2,data/class/class-fighter.json,/subclassFeature/7/name,subclass-feature: Battle Master,戰鬥大師,,proposed,5eclone.pingstudio.tw (legacy exact ENG_name match),0.85,
Battle Ready,subclass-feature,Artificer,Battle Smith,EFA; TCE,classic-or-other,2,data/class/class-artificer.json,/subclassFeature/25/name,subclass-feature: Battle Ready,戰鬥準備,,proposed,5eclone.pingstudio.tw (legacy exact ENG_name match),0.85,
Battle Smith,subclass-feature,Artificer,Battle Smith,EFA; TCE,classic-or-other,2,data/class/class-artificer.json,/subclassFeature/26/name,subclass-feature: Battle Smith,戰地匠師,,proposed,5eclone.pingstudio.tw (legacy exact ENG_name match),0.85,
Battle Smith Spells,subclass-feature,Artificer,Battle Smith,EFA; TCE,classic-or-other,2,data/class/class-artificer.json,/subclassFeature/27/name,subclass-feature: Battle Smith Spells,戰地匠師法術,,proposed,5eclone.pingstudio.tw (legacy exact ENG_name match),0.85,
Battlerager Armor,subclass-feature,Barbarian,Battlerager,SCAG,classic-or-other,1,data/class/class-barbarian.json,/subclassFeature/33/name,subclass-feature: Battlerager Armor,戰狂護甲,,proposed,5eclone.pingstudio.tw (legacy exact ENG_name match),0.85,
Battlerager Charge,subclass-feature,Barbarian,Battlerager,SCAG,classic-or-other,1,data/class/class-barbarian.json,/subclassFeature/36/name,subclass-feature: Battlerager Charge,戰狂衝鋒,,proposed,5eclone.pingstudio.tw (legacy exact ENG_name match),0.85,
Bear,subclass-feature,Barbarian,Totem Warrior,PHB,classic-or-other,3,data/class/class-barbarian.json,/subclassFeature/11/name,subclass-feature: Bear,熊,,proposed,5eclone.pingstudio.tw (legacy exact ENG_name match),0.85,
Beast Master,subclass-feature,Ranger,Beast Master,PHB; XPHB,classic-or-other; one,2,data/class/class-ranger.json,/subclassFeature/6/name,subclass-feature: Beast Master,獸王,,proposed,5eclone.pingstudio.tw (legacy exact ENG_name match),0.85,
Beasts of Ill Omen,subclass-feature,Sorcerer,Shadow,RHW,classic-or-other,1,data/class/class-sorcerer.json,/subclassFeature/71/name,subclass-feature: Beasts of Ill Omen,,,pending,,0.50,
Beguiling Defenses,subclass-feature,Warlock,Archfey,PHB; XPHB,classic-or-other; one,2,data/class/class-warlock.json,/subclassFeature/3/name,subclass-feature: Beguiling Defenses,迷惑防護,,proposed,5eclone.pingstudio.tw (legacy exact ENG_name match),0.85,
Beguiling Magic,subclass-feature,Bard,Glamour,XPHB,one,1,data/class/class-bard.json,/subclassFeature/66/name,subclass-feature: Beguiling Magic,,,pending,,0.50,
Beguiling Twist,subclass-feature,Ranger,Fey Wanderer,TCE; XPHB,classic-or-other; one,2,data/class/class-ranger.json,/subclassFeature/32/name,subclass-feature: Beguiling Twist,妖思魅縷,,proposed,5eclone.pingstudio.tw (legacy exact ENG_name match),0.85,
Bend Luck,subclass-feature,Sorcerer,Wild; Wild Magic,PHB; XPHB,classic-or-other; one,2,data/class/class-sorcerer.json,/subclassFeature/16/name,subclass-feature: Bend Luck,竄改運氣,,proposed,5eclone.pingstudio.tw (legacy exact ENG_name match),0.85,
Benign Transposition,subclass-feature,Wizard,Conjuration,PHB,classic-or-other,1,data/class/class-wizard.json,/subclassFeature/20/name,subclass-feature: Benign Transposition,移形換位,,proposed,5eclone.pingstudio.tw (legacy exact ENG_name match),0.85,
Bestial Fury,subclass-feature,Ranger,Beast Master,PHB; XPHB,classic-or-other; one,2,data/class/class-ranger.json,/subclassFeature/10/name,subclass-feature: Bestial Fury,野性狂怒,,proposed,5eclone.pingstudio.tw (legacy exact ENG_name match),0.85,
Bestial Soul,subclass-feature,Barbarian,Beast,TCE,classic-or-other,1,data/class/class-barbarian.json,/subclassFeature/40/name,subclass-feature: Bestial Soul,獸性之魂,,proposed,5eclone.pingstudio.tw (legacy exact ENG_name match),0.85,
Bewitching Magic,subclass-feature,Warlock,Archfey,XPHB,one,1,data/class/class-warlock.json,/subclassFeature/71/name,subclass-feature: Bewitching Magic,,,pending,,0.50,
Blade Flourish,subclass-feature,Bard,Swords,XGE,classic-or-other,1,data/class/class-bard.json,/subclassFeature/36/name,subclass-feature: Blade Flourish,鋒刃劍舞,,proposed,5eclone.pingstudio.tw (legacy exact ENG_name match),0.85,
Bladesinger,subclass-feature,Wizard,Bladesinger,FRHoF,classic-or-other,1,data/class/class-wizard.json,/subclassFeature/80/name,subclass-feature: Bladesinger,,,pending,,0.50,
Bladesinger Styles,subclass-feature,Wizard,Bladesinging,TCE,classic-or-other,1,data/class/class-wizard.json,/subclassFeature/60/name,subclass-feature: Bladesinger Styles,劍詠者風格,,proposed,5eclone.pingstudio.tw (legacy exact ENG_name match),0.85,
Bladesinging,subclass-feature,Wizard,Bladesinging,TCE,classic-or-other,2,data/class/class-wizard.json,/subclassFeature/59/name,subclass-feature: Bladesinging,劍詠,劍詠傳承,conflict,5eclone.pingstudio.tw (preferred candidate); project glossary alternatives,0.65,5eclone candidate is listed first; alternatives require user approval.
Bladesong,subclass-feature,Wizard,Bladesinger; Bladesinging,FRHoF; TCE,classic-or-other,2,data/class/class-wizard.json,/subclassFeature/61/name,subclass-feature: Bladesong,劍歌,,proposed,5eclone.pingstudio.tw (legacy exact ENG_name match),0.85,
Blaze of Glory,subclass-feature,Cleric,Zeal (PSA),PSA,classic-or-other,1,data/class/class-cleric.json,/subclassFeature/93/name,subclass-feature: Blaze of Glory,,,pending,,0.50,
Blazing Revival,subclass-feature,Druid,Wildfire,TCE,classic-or-other,1,data/class/class-druid.json,/subclassFeature/34/name,subclass-feature: Blazing Revival,熾烈回生,,proposed,5eclone.pingstudio.tw (legacy exact ENG_name match),0.85,
Blessed Healer,subclass-feature,Cleric,Life,PHB; XPHB,classic-or-other; one,2,data/class/class-cleric.json,/subclassFeature/19/name,subclass-feature: Blessed Healer,祝聖醫者,,proposed,5eclone.pingstudio.tw (legacy exact ENG_name match),0.85,
Blessed Strikes,subclass-feature,Cleric,Ambition (PSA); Arcana; Death; Forge; Grave; Knowledge; Life; Light; Nature; Order; Peace; Solidarity (PSA); Strength (PSA); Tempest; Trickery; Twilight; War; Zeal (PSA),TCE,classic-or-other,18,data/class/class-cleric.json,/subclassFeature/5/name,subclass-feature: Blessed Strikes,受祝擊,,proposed,5eclone.pingstudio.tw (legacy exact ENG_name match),0.85,
Blessing of Moonlight,subclass-feature,Bard,Moon,FRHoF,classic-or-other,1,data/class/class-bard.json,/subclassFeature/49/name,subclass-feature: Blessing of Moonlight,,,pending,,0.50,
Blessing of the Forge,subclass-feature,Cleric,Forge,XGE,classic-or-other,1,data/class/class-cleric.json,/subclassFeature/127/name,subclass-feature: Blessing of the Forge,鍛造祝福,,proposed,5eclone.pingstudio.tw (legacy exact ENG_name match),0.85,
Blessing of the Trickster,subclass-feature,Cleric,Trickery,PHB; XPHB,classic-or-other; one,2,data/class/class-cleric.json,/subclassFeature/48/name,subclass-feature: Blessing of the Trickster,詭術祝福,,proposed,5eclone.pingstudio.tw (legacy exact ENG_name match),0.85,
Blessings of Knowledge,subclass-feature,Cleric,Knowledge,FRHoF; PHB,classic-or-other,2,data/class/class-cleric.json,/subclassFeature/9/name,subclass-feature: Blessings of Knowledge,知識祝福,,proposed,5eclone.pingstudio.tw (legacy exact ENG_name match),0.85,
Bloodthirst,subclass-feature,Rogue,Scion of the Three,FRHoF,classic-or-other,1,data/class/class-rogue.json,/subclassFeature/59/name,subclass-feature: Bloodthirst,,,pending,,0.50,
Body of the Astral Self,subclass-feature,Monk,Astral Self,TCE,classic-or-other,1,data/class/class-monk.json,/subclassFeature/31/name,subclass-feature: Body of the Astral Self,星我之軀,,proposed,5eclone.pingstudio.tw (legacy exact ENG_name match),0.85,
Bolstering Flames,subclass-feature,Sorcerer,Spellfire,FRHoF,classic-or-other,1,data/class/class-sorcerer.json,/subclassFeature/57/name,subclass-feature: Bolstering Flames,,,pending,,0.50,
Bolstering Magic,subclass-feature,Barbarian,Wild Magic,TCE,classic-or-other,1,data/class/class-barbarian.json,/subclassFeature/46/name,subclass-feature: Bolstering Magic,振奮魔法,,proposed,5eclone.pingstudio.tw (legacy exact ENG_name match),0.85,
Bond of Fang and Scale,subclass-feature,Ranger,Drakewarden,FTD,classic-or-other,1,data/class/class-ranger.json,/subclassFeature/3/name,subclass-feature: Bond of Fang and Scale,,,pending,,0.50,
Bonus Cantrip,subclass-feature,Cleric; Druid,Land; Light,PHB,classic-or-other,2,data/class/class-cleric.json,/subclassFeature/24/name,subclass-feature: Bonus Cantrip,額外戲法,,proposed,5eclone.pingstudio.tw (legacy exact ENG_name match),0.85,
Bonus Cantrips,subclass-feature,Warlock,Celestial,XGE,classic-or-other,1,data/class/class-warlock.json,/subclassFeature/40/name,subclass-feature: Bonus Cantrips,額外戲法,,proposed,5eclone.pingstudio.tw (legacy exact ENG_name match),0.85,
Bonus Disciplines,subclass-feature,Mystic,Avatar; Awakened; Immortal; Nomad; Wu Jen,UATheMysticClass,classic-or-other,5,data/class/class-mystic.json,/subclassFeature/2/name,subclass-feature: Bonus Disciplines,,,pending,,0.50,
Bonus Proficiencies,subclass-feature,Bard; Cleric; Fighter; Monk; Rogue,Assassin; Drunken Master; Lore; Order; Rune Knight; Swords; Tempest; Twilight; Valor; War; Zeal (PSA),PHB; PSA; TCE; XGE; XPHB,classic-or-other; one,12,data/class/class-bard.json,/subclassFeature/1/name,subclass-feature: Bonus Proficiencies,額外熟練,額外熟練項,conflict,5eclone.pingstudio.tw (preferred candidate); project glossary alternatives,0.65,5eclone candidate is listed first; alternatives require user approval.
Bonus Proficiency,subclass-feature,Cleric; Fighter,Cavalier; Death; Forge; Life; Nature; Samurai; Solidarity (PSA); Strength (PSA),DMG; PHB; PSA; XGE,classic-or-other,8,data/class/class-cleric.json,/subclassFeature/1/name,subclass-feature: Bonus Proficiency,額外熟練,,proposed,5eclone.pingstudio.tw (legacy exact ENG_name match),0.85,
Born to the Saddle,subclass-feature,Fighter,Cavalier,XGE,classic-or-other,1,data/class/class-fighter.json,/subclassFeature/76/name,subclass-feature: Born to the Saddle,生而爲騎,,proposed,5eclone.pingstudio.tw (legacy exact ENG_name match),0.85,
Bottled Respite,subclass-feature,Warlock,Genie,TCE,classic-or-other,1,data/class/class-warlock.json,/subclassFeature/27/name,subclass-feature: Bottled Respite,瓶中小憩,,proposed,5eclone.pingstudio.tw (legacy exact ENG_name match),0.85,
Branches of the Tree,subclass-feature,Barbarian,World Tree,XPHB,one,1,data/class/class-barbarian.json,/subclassFeature/87/name,subclass-feature: Branches of the Tree,,,pending,,0.50,
Breadth of Knowledge,subclass-feature,Mystic,Nomad,UATheMysticClass,classic-or-other,1,data/class/class-mystic.json,/subclassFeature/20/name,subclass-feature: Breadth of Knowledge,,,pending,,0.50,
Breath of the Dragon,subclass-feature,Monk,Ascendant Dragon,FTD,classic-or-other,1,data/class/class-monk.json,/subclassFeature/1/name,subclass-feature: Breath of the Dragon,,,pending,,0.50,
Bulwark,subclass-feature,Fighter,Purple Dragon Knight (Banneret),SCAG,classic-or-other,1,data/class/class-fighter.json,/subclassFeature/39/name,subclass-feature: Bulwark,意志壁壘,,proposed,5eclone.pingstudio.tw (legacy exact ENG_name match),0.85,
Bulwark of Force,subclass-feature,Fighter,Psi Warrior,TCE; XPHB,classic-or-other; one,2,data/class/class-fighter.json,/subclassFeature/50/name,subclass-feature: Bulwark of Force,壁壘之力,,proposed,5eclone.pingstudio.tw (legacy exact ENG_name match),0.85,
Call the Hunt,subclass-feature,Barbarian,Beast,TCE,classic-or-other,1,data/class/class-barbarian.json,/subclassFeature/42/name,subclass-feature: Call the Hunt,狩獵呼喚,,proposed,5eclone.pingstudio.tw (legacy exact ENG_name match),0.85,
Cartographer,subclass-feature,Artificer,Cartographer,EFA,classic-or-other,1,data/class/class-artificer.json,/subclassFeature/34/name,subclass-feature: Cartographer,,,pending,,0.50,
Cartographer Spells,subclass-feature,Artificer,Cartographer,EFA,classic-or-other,1,data/class/class-artificer.json,/subclassFeature/35/name,subclass-feature: Cartographer Spells,,,pending,,0.50,
Cauterizing Flames,subclass-feature,Druid,Wildfire,TCE,classic-or-other,1,data/class/class-druid.json,/subclassFeature/33/name,subclass-feature: Cauterizing Flames,灼燒烈焰,,proposed,5eclone.pingstudio.tw (legacy exact ENG_name match),0.85,
Cavalier,subclass-feature,Fighter,Cavalier,XGE,classic-or-other,1,data/class/class-fighter.json,/subclassFeature/74/name,subclass-feature: Cavalier,騎兵,,proposed,5eclone.pingstudio.tw (legacy exact ENG_name match),0.85,
Celestial Patron,subclass-feature,Warlock,Celestial,XPHB,one,1,data/class/class-warlock.json,/subclassFeature/72/name,subclass-feature: Celestial Patron,,,pending,,0.50,
Celestial Resilience,subclass-feature,Warlock,Celestial,XGE; XPHB,classic-or-other; one,2,data/class/class-warlock.json,/subclassFeature/43/name,subclass-feature: Celestial Resilience,天族韌性,,proposed,5eclone.pingstudio.tw (legacy exact ENG_name match),0.85,
Celestial Spells,subclass-feature,Warlock,Celestial,XPHB,one,1,data/class/class-warlock.json,/subclassFeature/73/name,subclass-feature: Celestial Spells,,,pending,,0.50,
Chalice,subclass-feature,Druid,Stars,TCE; XPHB,classic-or-other; one,2,data/class/class-druid.json,/subclassFeature/24/name,subclass-feature: Chalice,,,pending,,0.50,
Champion,subclass-feature,Fighter,Champion,PHB; XPHB,classic-or-other; one,2,data/class/class-fighter.json,/subclassFeature/21/name,subclass-feature: Champion,勇士,,proposed,5eclone.pingstudio.tw (legacy exact ENG_name match),0.85,
Champion Challenge,subclass-feature,Paladin,Crown,SCAG,classic-or-other,1,data/class/class-paladin.json,/subclassFeature/36/name,subclass-feature: Champion Challenge,,,pending,,0.50,
Channel Divinity,subclass-feature,Paladin,Ancients; Conquest; Crown; Devotion; Glory; Oathbreaker; Redemption; Vengeance; Watchers,DMG; PHB; SCAG; TCE; XGE,classic-or-other,9,data/class/class-paladin.json,/subclassFeature/1/name,subclass-feature: Channel Divinity,引導神力,,proposed,5eclone.pingstudio.tw (legacy exact ENG_name match),0.85,
Channel Divinity: Arcane Abjuration,subclass-feature,Cleric,Arcana,SCAG,classic-or-other,2,data/class/class-cleric.json,/subclassFeature/96/name,subclass-feature: Channel Divinity: Arcane Abjuration,引導神力：奧祕阻絕,,proposed,5eclone.pingstudio.tw (legacy exact ENG_name match),0.85,
Channel Divinity: Artisan's Blessing,subclass-feature,Cleric,Forge,XGE,classic-or-other,2,data/class/class-cleric.json,/subclassFeature/129/name,subclass-feature: Channel Divinity: Artisan's Blessing,引導神力：工匠祝福,,proposed,5eclone.pingstudio.tw (legacy exact ENG_name match),0.85,
Channel Divinity: Balm of Peace,subclass-feature,Cleric,Peace,TCE,classic-or-other,2,data/class/class-cleric.json,/subclassFeature/112/name,subclass-feature: Channel Divinity: Balm of Peace,引導神力：和平撫慰,,proposed,5eclone.pingstudio.tw (legacy exact ENG_name match),0.85,
Channel Divinity: Charm Animals and Plants,subclass-feature,Cleric,Nature,PHB,classic-or-other,2,data/class/class-cleric.json,/subclassFeature/34/name,subclass-feature: Channel Divinity: Charm Animals and Plants,引導神力：魅惑動植物,,proposed,5eclone.pingstudio.tw (legacy exact ENG_name match),0.85,
Channel Divinity: Cloak of Shadows,subclass-feature,Cleric,Ambition (PSA); Trickery,PHB; PSA,classic-or-other,2,data/class/class-cleric.json,/subclassFeature/50/name,subclass-feature: Channel Divinity: Cloak of Shadows,引導神力：陰影斗篷,,proposed,5eclone.pingstudio.tw (legacy exact ENG_name match),0.85,
Channel Divinity: Consuming Fervor,subclass-feature,Cleric,Zeal (PSA),PSA,classic-or-other,2,data/class/class-cleric.json,/subclassFeature/89/name,subclass-feature: Channel Divinity: Consuming Fervor,,,pending,,0.50,
Channel Divinity: Destructive Wrath,subclass-feature,Cleric,Tempest,PHB,classic-or-other,2,data/class/class-cleric.json,/subclassFeature/42/name,subclass-feature: Channel Divinity: Destructive Wrath,引導神力：毀滅狂怒,,proposed,5eclone.pingstudio.tw (legacy exact ENG_name match),0.85,
Channel Divinity: Feat of Strength,subclass-feature,Cleric,Strength (PSA),PSA,classic-or-other,2,data/class/class-cleric.json,/subclassFeature/81/name,subclass-feature: Channel Divinity: Feat of Strength,,,pending,,0.50,
Channel Divinity: Guided Strike,subclass-feature,Cleric,War,PHB,classic-or-other,2,data/class/class-cleric.json,/subclassFeature/57/name,subclass-feature: Channel Divinity: Guided Strike,引導神力：神導打擊,,proposed,5eclone.pingstudio.tw (legacy exact ENG_name match),0.85,
Channel Divinity: Invoke Duplicity,subclass-feature,Cleric,Ambition (PSA); Trickery,PHB; PSA,classic-or-other,4,data/class/class-cleric.json,/subclassFeature/49/name,subclass-feature: Channel Divinity: Invoke Duplicity,引導神力：召喚假體,,proposed,5eclone.pingstudio.tw (legacy exact ENG_name match),0.85,
Channel Divinity: Knowledge of the Ages,subclass-feature,Cleric,Knowledge,PHB,classic-or-other,2,data/class/class-cleric.json,/subclassFeature/10/name,subclass-feature: Channel Divinity: Knowledge of the Ages,引導神力：歲月知識,,proposed,5eclone.pingstudio.tw (legacy exact ENG_name match),0.85,
Channel Divinity: Order's Demand,subclass-feature,Cleric,Order,TCE,classic-or-other,2,data/class/class-cleric.json,/subclassFeature/104/name,subclass-feature: Channel Divinity: Order's Demand,引導神力：秩序之令,,proposed,5eclone.pingstudio.tw (legacy exact ENG_name match),0.85,
Channel Divinity: Path to the Grave,subclass-feature,Cleric,Grave,XGE,classic-or-other,2,data/class/class-cleric.json,/subclassFeature/137/name,subclass-feature: Channel Divinity: Path to the Grave,引導神力：歸墓之途,,proposed,5eclone.pingstudio.tw (legacy exact ENG_name match),0.85,
Channel Divinity: Preserve Life,subclass-feature,Cleric,Life; Solidarity (PSA),PHB; PSA,classic-or-other,4,data/class/class-cleric.json,/subclassFeature/18/name,subclass-feature: Channel Divinity: Preserve Life,引導神力：維繫生命,,proposed,5eclone.pingstudio.tw (legacy exact ENG_name match),0.85,
Channel Divinity: Radiance of the Dawn,subclass-feature,Cleric,Light,PHB,classic-or-other,2,data/class/class-cleric.json,/subclassFeature/26/name,subclass-feature: Channel Divinity: Radiance of the Dawn,引導神力：黎明曙光,,proposed,5eclone.pingstudio.tw (legacy exact ENG_name match),0.85,
Channel Divinity: Read Thoughts,subclass-feature,Cleric,Knowledge,PHB,classic-or-other,1,data/class/class-cleric.json,/subclassFeature/11/name,subclass-feature: Channel Divinity: Read Thoughts,引導神力：閱讀思想,,proposed,5eclone.pingstudio.tw (legacy exact ENG_name match),0.85,
Channel Divinity: Touch of Death,subclass-feature,Cleric,Death,DMG,classic-or-other,2,data/class/class-cleric.json,/subclassFeature/3/name,subclass-feature: Channel Divinity: Touch of Death,引導神力:死亡之觸,,proposed,5eclone.pingstudio.tw (legacy exact ENG_name match),0.85,
Channel Divinity: Twilight Sanctuary,subclass-feature,Cleric,Twilight,TCE,classic-or-other,2,data/class/class-cleric.json,/subclassFeature/121/name,subclass-feature: Channel Divinity: Twilight Sanctuary,引導神力：暮光聖域,,proposed,5eclone.pingstudio.tw (legacy exact ENG_name match),0.85,
Channel Divinity: War God's Blessing,subclass-feature,Cleric,War,PHB,classic-or-other,1,data/class/class-cleric.json,/subclassFeature/58/name,subclass-feature: Channel Divinity: War God's Blessing,引導神力：戰神祝福,,proposed,5eclone.pingstudio.tw (legacy exact ENG_name match),0.85,
Channeler,subclass-feature,Bard,Spirits,RHW,classic-or-other,1,data/class/class-bard.json,/subclassFeature/51/name,subclass-feature: Channeler,,,pending,,0.50,
Chemical Mastery,subclass-feature,Artificer,Alchemist,EFA; TCE,classic-or-other,2,data/class/class-artificer.json,/subclassFeature/6/name,subclass-feature: Chemical Mastery,化學專家,,proposed,5eclone.pingstudio.tw (legacy exact ENG_name match),0.85,
Chilling Retribution,subclass-feature,Ranger,Winter Walker,FRHoF,classic-or-other,1,data/class/class-ranger.json,/subclassFeature/67/name,subclass-feature: Chilling Retribution,,,pending,,0.50,
Chronal Shift,subclass-feature,Wizard,Chronurgy,EGW,classic-or-other,1,data/class/class-wizard.json,/subclassFeature/1/name,subclass-feature: Chronal Shift,時間變幻,,proposed,5eclone.pingstudio.tw (legacy exact ENG_name match),0.85,
Chronurgy Magic,subclass-feature,Wizard,Chronurgy,EGW,classic-or-other,2,data/class/class-wizard.json,/subclassFeature/0/name,subclass-feature: Chronurgy Magic,時間魔法,,proposed,5eclone.pingstudio.tw (legacy exact ENG_name match),0.85,
Circle Forms,subclass-feature,Druid,Moon,PHB; XPHB,classic-or-other; one,2,data/class/class-druid.json,/subclassFeature/8/name,subclass-feature: Circle Forms,結社型態,,proposed,5eclone.pingstudio.tw (legacy exact ENG_name match),0.85,
Circle of Dreams,subclass-feature,Druid,Dreams,XGE,classic-or-other,2,data/class/class-druid.json,/subclassFeature/35/name,subclass-feature: Circle of Dreams,夢境結社,,proposed,5eclone.pingstudio.tw (legacy exact ENG_name match),0.85,
Circle of Mortality,subclass-feature,Cleric,Grave,RHW; XGE,classic-or-other,2,data/class/class-cleric.json,/subclassFeature/135/name,subclass-feature: Circle of Mortality,凡命循環,,proposed,5eclone.pingstudio.tw (legacy exact ENG_name match),0.85,
Circle of Spores,subclass-feature,Druid,Spores,TCE,classic-or-other,2,data/class/class-druid.json,/subclassFeature/13/name,subclass-feature: Circle of Spores,孢子結社,,proposed,5eclone.pingstudio.tw (legacy exact ENG_name match),0.85,
Circle of Stars,subclass-feature,Druid,Stars,TCE,classic-or-other,2,data/class/class-druid.json,/subclassFeature/20/name,subclass-feature: Circle of Stars,星辰結社,,proposed,5eclone.pingstudio.tw (legacy exact ENG_name match),0.85,
Circle of the Land,subclass-feature,Druid,Land,PHB; XPHB,classic-or-other; one,3,data/class/class-druid.json,/subclassFeature/0/name,subclass-feature: Circle of the Land,大地結社,,proposed,5eclone.pingstudio.tw (legacy exact ENG_name match),0.85,
Circle of the Land Spells,subclass-feature,Druid,Land,XPHB,one,1,data/class/class-druid.json,/subclassFeature/54/name,subclass-feature: Circle of the Land Spells,,,pending,,0.50,
Circle of the Moon,subclass-feature,Druid,Moon,PHB; XPHB,classic-or-other; one,3,data/class/class-druid.json,/subclassFeature/7/name,subclass-feature: Circle of the Moon,月亮結社,,proposed,5eclone.pingstudio.tw (legacy exact ENG_name match),0.85,
Circle of the Moon Spells,subclass-feature,Druid,Moon,XPHB,one,1,data/class/class-druid.json,/subclassFeature/61/name,subclass-feature: Circle of the Moon Spells,,,pending,,0.50,
Circle of the Sea,subclass-feature,Druid,Sea,XPHB,one,1,data/class/class-druid.json,/subclassFeature/65/name,subclass-feature: Circle of the Sea,,,pending,,0.50,
Circle of the Sea Spells,subclass-feature,Druid,Sea,XPHB,one,1,data/class/class-druid.json,/subclassFeature/66/name,subclass-feature: Circle of the Sea Spells,,,pending,,0.50,
Circle of the Shepherd,subclass-feature,Druid,Shepherd,XGE,classic-or-other,2,data/class/class-druid.json,/subclassFeature/40/name,subclass-feature: Circle of the Shepherd,牧人結社,,proposed,5eclone.pingstudio.tw (legacy exact ENG_name match),0.85,
Circle of the Stars,subclass-feature,Druid,Stars,XPHB,one,1,data/class/class-druid.json,/subclassFeature/71/name,subclass-feature: Circle of the Stars,,,pending,,0.50,
Circle of Wildfire,subclass-feature,Druid,Wildfire,TCE,classic-or-other,2,data/class/class-druid.json,/subclassFeature/29/name,subclass-feature: Circle of Wildfire,野火結社,,proposed,5eclone.pingstudio.tw (legacy exact ENG_name match),0.85,
Circle Spells,subclass-feature,Druid,Land; Spores; Wildfire,PHB; TCE,classic-or-other,3,data/class/class-druid.json,/subclassFeature/2/name,subclass-feature: Circle Spells,結社法術,,proposed,5eclone.pingstudio.tw (legacy exact ENG_name match),0.85,
Clairvoyant Combatant,subclass-feature,Warlock,Great Old One,XPHB,one,1,data/class/class-warlock.json,/subclassFeature/88/name,subclass-feature: Clairvoyant Combatant,,,pending,,0.50,
Cloak of Shadows,subclass-feature,Monk,Shadow,PHB; XPHB,classic-or-other; one,2,data/class/class-monk.json,/subclassFeature/20/name,subclass-feature: Cloak of Shadows,暗影斗篷,,proposed,5eclone.pingstudio.tw (legacy exact ENG_name match),0.85,
Clockwork Cavalcade,subclass-feature,Sorcerer,Clockwork; Clockwork Soul,TCE; XPHB,classic-or-other; one,2,data/class/class-sorcerer.json,/subclassFeature/36/name,subclass-feature: Clockwork Cavalcade,時械矩陣,,proposed,5eclone.pingstudio.tw (legacy exact ENG_name match),0.85,
Clockwork Magic,subclass-feature,Sorcerer,Clockwork Soul,TCE,classic-or-other,1,data/class/class-sorcerer.json,/subclassFeature/32/name,subclass-feature: Clockwork Magic,時械法術,,proposed,5eclone.pingstudio.tw (legacy exact ENG_name match),0.85,
Clockwork Sorcery,subclass-feature,Sorcerer,Clockwork,XPHB,one,1,data/class/class-sorcerer.json,/subclassFeature/86/name,subclass-feature: Clockwork Sorcery,,,pending,,0.50,
Clockwork Soul,subclass-feature,Sorcerer,Clockwork Soul,TCE,classic-or-other,2,data/class/class-sorcerer.json,/subclassFeature/31/name,subclass-feature: Clockwork Soul,時械之魂,,proposed,5eclone.pingstudio.tw (legacy exact ENG_name match),0.85,
Clockwork Spells,subclass-feature,Sorcerer,Clockwork,XPHB,one,1,data/class/class-sorcerer.json,/subclassFeature/87/name,subclass-feature: Clockwork Spells,,,pending,,0.50,
College of Creation,subclass-feature,Bard,Creation,TCE,classic-or-other,1,data/class/class-bard.json,/subclassFeature/10/name,subclass-feature: College of Creation,創造學院,,proposed,5eclone.pingstudio.tw (legacy exact ENG_name match),0.85,
College of Dance,subclass-feature,Bard,Dance,XPHB,one,1,data/class/class-bard.json,/subclassFeature/56/name,subclass-feature: College of Dance,,,pending,,0.50,
College of Eloquence,subclass-feature,Bard,Eloquence,TCE,classic-or-other,1,data/class/class-bard.json,/subclassFeature/15/name,subclass-feature: College of Eloquence,雄辯學院,,proposed,5eclone.pingstudio.tw (legacy exact ENG_name match),0.85,
College of Glamour,subclass-feature,Bard,Glamour,XGE; XPHB,classic-or-other; one,2,data/class/class-bard.json,/subclassFeature/27/name,subclass-feature: College of Glamour,迷惑學院,,proposed,5eclone.pingstudio.tw (legacy exact ENG_name match),0.85,
College of Lore,subclass-feature,Bard,Lore,PHB; XPHB,classic-or-other; one,2,data/class/class-bard.json,/subclassFeature/0/name,subclass-feature: College of Lore,軼聞學院,,proposed,5eclone.pingstudio.tw (legacy exact ENG_name match),0.85,
College of Spirits,subclass-feature,Bard,Spirits,RHW; VRGR,classic-or-other,2,data/class/class-bard.json,/subclassFeature/21/name,subclass-feature: College of Spirits,靈魂學院,,proposed,5eclone.pingstudio.tw (legacy exact ENG_name match),0.85,
College of Swords,subclass-feature,Bard,Swords,XGE,classic-or-other,1,data/class/class-bard.json,/subclassFeature/32/name,subclass-feature: College of Swords,劍舞學院,,proposed,5eclone.pingstudio.tw (legacy exact ENG_name match),0.85,
College of the Moon,subclass-feature,Bard,Moon,FRHoF,classic-or-other,1,data/class/class-bard.json,/subclassFeature/46/name,subclass-feature: College of the Moon,,,pending,,0.50,
College of Valor,subclass-feature,Bard,Valor,PHB; XPHB,classic-or-other; one,2,data/class/class-bard.json,/subclassFeature/5/name,subclass-feature: College of Valor,勇氣學院,,proposed,5eclone.pingstudio.tw (legacy exact ENG_name match),0.85,
College of Whispers,subclass-feature,Bard,Whispers,XGE,classic-or-other,1,data/class/class-bard.json,/subclassFeature/41/name,subclass-feature: College of Whispers,低語學院,,proposed,5eclone.pingstudio.tw (legacy exact ENG_name match),0.85,
Colossus Slayer,subclass-feature,Ranger,Hunter,PHB,classic-or-other,1,data/class/class-ranger.json,/subclassFeature/15/name,subclass-feature: Colossus Slayer,巨怪獵者,,proposed,5eclone.pingstudio.tw (legacy exact ENG_name match),0.85,
Combat Inspiration,subclass-feature,Bard,Valor,PHB; XPHB,classic-or-other; one,2,data/class/class-bard.json,/subclassFeature/7/name,subclass-feature: Combat Inspiration,戰鬥激勵,,proposed,5eclone.pingstudio.tw (legacy exact ENG_name match),0.85,
Combat Superiority,subclass-feature,Fighter,Battle Master,PHB; XPHB,classic-or-other; one,2,data/class/class-fighter.json,/subclassFeature/8/name,subclass-feature: Combat Superiority,戰鬥卓越,,proposed,5eclone.pingstudio.tw (legacy exact ENG_name match),0.85,
Combat Wild Shape,subclass-feature,Druid,Moon,PHB,classic-or-other,1,data/class/class-druid.json,/subclassFeature/9/name,subclass-feature: Combat Wild Shape,戰鬥荒野形態,,proposed,5eclone.pingstudio.tw (legacy exact ENG_name match),0.85,
Command Undead,subclass-feature,Wizard,Necromancy,PHB,classic-or-other,1,data/class/class-wizard.json,/subclassFeature/52/name,subclass-feature: Command Undead,命令不死生物,,proposed,5eclone.pingstudio.tw (legacy exact ENG_name match),0.85,
Conjuration Savant,subclass-feature,Wizard,Conjuration,PHB,classic-or-other,1,data/class/class-wizard.json,/subclassFeature/18/name,subclass-feature: Conjuration Savant,咒法學者,,proposed,5eclone.pingstudio.tw (legacy exact ENG_name match),0.85,
Conquering Presence,subclass-feature,Paladin,Conquest,XGE,classic-or-other,1,data/class/class-paladin.json,/subclassFeature/64/name,subclass-feature: Conquering Presence,,,pending,,0.50,
Consult the Spirits,subclass-feature,Barbarian,Ancestral Guardian,XGE,classic-or-other,1,data/class/class-barbarian.json,/subclassFeature/52/name,subclass-feature: Consult the Spirits,問道精魂,,proposed,5eclone.pingstudio.tw (legacy exact ENG_name match),0.85,
Consumptive Knife,subclass-feature,Mystic,Soul Knife,UATheMysticClass,classic-or-other,1,data/class/class-mystic.json,/subclassFeature/28/name,subclass-feature: Consumptive Knife,,,pending,,0.50,
Control Undead,subclass-feature,Paladin,Oathbreaker,DMG,classic-or-other,1,data/class/class-paladin.json,/subclassFeature/2/name,subclass-feature: Control Undead,,,pending,,0.50,
Controlled Chaos,subclass-feature,Sorcerer,Wild; Wild Magic,PHB; XPHB,classic-or-other; one,2,data/class/class-sorcerer.json,/subclassFeature/17/name,subclass-feature: Controlled Chaos,控制混沌,,proposed,5eclone.pingstudio.tw (legacy exact ENG_name match),0.85,
Controlled Surge,subclass-feature,Barbarian,Wild Magic,TCE,classic-or-other,1,data/class/class-barbarian.json,/subclassFeature/48/name,subclass-feature: Controlled Surge,掌控浪潮,,proposed,5eclone.pingstudio.tw (legacy exact ENG_name match),0.85,
Convergent Future,subclass-feature,Wizard,Chronurgy,EGW,classic-or-other,1,data/class/class-wizard.json,/subclassFeature/5/name,subclass-feature: Convergent Future,收束未來,,proposed,5eclone.pingstudio.tw (legacy exact ENG_name match),0.85,
Corona of Light,subclass-feature,Cleric,Light,PHB; XPHB,classic-or-other; one,2,data/class/class-cleric.json,/subclassFeature/30/name,subclass-feature: Corona of Light,日冕光輝,,proposed,5eclone.pingstudio.tw (legacy exact ENG_name match),0.85,
Cosmic Omen,subclass-feature,Druid,Stars,TCE; XPHB,classic-or-other; one,2,data/class/class-druid.json,/subclassFeature/26/name,subclass-feature: Cosmic Omen,宇宙預兆,,proposed,5eclone.pingstudio.tw (legacy exact ENG_name match),0.85,
Create Thrall,subclass-feature,Warlock,Great Old One,PHB; XPHB,classic-or-other; one,2,data/class/class-warlock.json,/subclassFeature/14/name,subclass-feature: Create Thrall,創造奴僕,,proposed,5eclone.pingstudio.tw (legacy exact ENG_name match),0.85,
Creative Crescendo,subclass-feature,Bard,Creation,TCE,classic-or-other,1,data/class/class-bard.json,/subclassFeature/14/name,subclass-feature: Creative Crescendo,高潮樂章,,proposed,5eclone.pingstudio.tw (legacy exact ENG_name match),0.85,
Crown of Spellfire,subclass-feature,Sorcerer,Spellfire,FRHoF,classic-or-other,1,data/class/class-sorcerer.json,/subclassFeature/64/name,subclass-feature: Crown of Spellfire,,,pending,,0.50,
Curving Shot,subclass-feature,Fighter,Arcane Archer,XGE,classic-or-other,1,data/class/class-fighter.json,/subclassFeature/68/name,subclass-feature: Curving Shot,曲射,,proposed,5eclone.pingstudio.tw (legacy exact ENG_name match),0.85,
Cutting Words,subclass-feature,Bard,Lore,PHB; XPHB,classic-or-other; one,2,data/class/class-bard.json,/subclassFeature/2/name,subclass-feature: Cutting Words,語出驚人,,proposed,5eclone.pingstudio.tw (legacy exact ENG_name match),0.85,
Dampen Elements,subclass-feature,Cleric,Nature,PHB,classic-or-other,1,data/class/class-cleric.json,/subclassFeature/35/name,subclass-feature: Dampen Elements,抑制元素,,proposed,5eclone.pingstudio.tw (legacy exact ENG_name match),0.85,
Dampening Field,subclass-feature,Artificer,Armorer,TCE,classic-or-other,1,data/class/class-artificer.json,/subclassFeature/57/name,subclass-feature: Dampening Field,,,pending,,0.50,
Dance Virtuoso,subclass-feature,Bard,Dance,XPHB,one,1,data/class/class-bard.json,/subclassFeature/59/name,subclass-feature: Dance Virtuoso,,,pending,,0.50,
Dao's Crush,subclass-feature,Paladin,Noble Genies,FRHoF,classic-or-other,1,data/class/class-paladin.json,/subclassFeature/80/name,subclass-feature: Dao's Crush,,,pending,,0.50,
Dark Delirium,subclass-feature,Warlock,Archfey,PHB,classic-or-other,1,data/class/class-warlock.json,/subclassFeature/4/name,subclass-feature: Dark Delirium,黑暗妄霧,,proposed,5eclone.pingstudio.tw (legacy exact ENG_name match),0.85,
Dark One's Blessing,subclass-feature,Warlock,Fiend,PHB; XPHB,classic-or-other; one,2,data/class/class-warlock.json,/subclassFeature/6/name,subclass-feature: Dark One's Blessing,黑暗者賜福,,proposed,5eclone.pingstudio.tw (legacy exact ENG_name match),0.85,
Dark One's Own Luck,subclass-feature,Warlock,Fiend,PHB; XPHB,classic-or-other; one,2,data/class/class-warlock.json,/subclassFeature/7/name,subclass-feature: Dark One's Own Luck,黑暗者強運,,proposed,5eclone.pingstudio.tw (legacy exact ENG_name match),0.85,
Darkness,subclass-feature,Monk,Shadow,XPHB,one,1,data/class/class-monk.json,/subclassFeature/80/name,subclass-feature: Darkness,,,pending,,0.50,
Darkvision,subclass-feature,Monk,Shadow,XPHB,one,1,data/class/class-monk.json,/subclassFeature/81/name,subclass-feature: Darkvision,,,pending,,0.50,
Dazzling Footwork,subclass-feature,Bard,Dance,XPHB,one,1,data/class/class-bard.json,/subclassFeature/60/name,subclass-feature: Dazzling Footwork,,,pending,,0.50,
Death Domain,subclass-feature,Cleric,Death,DMG,classic-or-other,2,data/class/class-cleric.json,/subclassFeature/0/name,subclass-feature: Death Domain,死亡領域,,proposed,5eclone.pingstudio.tw (legacy exact ENG_name match),0.85,
Death Strike,subclass-feature,Rogue,Assassin,PHB; XPHB,classic-or-other; one,2,data/class/class-rogue.json,/subclassFeature/11/name,subclass-feature: Death Strike,死亡一擊,,proposed,5eclone.pingstudio.tw (legacy exact ENG_name match),0.85,
Death's Friend,subclass-feature,Rogue,Phantom,RHW; TCE,classic-or-other,2,data/class/class-rogue.json,/subclassFeature/23/name,subclass-feature: Death's Friend,死亡之友,,proposed,5eclone.pingstudio.tw (legacy exact ENG_name match),0.85,
Defensive Field,subclass-feature,Artificer,Armorer,TCE,classic-or-other,1,data/class/class-artificer.json,/subclassFeature/58/name,subclass-feature: Defensive Field,,,pending,,0.50,
Defensive Flourish,subclass-feature,Bard,Swords,XGE,classic-or-other,1,data/class/class-bard.json,/subclassFeature/33/name,subclass-feature: Defensive Flourish,防禦劍舞,,proposed,5eclone.pingstudio.tw (legacy exact ENG_name match),0.85,
Defensive Tactics,subclass-feature,Ranger,Hunter,PHB; XPHB,classic-or-other; one,2,data/class/class-ranger.json,/subclassFeature/17/name,subclass-feature: Defensive Tactics,防禦性戰術,,proposed,5eclone.pingstudio.tw (legacy exact ENG_name match),0.85,
Deflecting Shroud,subclass-feature,Wizard,War,XGE,classic-or-other,1,data/class/class-wizard.json,/subclassFeature/77/name,subclass-feature: Deflecting Shroud,偏斜罩幕,,proposed,5eclone.pingstudio.tw (legacy exact ENG_name match),0.85,
Defy Death,subclass-feature,Warlock,Undying,SCAG,classic-or-other,1,data/class/class-warlock.json,/subclassFeature/17/name,subclass-feature: Defy Death,反抗死亡,,proposed,5eclone.pingstudio.tw (legacy exact ENG_name match),0.85,
Demiurgic Colossus,subclass-feature,Barbarian,Giant,BGG,classic-or-other,1,data/class/class-barbarian.json,/subclassFeature/5/name,subclass-feature: Demiurgic Colossus,,,pending,,0.50,
Desert,subclass-feature,Barbarian,Storm Herald,XGE,classic-or-other,3,data/class/class-barbarian.json,/subclassFeature/54/name,subclass-feature: Desert,沙漠,,proposed,5eclone.pingstudio.tw (legacy exact ENG_name match),0.85,
Detect Portal,subclass-feature,Ranger,Horizon Walker,XGE,classic-or-other,1,data/class/class-ranger.json,/subclassFeature/49/name,subclass-feature: Detect Portal,偵測傳送門,,proposed,5eclone.pingstudio.tw (legacy exact ENG_name match),0.85,
Disciple of Life,subclass-feature,Cleric,Life,PHB; XPHB,classic-or-other; one,2,data/class/class-cleric.json,/subclassFeature/17/name,subclass-feature: Disciple of Life,生命門徒,,proposed,5eclone.pingstudio.tw (legacy exact ENG_name match),0.85,
Disciple of the Elements,subclass-feature,Monk,Four Elements,PHB,classic-or-other,1,data/class/class-monk.json,/subclassFeature/7/name,subclass-feature: Disciple of the Elements,元素門徒,,proposed,5eclone.pingstudio.tw (legacy exact ENG_name match),0.85,
Distant Strike,subclass-feature,Ranger,Horizon Walker,XGE,classic-or-other,1,data/class/class-ranger.json,/subclassFeature/53/name,subclass-feature: Distant Strike,閃現打擊,,proposed,5eclone.pingstudio.tw (legacy exact ENG_name match),0.85,
Divination Savant,subclass-feature,Wizard,Divination; Diviner,PHB; XPHB,classic-or-other; one,2,data/class/class-wizard.json,/subclassFeature/24/name,subclass-feature: Divination Savant,預言學者,,proposed,5eclone.pingstudio.tw (legacy exact ENG_name match),0.85,
Divine Allegiance,subclass-feature,Paladin,Crown,SCAG,classic-or-other,1,data/class/class-paladin.json,/subclassFeature/41/name,subclass-feature: Divine Allegiance,神聖忠誠,,proposed,5eclone.pingstudio.tw (legacy exact ENG_name match),0.85,
Divine Foreknowledge,subclass-feature,Cleric,Knowledge,FRHoF,classic-or-other,1,data/class/class-cleric.json,/subclassFeature/149/name,subclass-feature: Divine Foreknowledge,,,pending,,0.50,
Divine Fury,subclass-feature,Barbarian,Zealot,XGE; XPHB,classic-or-other; one,2,data/class/class-barbarian.json,/subclassFeature/69/name,subclass-feature: Divine Fury,神性狂怒,,proposed,5eclone.pingstudio.tw (legacy exact ENG_name match),0.85,
Divine Magic,subclass-feature,Sorcerer,Divine Soul,XGE,classic-or-other,1,data/class/class-sorcerer.json,/subclassFeature/38/name,subclass-feature: Divine Magic,神聖魔法,,proposed,5eclone.pingstudio.tw (legacy exact ENG_name match),0.85,
Divine Reaper,subclass-feature,Cleric,Grave,RHW,classic-or-other,1,data/class/class-cleric.json,/subclassFeature/178/name,subclass-feature: Divine Reaper,,,pending,,0.50,
Divine Soul,subclass-feature,Sorcerer,Divine Soul,XGE,classic-or-other,2,data/class/class-sorcerer.json,/subclassFeature/37/name,subclass-feature: Divine Soul,神聖之魂,,proposed,5eclone.pingstudio.tw (legacy exact ENG_name match),0.85,
Divine Strike,subclass-feature,Cleric,Death; Forge; Life; Nature; Order; Solidarity (PSA); Strength (PSA); Tempest; Trickery; Twilight; War; Zeal (PSA),DMG; PHB; PSA; TCE; XGE,classic-or-other,12,data/class/class-cleric.json,/subclassFeature/6/name,subclass-feature: Divine Strike,神聖打擊,,proposed,5eclone.pingstudio.tw (legacy exact ENG_name match),0.85,
Diviner,subclass-feature,Wizard,Diviner,XPHB,one,1,data/class/class-wizard.json,/subclassFeature/103/name,subclass-feature: Diviner,,,pending,,0.50,
Djinni's Escape,subclass-feature,Paladin,Noble Genies,FRHoF,classic-or-other,1,data/class/class-paladin.json,/subclassFeature/81/name,subclass-feature: Djinni's Escape,,,pending,,0.50,
Draconic Bloodline,subclass-feature,Sorcerer,Draconic,PHB,classic-or-other,2,data/class/class-sorcerer.json,/subclassFeature/7/name,subclass-feature: Draconic Bloodline,龍族血脈,,proposed,5eclone.pingstudio.tw (legacy exact ENG_name match),0.85,
Draconic Disciple,subclass-feature,Monk,Ascendant Dragon,FTD,classic-or-other,1,data/class/class-monk.json,/subclassFeature/2/name,subclass-feature: Draconic Disciple,,,pending,,0.50,
Draconic Gift,subclass-feature,Ranger,Drakewarden,FTD,classic-or-other,1,data/class/class-ranger.json,/subclassFeature/1/name,subclass-feature: Draconic Gift,,,pending,,0.50,
Draconic Presence,subclass-feature,Sorcerer,Draconic,PHB,classic-or-other,1,data/class/class-sorcerer.json,/subclassFeature/12/name,subclass-feature: Draconic Presence,真龍威儀,,proposed,5eclone.pingstudio.tw (legacy exact ENG_name match),0.85,
Draconic Resilience,subclass-feature,Sorcerer,Draconic,PHB; XPHB,classic-or-other; one,2,data/class/class-sorcerer.json,/subclassFeature/8/name,subclass-feature: Draconic Resilience,龍族韌性,,proposed,5eclone.pingstudio.tw (legacy exact ENG_name match),0.85,
Draconic Sorcery,subclass-feature,Sorcerer,Draconic,XPHB,one,1,data/class/class-sorcerer.json,/subclassFeature/92/name,subclass-feature: Draconic Sorcery,,,pending,,0.50,
Draconic Spells,subclass-feature,Sorcerer,Draconic,XPHB,one,1,data/class/class-sorcerer.json,/subclassFeature/93/name,subclass-feature: Draconic Spells,,,pending,,0.50,
Dragon,subclass-feature,Druid,Stars,TCE; XPHB,classic-or-other; one,2,data/class/class-druid.json,/subclassFeature/25/name,subclass-feature: Dragon,,,pending,,0.50,
Dragon Ancestor,subclass-feature,Sorcerer,Draconic,PHB,classic-or-other,1,data/class/class-sorcerer.json,/subclassFeature/9/name,subclass-feature: Dragon Ancestor,龍族血統,,proposed,5eclone.pingstudio.tw (legacy exact ENG_name match),0.85,
Dragon Companion,subclass-feature,Sorcerer,Draconic,XPHB,one,1,data/class/class-sorcerer.json,/subclassFeature/97/name,subclass-feature: Dragon Companion,,,pending,,0.50,
Dragon Wings,subclass-feature,Sorcerer,Draconic,PHB; XPHB,classic-or-other; one,2,data/class/class-sorcerer.json,/subclassFeature/11/name,subclass-feature: Dragon Wings,龍之翼,,proposed,5eclone.pingstudio.tw (legacy exact ENG_name match),0.85,
Drake Companion,subclass-feature,Ranger,Drakewarden,FTD,classic-or-other,1,data/class/class-ranger.json,/subclassFeature/2/name,subclass-feature: Drake Companion,,,pending,,0.50,
Drake's Breath,subclass-feature,Ranger,Drakewarden,FTD,classic-or-other,1,data/class/class-ranger.json,/subclassFeature/4/name,subclass-feature: Drake's Breath,,,pending,,0.50,
Drakewarden,subclass-feature,Ranger,Drakewarden,FTD,classic-or-other,1,data/class/class-ranger.json,/subclassFeature/0/name,subclass-feature: Drakewarden,,,pending,,0.50,
Dread Allegiance,subclass-feature,Rogue,Scion of the Three,FRHoF,classic-or-other,1,data/class/class-rogue.json,/subclassFeature/60/name,subclass-feature: Dread Allegiance,,,pending,,0.50,
Dread Ambusher,subclass-feature,Ranger,Gloom Stalker,XGE; XPHB,classic-or-other; one,2,data/class/class-ranger.json,/subclassFeature/42/name,subclass-feature: Dread Ambusher,懼怖伏兵,,proposed,5eclone.pingstudio.tw (legacy exact ENG_name match),0.85,
Dread Incarnate,subclass-feature,Rogue,Scion of the Three,FRHoF,classic-or-other,1,data/class/class-rogue.json,/subclassFeature/64/name,subclass-feature: Dread Incarnate,,,pending,,0.50,
Dread Lord,subclass-feature,Paladin,Oathbreaker,DMG,classic-or-other,1,data/class/class-paladin.json,/subclassFeature/7/name,subclass-feature: Dread Lord,恐懼之王,,proposed,5eclone.pingstudio.tw (legacy exact ENG_name match),0.85,
Dreadful Aspect,subclass-feature,Paladin,Oathbreaker,DMG,classic-or-other,1,data/class/class-paladin.json,/subclassFeature/3/name,subclass-feature: Dreadful Aspect,,,pending,,0.50,
Dreadful Strikes,subclass-feature,Ranger,Fey Wanderer,TCE; XPHB,classic-or-other; one,2,data/class/class-ranger.json,/subclassFeature/29/name,subclass-feature: Dreadful Strikes,哀懼靈襲,,proposed,5eclone.pingstudio.tw (legacy exact ENG_name match),0.85,
Dreadnaught,subclass-feature,Artificer,Armorer,EFA,classic-or-other,1,data/class/class-artificer.json,/subclassFeature/11/name,subclass-feature: Dreadnaught,,,pending,,0.50,
Drunkard's Luck,subclass-feature,Monk,Drunken Master,XGE,classic-or-other,1,data/class/class-monk.json,/subclassFeature/46/name,subclass-feature: Drunkard's Luck,醉漢機運,,proposed,5eclone.pingstudio.tw (legacy exact ENG_name match),0.85,
Drunken Technique,subclass-feature,Monk,Drunken Master,XGE,classic-or-other,1,data/class/class-monk.json,/subclassFeature/42/name,subclass-feature: Drunken Technique,醉拳技巧,,proposed,5eclone.pingstudio.tw (legacy exact ENG_name match),0.85,
Durable Magic,subclass-feature,Wizard,War,XGE,classic-or-other,1,data/class/class-wizard.json,/subclassFeature/76/name,subclass-feature: Durable Magic,耐久魔法,,proposed,5eclone.pingstudio.tw (legacy exact ENG_name match),0.85,
Durable Summons,subclass-feature,Wizard,Conjuration,PHB,classic-or-other,1,data/class/class-wizard.json,/subclassFeature/22/name,subclass-feature: Durable Summons,強韌召喚,,proposed,5eclone.pingstudio.tw (legacy exact ENG_name match),0.85,
Eagle,subclass-feature,Barbarian,Totem Warrior,PHB,classic-or-other,3,data/class/class-barbarian.json,/subclassFeature/12/name,subclass-feature: Eagle,鷹,,proposed,5eclone.pingstudio.tw (legacy exact ENG_name match),0.85,
Ear for Deceit,subclass-feature,Rogue,Inquisitive,XGE,classic-or-other,1,data/class/class-rogue.json,/subclassFeature/35/name,subclass-feature: Ear for Deceit,辨謊之耳,,proposed,5eclone.pingstudio.tw (legacy exact ENG_name match),0.85,
Echo Avatar,subclass-feature,Fighter,Echo Knight,EGW,classic-or-other,1,data/class/class-fighter.json,/subclassFeature/3/name,subclass-feature: Echo Avatar,迴音化身,,proposed,5eclone.pingstudio.tw (legacy exact ENG_name match),0.85,
Echo Knight,subclass-feature,Fighter,Echo Knight,EGW,classic-or-other,1,data/class/class-fighter.json,/subclassFeature/0/name,subclass-feature: Echo Knight,迴音騎士,,proposed,5eclone.pingstudio.tw (legacy exact ENG_name match),0.85,
Effortless Journey,subclass-feature,Mystic,Nomad,UATheMysticClass,classic-or-other,1,data/class/class-mystic.json,/subclassFeature/23/name,subclass-feature: Effortless Journey,,,pending,,0.50,
Efreeti's Fury,subclass-feature,Paladin,Noble Genies,FRHoF,classic-or-other,1,data/class/class-paladin.json,/subclassFeature/82/name,subclass-feature: Efreeti's Fury,,,pending,,0.50,
Elder Champion,subclass-feature,Paladin,Ancients,PHB; XPHB,classic-or-other; one,2,data/class/class-paladin.json,/subclassFeature/16/name,subclass-feature: Elder Champion,遠古鬥士,,proposed,5eclone.pingstudio.tw (legacy exact ENG_name match),0.85,
Eldritch Cannon,subclass-feature,Artificer,Artillerist,EFA; TCE,classic-or-other,2,data/class/class-artificer.json,/subclassFeature/20/name,subclass-feature: Eldritch Cannon,魔能炮臺,,proposed,5eclone.pingstudio.tw (legacy exact ENG_name match),0.85,
Eldritch Hex,subclass-feature,Warlock,Great Old One,XPHB,one,1,data/class/class-warlock.json,/subclassFeature/89/name,subclass-feature: Eldritch Hex,,,pending,,0.50,
Eldritch Knight,subclass-feature,Fighter,Eldritch Knight,PHB; XPHB,classic-or-other; one,2,data/class/class-fighter.json,/subclassFeature/27/name,subclass-feature: Eldritch Knight,魔能騎士,,proposed,5eclone.pingstudio.tw (legacy exact ENG_name match),0.85,
Eldritch Strike,subclass-feature,Fighter,Eldritch Knight,PHB; XPHB,classic-or-other; one,2,data/class/class-fighter.json,/subclassFeature/31/name,subclass-feature: Eldritch Strike,魔能打擊,,proposed,5eclone.pingstudio.tw (legacy exact ENG_name match),0.85,
Elegant Courtier,subclass-feature,Fighter,Samurai,XGE,classic-or-other,1,data/class/class-fighter.json,/subclassFeature/85/name,subclass-feature: Elegant Courtier,典雅侍臣,,proposed,5eclone.pingstudio.tw (legacy exact ENG_name match),0.85,
Elegant Maneuver,subclass-feature,Rogue,Swashbuckler,XGE,classic-or-other,1,data/class/class-rogue.json,/subclassFeature/57/name,subclass-feature: Elegant Maneuver,優雅戰技,,proposed,5eclone.pingstudio.tw (legacy exact ENG_name match),0.85,
Elemental Affinity,subclass-feature,Sorcerer,Draconic,PHB; XPHB,classic-or-other; one,2,data/class/class-sorcerer.json,/subclassFeature/10/name,subclass-feature: Elemental Affinity,元素親和,,proposed,5eclone.pingstudio.tw (legacy exact ENG_name match),0.85,
Elemental Attunement,subclass-feature,Monk; Mystic,Elements; Wu Jen,UATheMysticClass; XPHB,classic-or-other; one,2,data/class/class-monk.json,/subclassFeature/60/name,subclass-feature: Elemental Attunement,,,pending,,0.50,
Elemental Burst,subclass-feature,Monk,Elements,XPHB,one,1,data/class/class-monk.json,/subclassFeature/63/name,subclass-feature: Elemental Burst,,,pending,,0.50,
Elemental Cleaver,subclass-feature,Barbarian,Giant,BGG,classic-or-other,1,data/class/class-barbarian.json,/subclassFeature/3/name,subclass-feature: Elemental Cleaver,,,pending,,0.50,
Elemental Disciplines,subclass-feature,Monk,Four Elements,PHB,classic-or-other,1,data/class/class-monk.json,/subclassFeature/8/name,subclass-feature: Elemental Disciplines,四象法門,,proposed,5eclone.pingstudio.tw (legacy exact ENG_name match),0.85,
Elemental Epitome,subclass-feature,Monk,Elements,XPHB,one,1,data/class/class-monk.json,/subclassFeature/65/name,subclass-feature: Elemental Epitome,,,pending,,0.50,
Elemental Gift,subclass-feature,Warlock,Genie,TCE,classic-or-other,1,data/class/class-warlock.json,/subclassFeature/31/name,subclass-feature: Elemental Gift,元素賜福,,proposed,5eclone.pingstudio.tw (legacy exact ENG_name match),0.85,
Elemental Mastery,subclass-feature,Mystic,Wu Jen,UATheMysticClass,classic-or-other,1,data/class/class-mystic.json,/subclassFeature/35/name,subclass-feature: Elemental Mastery,,,pending,,0.50,
Elemental Rebuke,subclass-feature,Paladin,Noble Genies,FRHoF,classic-or-other,1,data/class/class-paladin.json,/subclassFeature/89/name,subclass-feature: Elemental Rebuke,,,pending,,0.50,
Elemental Smite,subclass-feature,Paladin,Noble Genies,FRHoF,classic-or-other,1,data/class/class-paladin.json,/subclassFeature/83/name,subclass-feature: Elemental Smite,,,pending,,0.50,
Elemental Wild Shape,subclass-feature,Druid,Moon,PHB,classic-or-other,1,data/class/class-druid.json,/subclassFeature/11/name,subclass-feature: Elemental Wild Shape,元素荒野形態,,proposed,5eclone.pingstudio.tw (legacy exact ENG_name match),0.85,
Elk,subclass-feature,Barbarian,Totem Warrior,SCAG,classic-or-other,3,data/class/class-barbarian.json,/subclassFeature/13/name,subclass-feature: Elk,鹿,,proposed,5eclone.pingstudio.tw (legacy exact ENG_name match),0.85,
Embodiment of the Law,subclass-feature,Cleric,Order,TCE,classic-or-other,1,data/class/class-cleric.json,/subclassFeature/105/name,subclass-feature: Embodiment of the Law,律法化身,,proposed,5eclone.pingstudio.tw (legacy exact ENG_name match),0.85,
Emboldening Bond,subclass-feature,Cleric,Peace,TCE,classic-or-other,1,data/class/class-cleric.json,/subclassFeature/110/name,subclass-feature: Emboldening Bond,勇氣聯結,,proposed,5eclone.pingstudio.tw (legacy exact ENG_name match),0.85,
Emissary of Peace,subclass-feature,Paladin,Redemption,XGE,classic-or-other,1,data/class/class-paladin.json,/subclassFeature/73/name,subclass-feature: Emissary of Peace,,,pending,,0.50,
Emissary of Redemption,subclass-feature,Paladin,Redemption,XGE,classic-or-other,1,data/class/class-paladin.json,/subclassFeature/79/name,subclass-feature: Emissary of Redemption,救贖使者,,proposed,5eclone.pingstudio.tw (legacy exact ENG_name match),0.85,
Empowered Channeling,subclass-feature,Bard,Spirits,RHW,classic-or-other,1,data/class/class-bard.json,/subclassFeature/54/name,subclass-feature: Empowered Channeling,,,pending,,0.50,
Empowered Evocation,subclass-feature,Wizard,Evocation; Evoker,PHB; XPHB,classic-or-other; one,2,data/class/class-wizard.json,/subclassFeature/39/name,subclass-feature: Empowered Evocation,強效塑能,,proposed,5eclone.pingstudio.tw (legacy exact ENG_name match),0.85,
Empowered Healing,subclass-feature,Sorcerer,Divine Soul,XGE,classic-or-other,1,data/class/class-sorcerer.json,/subclassFeature/40/name,subclass-feature: Empowered Healing,強效治療,,proposed,5eclone.pingstudio.tw (legacy exact ENG_name match),0.85,
Enchantment Savant,subclass-feature,Wizard,Enchantment,PHB,classic-or-other,1,data/class/class-wizard.json,/subclassFeature/30/name,subclass-feature: Enchantment Savant,惑控學者,,proposed,5eclone.pingstudio.tw (legacy exact ENG_name match),0.85,
Enhanced Bond,subclass-feature,Druid,Wildfire,TCE,classic-or-other,1,data/class/class-druid.json,/subclassFeature/32/name,subclass-feature: Enhanced Bond,強化鏈接,,proposed,5eclone.pingstudio.tw (legacy exact ENG_name match),0.85,
Enthralling Performance,subclass-feature,Bard,Glamour,XGE,classic-or-other,1,data/class/class-bard.json,/subclassFeature/28/name,subclass-feature: Enthralling Performance,醉人表演,,proposed,5eclone.pingstudio.tw (legacy exact ENG_name match),0.85,
Entropic Ward,subclass-feature,Warlock,Great Old One,PHB,classic-or-other,1,data/class/class-warlock.json,/subclassFeature/12/name,subclass-feature: Entropic Ward,熵光防護,,proposed,5eclone.pingstudio.tw (legacy exact ENG_name match),0.85,
Envenom Weapons,subclass-feature,Rogue,Assassin,XPHB,one,1,data/class/class-rogue.json,/subclassFeature/82/name,subclass-feature: Envenom Weapons,,,pending,,0.50,
Escape the Horde,subclass-feature,Ranger,Hunter,PHB,classic-or-other,1,data/class/class-ranger.json,/subclassFeature/18/name,subclass-feature: Escape the Horde,逃離衆敵,,proposed,5eclone.pingstudio.tw (legacy exact ENG_name match),0.85,
Ethereal Step,subclass-feature,Ranger,Horizon Walker,XGE,classic-or-other,1,data/class/class-ranger.json,/subclassFeature/52/name,subclass-feature: Ethereal Step,靈界漫步,,proposed,5eclone.pingstudio.tw (legacy exact ENG_name match),0.85,
Evasion,subclass-feature,Ranger,Hunter,PHB,classic-or-other,1,data/class/class-ranger.json,/subclassFeature/24/name,subclass-feature: Evasion,反射閃避,,proposed,5eclone.pingstudio.tw (legacy exact ENG_name match),0.85,
Event Horizon,subclass-feature,Wizard,Graviturgy,EGW,classic-or-other,1,data/class/class-wizard.json,/subclassFeature/10/name,subclass-feature: Event Horizon,事件視界,,proposed,5eclone.pingstudio.tw (legacy exact ENG_name match),0.85,
Eventide's Splendor,subclass-feature,Bard,Moon,FRHoF,classic-or-other,1,data/class/class-bard.json,/subclassFeature/50/name,subclass-feature: Eventide's Splendor,,,pending,,0.50,
Ever-Ready Shot,subclass-feature,Fighter,Arcane Archer,XGE,classic-or-other,1,data/class/class-fighter.json,/subclassFeature/72/name,subclass-feature: Ever-Ready Shot,常備射擊,,proposed,5eclone.pingstudio.tw (legacy exact ENG_name match),0.85,
Evocation Savant,subclass-feature,Wizard,Evocation; Evoker,PHB; XPHB,classic-or-other; one,2,data/class/class-wizard.json,/subclassFeature/36/name,subclass-feature: Evocation Savant,塑能學者,,proposed,5eclone.pingstudio.tw (legacy exact ENG_name match),0.85,
Evoker,subclass-feature,Wizard,Evoker,XPHB,one,1,data/class/class-wizard.json,/subclassFeature/109/name,subclass-feature: Evoker,,,pending,,0.50,
Exalted Champion,subclass-feature,Paladin,Crown,SCAG,classic-or-other,1,data/class/class-paladin.json,/subclassFeature/43/name,subclass-feature: Exalted Champion,崇高衛士,,proposed,5eclone.pingstudio.tw (legacy exact ENG_name match),0.85,
Exceptional Training,subclass-feature,Ranger,Beast Master,PHB; XPHB,classic-or-other; one,2,data/class/class-ranger.json,/subclassFeature/9/name,subclass-feature: Exceptional Training,超絕訓練,,proposed,5eclone.pingstudio.tw (legacy exact ENG_name match),0.85,
Expansive Bond,subclass-feature,Cleric,Peace,TCE,classic-or-other,1,data/class/class-cleric.json,/subclassFeature/116/name,subclass-feature: Expansive Bond,增強聯結,,proposed,5eclone.pingstudio.tw (legacy exact ENG_name match),0.85,
Experimental Elixir,subclass-feature,Artificer,Alchemist,EFA; TCE,classic-or-other,2,data/class/class-artificer.json,/subclassFeature/2/name,subclass-feature: Experimental Elixir,實驗性靈藥,,proposed,5eclone.pingstudio.tw (legacy exact ENG_name match),0.85,
Expert Divination,subclass-feature,Wizard,Divination; Diviner,PHB; XPHB,classic-or-other; one,2,data/class/class-wizard.json,/subclassFeature/26/name,subclass-feature: Expert Divination,預言專家,,proposed,5eclone.pingstudio.tw (legacy exact ENG_name match),0.85,
Explosive Cannon,subclass-feature,Artificer,Artillerist,EFA; TCE,classic-or-other,2,data/class/class-artificer.json,/subclassFeature/23/name,subclass-feature: Explosive Cannon,高爆炮臺,,proposed,5eclone.pingstudio.tw (legacy exact ENG_name match),0.85,
Extra Attack,subclass-feature,Artificer; Bard; Wizard,Armorer; Battle Smith; Bladesinger; Bladesinging; Swords; Valor,EFA; FRHoF; PHB; TCE; XGE; XPHB,classic-or-other; one,9,data/class/class-artificer.json,/subclassFeature/15/name,subclass-feature: Extra Attack,額外攻擊,,proposed,5eclone.pingstudio.tw (legacy exact ENG_name match),0.85,
Extra Elemental Discipline,subclass-feature,Monk,Four Elements,PHB,classic-or-other,3,data/class/class-monk.json,/subclassFeature/9/name,subclass-feature: Extra Elemental Discipline,額外四象法門,,proposed,5eclone.pingstudio.tw (legacy exact ENG_name match),0.85,
Eye for Detail,subclass-feature,Rogue,Inquisitive,XGE,classic-or-other,1,data/class/class-rogue.json,/subclassFeature/36/name,subclass-feature: Eye for Detail,明察之眼,,proposed,5eclone.pingstudio.tw (legacy exact ENG_name match),0.85,
Eye for Weakness,subclass-feature,Rogue,Inquisitive,XGE,classic-or-other,1,data/class/class-rogue.json,/subclassFeature/40/name,subclass-feature: Eye for Weakness,識破弱點,,proposed,5eclone.pingstudio.tw (legacy exact ENG_name match),0.85,
Eyes of Night,subclass-feature,Cleric,Twilight,TCE,classic-or-other,1,data/class/class-cleric.json,/subclassFeature/119/name,subclass-feature: Eyes of Night,黑夜明目,,proposed,5eclone.pingstudio.tw (legacy exact ENG_name match),0.85,
Eyes of the Dark,subclass-feature,Sorcerer,Shadow,XGE,classic-or-other,1,data/class/class-sorcerer.json,/subclassFeature/44/name,subclass-feature: Eyes of the Dark,幽暗之瞳,,proposed,5eclone.pingstudio.tw (legacy exact ENG_name match),0.85,
Eyes of the Grave,subclass-feature,Cleric,Grave,XGE,classic-or-other,1,data/class/class-cleric.json,/subclassFeature/136/name,subclass-feature: Eyes of the Grave,墳墓之眼,,proposed,5eclone.pingstudio.tw (legacy exact ENG_name match),0.85,
Faithful Summons,subclass-feature,Druid,Shepherd,XGE,classic-or-other,1,data/class/class-druid.json,/subclassFeature/45/name,subclass-feature: Faithful Summons,忠誠召喚,,proposed,5eclone.pingstudio.tw (legacy exact ENG_name match),0.85,
Fanatical Focus,subclass-feature,Barbarian,Zealot,XGE; XPHB,classic-or-other; one,2,data/class/class-barbarian.json,/subclassFeature/71/name,subclass-feature: Fanatical Focus,狂熱專注,,proposed,5eclone.pingstudio.tw (legacy exact ENG_name match),0.85,
Fancy Footwork,subclass-feature,Rogue,Swashbuckler,XGE,classic-or-other,1,data/class/class-rogue.json,/subclassFeature/54/name,subclass-feature: Fancy Footwork,華麗步法,,proposed,5eclone.pingstudio.tw (legacy exact ENG_name match),0.85,
Fast Hands,subclass-feature,Rogue,Thief,PHB; XPHB,classic-or-other; one,2,data/class/class-rogue.json,/subclassFeature/13/name,subclass-feature: Fast Hands,快手,,proposed,5eclone.pingstudio.tw (legacy exact ENG_name match),0.85,
Fathomless Plunge,subclass-feature,Warlock,Fathomless,TCE,classic-or-other,1,data/class/class-warlock.json,/subclassFeature/26/name,subclass-feature: Fathomless Plunge,海淵傳送,,proposed,5eclone.pingstudio.tw (legacy exact ENG_name match),0.85,
Favored by the Gods,subclass-feature,Sorcerer,Divine Soul,XGE,classic-or-other,1,data/class/class-sorcerer.json,/subclassFeature/39/name,subclass-feature: Favored by the Gods,諸神眷顧,,proposed,5eclone.pingstudio.tw (legacy exact ENG_name match),0.85,
Ferocious Charger,subclass-feature,Fighter,Cavalier,XGE,classic-or-other,1,data/class/class-fighter.json,/subclassFeature/80/name,subclass-feature: Ferocious Charger,勇猛衝鋒,,proposed,5eclone.pingstudio.tw (legacy exact ENG_name match),0.85,
Fey Presence,subclass-feature,Warlock,Archfey,PHB,classic-or-other,1,data/class/class-warlock.json,/subclassFeature/1/name,subclass-feature: Fey Presence,妖精威儀,,proposed,5eclone.pingstudio.tw (legacy exact ENG_name match),0.85,
Fey Reinforcements,subclass-feature,Ranger,Fey Wanderer,TCE; XPHB,classic-or-other; one,2,data/class/class-ranger.json,/subclassFeature/33/name,subclass-feature: Fey Reinforcements,精宸所與,,proposed,5eclone.pingstudio.tw (legacy exact ENG_name match),0.85,
Fey Wanderer,subclass-feature,Ranger,Fey Wanderer,TCE; XPHB,classic-or-other; one,2,data/class/class-ranger.json,/subclassFeature/28/name,subclass-feature: Fey Wanderer,妖精漫遊者,,proposed,5eclone.pingstudio.tw (legacy exact ENG_name match),0.85,
Fey Wanderer Magic,subclass-feature,Ranger,Fey Wanderer,TCE,classic-or-other,1,data/class/class-ranger.json,/subclassFeature/30/name,subclass-feature: Fey Wanderer Magic,妖精漫遊者法術,,proposed,5eclone.pingstudio.tw (legacy exact ENG_name match),0.85,
Fey Wanderer Spells,subclass-feature,Ranger,Fey Wanderer,XPHB,one,1,data/class/class-ranger.json,/subclassFeature/82/name,subclass-feature: Fey Wanderer Spells,,,pending,,0.50,
Fiend Patron,subclass-feature,Warlock,Fiend,XPHB,one,1,data/class/class-warlock.json,/subclassFeature/78/name,subclass-feature: Fiend Patron,,,pending,,0.50,
Fiend Spells,subclass-feature,Warlock,Fiend,XPHB,one,1,data/class/class-warlock.json,/subclassFeature/80/name,subclass-feature: Fiend Spells,,,pending,,0.50,
Fiendish Resilience,subclass-feature,Warlock,Fiend,PHB; XPHB,classic-or-other; one,2,data/class/class-warlock.json,/subclassFeature/8/name,subclass-feature: Fiendish Resilience,邪魔韌性,,proposed,5eclone.pingstudio.tw (legacy exact ENG_name match),0.85,
Fiery Soul,subclass-feature,Sorcerer,Pyromancer (PSK),PSK,classic-or-other,1,data/class/class-sorcerer.json,/subclassFeature/23/name,subclass-feature: Fiery Soul,,,pending,,0.50,
Fighting Spirit,subclass-feature,Fighter,Samurai,XGE,classic-or-other,1,data/class/class-fighter.json,/subclassFeature/84/name,subclass-feature: Fighting Spirit,戰鬥之魂,,proposed,5eclone.pingstudio.tw (legacy exact ENG_name match),0.85,
Fighting Style,subclass-feature,Bard,Swords,XGE,classic-or-other,1,data/class/class-bard.json,/subclassFeature/38/name,subclass-feature: Fighting Style,戰鬥風格,,proposed,5eclone.pingstudio.tw (legacy exact ENG_name match),0.85,
Fire in the Veins,subclass-feature,Sorcerer,Pyromancer (PSK),PSK,classic-or-other,1,data/class/class-sorcerer.json,/subclassFeature/21/name,subclass-feature: Fire in the Veins,,,pending,,0.50,
Fleet Step,subclass-feature,Monk,Open Hand,XPHB,one,1,data/class/class-monk.json,/subclassFeature/76/name,subclass-feature: Fleet Step,,,pending,,0.50,
Flurry of Healing and Harm,subclass-feature,Monk,Mercy,TCE; XPHB,classic-or-other; one,2,data/class/class-monk.json,/subclassFeature/38/name,subclass-feature: Flurry of Healing and Harm,活殺自在,,proposed,5eclone.pingstudio.tw (legacy exact ENG_name match),0.85,
Focused Conjuration,subclass-feature,Wizard,Conjuration,PHB,classic-or-other,1,data/class/class-wizard.json,/subclassFeature/21/name,subclass-feature: Focused Conjuration,咒法專注,,proposed,5eclone.pingstudio.tw (legacy exact ENG_name match),0.85,
Forge Domain,subclass-feature,Cleric,Forge,XGE,classic-or-other,2,data/class/class-cleric.json,/subclassFeature/126/name,subclass-feature: Forge Domain,鍛造領域,,proposed,5eclone.pingstudio.tw (legacy exact ENG_name match),0.85,
Form of Dread,subclass-feature,Warlock,Undead,RHW; VRGR,classic-or-other,2,data/class/class-warlock.json,/subclassFeature/35/name,subclass-feature: Form of Dread,戰慄形態,,proposed,5eclone.pingstudio.tw (legacy exact ENG_name match),0.85,
Form of the Beast,subclass-feature,Barbarian,Beast,TCE,classic-or-other,1,data/class/class-barbarian.json,/subclassFeature/39/name,subclass-feature: Form of the Beast,野獸之形,,proposed,5eclone.pingstudio.tw (legacy exact ENG_name match),0.85,
Forms of Your Astral Self,subclass-feature,Monk,Astral Self,TCE,classic-or-other,1,data/class/class-monk.json,/subclassFeature/29/name,subclass-feature: Forms of Your Astral Self,你的星我形態,,proposed,5eclone.pingstudio.tw (legacy exact ENG_name match),0.85,
Fortified Position,subclass-feature,Artificer,Artillerist,EFA; TCE,classic-or-other,2,data/class/class-artificer.json,/subclassFeature/24/name,subclass-feature: Fortified Position,堅固要塞,,proposed,5eclone.pingstudio.tw (legacy exact ENG_name match),0.85,
Fortifying Soul,subclass-feature,Ranger,Winter Walker,FRHoF,classic-or-other,1,data/class/class-ranger.json,/subclassFeature/66/name,subclass-feature: Fortifying Soul,,,pending,,0.50,
Frenzy,subclass-feature,Barbarian,Berserker,PHB; XPHB,classic-or-other; one,2,data/class/class-barbarian.json,/subclassFeature/7/name,subclass-feature: Frenzy,狂怒,,proposed,5eclone.pingstudio.tw (legacy exact ENG_name match),0.85,
Frigid Explorer,subclass-feature,Ranger,Winter Walker,FRHoF,classic-or-other,1,data/class/class-ranger.json,/subclassFeature/62/name,subclass-feature: Frigid Explorer,,,pending,,0.50,
Frozen Haunt,subclass-feature,Ranger,Winter Walker,FRHoF,classic-or-other,1,data/class/class-ranger.json,/subclassFeature/68/name,subclass-feature: Frozen Haunt,,,pending,,0.50,
Full of Stars,subclass-feature,Druid,Stars,TCE; XPHB,classic-or-other; one,2,data/class/class-druid.json,/subclassFeature/28/name,subclass-feature: Full of Stars,燦若繁星,,proposed,5eclone.pingstudio.tw (legacy exact ENG_name match),0.85,
Fungal Body,subclass-feature,Druid,Spores,TCE,classic-or-other,1,data/class/class-druid.json,/subclassFeature/19/name,subclass-feature: Fungal Body,真菌身軀,,proposed,5eclone.pingstudio.tw (legacy exact ENG_name match),0.85,
Fungal Infestation,subclass-feature,Druid,Spores,TCE,classic-or-other,1,data/class/class-druid.json,/subclassFeature/17/name,subclass-feature: Fungal Infestation,真菌感染,,proposed,5eclone.pingstudio.tw (legacy exact ENG_name match),0.85,
Gathered Swarm,subclass-feature,Ranger,Swarmkeeper,TCE,classic-or-other,1,data/class/class-ranger.json,/subclassFeature/36/name,subclass-feature: Gathered Swarm,蜂聚集羣,,proposed,5eclone.pingstudio.tw (legacy exact ENG_name match),0.85,
Genie Spells,subclass-feature,Paladin,Noble Genies,FRHoF,classic-or-other,1,data/class/class-paladin.json,/subclassFeature/84/name,subclass-feature: Genie Spells,,,pending,,0.50,
Genie's Splendor,subclass-feature,Paladin,Noble Genies,FRHoF,classic-or-other,1,data/class/class-paladin.json,/subclassFeature/85/name,subclass-feature: Genie's Splendor,,,pending,,0.50,
Genie's Vessel,subclass-feature,Warlock,Genie,TCE,classic-or-other,1,data/class/class-warlock.json,/subclassFeature/30/name,subclass-feature: Genie's Vessel,巨靈器皿,,proposed,5eclone.pingstudio.tw (legacy exact ENG_name match),0.85,
Genie's Wrath,subclass-feature,Warlock,Genie,TCE,classic-or-other,1,data/class/class-warlock.json,/subclassFeature/28/name,subclass-feature: Genie's Wrath,巨靈之怒,,proposed,5eclone.pingstudio.tw (legacy exact ENG_name match),0.85,
Ghost Walk,subclass-feature,Rogue,Phantom,RHW; TCE,classic-or-other,2,data/class/class-rogue.json,/subclassFeature/22/name,subclass-feature: Ghost Walk,幽靈漫步,,proposed,5eclone.pingstudio.tw (legacy exact ENG_name match),0.85,
Giant Killer,subclass-feature,Ranger,Hunter,PHB,classic-or-other,1,data/class/class-ranger.json,/subclassFeature/16/name,subclass-feature: Giant Killer,巨人殺手,,proposed,5eclone.pingstudio.tw (legacy exact ENG_name match),0.85,
Giant Power,subclass-feature,Barbarian,Giant,BGG,classic-or-other,1,data/class/class-barbarian.json,/subclassFeature/0/name,subclass-feature: Giant Power,,,pending,,0.50,
Giant's Havoc,subclass-feature,Barbarian,Giant,BGG,classic-or-other,1,data/class/class-barbarian.json,/subclassFeature/1/name,subclass-feature: Giant's Havoc,,,pending,,0.50,
Giant's Might,subclass-feature,Fighter,Rune Knight,TCE,classic-or-other,1,data/class/class-fighter.json,/subclassFeature/54/name,subclass-feature: Giant's Might,巨人之力,,proposed,5eclone.pingstudio.tw (legacy exact ENG_name match),0.85,
Gift of the Sea,subclass-feature,Warlock,Fathomless,TCE,classic-or-other,1,data/class/class-warlock.json,/subclassFeature/21/name,subclass-feature: Gift of the Sea,海洋饋贈,,proposed,5eclone.pingstudio.tw (legacy exact ENG_name match),0.85,
Gloom Stalker,subclass-feature,Ranger,Gloom Stalker,XGE; XPHB,classic-or-other; one,2,data/class/class-ranger.json,/subclassFeature/41/name,subclass-feature: Gloom Stalker,幽域追蹤者,,proposed,5eclone.pingstudio.tw (legacy exact ENG_name match),0.85,
Gloom Stalker Magic,subclass-feature,Ranger,Gloom Stalker,XGE,classic-or-other,1,data/class/class-ranger.json,/subclassFeature/43/name,subclass-feature: Gloom Stalker Magic,幽域追蹤者魔法,,proposed,5eclone.pingstudio.tw (legacy exact ENG_name match),0.85,
Gloom Stalker Spells,subclass-feature,Ranger,Gloom Stalker,XPHB,one,1,data/class/class-ranger.json,/subclassFeature/89/name,subclass-feature: Gloom Stalker Spells,,,pending,,0.50,
Glorious Defense,subclass-feature,Paladin,Glory,TCE; XPHB,classic-or-other; one,2,data/class/class-paladin.json,/subclassFeature/51/name,subclass-feature: Glorious Defense,輝煌防禦,,proposed,5eclone.pingstudio.tw (legacy exact ENG_name match),0.85,
Grasping Tentacles,subclass-feature,Warlock,Fathomless,TCE,classic-or-other,1,data/class/class-warlock.json,/subclassFeature/25/name,subclass-feature: Grasping Tentacles,擒握觸手,,proposed,5eclone.pingstudio.tw (legacy exact ENG_name match),0.85,
Grave Domain,subclass-feature,Cleric,Grave,RHW; XGE,classic-or-other,3,data/class/class-cleric.json,/subclassFeature/134/name,subclass-feature: Grave Domain,墳墓領域,,proposed,5eclone.pingstudio.tw (legacy exact ENG_name match),0.85,
Grave Domain Spells,subclass-feature,Cleric,Grave,RHW,classic-or-other,1,data/class/class-cleric.json,/subclassFeature/175/name,subclass-feature: Grave Domain Spells,,,pending,,0.50,
Grave Touched,subclass-feature,Warlock,Undead,RHW; VRGR,classic-or-other,2,data/class/class-warlock.json,/subclassFeature/36/name,subclass-feature: Grave Touched,墳冢之觸,,proposed,5eclone.pingstudio.tw (legacy exact ENG_name match),0.85,
Graviturgy Magic,subclass-feature,Wizard,Graviturgy,EGW,classic-or-other,2,data/class/class-wizard.json,/subclassFeature/6/name,subclass-feature: Graviturgy Magic,重力魔法,,proposed,5eclone.pingstudio.tw (legacy exact ENG_name match),0.85,
Gravity Well,subclass-feature,Wizard,Graviturgy,EGW,classic-or-other,1,data/class/class-wizard.json,/subclassFeature/8/name,subclass-feature: Gravity Well,重力井,,proposed,5eclone.pingstudio.tw (legacy exact ENG_name match),0.85,
Great Old One Patron,subclass-feature,Warlock,Great Old One,XPHB,one,1,data/class/class-warlock.json,/subclassFeature/84/name,subclass-feature: Great Old One Patron,,,pending,,0.50,
Great Old One Spells,subclass-feature,Warlock,Great Old One,XPHB,one,1,data/class/class-warlock.json,/subclassFeature/86/name,subclass-feature: Great Old One Spells,,,pending,,0.50,
Great Stature,subclass-feature,Fighter,Rune Knight,TCE,classic-or-other,1,data/class/class-fighter.json,/subclassFeature/59/name,subclass-feature: Great Stature,奇偉身軀,,proposed,5eclone.pingstudio.tw (legacy exact ENG_name match),0.85,
Greater Portent,subclass-feature,Wizard,Divination; Diviner,PHB; XPHB,classic-or-other; one,2,data/class/class-wizard.json,/subclassFeature/28/name,subclass-feature: Greater Portent,高等預兆,,proposed,5eclone.pingstudio.tw (legacy exact ENG_name match),0.85,
Grim Harvest,subclass-feature,Wizard,Necromancy,PHB,classic-or-other,1,data/class/class-wizard.json,/subclassFeature/48/name,subclass-feature: Grim Harvest,殘怖收割,,proposed,5eclone.pingstudio.tw (legacy exact ENG_name match),0.85,
Group Recovery,subclass-feature,Fighter,Banneret,FRHoF,classic-or-other,1,data/class/class-fighter.json,/subclassFeature/90/name,subclass-feature: Group Recovery,,,pending,,0.50,
Guarded Mind,subclass-feature,Fighter,Psi Warrior,TCE; XPHB,classic-or-other; one,2,data/class/class-fighter.json,/subclassFeature/49/name,subclass-feature: Guarded Mind,意念守護,,proposed,5eclone.pingstudio.tw (legacy exact ENG_name match),0.85,
Guardian,subclass-feature,Artificer,Armorer,EFA; TCE,classic-or-other,2,data/class/class-artificer.json,/subclassFeature/12/name,subclass-feature: Guardian,守護者,,proposed,5eclone.pingstudio.tw (legacy exact ENG_name match),0.85,
Guardian Coil,subclass-feature,Warlock,Fathomless,TCE,classic-or-other,1,data/class/class-warlock.json,/subclassFeature/23/name,subclass-feature: Guardian Coil,守衛纏繞,,proposed,5eclone.pingstudio.tw (legacy exact ENG_name match),0.85,
Guardian Spirit,subclass-feature,Druid,Shepherd,XGE,classic-or-other,1,data/class/class-druid.json,/subclassFeature/44/name,subclass-feature: Guardian Spirit,守護精魂,,proposed,5eclone.pingstudio.tw (legacy exact ENG_name match),0.85,
Guided Precision,subclass-feature,Artificer,Cartographer,EFA,classic-or-other,1,data/class/class-artificer.json,/subclassFeature/38/name,subclass-feature: Guided Precision,,,pending,,0.50,
Guided Strike,subclass-feature,Cleric; Paladin,Conquest; War,XGE; XPHB,classic-or-other; one,2,data/class/class-cleric.json,/subclassFeature/210/name,subclass-feature: Guided Strike,,,pending,,0.50,
Guiding Whispers,subclass-feature,Bard,Spirits,VRGR,classic-or-other,1,data/class/class-bard.json,/subclassFeature/22/name,subclass-feature: Guiding Whispers,指引低語,,proposed,5eclone.pingstudio.tw (legacy exact ENG_name match),0.85,
Halo of Spores,subclass-feature,Druid,Spores,TCE,classic-or-other,1,data/class/class-druid.json,/subclassFeature/15/name,subclass-feature: Halo of Spores,孢子光環,,proposed,5eclone.pingstudio.tw (legacy exact ENG_name match),0.85,
Hand of Harm,subclass-feature,Monk,Mercy,TCE; XPHB,classic-or-other; one,2,data/class/class-monk.json,/subclassFeature/34/name,subclass-feature: Hand of Harm,奪命之手,,proposed,5eclone.pingstudio.tw (legacy exact ENG_name match),0.85,
Hand of Healing,subclass-feature,Monk,Mercy,TCE; XPHB,classic-or-other; one,2,data/class/class-monk.json,/subclassFeature/35/name,subclass-feature: Hand of Healing,予命之手,,proposed,5eclone.pingstudio.tw (legacy exact ENG_name match),0.85,
Hand of Ultimate Mercy,subclass-feature,Monk,Mercy,TCE; XPHB,classic-or-other; one,2,data/class/class-monk.json,/subclassFeature/39/name,subclass-feature: Hand of Ultimate Mercy,命極之手,,proposed,5eclone.pingstudio.tw (legacy exact ENG_name match),0.85,
Healing Light,subclass-feature,Warlock,Celestial,XGE; XPHB,classic-or-other; one,2,data/class/class-warlock.json,/subclassFeature/41/name,subclass-feature: Healing Light,治癒之光,,proposed,5eclone.pingstudio.tw (legacy exact ENG_name match),0.85,
Heart of Fire,subclass-feature,Sorcerer,Pyromancer (PSK),PSK,classic-or-other,1,data/class/class-sorcerer.json,/subclassFeature/20/name,subclass-feature: Heart of Fire,,,pending,,0.50,
Heart of the Storm,subclass-feature,Sorcerer,Storm,XGE,classic-or-other,1,data/class/class-sorcerer.json,/subclassFeature/52/name,subclass-feature: Heart of the Storm,暴風之心,,proposed,5eclone.pingstudio.tw (legacy exact ENG_name match),0.85,
Hearth of Moonlight and Shadow,subclass-feature,Druid,Dreams,XGE,classic-or-other,1,data/class/class-druid.json,/subclassFeature/37/name,subclass-feature: Hearth of Moonlight and Shadow,月光與陰影之家,,proposed,5eclone.pingstudio.tw (legacy exact ENG_name match),0.85,
Hermit's Study,subclass-feature,Mystic,Wu Jen,UATheMysticClass,classic-or-other,1,data/class/class-mystic.json,/subclassFeature/32/name,subclass-feature: Hermit's Study,,,pending,,0.50,
Heroic Warrior,subclass-feature,Fighter,Champion,XPHB,one,1,data/class/class-fighter.json,/subclassFeature/108/name,subclass-feature: Heroic Warrior,,,pending,,0.50,
Hex Warrior,subclass-feature,Warlock,Hexblade,XGE,classic-or-other,1,data/class/class-warlock.json,/subclassFeature/46/name,subclass-feature: Hex Warrior,巫咒戰士,,proposed,5eclone.pingstudio.tw (legacy exact ENG_name match),0.85,
Hexblade's Curse,subclass-feature,Warlock,Hexblade,XGE,classic-or-other,1,data/class/class-warlock.json,/subclassFeature/47/name,subclass-feature: Hexblade's Curse,咒劍詛咒,,proposed,5eclone.pingstudio.tw (legacy exact ENG_name match),0.85,
Hidden Paths,subclass-feature,Druid,Dreams,XGE,classic-or-other,1,data/class/class-druid.json,/subclassFeature/38/name,subclass-feature: Hidden Paths,隱匿通途,,proposed,5eclone.pingstudio.tw (legacy exact ENG_name match),0.85,
Hold the Line,subclass-feature,Fighter,Cavalier,XGE,classic-or-other,1,data/class/class-fighter.json,/subclassFeature/79/name,subclass-feature: Hold the Line,堅守戰線,,proposed,5eclone.pingstudio.tw (legacy exact ENG_name match),0.85,
Hollow Warden,subclass-feature,Ranger,Hollow Warden,RHW,classic-or-other,1,data/class/class-ranger.json,/subclassFeature/69/name,subclass-feature: Hollow Warden,,,pending,,0.50,
Hollow Warden Spells,subclass-feature,Ranger,Hollow Warden,RHW,classic-or-other,1,data/class/class-ranger.json,/subclassFeature/70/name,subclass-feature: Hollow Warden Spells,,,pending,,0.50,
Holy Nimbus,subclass-feature,Paladin,Devotion,PHB; XPHB,classic-or-other; one,2,data/class/class-paladin.json,/subclassFeature/25/name,subclass-feature: Holy Nimbus,神聖光輪,,proposed,5eclone.pingstudio.tw (legacy exact ENG_name match),0.85,
Homing Strikes,subclass-feature,Rogue,Soulknife,TCE; XPHB,classic-or-other; one,2,data/class/class-rogue.json,/subclassFeature/29/name,subclass-feature: Homing Strikes,尋的攻擊,,proposed,5eclone.pingstudio.tw (legacy exact ENG_name match),0.85,
Hone the Blade,subclass-feature,Mystic,Soul Knife,UATheMysticClass,classic-or-other,1,data/class/class-mystic.json,/subclassFeature/27/name,subclass-feature: Hone the Blade,,,pending,,0.50,
Honed Spellfire,subclass-feature,Sorcerer,Spellfire,FRHoF,classic-or-other,1,data/class/class-sorcerer.json,/subclassFeature/63/name,subclass-feature: Honed Spellfire,,,pending,,0.50,
Horde Breaker,subclass-feature,Ranger,Hunter,PHB,classic-or-other,1,data/class/class-ranger.json,/subclassFeature/13/name,subclass-feature: Horde Breaker,滅族者,,proposed,5eclone.pingstudio.tw (legacy exact ENG_name match),0.85,
Horizon Walker,subclass-feature,Ranger,Horizon Walker,XGE,classic-or-other,1,data/class/class-ranger.json,/subclassFeature/48/name,subclass-feature: Horizon Walker,境界行者,,proposed,5eclone.pingstudio.tw (legacy exact ENG_name match),0.85,
Horizon Walker Magic,subclass-feature,Ranger,Horizon Walker,XGE,classic-or-other,1,data/class/class-ranger.json,/subclassFeature/50/name,subclass-feature: Horizon Walker Magic,境界行者魔法,,proposed,5eclone.pingstudio.tw (legacy exact ENG_name match),0.85,
Hound of Ill Omen,subclass-feature,Sorcerer,Shadow,XGE,classic-or-other,1,data/class/class-sorcerer.json,/subclassFeature/46/name,subclass-feature: Hound of Ill Omen,凶兆獵犬,,proposed,5eclone.pingstudio.tw (legacy exact ENG_name match),0.85,
Hour of Reaping,subclass-feature,Monk,Long Death,SCAG,classic-or-other,1,data/class/class-monk.json,/subclassFeature/24/name,subclass-feature: Hour of Reaping,索命之時,,proposed,5eclone.pingstudio.tw (legacy exact ENG_name match),0.85,
Hungering Might,subclass-feature,Ranger,Hollow Warden,RHW,classic-or-other,1,data/class/class-ranger.json,/subclassFeature/72/name,subclass-feature: Hungering Might,,,pending,,0.50,
Hunter,subclass-feature,Ranger,Hunter,PHB; XPHB,classic-or-other; one,2,data/class/class-ranger.json,/subclassFeature/12/name,subclass-feature: Hunter,獵人,,proposed,5eclone.pingstudio.tw (legacy exact ENG_name match),0.85,
Hunter's Lore,subclass-feature,Ranger,Hunter,XPHB,one,1,data/class/class-ranger.json,/subclassFeature/95/name,subclass-feature: Hunter's Lore,,,pending,,0.50,
Hunter's Prey,subclass-feature,Ranger,Hunter,PHB; XPHB,classic-or-other; one,2,data/class/class-ranger.json,/subclassFeature/14/name,subclass-feature: Hunter's Prey,狩者獵物,,proposed,5eclone.pingstudio.tw (legacy exact ENG_name match),0.85,
Hunter's Rime,subclass-feature,Ranger,Winter Walker,FRHoF,classic-or-other,1,data/class/class-ranger.json,/subclassFeature/63/name,subclass-feature: Hunter's Rime,,,pending,,0.50,
Hunter's Sense,subclass-feature,Ranger,Monster Slayer,XGE,classic-or-other,1,data/class/class-ranger.json,/subclassFeature/56/name,subclass-feature: Hunter's Sense,獵人感知,,proposed,5eclone.pingstudio.tw (legacy exact ENG_name match),0.85,
Hurl Through Hell,subclass-feature,Warlock,Fiend,PHB; XPHB,classic-or-other; one,2,data/class/class-warlock.json,/subclassFeature/9/name,subclass-feature: Hurl Through Hell,直墮地獄,,proposed,5eclone.pingstudio.tw (legacy exact ENG_name match),0.85,
Hypnotic Gaze,subclass-feature,Wizard,Enchantment,PHB,classic-or-other,1,data/class/class-wizard.json,/subclassFeature/31/name,subclass-feature: Hypnotic Gaze,催眠凝視,,proposed,5eclone.pingstudio.tw (legacy exact ENG_name match),0.85,
Illusion Savant,subclass-feature,Wizard,Illusion; Illusionist,PHB; XPHB,classic-or-other; one,2,data/class/class-wizard.json,/subclassFeature/42/name,subclass-feature: Illusion Savant,幻術學者,,proposed,5eclone.pingstudio.tw (legacy exact ENG_name match),0.85,
Illusionist,subclass-feature,Wizard,Illusionist,XPHB,one,1,data/class/class-wizard.json,/subclassFeature/115/name,subclass-feature: Illusionist,,,pending,,0.50,
Illusory Reality,subclass-feature,Wizard,Illusion; Illusionist,PHB; XPHB,classic-or-other; one,2,data/class/class-wizard.json,/subclassFeature/46/name,subclass-feature: Illusory Reality,亦真亦幻,,proposed,5eclone.pingstudio.tw (legacy exact ENG_name match),0.85,
Illusory Self,subclass-feature,Wizard,Illusion; Illusionist,PHB; XPHB,classic-or-other; one,2,data/class/class-wizard.json,/subclassFeature/45/name,subclass-feature: Illusory Self,,,pending,,0.50,
Immortal Durability,subclass-feature,Mystic,Immortal,UATheMysticClass,classic-or-other,1,data/class/class-mystic.json,/subclassFeature/14/name,subclass-feature: Immortal Durability,,,pending,,0.50,
Immortal Will,subclass-feature,Mystic,Immortal,UATheMysticClass,classic-or-other,1,data/class/class-mystic.json,/subclassFeature/17/name,subclass-feature: Immortal Will,,,pending,,0.50,
Implement of Peace,subclass-feature,Cleric,Peace,TCE,classic-or-other,1,data/class/class-cleric.json,/subclassFeature/111/name,subclass-feature: Implement of Peace,和平執行,,proposed,5eclone.pingstudio.tw (legacy exact ENG_name match),0.85,
Implements of Mercy,subclass-feature,Monk,Mercy,TCE; XPHB,classic-or-other; one,2,data/class/class-monk.json,/subclassFeature/36/name,subclass-feature: Implements of Mercy,命流之器,,proposed,5eclone.pingstudio.tw (legacy exact ENG_name match),0.85,
Impostor,subclass-feature,Rogue,Assassin,PHB,classic-or-other,1,data/class/class-rogue.json,/subclassFeature/10/name,subclass-feature: Impostor,冒充者,,proposed,5eclone.pingstudio.tw (legacy exact ENG_name match),0.85,
Improved Abjuration,subclass-feature,Wizard,Abjuration,PHB,classic-or-other,1,data/class/class-wizard.json,/subclassFeature/15/name,subclass-feature: Improved Abjuration,精通防護,,proposed,5eclone.pingstudio.tw (legacy exact ENG_name match),0.85,
Improved Armorer,subclass-feature,Artificer,Armorer,EFA,classic-or-other,1,data/class/class-artificer.json,/subclassFeature/16/name,subclass-feature: Improved Armorer,,,pending,,0.50,
Improved Circle Forms,subclass-feature,Druid,Moon,XPHB,one,1,data/class/class-druid.json,/subclassFeature/62/name,subclass-feature: Improved Circle Forms,,,pending,,0.50,
Improved Combat Superiority,subclass-feature,Fighter,Battle Master,XPHB,one,1,data/class/class-fighter.json,/subclassFeature/101/name,subclass-feature: Improved Combat Superiority,,,pending,,0.50,
Improved Combat Superiority (d10),subclass-feature,Fighter,Battle Master,PHB,classic-or-other,1,data/class/class-fighter.json,/subclassFeature/16/name,subclass-feature: Improved Combat Superiority (d10),精通戰鬥卓越(d10),,proposed,5eclone.pingstudio.tw (legacy exact ENG_name match),0.85,
Improved Combat Superiority (d12),subclass-feature,Fighter,Battle Master,PHB,classic-or-other,1,data/class/class-fighter.json,/subclassFeature/20/name,subclass-feature: Improved Combat Superiority (d12),精通戰鬥卓越(d12),,proposed,5eclone.pingstudio.tw (legacy exact ENG_name match),0.85,
Improved Critical,subclass-feature,Fighter,Champion,PHB; XPHB,classic-or-other; one,2,data/class/class-fighter.json,/subclassFeature/22/name,subclass-feature: Improved Critical,強化重擊,精通重擊,conflict,5eclone.pingstudio.tw (preferred candidate); project glossary alternatives,0.65,5eclone candidate is listed first; alternatives require user approval.
Improved Defender,subclass-feature,Artificer,Battle Smith,EFA; TCE,classic-or-other,2,data/class/class-artificer.json,/subclassFeature/32/name,subclass-feature: Improved Defender,改良守衛,,proposed,5eclone.pingstudio.tw (legacy exact ENG_name match),0.85,
Improved Duplicity,subclass-feature,Cleric,Ambition (PSA); Trickery,PHB; PSA; XPHB,classic-or-other; one,3,data/class/class-cleric.json,/subclassFeature/53/name,subclass-feature: Improved Duplicity,強化假體,,proposed,5eclone.pingstudio.tw (legacy exact ENG_name match),0.85,
Improved Flare,subclass-feature,Cleric,Light,PHB,classic-or-other,1,data/class/class-cleric.json,/subclassFeature/27/name,subclass-feature: Improved Flare,強化閃耀,,proposed,5eclone.pingstudio.tw (legacy exact ENG_name match),0.85,
Improved Illusions,subclass-feature,Wizard,Illusionist,XPHB,one,1,data/class/class-wizard.json,/subclassFeature/117/name,subclass-feature: Improved Illusions,,,pending,,0.50,
Improved Minor Illusion,subclass-feature,Wizard,Illusion,PHB,classic-or-other,1,data/class/class-wizard.json,/subclassFeature/43/name,subclass-feature: Improved Minor Illusion,精通次級幻象,,proposed,5eclone.pingstudio.tw (legacy exact ENG_name match),0.85,
Improved Reanimation,subclass-feature,Artificer,Reanimator,RHW,classic-or-other,1,data/class/class-artificer.json,/subclassFeature/46/name,subclass-feature: Improved Reanimation,,,pending,,0.50,
Improved Reaper,subclass-feature,Cleric,Death,DMG,classic-or-other,1,data/class/class-cleric.json,/subclassFeature/7/name,subclass-feature: Improved Reaper,精通收割者,,proposed,5eclone.pingstudio.tw (legacy exact ENG_name match),0.85,
Improved Shadow Step,subclass-feature,Monk,Shadow,XPHB,one,1,data/class/class-monk.json,/subclassFeature/84/name,subclass-feature: Improved Shadow Step,,,pending,,0.50,
Improved War Magic,subclass-feature,Fighter,Eldritch Knight,PHB; XPHB,classic-or-other; one,2,data/class/class-fighter.json,/subclassFeature/33/name,subclass-feature: Improved War Magic,精通戰爭魔法,,proposed,5eclone.pingstudio.tw (legacy exact ENG_name match),0.85,
Improved Warding Flare,subclass-feature,Cleric,Light,XPHB,one,1,data/class/class-cleric.json,/subclassFeature/201/name,subclass-feature: Improved Warding Flare,,,pending,,0.50,
Indestructible Life,subclass-feature,Warlock,Undying,SCAG,classic-or-other,1,data/class/class-warlock.json,/subclassFeature/19/name,subclass-feature: Indestructible Life,不滅生命,,proposed,5eclone.pingstudio.tw (legacy exact ENG_name match),0.85,
Inescapable Destruction,subclass-feature,Cleric,Death,DMG,classic-or-other,1,data/class/class-cleric.json,/subclassFeature/4/name,subclass-feature: Inescapable Destruction,命定毀傷,,proposed,5eclone.pingstudio.tw (legacy exact ENG_name match),0.85,
Infectious Fury,subclass-feature,Barbarian,Beast,TCE,classic-or-other,1,data/class/class-barbarian.json,/subclassFeature/41/name,subclass-feature: Infectious Fury,怒火侵蝕,,proposed,5eclone.pingstudio.tw (legacy exact ENG_name match),0.85,
Infectious Inspiration,subclass-feature,Bard,Eloquence,TCE,classic-or-other,1,data/class/class-bard.json,/subclassFeature/20/name,subclass-feature: Infectious Inspiration,啓悟傳播,,proposed,5eclone.pingstudio.tw (legacy exact ENG_name match),0.85,
Infiltration Expertise,subclass-feature,Rogue,Assassin,PHB; XPHB,classic-or-other; one,2,data/class/class-rogue.json,/subclassFeature/9/name,subclass-feature: Infiltration Expertise,專業滲透,,proposed,5eclone.pingstudio.tw (legacy exact ENG_name match),0.85,
Infiltrator,subclass-feature,Artificer,Armorer,EFA; TCE,classic-or-other,2,data/class/class-artificer.json,/subclassFeature/13/name,subclass-feature: Infiltrator,滲透者,,proposed,5eclone.pingstudio.tw (legacy exact ENG_name match),0.85,
Ingenious Movement,subclass-feature,Artificer,Cartographer,EFA,classic-or-other,1,data/class/class-artificer.json,/subclassFeature/39/name,subclass-feature: Ingenious Movement,,,pending,,0.50,
Inquisitive,subclass-feature,Rogue,Inquisitive,XGE,classic-or-other,1,data/class/class-rogue.json,/subclassFeature/34/name,subclass-feature: Inquisitive,審訊者,,proposed,5eclone.pingstudio.tw (legacy exact ENG_name match),0.85,
Insightful Fighting,subclass-feature,Rogue,Inquisitive,XGE,classic-or-other,1,data/class/class-rogue.json,/subclassFeature/37/name,subclass-feature: Insightful Fighting,戰鬥洞察,,proposed,5eclone.pingstudio.tw (legacy exact ENG_name match),0.85,
Insightful Manipulator,subclass-feature,Rogue,Mastermind,XGE,classic-or-other,1,data/class/class-rogue.json,/subclassFeature/44/name,subclass-feature: Insightful Manipulator,洞察能手,,proposed,5eclone.pingstudio.tw (legacy exact ENG_name match),0.85,
Inspiring Commander,subclass-feature,Fighter,Banneret,FRHoF,classic-or-other,1,data/class/class-fighter.json,/subclassFeature/95/name,subclass-feature: Inspiring Commander,,,pending,,0.50,
Inspiring Movement,subclass-feature,Bard,Dance,XPHB,one,1,data/class/class-bard.json,/subclassFeature/62/name,subclass-feature: Inspiring Movement,,,pending,,0.50,
Inspiring Smite,subclass-feature,Paladin,Glory,TCE; XPHB,classic-or-other; one,2,data/class/class-paladin.json,/subclassFeature/48/name,subclass-feature: Inspiring Smite,鼓舞一擊,,proposed,5eclone.pingstudio.tw (legacy exact ENG_name match),0.85,
Inspiring Surge,subclass-feature,Fighter,Purple Dragon Knight (Banneret),SCAG,classic-or-other,2,data/class/class-fighter.json,/subclassFeature/38/name,subclass-feature: Inspiring Surge,振奮之潮,,proposed,5eclone.pingstudio.tw (legacy exact ENG_name match),0.85,
Instinctive Charm,subclass-feature,Wizard,Enchantment,PHB,classic-or-other,1,data/class/class-wizard.json,/subclassFeature/32/name,subclass-feature: Instinctive Charm,本能魅惑,,proposed,5eclone.pingstudio.tw (legacy exact ENG_name match),0.85,
Intimidating Presence,subclass-feature,Barbarian,Berserker,PHB; XPHB,classic-or-other; one,2,data/class/class-barbarian.json,/subclassFeature/9/name,subclass-feature: Intimidating Presence,威懾之姿,,proposed,5eclone.pingstudio.tw (legacy exact ENG_name match),0.85,
Intoxicated Frenzy,subclass-feature,Monk,Drunken Master,XGE,classic-or-other,1,data/class/class-monk.json,/subclassFeature/47/name,subclass-feature: Intoxicated Frenzy,酒瘋狂醉,,proposed,5eclone.pingstudio.tw (legacy exact ENG_name match),0.85,
Inured to Undeath,subclass-feature,Wizard,Necromancy,PHB,classic-or-other,1,data/class/class-wizard.json,/subclassFeature/51/name,subclass-feature: Inured to Undeath,不死適應,,proposed,5eclone.pingstudio.tw (legacy exact ENG_name match),0.85,
Invincible Conqueror,subclass-feature,Paladin,Conquest,XGE,classic-or-other,1,data/class/class-paladin.json,/subclassFeature/70/name,subclass-feature: Invincible Conqueror,無敵征服者,,proposed,5eclone.pingstudio.tw (legacy exact ENG_name match),0.85,
Invoke Duplicity,subclass-feature,Cleric,Trickery,XPHB,one,1,data/class/class-cleric.json,/subclassFeature/205/name,subclass-feature: Invoke Duplicity,,,pending,,0.50,
Iron Mind,subclass-feature,Ranger,Gloom Stalker,XGE; XPHB,classic-or-other; one,2,data/class/class-ranger.json,/subclassFeature/45/name,subclass-feature: Iron Mind,鋼鐵心智,,proposed,5eclone.pingstudio.tw (legacy exact ENG_name match),0.85,
Keeper of Souls,subclass-feature,Cleric,Grave,XGE,classic-or-other,1,data/class/class-cleric.json,/subclassFeature/141/name,subclass-feature: Keeper of Souls,守魂者,,proposed,5eclone.pingstudio.tw (legacy exact ENG_name match),0.85,
Kensei's Shot,subclass-feature,Monk,Kensei,XGE,classic-or-other,1,data/class/class-monk.json,/subclassFeature/49/name,subclass-feature: Kensei's Shot,劍聖神射,,proposed,5eclone.pingstudio.tw (legacy exact ENG_name match),0.85,
Knightly Envoy,subclass-feature,Fighter,Banneret,FRHoF,classic-or-other,1,data/class/class-fighter.json,/subclassFeature/91/name,subclass-feature: Knightly Envoy,,,pending,,0.50,
Know Your Enemy,subclass-feature,Fighter,Battle Master,PHB; XPHB,classic-or-other; one,2,data/class/class-fighter.json,/subclassFeature/14/name,subclass-feature: Know Your Enemy,知己知彼,,proposed,5eclone.pingstudio.tw (legacy exact ENG_name match),0.85,
Knowledge Domain,subclass-feature,Cleric,Knowledge,FRHoF; PHB,classic-or-other,3,data/class/class-cleric.json,/subclassFeature/8/name,subclass-feature: Knowledge Domain,知識領域,,proposed,5eclone.pingstudio.tw (legacy exact ENG_name match),0.85,
Knowledge Domain (PSA),subclass-feature,Cleric,Knowledge (PSA),PSA,classic-or-other,2,data/class/class-cleric.json,/subclassFeature/69/name,subclass-feature: Knowledge Domain (PSA),知識領域(PSA),,proposed,5eclone.pingstudio.tw (legacy exact ENG_name match),0.85,
Knowledge Domain Spells,subclass-feature,Cleric,Knowledge,FRHoF,classic-or-other,1,data/class/class-cleric.json,/subclassFeature/146/name,subclass-feature: Knowledge Domain Spells,,,pending,,0.50,
Land's Aid,subclass-feature,Druid,Land,XPHB,one,1,data/class/class-druid.json,/subclassFeature/55/name,subclass-feature: Land's Aid,,,pending,,0.50,
Land's Stride,subclass-feature,Druid,Land,PHB,classic-or-other,1,data/class/class-druid.json,/subclassFeature/4/name,subclass-feature: Land's Stride,大地行者,,proposed,5eclone.pingstudio.tw (legacy exact ENG_name match),0.85,
Leading Evasion,subclass-feature,Bard,Dance,XPHB,one,1,data/class/class-bard.json,/subclassFeature/64/name,subclass-feature: Leading Evasion,,,pending,,0.50,
Leap to Your Feet,subclass-feature,Monk,Drunken Master,XGE,classic-or-other,1,data/class/class-monk.json,/subclassFeature/43/name,subclass-feature: Leap to Your Feet,鯉魚打挺,,proposed,5eclone.pingstudio.tw (legacy exact ENG_name match),0.85,
Legion of One,subclass-feature,Fighter,Echo Knight,EGW,classic-or-other,1,data/class/class-fighter.json,/subclassFeature/6/name,subclass-feature: Legion of One,一人成軍,,proposed,5eclone.pingstudio.tw (legacy exact ENG_name match),0.85,
Life Domain,subclass-feature,Cleric,Life,PHB; XPHB,classic-or-other; one,3,data/class/class-cleric.json,/subclassFeature/15/name,subclass-feature: Life Domain,生命領域,,proposed,5eclone.pingstudio.tw (legacy exact ENG_name match),0.85,
Life Domain Spells,subclass-feature,Cleric,Life,XPHB,one,1,data/class/class-cleric.json,/subclassFeature/193/name,subclass-feature: Life Domain Spells,,,pending,,0.50,
Light Domain,subclass-feature,Cleric,Light,PHB; XPHB,classic-or-other; one,3,data/class/class-cleric.json,/subclassFeature/23/name,subclass-feature: Light Domain,光明領域,,proposed,5eclone.pingstudio.tw (legacy exact ENG_name match),0.85,
Light Domain Spells,subclass-feature,Cleric,Light,XPHB,one,1,data/class/class-cleric.json,/subclassFeature/198/name,subclass-feature: Light Domain Spells,,,pending,,0.50,
Lightning Launcher,subclass-feature,Artificer,Armorer,TCE,classic-or-other,1,data/class/class-artificer.json,/subclassFeature/59/name,subclass-feature: Lightning Launcher,,,pending,,0.50,
Limited Wish,subclass-feature,Warlock,Genie,TCE,classic-or-other,1,data/class/class-warlock.json,/subclassFeature/33/name,subclass-feature: Limited Wish,有限許願術,,proposed,5eclone.pingstudio.tw (legacy exact ENG_name match),0.85,
Living Legend,subclass-feature,Paladin,Glory,TCE; XPHB,classic-or-other; one,2,data/class/class-paladin.json,/subclassFeature/52/name,subclass-feature: Living Legend,現世傳說,,proposed,5eclone.pingstudio.tw (legacy exact ENG_name match),0.85,
Lunar Boons,subclass-feature,Sorcerer,Lunar,DSotDQ,classic-or-other,1,data/class/class-sorcerer.json,/subclassFeature/3/name,subclass-feature: Lunar Boons,,,pending,,0.50,
Lunar Embodiment,subclass-feature,Sorcerer,Lunar,DSotDQ,classic-or-other,1,data/class/class-sorcerer.json,/subclassFeature/1/name,subclass-feature: Lunar Embodiment,,,pending,,0.50,
Lunar Empowerment,subclass-feature,Sorcerer,Lunar,DSotDQ,classic-or-other,1,data/class/class-sorcerer.json,/subclassFeature/5/name,subclass-feature: Lunar Empowerment,,,pending,,0.50,
Lunar Form,subclass-feature,Druid,Moon,XPHB,one,1,data/class/class-druid.json,/subclassFeature/64/name,subclass-feature: Lunar Form,,,pending,,0.50,
Lunar Phenomenon,subclass-feature,Sorcerer,Lunar,DSotDQ,classic-or-other,1,data/class/class-sorcerer.json,/subclassFeature/6/name,subclass-feature: Lunar Phenomenon,,,pending,,0.50,
Lunar Sorcery,subclass-feature,Sorcerer,Lunar,DSotDQ,classic-or-other,2,data/class/class-sorcerer.json,/subclassFeature/0/name,subclass-feature: Lunar Sorcery,,,pending,,0.50,
Macabre Modifications,subclass-feature,Artificer,Reanimator,RHW,classic-or-other,1,data/class/class-artificer.json,/subclassFeature/47/name,subclass-feature: Macabre Modifications,,,pending,,0.50,
Mage Hand Legerdemain,subclass-feature,Rogue,Arcane Trickster,PHB; XPHB,classic-or-other; one,2,data/class/class-rogue.json,/subclassFeature/1/name,subclass-feature: Mage Hand Legerdemain,法師之手詐術,,proposed,5eclone.pingstudio.tw (legacy exact ENG_name match),0.85,
Magic Arrow,subclass-feature,Fighter,Arcane Archer,XGE,classic-or-other,1,data/class/class-fighter.json,/subclassFeature/69/name,subclass-feature: Magic Arrow,魔法箭矢,,proposed,5eclone.pingstudio.tw (legacy exact ENG_name match),0.85,
Magic Awareness,subclass-feature,Barbarian,Wild Magic,TCE,classic-or-other,1,data/class/class-barbarian.json,/subclassFeature/44/name,subclass-feature: Magic Awareness,察覺魔法,,proposed,5eclone.pingstudio.tw (legacy exact ENG_name match),0.85,
Magic-User's Nemesis,subclass-feature,Ranger,Monster Slayer,XGE,classic-or-other,1,data/class/class-ranger.json,/subclassFeature/60/name,subclass-feature: Magic-User's Nemesis,魔法剋星,,proposed,5eclone.pingstudio.tw (legacy exact ENG_name match),0.85,
Magical Ambush,subclass-feature,Rogue,Arcane Trickster,PHB; XPHB,classic-or-other; one,2,data/class/class-rogue.json,/subclassFeature/3/name,subclass-feature: Magical Ambush,魔法伏擊,,proposed,5eclone.pingstudio.tw (legacy exact ENG_name match),0.85,
Magical Discoveries,subclass-feature,Bard,Lore,XPHB,one,1,data/class/class-bard.json,/subclassFeature/73/name,subclass-feature: Magical Discoveries,,,pending,,0.50,
Malleable Illusions,subclass-feature,Wizard,Illusion,PHB,classic-or-other,1,data/class/class-wizard.json,/subclassFeature/44/name,subclass-feature: Malleable Illusions,可塑幻象,,proposed,5eclone.pingstudio.tw (legacy exact ENG_name match),0.85,
Maneuver Options,subclass-feature,Fighter,Battle Master,TCE; XPHB,classic-or-other; one,2,data/class/class-fighter.json,/subclassFeature/9/name,subclass-feature: Maneuver Options,戰技選項,,proposed,5eclone.pingstudio.tw (legacy exact ENG_name match),0.85,
Maneuvers,subclass-feature,Fighter,Battle Master,PHB,classic-or-other,1,data/class/class-fighter.json,/subclassFeature/10/name,subclass-feature: Maneuvers,戰技,,proposed,5eclone.pingstudio.tw (legacy exact ENG_name match),0.85,
Manifest Echo,subclass-feature,Fighter,Echo Knight,EGW,classic-or-other,1,data/class/class-fighter.json,/subclassFeature/1/name,subclass-feature: Manifest Echo,顯現迴音,,proposed,5eclone.pingstudio.tw (legacy exact ENG_name match),0.85,
Manifest Mind,subclass-feature,Wizard,Scribes,TCE,classic-or-other,1,data/class/class-wizard.json,/subclassFeature/69/name,subclass-feature: Manifest Mind,神識顯現,,proposed,5eclone.pingstudio.tw (legacy exact ENG_name match),0.85,
Manipulate Elements,subclass-feature,Monk,Elements,XPHB,one,1,data/class/class-monk.json,/subclassFeature/61/name,subclass-feature: Manipulate Elements,,,pending,,0.50,
Mantle of Inspiration,subclass-feature,Bard,Glamour,XGE; XPHB,classic-or-other; one,2,data/class/class-bard.json,/subclassFeature/29/name,subclass-feature: Mantle of Inspiration,激勵光環,,proposed,5eclone.pingstudio.tw (legacy exact ENG_name match),0.85,
Mantle of Majesty,subclass-feature,Bard,Glamour,XGE; XPHB,classic-or-other; one,2,data/class/class-bard.json,/subclassFeature/30/name,subclass-feature: Mantle of Majesty,威嚴光環,,proposed,5eclone.pingstudio.tw (legacy exact ENG_name match),0.85,
Mantle of Whispers,subclass-feature,Bard,Whispers,XGE,classic-or-other,1,data/class/class-bard.json,/subclassFeature/44/name,subclass-feature: Mantle of Whispers,低語斗篷,,proposed,5eclone.pingstudio.tw (legacy exact ENG_name match),0.85,
Mapping Magic,subclass-feature,Artificer,Cartographer,EFA,classic-or-other,1,data/class/class-artificer.json,/subclassFeature/36/name,subclass-feature: Mapping Magic,,,pending,,0.50,
Marid's Surge,subclass-feature,Paladin,Noble Genies,FRHoF,classic-or-other,1,data/class/class-paladin.json,/subclassFeature/86/name,subclass-feature: Marid's Surge,,,pending,,0.50,
Martial Training,subclass-feature,Bard; Mystic,Soul Knife; Valor,UATheMysticClass; XPHB,classic-or-other; one,2,data/class/class-bard.json,/subclassFeature/77/name,subclass-feature: Martial Training,,,pending,,0.50,
Master Duelist,subclass-feature,Rogue,Swashbuckler,XGE,classic-or-other,1,data/class/class-rogue.json,/subclassFeature/58/name,subclass-feature: Master Duelist,決鬥大師,,proposed,5eclone.pingstudio.tw (legacy exact ENG_name match),0.85,
Master of Hexes,subclass-feature,Warlock,Hexblade,XGE,classic-or-other,1,data/class/class-warlock.json,/subclassFeature/50/name,subclass-feature: Master of Hexes,巫咒大師,,proposed,5eclone.pingstudio.tw (legacy exact ENG_name match),0.85,
Master of Intrigue,subclass-feature,Rogue,Mastermind,XGE,classic-or-other,1,data/class/class-rogue.json,/subclassFeature/42/name,subclass-feature: Master of Intrigue,陰謀大師,,proposed,5eclone.pingstudio.tw (legacy exact ENG_name match),0.85,
Master of Nature,subclass-feature,Cleric,Nature,PHB,classic-or-other,1,data/class/class-cleric.json,/subclassFeature/38/name,subclass-feature: Master of Nature,自然之主,,proposed,5eclone.pingstudio.tw (legacy exact ENG_name match),0.85,
Master of Runes,subclass-feature,Fighter,Rune Knight,TCE,classic-or-other,1,data/class/class-fighter.json,/subclassFeature/61/name,subclass-feature: Master of Runes,符文大師,,proposed,5eclone.pingstudio.tw (legacy exact ENG_name match),0.85,
Master of Tactics,subclass-feature,Rogue,Mastermind,XGE,classic-or-other,1,data/class/class-rogue.json,/subclassFeature/43/name,subclass-feature: Master of Tactics,戰術大師,,proposed,5eclone.pingstudio.tw (legacy exact ENG_name match),0.85,
Master Scrivener,subclass-feature,Wizard,Scribes,TCE,classic-or-other,1,data/class/class-wizard.json,/subclassFeature/70/name,subclass-feature: Master Scrivener,書士宗師,,proposed,5eclone.pingstudio.tw (legacy exact ENG_name match),0.85,
Master Transmuter,subclass-feature,Wizard,Transmutation,PHB,classic-or-other,1,data/class/class-wizard.json,/subclassFeature/58/name,subclass-feature: Master Transmuter,變化宗師,,proposed,5eclone.pingstudio.tw (legacy exact ENG_name match),0.85,
Master's Flourish,subclass-feature,Bard,Swords,XGE,classic-or-other,1,data/class/class-bard.json,/subclassFeature/40/name,subclass-feature: Master's Flourish,劍舞大師,,proposed,5eclone.pingstudio.tw (legacy exact ENG_name match),0.85,
Mastermind,subclass-feature,Rogue,Mastermind,XGE,classic-or-other,1,data/class/class-rogue.json,/subclassFeature/41/name,subclass-feature: Mastermind,策士,,proposed,5eclone.pingstudio.tw (legacy exact ENG_name match),0.85,
Mastery of Death,subclass-feature,Monk,Long Death,SCAG,classic-or-other,1,data/class/class-monk.json,/subclassFeature/25/name,subclass-feature: Mastery of Death,掌握生死,,proposed,5eclone.pingstudio.tw (legacy exact ENG_name match),0.85,
Memory of One Thousand Steps,subclass-feature,Mystic,Nomad,UATheMysticClass,classic-or-other,1,data/class/class-mystic.json,/subclassFeature/21/name,subclass-feature: Memory of One Thousand Steps,,,pending,,0.50,
Mighty Impel,subclass-feature,Barbarian,Giant,BGG,classic-or-other,1,data/class/class-barbarian.json,/subclassFeature/4/name,subclass-feature: Mighty Impel,,,pending,,0.50,
Mighty Summoner,subclass-feature,Druid,Shepherd,XGE,classic-or-other,1,data/class/class-druid.json,/subclassFeature/43/name,subclass-feature: Mighty Summoner,強力召喚者,,proposed,5eclone.pingstudio.tw (legacy exact ENG_name match),0.85,
Mighty Swarm,subclass-feature,Ranger,Swarmkeeper,TCE,classic-or-other,1,data/class/class-ranger.json,/subclassFeature/39/name,subclass-feature: Mighty Swarm,壯大集羣,,proposed,5eclone.pingstudio.tw (legacy exact ENG_name match),0.85,
Mind Magic,subclass-feature,Cleric,Knowledge,FRHoF,classic-or-other,1,data/class/class-cleric.json,/subclassFeature/147/name,subclass-feature: Mind Magic,,,pending,,0.50,
Mindless Rage,subclass-feature,Barbarian,Berserker,PHB; XPHB,classic-or-other; one,2,data/class/class-barbarian.json,/subclassFeature/8/name,subclass-feature: Mindless Rage,無我狂暴,,proposed,5eclone.pingstudio.tw (legacy exact ENG_name match),0.85,
Minor Alchemy,subclass-feature,Wizard,Transmutation,PHB,classic-or-other,1,data/class/class-wizard.json,/subclassFeature/54/name,subclass-feature: Minor Alchemy,次級鍊金,,proposed,5eclone.pingstudio.tw (legacy exact ENG_name match),0.85,
Minor Conjuration,subclass-feature,Wizard,Conjuration,PHB,classic-or-other,1,data/class/class-wizard.json,/subclassFeature/19/name,subclass-feature: Minor Conjuration,次級咒喚,,proposed,5eclone.pingstudio.tw (legacy exact ENG_name match),0.85,
Misdirection,subclass-feature,Rogue,Mastermind,XGE,classic-or-other,1,data/class/class-rogue.json,/subclassFeature/45/name,subclass-feature: Misdirection,誤導攻擊,,proposed,5eclone.pingstudio.tw (legacy exact ENG_name match),0.85,
Misty Escape,subclass-feature,Warlock,Archfey,PHB; XPHB,classic-or-other; one,2,data/class/class-warlock.json,/subclassFeature/2/name,subclass-feature: Misty Escape,霧遁,,proposed,5eclone.pingstudio.tw (legacy exact ENG_name match),0.85,
Misty Wanderer,subclass-feature,Ranger,Fey Wanderer,TCE; XPHB,classic-or-other; one,2,data/class/class-ranger.json,/subclassFeature/34/name,subclass-feature: Misty Wanderer,霧行漫遊,,proposed,5eclone.pingstudio.tw (legacy exact ENG_name match),0.85,
Mobile Flourish,subclass-feature,Bard,Swords,XGE,classic-or-other,1,data/class/class-bard.json,/subclassFeature/34/name,subclass-feature: Mobile Flourish,靈活劍舞,,proposed,5eclone.pingstudio.tw (legacy exact ENG_name match),0.85,
Momentary Stasis,subclass-feature,Wizard,Chronurgy,EGW,classic-or-other,1,data/class/class-wizard.json,/subclassFeature/3/name,subclass-feature: Momentary Stasis,瞬時靜止,,proposed,5eclone.pingstudio.tw (legacy exact ENG_name match),0.85,
Monster Slayer,subclass-feature,Ranger,Monster Slayer,XGE,classic-or-other,1,data/class/class-ranger.json,/subclassFeature/55/name,subclass-feature: Monster Slayer,怪物殺手,,proposed,5eclone.pingstudio.tw (legacy exact ENG_name match),0.85,
Monster Slayer Magic,subclass-feature,Ranger,Monster Slayer,XGE,classic-or-other,1,data/class/class-ranger.json,/subclassFeature/57/name,subclass-feature: Monster Slayer Magic,怪物殺手魔法,,proposed,5eclone.pingstudio.tw (legacy exact ENG_name match),0.85,
Moon Fire,subclass-feature,Sorcerer,Lunar,DSotDQ,classic-or-other,1,data/class/class-sorcerer.json,/subclassFeature/2/name,subclass-feature: Moon Fire,,,pending,,0.50,
Moon's Inspiration,subclass-feature,Bard,Moon,FRHoF,classic-or-other,1,data/class/class-bard.json,/subclassFeature/47/name,subclass-feature: Moon's Inspiration,,,pending,,0.50,
Moonlight Step,subclass-feature,Druid,Moon,XPHB,one,1,data/class/class-druid.json,/subclassFeature/63/name,subclass-feature: Moonlight Step,,,pending,,0.50,
Mortal Bulwark,subclass-feature,Paladin,Watchers,TCE,classic-or-other,1,data/class/class-paladin.json,/subclassFeature/61/name,subclass-feature: Mortal Bulwark,塵世壁壘,,proposed,5eclone.pingstudio.tw (legacy exact ENG_name match),0.85,
Mote of Potential,subclass-feature,Bard,Creation,TCE,classic-or-other,1,data/class/class-bard.json,/subclassFeature/11/name,subclass-feature: Mote of Potential,潛能微塵,,proposed,5eclone.pingstudio.tw (legacy exact ENG_name match),0.85,
Multiattack,subclass-feature,Ranger,Hunter,PHB,classic-or-other,1,data/class/class-ranger.json,/subclassFeature/21/name,subclass-feature: Multiattack,多重攻擊,,proposed,5eclone.pingstudio.tw (legacy exact ENG_name match),0.85,
Multiattack Defense,subclass-feature,Ranger,Hunter,PHB,classic-or-other,1,data/class/class-ranger.json,/subclassFeature/19/name,subclass-feature: Multiattack Defense,防禦多重攻擊,,proposed,5eclone.pingstudio.tw (legacy exact ENG_name match),0.85,
Mystical Connection,subclass-feature,Bard,Spirits,RHW; VRGR,classic-or-other,2,data/class/class-bard.json,/subclassFeature/26/name,subclass-feature: Mystical Connection,,,pending,,0.50,
Natural Recovery,subclass-feature,Druid,Land,PHB; XPHB,classic-or-other; one,2,data/class/class-druid.json,/subclassFeature/3/name,subclass-feature: Natural Recovery,自然恢復,,proposed,5eclone.pingstudio.tw (legacy exact ENG_name match),0.85,
Nature Domain,subclass-feature,Cleric,Nature,PHB,classic-or-other,2,data/class/class-cleric.json,/subclassFeature/31/name,subclass-feature: Nature Domain,自然領域,,proposed,5eclone.pingstudio.tw (legacy exact ENG_name match),0.85,
Nature Speaker,subclass-feature,Barbarian,Wild Heart,XPHB,one,1,data/class/class-barbarian.json,/subclassFeature/83/name,subclass-feature: Nature Speaker,,,pending,,0.50,
Nature's Sanctuary,subclass-feature,Druid,Land,PHB; XPHB,classic-or-other; one,2,data/class/class-druid.json,/subclassFeature/6/name,subclass-feature: Nature's Sanctuary,自然庇護,,proposed,5eclone.pingstudio.tw (legacy exact ENG_name match),0.85,
Nature's Ward,subclass-feature,Druid,Land,PHB; XPHB,classic-or-other; one,2,data/class/class-druid.json,/subclassFeature/5/name,subclass-feature: Nature's Ward,自然之護,,proposed,5eclone.pingstudio.tw (legacy exact ENG_name match),0.85,
Nature's Wrath,subclass-feature,Paladin,Ancients,PHB; XPHB,classic-or-other; one,2,data/class/class-paladin.json,/subclassFeature/10/name,subclass-feature: Nature's Wrath,,,pending,,0.50,
Necromancy Savant,subclass-feature,Wizard,Necromancy,PHB,classic-or-other,1,data/class/class-wizard.json,/subclassFeature/49/name,subclass-feature: Necromancy Savant,死靈學者,,proposed,5eclone.pingstudio.tw (legacy exact ENG_name match),0.85,
Necrotic Husk,subclass-feature,Warlock,Undead,RHW; VRGR,classic-or-other,2,data/class/class-warlock.json,/subclassFeature/37/name,subclass-feature: Necrotic Husk,死疽軀殼,,proposed,5eclone.pingstudio.tw (legacy exact ENG_name match),0.85,
Noble Scion,subclass-feature,Paladin,Noble Genies,FRHoF,classic-or-other,1,data/class/class-paladin.json,/subclassFeature/90/name,subclass-feature: Noble Scion,,,pending,,0.50,
Oath of Conquest,subclass-feature,Paladin,Conquest,XGE,classic-or-other,1,data/class/class-paladin.json,/subclassFeature/62/name,subclass-feature: Oath of Conquest,征服之誓,,proposed,5eclone.pingstudio.tw (legacy exact ENG_name match),0.85,
Oath of Devotion,subclass-feature,Paladin,Devotion,PHB; XPHB,classic-or-other; one,2,data/class/class-paladin.json,/subclassFeature/17/name,subclass-feature: Oath of Devotion,奉獻之誓,,proposed,5eclone.pingstudio.tw (legacy exact ENG_name match),0.85,
Oath of Devotion Spells,subclass-feature,Paladin,Devotion,XPHB,one,1,data/class/class-paladin.json,/subclassFeature/98/name,subclass-feature: Oath of Devotion Spells,,,pending,,0.50,
Oath of Glory,subclass-feature,Paladin,Glory,TCE; XPHB,classic-or-other; one,2,data/class/class-paladin.json,/subclassFeature/44/name,subclass-feature: Oath of Glory,榮耀之誓,,proposed,5eclone.pingstudio.tw (legacy exact ENG_name match),0.85,
Oath of Glory Spells,subclass-feature,Paladin,Glory,XPHB,one,1,data/class/class-paladin.json,/subclassFeature/105/name,subclass-feature: Oath of Glory Spells,,,pending,,0.50,
Oath of Redemption,subclass-feature,Paladin,Redemption,XGE,classic-or-other,1,data/class/class-paladin.json,/subclassFeature/71/name,subclass-feature: Oath of Redemption,救贖之誓,,proposed,5eclone.pingstudio.tw (legacy exact ENG_name match),0.85,
Oath of the Ancients,subclass-feature,Paladin,Ancients,PHB; XPHB,classic-or-other; one,2,data/class/class-paladin.json,/subclassFeature/8/name,subclass-feature: Oath of the Ancients,遠古之誓,,proposed,5eclone.pingstudio.tw (legacy exact ENG_name match),0.85,
Oath of the Ancients Spells,subclass-feature,Paladin,Ancients,XPHB,one,1,data/class/class-paladin.json,/subclassFeature/93/name,subclass-feature: Oath of the Ancients Spells,,,pending,,0.50,
Oath of the Crown,subclass-feature,Paladin,Crown,SCAG,classic-or-other,1,data/class/class-paladin.json,/subclassFeature/35/name,subclass-feature: Oath of the Crown,王冠之誓,,proposed,5eclone.pingstudio.tw (legacy exact ENG_name match),0.85,
Oath of the Noble Genies,subclass-feature,Paladin,Noble Genies,FRHoF,classic-or-other,1,data/class/class-paladin.json,/subclassFeature/87/name,subclass-feature: Oath of the Noble Genies,,,pending,,0.50,
Oath of the Watchers,subclass-feature,Paladin,Watchers,TCE,classic-or-other,1,data/class/class-paladin.json,/subclassFeature/53/name,subclass-feature: Oath of the Watchers,守望之誓,,proposed,5eclone.pingstudio.tw (legacy exact ENG_name match),0.85,
Oath of Vengeance,subclass-feature,Paladin,Vengeance,PHB; XPHB,classic-or-other; one,2,data/class/class-paladin.json,/subclassFeature/26/name,subclass-feature: Oath of Vengeance,復仇之誓,,proposed,5eclone.pingstudio.tw (legacy exact ENG_name match),0.85,
Oath of Vengeance Spells,subclass-feature,Paladin,Vengeance,XPHB,one,1,data/class/class-paladin.json,/subclassFeature/111/name,subclass-feature: Oath of Vengeance Spells,,,pending,,0.50,
Oath Spells,subclass-feature,Paladin,Ancients; Conquest; Crown; Devotion; Glory; Redemption; Vengeance; Watchers,PHB; SCAG; TCE; XGE,classic-or-other,8,data/class/class-paladin.json,/subclassFeature/11/name,subclass-feature: Oath Spells,聖誓法術,,proposed,5eclone.pingstudio.tw (legacy exact ENG_name match),0.85,
Oathbreaker,subclass-feature,Paladin,Oathbreaker,DMG,classic-or-other,1,data/class/class-paladin.json,/subclassFeature/0/name,subclass-feature: Oathbreaker,破誓者,,proposed,5eclone.pingstudio.tw (legacy exact ENG_name match),0.85,
Oathbreaker Spells,subclass-feature,Paladin,Oathbreaker,DMG,classic-or-other,1,data/class/class-paladin.json,/subclassFeature/4/name,subclass-feature: Oathbreaker Spells,破誓者法術,,proposed,5eclone.pingstudio.tw (legacy exact ENG_name match),0.85,
Oceanic Gift,subclass-feature,Druid,Sea,XPHB,one,1,data/class/class-druid.json,/subclassFeature/70/name,subclass-feature: Oceanic Gift,,,pending,,0.50,
Oceanic Soul,subclass-feature,Warlock,Fathomless,TCE,classic-or-other,1,data/class/class-warlock.json,/subclassFeature/24/name,subclass-feature: Oceanic Soul,海淵魂靈,,proposed,5eclone.pingstudio.tw (legacy exact ENG_name match),0.85,
Oketra's Blessing,subclass-feature,Cleric,Solidarity (PSA),PSA,classic-or-other,1,data/class/class-cleric.json,/subclassFeature/74/name,subclass-feature: Oketra's Blessing,,,pending,,0.50,
One with the Blade,subclass-feature,Monk,Kensei,XGE,classic-or-other,1,data/class/class-monk.json,/subclassFeature/52/name,subclass-feature: One with the Blade,人劍合一,,proposed,5eclone.pingstudio.tw (legacy exact ENG_name match),0.85,
One with the Word,subclass-feature,Wizard,Scribes,TCE,classic-or-other,1,data/class/class-wizard.json,/subclassFeature/71/name,subclass-feature: One with the Word,書人合一,,proposed,5eclone.pingstudio.tw (legacy exact ENG_name match),0.85,
Open Hand Technique,subclass-feature,Monk,Open Hand,PHB; XPHB,classic-or-other; one,2,data/class/class-monk.json,/subclassFeature/13/name,subclass-feature: Open Hand Technique,散打技巧,,proposed,5eclone.pingstudio.tw (legacy exact ENG_name match),0.85,
Opportunist,subclass-feature,Monk,Shadow,PHB,classic-or-other,1,data/class/class-monk.json,/subclassFeature/21/name,subclass-feature: Opportunist,趁人之危,,proposed,5eclone.pingstudio.tw (legacy exact ENG_name match),0.85,
Order Domain,subclass-feature,Cleric,Order,TCE,classic-or-other,2,data/class/class-cleric.json,/subclassFeature/101/name,subclass-feature: Order Domain,秩序領域,,proposed,5eclone.pingstudio.tw (legacy exact ENG_name match),0.85,
Order of Scribes,subclass-feature,Wizard,Scribes,TCE,classic-or-other,2,data/class/class-wizard.json,/subclassFeature/66/name,subclass-feature: Order of Scribes,書士會,,proposed,5eclone.pingstudio.tw (legacy exact ENG_name match),0.85,
Order of the Avatar,subclass-feature,Mystic,Avatar,UATheMysticClass,classic-or-other,1,data/class/class-mystic.json,/subclassFeature/0/name,subclass-feature: Order of the Avatar,,,pending,,0.50,
Order of the Awakened,subclass-feature,Mystic,Awakened,UATheMysticClass,classic-or-other,1,data/class/class-mystic.json,/subclassFeature/6/name,subclass-feature: Order of the Awakened,,,pending,,0.50,
Order of the Immortal,subclass-feature,Mystic,Immortal,UATheMysticClass,classic-or-other,1,data/class/class-mystic.json,/subclassFeature/12/name,subclass-feature: Order of the Immortal,,,pending,,0.50,
Order of the Nomad,subclass-feature,Mystic,Nomad,UATheMysticClass,classic-or-other,1,data/class/class-mystic.json,/subclassFeature/18/name,subclass-feature: Order of the Nomad,,,pending,,0.50,
Order of the Soul Knife,subclass-feature,Mystic,Soul Knife,UATheMysticClass,classic-or-other,1,data/class/class-mystic.json,/subclassFeature/24/name,subclass-feature: Order of the Soul Knife,,,pending,,0.50,
Order of the Wu Jen,subclass-feature,Mystic,Wu Jen,UATheMysticClass,classic-or-other,1,data/class/class-mystic.json,/subclassFeature/30/name,subclass-feature: Order of the Wu Jen,,,pending,,0.50,
Order's Wrath,subclass-feature,Cleric,Order,TCE,classic-or-other,1,data/class/class-cleric.json,/subclassFeature/108/name,subclass-feature: Order's Wrath,秩序之怒,,proposed,5eclone.pingstudio.tw (legacy exact ENG_name match),0.85,
Otherworldly Glamour,subclass-feature,Ranger,Fey Wanderer,TCE; XPHB,classic-or-other; one,2,data/class/class-ranger.json,/subclassFeature/31/name,subclass-feature: Otherworldly Glamour,妖冶嫺都,,proposed,5eclone.pingstudio.tw (legacy exact ENG_name match),0.85,
Otherworldly Wings,subclass-feature,Sorcerer,Divine Soul,XGE,classic-or-other,1,data/class/class-sorcerer.json,/subclassFeature/41/name,subclass-feature: Otherworldly Wings,超凡之翼,,proposed,5eclone.pingstudio.tw (legacy exact ENG_name match),0.85,
Overchannel,subclass-feature,Wizard,Evocation; Evoker,PHB; XPHB,classic-or-other; one,2,data/class/class-wizard.json,/subclassFeature/40/name,subclass-feature: Overchannel,重載導魔,,proposed,5eclone.pingstudio.tw (legacy exact ENG_name match),0.85,
Panache,subclass-feature,Rogue,Swashbuckler,XGE,classic-or-other,1,data/class/class-rogue.json,/subclassFeature/56/name,subclass-feature: Panache,瀟灑氣質,,proposed,5eclone.pingstudio.tw (legacy exact ENG_name match),0.85,
Path of the Ancestral Guardian,subclass-feature,Barbarian,Ancestral Guardian,XGE,classic-or-other,1,data/class/class-barbarian.json,/subclassFeature/49/name,subclass-feature: Path of the Ancestral Guardian,先祖守衛道途,,proposed,5eclone.pingstudio.tw (legacy exact ENG_name match),0.85,
Path of the Battlerager,subclass-feature,Barbarian,Battlerager,SCAG,classic-or-other,1,data/class/class-barbarian.json,/subclassFeature/32/name,subclass-feature: Path of the Battlerager,戰狂道途,,proposed,5eclone.pingstudio.tw (legacy exact ENG_name match),0.85,
Path of the Beast,subclass-feature,Barbarian,Beast,TCE,classic-or-other,1,data/class/class-barbarian.json,/subclassFeature/38/name,subclass-feature: Path of the Beast,野獸道途,,proposed,5eclone.pingstudio.tw (legacy exact ENG_name match),0.85,
Path of the Berserker,subclass-feature,Barbarian,Berserker,PHB; XPHB,classic-or-other; one,2,data/class/class-barbarian.json,/subclassFeature/6/name,subclass-feature: Path of the Berserker,狂戰士道途,,proposed,5eclone.pingstudio.tw (legacy exact ENG_name match),0.85,
Path of the Giant,subclass-feature,Barbarian,Giant,BGG,classic-or-other,1,data/class/class-barbarian.json,/subclassFeature/2/name,subclass-feature: Path of the Giant,,,pending,,0.50,
Path of the Kensei,subclass-feature,Monk,Kensei,XGE,classic-or-other,1,data/class/class-monk.json,/subclassFeature/51/name,subclass-feature: Path of the Kensei,劍聖之途,,proposed,5eclone.pingstudio.tw (legacy exact ENG_name match),0.85,
Path of the Storm Herald,subclass-feature,Barbarian,Storm Herald,XGE,classic-or-other,1,data/class/class-barbarian.json,/subclassFeature/55/name,subclass-feature: Path of the Storm Herald,風暴先驅道途,,proposed,5eclone.pingstudio.tw (legacy exact ENG_name match),0.85,
Path of the Totem Warrior,subclass-feature,Barbarian,Totem Warrior,PHB,classic-or-other,1,data/class/class-barbarian.json,/subclassFeature/14/name,subclass-feature: Path of the Totem Warrior,圖騰勇士道途,,proposed,5eclone.pingstudio.tw (legacy exact ENG_name match),0.85,
Path of the Wild Heart,subclass-feature,Barbarian,Wild Heart,XPHB,one,1,data/class/class-barbarian.json,/subclassFeature/79/name,subclass-feature: Path of the Wild Heart,,,pending,,0.50,
Path of the World Tree,subclass-feature,Barbarian,World Tree,XPHB,one,1,data/class/class-barbarian.json,/subclassFeature/85/name,subclass-feature: Path of the World Tree,,,pending,,0.50,
Path of the Zealot,subclass-feature,Barbarian,Zealot,XGE; XPHB,classic-or-other; one,2,data/class/class-barbarian.json,/subclassFeature/68/name,subclass-feature: Path of the Zealot,狂熱者道途,,proposed,5eclone.pingstudio.tw (legacy exact ENG_name match),0.85,
Path of Wild Magic,subclass-feature,Barbarian,Wild Magic,TCE,classic-or-other,1,data/class/class-barbarian.json,/subclassFeature/43/name,subclass-feature: Path of Wild Magic,狂野魔法道途,,proposed,5eclone.pingstudio.tw (legacy exact ENG_name match),0.85,
Path to the Grave,subclass-feature,Cleric,Grave,RHW,classic-or-other,1,data/class/class-cleric.json,/subclassFeature/176/name,subclass-feature: Path to the Grave,,,pending,,0.50,
Peace Domain,subclass-feature,Cleric,Peace,TCE,classic-or-other,2,data/class/class-cleric.json,/subclassFeature/109/name,subclass-feature: Peace Domain,和平領域,,proposed,5eclone.pingstudio.tw (legacy exact ENG_name match),0.85,
Peerless Athlete,subclass-feature,Paladin,Glory,TCE; XPHB,classic-or-other; one,2,data/class/class-paladin.json,/subclassFeature/49/name,subclass-feature: Peerless Athlete,絕倫健將,,proposed,5eclone.pingstudio.tw (legacy exact ENG_name match),0.85,
Peerless Skill,subclass-feature,Bard,Lore,PHB; XPHB,classic-or-other; one,2,data/class/class-bard.json,/subclassFeature/4/name,subclass-feature: Peerless Skill,絕代技能,,proposed,5eclone.pingstudio.tw (legacy exact ENG_name match),0.85,
Perfected Armor,subclass-feature,Artificer,Armorer,EFA; TCE,classic-or-other,2,data/class/class-artificer.json,/subclassFeature/17/name,subclass-feature: Perfected Armor,完美裝甲,,proposed,5eclone.pingstudio.tw (legacy exact ENG_name match),0.85,
Perfected Bond,subclass-feature,Ranger,Drakewarden,FTD,classic-or-other,1,data/class/class-ranger.json,/subclassFeature/5/name,subclass-feature: Perfected Bond,,,pending,,0.50,
Performance of Creation,subclass-feature,Bard,Creation,TCE,classic-or-other,1,data/class/class-bard.json,/subclassFeature/12/name,subclass-feature: Performance of Creation,造物表演,,proposed,5eclone.pingstudio.tw (legacy exact ENG_name match),0.85,
Phantasmal Creatures,subclass-feature,Wizard,Illusionist,XPHB,one,1,data/class/class-wizard.json,/subclassFeature/118/name,subclass-feature: Phantasmal Creatures,,,pending,,0.50,
Phantom,subclass-feature,Rogue,Phantom,RHW; TCE,classic-or-other,2,data/class/class-rogue.json,/subclassFeature/18/name,subclass-feature: Phantom,鬼魅,,proposed,5eclone.pingstudio.tw (legacy exact ENG_name match),0.85,
Phantom Knife,subclass-feature,Mystic,Soul Knife,UATheMysticClass,classic-or-other,1,data/class/class-mystic.json,/subclassFeature/29/name,subclass-feature: Phantom Knife,,,pending,,0.50,
Physician's Touch,subclass-feature,Monk,Mercy,TCE; XPHB,classic-or-other; one,2,data/class/class-monk.json,/subclassFeature/37/name,subclass-feature: Physician's Touch,生死之觸,,proposed,5eclone.pingstudio.tw (legacy exact ENG_name match),0.85,
Planar Warrior,subclass-feature,Ranger,Horizon Walker,XGE,classic-or-other,1,data/class/class-ranger.json,/subclassFeature/51/name,subclass-feature: Planar Warrior,位面戰士,,proposed,5eclone.pingstudio.tw (legacy exact ENG_name match),0.85,
Portent,subclass-feature,Wizard,Divination; Diviner,PHB; XPHB,classic-or-other; one,2,data/class/class-wizard.json,/subclassFeature/25/name,subclass-feature: Portent,預兆,,proposed,5eclone.pingstudio.tw (legacy exact ENG_name match),0.85,
Potent Cantrip,subclass-feature,Wizard,Evocation; Evoker,PHB; XPHB,classic-or-other; one,2,data/class/class-wizard.json,/subclassFeature/38/name,subclass-feature: Potent Cantrip,強力戲法,,proposed,5eclone.pingstudio.tw (legacy exact ENG_name match),0.85,
Potent Spellcasting,subclass-feature,Cleric,Ambition (PSA); Arcana; Grave; Knowledge; Light; Peace,PHB; PSA; SCAG; TCE; XGE,classic-or-other,6,data/class/class-cleric.json,/subclassFeature/13/name,subclass-feature: Potent Spellcasting,強力施法,,proposed,5eclone.pingstudio.tw (legacy exact ENG_name match),0.85,
Power of Shadow,subclass-feature,Sorcerer,Shadow,RHW,classic-or-other,1,data/class/class-sorcerer.json,/subclassFeature/68/name,subclass-feature: Power of Shadow,,,pending,,0.50,
Power of the Wilds,subclass-feature,Barbarian,Wild Heart,XPHB,one,1,data/class/class-barbarian.json,/subclassFeature/84/name,subclass-feature: Power of the Wilds,,,pending,,0.50,
Power Surge,subclass-feature,Wizard,War,XGE,classic-or-other,1,data/class/class-wizard.json,/subclassFeature/75/name,subclass-feature: Power Surge,力量涌動,,proposed,5eclone.pingstudio.tw (legacy exact ENG_name match),0.85,
Powered Steps,subclass-feature,Artificer,Armorer,TCE,classic-or-other,1,data/class/class-artificer.json,/subclassFeature/60/name,subclass-feature: Powered Steps,,,pending,,0.50,
Preserve Life,subclass-feature,Cleric,Life,XPHB,one,1,data/class/class-cleric.json,/subclassFeature/194/name,subclass-feature: Preserve Life,,,pending,,0.50,
Priest of Zeal,subclass-feature,Cleric,Zeal (PSA),PSA,classic-or-other,1,data/class/class-cleric.json,/subclassFeature/88/name,subclass-feature: Priest of Zeal,,,pending,,0.50,
Primal Companion,subclass-feature,Ranger,Beast Master,TCE; XPHB,classic-or-other; one,2,data/class/class-ranger.json,/subclassFeature/7/name,subclass-feature: Primal Companion,原初動物夥伴,,proposed,5eclone.pingstudio.tw (legacy exact ENG_name match),0.85,
Primal Lore,subclass-feature,Bard,Moon,FRHoF,classic-or-other,1,data/class/class-bard.json,/subclassFeature/48/name,subclass-feature: Primal Lore,,,pending,,0.50,
Primal Strike,subclass-feature,Druid,Moon,PHB,classic-or-other,1,data/class/class-druid.json,/subclassFeature/10/name,subclass-feature: Primal Strike,原初打擊,,proposed,5eclone.pingstudio.tw (legacy exact ENG_name match),0.85,
Projected Ward,subclass-feature,Wizard,Abjuration; Abjurer,PHB; XPHB,classic-or-other; one,2,data/class/class-wizard.json,/subclassFeature/14/name,subclass-feature: Projected Ward,投射防護,,proposed,5eclone.pingstudio.tw (legacy exact ENG_name match),0.85,
Protective Bond,subclass-feature,Cleric,Peace,TCE,classic-or-other,1,data/class/class-cleric.json,/subclassFeature/113/name,subclass-feature: Protective Bond,保護聯結,,proposed,5eclone.pingstudio.tw (legacy exact ENG_name match),0.85,
Protective Field,subclass-feature,Fighter,Psi Warrior,TCE; XPHB,classic-or-other; one,2,data/class/class-fighter.json,/subclassFeature/41/name,subclass-feature: Protective Field,庇護力場,,proposed,5eclone.pingstudio.tw (legacy exact ENG_name match),0.85,
Protective Spirit,subclass-feature,Paladin,Redemption,XGE,classic-or-other,1,data/class/class-paladin.json,/subclassFeature/78/name,subclass-feature: Protective Spirit,守護之魂,,proposed,5eclone.pingstudio.tw (legacy exact ENG_name match),0.85,
Psi Warrior,subclass-feature,Fighter,Psi Warrior,TCE; XPHB,classic-or-other; one,2,data/class/class-fighter.json,/subclassFeature/42/name,subclass-feature: Psi Warrior,靈能武士,,proposed,5eclone.pingstudio.tw (legacy exact ENG_name match),0.85,
Psi-Bolstered Knack,subclass-feature,Rogue,Soulknife,TCE; XPHB,classic-or-other; one,2,data/class/class-rogue.json,/subclassFeature/24/name,subclass-feature: Psi-Bolstered Knack,靈能訣竅,,proposed,5eclone.pingstudio.tw (legacy exact ENG_name match),0.85,
Psi-Powered Leap,subclass-feature,Fighter,Psi Warrior,TCE; XPHB,classic-or-other; one,2,data/class/class-fighter.json,/subclassFeature/46/name,subclass-feature: Psi-Powered Leap,,,pending,,0.50,
Psionic Investigation,subclass-feature,Mystic,Awakened,UATheMysticClass,classic-or-other,1,data/class/class-mystic.json,/subclassFeature/9/name,subclass-feature: Psionic Investigation,,,pending,,0.50,
Psionic Power,subclass-feature,Fighter; Rogue,Psi Warrior; Soulknife,TCE; XPHB,classic-or-other; one,4,data/class/class-fighter.json,/subclassFeature/45/name,subclass-feature: Psionic Power,靈能力量,靈能天賦,conflict,5eclone.pingstudio.tw (preferred candidate); project glossary alternatives,0.65,5eclone candidate is listed first; alternatives require user approval.
Psionic Resilience,subclass-feature,Mystic,Immortal,UATheMysticClass,classic-or-other,1,data/class/class-mystic.json,/subclassFeature/15/name,subclass-feature: Psionic Resilience,,,pending,,0.50,
Psionic Sorcery,subclass-feature,Sorcerer,Aberrant; Aberrant Mind,TCE; XPHB,classic-or-other; one,2,data/class/class-sorcerer.json,/subclassFeature/27/name,subclass-feature: Psionic Sorcery,靈能術法,,proposed,5eclone.pingstudio.tw (legacy exact ENG_name match),0.85,
Psionic Spells,subclass-feature,Sorcerer,Aberrant; Aberrant Mind,TCE; XPHB,classic-or-other; one,2,data/class/class-sorcerer.json,/subclassFeature/25/name,subclass-feature: Psionic Spells,靈能法術,,proposed,5eclone.pingstudio.tw (legacy exact ENG_name match),0.85,
Psionic Strike,subclass-feature,Fighter,Psi Warrior,TCE; XPHB,classic-or-other; one,2,data/class/class-fighter.json,/subclassFeature/43/name,subclass-feature: Psionic Strike,靈能擊打,,proposed,5eclone.pingstudio.tw (legacy exact ENG_name match),0.85,
Psionic Surge,subclass-feature,Mystic,Awakened,UATheMysticClass,classic-or-other,1,data/class/class-mystic.json,/subclassFeature/10/name,subclass-feature: Psionic Surge,,,pending,,0.50,
Psychic Blades,subclass-feature,Bard; Rogue,Soulknife; Whispers,TCE; XGE; XPHB,classic-or-other; one,3,data/class/class-bard.json,/subclassFeature/42/name,subclass-feature: Psychic Blades,念刃,精神之刃,conflict,5eclone.pingstudio.tw (preferred candidate); project glossary alternatives,0.65,5eclone candidate is listed first; alternatives require user approval.
Psychic Defenses,subclass-feature,Sorcerer,Aberrant; Aberrant Mind,TCE; XPHB,classic-or-other; one,2,data/class/class-sorcerer.json,/subclassFeature/28/name,subclass-feature: Psychic Defenses,心靈防禦,,proposed,5eclone.pingstudio.tw (legacy exact ENG_name match),0.85,
Psychic Spells,subclass-feature,Warlock,Great Old One,XPHB,one,1,data/class/class-warlock.json,/subclassFeature/87/name,subclass-feature: Psychic Spells,,,pending,,0.50,
Psychic Teleportation,subclass-feature,Rogue,Soulknife,TCE; XPHB,classic-or-other; one,2,data/class/class-rogue.json,/subclassFeature/30/name,subclass-feature: Psychic Teleportation,心靈傳送,,proposed,5eclone.pingstudio.tw (legacy exact ENG_name match),0.85,
Psychic Veil,subclass-feature,Rogue,Soulknife,TCE; XPHB,classic-or-other; one,2,data/class/class-rogue.json,/subclassFeature/32/name,subclass-feature: Psychic Veil,靈能面紗,,proposed,5eclone.pingstudio.tw (legacy exact ENG_name match),0.85,
Psychic Whispers,subclass-feature,Rogue,Soulknife,TCE; XPHB,classic-or-other; one,2,data/class/class-rogue.json,/subclassFeature/25/name,subclass-feature: Psychic Whispers,心靈低語,,proposed,5eclone.pingstudio.tw (legacy exact ENG_name match),0.85,
Purity of Spirit,subclass-feature,Paladin,Devotion,PHB,classic-or-other,1,data/class/class-paladin.json,/subclassFeature/24/name,subclass-feature: Purity of Spirit,純淨之魂,,proposed,5eclone.pingstudio.tw (legacy exact ENG_name match),0.85,
Purple Dragon Knight (Banneret),subclass-feature,Fighter,Purple Dragon Knight (Banneret),SCAG,classic-or-other,1,data/class/class-fighter.json,/subclassFeature/34/name,subclass-feature: Purple Dragon Knight (Banneret),紫龍騎士（旗將）,,proposed,5eclone.pingstudio.tw (legacy exact ENG_name match),0.85,
Pyromancer (PSK),subclass-feature,Sorcerer,Pyromancer (PSK),PSK,classic-or-other,2,data/class/class-sorcerer.json,/subclassFeature/19/name,subclass-feature: Pyromancer (PSK),,,pending,,0.50,
Pyromancer's Fury,subclass-feature,Sorcerer,Pyromancer (PSK),PSK,classic-or-other,1,data/class/class-sorcerer.json,/subclassFeature/22/name,subclass-feature: Pyromancer's Fury,,,pending,,0.50,
Quivering Palm,subclass-feature,Monk,Open Hand,PHB; XPHB,classic-or-other; one,2,data/class/class-monk.json,/subclassFeature/16/name,subclass-feature: Quivering Palm,震顫掌,,proposed,5eclone.pingstudio.tw (legacy exact ENG_name match),0.85,
Radiance of the Dawn,subclass-feature,Cleric,Light,XPHB,one,1,data/class/class-cleric.json,/subclassFeature/199/name,subclass-feature: Radiance of the Dawn,,,pending,,0.50,
Radiant Fire,subclass-feature,Sorcerer,Spellfire,FRHoF,classic-or-other,1,data/class/class-sorcerer.json,/subclassFeature/58/name,subclass-feature: Radiant Fire,,,pending,,0.50,
Radiant Soul,subclass-feature,Warlock,Celestial,XGE; XPHB,classic-or-other; one,2,data/class/class-warlock.json,/subclassFeature/42/name,subclass-feature: Radiant Soul,光輝之魂,,proposed,5eclone.pingstudio.tw (legacy exact ENG_name match),0.85,
Radiant Sun Bolt,subclass-feature,Monk,Sun Soul,XGE,classic-or-other,1,data/class/class-monk.json,/subclassFeature/56/name,subclass-feature: Radiant Sun Bolt,日光箭,,proposed,5eclone.pingstudio.tw (legacy exact ENG_name match),0.85,
Rage beyond Death,subclass-feature,Barbarian,Zealot,XGE,classic-or-other,1,data/class/class-barbarian.json,/subclassFeature/73/name,subclass-feature: Rage beyond Death,怒不畏死,,proposed,5eclone.pingstudio.tw (legacy exact ENG_name match),0.85,
Rage of the Gods,subclass-feature,Barbarian,Zealot,XPHB,one,1,data/class/class-barbarian.json,/subclassFeature/95/name,subclass-feature: Rage of the Gods,,,pending,,0.50,
Rage of the Wilds,subclass-feature,Barbarian,Wild Heart,XPHB,one,1,data/class/class-barbarian.json,/subclassFeature/81/name,subclass-feature: Rage of the Wilds,,,pending,,0.50,
Raging Storm,subclass-feature,Barbarian,Storm Herald,XGE,classic-or-other,1,data/class/class-barbarian.json,/subclassFeature/67/name,subclass-feature: Raging Storm,狂怒風暴,,proposed,5eclone.pingstudio.tw (legacy exact ENG_name match),0.85,
Rakish Audacity,subclass-feature,Rogue,Swashbuckler,XGE,classic-or-other,1,data/class/class-rogue.json,/subclassFeature/55/name,subclass-feature: Rakish Audacity,放蕩無畏,,proposed,5eclone.pingstudio.tw (legacy exact ENG_name match),0.85,
Rallying Cry,subclass-feature,Fighter,Purple Dragon Knight (Banneret),SCAG,classic-or-other,1,data/class/class-fighter.json,/subclassFeature/35/name,subclass-feature: Rallying Cry,鼓舞戰吼,,proposed,5eclone.pingstudio.tw (legacy exact ENG_name match),0.85,
Rallying Surge,subclass-feature,Fighter,Banneret,FRHoF,classic-or-other,1,data/class/class-fighter.json,/subclassFeature/93/name,subclass-feature: Rallying Surge,,,pending,,0.50,
Ranger's Companion,subclass-feature,Ranger,Beast Master,PHB,classic-or-other,1,data/class/class-ranger.json,/subclassFeature/8/name,subclass-feature: Ranger's Companion,遊俠動物夥伴,,proposed,5eclone.pingstudio.tw (legacy exact ENG_name match),0.85,
Rapid Strike,subclass-feature,Fighter,Samurai,XGE,classic-or-other,1,data/class/class-fighter.json,/subclassFeature/87/name,subclass-feature: Rapid Strike,迅捷打擊,,proposed,5eclone.pingstudio.tw (legacy exact ENG_name match),0.85,
Reanimated Companion,subclass-feature,Artificer,Reanimator,RHW,classic-or-other,1,data/class/class-artificer.json,/subclassFeature/41/name,subclass-feature: Reanimated Companion,,,pending,,0.50,
Reanimator,subclass-feature,Artificer,Reanimator,RHW,classic-or-other,1,data/class/class-artificer.json,/subclassFeature/42/name,subclass-feature: Reanimator,,,pending,,0.50,
Reanimator Spells,subclass-feature,Artificer,Reanimator,RHW,classic-or-other,1,data/class/class-artificer.json,/subclassFeature/43/name,subclass-feature: Reanimator Spells,,,pending,,0.50,
Reanimator's Skill Set,subclass-feature,Artificer,Reanimator,RHW,classic-or-other,1,data/class/class-artificer.json,/subclassFeature/44/name,subclass-feature: Reanimator's Skill Set,,,pending,,0.50,
Reaper,subclass-feature,Cleric,Death,DMG,classic-or-other,1,data/class/class-cleric.json,/subclassFeature/2/name,subclass-feature: Reaper,收割者,,proposed,5eclone.pingstudio.tw (legacy exact ENG_name match),0.85,
Rebuke the Violent,subclass-feature,Paladin,Redemption,XGE,classic-or-other,1,data/class/class-paladin.json,/subclassFeature/75/name,subclass-feature: Rebuke the Violent,,,pending,,0.50,
Reckless Abandon,subclass-feature,Barbarian,Battlerager,SCAG,classic-or-other,1,data/class/class-barbarian.json,/subclassFeature/35/name,subclass-feature: Reckless Abandon,魯莽放蕩,,proposed,5eclone.pingstudio.tw (legacy exact ENG_name match),0.85,
Reclaim Potential,subclass-feature,Fighter,Echo Knight,EGW,classic-or-other,1,data/class/class-fighter.json,/subclassFeature/5/name,subclass-feature: Reclaim Potential,回收潛能,,proposed,5eclone.pingstudio.tw (legacy exact ENG_name match),0.85,
Redirect Attack,subclass-feature,Monk,Drunken Master,XGE,classic-or-other,1,data/class/class-monk.json,/subclassFeature/44/name,subclass-feature: Redirect Attack,借力打力,,proposed,5eclone.pingstudio.tw (legacy exact ENG_name match),0.85,
Refined Reanimation,subclass-feature,Artificer,Reanimator,RHW,classic-or-other,1,data/class/class-artificer.json,/subclassFeature/48/name,subclass-feature: Refined Reanimation,,,pending,,0.50,
Relentless,subclass-feature,Fighter,Battle Master,PHB; XPHB,classic-or-other; one,2,data/class/class-fighter.json,/subclassFeature/19/name,subclass-feature: Relentless,頑強,,proposed,5eclone.pingstudio.tw (legacy exact ENG_name match),0.85,
Relentless Avenger,subclass-feature,Paladin,Vengeance,PHB; XPHB,classic-or-other; one,2,data/class/class-paladin.json,/subclassFeature/32/name,subclass-feature: Relentless Avenger,無盡復仇,,proposed,5eclone.pingstudio.tw (legacy exact ENG_name match),0.85,
Remarkable Athlete,subclass-feature,Fighter,Champion,PHB; XPHB,classic-or-other; one,2,data/class/class-fighter.json,/subclassFeature/23/name,subclass-feature: Remarkable Athlete,運動健將,,proposed,5eclone.pingstudio.tw (legacy exact ENG_name match),0.85,
Rend Mind,subclass-feature,Rogue,Soulknife,TCE; XPHB,classic-or-other; one,2,data/class/class-rogue.json,/subclassFeature/33/name,subclass-feature: Rend Mind,撕裂心智,,proposed,5eclone.pingstudio.tw (legacy exact ENG_name match),0.85,
Resounding Strike,subclass-feature,Cleric,Zeal (PSA),PSA,classic-or-other,1,data/class/class-cleric.json,/subclassFeature/90/name,subclass-feature: Resounding Strike,,,pending,,0.50,
Restorative Reagents,subclass-feature,Artificer,Alchemist,EFA; TCE,classic-or-other,2,data/class/class-artificer.json,/subclassFeature/5/name,subclass-feature: Restorative Reagents,復原藥劑,,proposed,5eclone.pingstudio.tw (legacy exact ENG_name match),0.85,
Restore Balance,subclass-feature,Sorcerer,Clockwork; Clockwork Soul,TCE; XPHB,classic-or-other; one,2,data/class/class-sorcerer.json,/subclassFeature/33/name,subclass-feature: Restore Balance,歸復平衡,,proposed,5eclone.pingstudio.tw (legacy exact ENG_name match),0.85,
Restriction—Dwarves Only,subclass-feature,Barbarian,Battlerager,SCAG,classic-or-other,1,data/class/class-barbarian.json,/subclassFeature/34/name,subclass-feature: Restriction—Dwarves Only,,,pending,,0.50,
Restriction: Knighthood,subclass-feature,Fighter,Purple Dragon Knight (Banneret),SCAG,classic-or-other,1,data/class/class-fighter.json,/subclassFeature/36/name,subclass-feature: Restriction: Knighthood,限制：騎士爵位,,proposed,5eclone.pingstudio.tw (legacy exact ENG_name match),0.85,
Retaliation,subclass-feature,Barbarian,Berserker,PHB; XPHB,classic-or-other; one,2,data/class/class-barbarian.json,/subclassFeature/10/name,subclass-feature: Retaliation,復仇,,proposed,5eclone.pingstudio.tw (legacy exact ENG_name match),0.85,
Revelation in Flesh,subclass-feature,Sorcerer,Aberrant; Aberrant Mind,TCE; XPHB,classic-or-other; one,2,data/class/class-sorcerer.json,/subclassFeature/29/name,subclass-feature: Revelation in Flesh,血肉啓示,,proposed,5eclone.pingstudio.tw (legacy exact ENG_name match),0.85,
Rhonas's Blessing,subclass-feature,Cleric,Strength (PSA),PSA,classic-or-other,1,data/class/class-cleric.json,/subclassFeature/82/name,subclass-feature: Rhonas's Blessing,,,pending,,0.50,
Rot and Violence,subclass-feature,Ranger,Hollow Warden,RHW,classic-or-other,1,data/class/class-ranger.json,/subclassFeature/73/name,subclass-feature: Rot and Violence,,,pending,,0.50,
Royal Envoy,subclass-feature,Fighter,Purple Dragon Knight (Banneret),SCAG,classic-or-other,1,data/class/class-fighter.json,/subclassFeature/37/name,subclass-feature: Royal Envoy,皇家特使,,proposed,5eclone.pingstudio.tw (legacy exact ENG_name match),0.85,
Rune Carver,subclass-feature,Fighter,Rune Knight,TCE,classic-or-other,1,data/class/class-fighter.json,/subclassFeature/55/name,subclass-feature: Rune Carver,符文雕刻者,,proposed,5eclone.pingstudio.tw (legacy exact ENG_name match),0.85,
Rune Knight,subclass-feature,Fighter,Rune Knight,TCE,classic-or-other,1,data/class/class-fighter.json,/subclassFeature/52/name,subclass-feature: Rune Knight,符文騎士,,proposed,5eclone.pingstudio.tw (legacy exact ENG_name match),0.85,
Runic Juggernaut,subclass-feature,Fighter,Rune Knight,TCE,classic-or-other,1,data/class/class-fighter.json,/subclassFeature/62/name,subclass-feature: Runic Juggernaut,符文主宰,,proposed,5eclone.pingstudio.tw (legacy exact ENG_name match),0.85,
Runic Shield,subclass-feature,Fighter,Rune Knight,TCE,classic-or-other,1,data/class/class-fighter.json,/subclassFeature/57/name,subclass-feature: Runic Shield,符文之盾,,proposed,5eclone.pingstudio.tw (legacy exact ENG_name match),0.85,
Sacred Weapon,subclass-feature,Paladin,Devotion,PHB; XPHB,classic-or-other; one,2,data/class/class-paladin.json,/subclassFeature/20/name,subclass-feature: Sacred Weapon,,,pending,,0.50,
Saint of Forge and Fire,subclass-feature,Cleric,Forge,XGE,classic-or-other,1,data/class/class-cleric.json,/subclassFeature/133/name,subclass-feature: Saint of Forge and Fire,火與鋼的聖徒,,proposed,5eclone.pingstudio.tw (legacy exact ENG_name match),0.85,
Samurai,subclass-feature,Fighter,Samurai,XGE,classic-or-other,1,data/class/class-fighter.json,/subclassFeature/82/name,subclass-feature: Samurai,武士,,proposed,5eclone.pingstudio.tw (legacy exact ENG_name match),0.85,
Sanctuary Vessel,subclass-feature,Warlock,Genie,TCE,classic-or-other,1,data/class/class-warlock.json,/subclassFeature/32/name,subclass-feature: Sanctuary Vessel,器皿庇護所,,proposed,5eclone.pingstudio.tw (legacy exact ENG_name match),0.85,
School of Abjuration,subclass-feature,Wizard,Abjuration,PHB,classic-or-other,2,data/class/class-wizard.json,/subclassFeature/11/name,subclass-feature: School of Abjuration,防護學派,,proposed,5eclone.pingstudio.tw (legacy exact ENG_name match),0.85,
School of Conjuration,subclass-feature,Wizard,Conjuration,PHB,classic-or-other,2,data/class/class-wizard.json,/subclassFeature/17/name,subclass-feature: School of Conjuration,咒法學派,,proposed,5eclone.pingstudio.tw (legacy exact ENG_name match),0.85,
School of Divination,subclass-feature,Wizard,Divination,PHB,classic-or-other,2,data/class/class-wizard.json,/subclassFeature/23/name,subclass-feature: School of Divination,預言學派,,proposed,5eclone.pingstudio.tw (legacy exact ENG_name match),0.85,
School of Enchantment,subclass-feature,Wizard,Enchantment,PHB,classic-or-other,2,data/class/class-wizard.json,/subclassFeature/29/name,subclass-feature: School of Enchantment,惑控學派,,proposed,5eclone.pingstudio.tw (legacy exact ENG_name match),0.85,
School of Evocation,subclass-feature,Wizard,Evocation,PHB,classic-or-other,2,data/class/class-wizard.json,/subclassFeature/35/name,subclass-feature: School of Evocation,塑能學派,,proposed,5eclone.pingstudio.tw (legacy exact ENG_name match),0.85,
School of Illusion,subclass-feature,Wizard,Illusion,PHB,classic-or-other,2,data/class/class-wizard.json,/subclassFeature/41/name,subclass-feature: School of Illusion,幻術學派,,proposed,5eclone.pingstudio.tw (legacy exact ENG_name match),0.85,
School of Necromancy,subclass-feature,Wizard,Necromancy,PHB,classic-or-other,2,data/class/class-wizard.json,/subclassFeature/47/name,subclass-feature: School of Necromancy,死靈學派,,proposed,5eclone.pingstudio.tw (legacy exact ENG_name match),0.85,
School of Transmutation,subclass-feature,Wizard,Transmutation,PHB,classic-or-other,2,data/class/class-wizard.json,/subclassFeature/53/name,subclass-feature: School of Transmutation,變化學派,,proposed,5eclone.pingstudio.tw (legacy exact ENG_name match),0.85,
Scion of the Three,subclass-feature,Rogue,Scion of the Three,FRHoF,classic-or-other,1,data/class/class-rogue.json,/subclassFeature/61/name,subclass-feature: Scion of the Three,,,pending,,0.50,
Scornful Rebuke,subclass-feature,Paladin,Conquest,XGE,classic-or-other,1,data/class/class-paladin.json,/subclassFeature/69/name,subclass-feature: Scornful Rebuke,輕蔑斥喝,,proposed,5eclone.pingstudio.tw (legacy exact ENG_name match),0.85,
Scout,subclass-feature,Rogue,Scout,XGE,classic-or-other,1,data/class/class-rogue.json,/subclassFeature/47/name,subclass-feature: Scout,斥侯,,proposed,5eclone.pingstudio.tw (legacy exact ENG_name match),0.85,
Sculpt Spells,subclass-feature,Wizard,Evocation; Evoker,PHB; XPHB,classic-or-other; one,2,data/class/class-wizard.json,/subclassFeature/37/name,subclass-feature: Sculpt Spells,形塑法術,,proposed,5eclone.pingstudio.tw (legacy exact ENG_name match),0.85,
Sea,subclass-feature,Barbarian,Storm Herald,XGE,classic-or-other,3,data/class/class-barbarian.json,/subclassFeature/56/name,subclass-feature: Sea,海洋,,proposed,5eclone.pingstudio.tw (legacy exact ENG_name match),0.85,
Searing Arc Strike,subclass-feature,Monk,Sun Soul,XGE,classic-or-other,1,data/class/class-monk.json,/subclassFeature/57/name,subclass-feature: Searing Arc Strike,熱弧襲,,proposed,5eclone.pingstudio.tw (legacy exact ENG_name match),0.85,
Searing Sunburst,subclass-feature,Monk,Sun Soul,XGE,classic-or-other,1,data/class/class-monk.json,/subclassFeature/58/name,subclass-feature: Searing Sunburst,熾熱爆陽,,proposed,5eclone.pingstudio.tw (legacy exact ENG_name match),0.85,
Searing Vengeance,subclass-feature,Warlock,Celestial,XGE; XPHB,classic-or-other; one,2,data/class/class-warlock.json,/subclassFeature/44/name,subclass-feature: Searing Vengeance,灼光復仇,,proposed,5eclone.pingstudio.tw (legacy exact ENG_name match),0.85,
Second-Story Work,subclass-feature,Rogue,Thief,PHB; XPHB,classic-or-other; one,2,data/class/class-rogue.json,/subclassFeature/14/name,subclass-feature: Second-Story Work,樑上君子,,proposed,5eclone.pingstudio.tw (legacy exact ENG_name match),0.85,
Sentinel at Death's Door,subclass-feature,Cleric,Grave,RHW; XGE,classic-or-other,2,data/class/class-cleric.json,/subclassFeature/138/name,subclass-feature: Sentinel at Death's Door,死之門的哨衛,,proposed,5eclone.pingstudio.tw (legacy exact ENG_name match),0.85,
Shadow Arts,subclass-feature,Monk,Shadow,PHB; XPHB,classic-or-other; one,2,data/class/class-monk.json,/subclassFeature/18/name,subclass-feature: Shadow Arts,影之技藝,,proposed,5eclone.pingstudio.tw (legacy exact ENG_name match),0.85,
Shadow Lore,subclass-feature,Bard,Whispers,XGE,classic-or-other,1,data/class/class-bard.json,/subclassFeature/45/name,subclass-feature: Shadow Lore,陰影學識,,proposed,5eclone.pingstudio.tw (legacy exact ENG_name match),0.85,
Shadow Magic,subclass-feature,Sorcerer,Shadow,XGE,classic-or-other,2,data/class/class-sorcerer.json,/subclassFeature/43/name,subclass-feature: Shadow Magic,幽影魔法,,proposed,5eclone.pingstudio.tw (legacy exact ENG_name match),0.85,
Shadow Martyr,subclass-feature,Fighter,Echo Knight,EGW,classic-or-other,1,data/class/class-fighter.json,/subclassFeature/4/name,subclass-feature: Shadow Martyr,陰影殉道者,,proposed,5eclone.pingstudio.tw (legacy exact ENG_name match),0.85,
Shadow Sorcery,subclass-feature,Sorcerer,Shadow,RHW,classic-or-other,1,data/class/class-sorcerer.json,/subclassFeature/69/name,subclass-feature: Shadow Sorcery,,,pending,,0.50,
Shadow Spells,subclass-feature,Sorcerer,Shadow,RHW,classic-or-other,1,data/class/class-sorcerer.json,/subclassFeature/70/name,subclass-feature: Shadow Spells,,,pending,,0.50,
Shadow Step,subclass-feature,Monk,Shadow,PHB; XPHB,classic-or-other; one,2,data/class/class-monk.json,/subclassFeature/19/name,subclass-feature: Shadow Step,暗影步,,proposed,5eclone.pingstudio.tw (legacy exact ENG_name match),0.85,
Shadow Walk,subclass-feature,Sorcerer,Shadow,RHW; XGE,classic-or-other,2,data/class/class-sorcerer.json,/subclassFeature/47/name,subclass-feature: Shadow Walk,幽影漫步,,proposed,5eclone.pingstudio.tw (legacy exact ENG_name match),0.85,
Shadowy Dodge,subclass-feature,Ranger,Gloom Stalker,XGE; XPHB,classic-or-other; one,2,data/class/class-ranger.json,/subclassFeature/47/name,subclass-feature: Shadowy Dodge,暗影閃避,,proposed,5eclone.pingstudio.tw (legacy exact ENG_name match),0.85,
Shadowy Figments,subclass-feature,Monk,Shadow,XPHB,one,1,data/class/class-monk.json,/subclassFeature/82/name,subclass-feature: Shadowy Figments,,,pending,,0.50,
Shapechanger,subclass-feature,Wizard,Transmutation,PHB,classic-or-other,1,data/class/class-wizard.json,/subclassFeature/57/name,subclass-feature: Shapechanger,變形者,,proposed,5eclone.pingstudio.tw (legacy exact ENG_name match),0.85,
Share Spells,subclass-feature,Ranger,Beast Master,PHB; XPHB,classic-or-other; one,2,data/class/class-ranger.json,/subclassFeature/11/name,subclass-feature: Share Spells,法術共享,,proposed,5eclone.pingstudio.tw (legacy exact ENG_name match),0.85,
Shared Resilience,subclass-feature,Fighter,Banneret,FRHoF,classic-or-other,1,data/class/class-fighter.json,/subclassFeature/94/name,subclass-feature: Shared Resilience,,,pending,,0.50,
Sharpen the Blade,subclass-feature,Monk,Kensei,XGE,classic-or-other,1,data/class/class-monk.json,/subclassFeature/53/name,subclass-feature: Sharpen the Blade,鋒銳劍刃,,proposed,5eclone.pingstudio.tw (legacy exact ENG_name match),0.85,
Shielding Storm,subclass-feature,Barbarian,Storm Herald,XGE,classic-or-other,1,data/class/class-barbarian.json,/subclassFeature/63/name,subclass-feature: Shielding Storm,護盾風暴,,proposed,5eclone.pingstudio.tw (legacy exact ENG_name match),0.85,
Silver Tongue,subclass-feature,Bard,Eloquence,TCE,classic-or-other,1,data/class/class-bard.json,/subclassFeature/16/name,subclass-feature: Silver Tongue,巧舌如簧,,proposed,5eclone.pingstudio.tw (legacy exact ENG_name match),0.85,
Skirmisher,subclass-feature,Rogue,Scout,XGE,classic-or-other,1,data/class/class-rogue.json,/subclassFeature/48/name,subclass-feature: Skirmisher,散兵戰術,,proposed,5eclone.pingstudio.tw (legacy exact ENG_name match),0.85,
Slashing Flourish,subclass-feature,Bard,Swords,XGE,classic-or-other,1,data/class/class-bard.json,/subclassFeature/35/name,subclass-feature: Slashing Flourish,順劈劍舞,,proposed,5eclone.pingstudio.tw (legacy exact ENG_name match),0.85,
Slayer's Counter,subclass-feature,Ranger,Monster Slayer,XGE,classic-or-other,1,data/class/class-ranger.json,/subclassFeature/61/name,subclass-feature: Slayer's Counter,殺手反制,,proposed,5eclone.pingstudio.tw (legacy exact ENG_name match),0.85,
Slayer's Prey,subclass-feature,Ranger,Monster Slayer,XGE,classic-or-other,1,data/class/class-ranger.json,/subclassFeature/58/name,subclass-feature: Slayer's Prey,殺手獵物,,proposed,5eclone.pingstudio.tw (legacy exact ENG_name match),0.85,
Smite of Protection,subclass-feature,Paladin,Devotion,XPHB,one,1,data/class/class-paladin.json,/subclassFeature/101/name,subclass-feature: Smite of Protection,,,pending,,0.50,
Solidarity Domain (PSA),subclass-feature,Cleric,Solidarity (PSA),PSA,classic-or-other,2,data/class/class-cleric.json,/subclassFeature/70/name,subclass-feature: Solidarity Domain (PSA),,,pending,,0.50,
Solidarity's Action,subclass-feature,Cleric,Solidarity (PSA),PSA,classic-or-other,1,data/class/class-cleric.json,/subclassFeature/72/name,subclass-feature: Solidarity's Action,,,pending,,0.50,
Song of Defense,subclass-feature,Wizard,Bladesinger; Bladesinging,FRHoF; TCE,classic-or-other,2,data/class/class-wizard.json,/subclassFeature/64/name,subclass-feature: Song of Defense,守禦之歌,,proposed,5eclone.pingstudio.tw (legacy exact ENG_name match),0.85,
Song of Victory,subclass-feature,Wizard,Bladesinger; Bladesinging,FRHoF; TCE,classic-or-other,2,data/class/class-wizard.json,/subclassFeature/65/name,subclass-feature: Song of Victory,勝利之歌,,proposed,5eclone.pingstudio.tw (legacy exact ENG_name match),0.85,
Soul Blades,subclass-feature,Rogue,Soulknife,TCE; XPHB,classic-or-other; one,2,data/class/class-rogue.json,/subclassFeature/31/name,subclass-feature: Soul Blades,靈魂之刃,,proposed,5eclone.pingstudio.tw (legacy exact ENG_name match),0.85,
Soul Knife,subclass-feature,Mystic,Soul Knife,UATheMysticClass,classic-or-other,1,data/class/class-mystic.json,/subclassFeature/26/name,subclass-feature: Soul Knife,,,pending,,0.50,
Soul of Deceit,subclass-feature,Rogue,Mastermind,XGE,classic-or-other,1,data/class/class-rogue.json,/subclassFeature/46/name,subclass-feature: Soul of Deceit,欺瞞之魂,,proposed,5eclone.pingstudio.tw (legacy exact ENG_name match),0.85,
Soul of the Forge,subclass-feature,Cleric,Forge,XGE,classic-or-other,1,data/class/class-cleric.json,/subclassFeature/130/name,subclass-feature: Soul of the Forge,鍛造之魂,,proposed,5eclone.pingstudio.tw (legacy exact ENG_name match),0.85,
Soul of Vengeance,subclass-feature,Paladin,Vengeance,PHB; XPHB,classic-or-other; one,2,data/class/class-paladin.json,/subclassFeature/33/name,subclass-feature: Soul of Vengeance,報復之魂,,proposed,5eclone.pingstudio.tw (legacy exact ENG_name match),0.85,
Soulknife,subclass-feature,Rogue,Soulknife,TCE; XPHB,classic-or-other; one,2,data/class/class-rogue.json,/subclassFeature/26/name,subclass-feature: Soulknife,魂刃,,proposed,5eclone.pingstudio.tw (legacy exact ENG_name match),0.85,
Spectral Defense,subclass-feature,Ranger,Horizon Walker,XGE,classic-or-other,1,data/class/class-ranger.json,/subclassFeature/54/name,subclass-feature: Spectral Defense,虛體防禦,,proposed,5eclone.pingstudio.tw (legacy exact ENG_name match),0.85,
Spectral Form,subclass-feature,Mystic,Awakened,UATheMysticClass,classic-or-other,1,data/class/class-mystic.json,/subclassFeature/11/name,subclass-feature: Spectral Form,,,pending,,0.50,
Speech of the Woods,subclass-feature,Druid,Shepherd,XGE,classic-or-other,1,data/class/class-druid.json,/subclassFeature/41/name,subclass-feature: Speech of the Woods,林地之語,,proposed,5eclone.pingstudio.tw (legacy exact ENG_name match),0.85,
Spell Bombardment,subclass-feature,Sorcerer,Wild,PHB,classic-or-other,1,data/class/class-sorcerer.json,/subclassFeature/18/name,subclass-feature: Spell Bombardment,法術轟擊,,proposed,5eclone.pingstudio.tw (legacy exact ENG_name match),0.85,
Spell Breaker,subclass-feature,Cleric; Wizard,Abjurer; Arcana,SCAG; XPHB,classic-or-other; one,2,data/class/class-cleric.json,/subclassFeature/97/name,subclass-feature: Spell Breaker,法術破壞者,,proposed,5eclone.pingstudio.tw (legacy exact ENG_name match),0.85,
Spell Resistance,subclass-feature,Wizard,Abjuration; Abjurer,PHB; XPHB,classic-or-other; one,2,data/class/class-wizard.json,/subclassFeature/16/name,subclass-feature: Spell Resistance,法術抗性,,proposed,5eclone.pingstudio.tw (legacy exact ENG_name match),0.85,
Spell Thief,subclass-feature,Rogue,Arcane Trickster,PHB; XPHB,classic-or-other; one,2,data/class/class-rogue.json,/subclassFeature/5/name,subclass-feature: Spell Thief,法術竊賊,,proposed,5eclone.pingstudio.tw (legacy exact ENG_name match),0.85,
Spellcasting,subclass-feature,Fighter; Rogue,Arcane Trickster; Eldritch Knight,PHB; XPHB,classic-or-other; one,4,data/class/class-fighter.json,/subclassFeature/28/name,subclass-feature: Spellcasting,施法,,proposed,5eclone.pingstudio.tw (legacy exact ENG_name match),0.85,
Spellfire Burst,subclass-feature,Sorcerer,Spellfire,FRHoF,classic-or-other,1,data/class/class-sorcerer.json,/subclassFeature/59/name,subclass-feature: Spellfire Burst,,,pending,,0.50,
Spellfire Sorcery,subclass-feature,Sorcerer,Spellfire,FRHoF,classic-or-other,1,data/class/class-sorcerer.json,/subclassFeature/60/name,subclass-feature: Spellfire Sorcery,,,pending,,0.50,
Spellfire Spells,subclass-feature,Sorcerer,Spellfire,FRHoF,classic-or-other,1,data/class/class-sorcerer.json,/subclassFeature/61/name,subclass-feature: Spellfire Spells,,,pending,,0.50,
Spiked Retribution,subclass-feature,Barbarian,Battlerager,SCAG,classic-or-other,1,data/class/class-barbarian.json,/subclassFeature/37/name,subclass-feature: Spiked Retribution,尖刺反擊,,proposed,5eclone.pingstudio.tw (legacy exact ENG_name match),0.85,
Spirit Projection,subclass-feature,Warlock,Undead,VRGR,classic-or-other,1,data/class/class-warlock.json,/subclassFeature/38/name,subclass-feature: Spirit Projection,靈魂投射,,proposed,5eclone.pingstudio.tw (legacy exact ENG_name match),0.85,
Spirit Seeker,subclass-feature,Barbarian,Totem Warrior,PHB,classic-or-other,1,data/class/class-barbarian.json,/subclassFeature/17/name,subclass-feature: Spirit Seeker,精魂尋訪者,,proposed,5eclone.pingstudio.tw (legacy exact ENG_name match),0.85,
Spirit Session,subclass-feature,Bard,Spirits,VRGR,classic-or-other,1,data/class/class-bard.json,/subclassFeature/25/name,subclass-feature: Spirit Session,,,pending,,0.50,
Spirit Shield,subclass-feature,Barbarian,Ancestral Guardian,XGE,classic-or-other,1,data/class/class-barbarian.json,/subclassFeature/51/name,subclass-feature: Spirit Shield,精魂之盾,,proposed,5eclone.pingstudio.tw (legacy exact ENG_name match),0.85,
Spirit Totem,subclass-feature,Druid,Shepherd,XGE,classic-or-other,1,data/class/class-druid.json,/subclassFeature/42/name,subclass-feature: Spirit Totem,精魂圖騰,,proposed,5eclone.pingstudio.tw (legacy exact ENG_name match),0.85,
Spirit Walker,subclass-feature,Barbarian,Totem Warrior,PHB,classic-or-other,1,data/class/class-barbarian.json,/subclassFeature/25/name,subclass-feature: Spirit Walker,精魂行者,,proposed,5eclone.pingstudio.tw (legacy exact ENG_name match),0.85,
Spirits from Beyond,subclass-feature,Bard,Spirits,RHW,classic-or-other,1,data/class/class-bard.json,/subclassFeature/53/name,subclass-feature: Spirits from Beyond,,,pending,,0.50,
Spiritual Focus,subclass-feature,Bard,Spirits,VRGR,classic-or-other,1,data/class/class-bard.json,/subclassFeature/23/name,subclass-feature: Spiritual Focus,靈魂法器,,proposed,5eclone.pingstudio.tw (legacy exact ENG_name match),0.85,
Split Enchantment,subclass-feature,Wizard,Enchantment,PHB,classic-or-other,1,data/class/class-wizard.json,/subclassFeature/33/name,subclass-feature: Split Enchantment,分散惑控,,proposed,5eclone.pingstudio.tw (legacy exact ENG_name match),0.85,
Spreading Spores,subclass-feature,Druid,Spores,TCE,classic-or-other,1,data/class/class-druid.json,/subclassFeature/18/name,subclass-feature: Spreading Spores,散佈孢子,,proposed,5eclone.pingstudio.tw (legacy exact ENG_name match),0.85,
Stalker's Flurry,subclass-feature,Ranger,Gloom Stalker,XGE; XPHB,classic-or-other; one,2,data/class/class-ranger.json,/subclassFeature/46/name,subclass-feature: Stalker's Flurry,追獵如風,,proposed,5eclone.pingstudio.tw (legacy exact ENG_name match),0.85,
Stand Against the Tide,subclass-feature,Ranger,Hunter,PHB,classic-or-other,1,data/class/class-ranger.json,/subclassFeature/25/name,subclass-feature: Stand Against the Tide,逆潮而立,,proposed,5eclone.pingstudio.tw (legacy exact ENG_name match),0.85,
Star Map,subclass-feature,Druid,Stars,TCE; XPHB,classic-or-other; one,2,data/class/class-druid.json,/subclassFeature/21/name,subclass-feature: Star Map,星圖,,proposed,5eclone.pingstudio.tw (legacy exact ENG_name match),0.85,
Starry Form,subclass-feature,Druid,Stars,TCE; XPHB,classic-or-other; one,2,data/class/class-druid.json,/subclassFeature/22/name,subclass-feature: Starry Form,星耀形態,,proposed,5eclone.pingstudio.tw (legacy exact ENG_name match),0.85,
Steady Eye,subclass-feature,Rogue,Inquisitive,XGE,classic-or-other,1,data/class/class-rogue.json,/subclassFeature/38/name,subclass-feature: Steady Eye,穩定之眼,,proposed,5eclone.pingstudio.tw (legacy exact ENG_name match),0.85,
Steel Defender,subclass-feature,Artificer,Battle Smith,EFA; TCE,classic-or-other,2,data/class/class-artificer.json,/subclassFeature/28/name,subclass-feature: Steel Defender,鋼鐵守衛,,proposed,5eclone.pingstudio.tw (legacy exact ENG_name match),0.85,
Steel Will,subclass-feature,Ranger,Hunter,PHB,classic-or-other,1,data/class/class-ranger.json,/subclassFeature/20/name,subclass-feature: Steel Will,鋼鐵意志,,proposed,5eclone.pingstudio.tw (legacy exact ENG_name match),0.85,
Steps of Night,subclass-feature,Cleric,Twilight,TCE,classic-or-other,1,data/class/class-cleric.json,/subclassFeature/122/name,subclass-feature: Steps of Night,午夜飛步,,proposed,5eclone.pingstudio.tw (legacy exact ENG_name match),0.85,
Steps of the Fey,subclass-feature,Warlock,Archfey,XPHB,one,1,data/class/class-warlock.json,/subclassFeature/68/name,subclass-feature: Steps of the Fey,,,pending,,0.50,
Storm Aura,subclass-feature,Barbarian,Storm Herald,XGE,classic-or-other,1,data/class/class-barbarian.json,/subclassFeature/58/name,subclass-feature: Storm Aura,風暴靈光,,proposed,5eclone.pingstudio.tw (legacy exact ENG_name match),0.85,
Storm Guide,subclass-feature,Sorcerer,Storm,XGE,classic-or-other,1,data/class/class-sorcerer.json,/subclassFeature/53/name,subclass-feature: Storm Guide,暴風導向,,proposed,5eclone.pingstudio.tw (legacy exact ENG_name match),0.85,
Storm Sorcery,subclass-feature,Sorcerer,Storm,XGE,classic-or-other,2,data/class/class-sorcerer.json,/subclassFeature/49/name,subclass-feature: Storm Sorcery,暴風術法,,proposed,5eclone.pingstudio.tw (legacy exact ENG_name match),0.85,
Storm Soul,subclass-feature,Barbarian,Storm Herald,XGE,classic-or-other,1,data/class/class-barbarian.json,/subclassFeature/62/name,subclass-feature: Storm Soul,風暴之魂,,proposed,5eclone.pingstudio.tw (legacy exact ENG_name match),0.85,
Storm's Fury,subclass-feature,Sorcerer,Storm,XGE,classic-or-other,1,data/class/class-sorcerer.json,/subclassFeature/54/name,subclass-feature: Storm's Fury,暴風狂怒,,proposed,5eclone.pingstudio.tw (legacy exact ENG_name match),0.85,
Stormborn,subclass-feature,Cleric; Druid,Sea; Tempest,PHB; XPHB,classic-or-other; one,2,data/class/class-cleric.json,/subclassFeature/46/name,subclass-feature: Stormborn,風暴之子,,proposed,5eclone.pingstudio.tw (legacy exact ENG_name match),0.85,
Strange Modifications,subclass-feature,Artificer,Reanimator,RHW,classic-or-other,1,data/class/class-artificer.json,/subclassFeature/45/name,subclass-feature: Strange Modifications,,,pending,,0.50,
Strength before Death,subclass-feature,Fighter,Samurai,XGE,classic-or-other,1,data/class/class-fighter.json,/subclassFeature/88/name,subclass-feature: Strength before Death,迴光返照,,proposed,5eclone.pingstudio.tw (legacy exact ENG_name match),0.85,
Strength Domain (PSA),subclass-feature,Cleric,Strength (PSA),PSA,classic-or-other,2,data/class/class-cleric.json,/subclassFeature/78/name,subclass-feature: Strength Domain (PSA),,,pending,,0.50,
Strength of the Grave,subclass-feature,Sorcerer,Shadow,XGE,classic-or-other,1,data/class/class-sorcerer.json,/subclassFeature/45/name,subclass-feature: Strength of the Grave,終焉之力,,proposed,5eclone.pingstudio.tw (legacy exact ENG_name match),0.85,
Stride of the Elements,subclass-feature,Monk,Elements,XPHB,one,1,data/class/class-monk.json,/subclassFeature/64/name,subclass-feature: Stride of the Elements,,,pending,,0.50,
Strike Fear,subclass-feature,Rogue,Scion of the Three,FRHoF,classic-or-other,1,data/class/class-rogue.json,/subclassFeature/62/name,subclass-feature: Strike Fear,,,pending,,0.50,
Student of War,subclass-feature,Fighter,Battle Master,PHB; XPHB,classic-or-other; one,2,data/class/class-fighter.json,/subclassFeature/11/name,subclass-feature: Student of War,戰爭學徒,,proposed,5eclone.pingstudio.tw (legacy exact ENG_name match),0.85,
Sudden Strike,subclass-feature,Rogue,Scout,XGE,classic-or-other,1,data/class/class-rogue.json,/subclassFeature/52/name,subclass-feature: Sudden Strike,突發猛擊,,proposed,5eclone.pingstudio.tw (legacy exact ENG_name match),0.85,
Summon Wildfire Spirit,subclass-feature,Druid,Wildfire,TCE,classic-or-other,1,data/class/class-druid.json,/subclassFeature/31/name,subclass-feature: Summon Wildfire Spirit,召喚野火精魄,,proposed,5eclone.pingstudio.tw (legacy exact ENG_name match),0.85,
Sun Shield,subclass-feature,Monk,Sun Soul,XGE,classic-or-other,1,data/class/class-monk.json,/subclassFeature/59/name,subclass-feature: Sun Shield,輝日護盾,,proposed,5eclone.pingstudio.tw (legacy exact ENG_name match),0.85,
Superior Atlas,subclass-feature,Artificer,Cartographer,EFA,classic-or-other,1,data/class/class-artificer.json,/subclassFeature/40/name,subclass-feature: Superior Atlas,,,pending,,0.50,
Superior Critical,subclass-feature,Fighter,Champion,PHB; XPHB,classic-or-other; one,2,data/class/class-fighter.json,/subclassFeature/25/name,subclass-feature: Superior Critical,卓越重擊,,proposed,5eclone.pingstudio.tw (legacy exact ENG_name match),0.85,
Superior Dread,subclass-feature,Warlock,Undead,RHW,classic-or-other,1,data/class/class-warlock.json,/subclassFeature/59/name,subclass-feature: Superior Dread,,,pending,,0.50,
Superior Hunter's Defense,subclass-feature,Ranger,Hunter,PHB; XPHB,classic-or-other; one,2,data/class/class-ranger.json,/subclassFeature/26/name,subclass-feature: Superior Hunter's Defense,卓越獵人防禦,,proposed,5eclone.pingstudio.tw (legacy exact ENG_name match),0.85,
Superior Hunter's Prey,subclass-feature,Ranger,Hunter,XPHB,one,1,data/class/class-ranger.json,/subclassFeature/98/name,subclass-feature: Superior Hunter's Prey,,,pending,,0.50,
Superior Mobility,subclass-feature,Rogue,Scout,XGE,classic-or-other,1,data/class/class-rogue.json,/subclassFeature/50/name,subclass-feature: Superior Mobility,優越機動,,proposed,5eclone.pingstudio.tw (legacy exact ENG_name match),0.85,
Superior Teleportation,subclass-feature,Mystic,Nomad,UATheMysticClass,classic-or-other,1,data/class/class-mystic.json,/subclassFeature/22/name,subclass-feature: Superior Teleportation,,,pending,,0.50,
Supernatural Defense,subclass-feature,Ranger,Monster Slayer,XGE,classic-or-other,1,data/class/class-ranger.json,/subclassFeature/59/name,subclass-feature: Supernatural Defense,超常防禦,,proposed,5eclone.pingstudio.tw (legacy exact ENG_name match),0.85,
Supernatural Resistance,subclass-feature,Paladin,Oathbreaker,DMG,classic-or-other,1,data/class/class-paladin.json,/subclassFeature/6/name,subclass-feature: Supernatural Resistance,超然抗性,,proposed,5eclone.pingstudio.tw (legacy exact ENG_name match),0.85,
Supreme Healing,subclass-feature,Cleric,Life; Solidarity (PSA),PHB; PSA; XPHB,classic-or-other; one,3,data/class/class-cleric.json,/subclassFeature/22/name,subclass-feature: Supreme Healing,極效治療,,proposed,5eclone.pingstudio.tw (legacy exact ENG_name match),0.85,
Supreme Sneak,subclass-feature,Rogue,Thief,PHB; XPHB,classic-or-other; one,2,data/class/class-rogue.json,/subclassFeature/15/name,subclass-feature: Supreme Sneak,卓越潛行,,proposed,5eclone.pingstudio.tw (legacy exact ENG_name match),0.85,
Surge of Health,subclass-feature,Mystic,Immortal,UATheMysticClass,classic-or-other,1,data/class/class-mystic.json,/subclassFeature/16/name,subclass-feature: Surge of Health,,,pending,,0.50,
Survivalist,subclass-feature,Rogue,Scout,XGE,classic-or-other,1,data/class/class-rogue.json,/subclassFeature/49/name,subclass-feature: Survivalist,求生專家,,proposed,5eclone.pingstudio.tw (legacy exact ENG_name match),0.85,
Survivor,subclass-feature,Fighter,Champion,PHB; XPHB,classic-or-other; one,2,data/class/class-fighter.json,/subclassFeature/26/name,subclass-feature: Survivor,生還者,,proposed,5eclone.pingstudio.tw (legacy exact ENG_name match),0.85,
Swarming Dispersal,subclass-feature,Ranger,Swarmkeeper,TCE,classic-or-other,1,data/class/class-ranger.json,/subclassFeature/40/name,subclass-feature: Swarming Dispersal,羣逸逃散,,proposed,5eclone.pingstudio.tw (legacy exact ENG_name match),0.85,
Swarmkeeper,subclass-feature,Ranger,Swarmkeeper,TCE,classic-or-other,1,data/class/class-ranger.json,/subclassFeature/35/name,subclass-feature: Swarmkeeper,集羣守衛,,proposed,5eclone.pingstudio.tw (legacy exact ENG_name match),0.85,
Swarmkeeper Magic,subclass-feature,Ranger,Swarmkeeper,TCE,classic-or-other,1,data/class/class-ranger.json,/subclassFeature/37/name,subclass-feature: Swarmkeeper Magic,集羣守衛魔法,,proposed,5eclone.pingstudio.tw (legacy exact ENG_name match),0.85,
Swashbuckler,subclass-feature,Rogue,Swashbuckler,XGE,classic-or-other,1,data/class/class-rogue.json,/subclassFeature/53/name,subclass-feature: Swashbuckler,風流劍客,,proposed,5eclone.pingstudio.tw (legacy exact ENG_name match),0.85,
Symbiotic Entity,subclass-feature,Druid,Spores,TCE,classic-or-other,1,data/class/class-druid.json,/subclassFeature/16/name,subclass-feature: Symbiotic Entity,共生實體,,proposed,5eclone.pingstudio.tw (legacy exact ENG_name match),0.85,
Tactical Wit,subclass-feature,Wizard,War,XGE,classic-or-other,1,data/class/class-wizard.json,/subclassFeature/74/name,subclass-feature: Tactical Wit,戰術思維,,proposed,5eclone.pingstudio.tw (legacy exact ENG_name match),0.85,
Tales from Beyond,subclass-feature,Bard,Spirits,VRGR,classic-or-other,1,data/class/class-bard.json,/subclassFeature/24/name,subclass-feature: Tales from Beyond,先世傳說,,proposed,5eclone.pingstudio.tw (legacy exact ENG_name match),0.85,
Tamed Surge,subclass-feature,Sorcerer,Wild Magic,XPHB,one,1,data/class/class-sorcerer.json,/subclassFeature/103/name,subclass-feature: Tamed Surge,,,pending,,0.50,
Tandem Footwork,subclass-feature,Bard,Dance,XPHB,one,1,data/class/class-bard.json,/subclassFeature/63/name,subclass-feature: Tandem Footwork,,,pending,,0.50,
Team Tactics,subclass-feature,Fighter,Banneret,FRHoF,classic-or-other,1,data/class/class-fighter.json,/subclassFeature/92/name,subclass-feature: Team Tactics,,,pending,,0.50,
Telekinetic Adept,subclass-feature,Fighter,Psi Warrior,TCE; XPHB,classic-or-other; one,2,data/class/class-fighter.json,/subclassFeature/48/name,subclass-feature: Telekinetic Adept,念力擅長,,proposed,5eclone.pingstudio.tw (legacy exact ENG_name match),0.85,
Telekinetic Master,subclass-feature,Fighter,Psi Warrior,TCE; XPHB,classic-or-other; one,2,data/class/class-fighter.json,/subclassFeature/51/name,subclass-feature: Telekinetic Master,念力宗師,,proposed,5eclone.pingstudio.tw (legacy exact ENG_name match),0.85,
Telekinetic Movement,subclass-feature,Fighter,Psi Warrior,TCE; XPHB,classic-or-other; one,2,data/class/class-fighter.json,/subclassFeature/44/name,subclass-feature: Telekinetic Movement,念力控物,,proposed,5eclone.pingstudio.tw (legacy exact ENG_name match),0.85,
Telekinetic Thrust,subclass-feature,Fighter,Psi Warrior,TCE; XPHB,classic-or-other; one,2,data/class/class-fighter.json,/subclassFeature/47/name,subclass-feature: Telekinetic Thrust,,,pending,,0.50,
Telepathic Speech,subclass-feature,Sorcerer,Aberrant; Aberrant Mind,TCE; XPHB,classic-or-other; one,2,data/class/class-sorcerer.json,/subclassFeature/26/name,subclass-feature: Telepathic Speech,傳心談話,,proposed,5eclone.pingstudio.tw (legacy exact ENG_name match),0.85,
Tempest Domain,subclass-feature,Cleric,Tempest,PHB,classic-or-other,2,data/class/class-cleric.json,/subclassFeature/39/name,subclass-feature: Tempest Domain,暴風領域,,proposed,5eclone.pingstudio.tw (legacy exact ENG_name match),0.85,
Tempestuous Magic,subclass-feature,Sorcerer,Storm,XGE,classic-or-other,1,data/class/class-sorcerer.json,/subclassFeature/50/name,subclass-feature: Tempestuous Magic,風暴魔法,,proposed,5eclone.pingstudio.tw (legacy exact ENG_name match),0.85,
Temporal Awareness,subclass-feature,Wizard,Chronurgy,EGW,classic-or-other,1,data/class/class-wizard.json,/subclassFeature/2/name,subclass-feature: Temporal Awareness,現世感知,,proposed,5eclone.pingstudio.tw (legacy exact ENG_name match),0.85,
Tenets of Conquest,subclass-feature,Paladin,Conquest,XGE,classic-or-other,1,data/class/class-paladin.json,/subclassFeature/67/name,subclass-feature: Tenets of Conquest,征服之信條,,proposed,5eclone.pingstudio.tw (legacy exact ENG_name match),0.85,
Tenets of Devotion,subclass-feature,Paladin,Devotion,PHB,classic-or-other,1,data/class/class-paladin.json,/subclassFeature/21/name,subclass-feature: Tenets of Devotion,奉獻之信條,,proposed,5eclone.pingstudio.tw (legacy exact ENG_name match),0.85,
Tenets of Glory,subclass-feature,Paladin,Glory,TCE,classic-or-other,1,data/class/class-paladin.json,/subclassFeature/47/name,subclass-feature: Tenets of Glory,榮耀之信條,,proposed,5eclone.pingstudio.tw (legacy exact ENG_name match),0.85,
Tenets of Redemption,subclass-feature,Paladin,Redemption,XGE,classic-or-other,1,data/class/class-paladin.json,/subclassFeature/76/name,subclass-feature: Tenets of Redemption,救贖之信條,,proposed,5eclone.pingstudio.tw (legacy exact ENG_name match),0.85,
Tenets of the Ancients,subclass-feature,Paladin,Ancients,PHB,classic-or-other,1,data/class/class-paladin.json,/subclassFeature/12/name,subclass-feature: Tenets of the Ancients,遠古之信條,,proposed,5eclone.pingstudio.tw (legacy exact ENG_name match),0.85,
Tenets of the Crown,subclass-feature,Paladin,Crown,SCAG,classic-or-other,1,data/class/class-paladin.json,/subclassFeature/39/name,subclass-feature: Tenets of the Crown,王冠之信條,,proposed,5eclone.pingstudio.tw (legacy exact ENG_name match),0.85,
Tenets of the Watchers,subclass-feature,Paladin,Watchers,TCE,classic-or-other,1,data/class/class-paladin.json,/subclassFeature/56/name,subclass-feature: Tenets of the Watchers,守望之信條,,proposed,5eclone.pingstudio.tw (legacy exact ENG_name match),0.85,
Tenets of Vengeance,subclass-feature,Paladin,Vengeance,PHB,classic-or-other,1,data/class/class-paladin.json,/subclassFeature/30/name,subclass-feature: Tenets of Vengeance,復仇之信條,,proposed,5eclone.pingstudio.tw (legacy exact ENG_name match),0.85,
Tentacle of the Deeps,subclass-feature,Warlock,Fathomless,TCE,classic-or-other,1,data/class/class-warlock.json,/subclassFeature/22/name,subclass-feature: Tentacle of the Deeps,深海觸手,,proposed,5eclone.pingstudio.tw (legacy exact ENG_name match),0.85,
The Archfey,subclass-feature,Warlock,Archfey,PHB,classic-or-other,2,data/class/class-warlock.json,/subclassFeature/0/name,subclass-feature: The Archfey,至高妖精,,proposed,5eclone.pingstudio.tw (legacy exact ENG_name match),0.85,
The Celestial,subclass-feature,Warlock,Celestial,XGE,classic-or-other,2,data/class/class-warlock.json,/subclassFeature/39/name,subclass-feature: The Celestial,天界宗主,,proposed,5eclone.pingstudio.tw (legacy exact ENG_name match),0.85,
The Fathomless,subclass-feature,Warlock,Fathomless,TCE,classic-or-other,2,data/class/class-warlock.json,/subclassFeature/20/name,subclass-feature: The Fathomless,深海意志,,proposed,5eclone.pingstudio.tw (legacy exact ENG_name match),0.85,
The Fiend,subclass-feature,Warlock,Fiend,PHB,classic-or-other,2,data/class/class-warlock.json,/subclassFeature/5/name,subclass-feature: The Fiend,邪魔宗主,,proposed,5eclone.pingstudio.tw (legacy exact ENG_name match),0.85,
The Genie,subclass-feature,Warlock,Genie,TCE,classic-or-other,2,data/class/class-warlock.json,/subclassFeature/29/name,subclass-feature: The Genie,巨靈宗主,,proposed,5eclone.pingstudio.tw (legacy exact ENG_name match),0.85,
The Great Old One,subclass-feature,Warlock,Great Old One,PHB,classic-or-other,2,data/class/class-warlock.json,/subclassFeature/10/name,subclass-feature: The Great Old One,舊日支配者,,proposed,5eclone.pingstudio.tw (legacy exact ENG_name match),0.85,
The Hexblade,subclass-feature,Warlock,Hexblade,XGE,classic-or-other,2,data/class/class-warlock.json,/subclassFeature/45/name,subclass-feature: The Hexblade,咒劍士,,proposed,5eclone.pingstudio.tw (legacy exact ENG_name match),0.85,
The Third Eye,subclass-feature,Wizard,Divination; Diviner,PHB; XPHB,classic-or-other; one,2,data/class/class-wizard.json,/subclassFeature/27/name,subclass-feature: The Third Eye,天眼通,,proposed,5eclone.pingstudio.tw (legacy exact ENG_name match),0.85,
The Undead,subclass-feature,Warlock,Undead,VRGR,classic-or-other,2,data/class/class-warlock.json,/subclassFeature/34/name,subclass-feature: The Undead,死靈宗主,,proposed,5eclone.pingstudio.tw (legacy exact ENG_name match),0.85,
The Undying,subclass-feature,Warlock,Undying,SCAG,classic-or-other,2,data/class/class-warlock.json,/subclassFeature/15/name,subclass-feature: The Undying,​不朽者,,proposed,5eclone.pingstudio.tw (legacy exact ENG_name match),0.85,
Thief,subclass-feature,Rogue,Thief,PHB; XPHB,classic-or-other; one,2,data/class/class-rogue.json,/subclassFeature/12/name,subclass-feature: Thief,竊賊,,proposed,5eclone.pingstudio.tw (legacy exact ENG_name match),0.85,
Thief's Reflexes,subclass-feature,Rogue,Thief,PHB; XPHB,classic-or-other; one,2,data/class/class-rogue.json,/subclassFeature/17/name,subclass-feature: Thief's Reflexes,竊賊反射,,proposed,5eclone.pingstudio.tw (legacy exact ENG_name match),0.85,
Thought Shield,subclass-feature,Warlock,Great Old One,PHB; XPHB,classic-or-other; one,2,data/class/class-warlock.json,/subclassFeature/13/name,subclass-feature: Thought Shield,思想護盾,,proposed,5eclone.pingstudio.tw (legacy exact ENG_name match),0.85,
Thousand Forms,subclass-feature,Druid,Moon,PHB,classic-or-other,1,data/class/class-druid.json,/subclassFeature/12/name,subclass-feature: Thousand Forms,千面相,,proposed,5eclone.pingstudio.tw (legacy exact ENG_name match),0.85,
Thunder Gauntlets,subclass-feature,Artificer,Armorer,TCE,classic-or-other,1,data/class/class-artificer.json,/subclassFeature/61/name,subclass-feature: Thunder Gauntlets,,,pending,,0.50,
Thunderbolt Strike,subclass-feature,Cleric,Tempest,PHB,classic-or-other,1,data/class/class-cleric.json,/subclassFeature/43/name,subclass-feature: Thunderbolt Strike,雷電猛擊,,proposed,5eclone.pingstudio.tw (legacy exact ENG_name match),0.85,
Tides of Chaos,subclass-feature,Sorcerer,Wild; Wild Magic,PHB; XPHB,classic-or-other; one,2,data/class/class-sorcerer.json,/subclassFeature/14/name,subclass-feature: Tides of Chaos,混亂之潮,,proposed,5eclone.pingstudio.tw (legacy exact ENG_name match),0.85,
Tiger,subclass-feature,Barbarian,Totem Warrior,SCAG,classic-or-other,3,data/class/class-barbarian.json,/subclassFeature/15/name,subclass-feature: Tiger,虎,,proposed,5eclone.pingstudio.tw (legacy exact ENG_name match),0.85,
Tipsy Sway,subclass-feature,Monk,Drunken Master,XGE,classic-or-other,1,data/class/class-monk.json,/subclassFeature/45/name,subclass-feature: Tipsy Sway,微醺搖擺,,proposed,5eclone.pingstudio.tw (legacy exact ENG_name match),0.85,
Tireless Spirit,subclass-feature,Fighter,Samurai,XGE,classic-or-other,1,data/class/class-fighter.json,/subclassFeature/86/name,subclass-feature: Tireless Spirit,不懈戰魂,,proposed,5eclone.pingstudio.tw (legacy exact ENG_name match),0.85,
Tokens of the Departed,subclass-feature,Rogue,Phantom,RHW; TCE,classic-or-other,2,data/class/class-rogue.json,/subclassFeature/21/name,subclass-feature: Tokens of the Departed,逝者遺物,,proposed,5eclone.pingstudio.tw (legacy exact ENG_name match),0.85,
Tool Proficiency,subclass-feature,Artificer,Alchemist; Artillerist; Battle Smith,TCE,classic-or-other,3,data/class/class-artificer.json,/subclassFeature/52/name,subclass-feature: Tool Proficiency,本職工具,,proposed,5eclone.pingstudio.tw (legacy exact ENG_name match),0.85,
Tools of the Trade,subclass-feature,Artificer,Alchemist; Armorer; Artillerist; Battle Smith; Cartographer,EFA; TCE,classic-or-other,6,data/class/class-artificer.json,/subclassFeature/3/name,subclass-feature: Tools of the Trade,本職工具,,proposed,5eclone.pingstudio.tw (legacy exact ENG_name match),0.85,
Totem Spirit,subclass-feature,Barbarian,Totem Warrior,PHB,classic-or-other,1,data/class/class-barbarian.json,/subclassFeature/18/name,subclass-feature: Totem Spirit,圖騰精魂,,proposed,5eclone.pingstudio.tw (legacy exact ENG_name match),0.85,
Totemic Attunement,subclass-feature,Barbarian,Totem Warrior,PHB,classic-or-other,1,data/class/class-barbarian.json,/subclassFeature/31/name,subclass-feature: Totemic Attunement,圖騰調律,,proposed,5eclone.pingstudio.tw (legacy exact ENG_name match),0.85,
Touch of Death,subclass-feature,Monk,Long Death,SCAG,classic-or-other,1,data/class/class-monk.json,/subclassFeature/23/name,subclass-feature: Touch of Death,死之觸,,proposed,5eclone.pingstudio.tw (legacy exact ENG_name match),0.85,
Touch of the Long Death,subclass-feature,Monk,Long Death,SCAG,classic-or-other,1,data/class/class-monk.json,/subclassFeature/26/name,subclass-feature: Touch of the Long Death,長眠觸,,proposed,5eclone.pingstudio.tw (legacy exact ENG_name match),0.85,
Training in War and Song,subclass-feature,Wizard,Bladesinger,FRHoF,classic-or-other,1,data/class/class-wizard.json,/subclassFeature/82/name,subclass-feature: Training in War and Song,,,pending,,0.50,
Training in War and Song (Bladesinging),subclass-feature,Wizard,Bladesinging,TCE,classic-or-other,1,data/class/class-wizard.json,/subclassFeature/62/name,subclass-feature: Training in War and Song (Bladesinging),戰歌訓練 (劍詠),,proposed,5eclone.pingstudio.tw (legacy exact ENG_name match),0.85,
Trance of Order,subclass-feature,Sorcerer,Clockwork; Clockwork Soul,TCE; XPHB,classic-or-other; one,2,data/class/class-sorcerer.json,/subclassFeature/35/name,subclass-feature: Trance of Order,序列意識,,proposed,5eclone.pingstudio.tw (legacy exact ENG_name match),0.85,
Tranquility,subclass-feature,Monk,Open Hand,PHB,classic-or-other,1,data/class/class-monk.json,/subclassFeature/15/name,subclass-feature: Tranquility,凝神境,,proposed,5eclone.pingstudio.tw (legacy exact ENG_name match),0.85,
Transmutation Savant,subclass-feature,Wizard,Transmutation,PHB,classic-or-other,1,data/class/class-wizard.json,/subclassFeature/55/name,subclass-feature: Transmutation Savant,變化學者,,proposed,5eclone.pingstudio.tw (legacy exact ENG_name match),0.85,
Transmuter's Stone,subclass-feature,Wizard,Transmutation,PHB,classic-or-other,1,data/class/class-wizard.json,/subclassFeature/56/name,subclass-feature: Transmuter's Stone,變化師之石,,proposed,5eclone.pingstudio.tw (legacy exact ENG_name match),0.85,
Travel Along the Tree,subclass-feature,Barbarian,World Tree,XPHB,one,1,data/class/class-barbarian.json,/subclassFeature/89/name,subclass-feature: Travel Along the Tree,,,pending,,0.50,
Trickery Domain,subclass-feature,Cleric,Trickery,PHB; XPHB,classic-or-other; one,3,data/class/class-cleric.json,/subclassFeature/47/name,subclass-feature: Trickery Domain,詭術領域,,proposed,5eclone.pingstudio.tw (legacy exact ENG_name match),0.85,
Trickery Domain Spells,subclass-feature,Cleric,Trickery,XPHB,one,1,data/class/class-cleric.json,/subclassFeature/206/name,subclass-feature: Trickery Domain Spells,,,pending,,0.50,
Trickster's Transposition,subclass-feature,Cleric,Trickery,XPHB,one,1,data/class/class-cleric.json,/subclassFeature/207/name,subclass-feature: Trickster's Transposition,,,pending,,0.50,
Tundra,subclass-feature,Barbarian,Storm Herald,XGE,classic-or-other,3,data/class/class-barbarian.json,/subclassFeature/57/name,subclass-feature: Tundra,凍原,,proposed,5eclone.pingstudio.tw (legacy exact ENG_name match),0.85,
Turn the Faithless,subclass-feature,Paladin,Ancients,PHB,classic-or-other,1,data/class/class-paladin.json,/subclassFeature/13/name,subclass-feature: Turn the Faithless,,,pending,,0.50,
Turn the Tide,subclass-feature,Paladin,Crown,SCAG,classic-or-other,1,data/class/class-paladin.json,/subclassFeature/40/name,subclass-feature: Turn the Tide,,,pending,,0.50,
Turn the Unholy,subclass-feature,Paladin,Devotion,PHB,classic-or-other,1,data/class/class-paladin.json,/subclassFeature/22/name,subclass-feature: Turn the Unholy,,,pending,,0.50,
Twilight Domain,subclass-feature,Cleric,Twilight,TCE,classic-or-other,2,data/class/class-cleric.json,/subclassFeature/117/name,subclass-feature: Twilight Domain,暮光領域,,proposed,5eclone.pingstudio.tw (legacy exact ENG_name match),0.85,
Twilight Shroud,subclass-feature,Cleric,Twilight,TCE,classic-or-other,1,data/class/class-cleric.json,/subclassFeature/125/name,subclass-feature: Twilight Shroud,暮光守護,,proposed,5eclone.pingstudio.tw (legacy exact ENG_name match),0.85,
Twinkling Constellations,subclass-feature,Druid,Stars,TCE; XPHB,classic-or-other; one,2,data/class/class-druid.json,/subclassFeature/27/name,subclass-feature: Twinkling Constellations,閃耀星座,,proposed,5eclone.pingstudio.tw (legacy exact ENG_name match),0.85,
Ultimate Combat Superiority,subclass-feature,Fighter,Battle Master,XPHB,one,1,data/class/class-fighter.json,/subclassFeature/103/name,subclass-feature: Ultimate Combat Superiority,,,pending,,0.50,
Umbral Form,subclass-feature,Sorcerer,Shadow,RHW; XGE,classic-or-other,2,data/class/class-sorcerer.json,/subclassFeature/48/name,subclass-feature: Umbral Form,暗影型態,,proposed,5eclone.pingstudio.tw (legacy exact ENG_name match),0.85,
Umbral Sight,subclass-feature,Ranger,Gloom Stalker,XGE; XPHB,classic-or-other; one,2,data/class/class-ranger.json,/subclassFeature/44/name,subclass-feature: Umbral Sight,幽影視覺,,proposed,5eclone.pingstudio.tw (legacy exact ENG_name match),0.85,
Unarmored Defense,subclass-feature,Bard,Dance,XPHB,one,1,data/class/class-bard.json,/subclassFeature/61/name,subclass-feature: Unarmored Defense,無甲防禦,,proposed,5eclone.pingstudio.tw (legacy exact ENG_name match),0.85,
Unbreakable Majesty,subclass-feature,Bard,Glamour,XGE; XPHB,classic-or-other; one,2,data/class/class-bard.json,/subclassFeature/31/name,subclass-feature: Unbreakable Majesty,無敵威嚴,,proposed,5eclone.pingstudio.tw (legacy exact ENG_name match),0.85,
Uncanny Dodge,subclass-feature,Ranger,Hunter,PHB,classic-or-other,1,data/class/class-ranger.json,/subclassFeature/27/name,subclass-feature: Uncanny Dodge,直覺閃避,,proposed,5eclone.pingstudio.tw (legacy exact ENG_name match),0.85,
Undead Patron,subclass-feature,Warlock,Undead,RHW,classic-or-other,1,data/class/class-warlock.json,/subclassFeature/54/name,subclass-feature: Undead Patron,,,pending,,0.50,
Undead Spells,subclass-feature,Warlock,Undead,RHW,classic-or-other,1,data/class/class-warlock.json,/subclassFeature/56/name,subclass-feature: Undead Spells,,,pending,,0.50,
Undead Thralls,subclass-feature,Wizard,Necromancy,PHB,classic-or-other,1,data/class/class-wizard.json,/subclassFeature/50/name,subclass-feature: Undead Thralls,不死奴僕,,proposed,5eclone.pingstudio.tw (legacy exact ENG_name match),0.85,
Undying Nature,subclass-feature,Warlock,Undying,SCAG,classic-or-other,1,data/class/class-warlock.json,/subclassFeature/18/name,subclass-feature: Undying Nature,不朽天性,,proposed,5eclone.pingstudio.tw (legacy exact ENG_name match),0.85,
Undying Sentinel,subclass-feature,Paladin,Ancients,PHB; XPHB,classic-or-other; one,2,data/class/class-paladin.json,/subclassFeature/15/name,subclass-feature: Undying Sentinel,不朽衛士,,proposed,5eclone.pingstudio.tw (legacy exact ENG_name match),0.85,
Unearthly Recovery,subclass-feature,Sorcerer,Divine Soul,XGE,classic-or-other,1,data/class/class-sorcerer.json,/subclassFeature/42/name,subclass-feature: Unearthly Recovery,神祕痊癒,,proposed,5eclone.pingstudio.tw (legacy exact ENG_name match),0.85,
Unerring Accuracy,subclass-feature,Monk,Kensei,XGE,classic-or-other,1,data/class/class-monk.json,/subclassFeature/54/name,subclass-feature: Unerring Accuracy,神準精確,,proposed,5eclone.pingstudio.tw (legacy exact ENG_name match),0.85,
Unerring Eye,subclass-feature,Rogue,Inquisitive,XGE,classic-or-other,1,data/class/class-rogue.json,/subclassFeature/39/name,subclass-feature: Unerring Eye,精準之眼,,proposed,5eclone.pingstudio.tw (legacy exact ENG_name match),0.85,
Unfailing Inspiration,subclass-feature,Bard,Eloquence,TCE,classic-or-other,1,data/class/class-bard.json,/subclassFeature/18/name,subclass-feature: Unfailing Inspiration,不竭鼓舞,,proposed,5eclone.pingstudio.tw (legacy exact ENG_name match),0.85,
Unfettered Mind,subclass-feature,Cleric,Knowledge,FRHoF,classic-or-other,1,data/class/class-cleric.json,/subclassFeature/148/name,subclass-feature: Unfettered Mind,,,pending,,0.50,
Universal Speech,subclass-feature,Bard,Eloquence,TCE,classic-or-other,1,data/class/class-bard.json,/subclassFeature/19/name,subclass-feature: Universal Speech,統一言說,,proposed,5eclone.pingstudio.tw (legacy exact ENG_name match),0.85,
Unleash Incarnation,subclass-feature,Fighter,Echo Knight,EGW,classic-or-other,1,data/class/class-fighter.json,/subclassFeature/2/name,subclass-feature: Unleash Incarnation,釋放化身,,proposed,5eclone.pingstudio.tw (legacy exact ENG_name match),0.85,
Unsettling Words,subclass-feature,Bard,Eloquence,TCE,classic-or-other,1,data/class/class-bard.json,/subclassFeature/17/name,subclass-feature: Unsettling Words,擾神之詞,,proposed,5eclone.pingstudio.tw (legacy exact ENG_name match),0.85,
Unstable Backlash,subclass-feature,Barbarian,Wild Magic,TCE,classic-or-other,1,data/class/class-barbarian.json,/subclassFeature/47/name,subclass-feature: Unstable Backlash,無常反衝,,proposed,5eclone.pingstudio.tw (legacy exact ENG_name match),0.85,
Unwavering Mark,subclass-feature,Fighter,Cavalier,XGE,classic-or-other,1,data/class/class-fighter.json,/subclassFeature/77/name,subclass-feature: Unwavering Mark,堅定印記,,proposed,5eclone.pingstudio.tw (legacy exact ENG_name match),0.85,
Unyielding Spirit,subclass-feature,Paladin,Crown,SCAG,classic-or-other,1,data/class/class-paladin.json,/subclassFeature/42/name,subclass-feature: Unyielding Spirit,不屈之魂,,proposed,5eclone.pingstudio.tw (legacy exact ENG_name match),0.85,
Use Magic Device,subclass-feature,Rogue,Thief,PHB; XPHB,classic-or-other; one,2,data/class/class-rogue.json,/subclassFeature/16/name,subclass-feature: Use Magic Device,使用魔法設備,,proposed,5eclone.pingstudio.tw (legacy exact ENG_name match),0.85,
Vengeful Ancestors,subclass-feature,Barbarian,Ancestral Guardian,XGE,classic-or-other,1,data/class/class-barbarian.json,/subclassFeature/53/name,subclass-feature: Vengeful Ancestors,復仇先祖,,proposed,5eclone.pingstudio.tw (legacy exact ENG_name match),0.85,
Versatile Trickster,subclass-feature,Rogue,Arcane Trickster,PHB; XPHB,classic-or-other; one,2,data/class/class-rogue.json,/subclassFeature/4/name,subclass-feature: Versatile Trickster,萬能詭術,,proposed,5eclone.pingstudio.tw (legacy exact ENG_name match),0.85,
Vigilant Blessing,subclass-feature,Cleric,Twilight,TCE,classic-or-other,1,data/class/class-cleric.json,/subclassFeature/120/name,subclass-feature: Vigilant Blessing,警覺賜福,,proposed,5eclone.pingstudio.tw (legacy exact ENG_name match),0.85,
Vigilant Defender,subclass-feature,Fighter,Cavalier,XGE,classic-or-other,1,data/class/class-fighter.json,/subclassFeature/81/name,subclass-feature: Vigilant Defender,警戒防衛者,,proposed,5eclone.pingstudio.tw (legacy exact ENG_name match),0.85,
Vigilant Rebuke,subclass-feature,Paladin,Watchers,TCE,classic-or-other,1,data/class/class-paladin.json,/subclassFeature/60/name,subclass-feature: Vigilant Rebuke,警戒呵斥,,proposed,5eclone.pingstudio.tw (legacy exact ENG_name match),0.85,
Violent Attraction,subclass-feature,Wizard,Graviturgy,EGW,classic-or-other,1,data/class/class-wizard.json,/subclassFeature/9/name,subclass-feature: Violent Attraction,狂暴牽引,,proposed,5eclone.pingstudio.tw (legacy exact ENG_name match),0.85,
Visage of the Astral Self,subclass-feature,Monk,Astral Self,TCE,classic-or-other,1,data/class/class-monk.json,/subclassFeature/30/name,subclass-feature: Visage of the Astral Self,星我之容,,proposed,5eclone.pingstudio.tw (legacy exact ENG_name match),0.85,
Visions of the Past,subclass-feature,Cleric,Knowledge,PHB,classic-or-other,1,data/class/class-cleric.json,/subclassFeature/14/name,subclass-feature: Visions of the Past,過去之景,,proposed,5eclone.pingstudio.tw (legacy exact ENG_name match),0.85,
Vitality of the Tree,subclass-feature,Barbarian,World Tree,XPHB,one,1,data/class/class-barbarian.json,/subclassFeature/86/name,subclass-feature: Vitality of the Tree,,,pending,,0.50,
Voice of Authority,subclass-feature,Cleric,Order,TCE,classic-or-other,1,data/class/class-cleric.json,/subclassFeature/103/name,subclass-feature: Voice of Authority,權威之音,,proposed,5eclone.pingstudio.tw (legacy exact ENG_name match),0.85,
Voice of Death,subclass-feature,Rogue,Phantom,RHW,classic-or-other,1,data/class/class-rogue.json,/subclassFeature/69/name,subclass-feature: Voice of Death,,,pending,,0.50,
Volley,subclass-feature,Ranger,Hunter,PHB,classic-or-other,1,data/class/class-ranger.json,/subclassFeature/22/name,subclass-feature: Volley,箭雨,,proposed,5eclone.pingstudio.tw (legacy exact ENG_name match),0.85,
Vow of Enmity,subclass-feature,Paladin,Vengeance,PHB; XPHB,classic-or-other; one,2,data/class/class-paladin.json,/subclassFeature/31/name,subclass-feature: Vow of Enmity,,,pending,,0.50,
Wails from the Grave,subclass-feature,Rogue,Phantom,RHW; TCE,classic-or-other,2,data/class/class-rogue.json,/subclassFeature/19/name,subclass-feature: Wails from the Grave,墓穴驚嚎,,proposed,5eclone.pingstudio.tw (legacy exact ENG_name match),0.85,
Walker in Dreams,subclass-feature,Druid,Dreams,XGE,classic-or-other,1,data/class/class-druid.json,/subclassFeature/39/name,subclass-feature: Walker in Dreams,夢境行者,,proposed,5eclone.pingstudio.tw (legacy exact ENG_name match),0.85,
War Bond,subclass-feature,Fighter,Eldritch Knight,XPHB,one,1,data/class/class-fighter.json,/subclassFeature/113/name,subclass-feature: War Bond,,,pending,,0.50,
War Domain,subclass-feature,Cleric,War,PHB; XPHB,classic-or-other; one,3,data/class/class-cleric.json,/subclassFeature/54/name,subclass-feature: War Domain,戰爭領域,,proposed,5eclone.pingstudio.tw (legacy exact ENG_name match),0.85,
War Domain Spells,subclass-feature,Cleric,War,XPHB,one,1,data/class/class-cleric.json,/subclassFeature/211/name,subclass-feature: War Domain Spells,,,pending,,0.50,
War God's Blessing,subclass-feature,Cleric,War,XPHB,one,1,data/class/class-cleric.json,/subclassFeature/213/name,subclass-feature: War God's Blessing,,,pending,,0.50,
War Magic,subclass-feature,Fighter; Wizard,Eldritch Knight; War,PHB; XGE; XPHB,classic-or-other; one,4,data/class/class-fighter.json,/subclassFeature/30/name,subclass-feature: War Magic,戰爭魔法,,proposed,5eclone.pingstudio.tw (legacy exact ENG_name match),0.85,
War Priest,subclass-feature,Cleric,War,PHB; XPHB,classic-or-other; one,2,data/class/class-cleric.json,/subclassFeature/56/name,subclass-feature: War Priest,戰爭祭司,,proposed,5eclone.pingstudio.tw (legacy exact ENG_name match),0.85,
Warding Flare,subclass-feature,Cleric,Ambition (PSA); Light,PHB; PSA; XPHB,classic-or-other; one,3,data/class/class-cleric.json,/subclassFeature/25/name,subclass-feature: Warding Flare,閃耀防護,,proposed,5eclone.pingstudio.tw (legacy exact ENG_name match),0.85,
Warding Maneuver,subclass-feature,Fighter,Cavalier,XGE,classic-or-other,1,data/class/class-fighter.json,/subclassFeature/78/name,subclass-feature: Warding Maneuver,防護戰術,,proposed,5eclone.pingstudio.tw (legacy exact ENG_name match),0.85,
Warping Implosion,subclass-feature,Sorcerer,Aberrant; Aberrant Mind,TCE; XPHB,classic-or-other; one,2,data/class/class-sorcerer.json,/subclassFeature/30/name,subclass-feature: Warping Implosion,扭曲爆裂,,proposed,5eclone.pingstudio.tw (legacy exact ENG_name match),0.85,
Warrior of Mercy,subclass-feature,Monk,Mercy,XPHB,one,1,data/class/class-monk.json,/subclassFeature/66/name,subclass-feature: Warrior of Mercy,,,pending,,0.50,
Warrior of Shadow,subclass-feature,Monk,Shadow,XPHB,one,1,data/class/class-monk.json,/subclassFeature/79/name,subclass-feature: Warrior of Shadow,,,pending,,0.50,
Warrior of the Elements,subclass-feature,Monk,Elements,XPHB,one,1,data/class/class-monk.json,/subclassFeature/62/name,subclass-feature: Warrior of the Elements,,,pending,,0.50,
Warrior of the Gods,subclass-feature,Barbarian,Zealot,XGE; XPHB,classic-or-other; one,2,data/class/class-barbarian.json,/subclassFeature/70/name,subclass-feature: Warrior of the Gods,諸神勇士,,proposed,5eclone.pingstudio.tw (legacy exact ENG_name match),0.85,
Warrior of the Open Hand,subclass-feature,Monk,Open Hand,XPHB,one,1,data/class/class-monk.json,/subclassFeature/74/name,subclass-feature: Warrior of the Open Hand,,,pending,,0.50,
Watcher's Will,subclass-feature,Paladin,Watchers,TCE,classic-or-other,1,data/class/class-paladin.json,/subclassFeature/58/name,subclass-feature: Watcher's Will,守望意志,,proposed,5eclone.pingstudio.tw (legacy exact ENG_name match),0.85,
Waxing and Waning,subclass-feature,Sorcerer,Lunar,DSotDQ,classic-or-other,1,data/class/class-sorcerer.json,/subclassFeature/4/name,subclass-feature: Waxing and Waning,,,pending,,0.50,
Way of Mercy,subclass-feature,Monk,Mercy,TCE,classic-or-other,1,data/class/class-monk.json,/subclassFeature/33/name,subclass-feature: Way of Mercy,命流宗,,proposed,5eclone.pingstudio.tw (legacy exact ENG_name match),0.85,
Way of Shadow,subclass-feature,Monk,Shadow,PHB,classic-or-other,1,data/class/class-monk.json,/subclassFeature/17/name,subclass-feature: Way of Shadow,暗影宗,,proposed,5eclone.pingstudio.tw (legacy exact ENG_name match),0.85,
Way of the Ascendant Dragon,subclass-feature,Monk,Ascendant Dragon,FTD,classic-or-other,1,data/class/class-monk.json,/subclassFeature/0/name,subclass-feature: Way of the Ascendant Dragon,,,pending,,0.50,
Way of the Astral Self,subclass-feature,Monk,Astral Self,TCE,classic-or-other,1,data/class/class-monk.json,/subclassFeature/27/name,subclass-feature: Way of the Astral Self,星我宗,,proposed,5eclone.pingstudio.tw (legacy exact ENG_name match),0.85,
Way of the Drunken Master,subclass-feature,Monk,Drunken Master,XGE,classic-or-other,1,data/class/class-monk.json,/subclassFeature/40/name,subclass-feature: Way of the Drunken Master,醉拳宗,,proposed,5eclone.pingstudio.tw (legacy exact ENG_name match),0.85,
Way of the Four Elements,subclass-feature,Monk,Four Elements,PHB,classic-or-other,1,data/class/class-monk.json,/subclassFeature/6/name,subclass-feature: Way of the Four Elements,四象宗,,proposed,5eclone.pingstudio.tw (legacy exact ENG_name match),0.85,
Way of the Kensei,subclass-feature,Monk,Kensei,XGE,classic-or-other,1,data/class/class-monk.json,/subclassFeature/50/name,subclass-feature: Way of the Kensei,劍聖宗,,proposed,5eclone.pingstudio.tw (legacy exact ENG_name match),0.85,
Way of the Long Death,subclass-feature,Monk,Long Death,SCAG,classic-or-other,1,data/class/class-monk.json,/subclassFeature/22/name,subclass-feature: Way of the Long Death,永亡宗,,proposed,5eclone.pingstudio.tw (legacy exact ENG_name match),0.85,
Way of the Open Hand,subclass-feature,Monk,Open Hand,PHB,classic-or-other,1,data/class/class-monk.json,/subclassFeature/12/name,subclass-feature: Way of the Open Hand,散打宗,,proposed,5eclone.pingstudio.tw (legacy exact ENG_name match),0.85,
Way of the Sun Soul,subclass-feature,Monk,Sun Soul,XGE,classic-or-other,1,data/class/class-monk.json,/subclassFeature/55/name,subclass-feature: Way of the Sun Soul,日魂宗,,proposed,5eclone.pingstudio.tw (legacy exact ENG_name match),0.85,
Weapon Bond,subclass-feature,Fighter,Eldritch Knight,PHB,classic-or-other,1,data/class/class-fighter.json,/subclassFeature/29/name,subclass-feature: Weapon Bond,武器聯結,,proposed,5eclone.pingstudio.tw (legacy exact ENG_name match),0.85,
Whirlwind Attack,subclass-feature,Ranger,Hunter,PHB,classic-or-other,1,data/class/class-ranger.json,/subclassFeature/23/name,subclass-feature: Whirlwind Attack,劍刃風暴,,proposed,5eclone.pingstudio.tw (legacy exact ENG_name match),0.85,
Whispers of the Dead,subclass-feature,Rogue,Phantom,RHW; TCE,classic-or-other,2,data/class/class-rogue.json,/subclassFeature/20/name,subclass-feature: Whispers of the Dead,亡者餘聲,,proposed,5eclone.pingstudio.tw (legacy exact ENG_name match),0.85,
Wholeness of Body,subclass-feature,Monk,Open Hand,PHB; XPHB,classic-or-other; one,2,data/class/class-monk.json,/subclassFeature/14/name,subclass-feature: Wholeness of Body,混元體,,proposed,5eclone.pingstudio.tw (legacy exact ENG_name match),0.85,
Wild Magic,subclass-feature,Sorcerer,Wild,PHB,classic-or-other,2,data/class/class-sorcerer.json,/subclassFeature/13/name,subclass-feature: Wild Magic,狂野魔法,,proposed,5eclone.pingstudio.tw (legacy exact ENG_name match),0.85,
Wild Magic Sorcery,subclass-feature,Sorcerer,Wild Magic,XPHB,one,1,data/class/class-sorcerer.json,/subclassFeature/98/name,subclass-feature: Wild Magic Sorcery,,,pending,,0.50,
Wild Magic Surge,subclass-feature,Sorcerer,Wild; Wild Magic,PHB; XPHB,classic-or-other; one,2,data/class/class-sorcerer.json,/subclassFeature/15/name,subclass-feature: Wild Magic Surge,狂野魔法浪涌,,proposed,5eclone.pingstudio.tw (legacy exact ENG_name match),0.85,
Wild Surge,subclass-feature,Barbarian,Wild Magic,TCE,classic-or-other,1,data/class/class-barbarian.json,/subclassFeature/45/name,subclass-feature: Wild Surge,狂野浪潮,,proposed,5eclone.pingstudio.tw (legacy exact ENG_name match),0.85,
Wind Soul,subclass-feature,Sorcerer,Storm,XGE,classic-or-other,1,data/class/class-sorcerer.json,/subclassFeature/55/name,subclass-feature: Wind Soul,清風之魂,,proposed,5eclone.pingstudio.tw (legacy exact ENG_name match),0.85,
Wind Speaker,subclass-feature,Sorcerer,Storm,XGE,classic-or-other,1,data/class/class-sorcerer.json,/subclassFeature/51/name,subclass-feature: Wind Speaker,風語者,,proposed,5eclone.pingstudio.tw (legacy exact ENG_name match),0.85,
Wings Unfurled,subclass-feature,Monk,Ascendant Dragon,FTD,classic-or-other,1,data/class/class-monk.json,/subclassFeature/3/name,subclass-feature: Wings Unfurled,,,pending,,0.50,
Winter Walker,subclass-feature,Ranger,Winter Walker,FRHoF,classic-or-other,1,data/class/class-ranger.json,/subclassFeature/64/name,subclass-feature: Winter Walker,,,pending,,0.50,
Winter Walker Spells,subclass-feature,Ranger,Winter Walker,FRHoF,classic-or-other,1,data/class/class-ranger.json,/subclassFeature/65/name,subclass-feature: Winter Walker Spells,,,pending,,0.50,
Wizardly Quill,subclass-feature,Wizard,Scribes,TCE,classic-or-other,1,data/class/class-wizard.json,/subclassFeature/68/name,subclass-feature: Wizardly Quill,法師之筆,,proposed,5eclone.pingstudio.tw (legacy exact ENG_name match),0.85,
Wolf,subclass-feature,Barbarian,Totem Warrior,PHB,classic-or-other,3,data/class/class-barbarian.json,/subclassFeature/16/name,subclass-feature: Wolf,狼,,proposed,5eclone.pingstudio.tw (legacy exact ENG_name match),0.85,
Words of Terror,subclass-feature,Bard,Whispers,XGE,classic-or-other,1,data/class/class-bard.json,/subclassFeature/43/name,subclass-feature: Words of Terror,駭人言詞,,proposed,5eclone.pingstudio.tw (legacy exact ENG_name match),0.85,
Wrath of the Sea,subclass-feature,Druid,Sea,XPHB,one,1,data/class/class-druid.json,/subclassFeature/67/name,subclass-feature: Wrath of the Sea,,,pending,,0.50,
Wrath of the Storm,subclass-feature,Cleric,Tempest,PHB,classic-or-other,1,data/class/class-cleric.json,/subclassFeature/41/name,subclass-feature: Wrath of the Storm,風暴狂怒,,proposed,5eclone.pingstudio.tw (legacy exact ENG_name match),0.85,
Wrath of the Wild,subclass-feature,Ranger,Hollow Warden,RHW,classic-or-other,1,data/class/class-ranger.json,/subclassFeature/71/name,subclass-feature: Wrath of the Wild,,,pending,,0.50,
Writhing Tide,subclass-feature,Ranger,Swarmkeeper,TCE,classic-or-other,1,data/class/class-ranger.json,/subclassFeature/38/name,subclass-feature: Writhing Tide,翻騰浪涌,,proposed,5eclone.pingstudio.tw (legacy exact ENG_name match),0.85,
Zeal Domain (PSA),subclass-feature,Cleric,Zeal (PSA),PSA,classic-or-other,2,data/class/class-cleric.json,/subclassFeature/86/name,subclass-feature: Zeal Domain (PSA),,,pending,,0.50,
Zealous Presence,subclass-feature,Barbarian,Zealot,XGE; XPHB,classic-or-other; one,2,data/class/class-barbarian.json,/subclassFeature/72/name,subclass-feature: Zealous Presence,狂熱之姿,,proposed,5eclone.pingstudio.tw (legacy exact ENG_name match),0.85,
