english,category,zh_tw,alternative_zh_tw,source,status,lock,notes
Artificer,class,奇械師,,5eclone.pingstudio.tw (legacy exact ENG_name match),approved,true,
Barbarian,class,野蠻人,,5eclone.pingstudio.tw (legacy exact ENG_name match),approved,true,
Bard,class,吟遊詩人,,5eclone.pingstudio.tw (legacy exact ENG_name match),approved,true,
Cleric,class,牧師,,5eclone.pingstudio.tw (legacy exact ENG_name match),approved,true,
Druid,class,德魯伊,,5eclone.pingstudio.tw (legacy exact ENG_name match),approved,true,
Expert Sidekick,class,專家協力者,,5eclone.pingstudio.tw (legacy exact ENG_name match),approved,true,
Fighter,class,戰士,,5eclone.pingstudio.tw (legacy exact ENG_name match),approved,true,
Monk,class,武僧,,5eclone.pingstudio.tw (legacy exact ENG_name match),approved,true,
Mystic,class,秘術師,靈能師,community candidate,approved,true,
Paladin,class,聖武士,,5eclone.pingstudio.tw (legacy exact ENG_name match),approved,true,
Ranger,class,遊俠,,5eclone.pingstudio.tw (legacy exact ENG_name match),approved,true,
Rogue,class,遊蕩者,盜賊,5eclone.pingstudio.tw (preferred candidate); project glossary alternatives,approved,true,User approved the first listed candidate; may revise later.
Sorcerer,class,術士,,5eclone.pingstudio.tw (legacy exact ENG_name match),approved,true,
Spellcaster Sidekick,class,施法協力者,,5eclone.pingstudio.tw (legacy exact ENG_name match),approved,true,
Warlock,class,契術師,邪術師,5eclone.pingstudio.tw (preferred candidate); project glossary alternatives,approved,true,User approved the first listed candidate; may revise later.
Warrior Sidekick,class,武者協力者,,5eclone.pingstudio.tw (legacy exact ENG_name match),approved,true,
Wizard,class,法師,,5eclone.pingstudio.tw (legacy exact ENG_name match),approved,true,
Ability Score Improvement,classFeature,屬性值提升,,5eclone.pingstudio.tw (legacy exact ENG_name match),approved,true,
Action Surge,classFeature,動作如潮,,5eclone.pingstudio.tw (legacy exact ENG_name match),approved,true,
Action Surge (two uses),classFeature,動作如潮(2次),,5eclone.pingstudio.tw (legacy exact ENG_name match),approved,true,
Arcane Recovery,classFeature,奧術恢復,,5eclone.pingstudio.tw (legacy exact ENG_name match),approved,true,
Arcane Tradition,classFeature,奧法學派,,5eclone.pingstudio.tw (legacy exact ENG_name match),approved,true,
Arcane Tradition feature,classFeature,奧法學派能力,,5eclone.pingstudio.tw (legacy exact ENG_name match),approved,true,
Archdruid,classFeature,大德魯伊,,5eclone.pingstudio.tw (legacy exact ENG_name match),approved,true,
Artificer Specialist,classFeature,奇械師專業,,5eclone.pingstudio.tw (legacy exact ENG_name match),approved,true,
Artificer Specialist Feature,classFeature,奇械師專業能力,,5eclone.pingstudio.tw (legacy exact ENG_name match),approved,true,
Aura improvements,classFeature,靈光強化,,5eclone.pingstudio.tw (legacy exact ENG_name match),approved,true,
Aura of Courage,classFeature,勇氣靈光,,5eclone.pingstudio.tw (legacy exact ENG_name match),approved,true,
Aura of Protection,classFeature,守護靈光,,5eclone.pingstudio.tw (legacy exact ENG_name match),approved,true,
Bard College,classFeature,吟遊學院,,5eclone.pingstudio.tw (legacy exact ENG_name match),approved,true,
Bard College feature,classFeature,吟遊學院能力,,5eclone.pingstudio.tw (legacy exact ENG_name match),approved,true,
Bardic Inspiration,classFeature,吟遊激勵,吟遊激勵(d8),5eclone.pingstudio.tw (preferred candidate); project glossary alternatives,approved,true,User approved the first listed candidate; may revise later.
Bardic Inspiration (d10),classFeature,吟遊激勵(d10),,5eclone.pingstudio.tw (legacy exact ENG_name match),approved,true,
Bardic Inspiration (d12),classFeature,吟遊激勵(d12),,5eclone.pingstudio.tw (legacy exact ENG_name match),approved,true,
Bardic Versatility,classFeature,多才詩人,,5eclone.pingstudio.tw (legacy exact ENG_name match),approved,true,
Battle Readiness,classFeature,備戰,,5eclone.pingstudio.tw (legacy exact ENG_name match),approved,true,
Beast Spells,classFeature,野獸施法,,5eclone.pingstudio.tw (legacy exact ENG_name match),approved,true,
Blessed Strikes,classFeature,受祝擊,,5eclone.pingstudio.tw (legacy exact ENG_name match),approved,true,
Blindsense,classFeature,盲感,,5eclone.pingstudio.tw (legacy exact ENG_name match),approved,true,
Bonus Proficiencies,classFeature,額外熟練,額外熟練項,5eclone.pingstudio.tw (preferred candidate); project glossary alternatives,approved,true,User approved the first listed candidate; may revise later.
Brutal Critical (1 die),classFeature,兇蠻重擊(1顆骰),,5eclone.pingstudio.tw (legacy exact ENG_name match),approved,true,
Brutal Critical (2 dice),classFeature,兇蠻重擊(2顆骰),,5eclone.pingstudio.tw (legacy exact ENG_name match),approved,true,
Brutal Critical (3 dice),classFeature,兇蠻重擊(3顆骰),,5eclone.pingstudio.tw (legacy exact ENG_name match),approved,true,
Cantrip Formulas,classFeature,戲法公式,,5eclone.pingstudio.tw (legacy exact ENG_name match),approved,true,
Cantrip Versatility,classFeature,替換戲法,,5eclone.pingstudio.tw (legacy exact ENG_name match),approved,true,
Channel Divinity,classFeature,引導神力,,5eclone.pingstudio.tw (legacy exact ENG_name match),approved,true,
Channel Divinity: Harness Divine Power,classFeature,引導神力：神力掌控,,5eclone.pingstudio.tw (legacy exact ENG_name match),approved,true,
Cleansing Touch,classFeature,淨化之觸,,5eclone.pingstudio.tw (legacy exact ENG_name match),approved,true,
Coordinated Strike,classFeature,協同攻擊,,5eclone.pingstudio.tw (legacy exact ENG_name match),approved,true,
Countercharm,classFeature,反制迷惑,,5eclone.pingstudio.tw (legacy exact ENG_name match),approved,true,
Cunning Action,classFeature,靈巧動作,,5eclone.pingstudio.tw (legacy exact ENG_name match),approved,true,
Danger Sense,classFeature,險境感知,,5eclone.pingstudio.tw (legacy exact ENG_name match),approved,true,
Dedicated Weapon,classFeature,專用武器,,5eclone.pingstudio.tw (legacy exact ENG_name match),approved,true,
Deflect Missiles,classFeature,撥擋飛彈,,5eclone.pingstudio.tw (legacy exact ENG_name match),approved,true,
Deft Explorer,classFeature,熟練探險家,,5eclone.pingstudio.tw (legacy exact ENG_name match),approved,true,
Deft Explorer Improvement,classFeature,熟練探險家強化,,5eclone.pingstudio.tw (legacy exact ENG_name match),approved,true,
Destroy Undead (CR 2),classFeature,摧毀不死 (CR 2),,5eclone.pingstudio.tw (legacy exact ENG_name match),approved,true,
Destroy Undead (CR 3),classFeature,摧毀不死 (CR 3),,5eclone.pingstudio.tw (legacy exact ENG_name match),approved,true,
Destroy Undead (CR 4),classFeature,摧毀不死 (CR 4),,5eclone.pingstudio.tw (legacy exact ENG_name match),approved,true,
Diamond Soul,classFeature,金剛魂,,5eclone.pingstudio.tw (legacy exact ENG_name match),approved,true,
Divine Domain,classFeature,神聖領域,,5eclone.pingstudio.tw (legacy exact ENG_name match),approved,true,
Divine Domain feature,classFeature,神聖領域能力,,5eclone.pingstudio.tw (legacy exact ENG_name match),approved,true,
Divine Health,classFeature,神性體魄,,5eclone.pingstudio.tw (legacy exact ENG_name match),approved,true,
Divine Intervention,classFeature,神力干預,,5eclone.pingstudio.tw (legacy exact ENG_name match),approved,true,
Divine Intervention Improvement,classFeature,神力干預強化,,5eclone.pingstudio.tw (legacy exact ENG_name match),approved,true,
Divine Sense,classFeature,神聖感知,,5eclone.pingstudio.tw (legacy exact ENG_name match),approved,true,
Divine Smite,classFeature,至聖斬,,5eclone.pingstudio.tw (legacy exact ENG_name match),approved,true,
Divine Strike,classFeature,神聖打擊,,5eclone.pingstudio.tw (legacy exact ENG_name match),approved,true,
Druid Circle,classFeature,德魯伊結社,,5eclone.pingstudio.tw (legacy exact ENG_name match),approved,true,
Druid Circle feature,classFeature,德魯伊結社能力,,5eclone.pingstudio.tw (legacy exact ENG_name match),approved,true,
Druidic,classFeature,德魯伊語,,5eclone.pingstudio.tw (legacy exact ENG_name match),approved,true,
Eldritch Invocations,classFeature,魔能祈喚,,5eclone.pingstudio.tw (legacy exact ENG_name match),approved,true,
Eldritch Master,classFeature,魔能大師,,5eclone.pingstudio.tw (legacy exact ENG_name match),approved,true,
Eldritch Versatility,classFeature,魔能選項,,5eclone.pingstudio.tw (legacy exact ENG_name match),approved,true,
Elusive,classFeature,捉摸不定,,5eclone.pingstudio.tw (legacy exact ENG_name match),approved,true,
Empowered Spells,classFeature,增強法術,,5eclone.pingstudio.tw (legacy exact ENG_name match),approved,true,
Empty Body,classFeature,空靈體,,5eclone.pingstudio.tw (legacy exact ENG_name match),approved,true,
Evasion,classFeature,反射閃避,,5eclone.pingstudio.tw (legacy exact ENG_name match),approved,true,
Expertise,classFeature,專精,,5eclone.pingstudio.tw (legacy exact ENG_name match),approved,true,
Extra Attack,classFeature,額外攻擊,,5eclone.pingstudio.tw (legacy exact ENG_name match),approved,true,
Extra Attack (2),classFeature,額外攻擊(2),,5eclone.pingstudio.tw (legacy exact ENG_name match),approved,true,
Extra Attack (3),classFeature,額外攻擊(3),,5eclone.pingstudio.tw (legacy exact ENG_name match),approved,true,
Extra Attack Improvement,classFeature,額外攻擊強化,,5eclone.pingstudio.tw (legacy exact ENG_name match),approved,true,
Fast Movement,classFeature,快速移動,,5eclone.pingstudio.tw (legacy exact ENG_name match),approved,true,
Favored Enemy,classFeature,宿敵,,5eclone.pingstudio.tw (legacy exact ENG_name match),approved,true,
Favored Enemy and Natural Explorer improvements,classFeature,宿敵和自然探索者強化,,5eclone.pingstudio.tw (legacy exact ENG_name match),approved,true,
Favored Enemy improvement,classFeature,宿敵強化,,5eclone.pingstudio.tw (legacy exact ENG_name match),approved,true,
Favored Foe,classFeature,夙敵,,5eclone.pingstudio.tw (legacy exact ENG_name match),approved,true,
Feral Instinct,classFeature,野性直覺,,5eclone.pingstudio.tw (legacy exact ENG_name match),approved,true,
Feral Senses,classFeature,野性感官,,5eclone.pingstudio.tw (legacy exact ENG_name match),approved,true,
Fighting Style,classFeature,戰鬥風格,,5eclone.pingstudio.tw (legacy exact ENG_name match),approved,true,
Flash of Genius,classFeature,靈光一閃,,5eclone.pingstudio.tw (legacy exact ENG_name match),approved,true,
Flexible Casting,classFeature,易變施法,,5eclone.pingstudio.tw (legacy exact ENG_name match),approved,true,
Flurry of Blows,classFeature,疾風連擊,,5eclone.pingstudio.tw (legacy exact ENG_name match),approved,true,
Focused Aim,classFeature,凝神聚氣,,5eclone.pingstudio.tw (legacy exact ENG_name match),approved,true,
Focused Casting,classFeature,專注施法,,5eclone.pingstudio.tw (legacy exact ENG_name match),approved,true,
Foe Slayer,classFeature,衆敵屠戮,,5eclone.pingstudio.tw (legacy exact ENG_name match),approved,true,
Font of Inspiration,classFeature,激勵涌泉,,5eclone.pingstudio.tw (legacy exact ENG_name match),approved,true,
Font of Magic,classFeature,魔力泉涌,,5eclone.pingstudio.tw (legacy exact ENG_name match),approved,true,
Helpful,classFeature,好幫手,,5eclone.pingstudio.tw (legacy exact ENG_name match),approved,true,
Hide in Plain Sight,classFeature,避人耳目,,5eclone.pingstudio.tw (legacy exact ENG_name match),approved,true,
Improved Critical,classFeature,強化重擊,精通重擊,5eclone.pingstudio.tw (preferred candidate); project glossary alternatives,approved,true,User approved the first listed candidate; may revise later.
Improved Defense,classFeature,精通防禦,,5eclone.pingstudio.tw (legacy exact ENG_name match),approved,true,
Improved Divine Smite,classFeature,強化至聖斬,,5eclone.pingstudio.tw (legacy exact ENG_name match),approved,true,
Indomitable,classFeature,不屈,,5eclone.pingstudio.tw (legacy exact ENG_name match),approved,true,
Indomitable (three uses),classFeature,不屈(3次),,5eclone.pingstudio.tw (legacy exact ENG_name match),approved,true,
Indomitable (two uses),classFeature,不屈(2次),,5eclone.pingstudio.tw (legacy exact ENG_name match),approved,true,
Indomitable Improvement,classFeature,不屈強化,,5eclone.pingstudio.tw (legacy exact ENG_name match),approved,true,
Indomitable Might,classFeature,不屈勇武,,5eclone.pingstudio.tw (legacy exact ENG_name match),approved,true,
Infuse Item,classFeature,物品注法,,5eclone.pingstudio.tw (legacy exact ENG_name match),approved,true,
Infusions Known,classFeature,已知注法,,5eclone.pingstudio.tw (legacy exact ENG_name match),approved,true,
Inspiring Help,classFeature,鼓舞協助,,5eclone.pingstudio.tw (legacy exact ENG_name match),approved,true,
Instinctive Pounce,classFeature,直覺猛撲,,5eclone.pingstudio.tw (legacy exact ENG_name match),approved,true,
Jack of All Trades,classFeature,全能高手,,5eclone.pingstudio.tw (legacy exact ENG_name match),approved,true,
Ki,classFeature,氣,,5eclone.pingstudio.tw (legacy exact ENG_name match),approved,true,
Ki-Empowered Strikes,classFeature,真氣駐拳,,5eclone.pingstudio.tw (legacy exact ENG_name match),approved,true,
Ki-Fueled Attack,classFeature,馭氣以擊,,5eclone.pingstudio.tw (legacy exact ENG_name match),approved,true,
Land's Stride,classFeature,大地行者,,5eclone.pingstudio.tw (legacy exact ENG_name match),approved,true,
Lay on Hands,classFeature,聖療,,5eclone.pingstudio.tw (legacy exact ENG_name match),approved,true,
Magic Item Adept,classFeature,魔法物品熟稔,,5eclone.pingstudio.tw (legacy exact ENG_name match),approved,true,
Magic Item Master,classFeature,魔法物品大師,,5eclone.pingstudio.tw (legacy exact ENG_name match),approved,true,
Magic Item Savant,classFeature,魔法物品專家,,5eclone.pingstudio.tw (legacy exact ENG_name match),approved,true,
Magical Guidance,classFeature,魔法指引,,5eclone.pingstudio.tw (legacy exact ENG_name match),approved,true,
Magical Inspiration,classFeature,魔法激勵,,5eclone.pingstudio.tw (legacy exact ENG_name match),approved,true,
Magical Secrets,classFeature,魔法祕密,,5eclone.pingstudio.tw (legacy exact ENG_name match),approved,true,
Magical Tinkering,classFeature,魔法工藝,,5eclone.pingstudio.tw (legacy exact ENG_name match),approved,true,
Martial Archetype,classFeature,武術範型,,5eclone.pingstudio.tw (legacy exact ENG_name match),approved,true,
Martial Archetype feature,classFeature,武術範型能力,,5eclone.pingstudio.tw (legacy exact ENG_name match),approved,true,
Martial Arts,classFeature,武藝,,5eclone.pingstudio.tw (legacy exact ENG_name match),approved,true,
Martial Role,classFeature,戰鬥職能,,5eclone.pingstudio.tw (legacy exact ENG_name match),approved,true,
Martial Versatility,classFeature,替換武術,,5eclone.pingstudio.tw (legacy exact ENG_name match),approved,true,
Metamagic,classFeature,超魔法,,5eclone.pingstudio.tw (legacy exact ENG_name match),approved,true,
Metamagic Options,classFeature,超魔法選項,,5eclone.pingstudio.tw (legacy exact ENG_name match),approved,true,
Monastic Tradition,classFeature,宗派傳承,,5eclone.pingstudio.tw (legacy exact ENG_name match),approved,true,
Monastic Tradition feature,classFeature,宗派傳承能力,,5eclone.pingstudio.tw (legacy exact ENG_name match),approved,true,
Mystic Arcanum (6th level),classFeature,玄奧祕法(6環),,5eclone.pingstudio.tw (legacy exact ENG_name match),approved,true,
Mystic Arcanum (7th level),classFeature,玄奧祕法(7環),,5eclone.pingstudio.tw (legacy exact ENG_name match),approved,true,
Mystic Arcanum (8th level),classFeature,玄奧祕法(8環),,5eclone.pingstudio.tw (legacy exact ENG_name match),approved,true,
Mystic Arcanum (9th level),classFeature,玄奧祕法(9環),,5eclone.pingstudio.tw (legacy exact ENG_name match),approved,true,
Natural Explorer,classFeature,自然探索者,,5eclone.pingstudio.tw (legacy exact ENG_name match),approved,true,
Natural Explorer improvement,classFeature,自然探索者強化,,5eclone.pingstudio.tw (legacy exact ENG_name match),approved,true,
Nature's Veil,classFeature,自然面紗,,5eclone.pingstudio.tw (legacy exact ENG_name match),approved,true,
Optional Rule: Firearm Proficiency,classFeature,可選規則：火器熟練,,5eclone.pingstudio.tw (legacy exact ENG_name match),approved,true,
Otherworldly Patron,classFeature,異界宗主,,5eclone.pingstudio.tw (legacy exact ENG_name match),approved,true,
Otherworldly Patron feature,classFeature,異界宗主能力,,5eclone.pingstudio.tw (legacy exact ENG_name match),approved,true,
Pact Boon,classFeature,契約恩賜,,5eclone.pingstudio.tw (legacy exact ENG_name match),approved,true,
Pact Magic,classFeature,契約魔法,,5eclone.pingstudio.tw (legacy exact ENG_name match),approved,true,
Path Feature,classFeature,道途能力,,5eclone.pingstudio.tw (legacy exact ENG_name match),approved,true,
Patient Defense,classFeature,堅強防禦,,5eclone.pingstudio.tw (legacy exact ENG_name match),approved,true,
Persistent Rage,classFeature,持久狂暴,,5eclone.pingstudio.tw (legacy exact ENG_name match),approved,true,
Potent Cantrips,classFeature,強力戲法,,5eclone.pingstudio.tw (legacy exact ENG_name match),approved,true,
Potent Spellcasting,classFeature,強力施法,,5eclone.pingstudio.tw (legacy exact ENG_name match),approved,true,
Primal Awareness,classFeature,原始意識,,5eclone.pingstudio.tw (legacy exact ENG_name match),approved,true,
Primal Champion,classFeature,原初勇士,,5eclone.pingstudio.tw (legacy exact ENG_name match),approved,true,
Primal Knowledge,classFeature,原初見聞,,5eclone.pingstudio.tw (legacy exact ENG_name match),approved,true,
Primal Path,classFeature,原初道途,,5eclone.pingstudio.tw (legacy exact ENG_name match),approved,true,
Primal Strike,classFeature,原初打擊,,5eclone.pingstudio.tw (legacy exact ENG_name match),approved,true,
Primeval Awareness,classFeature,原初意識,,5eclone.pingstudio.tw (legacy exact ENG_name match),approved,true,
Purity of Body,classFeature,百病不侵,,5eclone.pingstudio.tw (legacy exact ENG_name match),approved,true,
Quickened Healing,classFeature,加速癒合,,5eclone.pingstudio.tw (legacy exact ENG_name match),approved,true,
Rage,classFeature,狂暴,,5eclone.pingstudio.tw (legacy exact ENG_name match),approved,true,
Ranger Archetype,classFeature,遊俠範型,,5eclone.pingstudio.tw (legacy exact ENG_name match),approved,true,
Ranger Archetype feature,classFeature,遊俠範型能力,,5eclone.pingstudio.tw (legacy exact ENG_name match),approved,true,
Reckless Attack,classFeature,魯莽攻擊,,5eclone.pingstudio.tw (legacy exact ENG_name match),approved,true,
Relentless Rage,classFeature,頑強狂暴,,5eclone.pingstudio.tw (legacy exact ENG_name match),approved,true,
Reliable Talent,classFeature,可靠才能,,5eclone.pingstudio.tw (legacy exact ENG_name match),approved,true,
Roguish Archetype,classFeature,遊蕩者範型,,5eclone.pingstudio.tw (legacy exact ENG_name match),approved,true,
Roguish Archetype feature,classFeature,遊蕩者範型能力,,5eclone.pingstudio.tw (legacy exact ENG_name match),approved,true,
Roving,classFeature,越野,,5eclone.pingstudio.tw (legacy exact ENG_name match),approved,true,
Sacred Oath,classFeature,神聖誓言,,5eclone.pingstudio.tw (legacy exact ENG_name match),approved,true,
Sacred Oath feature,classFeature,神聖誓言能力,,5eclone.pingstudio.tw (legacy exact ENG_name match),approved,true,
Second Wind,classFeature,回氣,,5eclone.pingstudio.tw (legacy exact ENG_name match),approved,true,
Second Wind Improvement,classFeature,回氣強化,,5eclone.pingstudio.tw (legacy exact ENG_name match),approved,true,
Sharp Mind,classFeature,明銳心智,,5eclone.pingstudio.tw (legacy exact ENG_name match),approved,true,
Sidekick Class,classFeature,協力者職業,,5eclone.pingstudio.tw (legacy exact ENG_name match),approved,true,
Signature Spells,classFeature,招牌法術,,5eclone.pingstudio.tw (legacy exact ENG_name match),approved,true,
Slippery Mind,classFeature,靈活心智,,5eclone.pingstudio.tw (legacy exact ENG_name match),approved,true,
Slow Fall,classFeature,輕身墜,,5eclone.pingstudio.tw (legacy exact ENG_name match),approved,true,
Sneak Attack,classFeature,偷襲,,5eclone.pingstudio.tw (legacy exact ENG_name match),approved,true,
Song of Rest (d10),classFeature,紓壓曲(d10),,5eclone.pingstudio.tw (legacy exact ENG_name match),approved,true,
Song of Rest (d12),classFeature,紓壓曲(d12),,5eclone.pingstudio.tw (legacy exact ENG_name match),approved,true,
Song of Rest (d8),classFeature,紓壓曲(d8),,5eclone.pingstudio.tw (legacy exact ENG_name match),approved,true,
Sorcerous Origin,classFeature,術法起源,,5eclone.pingstudio.tw (legacy exact ENG_name match),approved,true,
Sorcerous Origin feature,classFeature,術法起源能力,,5eclone.pingstudio.tw (legacy exact ENG_name match),approved,true,
Sorcerous Restoration,classFeature,術法復原,,5eclone.pingstudio.tw (legacy exact ENG_name match),approved,true,
Sorcerous Versatility,classFeature,術法變換,,5eclone.pingstudio.tw (legacy exact ENG_name match),approved,true,
Sorcery Points,classFeature,術法點,,5eclone.pingstudio.tw (legacy exact ENG_name match),approved,true,
Soul of Artifice,classFeature,奇械之魂,,5eclone.pingstudio.tw (legacy exact ENG_name match),approved,true,
Spell Mastery,classFeature,法術精通,,5eclone.pingstudio.tw (legacy exact ENG_name match),approved,true,
Spell-Storing Item,classFeature,儲法物品,,5eclone.pingstudio.tw (legacy exact ENG_name match),approved,true,
Spellcasting,classFeature,施法,,5eclone.pingstudio.tw (legacy exact ENG_name match),approved,true,
Spellcasting Focus,classFeature,施法法器,,5eclone.pingstudio.tw (legacy exact ENG_name match),approved,true,
Steady Aim,classFeature,手穩就準,,5eclone.pingstudio.tw (legacy exact ENG_name match),approved,true,
Step of the Wind,classFeature,飛檐走壁,,5eclone.pingstudio.tw (legacy exact ENG_name match),approved,true,
Stillness of Mind,classFeature,心頭滅卻,,5eclone.pingstudio.tw (legacy exact ENG_name match),approved,true,
Stroke of Luck,classFeature,幸運一擊,,5eclone.pingstudio.tw (legacy exact ENG_name match),approved,true,
Stunning Strike,classFeature,震懾拳,,5eclone.pingstudio.tw (legacy exact ENG_name match),approved,true,
Subclass Feature,classFeature,子職業能力,,5eclone.pingstudio.tw (legacy exact ENG_name match),approved,true,
Superior Inspiration,classFeature,卓越激勵,,5eclone.pingstudio.tw (legacy exact ENG_name match),approved,true,
The Right Tool for the Job,classFeature,稱手工具,,5eclone.pingstudio.tw (legacy exact ENG_name match),approved,true,
Thieves' Cant,classFeature,盜賊黑話,,5eclone.pingstudio.tw (legacy exact ENG_name match),approved,true,
Timeless Body,classFeature,不朽身軀,不老身軀,5eclone.pingstudio.tw (preferred candidate); project glossary alternatives,approved,true,User approved the first listed candidate; may revise later.
Tireless,classFeature,不知疲倦,,5eclone.pingstudio.tw (legacy exact ENG_name match),approved,true,
Tongue of the Sun and Moon,classFeature,天語通,,5eclone.pingstudio.tw (legacy exact ENG_name match),approved,true,
Tool Expertise,classFeature,工具專精,,5eclone.pingstudio.tw (legacy exact ENG_name match),approved,true,
Turn Undead,classFeature,驅散不死,,5eclone.pingstudio.tw (legacy exact ENG_name match),approved,true,
Unarmored Defense,classFeature,無甲防禦,,5eclone.pingstudio.tw (legacy exact ENG_name match),approved,true,
Unarmored Movement,classFeature,無甲移動,,5eclone.pingstudio.tw (legacy exact ENG_name match),approved,true,
Unarmored Movement improvement,classFeature,無甲移動強化,,5eclone.pingstudio.tw (legacy exact ENG_name match),approved,true,
Uncanny Dodge,classFeature,直覺閃避,,5eclone.pingstudio.tw (legacy exact ENG_name match),approved,true,
Vanish,classFeature,無蹤步,,5eclone.pingstudio.tw (legacy exact ENG_name match),approved,true,
Wild Companion,classFeature,荒野夥伴,,5eclone.pingstudio.tw (legacy exact ENG_name match),approved,true,
Wild Shape,classFeature,荒野形態,,5eclone.pingstudio.tw (legacy exact ENG_name match),approved,true,
Wild Shape Improvement,classFeature,荒野形態強化,,5eclone.pingstudio.tw (legacy exact ENG_name match),approved,true,
Arcane Tradition,classLabel,奧法學派,,5eclone.pingstudio.tw (legacy exact ENG_name match),approved,true,
Artificer Specialist,classLabel,奇械師專業,,5eclone.pingstudio.tw (legacy exact ENG_name match),approved,true,
Bard College,classLabel,吟遊學院,,5eclone.pingstudio.tw (legacy exact ENG_name match),approved,true,
Divine Domain,classLabel,神聖領域,,5eclone.pingstudio.tw (legacy exact ENG_name match),approved,true,
Druid Circle,classLabel,德魯伊結社,,5eclone.pingstudio.tw (legacy exact ENG_name match),approved,true,
Eldritch Invocations,classLabel,魔能祈喚,,5eclone.pingstudio.tw (legacy exact ENG_name match),approved,true,
Fighting Style,classLabel,戰鬥風格,,5eclone.pingstudio.tw (legacy exact ENG_name match),approved,true,
Martial Archetype,classLabel,武術範型,,5eclone.pingstudio.tw (legacy exact ENG_name match),approved,true,
Metamagic,classLabel,超魔法,,5eclone.pingstudio.tw (legacy exact ENG_name match),approved,true,
Monastic Tradition,classLabel,宗派傳承,,5eclone.pingstudio.tw (legacy exact ENG_name match),approved,true,
Otherworldly Patron,classLabel,異界宗主,,5eclone.pingstudio.tw (legacy exact ENG_name match),approved,true,
Pact Boon,classLabel,契約恩賜,,5eclone.pingstudio.tw (legacy exact ENG_name match),approved,true,
Primal Path,classLabel,原初道途,,5eclone.pingstudio.tw (legacy exact ENG_name match),approved,true,
Ranger Archetype,classLabel,遊俠範型,,5eclone.pingstudio.tw (legacy exact ENG_name match),approved,true,
Roguish Archetype,classLabel,遊蕩者範型,,5eclone.pingstudio.tw (legacy exact ENG_name match),approved,true,
Sacred Oath,classLabel,神聖誓言,,5eclone.pingstudio.tw (legacy exact ENG_name match),approved,true,
Sorcerous Origin,classLabel,術法起源,,5eclone.pingstudio.tw (legacy exact ENG_name match),approved,true,
Aberrant Mind,namedRuleBlock,畸變心智,,5eclone.pingstudio.tw (legacy exact ENG_name match),approved,true,
Ability Check,namedRuleBlock,屬性檢定,,SRD 5.1; SRD 5.2.1,approved,true,
Arcana Domain,namedRuleBlock,奧祕領域,,5eclone.pingstudio.tw (legacy exact ENG_name match),approved,true,
Arcane Shot,namedRuleBlock,祕法射擊,,5eclone.pingstudio.tw (legacy exact ENG_name match),approved,true,
Armor Class,namedRuleBlock,護甲等級,,SRD 5.1; SRD 5.2.1,approved,true,
Artificer Infusions,namedRuleBlock,奇械師注法,,5eclone.pingstudio.tw (legacy exact ENG_name match),approved,true,
Astral Sight,namedRuleBlock,星之視覺,,5eclone.pingstudio.tw (legacy exact ENG_name match),approved,true,
Attack Roll,namedRuleBlock,攻擊檢定,,SRD 5.1; SRD 5.2.1,approved,true,
Be the Light,namedRuleBlock,成爲真光,,5eclone.pingstudio.tw (legacy exact ENG_name match),approved,true,
Bear,namedRuleBlock,熊,,5eclone.pingstudio.tw (legacy exact ENG_name match),approved,true,
Bear Spirit,namedRuleBlock,熊之精魂,,5eclone.pingstudio.tw (legacy exact ENG_name match),approved,true,
Bladesinging,namedRuleBlock,劍詠,劍詠傳承,5eclone.pingstudio.tw (preferred candidate); project glossary alternatives,approved,true,User approved the first listed candidate; may revise later.
Breaking Your Oath,namedRuleBlock,背棄誓言,,5eclone.pingstudio.tw (legacy exact ENG_name match),approved,true,
By Any Means Necessary,namedRuleBlock,爲目的不擇手段,,5eclone.pingstudio.tw (legacy exact ENG_name match),approved,true,
Canny,namedRuleBlock,精明,,5eclone.pingstudio.tw (legacy exact ENG_name match),approved,true,
Cantrips (0-Level Spells),namedRuleBlock,戲法,,5eclone.pingstudio.tw (legacy exact ENG_name match),approved,true,
Challenge Rating,namedRuleBlock,挑戰等級,,SRD 5.1; SRD 5.2.1,approved,true,
Channel Divinity,namedRuleBlock,引導神力,,5eclone.pingstudio.tw (legacy exact ENG_name match),approved,true,
Channel Divinity: Arcane Abjuration,namedRuleBlock,引導神力：奧祕阻絕,,5eclone.pingstudio.tw (legacy exact ENG_name match),approved,true,
Channel Divinity: Artisan's Blessing,namedRuleBlock,引導神力：工匠祝福,,5eclone.pingstudio.tw (legacy exact ENG_name match),approved,true,
Channel Divinity: Balm of Peace,namedRuleBlock,引導神力：和平撫慰,,5eclone.pingstudio.tw (legacy exact ENG_name match),approved,true,
Channel Divinity: Charm Animals and Plants,namedRuleBlock,引導神力：魅惑動植物,,5eclone.pingstudio.tw (legacy exact ENG_name match),approved,true,
Channel Divinity: Destructive Wrath,namedRuleBlock,引導神力：毀滅狂怒,,5eclone.pingstudio.tw (legacy exact ENG_name match),approved,true,
Channel Divinity: Guided Strike,namedRuleBlock,引導神力：神導打擊,,5eclone.pingstudio.tw (legacy exact ENG_name match),approved,true,
Channel Divinity: Invoke Duplicity,namedRuleBlock,引導神力：召喚假體,,5eclone.pingstudio.tw (legacy exact ENG_name match),approved,true,
Channel Divinity: Knowledge of the Ages,namedRuleBlock,引導神力：歲月知識,,5eclone.pingstudio.tw (legacy exact ENG_name match),approved,true,
Channel Divinity: Order's Demand,namedRuleBlock,引導神力：秩序之令,,5eclone.pingstudio.tw (legacy exact ENG_name match),approved,true,
Channel Divinity: Path to the Grave,namedRuleBlock,引導神力：歸墓之途,,5eclone.pingstudio.tw (legacy exact ENG_name match),approved,true,
Channel Divinity: Preserve Life,namedRuleBlock,引導神力：維繫生命,,5eclone.pingstudio.tw (legacy exact ENG_name match),approved,true,
Channel Divinity: Radiance of the Dawn,namedRuleBlock,引導神力：黎明曙光,,5eclone.pingstudio.tw (legacy exact ENG_name match),approved,true,
Channel Divinity: Touch of Death,namedRuleBlock,引導神力:死亡之觸,,5eclone.pingstudio.tw (legacy exact ENG_name match),approved,true,
Channel Divinity: Twilight Sanctuary,namedRuleBlock,引導神力：暮光聖域,,5eclone.pingstudio.tw (legacy exact ENG_name match),approved,true,
Chronurgy Magic,namedRuleBlock,時間魔法,,5eclone.pingstudio.tw (legacy exact ENG_name match),approved,true,
Circle of Dreams,namedRuleBlock,夢境結社,,5eclone.pingstudio.tw (legacy exact ENG_name match),approved,true,
Circle of Spores,namedRuleBlock,孢子結社,,5eclone.pingstudio.tw (legacy exact ENG_name match),approved,true,
Circle of Stars,namedRuleBlock,星辰結社,,5eclone.pingstudio.tw (legacy exact ENG_name match),approved,true,
Circle of the Land,namedRuleBlock,大地結社,,5eclone.pingstudio.tw (legacy exact ENG_name match),approved,true,
Circle of the Moon,namedRuleBlock,月亮結社,,5eclone.pingstudio.tw (legacy exact ENG_name match),approved,true,
Circle of the Shepherd,namedRuleBlock,牧人結社,,5eclone.pingstudio.tw (legacy exact ENG_name match),approved,true,
Circle of Wildfire,namedRuleBlock,野火結社,,5eclone.pingstudio.tw (legacy exact ENG_name match),approved,true,
Clockwork Soul,namedRuleBlock,時械之魂,,5eclone.pingstudio.tw (legacy exact ENG_name match),approved,true,
Colossus Slayer,namedRuleBlock,巨怪獵者,,5eclone.pingstudio.tw (legacy exact ENG_name match),approved,true,
Compassion,namedRuleBlock,憐憫,,5eclone.pingstudio.tw (legacy exact ENG_name match),approved,true,
Concentration,namedRuleBlock,專注,,SRD 5.1; SRD 5.2.1,approved,true,
Copying from a Spell Scroll,namedRuleBlock,從法術卷軸中抄寫,,5eclone.pingstudio.tw (legacy exact ENG_name match),approved,true,
Courage,namedRuleBlock,勇氣,,5eclone.pingstudio.tw (legacy exact ENG_name match),approved,true,
Death Domain,namedRuleBlock,死亡領域,,5eclone.pingstudio.tw (legacy exact ENG_name match),approved,true,
Deft Strike,namedRuleBlock,機敏打擊,,5eclone.pingstudio.tw (legacy exact ENG_name match),approved,true,
Defy Death,namedRuleBlock,反抗死亡,,5eclone.pingstudio.tw (legacy exact ENG_name match),approved,true,
Divine Soul,namedRuleBlock,神聖之魂,,5eclone.pingstudio.tw (legacy exact ENG_name match),approved,true,
Divine Strike,namedRuleBlock,神聖打擊,,5eclone.pingstudio.tw (legacy exact ENG_name match),approved,true,
Domain Spells,namedRuleBlock,領域法術,,5eclone.pingstudio.tw (legacy exact ENG_name match),approved,true,
Douse the Flame of Hope,namedRuleBlock,熄滅希望之火,,5eclone.pingstudio.tw (legacy exact ENG_name match),approved,true,
Draconic Bloodline,namedRuleBlock,龍族血脈,,5eclone.pingstudio.tw (legacy exact ENG_name match),approved,true,
Draconic Presence,namedRuleBlock,真龍威儀,,5eclone.pingstudio.tw (legacy exact ENG_name match),approved,true,
Duty,namedRuleBlock,盡責,,5eclone.pingstudio.tw (legacy exact ENG_name match),approved,true,
Eagle,namedRuleBlock,鷹,,5eclone.pingstudio.tw (legacy exact ENG_name match),approved,true,
Escape the Horde,namedRuleBlock,逃離衆敵,,5eclone.pingstudio.tw (legacy exact ENG_name match),approved,true,
Expanded Spell List,namedRuleBlock,擴展法術列表,,5eclone.pingstudio.tw (legacy exact ENG_name match),approved,true,
Expertise,namedRuleBlock,專精,,5eclone.pingstudio.tw (legacy exact ENG_name match),approved,true,
Eyes of the Dark,namedRuleBlock,幽暗之瞳,,5eclone.pingstudio.tw (legacy exact ENG_name match),approved,true,
Fight the Greater Evil,namedRuleBlock,追尋以迎戰大惡,,5eclone.pingstudio.tw (legacy exact ENG_name match),approved,true,
Flurry of Blows,namedRuleBlock,疾風連擊,,5eclone.pingstudio.tw (legacy exact ENG_name match),approved,true,
Forge Domain,namedRuleBlock,鍛造領域,,5eclone.pingstudio.tw (legacy exact ENG_name match),approved,true,
Grave Domain,namedRuleBlock,墳墓領域,,5eclone.pingstudio.tw (legacy exact ENG_name match),approved,true,
Graviturgy Magic,namedRuleBlock,重力魔法,,5eclone.pingstudio.tw (legacy exact ENG_name match),approved,true,
Guardian,namedRuleBlock,守護者,,5eclone.pingstudio.tw (legacy exact ENG_name match),approved,true,
Guiding Whispers,namedRuleBlock,指引低語,,5eclone.pingstudio.tw (legacy exact ENG_name match),approved,true,
Hand of Harm,namedRuleBlock,奪命之手,,5eclone.pingstudio.tw (legacy exact ENG_name match),approved,true,
Hand of Healing,namedRuleBlock,予命之手,,5eclone.pingstudio.tw (legacy exact ENG_name match),approved,true,
Hawk Spirit,namedRuleBlock,鷹之精魂,,5eclone.pingstudio.tw (legacy exact ENG_name match),approved,true,
Healer:,namedRuleBlock,治療者：,,5eclone.pingstudio.tw (legacy exact ENG_name match),approved,true,
Honesty,namedRuleBlock,誠實,,5eclone.pingstudio.tw (legacy exact ENG_name match),approved,true,
Honor,namedRuleBlock,榮譽,,5eclone.pingstudio.tw (legacy exact ENG_name match),approved,true,
Horde Breaker,namedRuleBlock,滅族者,,5eclone.pingstudio.tw (legacy exact ENG_name match),approved,true,
Infiltrator,namedRuleBlock,滲透者,,5eclone.pingstudio.tw (legacy exact ENG_name match),approved,true,
Infusing an Item,namedRuleBlock,爲物品進行注法,,5eclone.pingstudio.tw (legacy exact ENG_name match),approved,true,
Initiative,namedRuleBlock,先攻,,SRD 5.1; SRD 5.2.1,approved,true,
Innocence,namedRuleBlock,無辜,,5eclone.pingstudio.tw (legacy exact ENG_name match),approved,true,
Keeper of Souls,namedRuleBlock,守魂者,,5eclone.pingstudio.tw (legacy exact ENG_name match),approved,true,
Kensei Weapons,namedRuleBlock,劍聖武器,,5eclone.pingstudio.tw (legacy exact ENG_name match),approved,true,
Ki,namedRuleBlock,氣,,5eclone.pingstudio.tw (legacy exact ENG_name match),approved,true,
Kindle the Light,namedRuleBlock,點燃光明,,5eclone.pingstudio.tw (legacy exact ENG_name match),approved,true,
Knowledge Domain,namedRuleBlock,知識領域,,5eclone.pingstudio.tw (legacy exact ENG_name match),approved,true,
Knowledge Domain (PSA),namedRuleBlock,知識領域(PSA),,5eclone.pingstudio.tw (legacy exact ENG_name match),approved,true,
Law,namedRuleBlock,律法,,5eclone.pingstudio.tw (legacy exact ENG_name match),approved,true,
Life Domain,namedRuleBlock,生命領域,,5eclone.pingstudio.tw (legacy exact ENG_name match),approved,true,
Light Domain,namedRuleBlock,光明領域,,5eclone.pingstudio.tw (legacy exact ENG_name match),approved,true,
Loyalty,namedRuleBlock,忠誠,,5eclone.pingstudio.tw (legacy exact ENG_name match),approved,true,
Mage:,namedRuleBlock,魔術師：,,5eclone.pingstudio.tw (legacy exact ENG_name match),approved,true,
Magic Item Savant,namedRuleBlock,魔法物品專家,,5eclone.pingstudio.tw (legacy exact ENG_name match),approved,true,
Magic Kensei Weapons,namedRuleBlock,魔法劍聖武器,,5eclone.pingstudio.tw (legacy exact ENG_name match),approved,true,
Magical Guidance,namedRuleBlock,魔法指引,,5eclone.pingstudio.tw (legacy exact ENG_name match),approved,true,
Major Transformation,namedRuleBlock,強效變化,,5eclone.pingstudio.tw (legacy exact ENG_name match),approved,true,
Maneuver,namedRuleBlock,戰技,,5eclone.pingstudio.tw (legacy exact ENG_name match),approved,true,
Maneuvers,namedRuleBlock,戰技,,5eclone.pingstudio.tw (legacy exact ENG_name match),approved,true,
Multiattack Defense,namedRuleBlock,防禦多重攻擊,,5eclone.pingstudio.tw (legacy exact ENG_name match),approved,true,
Nature Domain,namedRuleBlock,自然領域,,5eclone.pingstudio.tw (legacy exact ENG_name match),approved,true,
No Mercy for the Wicked,namedRuleBlock,對惡徒不留慈悲,,5eclone.pingstudio.tw (legacy exact ENG_name match),approved,true,
Oath Spells,namedRuleBlock,聖誓法術,,5eclone.pingstudio.tw (legacy exact ENG_name match),approved,true,
Order Domain,namedRuleBlock,秩序領域,,5eclone.pingstudio.tw (legacy exact ENG_name match),approved,true,
Order of Scribes,namedRuleBlock,書士會,,5eclone.pingstudio.tw (legacy exact ENG_name match),approved,true,
Panacea,namedRuleBlock,萬靈密藥,,5eclone.pingstudio.tw (legacy exact ENG_name match),approved,true,
Patience,namedRuleBlock,耐心,,5eclone.pingstudio.tw (legacy exact ENG_name match),approved,true,
Patient Defense,namedRuleBlock,堅強防禦,,5eclone.pingstudio.tw (legacy exact ENG_name match),approved,true,
Peace,namedRuleBlock,和平,,5eclone.pingstudio.tw (legacy exact ENG_name match),approved,true,
Peace Domain,namedRuleBlock,和平領域,,5eclone.pingstudio.tw (legacy exact ENG_name match),approved,true,
Potent Spellcasting,namedRuleBlock,強力施法,,5eclone.pingstudio.tw (legacy exact ENG_name match),approved,true,
Preparing and Casting Spells,namedRuleBlock,法術的準備和施展,,5eclone.pingstudio.tw (legacy exact ENG_name match),approved,true,
Preserve Your Own Light,namedRuleBlock,維持己身光輝,,5eclone.pingstudio.tw (legacy exact ENG_name match),approved,true,
Primal Strike,namedRuleBlock,原初打擊,,5eclone.pingstudio.tw (legacy exact ENG_name match),approved,true,
Prodigy:,namedRuleBlock,奇才：,,5eclone.pingstudio.tw (legacy exact ENG_name match),approved,true,
Resistance,namedRuleBlock,抗性,抗力,community; legacy zh-TW,approved,true,User approved the first listed candidate; may revise later.
Responsibility,namedRuleBlock,責任,,5eclone.pingstudio.tw (legacy exact ENG_name match),approved,true,
Restitution,namedRuleBlock,爲惡行盡力補償,,5eclone.pingstudio.tw (legacy exact ENG_name match),approved,true,
Restore Life,namedRuleBlock,起死回生,,5eclone.pingstudio.tw (legacy exact ENG_name match),approved,true,
Restore Youth,namedRuleBlock,返老還童,,5eclone.pingstudio.tw (legacy exact ENG_name match),approved,true,
Ritual Casting,namedRuleBlock,儀式施法,,5eclone.pingstudio.tw (legacy exact ENG_name match),approved,true,
Roving,namedRuleBlock,越野,,5eclone.pingstudio.tw (legacy exact ENG_name match),approved,true,
Rule with an Iron Fist,namedRuleBlock,以鐵腕統治,,5eclone.pingstudio.tw (legacy exact ENG_name match),approved,true,
Saving Throw,namedRuleBlock,豁免檢定,,SRD 5.1; SRD 5.2.1,approved,true,
Saving Throws,namedRuleBlock,豁免檢定,,5eclone.pingstudio.tw (legacy exact ENG_name match),approved,true,
School of Abjuration,namedRuleBlock,防護學派,,5eclone.pingstudio.tw (legacy exact ENG_name match),approved,true,
School of Conjuration,namedRuleBlock,咒法學派,,5eclone.pingstudio.tw (legacy exact ENG_name match),approved,true,
School of Divination,namedRuleBlock,預言學派,,5eclone.pingstudio.tw (legacy exact ENG_name match),approved,true,
School of Enchantment,namedRuleBlock,惑控學派,,5eclone.pingstudio.tw (legacy exact ENG_name match),approved,true,
School of Evocation,namedRuleBlock,塑能學派,,5eclone.pingstudio.tw (legacy exact ENG_name match),approved,true,
School of Illusion,namedRuleBlock,幻術學派,,5eclone.pingstudio.tw (legacy exact ENG_name match),approved,true,
School of Necromancy,namedRuleBlock,死靈學派,,5eclone.pingstudio.tw (legacy exact ENG_name match),approved,true,
School of Transmutation,namedRuleBlock,變化學派,,5eclone.pingstudio.tw (legacy exact ENG_name match),approved,true,
Shadow Magic,namedRuleBlock,幽影魔法,,5eclone.pingstudio.tw (legacy exact ENG_name match),approved,true,
Shelter the Light,namedRuleBlock,守護明光,,5eclone.pingstudio.tw (legacy exact ENG_name match),approved,true,
Sleight of Hand,namedRuleBlock,巧手,靈巧,Foundry zh-TW; community,approved,true,User approved the first listed candidate; may revise later.
Spell Slots,namedRuleBlock,法術位,,5eclone.pingstudio.tw (legacy exact ENG_name match),approved,true,
Spellcasting Ability,namedRuleBlock,施法關鍵屬性,,5eclone.pingstudio.tw (legacy exact ENG_name match),approved,true,
Spellcasting Focus,namedRuleBlock,施法法器,,5eclone.pingstudio.tw (legacy exact ENG_name match),approved,true,
Spells Known,namedRuleBlock,已知法術,,5eclone.pingstudio.tw (legacy exact ENG_name match),approved,true,
Spirit Tales,namedRuleBlock,靈魂傳說,,5eclone.pingstudio.tw (legacy exact ENG_name match),approved,true,
Spiritual Focus,namedRuleBlock,靈魂法器,,5eclone.pingstudio.tw (legacy exact ENG_name match),approved,true,
Step of the Wind,namedRuleBlock,飛檐走壁,,5eclone.pingstudio.tw (legacy exact ENG_name match),approved,true,
Storm Sorcery,namedRuleBlock,暴風術法,,5eclone.pingstudio.tw (legacy exact ENG_name match),approved,true,
Strength Above All,namedRuleBlock,力量高於一切,,5eclone.pingstudio.tw (legacy exact ENG_name match),approved,true,
Strength of the Grave,namedRuleBlock,終焉之力,,5eclone.pingstudio.tw (legacy exact ENG_name match),approved,true,
Sudden Strike,namedRuleBlock,突發猛擊,,5eclone.pingstudio.tw (legacy exact ENG_name match),approved,true,
Superiority Dice,namedRuleBlock,卓越骰,,5eclone.pingstudio.tw (legacy exact ENG_name match),approved,true,
Tempest Domain,namedRuleBlock,暴風領域,,5eclone.pingstudio.tw (legacy exact ENG_name match),approved,true,
Temporary Hit Points,namedRuleBlock,臨時生命值,,SRD 5.1; SRD 5.2.1,approved,true,
The Archfey,namedRuleBlock,至高妖精,,5eclone.pingstudio.tw (legacy exact ENG_name match),approved,true,
The Celestial,namedRuleBlock,天界宗主,,5eclone.pingstudio.tw (legacy exact ENG_name match),approved,true,
The Fathomless,namedRuleBlock,深海意志,,5eclone.pingstudio.tw (legacy exact ENG_name match),approved,true,
The Fiend,namedRuleBlock,邪魔宗主,,5eclone.pingstudio.tw (legacy exact ENG_name match),approved,true,
The Genie,namedRuleBlock,巨靈宗主,,5eclone.pingstudio.tw (legacy exact ENG_name match),approved,true,
The Great Old One,namedRuleBlock,舊日支配者,,5eclone.pingstudio.tw (legacy exact ENG_name match),approved,true,
The Hexblade,namedRuleBlock,咒劍士,,5eclone.pingstudio.tw (legacy exact ENG_name match),approved,true,
The Magic of Artifice,namedRuleBlock,技藝的魔法,,5eclone.pingstudio.tw (legacy exact ENG_name match),approved,true,
The Undead,namedRuleBlock,死靈宗主,,5eclone.pingstudio.tw (legacy exact ENG_name match),approved,true,
The Undying,namedRuleBlock,​不朽者,,5eclone.pingstudio.tw (legacy exact ENG_name match),approved,true,
Tireless,namedRuleBlock,不知疲倦,,5eclone.pingstudio.tw (legacy exact ENG_name match),approved,true,
Tool Proficiency,namedRuleBlock,本職工具,,5eclone.pingstudio.tw (legacy exact ENG_name match),approved,true,
Tools Required,namedRuleBlock,必備工具,,5eclone.pingstudio.tw (legacy exact ENG_name match),approved,true,
Trickery Domain,namedRuleBlock,詭術領域,,5eclone.pingstudio.tw (legacy exact ENG_name match),approved,true,
Twilight Domain,namedRuleBlock,暮光領域,,5eclone.pingstudio.tw (legacy exact ENG_name match),approved,true,
Unicorn Spirit,namedRuleBlock,獨角獸精魂,,5eclone.pingstudio.tw (legacy exact ENG_name match),approved,true,
War Domain,namedRuleBlock,戰爭領域,,5eclone.pingstudio.tw (legacy exact ENG_name match),approved,true,
War Magic,namedRuleBlock,戰爭魔法,,5eclone.pingstudio.tw (legacy exact ENG_name match),approved,true,
Wild Magic,namedRuleBlock,狂野魔法,,5eclone.pingstudio.tw (legacy exact ENG_name match),approved,true,
Wild Shape,namedRuleBlock,荒野形態,,5eclone.pingstudio.tw (legacy exact ENG_name match),approved,true,
Wisdom,namedRuleBlock,睿智,睿知; 感知,5eclone.pingstudio.tw (preferred candidate); project glossary alternatives,approved,true,User approved the first listed candidate; may revise later.
Wisdom of the Spirit,namedRuleBlock,靈魂感知,,5eclone.pingstudio.tw (legacy exact ENG_name match),approved,true,
Wolf,namedRuleBlock,狼,,5eclone.pingstudio.tw (legacy exact ENG_name match),approved,true,
Word of the Spirit,namedRuleBlock,靈魂之語,,5eclone.pingstudio.tw (legacy exact ENG_name match),approved,true,
Aberrant Mind,subclass,畸變心智,,5eclone.pingstudio.tw (legacy exact ENG_name match),approved,true,
Alchemist,subclass,鍊金師,,5eclone.pingstudio.tw (legacy exact ENG_name match),approved,true,
Arcana Domain,subclass,奧祕領域,,5eclone.pingstudio.tw (legacy exact ENG_name match),approved,true,
Arcane Archer,subclass,魔射手,,5eclone.pingstudio.tw (legacy exact ENG_name match),approved,true,
Arcane Trickster,subclass,詭術師,,5eclone.pingstudio.tw (legacy exact ENG_name match),approved,true,
Armorer,subclass,裝甲師,,5eclone.pingstudio.tw (legacy exact ENG_name match),approved,true,
Artillerist,subclass,魔炮師,,5eclone.pingstudio.tw (legacy exact ENG_name match),approved,true,
Assassin,subclass,刺客,,5eclone.pingstudio.tw (legacy exact ENG_name match),approved,true,
Battle Master,subclass,戰鬥大師,,5eclone.pingstudio.tw (legacy exact ENG_name match),approved,true,
Battle Smith,subclass,戰地匠師,,5eclone.pingstudio.tw (legacy exact ENG_name match),approved,true,
Beast Master,subclass,獸王,,5eclone.pingstudio.tw (legacy exact ENG_name match),approved,true,
Bladesinging,subclass,劍詠,劍詠傳承,5eclone.pingstudio.tw (preferred candidate); project glossary alternatives,approved,true,User approved the first listed candidate; may revise later.
Cavalier,subclass,騎兵,,5eclone.pingstudio.tw (legacy exact ENG_name match),approved,true,
Champion,subclass,勇士,,5eclone.pingstudio.tw (legacy exact ENG_name match),approved,true,
Chronurgy Magic,subclass,時間魔法,,5eclone.pingstudio.tw (legacy exact ENG_name match),approved,true,
Circle of Dreams,subclass,夢境結社,,5eclone.pingstudio.tw (legacy exact ENG_name match),approved,true,
Circle of Spores,subclass,孢子結社,,5eclone.pingstudio.tw (legacy exact ENG_name match),approved,true,
Circle of Stars,subclass,星辰結社,,5eclone.pingstudio.tw (legacy exact ENG_name match),approved,true,
Circle of the Land,subclass,大地結社,,5eclone.pingstudio.tw (legacy exact ENG_name match),approved,true,
Circle of the Moon,subclass,月亮結社,,5eclone.pingstudio.tw (legacy exact ENG_name match),approved,true,
Circle of the Shepherd,subclass,牧人結社,,5eclone.pingstudio.tw (legacy exact ENG_name match),approved,true,
Circle of Wildfire,subclass,野火結社,,5eclone.pingstudio.tw (legacy exact ENG_name match),approved,true,
Clockwork Soul,subclass,時械之魂,,5eclone.pingstudio.tw (legacy exact ENG_name match),approved,true,
College of Creation,subclass,創造學院,,5eclone.pingstudio.tw (legacy exact ENG_name match),approved,true,
College of Eloquence,subclass,雄辯學院,,5eclone.pingstudio.tw (legacy exact ENG_name match),approved,true,
College of Glamour,subclass,迷惑學院,,5eclone.pingstudio.tw (legacy exact ENG_name match),approved,true,
College of Lore,subclass,軼聞學院,,5eclone.pingstudio.tw (legacy exact ENG_name match),approved,true,
College of Spirits,subclass,靈魂學院,,5eclone.pingstudio.tw (legacy exact ENG_name match),approved,true,
College of Swords,subclass,劍舞學院,,5eclone.pingstudio.tw (legacy exact ENG_name match),approved,true,
College of Valor,subclass,勇氣學院,,5eclone.pingstudio.tw (legacy exact ENG_name match),approved,true,
College of Whispers,subclass,低語學院,,5eclone.pingstudio.tw (legacy exact ENG_name match),approved,true,
Death Domain,subclass,死亡領域,,5eclone.pingstudio.tw (legacy exact ENG_name match),approved,true,
Divine Soul,subclass,神聖之魂,,5eclone.pingstudio.tw (legacy exact ENG_name match),approved,true,
Draconic Bloodline,subclass,龍族血脈,,5eclone.pingstudio.tw (legacy exact ENG_name match),approved,true,
Echo Knight,subclass,迴音騎士,,5eclone.pingstudio.tw (legacy exact ENG_name match),approved,true,
Eldritch Knight,subclass,魔能騎士,,5eclone.pingstudio.tw (legacy exact ENG_name match),approved,true,
Fey Wanderer,subclass,妖精漫遊者,,5eclone.pingstudio.tw (legacy exact ENG_name match),approved,true,
Forge Domain,subclass,鍛造領域,,5eclone.pingstudio.tw (legacy exact ENG_name match),approved,true,
Gloom Stalker,subclass,幽域追蹤者,,5eclone.pingstudio.tw (legacy exact ENG_name match),approved,true,
Grave Domain,subclass,墳墓領域,,5eclone.pingstudio.tw (legacy exact ENG_name match),approved,true,
Graviturgy Magic,subclass,重力魔法,,5eclone.pingstudio.tw (legacy exact ENG_name match),approved,true,
Horizon Walker,subclass,境界行者,,5eclone.pingstudio.tw (legacy exact ENG_name match),approved,true,
Hunter,subclass,獵人,,5eclone.pingstudio.tw (legacy exact ENG_name match),approved,true,
Inquisitive,subclass,審訊者,,5eclone.pingstudio.tw (legacy exact ENG_name match),approved,true,
Knowledge Domain,subclass,知識領域,,5eclone.pingstudio.tw (legacy exact ENG_name match),approved,true,
Knowledge Domain (PSA),subclass,知識領域(PSA),,5eclone.pingstudio.tw (legacy exact ENG_name match),approved,true,
Life Domain,subclass,生命領域,,5eclone.pingstudio.tw (legacy exact ENG_name match),approved,true,
Light Domain,subclass,光明領域,,5eclone.pingstudio.tw (legacy exact ENG_name match),approved,true,
Mastermind,subclass,策士,,5eclone.pingstudio.tw (legacy exact ENG_name match),approved,true,
Monster Slayer,subclass,怪物殺手,,5eclone.pingstudio.tw (legacy exact ENG_name match),approved,true,
Nature Domain,subclass,自然領域,,5eclone.pingstudio.tw (legacy exact ENG_name match),approved,true,
Oath of Conquest,subclass,征服之誓,,5eclone.pingstudio.tw (legacy exact ENG_name match),approved,true,
Oath of Devotion,subclass,奉獻之誓,,5eclone.pingstudio.tw (legacy exact ENG_name match),approved,true,
Oath of Glory,subclass,榮耀之誓,,5eclone.pingstudio.tw (legacy exact ENG_name match),approved,true,
Oath of Redemption,subclass,救贖之誓,,5eclone.pingstudio.tw (legacy exact ENG_name match),approved,true,
Oath of the Ancients,subclass,遠古之誓,,5eclone.pingstudio.tw (legacy exact ENG_name match),approved,true,
Oath of the Crown,subclass,王冠之誓,,5eclone.pingstudio.tw (legacy exact ENG_name match),approved,true,
Oath of the Watchers,subclass,守望之誓,,5eclone.pingstudio.tw (legacy exact ENG_name match),approved,true,
Oath of Vengeance,subclass,復仇之誓,,5eclone.pingstudio.tw (legacy exact ENG_name match),approved,true,
Oathbreaker,subclass,破誓者,,5eclone.pingstudio.tw (legacy exact ENG_name match),approved,true,
Order Domain,subclass,秩序領域,,5eclone.pingstudio.tw (legacy exact ENG_name match),approved,true,
Order of Scribes,subclass,書士會,,5eclone.pingstudio.tw (legacy exact ENG_name match),approved,true,
Path of the Ancestral Guardian,subclass,先祖守衛道途,,5eclone.pingstudio.tw (legacy exact ENG_name match),approved,true,
Path of the Battlerager,subclass,戰狂道途,,5eclone.pingstudio.tw (legacy exact ENG_name match),approved,true,
Path of the Beast,subclass,野獸道途,,5eclone.pingstudio.tw (legacy exact ENG_name match),approved,true,
Path of the Berserker,subclass,狂戰士道途,,5eclone.pingstudio.tw (legacy exact ENG_name match),approved,true,
Path of the Storm Herald,subclass,風暴先驅道途,,5eclone.pingstudio.tw (legacy exact ENG_name match),approved,true,
Path of the Totem Warrior,subclass,圖騰勇士道途,,5eclone.pingstudio.tw (legacy exact ENG_name match),approved,true,
Path of the Zealot,subclass,狂熱者道途,,5eclone.pingstudio.tw (legacy exact ENG_name match),approved,true,
Path of Wild Magic,subclass,狂野魔法道途,,5eclone.pingstudio.tw (legacy exact ENG_name match),approved,true,
Peace Domain,subclass,和平領域,,5eclone.pingstudio.tw (legacy exact ENG_name match),approved,true,
Phantom,subclass,鬼魅,,5eclone.pingstudio.tw (legacy exact ENG_name match),approved,true,
Psi Warrior,subclass,靈能武士,,5eclone.pingstudio.tw (legacy exact ENG_name match),approved,true,
Purple Dragon Knight (Banneret),subclass,紫龍騎士（旗將）,,5eclone.pingstudio.tw (legacy exact ENG_name match),approved,true,
Rune Knight,subclass,符文騎士,,5eclone.pingstudio.tw (legacy exact ENG_name match),approved,true,
Samurai,subclass,武士,,5eclone.pingstudio.tw (legacy exact ENG_name match),approved,true,
School of Abjuration,subclass,防護學派,,5eclone.pingstudio.tw (legacy exact ENG_name match),approved,true,
School of Conjuration,subclass,咒法學派,,5eclone.pingstudio.tw (legacy exact ENG_name match),approved,true,
School of Divination,subclass,預言學派,,5eclone.pingstudio.tw (legacy exact ENG_name match),approved,true,
School of Enchantment,subclass,惑控學派,,5eclone.pingstudio.tw (legacy exact ENG_name match),approved,true,
School of Evocation,subclass,塑能學派,,5eclone.pingstudio.tw (legacy exact ENG_name match),approved,true,
School of Illusion,subclass,幻術學派,,5eclone.pingstudio.tw (legacy exact ENG_name match),approved,true,
School of Necromancy,subclass,死靈學派,,5eclone.pingstudio.tw (legacy exact ENG_name match),approved,true,
School of Transmutation,subclass,變化學派,,5eclone.pingstudio.tw (legacy exact ENG_name match),approved,true,
Scout,subclass,斥侯,,5eclone.pingstudio.tw (legacy exact ENG_name match),approved,true,
Shadow Magic,subclass,幽影魔法,,5eclone.pingstudio.tw (legacy exact ENG_name match),approved,true,
Soulknife,subclass,魂刃,,5eclone.pingstudio.tw (legacy exact ENG_name match),approved,true,
Storm Sorcery,subclass,暴風術法,,5eclone.pingstudio.tw (legacy exact ENG_name match),approved,true,
Swarmkeeper,subclass,集羣守衛,,5eclone.pingstudio.tw (legacy exact ENG_name match),approved,true,
Swashbuckler,subclass,風流劍客,,5eclone.pingstudio.tw (legacy exact ENG_name match),approved,true,
Tempest Domain,subclass,暴風領域,,5eclone.pingstudio.tw (legacy exact ENG_name match),approved,true,
The Archfey,subclass,至高妖精,,5eclone.pingstudio.tw (legacy exact ENG_name match),approved,true,
The Celestial,subclass,天界宗主,,5eclone.pingstudio.tw (legacy exact ENG_name match),approved,true,
The Fathomless,subclass,深海意志,,5eclone.pingstudio.tw (legacy exact ENG_name match),approved,true,
The Fiend,subclass,邪魔宗主,,5eclone.pingstudio.tw (legacy exact ENG_name match),approved,true,
The Genie,subclass,巨靈宗主,,5eclone.pingstudio.tw (legacy exact ENG_name match),approved,true,
The Great Old One,subclass,舊日支配者,,5eclone.pingstudio.tw (legacy exact ENG_name match),approved,true,
The Hexblade,subclass,咒劍士,,5eclone.pingstudio.tw (legacy exact ENG_name match),approved,true,
The Undead,subclass,死靈宗主,,5eclone.pingstudio.tw (legacy exact ENG_name match),approved,true,
The Undying,subclass,​不朽者,,5eclone.pingstudio.tw (legacy exact ENG_name match),approved,true,
Thief,subclass,竊賊,,5eclone.pingstudio.tw (legacy exact ENG_name match),approved,true,
Trickery Domain,subclass,詭術領域,,5eclone.pingstudio.tw (legacy exact ENG_name match),approved,true,
Twilight Domain,subclass,暮光領域,,5eclone.pingstudio.tw (legacy exact ENG_name match),approved,true,
War Domain,subclass,戰爭領域,,5eclone.pingstudio.tw (legacy exact ENG_name match),approved,true,
War Magic,subclass,戰爭魔法,,5eclone.pingstudio.tw (legacy exact ENG_name match),approved,true,
Way of Mercy,subclass,命流宗,,5eclone.pingstudio.tw (legacy exact ENG_name match),approved,true,
Way of Shadow,subclass,暗影宗,,5eclone.pingstudio.tw (legacy exact ENG_name match),approved,true,
Way of the Astral Self,subclass,星我宗,,5eclone.pingstudio.tw (legacy exact ENG_name match),approved,true,
Way of the Drunken Master,subclass,醉拳宗,,5eclone.pingstudio.tw (legacy exact ENG_name match),approved,true,
Way of the Four Elements,subclass,四象宗,,5eclone.pingstudio.tw (legacy exact ENG_name match),approved,true,
Way of the Kensei,subclass,劍聖宗,,5eclone.pingstudio.tw (legacy exact ENG_name match),approved,true,
Way of the Long Death,subclass,永亡宗,,5eclone.pingstudio.tw (legacy exact ENG_name match),approved,true,
Way of the Open Hand,subclass,散打宗,,5eclone.pingstudio.tw (legacy exact ENG_name match),approved,true,
Way of the Sun Soul,subclass,日魂宗,,5eclone.pingstudio.tw (legacy exact ENG_name match),approved,true,
Wild Magic,subclass,狂野魔法,,5eclone.pingstudio.tw (legacy exact ENG_name match),approved,true,
Aberrant Mind,subclassFeature,畸變心智,,5eclone.pingstudio.tw (legacy exact ENG_name match),approved,true,
Abjuration Savant,subclassFeature,防護學者,,5eclone.pingstudio.tw (legacy exact ENG_name match),approved,true,
Abjure the Extraplanar,subclassFeature,驅散異域,,5eclone.pingstudio.tw (legacy exact ENG_name match),approved,true,
Accursed Specter,subclassFeature,咒縛幽靈,,5eclone.pingstudio.tw (legacy exact ENG_name match),approved,true,
Acolyte of Nature,subclassFeature,自然侍祭,,5eclone.pingstudio.tw (legacy exact ENG_name match),approved,true,
Additional Arcane Shot Option,subclassFeature,額外祕法射擊選項,,5eclone.pingstudio.tw (legacy exact ENG_name match),approved,true,
Additional Fighting Style,subclassFeature,額外戰鬥風格,,5eclone.pingstudio.tw (legacy exact ENG_name match),approved,true,
Additional Magical Secrets,subclassFeature,額外魔法祕密,,5eclone.pingstudio.tw (legacy exact ENG_name match),approved,true,
Additional Maneuvers,subclassFeature,額外戰技,,5eclone.pingstudio.tw (legacy exact ENG_name match),approved,true,
Additional Rune Known,subclassFeature,額外符文已知,,5eclone.pingstudio.tw (legacy exact ENG_name match),approved,true,
Additional Superiority Die,subclassFeature,額外卓越骰,,5eclone.pingstudio.tw (legacy exact ENG_name match),approved,true,
Adjust Density,subclassFeature,調節密度,,5eclone.pingstudio.tw (legacy exact ENG_name match),approved,true,
Agile Parry,subclassFeature,靈巧格檔,,5eclone.pingstudio.tw (legacy exact ENG_name match),approved,true,
Alchemical Savant,subclassFeature,鍊金術掌握,,5eclone.pingstudio.tw (legacy exact ENG_name match),approved,true,
Alchemist,subclassFeature,鍊金師,,5eclone.pingstudio.tw (legacy exact ENG_name match),approved,true,
Alchemist Spells,subclassFeature,鍊金師法術,,5eclone.pingstudio.tw (legacy exact ENG_name match),approved,true,
Alter Memories,subclassFeature,改動記憶,,5eclone.pingstudio.tw (legacy exact ENG_name match),approved,true,
Ambush Master,subclassFeature,伏擊大師,,5eclone.pingstudio.tw (legacy exact ENG_name match),approved,true,
Among the Dead,subclassFeature,常伴死亡,,5eclone.pingstudio.tw (legacy exact ENG_name match),approved,true,
Ancestral Protectors,subclassFeature,先祖守護,,5eclone.pingstudio.tw (legacy exact ENG_name match),approved,true,
Animating Performance,subclassFeature,活化表演,,5eclone.pingstudio.tw (legacy exact ENG_name match),approved,true,
Arcana Domain,subclassFeature,奧祕領域,,5eclone.pingstudio.tw (legacy exact ENG_name match),approved,true,
Arcane Abeyance,subclassFeature,奧法暫滯,,5eclone.pingstudio.tw (legacy exact ENG_name match),approved,true,
Arcane Archer,subclassFeature,魔射手,,5eclone.pingstudio.tw (legacy exact ENG_name match),approved,true,
Arcane Archer Lore,subclassFeature,魔射手學識,,5eclone.pingstudio.tw (legacy exact ENG_name match),approved,true,
Arcane Armor,subclassFeature,奧能裝甲,,5eclone.pingstudio.tw (legacy exact ENG_name match),approved,true,
Arcane Charge,subclassFeature,祕法衝鋒,,5eclone.pingstudio.tw (legacy exact ENG_name match),approved,true,
Arcane Deflection,subclassFeature,祕法偏斜,,5eclone.pingstudio.tw (legacy exact ENG_name match),approved,true,
Arcane Firearm,subclassFeature,奧法火器,,5eclone.pingstudio.tw (legacy exact ENG_name match),approved,true,
Arcane Initiate,subclassFeature,奧法學徒,,5eclone.pingstudio.tw (legacy exact ENG_name match),approved,true,
Arcane Jolt,subclassFeature,奧能震盪,,5eclone.pingstudio.tw (legacy exact ENG_name match),approved,true,
Arcane Mastery,subclassFeature,奧術宗師,,5eclone.pingstudio.tw (legacy exact ENG_name match),approved,true,
Arcane Shot,subclassFeature,祕法射擊,,5eclone.pingstudio.tw (legacy exact ENG_name match),approved,true,
Arcane Shot Options,subclassFeature,祕法射擊選項,,5eclone.pingstudio.tw (legacy exact ENG_name match),approved,true,
Arcane Trickster,subclassFeature,詭術師,,5eclone.pingstudio.tw (legacy exact ENG_name match),approved,true,
Arcane Ward,subclassFeature,奧法防護,,5eclone.pingstudio.tw (legacy exact ENG_name match),approved,true,
Armor Model,subclassFeature,裝甲型號,,5eclone.pingstudio.tw (legacy exact ENG_name match),approved,true,
Armor Modifications,subclassFeature,裝甲改造,,5eclone.pingstudio.tw (legacy exact ENG_name match),approved,true,
Armor of Hexes,subclassFeature,巫咒護甲,,5eclone.pingstudio.tw (legacy exact ENG_name match),approved,true,
Armorer,subclassFeature,裝甲師,,5eclone.pingstudio.tw (legacy exact ENG_name match),approved,true,
Armorer Spells,subclassFeature,裝甲師法術,,5eclone.pingstudio.tw (legacy exact ENG_name match),approved,true,
Arms of the Astral Self,subclassFeature,星我之臂,,5eclone.pingstudio.tw (legacy exact ENG_name match),approved,true,
Artillerist,subclassFeature,魔炮師,,5eclone.pingstudio.tw (legacy exact ENG_name match),approved,true,
Artillerist Spells,subclassFeature,魔炮師法術,,5eclone.pingstudio.tw (legacy exact ENG_name match),approved,true,
Aspect of the Beast,subclassFeature,獸之形,,5eclone.pingstudio.tw (legacy exact ENG_name match),approved,true,
Assassin,subclassFeature,刺客,,5eclone.pingstudio.tw (legacy exact ENG_name match),approved,true,
Assassinate,subclassFeature,刺殺,,5eclone.pingstudio.tw (legacy exact ENG_name match),approved,true,
Aura of Alacrity,subclassFeature,迅捷靈光,,5eclone.pingstudio.tw (legacy exact ENG_name match),approved,true,
Aura of Conquest,subclassFeature,征服靈光,,5eclone.pingstudio.tw (legacy exact ENG_name match),approved,true,
Aura of Devotion,subclassFeature,奉獻靈光,,5eclone.pingstudio.tw (legacy exact ENG_name match),approved,true,
Aura of Hate,subclassFeature,憎恨靈光,,5eclone.pingstudio.tw (legacy exact ENG_name match),approved,true,
Aura of the Guardian,subclassFeature,護衛靈光,,5eclone.pingstudio.tw (legacy exact ENG_name match),approved,true,
Aura of the Sentinel,subclassFeature,哨衛靈光,,5eclone.pingstudio.tw (legacy exact ENG_name match),approved,true,
Aura of Warding,subclassFeature,防護靈光,,5eclone.pingstudio.tw (legacy exact ENG_name match),approved,true,
Avatar of Battle,subclassFeature,戰鬥化身,,5eclone.pingstudio.tw (legacy exact ENG_name match),approved,true,
Avenging Angel,subclassFeature,復仇天使,,5eclone.pingstudio.tw (legacy exact ENG_name match),approved,true,
Awakened Astral Self,subclassFeature,星我覺醒,,5eclone.pingstudio.tw (legacy exact ENG_name match),approved,true,
Awakened Mind,subclassFeature,喚醒心靈,,5eclone.pingstudio.tw (legacy exact ENG_name match),approved,true,
Awakened Spellbook,subclassFeature,覺醒魔典,,5eclone.pingstudio.tw (legacy exact ENG_name match),approved,true,
Balm of the Summer Court,subclassFeature,仲夏庭院的芬馥,,5eclone.pingstudio.tw (legacy exact ENG_name match),approved,true,
Bastion of Law,subclassFeature,律令之壁,,5eclone.pingstudio.tw (legacy exact ENG_name match),approved,true,
Battle Magic,subclassFeature,戰鬥魔法,,5eclone.pingstudio.tw (legacy exact ENG_name match),approved,true,
Battle Master,subclassFeature,戰鬥大師,,5eclone.pingstudio.tw (legacy exact ENG_name match),approved,true,
Battle Ready,subclassFeature,戰鬥準備,,5eclone.pingstudio.tw (legacy exact ENG_name match),approved,true,
Battle Smith,subclassFeature,戰地匠師,,5eclone.pingstudio.tw (legacy exact ENG_name match),approved,true,
Battle Smith Spells,subclassFeature,戰地匠師法術,,5eclone.pingstudio.tw (legacy exact ENG_name match),approved,true,
Battlerager Armor,subclassFeature,戰狂護甲,,5eclone.pingstudio.tw (legacy exact ENG_name match),approved,true,
Battlerager Charge,subclassFeature,戰狂衝鋒,,5eclone.pingstudio.tw (legacy exact ENG_name match),approved,true,
Bear,subclassFeature,熊,,5eclone.pingstudio.tw (legacy exact ENG_name match),approved,true,
Beast Master,subclassFeature,獸王,,5eclone.pingstudio.tw (legacy exact ENG_name match),approved,true,
Beguiling Defenses,subclassFeature,迷惑防護,,5eclone.pingstudio.tw (legacy exact ENG_name match),approved,true,
Beguiling Twist,subclassFeature,妖思魅縷,,5eclone.pingstudio.tw (legacy exact ENG_name match),approved,true,
Bend Luck,subclassFeature,竄改運氣,,5eclone.pingstudio.tw (legacy exact ENG_name match),approved,true,
Benign Transposition,subclassFeature,移形換位,,5eclone.pingstudio.tw (legacy exact ENG_name match),approved,true,
Bestial Fury,subclassFeature,野性狂怒,,5eclone.pingstudio.tw (legacy exact ENG_name match),approved,true,
Bestial Soul,subclassFeature,獸性之魂,,5eclone.pingstudio.tw (legacy exact ENG_name match),approved,true,
Blade Flourish,subclassFeature,鋒刃劍舞,,5eclone.pingstudio.tw (legacy exact ENG_name match),approved,true,
Bladesinger Styles,subclassFeature,劍詠者風格,,5eclone.pingstudio.tw (legacy exact ENG_name match),approved,true,
Bladesinging,subclassFeature,劍詠,劍詠傳承,5eclone.pingstudio.tw (preferred candidate); project glossary alternatives,approved,true,User approved the first listed candidate; may revise later.
Bladesong,subclassFeature,劍歌,,5eclone.pingstudio.tw (legacy exact ENG_name match),approved,true,
Blazing Revival,subclassFeature,熾烈回生,,5eclone.pingstudio.tw (legacy exact ENG_name match),approved,true,
Blessed Healer,subclassFeature,祝聖醫者,,5eclone.pingstudio.tw (legacy exact ENG_name match),approved,true,
Blessed Strikes,subclassFeature,受祝擊,,5eclone.pingstudio.tw (legacy exact ENG_name match),approved,true,
Blessing of the Forge,subclassFeature,鍛造祝福,,5eclone.pingstudio.tw (legacy exact ENG_name match),approved,true,
Blessing of the Trickster,subclassFeature,詭術祝福,,5eclone.pingstudio.tw (legacy exact ENG_name match),approved,true,
Blessings of Knowledge,subclassFeature,知識祝福,,5eclone.pingstudio.tw (legacy exact ENG_name match),approved,true,
Body of the Astral Self,subclassFeature,星我之軀,,5eclone.pingstudio.tw (legacy exact ENG_name match),approved,true,
Bolstering Magic,subclassFeature,振奮魔法,,5eclone.pingstudio.tw (legacy exact ENG_name match),approved,true,
Bonus Cantrip,subclassFeature,額外戲法,,5eclone.pingstudio.tw (legacy exact ENG_name match),approved,true,
Bonus Cantrips,subclassFeature,額外戲法,,5eclone.pingstudio.tw (legacy exact ENG_name match),approved,true,
Bonus Proficiencies,subclassFeature,額外熟練,額外熟練項,5eclone.pingstudio.tw (preferred candidate); project glossary alternatives,approved,true,User approved the first listed candidate; may revise later.
Bonus Proficiency,subclassFeature,額外熟練,,5eclone.pingstudio.tw (legacy exact ENG_name match),approved,true,
Born to the Saddle,subclassFeature,生而爲騎,,5eclone.pingstudio.tw (legacy exact ENG_name match),approved,true,
Bottled Respite,subclassFeature,瓶中小憩,,5eclone.pingstudio.tw (legacy exact ENG_name match),approved,true,
Bulwark,subclassFeature,意志壁壘,,5eclone.pingstudio.tw (legacy exact ENG_name match),approved,true,
Bulwark of Force,subclassFeature,壁壘之力,,5eclone.pingstudio.tw (legacy exact ENG_name match),approved,true,
Call the Hunt,subclassFeature,狩獵呼喚,,5eclone.pingstudio.tw (legacy exact ENG_name match),approved,true,
Cauterizing Flames,subclassFeature,灼燒烈焰,,5eclone.pingstudio.tw (legacy exact ENG_name match),approved,true,
Cavalier,subclassFeature,騎兵,,5eclone.pingstudio.tw (legacy exact ENG_name match),approved,true,
Celestial Resilience,subclassFeature,天族韌性,,5eclone.pingstudio.tw (legacy exact ENG_name match),approved,true,
Champion,subclassFeature,勇士,,5eclone.pingstudio.tw (legacy exact ENG_name match),approved,true,
Channel Divinity,subclassFeature,引導神力,,5eclone.pingstudio.tw (legacy exact ENG_name match),approved,true,
Channel Divinity: Arcane Abjuration,subclassFeature,引導神力：奧祕阻絕,,5eclone.pingstudio.tw (legacy exact ENG_name match),approved,true,
Channel Divinity: Artisan's Blessing,subclassFeature,引導神力：工匠祝福,,5eclone.pingstudio.tw (legacy exact ENG_name match),approved,true,
Channel Divinity: Balm of Peace,subclassFeature,引導神力：和平撫慰,,5eclone.pingstudio.tw (legacy exact ENG_name match),approved,true,
Channel Divinity: Charm Animals and Plants,subclassFeature,引導神力：魅惑動植物,,5eclone.pingstudio.tw (legacy exact ENG_name match),approved,true,
Channel Divinity: Cloak of Shadows,subclassFeature,引導神力：陰影斗篷,,5eclone.pingstudio.tw (legacy exact ENG_name match),approved,true,
Channel Divinity: Destructive Wrath,subclassFeature,引導神力：毀滅狂怒,,5eclone.pingstudio.tw (legacy exact ENG_name match),approved,true,
Channel Divinity: Guided Strike,subclassFeature,引導神力：神導打擊,,5eclone.pingstudio.tw (legacy exact ENG_name match),approved,true,
Channel Divinity: Invoke Duplicity,subclassFeature,引導神力：召喚假體,,5eclone.pingstudio.tw (legacy exact ENG_name match),approved,true,
Channel Divinity: Knowledge of the Ages,subclassFeature,引導神力：歲月知識,,5eclone.pingstudio.tw (legacy exact ENG_name match),approved,true,
Channel Divinity: Order's Demand,subclassFeature,引導神力：秩序之令,,5eclone.pingstudio.tw (legacy exact ENG_name match),approved,true,
Channel Divinity: Path to the Grave,subclassFeature,引導神力：歸墓之途,,5eclone.pingstudio.tw (legacy exact ENG_name match),approved,true,
Channel Divinity: Preserve Life,subclassFeature,引導神力：維繫生命,,5eclone.pingstudio.tw (legacy exact ENG_name match),approved,true,
Channel Divinity: Radiance of the Dawn,subclassFeature,引導神力：黎明曙光,,5eclone.pingstudio.tw (legacy exact ENG_name match),approved,true,
Channel Divinity: Read Thoughts,subclassFeature,引導神力：閱讀思想,,5eclone.pingstudio.tw (legacy exact ENG_name match),approved,true,
Channel Divinity: Touch of Death,subclassFeature,引導神力:死亡之觸,,5eclone.pingstudio.tw (legacy exact ENG_name match),approved,true,
Channel Divinity: Twilight Sanctuary,subclassFeature,引導神力：暮光聖域,,5eclone.pingstudio.tw (legacy exact ENG_name match),approved,true,
Channel Divinity: War God's Blessing,subclassFeature,引導神力：戰神祝福,,5eclone.pingstudio.tw (legacy exact ENG_name match),approved,true,
Chemical Mastery,subclassFeature,化學專家,,5eclone.pingstudio.tw (legacy exact ENG_name match),approved,true,
Chronal Shift,subclassFeature,時間變幻,,5eclone.pingstudio.tw (legacy exact ENG_name match),approved,true,
Chronurgy Magic,subclassFeature,時間魔法,,5eclone.pingstudio.tw (legacy exact ENG_name match),approved,true,
Circle Forms,subclassFeature,結社型態,,5eclone.pingstudio.tw (legacy exact ENG_name match),approved,true,
Circle of Dreams,subclassFeature,夢境結社,,5eclone.pingstudio.tw (legacy exact ENG_name match),approved,true,
Circle of Mortality,subclassFeature,凡命循環,,5eclone.pingstudio.tw (legacy exact ENG_name match),approved,true,
Circle of Spores,subclassFeature,孢子結社,,5eclone.pingstudio.tw (legacy exact ENG_name match),approved,true,
Circle of Stars,subclassFeature,星辰結社,,5eclone.pingstudio.tw (legacy exact ENG_name match),approved,true,
Circle of the Land,subclassFeature,大地結社,,5eclone.pingstudio.tw (legacy exact ENG_name match),approved,true,
Circle of the Moon,subclassFeature,月亮結社,,5eclone.pingstudio.tw (legacy exact ENG_name match),approved,true,
Circle of the Shepherd,subclassFeature,牧人結社,,5eclone.pingstudio.tw (legacy exact ENG_name match),approved,true,
Circle of Wildfire,subclassFeature,野火結社,,5eclone.pingstudio.tw (legacy exact ENG_name match),approved,true,
Circle Spells,subclassFeature,結社法術,,5eclone.pingstudio.tw (legacy exact ENG_name match),approved,true,
Cloak of Shadows,subclassFeature,暗影斗篷,,5eclone.pingstudio.tw (legacy exact ENG_name match),approved,true,
Clockwork Cavalcade,subclassFeature,時械矩陣,,5eclone.pingstudio.tw (legacy exact ENG_name match),approved,true,
Clockwork Magic,subclassFeature,時械法術,,5eclone.pingstudio.tw (legacy exact ENG_name match),approved,true,
Clockwork Soul,subclassFeature,時械之魂,,5eclone.pingstudio.tw (legacy exact ENG_name match),approved,true,
College of Creation,subclassFeature,創造學院,,5eclone.pingstudio.tw (legacy exact ENG_name match),approved,true,
College of Eloquence,subclassFeature,雄辯學院,,5eclone.pingstudio.tw (legacy exact ENG_name match),approved,true,
College of Glamour,subclassFeature,迷惑學院,,5eclone.pingstudio.tw (legacy exact ENG_name match),approved,true,
College of Lore,subclassFeature,軼聞學院,,5eclone.pingstudio.tw (legacy exact ENG_name match),approved,true,
College of Spirits,subclassFeature,靈魂學院,,5eclone.pingstudio.tw (legacy exact ENG_name match),approved,true,
College of Swords,subclassFeature,劍舞學院,,5eclone.pingstudio.tw (legacy exact ENG_name match),approved,true,
College of Valor,subclassFeature,勇氣學院,,5eclone.pingstudio.tw (legacy exact ENG_name match),approved,true,
College of Whispers,subclassFeature,低語學院,,5eclone.pingstudio.tw (legacy exact ENG_name match),approved,true,
Colossus Slayer,subclassFeature,巨怪獵者,,5eclone.pingstudio.tw (legacy exact ENG_name match),approved,true,
Combat Inspiration,subclassFeature,戰鬥激勵,,5eclone.pingstudio.tw (legacy exact ENG_name match),approved,true,
Combat Superiority,subclassFeature,戰鬥卓越,,5eclone.pingstudio.tw (legacy exact ENG_name match),approved,true,
Combat Wild Shape,subclassFeature,戰鬥荒野形態,,5eclone.pingstudio.tw (legacy exact ENG_name match),approved,true,
Command Undead,subclassFeature,命令不死生物,,5eclone.pingstudio.tw (legacy exact ENG_name match),approved,true,
Conjuration Savant,subclassFeature,咒法學者,,5eclone.pingstudio.tw (legacy exact ENG_name match),approved,true,
Consult the Spirits,subclassFeature,問道精魂,,5eclone.pingstudio.tw (legacy exact ENG_name match),approved,true,
Controlled Chaos,subclassFeature,控制混沌,,5eclone.pingstudio.tw (legacy exact ENG_name match),approved,true,
Controlled Surge,subclassFeature,掌控浪潮,,5eclone.pingstudio.tw (legacy exact ENG_name match),approved,true,
Convergent Future,subclassFeature,收束未來,,5eclone.pingstudio.tw (legacy exact ENG_name match),approved,true,
Corona of Light,subclassFeature,日冕光輝,,5eclone.pingstudio.tw (legacy exact ENG_name match),approved,true,
Cosmic Omen,subclassFeature,宇宙預兆,,5eclone.pingstudio.tw (legacy exact ENG_name match),approved,true,
Create Thrall,subclassFeature,創造奴僕,,5eclone.pingstudio.tw (legacy exact ENG_name match),approved,true,
Creative Crescendo,subclassFeature,高潮樂章,,5eclone.pingstudio.tw (legacy exact ENG_name match),approved,true,
Curving Shot,subclassFeature,曲射,,5eclone.pingstudio.tw (legacy exact ENG_name match),approved,true,
Cutting Words,subclassFeature,語出驚人,,5eclone.pingstudio.tw (legacy exact ENG_name match),approved,true,
Dampen Elements,subclassFeature,抑制元素,,5eclone.pingstudio.tw (legacy exact ENG_name match),approved,true,
Dark Delirium,subclassFeature,黑暗妄霧,,5eclone.pingstudio.tw (legacy exact ENG_name match),approved,true,
Dark One's Blessing,subclassFeature,黑暗者賜福,,5eclone.pingstudio.tw (legacy exact ENG_name match),approved,true,
Dark One's Own Luck,subclassFeature,黑暗者強運,,5eclone.pingstudio.tw (legacy exact ENG_name match),approved,true,
Death Domain,subclassFeature,死亡領域,,5eclone.pingstudio.tw (legacy exact ENG_name match),approved,true,
Death Strike,subclassFeature,死亡一擊,,5eclone.pingstudio.tw (legacy exact ENG_name match),approved,true,
Death's Friend,subclassFeature,死亡之友,,5eclone.pingstudio.tw (legacy exact ENG_name match),approved,true,
Defensive Flourish,subclassFeature,防禦劍舞,,5eclone.pingstudio.tw (legacy exact ENG_name match),approved,true,
Defensive Tactics,subclassFeature,防禦性戰術,,5eclone.pingstudio.tw (legacy exact ENG_name match),approved,true,
Deflecting Shroud,subclassFeature,偏斜罩幕,,5eclone.pingstudio.tw (legacy exact ENG_name match),approved,true,
Defy Death,subclassFeature,反抗死亡,,5eclone.pingstudio.tw (legacy exact ENG_name match),approved,true,
Desert,subclassFeature,沙漠,,5eclone.pingstudio.tw (legacy exact ENG_name match),approved,true,
Detect Portal,subclassFeature,偵測傳送門,,5eclone.pingstudio.tw (legacy exact ENG_name match),approved,true,
Disciple of Life,subclassFeature,生命門徒,,5eclone.pingstudio.tw (legacy exact ENG_name match),approved,true,
Disciple of the Elements,subclassFeature,元素門徒,,5eclone.pingstudio.tw (legacy exact ENG_name match),approved,true,
Distant Strike,subclassFeature,閃現打擊,,5eclone.pingstudio.tw (legacy exact ENG_name match),approved,true,
Divination Savant,subclassFeature,預言學者,,5eclone.pingstudio.tw (legacy exact ENG_name match),approved,true,
Divine Allegiance,subclassFeature,神聖忠誠,,5eclone.pingstudio.tw (legacy exact ENG_name match),approved,true,
Divine Fury,subclassFeature,神性狂怒,,5eclone.pingstudio.tw (legacy exact ENG_name match),approved,true,
Divine Magic,subclassFeature,神聖魔法,,5eclone.pingstudio.tw (legacy exact ENG_name match),approved,true,
Divine Soul,subclassFeature,神聖之魂,,5eclone.pingstudio.tw (legacy exact ENG_name match),approved,true,
Divine Strike,subclassFeature,神聖打擊,,5eclone.pingstudio.tw (legacy exact ENG_name match),approved,true,
Draconic Bloodline,subclassFeature,龍族血脈,,5eclone.pingstudio.tw (legacy exact ENG_name match),approved,true,
Draconic Presence,subclassFeature,真龍威儀,,5eclone.pingstudio.tw (legacy exact ENG_name match),approved,true,
Draconic Resilience,subclassFeature,龍族韌性,,5eclone.pingstudio.tw (legacy exact ENG_name match),approved,true,
Dragon Ancestor,subclassFeature,龍族血統,,5eclone.pingstudio.tw (legacy exact ENG_name match),approved,true,
Dragon Wings,subclassFeature,龍之翼,,5eclone.pingstudio.tw (legacy exact ENG_name match),approved,true,
Dread Ambusher,subclassFeature,懼怖伏兵,,5eclone.pingstudio.tw (legacy exact ENG_name match),approved,true,
Dread Lord,subclassFeature,恐懼之王,,5eclone.pingstudio.tw (legacy exact ENG_name match),approved,true,
Dreadful Strikes,subclassFeature,哀懼靈襲,,5eclone.pingstudio.tw (legacy exact ENG_name match),approved,true,
Drunkard's Luck,subclassFeature,醉漢機運,,5eclone.pingstudio.tw (legacy exact ENG_name match),approved,true,
Drunken Technique,subclassFeature,醉拳技巧,,5eclone.pingstudio.tw (legacy exact ENG_name match),approved,true,
Durable Magic,subclassFeature,耐久魔法,,5eclone.pingstudio.tw (legacy exact ENG_name match),approved,true,
Durable Summons,subclassFeature,強韌召喚,,5eclone.pingstudio.tw (legacy exact ENG_name match),approved,true,
Eagle,subclassFeature,鷹,,5eclone.pingstudio.tw (legacy exact ENG_name match),approved,true,
Ear for Deceit,subclassFeature,辨謊之耳,,5eclone.pingstudio.tw (legacy exact ENG_name match),approved,true,
Echo Avatar,subclassFeature,迴音化身,,5eclone.pingstudio.tw (legacy exact ENG_name match),approved,true,
Echo Knight,subclassFeature,迴音騎士,,5eclone.pingstudio.tw (legacy exact ENG_name match),approved,true,
Elder Champion,subclassFeature,遠古鬥士,,5eclone.pingstudio.tw (legacy exact ENG_name match),approved,true,
Eldritch Cannon,subclassFeature,魔能炮臺,,5eclone.pingstudio.tw (legacy exact ENG_name match),approved,true,
Eldritch Knight,subclassFeature,魔能騎士,,5eclone.pingstudio.tw (legacy exact ENG_name match),approved,true,
Eldritch Strike,subclassFeature,魔能打擊,,5eclone.pingstudio.tw (legacy exact ENG_name match),approved,true,
Elegant Courtier,subclassFeature,典雅侍臣,,5eclone.pingstudio.tw (legacy exact ENG_name match),approved,true,
Elegant Maneuver,subclassFeature,優雅戰技,,5eclone.pingstudio.tw (legacy exact ENG_name match),approved,true,
Elemental Affinity,subclassFeature,元素親和,,5eclone.pingstudio.tw (legacy exact ENG_name match),approved,true,
Elemental Disciplines,subclassFeature,四象法門,,5eclone.pingstudio.tw (legacy exact ENG_name match),approved,true,
Elemental Gift,subclassFeature,元素賜福,,5eclone.pingstudio.tw (legacy exact ENG_name match),approved,true,
Elemental Wild Shape,subclassFeature,元素荒野形態,,5eclone.pingstudio.tw (legacy exact ENG_name match),approved,true,
Elk,subclassFeature,鹿,,5eclone.pingstudio.tw (legacy exact ENG_name match),approved,true,
Embodiment of the Law,subclassFeature,律法化身,,5eclone.pingstudio.tw (legacy exact ENG_name match),approved,true,
Emboldening Bond,subclassFeature,勇氣聯結,,5eclone.pingstudio.tw (legacy exact ENG_name match),approved,true,
Emissary of Redemption,subclassFeature,救贖使者,,5eclone.pingstudio.tw (legacy exact ENG_name match),approved,true,
Empowered Evocation,subclassFeature,強效塑能,,5eclone.pingstudio.tw (legacy exact ENG_name match),approved,true,
Empowered Healing,subclassFeature,強效治療,,5eclone.pingstudio.tw (legacy exact ENG_name match),approved,true,
Enchantment Savant,subclassFeature,惑控學者,,5eclone.pingstudio.tw (legacy exact ENG_name match),approved,true,
Enhanced Bond,subclassFeature,強化鏈接,,5eclone.pingstudio.tw (legacy exact ENG_name match),approved,true,
Enthralling Performance,subclassFeature,醉人表演,,5eclone.pingstudio.tw (legacy exact ENG_name match),approved,true,
Entropic Ward,subclassFeature,熵光防護,,5eclone.pingstudio.tw (legacy exact ENG_name match),approved,true,
Escape the Horde,subclassFeature,逃離衆敵,,5eclone.pingstudio.tw (legacy exact ENG_name match),approved,true,
Ethereal Step,subclassFeature,靈界漫步,,5eclone.pingstudio.tw (legacy exact ENG_name match),approved,true,
Evasion,subclassFeature,反射閃避,,5eclone.pingstudio.tw (legacy exact ENG_name match),approved,true,
Event Horizon,subclassFeature,事件視界,,5eclone.pingstudio.tw (legacy exact ENG_name match),approved,true,
Ever-Ready Shot,subclassFeature,常備射擊,,5eclone.pingstudio.tw (legacy exact ENG_name match),approved,true,
Evocation Savant,subclassFeature,塑能學者,,5eclone.pingstudio.tw (legacy exact ENG_name match),approved,true,
Exalted Champion,subclassFeature,崇高衛士,,5eclone.pingstudio.tw (legacy exact ENG_name match),approved,true,
Exceptional Training,subclassFeature,超絕訓練,,5eclone.pingstudio.tw (legacy exact ENG_name match),approved,true,
Expansive Bond,subclassFeature,增強聯結,,5eclone.pingstudio.tw (legacy exact ENG_name match),approved,true,
Experimental Elixir,subclassFeature,實驗性靈藥,,5eclone.pingstudio.tw (legacy exact ENG_name match),approved,true,
Expert Divination,subclassFeature,預言專家,,5eclone.pingstudio.tw (legacy exact ENG_name match),approved,true,
Explosive Cannon,subclassFeature,高爆炮臺,,5eclone.pingstudio.tw (legacy exact ENG_name match),approved,true,
Extra Attack,subclassFeature,額外攻擊,,5eclone.pingstudio.tw (legacy exact ENG_name match),approved,true,
Extra Elemental Discipline,subclassFeature,額外四象法門,,5eclone.pingstudio.tw (legacy exact ENG_name match),approved,true,
Eye for Detail,subclassFeature,明察之眼,,5eclone.pingstudio.tw (legacy exact ENG_name match),approved,true,
Eye for Weakness,subclassFeature,識破弱點,,5eclone.pingstudio.tw (legacy exact ENG_name match),approved,true,
Eyes of Night,subclassFeature,黑夜明目,,5eclone.pingstudio.tw (legacy exact ENG_name match),approved,true,
Eyes of the Dark,subclassFeature,幽暗之瞳,,5eclone.pingstudio.tw (legacy exact ENG_name match),approved,true,
Eyes of the Grave,subclassFeature,墳墓之眼,,5eclone.pingstudio.tw (legacy exact ENG_name match),approved,true,
Faithful Summons,subclassFeature,忠誠召喚,,5eclone.pingstudio.tw (legacy exact ENG_name match),approved,true,
Fanatical Focus,subclassFeature,狂熱專注,,5eclone.pingstudio.tw (legacy exact ENG_name match),approved,true,
Fancy Footwork,subclassFeature,華麗步法,,5eclone.pingstudio.tw (legacy exact ENG_name match),approved,true,
Fast Hands,subclassFeature,快手,,5eclone.pingstudio.tw (legacy exact ENG_name match),approved,true,
Fathomless Plunge,subclassFeature,海淵傳送,,5eclone.pingstudio.tw (legacy exact ENG_name match),approved,true,
Favored by the Gods,subclassFeature,諸神眷顧,,5eclone.pingstudio.tw (legacy exact ENG_name match),approved,true,
Ferocious Charger,subclassFeature,勇猛衝鋒,,5eclone.pingstudio.tw (legacy exact ENG_name match),approved,true,
Fey Presence,subclassFeature,妖精威儀,,5eclone.pingstudio.tw (legacy exact ENG_name match),approved,true,
Fey Reinforcements,subclassFeature,精宸所與,,5eclone.pingstudio.tw (legacy exact ENG_name match),approved,true,
Fey Wanderer,subclassFeature,妖精漫遊者,,5eclone.pingstudio.tw (legacy exact ENG_name match),approved,true,
Fey Wanderer Magic,subclassFeature,妖精漫遊者法術,,5eclone.pingstudio.tw (legacy exact ENG_name match),approved,true,
Fiendish Resilience,subclassFeature,邪魔韌性,,5eclone.pingstudio.tw (legacy exact ENG_name match),approved,true,
Fighting Spirit,subclassFeature,戰鬥之魂,,5eclone.pingstudio.tw (legacy exact ENG_name match),approved,true,
Fighting Style,subclassFeature,戰鬥風格,,5eclone.pingstudio.tw (legacy exact ENG_name match),approved,true,
Flurry of Healing and Harm,subclassFeature,活殺自在,,5eclone.pingstudio.tw (legacy exact ENG_name match),approved,true,
Focused Conjuration,subclassFeature,咒法專注,,5eclone.pingstudio.tw (legacy exact ENG_name match),approved,true,
Forge Domain,subclassFeature,鍛造領域,,5eclone.pingstudio.tw (legacy exact ENG_name match),approved,true,
Form of Dread,subclassFeature,戰慄形態,,5eclone.pingstudio.tw (legacy exact ENG_name match),approved,true,
Form of the Beast,subclassFeature,野獸之形,,5eclone.pingstudio.tw (legacy exact ENG_name match),approved,true,
Forms of Your Astral Self,subclassFeature,你的星我形態,,5eclone.pingstudio.tw (legacy exact ENG_name match),approved,true,
Fortified Position,subclassFeature,堅固要塞,,5eclone.pingstudio.tw (legacy exact ENG_name match),approved,true,
Frenzy,subclassFeature,狂怒,,5eclone.pingstudio.tw (legacy exact ENG_name match),approved,true,
Full of Stars,subclassFeature,燦若繁星,,5eclone.pingstudio.tw (legacy exact ENG_name match),approved,true,
Fungal Body,subclassFeature,真菌身軀,,5eclone.pingstudio.tw (legacy exact ENG_name match),approved,true,
Fungal Infestation,subclassFeature,真菌感染,,5eclone.pingstudio.tw (legacy exact ENG_name match),approved,true,
Gathered Swarm,subclassFeature,蜂聚集羣,,5eclone.pingstudio.tw (legacy exact ENG_name match),approved,true,
Genie's Vessel,subclassFeature,巨靈器皿,,5eclone.pingstudio.tw (legacy exact ENG_name match),approved,true,
Genie's Wrath,subclassFeature,巨靈之怒,,5eclone.pingstudio.tw (legacy exact ENG_name match),approved,true,
Ghost Walk,subclassFeature,幽靈漫步,,5eclone.pingstudio.tw (legacy exact ENG_name match),approved,true,
Giant Killer,subclassFeature,巨人殺手,,5eclone.pingstudio.tw (legacy exact ENG_name match),approved,true,
Giant's Might,subclassFeature,巨人之力,,5eclone.pingstudio.tw (legacy exact ENG_name match),approved,true,
Gift of the Sea,subclassFeature,海洋饋贈,,5eclone.pingstudio.tw (legacy exact ENG_name match),approved,true,
Gloom Stalker,subclassFeature,幽域追蹤者,,5eclone.pingstudio.tw (legacy exact ENG_name match),approved,true,
Gloom Stalker Magic,subclassFeature,幽域追蹤者魔法,,5eclone.pingstudio.tw (legacy exact ENG_name match),approved,true,
Glorious Defense,subclassFeature,輝煌防禦,,5eclone.pingstudio.tw (legacy exact ENG_name match),approved,true,
Grasping Tentacles,subclassFeature,擒握觸手,,5eclone.pingstudio.tw (legacy exact ENG_name match),approved,true,
Grave Domain,subclassFeature,墳墓領域,,5eclone.pingstudio.tw (legacy exact ENG_name match),approved,true,
Grave Touched,subclassFeature,墳冢之觸,,5eclone.pingstudio.tw (legacy exact ENG_name match),approved,true,
Graviturgy Magic,subclassFeature,重力魔法,,5eclone.pingstudio.tw (legacy exact ENG_name match),approved,true,
Gravity Well,subclassFeature,重力井,,5eclone.pingstudio.tw (legacy exact ENG_name match),approved,true,
Great Stature,subclassFeature,奇偉身軀,,5eclone.pingstudio.tw (legacy exact ENG_name match),approved,true,
Greater Portent,subclassFeature,高等預兆,,5eclone.pingstudio.tw (legacy exact ENG_name match),approved,true,
Grim Harvest,subclassFeature,殘怖收割,,5eclone.pingstudio.tw (legacy exact ENG_name match),approved,true,
Guarded Mind,subclassFeature,意念守護,,5eclone.pingstudio.tw (legacy exact ENG_name match),approved,true,
Guardian,subclassFeature,守護者,,5eclone.pingstudio.tw (legacy exact ENG_name match),approved,true,
Guardian Coil,subclassFeature,守衛纏繞,,5eclone.pingstudio.tw (legacy exact ENG_name match),approved,true,
Guardian Spirit,subclassFeature,守護精魂,,5eclone.pingstudio.tw (legacy exact ENG_name match),approved,true,
Guiding Whispers,subclassFeature,指引低語,,5eclone.pingstudio.tw (legacy exact ENG_name match),approved,true,
Halo of Spores,subclassFeature,孢子光環,,5eclone.pingstudio.tw (legacy exact ENG_name match),approved,true,
Hand of Harm,subclassFeature,奪命之手,,5eclone.pingstudio.tw (legacy exact ENG_name match),approved,true,
Hand of Healing,subclassFeature,予命之手,,5eclone.pingstudio.tw (legacy exact ENG_name match),approved,true,
Hand of Ultimate Mercy,subclassFeature,命極之手,,5eclone.pingstudio.tw (legacy exact ENG_name match),approved,true,
Healing Light,subclassFeature,治癒之光,,5eclone.pingstudio.tw (legacy exact ENG_name match),approved,true,
Heart of the Storm,subclassFeature,暴風之心,,5eclone.pingstudio.tw (legacy exact ENG_name match),approved,true,
Hearth of Moonlight and Shadow,subclassFeature,月光與陰影之家,,5eclone.pingstudio.tw (legacy exact ENG_name match),approved,true,
Hex Warrior,subclassFeature,巫咒戰士,,5eclone.pingstudio.tw (legacy exact ENG_name match),approved,true,
Hexblade's Curse,subclassFeature,咒劍詛咒,,5eclone.pingstudio.tw (legacy exact ENG_name match),approved,true,
Hidden Paths,subclassFeature,隱匿通途,,5eclone.pingstudio.tw (legacy exact ENG_name match),approved,true,
Hold the Line,subclassFeature,堅守戰線,,5eclone.pingstudio.tw (legacy exact ENG_name match),approved,true,
Holy Nimbus,subclassFeature,神聖光輪,,5eclone.pingstudio.tw (legacy exact ENG_name match),approved,true,
Homing Strikes,subclassFeature,尋的攻擊,,5eclone.pingstudio.tw (legacy exact ENG_name match),approved,true,
Horde Breaker,subclassFeature,滅族者,,5eclone.pingstudio.tw (legacy exact ENG_name match),approved,true,
Horizon Walker,subclassFeature,境界行者,,5eclone.pingstudio.tw (legacy exact ENG_name match),approved,true,
Horizon Walker Magic,subclassFeature,境界行者魔法,,5eclone.pingstudio.tw (legacy exact ENG_name match),approved,true,
Hound of Ill Omen,subclassFeature,凶兆獵犬,,5eclone.pingstudio.tw (legacy exact ENG_name match),approved,true,
Hour of Reaping,subclassFeature,索命之時,,5eclone.pingstudio.tw (legacy exact ENG_name match),approved,true,
Hunter,subclassFeature,獵人,,5eclone.pingstudio.tw (legacy exact ENG_name match),approved,true,
Hunter's Prey,subclassFeature,狩者獵物,,5eclone.pingstudio.tw (legacy exact ENG_name match),approved,true,
Hunter's Sense,subclassFeature,獵人感知,,5eclone.pingstudio.tw (legacy exact ENG_name match),approved,true,
Hurl Through Hell,subclassFeature,直墮地獄,,5eclone.pingstudio.tw (legacy exact ENG_name match),approved,true,
Hypnotic Gaze,subclassFeature,催眠凝視,,5eclone.pingstudio.tw (legacy exact ENG_name match),approved,true,
Illusion Savant,subclassFeature,幻術學者,,5eclone.pingstudio.tw (legacy exact ENG_name match),approved,true,
Illusory Reality,subclassFeature,亦真亦幻,,5eclone.pingstudio.tw (legacy exact ENG_name match),approved,true,
Implement of Peace,subclassFeature,和平執行,,5eclone.pingstudio.tw (legacy exact ENG_name match),approved,true,
Implements of Mercy,subclassFeature,命流之器,,5eclone.pingstudio.tw (legacy exact ENG_name match),approved,true,
Impostor,subclassFeature,冒充者,,5eclone.pingstudio.tw (legacy exact ENG_name match),approved,true,
Improved Abjuration,subclassFeature,精通防護,,5eclone.pingstudio.tw (legacy exact ENG_name match),approved,true,
Improved Combat Superiority (d10),subclassFeature,精通戰鬥卓越(d10),,5eclone.pingstudio.tw (legacy exact ENG_name match),approved,true,
Improved Combat Superiority (d12),subclassFeature,精通戰鬥卓越(d12),,5eclone.pingstudio.tw (legacy exact ENG_name match),approved,true,
Improved Critical,subclassFeature,強化重擊,精通重擊,5eclone.pingstudio.tw (preferred candidate); project glossary alternatives,approved,true,User approved the first listed candidate; may revise later.
Improved Defender,subclassFeature,改良守衛,,5eclone.pingstudio.tw (legacy exact ENG_name match),approved,true,
Improved Duplicity,subclassFeature,強化假體,,5eclone.pingstudio.tw (legacy exact ENG_name match),approved,true,
Improved Flare,subclassFeature,強化閃耀,,5eclone.pingstudio.tw (legacy exact ENG_name match),approved,true,
Improved Minor Illusion,subclassFeature,精通次級幻象,,5eclone.pingstudio.tw (legacy exact ENG_name match),approved,true,
Improved Reaper,subclassFeature,精通收割者,,5eclone.pingstudio.tw (legacy exact ENG_name match),approved,true,
Improved War Magic,subclassFeature,精通戰爭魔法,,5eclone.pingstudio.tw (legacy exact ENG_name match),approved,true,
Indestructible Life,subclassFeature,不滅生命,,5eclone.pingstudio.tw (legacy exact ENG_name match),approved,true,
Inescapable Destruction,subclassFeature,命定毀傷,,5eclone.pingstudio.tw (legacy exact ENG_name match),approved,true,
Infectious Fury,subclassFeature,怒火侵蝕,,5eclone.pingstudio.tw (legacy exact ENG_name match),approved,true,
Infectious Inspiration,subclassFeature,啓悟傳播,,5eclone.pingstudio.tw (legacy exact ENG_name match),approved,true,
Infiltration Expertise,subclassFeature,專業滲透,,5eclone.pingstudio.tw (legacy exact ENG_name match),approved,true,
Infiltrator,subclassFeature,滲透者,,5eclone.pingstudio.tw (legacy exact ENG_name match),approved,true,
Inquisitive,subclassFeature,審訊者,,5eclone.pingstudio.tw (legacy exact ENG_name match),approved,true,
Insightful Fighting,subclassFeature,戰鬥洞察,,5eclone.pingstudio.tw (legacy exact ENG_name match),approved,true,
Insightful Manipulator,subclassFeature,洞察能手,,5eclone.pingstudio.tw (legacy exact ENG_name match),approved,true,
Inspiring Smite,subclassFeature,鼓舞一擊,,5eclone.pingstudio.tw (legacy exact ENG_name match),approved,true,
Inspiring Surge,subclassFeature,振奮之潮,,5eclone.pingstudio.tw (legacy exact ENG_name match),approved,true,
Instinctive Charm,subclassFeature,本能魅惑,,5eclone.pingstudio.tw (legacy exact ENG_name match),approved,true,
Intimidating Presence,subclassFeature,威懾之姿,,5eclone.pingstudio.tw (legacy exact ENG_name match),approved,true,
Intoxicated Frenzy,subclassFeature,酒瘋狂醉,,5eclone.pingstudio.tw (legacy exact ENG_name match),approved,true,
Inured to Undeath,subclassFeature,不死適應,,5eclone.pingstudio.tw (legacy exact ENG_name match),approved,true,
Invincible Conqueror,subclassFeature,無敵征服者,,5eclone.pingstudio.tw (legacy exact ENG_name match),approved,true,
Iron Mind,subclassFeature,鋼鐵心智,,5eclone.pingstudio.tw (legacy exact ENG_name match),approved,true,
Keeper of Souls,subclassFeature,守魂者,,5eclone.pingstudio.tw (legacy exact ENG_name match),approved,true,
Kensei's Shot,subclassFeature,劍聖神射,,5eclone.pingstudio.tw (legacy exact ENG_name match),approved,true,
Know Your Enemy,subclassFeature,知己知彼,,5eclone.pingstudio.tw (legacy exact ENG_name match),approved,true,
Knowledge Domain,subclassFeature,知識領域,,5eclone.pingstudio.tw (legacy exact ENG_name match),approved,true,
Knowledge Domain (PSA),subclassFeature,知識領域(PSA),,5eclone.pingstudio.tw (legacy exact ENG_name match),approved,true,
Land's Stride,subclassFeature,大地行者,,5eclone.pingstudio.tw (legacy exact ENG_name match),approved,true,
Leap to Your Feet,subclassFeature,鯉魚打挺,,5eclone.pingstudio.tw (legacy exact ENG_name match),approved,true,
Legion of One,subclassFeature,一人成軍,,5eclone.pingstudio.tw (legacy exact ENG_name match),approved,true,
Life Domain,subclassFeature,生命領域,,5eclone.pingstudio.tw (legacy exact ENG_name match),approved,true,
Light Domain,subclassFeature,光明領域,,5eclone.pingstudio.tw (legacy exact ENG_name match),approved,true,
Limited Wish,subclassFeature,有限許願術,,5eclone.pingstudio.tw (legacy exact ENG_name match),approved,true,
Living Legend,subclassFeature,現世傳說,,5eclone.pingstudio.tw (legacy exact ENG_name match),approved,true,
Mage Hand Legerdemain,subclassFeature,法師之手詐術,,5eclone.pingstudio.tw (legacy exact ENG_name match),approved,true,
Magic Arrow,subclassFeature,魔法箭矢,,5eclone.pingstudio.tw (legacy exact ENG_name match),approved,true,
Magic Awareness,subclassFeature,察覺魔法,,5eclone.pingstudio.tw (legacy exact ENG_name match),approved,true,
Magic-User's Nemesis,subclassFeature,魔法剋星,,5eclone.pingstudio.tw (legacy exact ENG_name match),approved,true,
Magical Ambush,subclassFeature,魔法伏擊,,5eclone.pingstudio.tw (legacy exact ENG_name match),approved,true,
Malleable Illusions,subclassFeature,可塑幻象,,5eclone.pingstudio.tw (legacy exact ENG_name match),approved,true,
Maneuver Options,subclassFeature,戰技選項,,5eclone.pingstudio.tw (legacy exact ENG_name match),approved,true,
Maneuvers,subclassFeature,戰技,,5eclone.pingstudio.tw (legacy exact ENG_name match),approved,true,
Manifest Echo,subclassFeature,顯現迴音,,5eclone.pingstudio.tw (legacy exact ENG_name match),approved,true,
Manifest Mind,subclassFeature,神識顯現,,5eclone.pingstudio.tw (legacy exact ENG_name match),approved,true,
Mantle of Inspiration,subclassFeature,激勵光環,,5eclone.pingstudio.tw (legacy exact ENG_name match),approved,true,
Mantle of Majesty,subclassFeature,威嚴光環,,5eclone.pingstudio.tw (legacy exact ENG_name match),approved,true,
Mantle of Whispers,subclassFeature,低語斗篷,,5eclone.pingstudio.tw (legacy exact ENG_name match),approved,true,
Master Duelist,subclassFeature,決鬥大師,,5eclone.pingstudio.tw (legacy exact ENG_name match),approved,true,
Master of Hexes,subclassFeature,巫咒大師,,5eclone.pingstudio.tw (legacy exact ENG_name match),approved,true,
Master of Intrigue,subclassFeature,陰謀大師,,5eclone.pingstudio.tw (legacy exact ENG_name match),approved,true,
Master of Nature,subclassFeature,自然之主,,5eclone.pingstudio.tw (legacy exact ENG_name match),approved,true,
Master of Runes,subclassFeature,符文大師,,5eclone.pingstudio.tw (legacy exact ENG_name match),approved,true,
Master of Tactics,subclassFeature,戰術大師,,5eclone.pingstudio.tw (legacy exact ENG_name match),approved,true,
Master Scrivener,subclassFeature,書士宗師,,5eclone.pingstudio.tw (legacy exact ENG_name match),approved,true,
Master Transmuter,subclassFeature,變化宗師,,5eclone.pingstudio.tw (legacy exact ENG_name match),approved,true,
Master's Flourish,subclassFeature,劍舞大師,,5eclone.pingstudio.tw (legacy exact ENG_name match),approved,true,
Mastermind,subclassFeature,策士,,5eclone.pingstudio.tw (legacy exact ENG_name match),approved,true,
Mastery of Death,subclassFeature,掌握生死,,5eclone.pingstudio.tw (legacy exact ENG_name match),approved,true,
Mighty Summoner,subclassFeature,強力召喚者,,5eclone.pingstudio.tw (legacy exact ENG_name match),approved,true,
Mighty Swarm,subclassFeature,壯大集羣,,5eclone.pingstudio.tw (legacy exact ENG_name match),approved,true,
Mindless Rage,subclassFeature,無我狂暴,,5eclone.pingstudio.tw (legacy exact ENG_name match),approved,true,
Minor Alchemy,subclassFeature,次級鍊金,,5eclone.pingstudio.tw (legacy exact ENG_name match),approved,true,
Minor Conjuration,subclassFeature,次級咒喚,,5eclone.pingstudio.tw (legacy exact ENG_name match),approved,true,
Misdirection,subclassFeature,誤導攻擊,,5eclone.pingstudio.tw (legacy exact ENG_name match),approved,true,
Misty Escape,subclassFeature,霧遁,,5eclone.pingstudio.tw (legacy exact ENG_name match),approved,true,
Misty Wanderer,subclassFeature,霧行漫遊,,5eclone.pingstudio.tw (legacy exact ENG_name match),approved,true,
Mobile Flourish,subclassFeature,靈活劍舞,,5eclone.pingstudio.tw (legacy exact ENG_name match),approved,true,
Momentary Stasis,subclassFeature,瞬時靜止,,5eclone.pingstudio.tw (legacy exact ENG_name match),approved,true,
Monster Slayer,subclassFeature,怪物殺手,,5eclone.pingstudio.tw (legacy exact ENG_name match),approved,true,
Monster Slayer Magic,subclassFeature,怪物殺手魔法,,5eclone.pingstudio.tw (legacy exact ENG_name match),approved,true,
Mortal Bulwark,subclassFeature,塵世壁壘,,5eclone.pingstudio.tw (legacy exact ENG_name match),approved,true,
Mote of Potential,subclassFeature,潛能微塵,,5eclone.pingstudio.tw (legacy exact ENG_name match),approved,true,
Multiattack,subclassFeature,多重攻擊,,5eclone.pingstudio.tw (legacy exact ENG_name match),approved,true,
Multiattack Defense,subclassFeature,防禦多重攻擊,,5eclone.pingstudio.tw (legacy exact ENG_name match),approved,true,
Natural Recovery,subclassFeature,自然恢復,,5eclone.pingstudio.tw (legacy exact ENG_name match),approved,true,
Nature Domain,subclassFeature,自然領域,,5eclone.pingstudio.tw (legacy exact ENG_name match),approved,true,
Nature's Sanctuary,subclassFeature,自然庇護,,5eclone.pingstudio.tw (legacy exact ENG_name match),approved,true,
Nature's Ward,subclassFeature,自然之護,,5eclone.pingstudio.tw (legacy exact ENG_name match),approved,true,
Necromancy Savant,subclassFeature,死靈學者,,5eclone.pingstudio.tw (legacy exact ENG_name match),approved,true,
Necrotic Husk,subclassFeature,死疽軀殼,,5eclone.pingstudio.tw (legacy exact ENG_name match),approved,true,
Oath of Conquest,subclassFeature,征服之誓,,5eclone.pingstudio.tw (legacy exact ENG_name match),approved,true,
Oath of Devotion,subclassFeature,奉獻之誓,,5eclone.pingstudio.tw (legacy exact ENG_name match),approved,true,
Oath of Glory,subclassFeature,榮耀之誓,,5eclone.pingstudio.tw (legacy exact ENG_name match),approved,true,
Oath of Redemption,subclassFeature,救贖之誓,,5eclone.pingstudio.tw (legacy exact ENG_name match),approved,true,
Oath of the Ancients,subclassFeature,遠古之誓,,5eclone.pingstudio.tw (legacy exact ENG_name match),approved,true,
Oath of the Crown,subclassFeature,王冠之誓,,5eclone.pingstudio.tw (legacy exact ENG_name match),approved,true,
Oath of the Watchers,subclassFeature,守望之誓,,5eclone.pingstudio.tw (legacy exact ENG_name match),approved,true,
Oath of Vengeance,subclassFeature,復仇之誓,,5eclone.pingstudio.tw (legacy exact ENG_name match),approved,true,
Oath Spells,subclassFeature,聖誓法術,,5eclone.pingstudio.tw (legacy exact ENG_name match),approved,true,
Oathbreaker,subclassFeature,破誓者,,5eclone.pingstudio.tw (legacy exact ENG_name match),approved,true,
Oathbreaker Spells,subclassFeature,破誓者法術,,5eclone.pingstudio.tw (legacy exact ENG_name match),approved,true,
Oceanic Soul,subclassFeature,海淵魂靈,,5eclone.pingstudio.tw (legacy exact ENG_name match),approved,true,
One with the Blade,subclassFeature,人劍合一,,5eclone.pingstudio.tw (legacy exact ENG_name match),approved,true,
One with the Word,subclassFeature,書人合一,,5eclone.pingstudio.tw (legacy exact ENG_name match),approved,true,
Open Hand Technique,subclassFeature,散打技巧,,5eclone.pingstudio.tw (legacy exact ENG_name match),approved,true,
Opportunist,subclassFeature,趁人之危,,5eclone.pingstudio.tw (legacy exact ENG_name match),approved,true,
Order Domain,subclassFeature,秩序領域,,5eclone.pingstudio.tw (legacy exact ENG_name match),approved,true,
Order of Scribes,subclassFeature,書士會,,5eclone.pingstudio.tw (legacy exact ENG_name match),approved,true,
Order's Wrath,subclassFeature,秩序之怒,,5eclone.pingstudio.tw (legacy exact ENG_name match),approved,true,
Otherworldly Glamour,subclassFeature,妖冶嫺都,,5eclone.pingstudio.tw (legacy exact ENG_name match),approved,true,
Otherworldly Wings,subclassFeature,超凡之翼,,5eclone.pingstudio.tw (legacy exact ENG_name match),approved,true,
Overchannel,subclassFeature,重載導魔,,5eclone.pingstudio.tw (legacy exact ENG_name match),approved,true,
Panache,subclassFeature,瀟灑氣質,,5eclone.pingstudio.tw (legacy exact ENG_name match),approved,true,
Path of the Ancestral Guardian,subclassFeature,先祖守衛道途,,5eclone.pingstudio.tw (legacy exact ENG_name match),approved,true,
Path of the Battlerager,subclassFeature,戰狂道途,,5eclone.pingstudio.tw (legacy exact ENG_name match),approved,true,
Path of the Beast,subclassFeature,野獸道途,,5eclone.pingstudio.tw (legacy exact ENG_name match),approved,true,
Path of the Berserker,subclassFeature,狂戰士道途,,5eclone.pingstudio.tw (legacy exact ENG_name match),approved,true,
Path of the Kensei,subclassFeature,劍聖之途,,5eclone.pingstudio.tw (legacy exact ENG_name match),approved,true,
Path of the Storm Herald,subclassFeature,風暴先驅道途,,5eclone.pingstudio.tw (legacy exact ENG_name match),approved,true,
Path of the Totem Warrior,subclassFeature,圖騰勇士道途,,5eclone.pingstudio.tw (legacy exact ENG_name match),approved,true,
Path of the Zealot,subclassFeature,狂熱者道途,,5eclone.pingstudio.tw (legacy exact ENG_name match),approved,true,
Path of Wild Magic,subclassFeature,狂野魔法道途,,5eclone.pingstudio.tw (legacy exact ENG_name match),approved,true,
Peace Domain,subclassFeature,和平領域,,5eclone.pingstudio.tw (legacy exact ENG_name match),approved,true,
Peerless Athlete,subclassFeature,絕倫健將,,5eclone.pingstudio.tw (legacy exact ENG_name match),approved,true,
Peerless Skill,subclassFeature,絕代技能,,5eclone.pingstudio.tw (legacy exact ENG_name match),approved,true,
Perfected Armor,subclassFeature,完美裝甲,,5eclone.pingstudio.tw (legacy exact ENG_name match),approved,true,
Performance of Creation,subclassFeature,造物表演,,5eclone.pingstudio.tw (legacy exact ENG_name match),approved,true,
Phantom,subclassFeature,鬼魅,,5eclone.pingstudio.tw (legacy exact ENG_name match),approved,true,
Physician's Touch,subclassFeature,生死之觸,,5eclone.pingstudio.tw (legacy exact ENG_name match),approved,true,
Planar Warrior,subclassFeature,位面戰士,,5eclone.pingstudio.tw (legacy exact ENG_name match),approved,true,
Portent,subclassFeature,預兆,,5eclone.pingstudio.tw (legacy exact ENG_name match),approved,true,
Potent Cantrip,subclassFeature,強力戲法,,5eclone.pingstudio.tw (legacy exact ENG_name match),approved,true,
Potent Spellcasting,subclassFeature,強力施法,,5eclone.pingstudio.tw (legacy exact ENG_name match),approved,true,
Power Surge,subclassFeature,力量涌動,,5eclone.pingstudio.tw (legacy exact ENG_name match),approved,true,
Primal Companion,subclassFeature,原初動物夥伴,,5eclone.pingstudio.tw (legacy exact ENG_name match),approved,true,
Primal Strike,subclassFeature,原初打擊,,5eclone.pingstudio.tw (legacy exact ENG_name match),approved,true,
Projected Ward,subclassFeature,投射防護,,5eclone.pingstudio.tw (legacy exact ENG_name match),approved,true,
Protective Bond,subclassFeature,保護聯結,,5eclone.pingstudio.tw (legacy exact ENG_name match),approved,true,
Protective Field,subclassFeature,庇護力場,,5eclone.pingstudio.tw (legacy exact ENG_name match),approved,true,
Protective Spirit,subclassFeature,守護之魂,,5eclone.pingstudio.tw (legacy exact ENG_name match),approved,true,
Psi Warrior,subclassFeature,靈能武士,,5eclone.pingstudio.tw (legacy exact ENG_name match),approved,true,
Psi-Bolstered Knack,subclassFeature,靈能訣竅,,5eclone.pingstudio.tw (legacy exact ENG_name match),approved,true,
Psionic Power,subclassFeature,靈能力量,靈能天賦,5eclone.pingstudio.tw (preferred candidate); project glossary alternatives,approved,true,User approved the first listed candidate; may revise later.
Psionic Sorcery,subclassFeature,靈能術法,,5eclone.pingstudio.tw (legacy exact ENG_name match),approved,true,
Psionic Spells,subclassFeature,靈能法術,,5eclone.pingstudio.tw (legacy exact ENG_name match),approved,true,
Psionic Strike,subclassFeature,靈能擊打,,5eclone.pingstudio.tw (legacy exact ENG_name match),approved,true,
Psychic Blades,subclassFeature,念刃,精神之刃,5eclone.pingstudio.tw (preferred candidate); project glossary alternatives,approved,true,User approved the first listed candidate; may revise later.
Psychic Defenses,subclassFeature,心靈防禦,,5eclone.pingstudio.tw (legacy exact ENG_name match),approved,true,
Psychic Teleportation,subclassFeature,心靈傳送,,5eclone.pingstudio.tw (legacy exact ENG_name match),approved,true,
Psychic Veil,subclassFeature,靈能面紗,,5eclone.pingstudio.tw (legacy exact ENG_name match),approved,true,
Psychic Whispers,subclassFeature,心靈低語,,5eclone.pingstudio.tw (legacy exact ENG_name match),approved,true,
Purity of Spirit,subclassFeature,純淨之魂,,5eclone.pingstudio.tw (legacy exact ENG_name match),approved,true,
Purple Dragon Knight (Banneret),subclassFeature,紫龍騎士（旗將）,,5eclone.pingstudio.tw (legacy exact ENG_name match),approved,true,
Quivering Palm,subclassFeature,震顫掌,,5eclone.pingstudio.tw (legacy exact ENG_name match),approved,true,
Radiant Soul,subclassFeature,光輝之魂,,5eclone.pingstudio.tw (legacy exact ENG_name match),approved,true,
Radiant Sun Bolt,subclassFeature,日光箭,,5eclone.pingstudio.tw (legacy exact ENG_name match),approved,true,
Rage beyond Death,subclassFeature,怒不畏死,,5eclone.pingstudio.tw (legacy exact ENG_name match),approved,true,
Raging Storm,subclassFeature,狂怒風暴,,5eclone.pingstudio.tw (legacy exact ENG_name match),approved,true,
Rakish Audacity,subclassFeature,放蕩無畏,,5eclone.pingstudio.tw (legacy exact ENG_name match),approved,true,
Rallying Cry,subclassFeature,鼓舞戰吼,,5eclone.pingstudio.tw (legacy exact ENG_name match),approved,true,
Ranger's Companion,subclassFeature,遊俠動物夥伴,,5eclone.pingstudio.tw (legacy exact ENG_name match),approved,true,
Rapid Strike,subclassFeature,迅捷打擊,,5eclone.pingstudio.tw (legacy exact ENG_name match),approved,true,
Reaper,subclassFeature,收割者,,5eclone.pingstudio.tw (legacy exact ENG_name match),approved,true,
Reckless Abandon,subclassFeature,魯莽放蕩,,5eclone.pingstudio.tw (legacy exact ENG_name match),approved,true,
Reclaim Potential,subclassFeature,回收潛能,,5eclone.pingstudio.tw (legacy exact ENG_name match),approved,true,
Redirect Attack,subclassFeature,借力打力,,5eclone.pingstudio.tw (legacy exact ENG_name match),approved,true,
Relentless,subclassFeature,頑強,,5eclone.pingstudio.tw (legacy exact ENG_name match),approved,true,
Relentless Avenger,subclassFeature,無盡復仇,,5eclone.pingstudio.tw (legacy exact ENG_name match),approved,true,
Remarkable Athlete,subclassFeature,運動健將,,5eclone.pingstudio.tw (legacy exact ENG_name match),approved,true,
Rend Mind,subclassFeature,撕裂心智,,5eclone.pingstudio.tw (legacy exact ENG_name match),approved,true,
Restorative Reagents,subclassFeature,復原藥劑,,5eclone.pingstudio.tw (legacy exact ENG_name match),approved,true,
Restore Balance,subclassFeature,歸復平衡,,5eclone.pingstudio.tw (legacy exact ENG_name match),approved,true,
Restriction: Knighthood,subclassFeature,限制：騎士爵位,,5eclone.pingstudio.tw (legacy exact ENG_name match),approved,true,
Retaliation,subclassFeature,復仇,,5eclone.pingstudio.tw (legacy exact ENG_name match),approved,true,
Revelation in Flesh,subclassFeature,血肉啓示,,5eclone.pingstudio.tw (legacy exact ENG_name match),approved,true,
Royal Envoy,subclassFeature,皇家特使,,5eclone.pingstudio.tw (legacy exact ENG_name match),approved,true,
Rune Carver,subclassFeature,符文雕刻者,,5eclone.pingstudio.tw (legacy exact ENG_name match),approved,true,
Rune Knight,subclassFeature,符文騎士,,5eclone.pingstudio.tw (legacy exact ENG_name match),approved,true,
Runic Juggernaut,subclassFeature,符文主宰,,5eclone.pingstudio.tw (legacy exact ENG_name match),approved,true,
Runic Shield,subclassFeature,符文之盾,,5eclone.pingstudio.tw (legacy exact ENG_name match),approved,true,
Saint of Forge and Fire,subclassFeature,火與鋼的聖徒,,5eclone.pingstudio.tw (legacy exact ENG_name match),approved,true,
Samurai,subclassFeature,武士,,5eclone.pingstudio.tw (legacy exact ENG_name match),approved,true,
Sanctuary Vessel,subclassFeature,器皿庇護所,,5eclone.pingstudio.tw (legacy exact ENG_name match),approved,true,
School of Abjuration,subclassFeature,防護學派,,5eclone.pingstudio.tw (legacy exact ENG_name match),approved,true,
School of Conjuration,subclassFeature,咒法學派,,5eclone.pingstudio.tw (legacy exact ENG_name match),approved,true,
School of Divination,subclassFeature,預言學派,,5eclone.pingstudio.tw (legacy exact ENG_name match),approved,true,
School of Enchantment,subclassFeature,惑控學派,,5eclone.pingstudio.tw (legacy exact ENG_name match),approved,true,
School of Evocation,subclassFeature,塑能學派,,5eclone.pingstudio.tw (legacy exact ENG_name match),approved,true,
School of Illusion,subclassFeature,幻術學派,,5eclone.pingstudio.tw (legacy exact ENG_name match),approved,true,
School of Necromancy,subclassFeature,死靈學派,,5eclone.pingstudio.tw (legacy exact ENG_name match),approved,true,
School of Transmutation,subclassFeature,變化學派,,5eclone.pingstudio.tw (legacy exact ENG_name match),approved,true,
Scornful Rebuke,subclassFeature,輕蔑斥喝,,5eclone.pingstudio.tw (legacy exact ENG_name match),approved,true,
Scout,subclassFeature,斥侯,,5eclone.pingstudio.tw (legacy exact ENG_name match),approved,true,
Sculpt Spells,subclassFeature,形塑法術,,5eclone.pingstudio.tw (legacy exact ENG_name match),approved,true,
Sea,subclassFeature,海洋,,5eclone.pingstudio.tw (legacy exact ENG_name match),approved,true,
Searing Arc Strike,subclassFeature,熱弧襲,,5eclone.pingstudio.tw (legacy exact ENG_name match),approved,true,
Searing Sunburst,subclassFeature,熾熱爆陽,,5eclone.pingstudio.tw (legacy exact ENG_name match),approved,true,
Searing Vengeance,subclassFeature,灼光復仇,,5eclone.pingstudio.tw (legacy exact ENG_name match),approved,true,
Second-Story Work,subclassFeature,樑上君子,,5eclone.pingstudio.tw (legacy exact ENG_name match),approved,true,
Sentinel at Death's Door,subclassFeature,死之門的哨衛,,5eclone.pingstudio.tw (legacy exact ENG_name match),approved,true,
Shadow Arts,subclassFeature,影之技藝,,5eclone.pingstudio.tw (legacy exact ENG_name match),approved,true,
Shadow Lore,subclassFeature,陰影學識,,5eclone.pingstudio.tw (legacy exact ENG_name match),approved,true,
Shadow Magic,subclassFeature,幽影魔法,,5eclone.pingstudio.tw (legacy exact ENG_name match),approved,true,
Shadow Martyr,subclassFeature,陰影殉道者,,5eclone.pingstudio.tw (legacy exact ENG_name match),approved,true,
Shadow Step,subclassFeature,暗影步,,5eclone.pingstudio.tw (legacy exact ENG_name match),approved,true,
Shadow Walk,subclassFeature,幽影漫步,,5eclone.pingstudio.tw (legacy exact ENG_name match),approved,true,
Shadowy Dodge,subclassFeature,暗影閃避,,5eclone.pingstudio.tw (legacy exact ENG_name match),approved,true,
Shapechanger,subclassFeature,變形者,,5eclone.pingstudio.tw (legacy exact ENG_name match),approved,true,
Share Spells,subclassFeature,法術共享,,5eclone.pingstudio.tw (legacy exact ENG_name match),approved,true,
Sharpen the Blade,subclassFeature,鋒銳劍刃,,5eclone.pingstudio.tw (legacy exact ENG_name match),approved,true,
Shielding Storm,subclassFeature,護盾風暴,,5eclone.pingstudio.tw (legacy exact ENG_name match),approved,true,
Silver Tongue,subclassFeature,巧舌如簧,,5eclone.pingstudio.tw (legacy exact ENG_name match),approved,true,
Skirmisher,subclassFeature,散兵戰術,,5eclone.pingstudio.tw (legacy exact ENG_name match),approved,true,
Slashing Flourish,subclassFeature,順劈劍舞,,5eclone.pingstudio.tw (legacy exact ENG_name match),approved,true,
Slayer's Counter,subclassFeature,殺手反制,,5eclone.pingstudio.tw (legacy exact ENG_name match),approved,true,
Slayer's Prey,subclassFeature,殺手獵物,,5eclone.pingstudio.tw (legacy exact ENG_name match),approved,true,
Song of Defense,subclassFeature,守禦之歌,,5eclone.pingstudio.tw (legacy exact ENG_name match),approved,true,
Song of Victory,subclassFeature,勝利之歌,,5eclone.pingstudio.tw (legacy exact ENG_name match),approved,true,
Soul Blades,subclassFeature,靈魂之刃,,5eclone.pingstudio.tw (legacy exact ENG_name match),approved,true,
Soul of Deceit,subclassFeature,欺瞞之魂,,5eclone.pingstudio.tw (legacy exact ENG_name match),approved,true,
Soul of the Forge,subclassFeature,鍛造之魂,,5eclone.pingstudio.tw (legacy exact ENG_name match),approved,true,
Soul of Vengeance,subclassFeature,報復之魂,,5eclone.pingstudio.tw (legacy exact ENG_name match),approved,true,
Soulknife,subclassFeature,魂刃,,5eclone.pingstudio.tw (legacy exact ENG_name match),approved,true,
Spectral Defense,subclassFeature,虛體防禦,,5eclone.pingstudio.tw (legacy exact ENG_name match),approved,true,
Speech of the Woods,subclassFeature,林地之語,,5eclone.pingstudio.tw (legacy exact ENG_name match),approved,true,
Spell Bombardment,subclassFeature,法術轟擊,,5eclone.pingstudio.tw (legacy exact ENG_name match),approved,true,
Spell Breaker,subclassFeature,法術破壞者,,5eclone.pingstudio.tw (legacy exact ENG_name match),approved,true,
Spell Resistance,subclassFeature,法術抗性,,5eclone.pingstudio.tw (legacy exact ENG_name match),approved,true,
Spell Thief,subclassFeature,法術竊賊,,5eclone.pingstudio.tw (legacy exact ENG_name match),approved,true,
Spellcasting,subclassFeature,施法,,5eclone.pingstudio.tw (legacy exact ENG_name match),approved,true,
Spiked Retribution,subclassFeature,尖刺反擊,,5eclone.pingstudio.tw (legacy exact ENG_name match),approved,true,
Spirit Projection,subclassFeature,靈魂投射,,5eclone.pingstudio.tw (legacy exact ENG_name match),approved,true,
Spirit Seeker,subclassFeature,精魂尋訪者,,5eclone.pingstudio.tw (legacy exact ENG_name match),approved,true,
Spirit Shield,subclassFeature,精魂之盾,,5eclone.pingstudio.tw (legacy exact ENG_name match),approved,true,
Spirit Totem,subclassFeature,精魂圖騰,,5eclone.pingstudio.tw (legacy exact ENG_name match),approved,true,
Spirit Walker,subclassFeature,精魂行者,,5eclone.pingstudio.tw (legacy exact ENG_name match),approved,true,
Spiritual Focus,subclassFeature,靈魂法器,,5eclone.pingstudio.tw (legacy exact ENG_name match),approved,true,
Split Enchantment,subclassFeature,分散惑控,,5eclone.pingstudio.tw (legacy exact ENG_name match),approved,true,
Spreading Spores,subclassFeature,散佈孢子,,5eclone.pingstudio.tw (legacy exact ENG_name match),approved,true,
Stalker's Flurry,subclassFeature,追獵如風,,5eclone.pingstudio.tw (legacy exact ENG_name match),approved,true,
Stand Against the Tide,subclassFeature,逆潮而立,,5eclone.pingstudio.tw (legacy exact ENG_name match),approved,true,
Star Map,subclassFeature,星圖,,5eclone.pingstudio.tw (legacy exact ENG_name match),approved,true,
Starry Form,subclassFeature,星耀形態,,5eclone.pingstudio.tw (legacy exact ENG_name match),approved,true,
Steady Eye,subclassFeature,穩定之眼,,5eclone.pingstudio.tw (legacy exact ENG_name match),approved,true,
Steel Defender,subclassFeature,鋼鐵守衛,,5eclone.pingstudio.tw (legacy exact ENG_name match),approved,true,
Steel Will,subclassFeature,鋼鐵意志,,5eclone.pingstudio.tw (legacy exact ENG_name match),approved,true,
Steps of Night,subclassFeature,午夜飛步,,5eclone.pingstudio.tw (legacy exact ENG_name match),approved,true,
Storm Aura,subclassFeature,風暴靈光,,5eclone.pingstudio.tw (legacy exact ENG_name match),approved,true,
Storm Guide,subclassFeature,暴風導向,,5eclone.pingstudio.tw (legacy exact ENG_name match),approved,true,
Storm Sorcery,subclassFeature,暴風術法,,5eclone.pingstudio.tw (legacy exact ENG_name match),approved,true,
Storm Soul,subclassFeature,風暴之魂,,5eclone.pingstudio.tw (legacy exact ENG_name match),approved,true,
Storm's Fury,subclassFeature,暴風狂怒,,5eclone.pingstudio.tw (legacy exact ENG_name match),approved,true,
Stormborn,subclassFeature,風暴之子,,5eclone.pingstudio.tw (legacy exact ENG_name match),approved,true,
Strength before Death,subclassFeature,迴光返照,,5eclone.pingstudio.tw (legacy exact ENG_name match),approved,true,
Strength of the Grave,subclassFeature,終焉之力,,5eclone.pingstudio.tw (legacy exact ENG_name match),approved,true,
Student of War,subclassFeature,戰爭學徒,,5eclone.pingstudio.tw (legacy exact ENG_name match),approved,true,
Sudden Strike,subclassFeature,突發猛擊,,5eclone.pingstudio.tw (legacy exact ENG_name match),approved,true,
Summon Wildfire Spirit,subclassFeature,召喚野火精魄,,5eclone.pingstudio.tw (legacy exact ENG_name match),approved,true,
Sun Shield,subclassFeature,輝日護盾,,5eclone.pingstudio.tw (legacy exact ENG_name match),approved,true,
Superior Critical,subclassFeature,卓越重擊,,5eclone.pingstudio.tw (legacy exact ENG_name match),approved,true,
Superior Hunter's Defense,subclassFeature,卓越獵人防禦,,5eclone.pingstudio.tw (legacy exact ENG_name match),approved,true,
Superior Mobility,subclassFeature,優越機動,,5eclone.pingstudio.tw (legacy exact ENG_name match),approved,true,
Supernatural Defense,subclassFeature,超常防禦,,5eclone.pingstudio.tw (legacy exact ENG_name match),approved,true,
Supernatural Resistance,subclassFeature,超然抗性,,5eclone.pingstudio.tw (legacy exact ENG_name match),approved,true,
Supreme Healing,subclassFeature,極效治療,,5eclone.pingstudio.tw (legacy exact ENG_name match),approved,true,
Supreme Sneak,subclassFeature,卓越潛行,,5eclone.pingstudio.tw (legacy exact ENG_name match),approved,true,
Survivalist,subclassFeature,求生專家,,5eclone.pingstudio.tw (legacy exact ENG_name match),approved,true,
Survivor,subclassFeature,生還者,,5eclone.pingstudio.tw (legacy exact ENG_name match),approved,true,
Swarming Dispersal,subclassFeature,羣逸逃散,,5eclone.pingstudio.tw (legacy exact ENG_name match),approved,true,
Swarmkeeper,subclassFeature,集羣守衛,,5eclone.pingstudio.tw (legacy exact ENG_name match),approved,true,
Swarmkeeper Magic,subclassFeature,集羣守衛魔法,,5eclone.pingstudio.tw (legacy exact ENG_name match),approved,true,
Swashbuckler,subclassFeature,風流劍客,,5eclone.pingstudio.tw (legacy exact ENG_name match),approved,true,
Symbiotic Entity,subclassFeature,共生實體,,5eclone.pingstudio.tw (legacy exact ENG_name match),approved,true,
Tactical Wit,subclassFeature,戰術思維,,5eclone.pingstudio.tw (legacy exact ENG_name match),approved,true,
Tales from Beyond,subclassFeature,先世傳說,,5eclone.pingstudio.tw (legacy exact ENG_name match),approved,true,
Telekinetic Adept,subclassFeature,念力擅長,,5eclone.pingstudio.tw (legacy exact ENG_name match),approved,true,
Telekinetic Master,subclassFeature,念力宗師,,5eclone.pingstudio.tw (legacy exact ENG_name match),approved,true,
Telekinetic Movement,subclassFeature,念力控物,,5eclone.pingstudio.tw (legacy exact ENG_name match),approved,true,
Telepathic Speech,subclassFeature,傳心談話,,5eclone.pingstudio.tw (legacy exact ENG_name match),approved,true,
Tempest Domain,subclassFeature,暴風領域,,5eclone.pingstudio.tw (legacy exact ENG_name match),approved,true,
Tempestuous Magic,subclassFeature,風暴魔法,,5eclone.pingstudio.tw (legacy exact ENG_name match),approved,true,
Temporal Awareness,subclassFeature,現世感知,,5eclone.pingstudio.tw (legacy exact ENG_name match),approved,true,
Tenets of Conquest,subclassFeature,征服之信條,,5eclone.pingstudio.tw (legacy exact ENG_name match),approved,true,
Tenets of Devotion,subclassFeature,奉獻之信條,,5eclone.pingstudio.tw (legacy exact ENG_name match),approved,true,
Tenets of Glory,subclassFeature,榮耀之信條,,5eclone.pingstudio.tw (legacy exact ENG_name match),approved,true,
Tenets of Redemption,subclassFeature,救贖之信條,,5eclone.pingstudio.tw (legacy exact ENG_name match),approved,true,
Tenets of the Ancients,subclassFeature,遠古之信條,,5eclone.pingstudio.tw (legacy exact ENG_name match),approved,true,
Tenets of the Crown,subclassFeature,王冠之信條,,5eclone.pingstudio.tw (legacy exact ENG_name match),approved,true,
Tenets of the Watchers,subclassFeature,守望之信條,,5eclone.pingstudio.tw (legacy exact ENG_name match),approved,true,
Tenets of Vengeance,subclassFeature,復仇之信條,,5eclone.pingstudio.tw (legacy exact ENG_name match),approved,true,
Tentacle of the Deeps,subclassFeature,深海觸手,,5eclone.pingstudio.tw (legacy exact ENG_name match),approved,true,
The Archfey,subclassFeature,至高妖精,,5eclone.pingstudio.tw (legacy exact ENG_name match),approved,true,
The Celestial,subclassFeature,天界宗主,,5eclone.pingstudio.tw (legacy exact ENG_name match),approved,true,
The Fathomless,subclassFeature,深海意志,,5eclone.pingstudio.tw (legacy exact ENG_name match),approved,true,
The Fiend,subclassFeature,邪魔宗主,,5eclone.pingstudio.tw (legacy exact ENG_name match),approved,true,
The Genie,subclassFeature,巨靈宗主,,5eclone.pingstudio.tw (legacy exact ENG_name match),approved,true,
The Great Old One,subclassFeature,舊日支配者,,5eclone.pingstudio.tw (legacy exact ENG_name match),approved,true,
The Hexblade,subclassFeature,咒劍士,,5eclone.pingstudio.tw (legacy exact ENG_name match),approved,true,
The Third Eye,subclassFeature,天眼通,,5eclone.pingstudio.tw (legacy exact ENG_name match),approved,true,
The Undead,subclassFeature,死靈宗主,,5eclone.pingstudio.tw (legacy exact ENG_name match),approved,true,
The Undying,subclassFeature,​不朽者,,5eclone.pingstudio.tw (legacy exact ENG_name match),approved,true,
Thief,subclassFeature,竊賊,,5eclone.pingstudio.tw (legacy exact ENG_name match),approved,true,
Thief's Reflexes,subclassFeature,竊賊反射,,5eclone.pingstudio.tw (legacy exact ENG_name match),approved,true,
Thought Shield,subclassFeature,思想護盾,,5eclone.pingstudio.tw (legacy exact ENG_name match),approved,true,
Thousand Forms,subclassFeature,千面相,,5eclone.pingstudio.tw (legacy exact ENG_name match),approved,true,
Thunderbolt Strike,subclassFeature,雷電猛擊,,5eclone.pingstudio.tw (legacy exact ENG_name match),approved,true,
Tides of Chaos,subclassFeature,混亂之潮,,5eclone.pingstudio.tw (legacy exact ENG_name match),approved,true,
Tiger,subclassFeature,虎,,5eclone.pingstudio.tw (legacy exact ENG_name match),approved,true,
Tipsy Sway,subclassFeature,微醺搖擺,,5eclone.pingstudio.tw (legacy exact ENG_name match),approved,true,
Tireless Spirit,subclassFeature,不懈戰魂,,5eclone.pingstudio.tw (legacy exact ENG_name match),approved,true,
Tokens of the Departed,subclassFeature,逝者遺物,,5eclone.pingstudio.tw (legacy exact ENG_name match),approved,true,
Tool Proficiency,subclassFeature,本職工具,,5eclone.pingstudio.tw (legacy exact ENG_name match),approved,true,
Tools of the Trade,subclassFeature,本職工具,,5eclone.pingstudio.tw (legacy exact ENG_name match),approved,true,
Totem Spirit,subclassFeature,圖騰精魂,,5eclone.pingstudio.tw (legacy exact ENG_name match),approved,true,
Totemic Attunement,subclassFeature,圖騰調律,,5eclone.pingstudio.tw (legacy exact ENG_name match),approved,true,
Touch of Death,subclassFeature,死之觸,,5eclone.pingstudio.tw (legacy exact ENG_name match),approved,true,
Touch of the Long Death,subclassFeature,長眠觸,,5eclone.pingstudio.tw (legacy exact ENG_name match),approved,true,
Training in War and Song (Bladesinging),subclassFeature,戰歌訓練 (劍詠),,5eclone.pingstudio.tw (legacy exact ENG_name match),approved,true,
Trance of Order,subclassFeature,序列意識,,5eclone.pingstudio.tw (legacy exact ENG_name match),approved,true,
Tranquility,subclassFeature,凝神境,,5eclone.pingstudio.tw (legacy exact ENG_name match),approved,true,
Transmutation Savant,subclassFeature,變化學者,,5eclone.pingstudio.tw (legacy exact ENG_name match),approved,true,
Transmuter's Stone,subclassFeature,變化師之石,,5eclone.pingstudio.tw (legacy exact ENG_name match),approved,true,
Trickery Domain,subclassFeature,詭術領域,,5eclone.pingstudio.tw (legacy exact ENG_name match),approved,true,
Tundra,subclassFeature,凍原,,5eclone.pingstudio.tw (legacy exact ENG_name match),approved,true,
Twilight Domain,subclassFeature,暮光領域,,5eclone.pingstudio.tw (legacy exact ENG_name match),approved,true,
Twilight Shroud,subclassFeature,暮光守護,,5eclone.pingstudio.tw (legacy exact ENG_name match),approved,true,
Twinkling Constellations,subclassFeature,閃耀星座,,5eclone.pingstudio.tw (legacy exact ENG_name match),approved,true,
Umbral Form,subclassFeature,暗影型態,,5eclone.pingstudio.tw (legacy exact ENG_name match),approved,true,
Umbral Sight,subclassFeature,幽影視覺,,5eclone.pingstudio.tw (legacy exact ENG_name match),approved,true,
Unarmored Defense,subclassFeature,無甲防禦,,5eclone.pingstudio.tw (legacy exact ENG_name match),approved,true,
Unbreakable Majesty,subclassFeature,無敵威嚴,,5eclone.pingstudio.tw (legacy exact ENG_name match),approved,true,
Uncanny Dodge,subclassFeature,直覺閃避,,5eclone.pingstudio.tw (legacy exact ENG_name match),approved,true,
Undead Thralls,subclassFeature,不死奴僕,,5eclone.pingstudio.tw (legacy exact ENG_name match),approved,true,
Undying Nature,subclassFeature,不朽天性,,5eclone.pingstudio.tw (legacy exact ENG_name match),approved,true,
Undying Sentinel,subclassFeature,不朽衛士,,5eclone.pingstudio.tw (legacy exact ENG_name match),approved,true,
Unearthly Recovery,subclassFeature,神祕痊癒,,5eclone.pingstudio.tw (legacy exact ENG_name match),approved,true,
Unerring Accuracy,subclassFeature,神準精確,,5eclone.pingstudio.tw (legacy exact ENG_name match),approved,true,
Unerring Eye,subclassFeature,精準之眼,,5eclone.pingstudio.tw (legacy exact ENG_name match),approved,true,
Unfailing Inspiration,subclassFeature,不竭鼓舞,,5eclone.pingstudio.tw (legacy exact ENG_name match),approved,true,
Universal Speech,subclassFeature,統一言說,,5eclone.pingstudio.tw (legacy exact ENG_name match),approved,true,
Unleash Incarnation,subclassFeature,釋放化身,,5eclone.pingstudio.tw (legacy exact ENG_name match),approved,true,
Unsettling Words,subclassFeature,擾神之詞,,5eclone.pingstudio.tw (legacy exact ENG_name match),approved,true,
Unstable Backlash,subclassFeature,無常反衝,,5eclone.pingstudio.tw (legacy exact ENG_name match),approved,true,
Unwavering Mark,subclassFeature,堅定印記,,5eclone.pingstudio.tw (legacy exact ENG_name match),approved,true,
Unyielding Spirit,subclassFeature,不屈之魂,,5eclone.pingstudio.tw (legacy exact ENG_name match),approved,true,
Use Magic Device,subclassFeature,使用魔法設備,,5eclone.pingstudio.tw (legacy exact ENG_name match),approved,true,
Vengeful Ancestors,subclassFeature,復仇先祖,,5eclone.pingstudio.tw (legacy exact ENG_name match),approved,true,
Versatile Trickster,subclassFeature,萬能詭術,,5eclone.pingstudio.tw (legacy exact ENG_name match),approved,true,
Vigilant Blessing,subclassFeature,警覺賜福,,5eclone.pingstudio.tw (legacy exact ENG_name match),approved,true,
Vigilant Defender,subclassFeature,警戒防衛者,,5eclone.pingstudio.tw (legacy exact ENG_name match),approved,true,
Vigilant Rebuke,subclassFeature,警戒呵斥,,5eclone.pingstudio.tw (legacy exact ENG_name match),approved,true,
Violent Attraction,subclassFeature,狂暴牽引,,5eclone.pingstudio.tw (legacy exact ENG_name match),approved,true,
Visage of the Astral Self,subclassFeature,星我之容,,5eclone.pingstudio.tw (legacy exact ENG_name match),approved,true,
Visions of the Past,subclassFeature,過去之景,,5eclone.pingstudio.tw (legacy exact ENG_name match),approved,true,
Voice of Authority,subclassFeature,權威之音,,5eclone.pingstudio.tw (legacy exact ENG_name match),approved,true,
Volley,subclassFeature,箭雨,,5eclone.pingstudio.tw (legacy exact ENG_name match),approved,true,
Wails from the Grave,subclassFeature,墓穴驚嚎,,5eclone.pingstudio.tw (legacy exact ENG_name match),approved,true,
Walker in Dreams,subclassFeature,夢境行者,,5eclone.pingstudio.tw (legacy exact ENG_name match),approved,true,
War Domain,subclassFeature,戰爭領域,,5eclone.pingstudio.tw (legacy exact ENG_name match),approved,true,
War Magic,subclassFeature,戰爭魔法,,5eclone.pingstudio.tw (legacy exact ENG_name match),approved,true,
War Priest,subclassFeature,戰爭祭司,,5eclone.pingstudio.tw (legacy exact ENG_name match),approved,true,
Warding Flare,subclassFeature,閃耀防護,,5eclone.pingstudio.tw (legacy exact ENG_name match),approved,true,
Warding Maneuver,subclassFeature,防護戰術,,5eclone.pingstudio.tw (legacy exact ENG_name match),approved,true,
Warping Implosion,subclassFeature,扭曲爆裂,,5eclone.pingstudio.tw (legacy exact ENG_name match),approved,true,
Warrior of the Gods,subclassFeature,諸神勇士,,5eclone.pingstudio.tw (legacy exact ENG_name match),approved,true,
Watcher's Will,subclassFeature,守望意志,,5eclone.pingstudio.tw (legacy exact ENG_name match),approved,true,
Way of Mercy,subclassFeature,命流宗,,5eclone.pingstudio.tw (legacy exact ENG_name match),approved,true,
Way of Shadow,subclassFeature,暗影宗,,5eclone.pingstudio.tw (legacy exact ENG_name match),approved,true,
Way of the Astral Self,subclassFeature,星我宗,,5eclone.pingstudio.tw (legacy exact ENG_name match),approved,true,
Way of the Drunken Master,subclassFeature,醉拳宗,,5eclone.pingstudio.tw (legacy exact ENG_name match),approved,true,
Way of the Four Elements,subclassFeature,四象宗,,5eclone.pingstudio.tw (legacy exact ENG_name match),approved,true,
Way of the Kensei,subclassFeature,劍聖宗,,5eclone.pingstudio.tw (legacy exact ENG_name match),approved,true,
Way of the Long Death,subclassFeature,永亡宗,,5eclone.pingstudio.tw (legacy exact ENG_name match),approved,true,
Way of the Open Hand,subclassFeature,散打宗,,5eclone.pingstudio.tw (legacy exact ENG_name match),approved,true,
Way of the Sun Soul,subclassFeature,日魂宗,,5eclone.pingstudio.tw (legacy exact ENG_name match),approved,true,
Weapon Bond,subclassFeature,武器聯結,,5eclone.pingstudio.tw (legacy exact ENG_name match),approved,true,
Whirlwind Attack,subclassFeature,劍刃風暴,,5eclone.pingstudio.tw (legacy exact ENG_name match),approved,true,
Whispers of the Dead,subclassFeature,亡者餘聲,,5eclone.pingstudio.tw (legacy exact ENG_name match),approved,true,
Wholeness of Body,subclassFeature,混元體,,5eclone.pingstudio.tw (legacy exact ENG_name match),approved,true,
Wild Magic,subclassFeature,狂野魔法,,5eclone.pingstudio.tw (legacy exact ENG_name match),approved,true,
Wild Magic Surge,subclassFeature,狂野魔法浪涌,,5eclone.pingstudio.tw (legacy exact ENG_name match),approved,true,
Wild Surge,subclassFeature,狂野浪潮,,5eclone.pingstudio.tw (legacy exact ENG_name match),approved,true,
Wind Soul,subclassFeature,清風之魂,,5eclone.pingstudio.tw (legacy exact ENG_name match),approved,true,
Wind Speaker,subclassFeature,風語者,,5eclone.pingstudio.tw (legacy exact ENG_name match),approved,true,
Wizardly Quill,subclassFeature,法師之筆,,5eclone.pingstudio.tw (legacy exact ENG_name match),approved,true,
Wolf,subclassFeature,狼,,5eclone.pingstudio.tw (legacy exact ENG_name match),approved,true,
Words of Terror,subclassFeature,駭人言詞,,5eclone.pingstudio.tw (legacy exact ENG_name match),approved,true,
Wrath of the Storm,subclassFeature,風暴狂怒,,5eclone.pingstudio.tw (legacy exact ENG_name match),approved,true,
Writhing Tide,subclassFeature,翻騰浪涌,,5eclone.pingstudio.tw (legacy exact ENG_name match),approved,true,
Zealous Presence,subclassFeature,狂熱之姿,,5eclone.pingstudio.tw (legacy exact ENG_name match),approved,true,
Armor,ui,護甲,,community,approved,true,
Cantrips Known,ui,已知戲法,,community,approved,true,
Class,ui,職業,,5eclone; project glossary,approved,true,
Class Features,ui,職業特性,,community,approved,true,
Class Table,ui,職業表,,project,approved,true,
Classes,ui,職業,,5eclone; project glossary,approved,true,
Core Rules,ui,核心規則,,project,approved,true,
Equipment,ui,裝備,,community,approved,true,
Features,ui,特性,,community,approved,true,
Hit Dice,ui,生命骰,,project glossary,approved,true,
Hit Points,ui,生命值,,project glossary,approved,true,
Hit Points at 1st Level,ui,1 級生命值,,project,approved,true,
Hit Points at Higher Levels,ui,較高等級生命值,,project,approved,true,
Legacy Content,ui,舊版內容,,project,approved,true,
Level,ui,等級,,project glossary,approved,true,
Multiclassing,ui,多職,,community,approved,true,
Optional Features,ui,可選特性,,project,approved,true,
Prerequisites,ui,先決條件,,project,approved,true,
Proficiencies,ui,熟練項,,5eclone,approved,true,
Proficiencies Gained,ui,獲得的熟練項,,project,approved,true,
Proficiency Bonus,ui,熟練加值,,project glossary,approved,true,
Quick Build,ui,快速創角,,project,approved,true,
Reprinted,ui,已再版,,project,approved,true,
Saving Throws,ui,豁免檢定,,project glossary,approved,true,
Skills,ui,技能,,community,approved,true,
Sources,ui,來源,,project glossary,approved,true,
Spell Slots per Spell Level,ui,各環法術位,,project,approved,true,
Spellcasting,ui,施法,,project glossary,approved,true,
Spells Known,ui,已知法術,,community,approved,true,
Starting Equipment,ui,初始裝備,,5eclone,approved,true,
Subclass,ui,子職業,,community,approved,true,
Subclass Features,ui,子職業特性,,community,approved,true,
Subclasses,ui,子職業,,community,approved,true,
Tools,ui,工具,,community,approved,true,
View All Subclasses,ui,檢視所有子職業,,project,approved,true,
Weapons,ui,武器,,community,approved,true,
